S,tA,tB,synA,synB
"(np.int64(0), np.int64(1), np.int64(2))",14.654115936539224,12.441972752725086,0.03711996177549737,0.03283185188261106
"(np.int64(0), np.int64(1), np.int64(6))",10.587708800803068,10.68679833016685,0.06820246415344466,0.05403888053465322
"(np.int64(0), np.int64(1), np.int64(7))",6.263240100505777,7.0937837842477185,0.05773470896465083,0.040748766970546635
"(np.int64(0), np.int64(1), np.int64(10))",12.539707448651503,9.648932933106671,0.07219284890890287,0.0552525547163647
"(np.int64(0), np.int64(1), np.int64(13))",10.26848856728691,8.364905725843034,0.06553428195367861,0.041382397505539625
"(np.int64(0), np.int64(1), np.int64(17))",5.358415531214665,6.293706323211304,0.049581936268574545,0.04001711243090367
"(np.int64(0), np.int64(1), np.int64(20))",24.76568338044866,20.765998472786098,0.07603473709899033,0.04392759584679795
"(np.int64(0), np.int64(1), np.int64(21))",4.352018912041859,5.094478858278618,0.013454988536196866,0.04456437668723989
"(np.int64(0), np.int64(1), np.int64(22))",6.572958546902459,4.440270528259919,0.046621299968017005,0.03249179940829683
"(np.int64(0), np.int64(1), np.int64(25))",3.3064694870520532,3.364447846410116,0.01943232312389831,0.025836080928228533
"(np.int64(0), np.int64(1), np.int64(27))",4.397652944731284,5.00785106791635,0.013599518176685033,0.043940549161364584
"(np.int64(0), np.int64(1), np.int64(28))",7.5724215089635845,5.22543508788666,0.06463743284273382,0.04129142810693687
"(np.int64(0), np.int64(1), np.int64(30))",7.049250050700777,6.98555788898595,0.10647081293555727,0.06811437860866443
"(np.int64(0), np.int64(1), np.int64(32))",6.242319039423213,4.441550854941908,0.02201651750555389,0.031123962445348097
"(np.int64(0), np.int64(1), np.int64(34))",6.913119090111013,5.1821707326536695,0.06546932962056717,0.02593058931370229
"(np.int64(0), np.int64(1), np.int64(41))",3.8916113634947314,2.0905582318555647,0.008611838310942255,0.005878633103753472
"(np.int64(0), np.int64(2), np.int64(4))",9.384472031056305,8.305313690848049,0.10673619329212347,0.09431237034408602
"(np.int64(0), np.int64(2), np.int64(7))",8.380892472016992,7.7092050101394705,0.041927114778003705,0.051098045118703306
"(np.int64(0), np.int64(2), np.int64(14))",12.845398613892277,10.50081048729872,0.036443082504634905,0.03193356566144823
"(np.int64(0), np.int64(2), np.int64(23))",2.1252770322701995,3.1825191548957004,0.037566435941821075,0.04266375604755779
"(np.int64(0), np.int64(2), np.int64(25))",6.166691951152127,5.986230145196653,0.041555928540626064,0.05013560927744376
"(np.int64(0), np.int64(2), np.int64(36))",9.71161778383787,10.09724892885907,0.025772711815951088,0.028608753161656564
"(np.int64(0), np.int64(3), np.int64(4))",6.715593809188212,5.200717190491137,0.08778508973252352,0.06338656660730158
"(np.int64(0), np.int64(3), np.int64(7))",6.786971918273173,6.98145518970033,0.037330438273412425,0.039845010493568145
"(np.int64(0), np.int64(3), np.int64(8))",3.2268688573291513,7.35305621635094,0.06474922547637207,0.05746862031085176
"(np.int64(0), np.int64(3), np.int64(20))",15.515436713214447,10.812184052848325,0.05510639314127841,0.054723649243172634
"(np.int64(0), np.int64(3), np.int64(25))",4.747736017907093,4.998519312280046,0.024372306205908134,0.021315824151957652
"(np.int64(0), np.int64(3), np.int64(27))",3.796789021242341,6.306679197254433,-0.005996922676090866,0.04622058754248071
"(np.int64(0), np.int64(3), np.int64(36))",6.797215668433455,7.883623999455513,0.017376458070367362,0.02376001055040866
"(np.int64(0), np.int64(3), np.int64(41))",4.1743879329769,3.4237808414104824,0.005891175898417811,0.009047630224739311
"(np.int64(0), np.int64(3), np.int64(42))",5.396818084997199,6.962235969602824,0.09106285150682114,0.0935666969850052
"(np.int64(0), np.int64(4), np.int64(9))",8.01080328212642,6.73492715896342,0.05436518232174237,0.056852236451477745
"(np.int64(0), np.int64(4), np.int64(12))",10.062984280376751,8.746139676206372,0.10469310686387334,0.07480065305447925
"(np.int64(0), np.int64(4), np.int64(15))",16.142499806631147,14.390215817774026,0.061096944500288575,0.046631216353461125
"(np.int64(0), np.int64(4), np.int64(28))",10.462303644757133,9.51380760180886,0.04284416595789409,0.02822126443311601
"(np.int64(0), np.int64(4), np.int64(30))",17.93925383648986,16.561175825655276,0.03871737486235527,0.06952549256878127
"(np.int64(0), np.int64(4), np.int64(31))",12.859239815551318,11.03139101011969,0.08452155463843736,0.062366153075874564
"(np.int64(0), np.int64(4), np.int64(32))",12.859274507898924,11.031348633662311,0.08452123910439635,0.06236696501369665
"(np.int64(0), np.int64(4), np.int64(37))",9.950698333511069,8.468513917796447,0.03663860309314437,0.04772416028610049
"(np.int64(0), np.int64(5), np.int64(21))",7.086610784655387,6.538567632902109,0.005239213046581148,0.03354040882819931
"(np.int64(0), np.int64(5), np.int64(27))",7.145848784108329,6.5568188673984915,-2.8464708987097076e-05,0.035583040540891786
"(np.int64(0), np.int64(5), np.int64(28))",2.294683895559665,1.7354658921801946,0.05851596788159896,0.03173017349444007
"(np.int64(0), np.int64(5), np.int64(32))",8.115710118770572,6.079365228001559,0.054593783485081815,0.0764750649381849
"(np.int64(0), np.int64(5), np.int64(34))",6.479378436085442,4.276670628429933,0.018856902430709144,0.01693089486227839
"(np.int64(0), np.int64(5), np.int64(38))",11.245721284155708,13.507889578562466,0.0246684125216049,0.03603675392328054
"(np.int64(0), np.int64(5), np.int64(40))",8.54643857327017,11.465841874147912,0.027903873377037813,0.0458877482805885
"(np.int64(0), np.int64(5), np.int64(41))",3.5523059788671945,4.1205018361963335,0.003932831346200594,0.006501472373976469
"(np.int64(0), np.int64(6), np.int64(20))",14.447270455368557,15.53271935627634,0.06340153976526552,0.08466205111191916
"(np.int64(0), np.int64(6), np.int64(21))",8.200223766114252,9.417084732165957,0.0028878398471962052,0.031710580011912626
"(np.int64(0), np.int64(6), np.int64(26))",3.679559235478411,5.277752035641904,0.07828327093330545,0.0548061567647149
"(np.int64(0), np.int64(6), np.int64(32))",3.9577821887794307,2.7056710251889218,0.08274956647445697,0.06814930056452773
"(np.int64(0), np.int64(6), np.int64(36))",3.2025147270538596,2.319336864594411,0.03712832159527857,0.039775348066121374
"(np.int64(0), np.int64(6), np.int64(39))",17.757610027225763,22.778340567338834,0.03943448400000571,0.03594725881595484
"(np.int64(0), np.int64(6), np.int64(43))",10.758706899743776,13.485964554663285,0.03155813691248399,0.018675153260604316
"(np.int64(0), np.int64(7), np.int64(10))",3.191265361995739,3.452634023369334,0.09476867979727532,0.06952791609827969
"(np.int64(0), np.int64(7), np.int64(15))",10.856412355770656,9.854129509783238,0.03196976859489886,0.04173631505227904
"(np.int64(0), np.int64(7), np.int64(22))",7.970635382770801,6.7470431790954475,0.029195884853543297,0.0254186412170625
"(np.int64(0), np.int64(8), np.int64(14))",7.587940307706276,7.139116487844597,0.03369108420902678,0.03414892116265389
"(np.int64(0), np.int64(8), np.int64(19))",11.375941393714289,10.374437766598072,0.04539858334251279,0.05131484719247181
"(np.int64(0), np.int64(8), np.int64(20))",11.755052162131044,10.23292793220566,0.04430322290330346,0.05913816863753463
"(np.int64(0), np.int64(8), np.int64(26))",3.381698146006338,7.532124951220316,0.027240193279748803,0.04106663630526486
"(np.int64(0), np.int64(8), np.int64(35))",3.260322403633217,5.766024750956303,0.014619899030341,0.02005668378694858
"(np.int64(0), np.int64(8), np.int64(37))",3.590406085348841,5.181791263688811,0.03569763942866966,0.030603207070442062
"(np.int64(0), np.int64(8), np.int64(39))",12.159053907673284,11.145399156990399,0.03531261134718422,0.017733104974132052
"(np.int64(0), np.int64(9), np.int64(23))",8.218151911948823,3.9907477268024714,0.015013306171950402,0.023327578845773522
"(np.int64(0), np.int64(9), np.int64(24))",5.5718094650537,1.855320584927362,0.062135357747873154,0.04297004854221442
"(np.int64(0), np.int64(9), np.int64(25))",3.782676462345431,4.531499470081149,0.04423490001730046,0.016058326028912884
"(np.int64(0), np.int64(9), np.int64(39))",12.162788217160992,8.780435139958163,0.04814320613724754,0.03842556492656701
"(np.int64(0), np.int64(10), np.int64(14))",10.44286135275667,9.70098325157613,0.20974815476016717,0.20273213860790074
"(np.int64(0), np.int64(10), np.int64(17))",7.79623875832536,7.741433628188188,0.09438800537559544,0.06913185720411963
"(np.int64(0), np.int64(10), np.int64(20))",13.760116066855192,12.79027645893071,0.33251412456223695,0.29941519667098404
"(np.int64(0), np.int64(10), np.int64(23))",3.251221604106142,4.7067840458523005,0.03909970711787514,0.036350091767937354
"(np.int64(0), np.int64(10), np.int64(24))",3.63300949163673,4.494339340494449,0.10904145948744481,0.10274272912845217
"(np.int64(0), np.int64(10), np.int64(32))",12.212001912438943,11.537280446609506,0.06517804465410759,0.07583425039110625
"(np.int64(0), np.int64(10), np.int64(37))",8.714165767272998,9.294715557475353,0.07873517120523599,0.09066194567141783
"(np.int64(0), np.int64(10), np.int64(38))",14.844653814641012,15.360289883618536,0.1342532372756674,0.16886013181766624
"(np.int64(0), np.int64(10), np.int64(43))",9.256145385782045,9.9653320524945,0.04576710361658476,0.05873430370464494
"(np.int64(0), np.int64(11), np.int64(12))",8.989230757700634,7.169267207128373,0.07872089288450479,0.08264328586819503
"(np.int64(0), np.int64(11), np.int64(14))",10.14386171221066,9.483895604763115,0.061182600398531184,0.054797656538071005
"(np.int64(0), np.int64(11), np.int64(19))",11.14265739035029,10.612542092382235,0.028121786333879406,0.03104449451418234
"(np.int64(0), np.int64(11), np.int64(21))",7.906622283146091,4.0262645809946305,0.004011218401165806,0.0500322471415412
"(np.int64(0), np.int64(11), np.int64(27))",9.326875458839927,4.757345373087332,0.0203984646040537,0.047223206174413446
"(np.int64(0), np.int64(11), np.int64(33))",6.663237809890151,4.3548062817030635,0.10970821678954013,0.09055372227130898
"(np.int64(0), np.int64(11), np.int64(34))",6.849302264551143,6.69735779232527,0.046050730523123584,0.019531353584278044
"(np.int64(0), np.int64(11), np.int64(37))",7.8931110634982975,4.797102881897649,0.08965245423839807,0.08257974447836103
"(np.int64(0), np.int64(11), np.int64(42))",6.646004008957265,4.656756008139125,0.03642256271605537,0.045669028852129756
"(np.int64(0), np.int64(12), np.int64(16))",6.240218163474246,6.812688416290272,0.03348503991364038,0.041014057672673854
"(np.int64(0), np.int64(12), np.int64(19))",6.73257005024937,5.977406098673465,0.02787917075797619,0.04031860536491727
"(np.int64(0), np.int64(12), np.int64(30))",13.101608506789848,10.532627499243675,0.021988999833947642,0.024378601273310707
"(np.int64(0), np.int64(12), np.int64(37))",7.49560684977793,7.658049902011279,0.07164837996127127,0.0358893560665724
"(np.int64(0), np.int64(12), np.int64(40))",15.59884951563706,15.930710610696904,0.0426702443654553,0.048175860173786944
"(np.int64(0), np.int64(13), np.int64(21))",8.999483391980451,6.188583422767353,0.0038347673884532307,0.042555125894443546
"(np.int64(0), np.int64(13), np.int64(28))",5.984997400080727,3.7378480642129803,0.03225686523908389,0.016447761719407428
"(np.int64(0), np.int64(13), np.int64(30))",9.406788299332185,7.566059565157159,0.03309749367439563,0.04541952811965222
"(np.int64(0), np.int64(13), np.int64(32))",6.412871396864918,4.476790599544149,0.07910045571983804,0.07211224081850132
"(np.int64(0), np.int64(13), np.int64(33))",6.801331739167588,5.516223483494862,0.0755252021694629,0.07017606163750834
"(np.int64(0), np.int64(13), np.int64(40))",11.999362692903155,14.05662205947152,0.052446175601029266,0.03602916583320248
"(np.int64(0), np.int64(14), np.int64(16))",14.72312684000344,12.77527363840042,0.017004789106156215,0.021112760158812804
"(np.int64(0), np.int64(14), np.int64(26))",9.993394822747279,13.42477006213345,0.07071326818992196,0.07261009343473901
"(np.int64(0), np.int64(14), np.int64(28))",6.944790181914883,5.714718965189589,0.05726640183120102,0.0438866192957581
"(np.int64(0), np.int64(14), np.int64(31))",5.213711091160129,7.03574386284007,0.1296336235647645,0.13234624285964192
"(np.int64(0), np.int64(14), np.int64(34))",6.0720033254721,6.3549856154635656,0.03293194474292993,0.023999774733246437
"(np.int64(0), np.int64(14), np.int64(35))",6.0720033254721,6.3549856154635656,0.03293194474292993,0.023999774733246437
"(np.int64(0), np.int64(14), np.int64(38))",11.534894044599243,13.895739833399373,0.0911421374218836,0.06729301148248512
"(np.int64(0), np.int64(14), np.int64(42))",6.827836565144542,7.777133819753455,0.02726925487817189,0.037066305779191566
"(np.int64(0), np.int64(14), np.int64(43))",14.339949887439424,10.906517206503363,0.028331599891994186,0.027027508001157163
"(np.int64(0), np.int64(15), np.int64(16))",13.681996600312257,15.012853738247655,0.03373631865235982,0.026341942591289302
"(np.int64(0), np.int64(15), np.int64(25))",4.921418349912523,4.373989289122472,0.0361681192441341,0.023585941726314674
"(np.int64(0), np.int64(15), np.int64(29))",8.258512319051196,4.881112651686773,0.06427397004162883,0.0724198428093118
"(np.int64(0), np.int64(15), np.int64(32))",8.2522256164443,6.167771682716174,0.05426559180631707,0.05080776371546747
"(np.int64(0), np.int64(15), np.int64(33))",8.50239768158423,6.796465702513561,0.05342836733951262,0.06255113569721171
"(np.int64(0), np.int64(15), np.int64(34))",8.014995236463442,4.406205424104787,0.018047188117356616,0.017382836848194305
"(np.int64(0), np.int64(15), np.int64(41))",4.094551870122888,3.92506931218049,0.004262527385689552,0.005350833510264441
"(np.int64(0), np.int64(15), np.int64(43))",10.966632116428165,12.342293131102338,0.02922108625758746,0.04138528195629909
"(np.int64(0), np.int64(16), np.int64(18))",9.333741383248201,9.887707697582497,0.06973787823053157,0.0487566050610343
"(np.int64(0), np.int64(16), np.int64(22))",4.144324312001141,4.088778568686845,0.037948357684557954,0.03811628397589373
"(np.int64(0), np.int64(16), np.int64(23))",4.255791607435741,4.817278785908824,0.012411344347609155,0.012806630990383705
"(np.int64(0), np.int64(16), np.int64(30))",12.265740669177019,8.025800994178455,0.01846558019965816,0.0398260712977937
"(np.int64(0), np.int64(16), np.int64(35))",4.5252722393124385,4.810469420792733,0.030998001590389457,0.034624640779240434
"(np.int64(0), np.int64(16), np.int64(36))",4.5252722393124385,4.810469420792733,0.030998001590389457,0.034624640779240434
"(np.int64(0), np.int64(16), np.int64(39))",12.97890997070836,11.755464238404251,0.043031886109001105,0.041951912178299855
"(np.int64(0), np.int64(17), np.int64(23))",6.808665521186062,4.711343047301799,0.016950767519325893,0.02054986394467373
"(np.int64(0), np.int64(17), np.int64(28))",7.536073225112019,4.556700781820339,0.017147050133857755,0.018869624993289036
"(np.int64(0), np.int64(17), np.int64(33))",5.350068512499629,4.281013087895117,0.026684106887307824,0.02839620848074842
"(np.int64(0), np.int64(17), np.int64(35))",3.4639682374633565,4.671612670728799,0.017555184620040576,0.011271353806948325
"(np.int64(0), np.int64(18), np.int64(20))",8.769013357740015,5.855138125009364,0.03780821332720152,0.031393698532943715
"(np.int64(0), np.int64(18), np.int64(21))",8.29771445098336,4.401359237905746,0.0035162003127102714,0.03982790378901324
"(np.int64(0), np.int64(18), np.int64(30))",12.202822484097094,16.977576143185455,0.05991020140511982,0.03818188209316864
"(np.int64(0), np.int64(18), np.int64(39))",11.336539481239948,12.398365355723866,0.054056257477602676,0.04011058812679258
"(np.int64(0), np.int64(18), np.int64(40))",11.191551188398684,13.635672406701492,0.05158390821883785,0.05343062455436709
"(np.int64(0), np.int64(18), np.int64(41))",3.459538477524465,2.3624810109262593,0.004334782985160768,0.008644451936061337
"(np.int64(0), np.int64(19), np.int64(22))",4.660067760617278,3.2358279577566194,0.04869044785217935,0.054650232791511044
"(np.int64(0), np.int64(19), np.int64(23))",5.365190151390844,3.679649424080981,0.01957533226301933,0.02253363687199883
"(np.int64(0), np.int64(19), np.int64(27))",5.375184759642222,5.037505593159208,0.007009154160814157,0.03822211796713726
"(np.int64(0), np.int64(19), np.int64(29))",10.785684464424621,6.794761087306836,0.0623028711927055,0.04759645571811122
"(np.int64(0), np.int64(19), np.int64(30))",12.27686807733177,5.9088486813349625,0.06333865011699802,0.05040649242401729
"(np.int64(0), np.int64(19), np.int64(31))",6.884768675856224,5.356902125666971,0.04588084969703188,0.05206659005839864
"(np.int64(0), np.int64(19), np.int64(36))",4.872423324275254,3.9053336422342317,0.03925531617706857,0.020397330090816346
"(np.int64(0), np.int64(20), np.int64(23))",5.679739648034016,3.8895120640497267,0.01717999553759242,0.020634905589677066
"(np.int64(0), np.int64(20), np.int64(26))",7.801522199845835,13.119917071559685,0.03883226268353168,0.04109182680095724
"(np.int64(0), np.int64(20), np.int64(29))",10.229497112857441,6.699913979999799,0.06362899506001474,0.053531184943603316
"(np.int64(0), np.int64(20), np.int64(32))",7.2451362179727665,6.746201322550408,0.050296222585088035,0.055994588730780004
"(np.int64(0), np.int64(20), np.int64(42))",10.967388587295837,7.495136903132226,0.04548385611375294,0.055644828925833445
"(np.int64(0), np.int64(21), np.int64(22))",5.299315234014815,6.002232137636067,0.0077408694517482335,0.03393458409287886
"(np.int64(0), np.int64(21), np.int64(31))",4.764077548433396,4.436094226295577,0.002886666619359546,0.03662687522528807
"(np.int64(0), np.int64(22), np.int64(23))",1.9154710794733119,2.216271517800314,0.01407401743102743,0.010224615266716697
"(np.int64(0), np.int64(22), np.int64(30))",4.337137022904191,3.606521645493786,0.03448271620326271,0.021534594440151267
"(np.int64(0), np.int64(22), np.int64(32))",5.456346081333644,2.8203341142806164,0.050728681527187236,0.057616795043256674
"(np.int64(0), np.int64(22), np.int64(35))",4.6904031552242795,2.702274078320117,0.012129577678063552,0.024036104949313297
"(np.int64(0), np.int64(22), np.int64(40))",6.054792868786779,5.729572154543843,0.0266659262183625,0.026059429289221447
"(np.int64(0), np.int64(23), np.int64(25))",10.516248241711638,2.4148237930988667,0.0049869067933822064,0.004729121244000489
"(np.int64(0), np.int64(23), np.int64(28))",2.3181947759331183,2.0630395189282447,0.016319249735906594,0.010405675878845222
"(np.int64(0), np.int64(23), np.int64(31))",3.142559362541931,5.147960072975507,0.016756810514513498,0.01552875155223743
"(np.int64(0), np.int64(23), np.int64(33))",3.7850477858105394,5.782857582958571,0.029221332185706328,0.031182745707462822
"(np.int64(0), np.int64(23), np.int64(36))",3.1155947736677705,2.0605394727450075,0.011275936495118488,0.00721668691088706
"(np.int64(0), np.int64(23), np.int64(40))",6.1190676159313755,8.089134048099593,0.023420040631258354,0.015870067699262913
"(np.int64(0), np.int64(23), np.int64(43))",10.398379027397043,4.290723617257769,0.03389588129587762,0.011930085667656076
"(np.int64(0), np.int64(24), np.int64(25))",4.782054723732431,2.7456738343601805,0.025773561140093104,0.02442208652878608
"(np.int64(0), np.int64(24), np.int64(27))",10.2074731161875,5.090959006405692,0.009524285623998319,0.06251163568296247
"(np.int64(0), np.int64(24), np.int64(38))",7.889149614295945,10.94581164019749,0.02893554704323198,0.024581309591795386
"(np.int64(0), np.int64(24), np.int64(39))",16.64811298600423,14.366295523545451,0.03765358273777053,0.040800249844521574
"(np.int64(0), np.int64(24), np.int64(43))",4.88102340132929,4.250970283487839,0.048717439395547735,0.028565049909631823
"(np.int64(0), np.int64(25), np.int64(32))",3.160141568138332,3.3550016298184313,0.02041089368246707,0.014844681939906401
"(np.int64(0), np.int64(25), np.int64(37))",6.601753500996088,7.2583137350725435,0.01370377686176738,0.005521484445365821
"(np.int64(0), np.int64(25), np.int64(39))",9.249769863766476,4.420032683681845,0.02284767591476733,0.027433838523820087
"(np.int64(0), np.int64(26), np.int64(27))",8.798586370481724,5.805872424810803,0.033138344672068665,0.018541137859163004
"(np.int64(0), np.int64(26), np.int64(28))",2.8838758029002944,4.6449957765160175,0.04934766229731047,0.038352717575631856
"(np.int64(0), np.int64(26), np.int64(38))",10.283160912132557,7.545816433503618,0.03894227586283372,0.03282343586812364
"(np.int64(0), np.int64(27), np.int64(28))",5.056881423273501,8.949146241864591,0.006131166665363952,0.04320187128386421
"(np.int64(0), np.int64(27), np.int64(31))",4.832193488783549,4.139831407222386,0.002046765241047299,0.03426106752435276
"(np.int64(0), np.int64(27), np.int64(38))",6.03338999742756,6.954647073571217,0.09720756178977774,0.022962436652744667
"(np.int64(0), np.int64(28), np.int64(29))",3.5881335215459362,2.0601473599018902,0.020526189983004817,0.02679205787336225
"(np.int64(0), np.int64(28), np.int64(36))",3.65340139080674,2.350871835949646,0.013050830216908449,0.028026070524091673
"(np.int64(0), np.int64(28), np.int64(40))",3.9988549520241436,4.210508006655402,0.0373805064666094,0.025553796736786927
"(np.int64(0), np.int64(29), np.int64(36))",9.035862029317519,5.857458620958036,0.03342408666758201,0.014141983344335585
"(np.int64(0), np.int64(29), np.int64(37))",6.263499308372965,4.7715662872213995,0.03493892425659251,0.023665522380245108
"(np.int64(0), np.int64(30), np.int64(34))",7.954320764930426,4.44631994848643,0.038613038783474884,0.020970470977331956
"(np.int64(0), np.int64(30), np.int64(40))",9.778096972026919,7.7956927363891175,0.02790481749836271,0.08155962234907566
"(np.int64(0), np.int64(31), np.int64(34))",5.574128961755828,6.288089741271026,0.023132206438313596,0.021768631087577872
"(np.int64(0), np.int64(32), np.int64(35))",5.574064331725365,6.287909155822411,0.023130617296109324,0.021770309161867285
"(np.int64(0), np.int64(32), np.int64(38))",6.489278463877026,5.194251152262398,0.1434598503921758,0.12005440436841286
"(np.int64(0), np.int64(32), np.int64(43))",4.925734643802272,3.841395219804304,0.04027082175848462,0.030318168201148632
"(np.int64(0), np.int64(33), np.int64(34))",5.715675396462967,6.677614795004041,0.024813849968144508,0.017635436152661166
"(np.int64(0), np.int64(33), np.int64(36))",5.715675396462967,6.677614795004041,0.024813849968144508,0.017635436152661166
"(np.int64(0), np.int64(33), np.int64(43))",4.337893017694519,3.8598541917935,0.04127743219544178,0.027142785888042087
"(np.int64(0), np.int64(34), np.int64(36))",4.683124381287796,4.876157402460503,0.00013116148829095398,0.00024129750535029082
"(np.int64(0), np.int64(34), np.int64(37))",6.461651145829743,4.019026153091551,0.011498296192884672,0.006803672332606148
"(np.int64(0), np.int64(35), np.int64(37))",6.461651145829743,4.019026153091551,0.011498296192884672,0.006803672332606148
"(np.int64(0), np.int64(35), np.int64(42))",4.428574219527218,4.2104117831629715,0.02667122035967473,0.014499929087778973
"(np.int64(0), np.int64(36), np.int64(37))",6.461651145829743,4.019026153091551,0.011498296192884672,0.006803672332606148
"(np.int64(0), np.int64(36), np.int64(40))",7.008926169139323,8.29333108748887,0.008236447731418517,0.015358366937971213
"(np.int64(0), np.int64(36), np.int64(42))",4.428574219527218,4.2104117831629715,0.02667122035967473,0.014499929087778973
"(np.int64(0), np.int64(36), np.int64(43))",5.934636149329031,5.661631446197864,0.016473247492540866,0.015297494224784325
"(np.int64(0), np.int64(37), np.int64(40))",16.65090629608195,7.466937498534122,0.028750493090625717,0.018134783615364247
"(np.int64(0), np.int64(37), np.int64(41))",1.5155688035086752,2.966120404624106,0.0088006610683945,0.019549014401890608
"(np.int64(0), np.int64(38), np.int64(39))",8.777425593344999,7.464679795785666,0.026538744127308944,0.010992520806278328
"(np.int64(0), np.int64(39), np.int64(41))",6.539187239887826,3.846786163155386,0.005255903280365515,0.006609336318279091
"(np.int64(0), np.int64(41), np.int64(42))",3.2627385717031863,3.5133995278230143,0.005369218172397439,0.011476183281326824
"(np.int64(1), np.int64(2), np.int64(4))",4.203449501268584,5.640888044372385,0.04243166707095858,0.05689147832419561
"(np.int64(1), np.int64(2), np.int64(5))",7.413425123307023,7.603958875675935,0.06457088438482717,0.05297500039282366
"(np.int64(1), np.int64(2), np.int64(14))",13.982985265242313,11.648253039053452,0.06059810854597891,0.06015796554954589
"(np.int64(1), np.int64(2), np.int64(18))",8.228750693478526,4.235523303383619,0.026454077623045746,0.039496925011993644
"(np.int64(1), np.int64(2), np.int64(31))",8.163252346742711,5.955823878307512,0.06548012058235753,0.06604746315836585
"(np.int64(1), np.int64(2), np.int64(32))",8.163353113285382,5.955773123620556,0.06548081974088393,0.06604422523952713
"(np.int64(1), np.int64(2), np.int64(38))",15.30929105258633,12.5584968638711,0.06445829292923688,0.047518496810503796
"(np.int64(1), np.int64(2), np.int64(39))",12.370982028631563,10.115879276791674,0.04498417496104479,0.03429830468703554
"(np.int64(1), np.int64(2), np.int64(42))",7.464040574202797,5.869621621276971,0.0205708095183339,0.019362084268020552
"(np.int64(1), np.int64(3), np.int64(5))",8.66719931661625,9.942543337629614,0.060999376709725106,0.052102751782602486
"(np.int64(1), np.int64(3), np.int64(6))",6.939007182401329,7.421305822451597,0.060573903473695734,0.04883291077920804
"(np.int64(1), np.int64(3), np.int64(8))",3.493754128468249,7.735783250874452,0.049269647650315274,0.049876720772090155
"(np.int64(1), np.int64(3), np.int64(14))",12.38699008614009,9.784308753118431,0.07412469889646378,0.060919143197526227
"(np.int64(1), np.int64(3), np.int64(17))",7.8982901398045815,5.26168246136952,0.057130117448408235,0.055012595768421435
"(np.int64(1), np.int64(3), np.int64(18))",6.890429770926108,5.800956705169168,0.0305861305324574,0.03674938647941861
"(np.int64(1), np.int64(3), np.int64(24))",9.38450567240763,10.732973692798897,0.07062009692964855,0.03475970150145524
"(np.int64(1), np.int64(3), np.int64(27))",6.258397597650678,5.416951296968813,-0.0001668887614214576,0.02908969500031633
"(np.int64(1), np.int64(3), np.int64(30))",6.070991652191899,5.90571289103621,0.013442101108459559,0.12307480880836053
"(np.int64(1), np.int64(3), np.int64(31))",7.929699452978807,5.341806646341557,0.07893702259314173,0.09220525911152133
"(np.int64(1), np.int64(3), np.int64(32))",7.9294677105695275,5.341461945589132,0.07893432141760715,0.09220606392561226
"(np.int64(1), np.int64(4), np.int64(9))",4.6189933587610925,5.643718101167629,0.12251134465958358,0.12738793819485972
"(np.int64(1), np.int64(4), np.int64(10))",17.466407841023795,17.016815254894812,0.06167675199083722,0.07706921366563568
"(np.int64(1), np.int64(4), np.int64(19))",23.55965807564732,19.64711789823451,0.1577158710235177,0.11940607279180604
"(np.int64(1), np.int64(4), np.int64(20))",23.80011328277661,19.873881952456433,0.15132564725307618,0.10792043388051165
"(np.int64(1), np.int64(4), np.int64(25))",4.604351732919652,3.4879828798902177,0.01594322891315325,0.016781130596620453
"(np.int64(1), np.int64(4), np.int64(30))",9.401199051955155,7.197277422752866,0.033312231799575875,0.07778096721161509
"(np.int64(1), np.int64(4), np.int64(35))",8.50828280774005,6.050842903833384,0.04687323207267635,0.03122091968253471
"(np.int64(1), np.int64(4), np.int64(37))",10.146748331403973,9.381909724155832,0.03718087787898505,0.03799164250586107
"(np.int64(1), np.int64(4), np.int64(41))",3.1270263498034856,2.0173098548158266,0.008167086526935652,0.008072761755271496
"(np.int64(1), np.int64(4), np.int64(42))",20.31015478454027,18.95105865951504,0.028519989951814595,0.02485208814693074
"(np.int64(1), np.int64(5), np.int64(10))",10.05492400680062,8.217913227777538,0.10775714984442297,0.10717616828206367
"(np.int64(1), np.int64(5), np.int64(12))",3.5134401205201975,5.688153660556937,0.06985376862158699,0.06181880863887357
"(np.int64(1), np.int64(5), np.int64(23))",7.572034607182436,7.052940066745959,0.008454822297235931,0.008400209998320474
"(np.int64(1), np.int64(5), np.int64(31))",7.780284807150152,7.229606384094406,0.11096070133696379,0.13321791020942553
"(np.int64(1), np.int64(5), np.int64(35))",6.14967985420682,5.486305927804259,0.05784603394991117,0.027320388409489804
"(np.int64(1), np.int64(5), np.int64(42))",9.433100208220372,10.317313093478232,0.07536091177672044,0.054294470160976216
"(np.int64(1), np.int64(6), np.int64(10))",12.617936306536322,13.678289239151463,0.07052013493000975,0.09155403662951167
"(np.int64(1), np.int64(6), np.int64(26))",4.711817817840043,4.850110418089126,0.05658667515665461,0.04180787219834714
"(np.int64(1), np.int64(6), np.int64(42))",4.166778679765411,6.6599568689443265,0.04104774082850726,0.037499517293340556
"(np.int64(1), np.int64(7), np.int64(8))",5.483404373258071,5.54315990551061,0.044196457517321264,0.034706709627003396
"(np.int64(1), np.int64(7), np.int64(12))",9.273851278921768,9.488951468826963,0.03099167137178671,0.02277565857234387
"(np.int64(1), np.int64(7), np.int64(19))",5.47991680641938,6.519706724860097,0.12930669813033846,0.14164936524887983
"(np.int64(1), np.int64(7), np.int64(28))",6.359352738676672,5.522992389144891,0.07875076164197559,0.04090834832683876
"(np.int64(1), np.int64(7), np.int64(31))",5.908973481273749,4.899018990598525,0.07071451831336906,0.05434831044424071
"(np.int64(1), np.int64(7), np.int64(36))",3.8572632869074317,5.948859906470586,0.04732561268160895,0.02686482984330618
"(np.int64(1), np.int64(8), np.int64(9))",3.7571641005161505,4.9373070163990045,0.026971345105770372,0.028648086749835766
"(np.int64(1), np.int64(8), np.int64(10))",8.739876674322476,7.382118805225306,0.04813770190464339,0.054244001014783216
"(np.int64(1), np.int64(8), np.int64(11))",3.5132302141711045,5.511324111097079,0.044934180549903724,0.05109163996670374
"(np.int64(1), np.int64(8), np.int64(13))",4.451208837597287,4.9694671648263595,0.04707488806288174,0.04733516707386953
"(np.int64(1), np.int64(8), np.int64(15))",7.691651949033679,7.083708140782202,0.042193409135167004,0.03676758555894033
"(np.int64(1), np.int64(8), np.int64(25))",7.929403173795559,4.248552510735325,0.015647801630877645,0.025676845582558117
"(np.int64(1), np.int64(8), np.int64(30))",10.392553646863133,3.706388114240288,0.018188197101739023,0.020390118187892492
"(np.int64(1), np.int64(8), np.int64(35))",5.302688952793182,7.18095736995101,0.049716037293469295,0.025719377580767033
"(np.int64(1), np.int64(8), np.int64(39))",15.533563241586867,9.430655942782113,0.024301702097119127,0.0307337480759603
"(np.int64(1), np.int64(9), np.int64(16))",5.051403100549336,6.608744374725236,0.020281267067319364,0.02417176200912119
"(np.int64(1), np.int64(9), np.int64(17))",5.564408140967519,5.697792630266254,0.03161129348039082,0.0331975104647908
"(np.int64(1), np.int64(9), np.int64(23))",9.063476920987878,4.755431849215419,0.0338759720818429,0.056950979063724594
"(np.int64(1), np.int64(9), np.int64(31))",5.021471020757828,6.097704463454143,0.03264553215597499,0.02548967282301673
"(np.int64(1), np.int64(9), np.int64(34))",7.33811791930528,4.615319093059406,0.02510589880009373,0.01788853019249992
"(np.int64(1), np.int64(9), np.int64(35))",7.33811791930528,4.615319093059406,0.02510589880009373,0.01788853019249992
"(np.int64(1), np.int64(9), np.int64(36))",7.33811791930528,4.615319093059406,0.02510589880009373,0.01788853019249992
"(np.int64(1), np.int64(10), np.int64(11))",10.7162425784093,9.65595852807122,0.06697129352107234,0.07362690026315155
"(np.int64(1), np.int64(10), np.int64(16))",13.243853139858132,11.14729496602138,0.04788030317489622,0.04391509346289024
"(np.int64(1), np.int64(10), np.int64(19))",21.709137858782892,17.917277661592024,0.08765145859807544,0.06352453706765693
"(np.int64(1), np.int64(10), np.int64(23))",2.959367763728864,4.132197500900795,0.046871318426661035,0.03187143846746365
"(np.int64(1), np.int64(10), np.int64(24))",10.7772394476378,9.014673757547705,0.08066681923144126,0.05686432462535129
"(np.int64(1), np.int64(10), np.int64(25))",2.353643260644652,3.844286290213303,0.01685412965880384,0.024058569625666548
"(np.int64(1), np.int64(10), np.int64(40))",10.416424598767405,7.823823373710196,0.10579359125246979,0.08180506768037399
"(np.int64(1), np.int64(10), np.int64(43))",8.955960335216602,8.529247000855301,0.028135294451666626,0.050744024594802206
"(np.int64(1), np.int64(11), np.int64(13))",4.668991889193902,6.3113051114493395,0.032422441957843606,0.029152037743155446
"(np.int64(1), np.int64(11), np.int64(14))",8.621462492884094,7.891180379355664,0.1788551028106351,0.18613280589876524
"(np.int64(1), np.int64(11), np.int64(16))",9.830545032770148,8.616807080148524,0.0840159694728293,0.07224854085420895
"(np.int64(1), np.int64(11), np.int64(22))",3.702379596155916,5.1027495656397885,0.044567859392321774,0.039624488065569285
"(np.int64(1), np.int64(11), np.int64(23))",8.172050097315978,4.953054638630773,0.0314034885729223,0.05044254297045936
"(np.int64(1), np.int64(11), np.int64(29))",19.322764685832958,17.46111803069553,0.16930397376642503,0.10553180650186289
"(np.int64(1), np.int64(11), np.int64(42))",7.826038108685987,6.9723552144227545,0.02585143017094005,0.036500636992085056
"(np.int64(1), np.int64(11), np.int64(43))",7.014866890562729,6.781322317761158,0.05659245187386852,0.06397829273248612
"(np.int64(1), np.int64(12), np.int64(18))",7.31095139719543,4.668239285534762,0.034648434878278844,0.0401394053497659
"(np.int64(1), np.int64(12), np.int64(28))",3.6709223330498104,3.823796946000636,0.052488462895067034,0.03228982089462629
"(np.int64(1), np.int64(12), np.int64(40))",16.876357605235455,12.59689940826412,0.06239270292219268,0.05818087451275844
"(np.int64(1), np.int64(12), np.int64(41))",4.330445562846357,3.6791069247325536,0.007478733931981063,0.016509355679776072
"(np.int64(1), np.int64(13), np.int64(18))",4.367899357668223,5.723900772015067,0.029679107671804705,0.03764135117929335
"(np.int64(1), np.int64(13), np.int64(23))",7.630106911430284,3.7198919917275197,0.015279996730434786,0.032050016542561344
"(np.int64(1), np.int64(13), np.int64(24))",5.992243358242387,6.781483805719755,0.06600858549528354,0.0317210679745753
"(np.int64(1), np.int64(13), np.int64(25))",4.94084026380413,5.0523365696741385,0.015355108575857757,0.02460339243968135
"(np.int64(1), np.int64(13), np.int64(36))",5.4938223274984095,6.650641321886895,0.04039771734484865,0.024340667983448472
"(np.int64(1), np.int64(14), np.int64(17))",5.784354752366978,5.879981175982672,0.12184098490136563,0.10200041023356632
"(np.int64(1), np.int64(14), np.int64(26))",9.672081125682437,12.60172815438394,0.08370695360005764,0.0750424296907759
"(np.int64(1), np.int64(14), np.int64(28))",7.226143968065379,5.594544146763394,0.06117495024088815,0.03484024329171698
"(np.int64(1), np.int64(14), np.int64(29))",7.313231566180874,5.79891192147658,0.026615347306969128,0.06353442001637521
"(np.int64(1), np.int64(14), np.int64(34))",4.653628916786347,3.729343916707737,0.07154524378189908,0.04468015549458437
"(np.int64(1), np.int64(14), np.int64(36))",4.653628916786347,3.729343916707737,0.07154524378189908,0.04468015549458437
"(np.int64(1), np.int64(14), np.int64(38))",15.7853169647548,16.592448707309657,0.14777092577594308,0.06887123197015266
"(np.int64(1), np.int64(15), np.int64(18))",9.051480230472935,8.15802625010032,0.03478453725881259,0.03421994756759361
"(np.int64(1), np.int64(15), np.int64(20))",15.130432093034017,14.550315391350603,0.07815595751868498,0.061601016144835374
"(np.int64(1), np.int64(15), np.int64(21))",6.217289360965145,6.7217181326491895,0.002620704069936086,0.03198263064168705
"(np.int64(1), np.int64(15), np.int64(23))",5.194702112895427,5.913963660351075,0.0087486125059687,0.008091707794863234
"(np.int64(1), np.int64(15), np.int64(26))",10.371051841246832,10.595487439999314,0.05532933301030907,0.05670459600680566
"(np.int64(1), np.int64(15), np.int64(40))",14.284825451364311,12.836164579922775,0.028003789862894424,0.053060085629058173
"(np.int64(1), np.int64(16), np.int64(27))",5.087472248255596,7.0170811582534744,0.012520151766233445,0.030385085287318647
"(np.int64(1), np.int64(16), np.int64(30))",6.599209375533371,6.630281630663813,0.06421727262952359,0.035909298795357425
"(np.int64(1), np.int64(16), np.int64(33))",5.921975673492737,6.019134810691002,0.045047403973601186,0.04266325016945882
"(np.int64(1), np.int64(16), np.int64(39))",12.581002960472134,12.659202546062609,0.04960225676849683,0.03623999175421422
"(np.int64(1), np.int64(16), np.int64(41))",2.41835065340346,2.117278660255276,0.0068007587521932145,0.009191089353490334
"(np.int64(1), np.int64(17), np.int64(18))",5.409530815166342,5.272433698895384,0.0328435506200454,0.03363001593098536
"(np.int64(1), np.int64(17), np.int64(20))",6.450586866723118,5.342175206151855,0.11623532720141949,0.13869766367900727
"(np.int64(1), np.int64(17), np.int64(23))",7.303255596588161,4.302981826578702,0.028740724352683378,0.024363581626781428
"(np.int64(1), np.int64(17), np.int64(24))",6.2378147932615695,7.490454867468741,0.03613651206993107,0.049939262198760326
"(np.int64(1), np.int64(17), np.int64(25))",4.332568238260937,3.3138582760061603,0.012383190161412094,0.02296114129098137
"(np.int64(1), np.int64(17), np.int64(28))",6.072443961839171,5.23011807731654,0.07939294442286704,0.04189166778158415
"(np.int64(1), np.int64(17), np.int64(35))",4.064478947295339,4.906781519890405,0.04971832530738374,0.03049435824171154
"(np.int64(1), np.int64(18), np.int64(24))",4.687077093332601,4.905231333953623,0.029810321046482513,0.029642781002520713
"(np.int64(1), np.int64(18), np.int64(25))",3.1557784327889093,2.8495261261068165,0.01187818828521392,0.007228124152034776
"(np.int64(1), np.int64(18), np.int64(27))",10.759808197864247,4.891474920182929,0.010581847502238562,0.058707911768446364
"(np.int64(1), np.int64(18), np.int64(28))",4.654631892013795,4.576930203583008,0.056629908328959755,0.01972985219414114
"(np.int64(1), np.int64(18), np.int64(29))",15.79688846065684,16.609727203060444,0.051666519645197195,0.07001746257227481
"(np.int64(1), np.int64(18), np.int64(32))",6.02537936083381,7.563767472453597,0.030851108803234162,0.01986912458200063
"(np.int64(1), np.int64(18), np.int64(36))",7.03733396775186,5.2463095467365175,0.02463142241337435,0.01638315300415305
"(np.int64(1), np.int64(18), np.int64(40))",14.128280666742008,15.830264881299216,0.02706896734477504,0.043364038259557036
"(np.int64(1), np.int64(18), np.int64(42))",8.951502121525335,10.118926231411407,0.03529622994948112,0.018609453031312007
"(np.int64(1), np.int64(18), np.int64(43))",8.770339754685704,9.201218326101799,0.04748443615858455,0.04032088177841131
"(np.int64(1), np.int64(19), np.int64(22))",6.738407209007282,3.93659776736473,0.045741100804201684,0.03418513476690577
"(np.int64(1), np.int64(19), np.int64(23))",5.289494018013667,4.8529787603758185,0.026614369012590622,0.03845862024164437
"(np.int64(1), np.int64(19), np.int64(28))",7.640395324579088,5.4548077988673525,0.06021512936064255,0.034986819803483504
"(np.int64(1), np.int64(19), np.int64(35))",7.907084687129594,5.767618969989873,0.0637219610315034,0.04061364053321359
"(np.int64(1), np.int64(19), np.int64(36))",7.907084687129594,5.767618969989873,0.0637219610315034,0.04061364053321359
"(np.int64(1), np.int64(19), np.int64(42))",3.6651058091312847,3.631174449812891,0.1086586926399411,0.07840082813933402
"(np.int64(1), np.int64(19), np.int64(43))",13.889659882691966,10.175074704802393,0.05124758842827504,0.06611464470408968
"(np.int64(1), np.int64(20), np.int64(21))",7.176143849198783,6.538767375520824,0.015212164705341036,0.048554588293257095
"(np.int64(1), np.int64(20), np.int64(34))",7.961093569049215,5.801119615762503,0.06339351583270225,0.04105963956487679
"(np.int64(1), np.int64(20), np.int64(35))",7.961093569049215,5.801119615762503,0.06339351583270225,0.04105963956487679
"(np.int64(1), np.int64(20), np.int64(38))",19.520612989281517,20.660204799403648,0.09653579000566304,0.04995536241495324
"(np.int64(1), np.int64(21), np.int64(22))",4.1737986474423385,3.5637626640266586,0.01811540168160597,0.04897877798332395
"(np.int64(1), np.int64(21), np.int64(24))",10.638400184373086,4.386695328828839,-5.8940898709169964e-05,0.0587392741929299
"(np.int64(1), np.int64(21), np.int64(28))",5.121336334871704,8.783183579717504,0.015110969929245543,0.048387064545521774
"(np.int64(1), np.int64(21), np.int64(31))",4.891157873339602,5.6719608605608025,0.0006074546937868686,0.03228945688601226
"(np.int64(1), np.int64(21), np.int64(34))",7.287551032145553,9.378101940526085,0.012334141392972953,0.031041363959800616
"(np.int64(1), np.int64(21), np.int64(35))",7.287551032145553,9.378101940526085,0.012334141392972953,0.031041363959800616
"(np.int64(1), np.int64(21), np.int64(37))",6.090943020444386,3.6114524000253616,0.001512419387883046,0.03808577596416285
"(np.int64(1), np.int64(21), np.int64(40))",8.81053131508582,13.16066054068242,0.005756310446033086,0.01614223400200221
"(np.int64(1), np.int64(22), np.int64(37))",7.340286359386225,3.983792529706726,0.05173567374372068,0.0606721036185367
"(np.int64(1), np.int64(22), np.int64(38))",4.861076713927255,5.664810757324607,0.06481863535407506,0.03667972635751504
"(np.int64(1), np.int64(22), np.int64(39))",5.242519568555798,6.9259772928611225,0.04875311390189063,0.05912585482763821
"(np.int64(1), np.int64(22), np.int64(42))",11.057301438375998,7.385502497054138,0.05298618991857251,0.03461990287407046
"(np.int64(1), np.int64(23), np.int64(30))",7.0427982415842845,2.889613726988119,-0.002065970054741406,0.0063879592507128935
"(np.int64(1), np.int64(23), np.int64(34))",4.507402278619869,3.0669264980403854,0.019393088352593124,0.01145809319997948
"(np.int64(1), np.int64(23), np.int64(41))",3.031566358408333,3.899794395774433,0.0073816541189958285,0.00431103285928236
"(np.int64(1), np.int64(24), np.int64(25))",5.066069107567543,3.6052734799885817,0.017547234574431858,0.01697459116339617
"(np.int64(1), np.int64(24), np.int64(30))",4.5922060938256966,5.3235541100115045,0.041542129108017245,0.03162232645274521
"(np.int64(1), np.int64(24), np.int64(36))",6.458237909220733,8.222206647494964,0.03169356578888005,0.013074377765573963
"(np.int64(1), np.int64(25), np.int64(31))",3.5193022502809868,3.3418429623009245,0.02038447818008915,0.01748240906655929
"(np.int64(1), np.int64(25), np.int64(32))",3.5194982337382648,3.3420882027917855,0.020384926329799602,0.017482645288418697
"(np.int64(1), np.int64(26), np.int64(36))",6.871850537127219,6.841048921793399,0.04317674753670553,0.03094855141970565
"(np.int64(1), np.int64(26), np.int64(39))",13.514726449078568,10.238256934511591,0.08069099316842676,0.05143700110068328
"(np.int64(1), np.int64(26), np.int64(40))",13.625900450855157,10.805261267450808,0.05673837729334341,0.02921173150329781
"(np.int64(1), np.int64(26), np.int64(41))",2.5444756541445503,3.9043985216028068,0.00909627090231735,0.006150203510350005
"(np.int64(1), np.int64(27), np.int64(28))",5.771191022609065,8.141750894666572,0.014398693228662274,0.05249350446815204
"(np.int64(1), np.int64(27), np.int64(36))",7.0607443825334695,9.222326013137959,0.007449694028707432,0.03332573520571791
"(np.int64(1), np.int64(28), np.int64(30))",8.655164856900383,3.1042290818735707,0.031649395934864044,0.03702154851372519
"(np.int64(1), np.int64(28), np.int64(31))",2.4853844798221174,2.888034555129406,0.034811633243482465,0.027249380902412912
"(np.int64(1), np.int64(28), np.int64(37))",4.932517893938007,4.050458254718224,0.06317438011867926,0.048159897867708135
"(np.int64(1), np.int64(28), np.int64(38))",6.63028317548534,4.333986430245059,0.05209680451691234,0.028273127182844693
"(np.int64(1), np.int64(28), np.int64(40))",6.569938869802611,6.459539887534855,0.060532821534997616,0.040687769840864974
"(np.int64(1), np.int64(29), np.int64(32))",5.916885243180089,5.6085369871968975,0.03312145237203379,0.09882893516374491
"(np.int64(1), np.int64(29), np.int64(43))",4.806870468364523,6.661847972362956,0.0720261350402942,0.05628819645037331
"(np.int64(1), np.int64(30), np.int64(35))",11.936083634725515,3.9994366281018086,0.06417735090245413,0.028583922092727643
"(np.int64(1), np.int64(30), np.int64(37))",8.229072792345333,6.131958196154818,0.03714654591461175,0.029895135158997443
"(np.int64(1), np.int64(31), np.int64(33))",4.117117118042316,5.777764334531739,0.02226812202934625,0.0490186846337054
"(np.int64(1), np.int64(31), np.int64(35))",6.067331824020059,5.723014505737835,0.04765713944838745,0.026951282002997012
"(np.int64(1), np.int64(31), np.int64(36))",6.067331824020059,5.723014505737835,0.04765713944838745,0.026951282002997012
"(np.int64(1), np.int64(31), np.int64(38))",10.440668867920696,8.991909494972719,0.10000564984508686,0.08062683824458128
"(np.int64(1), np.int64(31), np.int64(41))",1.866949896263736,3.064847180742451,0.010020910558663276,0.008294840019203664
"(np.int64(1), np.int64(31), np.int64(43))",7.485059181244358,6.384167082431387,0.030127935870974953,0.050664899591144286
"(np.int64(1), np.int64(32), np.int64(37))",4.590652935408717,5.2917442585557835,0.07228940097641878,0.07175811337407723
"(np.int64(1), np.int64(32), np.int64(38))",10.440680000190723,8.992066305221575,0.09999583012700652,0.08062519182124694
"(np.int64(1), np.int64(32), np.int64(42))",7.63991605990084,9.240296173030734,0.05223288576077789,0.04999233139190162
"(np.int64(1), np.int64(34), np.int64(35))",9.637650061729943,9.205564764422665,0.0020919315413038264,1.4371784873290494e-09
"(np.int64(1), np.int64(34), np.int64(41))",3.280103041643591,2.262475990252794,0.007595231804032654,0.007805671405627379
"(np.int64(1), np.int64(35), np.int64(37))",4.2881612822761115,2.9896874932931636,0.034454646790222476,0.02560223411418794
"(np.int64(1), np.int64(35), np.int64(38))",7.336629197329622,4.709502519111857,0.050045893484818915,0.01996734638472586
"(np.int64(1), np.int64(35), np.int64(42))",3.844254052474509,3.849195512255339,0.06539937519702332,0.03570867073774264
"(np.int64(1), np.int64(36), np.int64(40))",5.376307287815805,9.587743891784847,0.038368677735099777,0.019012361048936444
"(np.int64(1), np.int64(37), np.int64(38))",6.272694642341038,4.496153295804176,0.10028662265632127,0.051435371138535246
"(np.int64(1), np.int64(37), np.int64(42))",9.447376198154688,4.922266391768313,0.020422716665547958,0.018241625423700447
"(np.int64(2), np.int64(3), np.int64(8))",5.064963490607085,7.723367817934174,0.037692265435294026,0.02546562669080321
"(np.int64(2), np.int64(3), np.int64(12))",15.54719129597444,11.133034487710432,0.17238846883388148,0.14922068583449477
"(np.int64(2), np.int64(3), np.int64(14))",8.402666447281721,5.746596398813407,0.044649177677955176,0.035567725941938466
"(np.int64(2), np.int64(3), np.int64(16))",6.472225178474321,4.973821044138648,0.047326080205644216,0.03156392023799692
"(np.int64(2), np.int64(3), np.int64(20))",10.099241504166315,8.233748126193104,0.10254251071117437,0.10539521481690473
"(np.int64(2), np.int64(3), np.int64(25))",4.484781753565328,4.087754579226962,0.03186652438879789,0.01405840114605228
"(np.int64(2), np.int64(3), np.int64(31))",4.4781154770030795,4.267589459867774,0.13079138913987265,0.10383832246987934
"(np.int64(2), np.int64(3), np.int64(32))",4.478584506196432,4.267669191483599,0.13079531693201996,0.10383878412523118
"(np.int64(2), np.int64(3), np.int64(33))",4.14726878312501,4.02634083641266,0.11939586894953258,0.10288654080313953
"(np.int64(2), np.int64(3), np.int64(35))",7.451609310808147,6.870865874270859,0.03063456953512389,0.029491125366769788
"(np.int64(2), np.int64(3), np.int64(40))",13.00642491326181,11.29618092196874,0.06507832117020762,0.07649066820821115
"(np.int64(2), np.int64(4), np.int64(7))",4.198428038423346,4.241631866105717,0.05426566580475778,0.07399913004536007
"(np.int64(2), np.int64(4), np.int64(8))",3.704324140604242,3.835698303625996,0.019390992161867238,0.013117810699166843
"(np.int64(2), np.int64(4), np.int64(13))",4.881089151489106,4.153571263558816,0.07258508423639676,0.12628259318585267
"(np.int64(2), np.int64(4), np.int64(14))",5.5324121256003735,6.920782847468492,0.0542969499501752,0.052898485263011
"(np.int64(2), np.int64(4), np.int64(17))",7.062875619019326,7.342994050653309,0.06344885762206731,0.05890342767763501
"(np.int64(2), np.int64(4), np.int64(25))",4.786348828833519,4.665446746324886,0.02619029956789931,0.023156080155110503
"(np.int64(2), np.int64(4), np.int64(30))",2.4599809272492164,3.6088811511045074,0.05296497868288663,0.04975451337383929
"(np.int64(2), np.int64(4), np.int64(33))",3.4664384947420572,5.531845083460796,0.0713531083087342,0.07961545405502524
"(np.int64(2), np.int64(4), np.int64(43))",6.252470919115573,6.113240026339019,0.04712659171342837,0.06230439076456362
"(np.int64(2), np.int64(5), np.int64(13))",10.961432754923866,9.497661524512061,0.07173544726891279,0.05626916705293883
"(np.int64(2), np.int64(5), np.int64(20))",6.538897202625142,7.740271551651981,0.06556396330540337,0.055725046019646896
"(np.int64(2), np.int64(5), np.int64(25))",9.541575425328286,7.222884724941397,0.02938937480120174,0.020919965248956673
"(np.int64(2), np.int64(5), np.int64(27))",6.292978014023131,5.637988818315326,-0.009631138401662076,0.024409745688361295
"(np.int64(2), np.int64(5), np.int64(28))",4.130335882649022,5.909167765912271,0.03618790698377072,0.03280810351964836
"(np.int64(2), np.int64(5), np.int64(33))",2.807392264960215,3.527873885599512,0.06614497569276157,0.05243801242970603
"(np.int64(2), np.int64(5), np.int64(37))",6.451860569780357,7.9828883824288095,0.0431699905056967,0.06267982165235608
"(np.int64(2), np.int64(6), np.int64(11))",5.42395207470484,6.365381585342742,0.054535743924570834,0.08209609114340688
"(np.int64(2), np.int64(6), np.int64(13))",4.243325513281828,5.577530583219488,0.07598618028405668,0.06862806416842693
"(np.int64(2), np.int64(6), np.int64(16))",4.960906279339828,4.861422611030918,0.10551455185435543,0.0924632358620554
"(np.int64(2), np.int64(6), np.int64(20))",7.73612586345108,6.652321196039406,0.05966426475635178,0.0602291053279389
"(np.int64(2), np.int64(6), np.int64(22))",5.343063017768791,3.853413063890842,0.04345739836814033,0.04830109673869709
"(np.int64(2), np.int64(6), np.int64(27))",4.621305400225871,4.679691991354467,-0.002588298161435132,0.058661212498645976
"(np.int64(2), np.int64(6), np.int64(35))",7.012916895818483,6.055320280916814,0.03588987880935113,0.04010534336185734
"(np.int64(2), np.int64(6), np.int64(37))",2.3647165343046668,2.427659587540278,0.059782819988412506,0.06805979058824496
"(np.int64(2), np.int64(6), np.int64(41))",1.8576977465814914,2.0892009638218485,0.012976713524600725,0.013729720658615219
"(np.int64(2), np.int64(7), np.int64(20))",9.612664961022709,8.688647079039844,0.08226722318645607,0.04595960233642726
"(np.int64(2), np.int64(7), np.int64(23))",12.075516934792493,6.537190488841097,0.027443331027629636,0.03964437665023146
"(np.int64(2), np.int64(7), np.int64(25))",2.90110529934421,5.390508468985608,0.03188887694475562,0.010522489853084682
"(np.int64(2), np.int64(7), np.int64(26))",5.194555537950917,6.120332231163462,0.04192194641740099,0.03077145948755744
"(np.int64(2), np.int64(7), np.int64(31))",8.92266461536352,6.1967931325800265,0.046836372160913076,0.04663074483862406
"(np.int64(2), np.int64(7), np.int64(32))",8.92250064301304,6.19672913380775,0.046834182308003736,0.046630209426361646
"(np.int64(2), np.int64(7), np.int64(33))",9.042096099226928,6.2361446509001635,0.05106849176532691,0.045732676758809876
"(np.int64(2), np.int64(7), np.int64(40))",13.60235105513672,6.827200614029178,0.0625790051610744,0.09218961188714347
"(np.int64(2), np.int64(7), np.int64(41))",2.9170436190558413,6.074249496577524,0.019816932545209553,0.018719891458751636
"(np.int64(2), np.int64(8), np.int64(17))",3.5139375848276733,3.2875177467383314,0.015670173875056315,0.025180072331303704
"(np.int64(2), np.int64(8), np.int64(19))",5.813209442182703,8.347702159645943,0.017335804663972998,0.02758293520659394
"(np.int64(2), np.int64(8), np.int64(30))",4.788503253616448,5.873575336799285,-0.008677029300594441,0.0243827569118229
"(np.int64(2), np.int64(8), np.int64(31))",2.9742802746456776,3.0558349698336342,0.02857060434894121,0.026587916419878566
"(np.int64(2), np.int64(8), np.int64(35))",4.08501828290137,4.718457191364227,0.017355745565943215,0.014468473988856645
"(np.int64(2), np.int64(8), np.int64(38))",12.168422382586648,6.082398713770151,0.018258128654768058,0.016418489064354724
"(np.int64(2), np.int64(8), np.int64(42))",4.233816906972394,4.124165854964171,0.029700485030795143,0.038082712944148334
"(np.int64(2), np.int64(9), np.int64(13))",2.388913185028959,3.368792171444732,0.03849766484439121,0.02022266819572105
"(np.int64(2), np.int64(9), np.int64(18))",9.544438869132012,9.025372708385515,0.0914297687176564,0.11263470616884641
"(np.int64(2), np.int64(9), np.int64(19))",10.153207861956512,5.736969346083519,0.03148249790734836,0.017943973056179452
"(np.int64(2), np.int64(9), np.int64(25))",5.3767849505108405,6.857963563423946,0.038410581434196955,0.019173708761316077
"(np.int64(2), np.int64(9), np.int64(28))",6.091795452511361,3.3198039889245132,0.024573186120584123,0.014421283840115429
"(np.int64(2), np.int64(9), np.int64(30))",9.758625276958877,5.897856596958852,0.03320674297138304,0.0333300932790046
"(np.int64(2), np.int64(9), np.int64(31))",7.991161668336975,5.787068029409632,0.04057020480727447,0.030220794705939857
"(np.int64(2), np.int64(9), np.int64(38))",9.30231890583644,9.83732697209393,0.05028875606250982,0.030967886220976903
"(np.int64(2), np.int64(10), np.int64(11))",8.356273733276394,8.162566462117045,0.084058676108405,0.09364547839041071
"(np.int64(2), np.int64(10), np.int64(12))",11.672671697643246,11.904063192916695,0.0713632203223139,0.1030150252855343
"(np.int64(2), np.int64(10), np.int64(13))",6.347348177911863,5.921980374847957,0.05400973502519213,0.0869227220098483
"(np.int64(2), np.int64(10), np.int64(27))",4.601795523460316,3.9022268906983095,0.007620673091735863,0.12201426755716527
"(np.int64(2), np.int64(10), np.int64(28))",4.993981146233705,4.946403080706293,0.06363210251376916,0.03567936387392945
"(np.int64(2), np.int64(10), np.int64(37))",5.242863104529814,4.702201549655894,0.102639321035079,0.06834609534376246
"(np.int64(2), np.int64(10), np.int64(41))",4.559501455229461,3.598612383039435,0.014966928764107212,0.006330951620467706
"(np.int64(2), np.int64(11), np.int64(13))",3.3276973641453247,3.8093431387410353,0.0886544663911466,0.06366545930814227
"(np.int64(2), np.int64(11), np.int64(20))",10.606224588093523,8.200935283844212,0.05410589817278122,0.03688745956150907
"(np.int64(2), np.int64(11), np.int64(23))",3.637991057988435,3.980676541494682,0.038777495571251874,0.039011605869461174
"(np.int64(2), np.int64(11), np.int64(24))",5.783553861931717,5.263514820736777,0.03536152286960936,0.03967836171558903
"(np.int64(2), np.int64(11), np.int64(25))",7.48656385774906,7.957559896386079,0.03003975453523866,0.04459040519644264
"(np.int64(2), np.int64(11), np.int64(29))",9.476535745474909,6.03488886210073,0.06119457561890829,0.03498811931580981
"(np.int64(2), np.int64(11), np.int64(31))",7.853168613128215,5.748590324232191,0.06734455832569053,0.06376504772369573
"(np.int64(2), np.int64(11), np.int64(33))",7.790691015071845,5.976486963052073,0.065702921586691,0.06085239241624807
"(np.int64(2), np.int64(11), np.int64(40))",9.81423539162535,7.475396487158291,0.06825330192608536,0.052614491467420366
"(np.int64(2), np.int64(12), np.int64(19))",4.307455804277018,5.230469193090231,0.31995674390051376,0.266832097794548
"(np.int64(2), np.int64(12), np.int64(27))",7.742724721091084,5.912064331329965,-0.003405883682197297,0.11948232392195768
"(np.int64(2), np.int64(12), np.int64(28))",6.041969241074644,5.981203522546506,0.0772503390793462,0.044629128732804446
"(np.int64(2), np.int64(12), np.int64(32))",5.372001728914914,5.13156039251268,0.1496194979981611,0.14747990448141657
"(np.int64(2), np.int64(13), np.int64(14))",6.442877916594373,4.0891031830752755,0.061148145322553527,0.06684013244106723
"(np.int64(2), np.int64(13), np.int64(15))",12.820856848128347,9.92655002214719,0.07017934873038223,0.05844933184903933
"(np.int64(2), np.int64(13), np.int64(22))",3.328516750372363,4.021646585499524,0.026245501502262347,0.028407928046191744
"(np.int64(2), np.int64(13), np.int64(33))",3.3249317400312033,5.327167597305587,0.10947800603982072,0.13274814684494562
"(np.int64(2), np.int64(13), np.int64(35))",5.512593611801921,4.883797250278792,0.02865713549454474,0.025055855040624686
"(np.int64(2), np.int64(13), np.int64(41))",2.7002379127512857,3.272297467558147,0.011145461792901545,0.009727032073598707
"(np.int64(2), np.int64(13), np.int64(42))",4.291943037511196,4.948499539188399,0.044146729230126636,0.06887932140811215
"(np.int64(2), np.int64(14), np.int64(15))",6.934938352381826,7.575150963591982,0.04099840827087342,0.03514256788088432
"(np.int64(2), np.int64(14), np.int64(22))",5.911587150203405,5.036356297186313,0.04931999274945753,0.042492676250257766
"(np.int64(2), np.int64(14), np.int64(25))",7.828387830768519,6.761802983334239,0.03320501860462455,0.044242950649792556
"(np.int64(2), np.int64(14), np.int64(28))",5.330594420963499,4.431193510535514,0.05803529337844271,0.05150110003691055
"(np.int64(2), np.int64(14), np.int64(29))",8.504504998453871,9.486915111212763,0.06350795671349652,0.03893343279671979
"(np.int64(2), np.int64(14), np.int64(31))",6.967950085663244,5.712848571986424,0.05620352787679994,0.05081236572036918
"(np.int64(2), np.int64(14), np.int64(33))",6.850789486052592,5.575139232622877,0.056362325052160545,0.05051161356795475
"(np.int64(2), np.int64(14), np.int64(41))",2.790425704610415,3.030001224567102,0.017165684072883658,0.010043296786894196
"(np.int64(2), np.int64(15), np.int64(17))",12.375428425526012,13.098224139591409,0.07429905265036629,0.057643368646119075
"(np.int64(2), np.int64(15), np.int64(23))",5.129736866001295,5.581995139725373,0.00704559687211137,0.007111790827816433
"(np.int64(2), np.int64(15), np.int64(24))",5.18348507136793,7.90867409660228,0.05918086285544333,0.045168619997190684
"(np.int64(2), np.int64(15), np.int64(25))",8.054395806284447,5.604285748677876,0.025877892050188755,0.01904595261061559
"(np.int64(2), np.int64(15), np.int64(28))",4.774850513341005,5.0114914603574405,0.03672610650092456,0.030847300416442347
"(np.int64(2), np.int64(15), np.int64(35))",6.97141132537244,7.3777671676546985,0.02297148320881759,0.021379881628428965
"(np.int64(2), np.int64(15), np.int64(37))",7.204419701518004,8.899797080434318,0.05761416983261447,0.07847386832314118
"(np.int64(2), np.int64(16), np.int64(21))",4.154787743526988,3.5863253961020107,-0.03148143149325022,0.08165907382713411
"(np.int64(2), np.int64(16), np.int64(27))",4.271564241089591,3.737701414424316,-0.004319657420340017,0.08331973039485585
"(np.int64(2), np.int64(16), np.int64(31))",8.20926101963851,5.430059440942594,0.03458531983404334,0.036444432033436724
"(np.int64(2), np.int64(17), np.int64(22))",7.327726576797071,5.625375609904592,0.020290236836795095,0.028638086068383695
"(np.int64(2), np.int64(17), np.int64(25))",2.194513495223552,3.4511467932039093,0.02125893093236264,0.018212080408781195
"(np.int64(2), np.int64(17), np.int64(26))",4.495360726096811,4.465597945112726,0.048702399476743485,0.03389080800800215
"(np.int64(2), np.int64(17), np.int64(37))",6.289388315611074,4.447301131065368,0.05496405254277004,0.05835645714329918
"(np.int64(2), np.int64(17), np.int64(38))",12.296520513737123,7.018791040514634,0.05523739232775593,0.03997141028251827
"(np.int64(2), np.int64(18), np.int64(26))",5.724517586332506,5.680267550239259,0.0359688312992531,0.027646529157162147
"(np.int64(2), np.int64(18), np.int64(27))",9.860425607365919,4.16459346922971,0.005579947930895002,0.025775248585277577
"(np.int64(2), np.int64(18), np.int64(29))",5.151575471398768,6.474600588021868,0.04525888508488196,0.02904743558037204
"(np.int64(2), np.int64(18), np.int64(31))",9.4087653020239,7.011860782434639,0.07869183101436461,0.0787305960327187
"(np.int64(2), np.int64(18), np.int64(34))",5.888006788614669,5.850267441801246,0.029523806559175414,0.0304562856409063
"(np.int64(2), np.int64(18), np.int64(39))",9.547835879722403,3.879784137066688,0.08592332357663413,0.07651325645925033
"(np.int64(2), np.int64(18), np.int64(41))",3.479913450883842,1.9370524577994372,0.010433163434249382,0.01314126304394403
"(np.int64(2), np.int64(18), np.int64(43))",5.544752727827825,2.903077363758819,0.0946706323632247,0.0846078120462288
"(np.int64(2), np.int64(19), np.int64(33))",5.904831896215523,5.269045735407485,0.06900037564412509,0.07564157216740885
"(np.int64(2), np.int64(19), np.int64(39))",8.37515673190159,10.545164100255207,0.04550963647996176,0.03716473353915317
"(np.int64(2), np.int64(19), np.int64(41))",3.2551415349548645,3.299374531525889,0.01290994795485656,0.011653586347816436
"(np.int64(2), np.int64(19), np.int64(42))",5.846719141638579,6.4734809647343825,0.03804260477790078,0.04414389793121576
"(np.int64(2), np.int64(20), np.int64(24))",5.553297308756347,9.618641036321575,0.04252084193405126,0.04904815680303842
"(np.int64(2), np.int64(20), np.int64(27))",6.7506718207112035,3.8683877871248717,0.006825481719897497,0.035118459675211655
"(np.int64(2), np.int64(20), np.int64(37))",3.9588932602367595,5.375534626515654,0.07630337737685655,0.06482418136336954
"(np.int64(2), np.int64(20), np.int64(43))",6.802806262898474,3.3044021480542485,0.023676249418948525,0.04217024233225297
"(np.int64(2), np.int64(21), np.int64(29))",3.6284853466699336,4.490537843204756,0.0,0.029949441070618366
"(np.int64(2), np.int64(21), np.int64(31))",3.8261969609425113,3.138655440809008,-0.001892643140066208,0.06462852284637632
"(np.int64(2), np.int64(21), np.int64(34))",4.328190429575629,6.580565248577194,-0.0011988910579147083,0.029326185991245035
"(np.int64(2), np.int64(21), np.int64(38))",7.043686752062051,7.944148383575831,2.324186117086402e-05,0.013806291584455677
"(np.int64(2), np.int64(22), np.int64(26))",3.358595210239849,3.269275968999339,0.03336909892177664,0.019026719316914686
"(np.int64(2), np.int64(22), np.int64(32))",3.4204266430505057,4.875068129500076,0.026992748240307618,0.042105210103013824
"(np.int64(2), np.int64(22), np.int64(33))",3.359376205736304,4.9844428507230205,0.025956623150947378,0.03979148955815148
"(np.int64(2), np.int64(22), np.int64(36))",5.075909017731512,3.2945253598021838,0.02685877856083041,0.025890912785531683
"(np.int64(2), np.int64(22), np.int64(39))",3.9997042438267347,10.343710129660876,0.04570182068704598,0.028002319445923907
"(np.int64(2), np.int64(22), np.int64(40))",4.374825623118397,11.438880551165687,0.059791796475114345,0.03800124625827728
"(np.int64(2), np.int64(22), np.int64(41))",2.2249057609140483,2.1363761063389366,0.019649571178619984,0.006179942162695573
"(np.int64(2), np.int64(22), np.int64(42))",6.960582149283145,4.726129726781485,0.05155817571444221,0.061280206829983364
"(np.int64(2), np.int64(23), np.int64(33))",2.950914493477461,5.02614151017848,0.03330334635705856,0.025782175992641987
"(np.int64(2), np.int64(23), np.int64(41))",2.173580715151347,2.2571837789733658,0.004662146792692501,0.010185523472810432
"(np.int64(2), np.int64(24), np.int64(32))",4.17358598588664,3.323595872742602,0.028984487182038943,0.03815697412743668
"(np.int64(2), np.int64(24), np.int64(33))",3.8786007807746152,3.3356629447422432,0.02344738894371745,0.03414876167987535
"(np.int64(2), np.int64(24), np.int64(34))",4.5908489799950045,4.624990907438957,0.034729132465979196,0.04844708275679177
"(np.int64(2), np.int64(24), np.int64(37))",3.834447525443009,4.218671552380084,0.0294907442083574,0.025157774558858925
"(np.int64(2), np.int64(24), np.int64(40))",15.434691488549596,8.508445227473043,0.054836242334451724,0.0632675432785692
"(np.int64(2), np.int64(24), np.int64(41))",3.315404232049302,2.591096356976787,0.009950201560332439,0.00982083153340041
"(np.int64(2), np.int64(25), np.int64(28))",7.268672847269042,4.312973517821428,0.032526886726620186,0.014177566591034862
"(np.int64(2), np.int64(25), np.int64(32))",4.032652084150856,3.795790758769304,0.028758869334105652,0.024447866075794744
"(np.int64(2), np.int64(25), np.int64(33))",4.154298527817914,3.5212434479556673,0.02784494810820537,0.023938242241644647
"(np.int64(2), np.int64(25), np.int64(34))",1.730465310533343,5.037329270826427,0.026268457572694248,0.01635786533234096
"(np.int64(2), np.int64(25), np.int64(36))",1.730465310533343,5.037329270826427,0.026268457572694248,0.01635786533234096
"(np.int64(2), np.int64(25), np.int64(40))",10.38769294732359,4.193979956978186,0.028358856173859692,0.02490075155663296
"(np.int64(2), np.int64(25), np.int64(41))",3.3972192725418027,3.3028267629421735,0.009745409195042298,0.006287396304118897
"(np.int64(2), np.int64(26), np.int64(28))",3.858734617431044,3.1290064002911167,0.025980156932236653,0.02269720415773613
"(np.int64(2), np.int64(26), np.int64(34))",5.225392545772949,5.9610303243019125,0.028909404808135863,0.031720214154338566
"(np.int64(2), np.int64(26), np.int64(35))",5.225392545772949,5.9610303243019125,0.028909404808135863,0.031720214154338566
"(np.int64(2), np.int64(26), np.int64(38))",12.059151263312371,6.374209916986286,0.04921587778203296,0.026504855489115187
"(np.int64(2), np.int64(26), np.int64(39))",11.346113710333118,6.2728858324008145,0.03106743374057297,0.026234514448019386
"(np.int64(2), np.int64(26), np.int64(43))",4.908929026383533,4.930059766458676,0.04425570137139878,0.033991521009196446
"(np.int64(2), np.int64(27), np.int64(29))",3.5613779456484047,4.307466416330045,0.0,0.030010382050321138
"(np.int64(2), np.int64(27), np.int64(35))",4.757084699669771,6.84443053754027,-0.00960652372097237,0.03067732525184319
"(np.int64(2), np.int64(27), np.int64(37))",2.3098785878839405,10.232221622947433,0.008188382062441657,0.037201593215129614
"(np.int64(2), np.int64(27), np.int64(39))",7.9577201800839505,5.8500535647948295,0.013290696989153195,0.015011142845874681
"(np.int64(2), np.int64(27), np.int64(43))",7.835963443115595,5.470323745192734,0.003940563064125047,0.1097516721440076
"(np.int64(2), np.int64(28), np.int64(30))",12.611060047089712,5.767720432668614,-0.020089705758464804,0.043755532830456745
"(np.int64(2), np.int64(28), np.int64(31))",2.908596626238222,4.573658977961929,0.04459699933720762,0.0298976799577918
"(np.int64(2), np.int64(28), np.int64(32))",2.909045931392247,4.574007205590357,0.04459797970102519,0.02990020671698257
"(np.int64(2), np.int64(28), np.int64(37))",3.813680125635667,3.1580137481010353,0.06315029926751192,0.041164780151274005
"(np.int64(2), np.int64(28), np.int64(40))",3.2471308570828032,10.137871330022787,0.05086371383620514,0.034640800006205175
"(np.int64(2), np.int64(30), np.int64(37))",5.051421834427292,5.065109591788473,0.07183126493841696,0.027404859407125448
"(np.int64(2), np.int64(31), np.int64(38))",6.8732550157430286,9.341347534385164,0.05656399008093227,0.05159884456758945
"(np.int64(2), np.int64(31), np.int64(40))",8.345578188024893,8.096690303323186,0.09754616268678173,0.09799324228544315
"(np.int64(2), np.int64(32), np.int64(33))",7.3724432249572684,4.9677213542537295,0.022071053555206777,0.024944689879426107
"(np.int64(2), np.int64(32), np.int64(34))",6.522076432135627,8.361640334267415,0.030126544018692747,0.03329078785674133
"(np.int64(2), np.int64(32), np.int64(40))",8.346019240781429,8.097048971000355,0.0975464557989737,0.09799530523594602
"(np.int64(2), np.int64(34), np.int64(38))",9.944279230922092,5.172984840200479,0.03685847050550617,0.03175745769487415
"(np.int64(2), np.int64(34), np.int64(43))",6.551527443203457,5.051959289737586,0.03152909468779663,0.025487702734884543
"(np.int64(2), np.int64(36), np.int64(37))",2.30025151007736,2.611657107278176,0.040939035202646745,0.04154100114227521
"(np.int64(2), np.int64(36), np.int64(39))",5.254159168299183,10.416610721374058,0.03651385627581294,0.03269680651410212
"(np.int64(2), np.int64(36), np.int64(40))",5.778494533324535,12.02994496510824,0.03532247191904492,0.03182528025624287
"(np.int64(2), np.int64(37), np.int64(38))",5.7757899899404705,6.8659210311404255,0.01809951898698925,0.09125855953546824
"(np.int64(3), np.int64(4), np.int64(7))",7.637708365279744,6.621272949289936,0.053554909067329404,0.06052341501138947
"(np.int64(3), np.int64(4), np.int64(13))",11.919312260201684,11.743305875889526,0.12684684230010523,0.06506603228928654
"(np.int64(3), np.int64(4), np.int64(15))",7.5935571771097,6.3385434021545075,0.028777727197804026,0.04610793389843448
"(np.int64(3), np.int64(4), np.int64(16))",7.491458427957378,6.7664858678198705,0.07268456393508227,0.07854855643831382
"(np.int64(3), np.int64(4), np.int64(17))",7.8547898613615015,7.328778227745781,0.0531468964430144,0.05787427571267667
"(np.int64(3), np.int64(4), np.int64(21))",5.839576273415533,11.042322092622001,-7.710435867558374e-08,0.08140893965487117
"(np.int64(3), np.int64(4), np.int64(22))",4.348556380298569,7.137193003597678,0.0556776101860037,0.019630490001785073
"(np.int64(3), np.int64(4), np.int64(25))",3.261647282628478,4.010373748274045,0.018194372167584016,0.02846556278955259
"(np.int64(3), np.int64(4), np.int64(33))",7.156336819098204,7.898465682370843,0.050082462176705866,0.04669512889143035
"(np.int64(3), np.int64(4), np.int64(37))",4.62658782889121,3.336260594545995,0.05198179568715311,0.04285860763958227
"(np.int64(3), np.int64(4), np.int64(41))",3.382741468146565,1.7061404667332667,0.014438398255233964,0.018496227278731237
"(np.int64(3), np.int64(5), np.int64(10))",6.295418082978283,4.12799312465632,0.029431931376917908,0.035866267491808435
"(np.int64(3), np.int64(5), np.int64(11))",6.165123270254402,5.034264507096232,0.06642283556627804,0.04853129015298496
"(np.int64(3), np.int64(5), np.int64(13))",6.284607073398226,4.801342832515709,0.10979262794138633,0.10665256869171147
"(np.int64(3), np.int64(5), np.int64(15))",13.189333192914622,11.461853873496683,0.05287080857107862,0.046346046978431255
"(np.int64(3), np.int64(5), np.int64(28))",3.6457602473008444,4.8323195715679566,0.02961538850992096,0.03135809744783968
"(np.int64(3), np.int64(5), np.int64(32))",5.6930074938954585,3.5577571192348953,0.039738355288308935,0.06631186513705356
"(np.int64(3), np.int64(5), np.int64(33))",6.506370107733113,3.9915544588244156,0.03804711280128703,0.07265051902133246
"(np.int64(3), np.int64(5), np.int64(35))",5.050604319842569,8.424711573539478,0.01644540708552189,0.02544069288844275
"(np.int64(3), np.int64(5), np.int64(39))",7.628338924661741,10.15935728445047,0.04296074747831102,0.02607495450407138
"(np.int64(3), np.int64(5), np.int64(41))",2.6687586977916014,5.599312537312835,0.0057555500002632876,0.007858910494252469
"(np.int64(3), np.int64(6), np.int64(7))",3.6170832417096888,4.2705437642133255,0.06699647048197888,0.05981465105590911
"(np.int64(3), np.int64(6), np.int64(19))",5.657316195918008,7.306901707212246,0.07564083178766079,0.07322213085547913
"(np.int64(3), np.int64(6), np.int64(23))",5.206721591199697,4.665063220293912,0.03446335087726804,0.03592118535341349
"(np.int64(3), np.int64(6), np.int64(38))",6.900627090428289,5.594877698561454,0.061511579310842834,0.07965911972718709
"(np.int64(3), np.int64(7), np.int64(13))",13.027266644697024,11.913138772851276,0.09020165870013497,0.11014413736239725
"(np.int64(3), np.int64(7), np.int64(17))",4.757413128253078,4.917812098109502,0.07802221732522019,0.08241905214603551
"(np.int64(3), np.int64(7), np.int64(18))",6.690811703400262,4.524940083686738,0.04553126207599245,0.0459560942707824
"(np.int64(3), np.int64(7), np.int64(22))",5.7062014974241535,3.46185442839433,0.015399348285345282,0.007098144469926071
"(np.int64(3), np.int64(7), np.int64(31))",5.685713694869422,5.186647648692494,0.07188130448740415,0.06819413856795742
"(np.int64(3), np.int64(8), np.int64(16))",2.63216908365168,6.316084064523814,0.046729797011549445,0.05446482660435803
"(np.int64(3), np.int64(8), np.int64(20))",3.6307492898380107,8.21568668480088,0.05335124886231757,0.05520323412014849
"(np.int64(3), np.int64(8), np.int64(23))",9.138196510623205,4.58304521260469,0.058177167469631974,0.05694566314895211
"(np.int64(3), np.int64(8), np.int64(25))",3.903034837184087,2.5026876865249172,0.027994517358720605,0.011494794532713515
"(np.int64(3), np.int64(8), np.int64(26))",2.18290755918394,5.6270783209367865,0.02382773475239397,0.03038909235910814
"(np.int64(3), np.int64(8), np.int64(29))",4.729446914302127,4.663937701546275,0.017994615471762065,0.013734958969520594
"(np.int64(3), np.int64(8), np.int64(30))",7.024338972290776,6.058191127049818,0.008575144580345473,0.015317769094888245
"(np.int64(3), np.int64(8), np.int64(42))",3.7544140717745345,4.8592963584233075,0.03117988830684104,0.04160951337410279
"(np.int64(3), np.int64(9), np.int64(15))",7.794553399199496,6.923462411040287,0.027940528244896456,0.031208337418599075
"(np.int64(3), np.int64(9), np.int64(17))",3.9836176363291265,3.4559779401360475,0.05133005266389146,0.035422806408020535
"(np.int64(3), np.int64(9), np.int64(26))",5.406277466821933,6.494438198870967,0.03152097556865252,0.02824008862500882
"(np.int64(3), np.int64(9), np.int64(27))",9.570947162845627,3.7103176843171344,0.016407999581504074,0.012727976926247275
"(np.int64(3), np.int64(9), np.int64(36))",3.654287057315064,4.094811401463358,0.062061203689608435,0.0414672908909236
"(np.int64(3), np.int64(9), np.int64(39))",9.866525468609447,7.022321878177793,0.047991612464343025,0.028909711996967458
"(np.int64(3), np.int64(10), np.int64(13))",6.554662686221894,7.249781723748257,0.09960395404423117,0.06926372636827594
"(np.int64(3), np.int64(10), np.int64(14))",11.44872373022072,5.532112075513968,0.08175244939516157,0.09172133418335193
"(np.int64(3), np.int64(10), np.int64(15))",8.443463615929938,5.905452032127773,0.03197104958088426,0.028101876344020282
"(np.int64(3), np.int64(10), np.int64(29))",9.356332326526534,7.644084935237905,0.03423449715769433,0.06988775419321691
"(np.int64(3), np.int64(10), np.int64(31))",7.427872276536161,5.025284065453791,0.09417216812062545,0.10393199437902778
"(np.int64(3), np.int64(10), np.int64(33))",7.590570681099651,5.299979031035,0.11821244816752507,0.12101019934831547
"(np.int64(3), np.int64(10), np.int64(35))",5.168200583296849,5.8905615984883,0.025038722574581396,0.03588348342688086
"(np.int64(3), np.int64(10), np.int64(38))",9.734176358115466,7.82809701581413,0.14111326552150372,0.05149511949890928
"(np.int64(3), np.int64(11), np.int64(16))",11.56580513059832,9.772828904377242,0.06700261700685906,0.08355773390734156
"(np.int64(3), np.int64(11), np.int64(17))",5.143981620327949,4.9267668493316386,0.05628837082827698,0.06156458901993733
"(np.int64(3), np.int64(11), np.int64(18))",4.5242336907689245,5.469888815393962,0.04323663689723167,0.04335987366064198
"(np.int64(3), np.int64(11), np.int64(28))",7.389358819371065,6.956350724794299,0.04889674922371268,0.023909659956471874
"(np.int64(3), np.int64(11), np.int64(30))",9.027001518073133,6.035549276863077,0.07777657132000049,0.05678944886004622
"(np.int64(3), np.int64(11), np.int64(40))",10.998341768463966,10.052731095049566,0.08222836824699598,0.07688811410049023
"(np.int64(3), np.int64(12), np.int64(14))",4.0187924384703315,3.557150165566031,0.044753515643215946,0.029903134600955616
"(np.int64(3), np.int64(12), np.int64(16))",4.209641443402727,2.4302858628987924,0.049021729418097904,0.0480049552440992
"(np.int64(3), np.int64(12), np.int64(24))",3.764509367810221,4.464986177023463,0.07851515903998829,0.052360703681447296
"(np.int64(3), np.int64(12), np.int64(26))",4.6172600248697515,6.541341434307864,0.04533150920899165,0.029657434804076788
"(np.int64(3), np.int64(12), np.int64(34))",5.09382596014611,4.751283991297032,0.04655116535908299,0.018552491115970238
"(np.int64(3), np.int64(12), np.int64(36))",5.09382596014611,4.751283991297032,0.04655116535908299,0.018552491115970238
"(np.int64(3), np.int64(12), np.int64(41))",3.4530951226527327,3.1239106554735274,0.018451743210783578,0.010976091360428875
"(np.int64(3), np.int64(13), np.int64(18))",13.59391753834022,12.797894428091645,0.16596766253300288,0.1429672487393232
"(np.int64(3), np.int64(13), np.int64(21))",6.0877785364288854,5.277659705359186,-0.0028540097252824914,0.15083516221167803
"(np.int64(3), np.int64(13), np.int64(30))",9.879929033060375,7.173286800808751,0.09116589081087279,0.1129878067457406
"(np.int64(3), np.int64(13), np.int64(32))",16.65884805467427,16.596914710762935,0.08602700221515946,0.07070631878845912
"(np.int64(3), np.int64(13), np.int64(37))",4.798476316610408,3.040838959445487,0.141732029464551,0.13300467258200055
"(np.int64(3), np.int64(13), np.int64(39))",9.477477809115744,15.70939148600063,0.12766575618116016,0.07875282414882245
"(np.int64(3), np.int64(14), np.int64(15))",11.656119530686265,12.329032995614345,0.021463358749823302,0.03211690581405646
"(np.int64(3), np.int64(14), np.int64(19))",11.762361805651613,12.18778725382592,0.08615097627701485,0.09278429061285465
"(np.int64(3), np.int64(14), np.int64(23))",4.764802225177773,5.18010063599437,0.006496259014495909,0.013034211658716544
"(np.int64(3), np.int64(14), np.int64(24))",9.904786227899109,10.774861591932105,0.050815156843226905,0.03877159307759781
"(np.int64(3), np.int64(14), np.int64(25))",4.091354280228357,3.4743797085533563,0.026177231935064382,0.019226796639591592
"(np.int64(3), np.int64(14), np.int64(26))",6.011461039775409,9.87536141420364,0.048366619588114945,0.05928415132468878
"(np.int64(3), np.int64(14), np.int64(27))",4.823816907945662,6.063771643721369,0.0022294174486396923,0.02887433547084406
"(np.int64(3), np.int64(14), np.int64(29))",8.419481787822653,6.328326422964712,0.01706635981339011,0.03211012809618308
"(np.int64(3), np.int64(14), np.int64(32))",6.18945552440651,5.00663284508303,0.0844709461274995,0.09539766518203341
"(np.int64(3), np.int64(14), np.int64(33))",6.647845010881472,5.44339350287974,0.07235629016141976,0.07816261986048101
"(np.int64(3), np.int64(14), np.int64(34))",5.857905677331618,7.522264701295973,0.021971800447618484,0.02238769406651009
"(np.int64(3), np.int64(14), np.int64(37))",5.518979109117534,4.431332130028278,0.04467087987659646,0.02915594053707271
"(np.int64(3), np.int64(14), np.int64(41))",2.212317393842319,3.9183766056320963,0.004485169953169055,0.005958609673391013
"(np.int64(3), np.int64(15), np.int64(18))",8.388918059941199,7.479165343136339,0.029651437348322318,0.03408356333872342
"(np.int64(3), np.int64(15), np.int64(20))",11.863812847993469,12.961742433539099,0.052220681778822886,0.05905248277416819
"(np.int64(3), np.int64(15), np.int64(23))",5.8102217850737645,4.53636033151049,0.008902964909508038,0.007999525064249835
"(np.int64(3), np.int64(15), np.int64(25))",6.136970884816926,3.4512330037206036,0.02346391652223767,0.006954974259209656
"(np.int64(3), np.int64(15), np.int64(26))",8.508772096099218,4.459463994740246,0.03217866615053189,0.04024385961371757
"(np.int64(3), np.int64(15), np.int64(32))",8.024376801767357,6.584954349099712,0.0418068414264986,0.06376898170577572
"(np.int64(3), np.int64(15), np.int64(33))",8.472043073779115,6.225069128479918,0.046757845642707685,0.07074120965196495
"(np.int64(3), np.int64(15), np.int64(34))",5.855506480691498,9.321467087630031,0.036324264165287556,0.03878700575916938
"(np.int64(3), np.int64(15), np.int64(36))",5.855506480691498,9.321467087630031,0.036324264165287556,0.03878700575916938
"(np.int64(3), np.int64(15), np.int64(37))",4.4170968939396875,3.6388310455536477,0.02571138488358171,0.04546734428718435
"(np.int64(3), np.int64(15), np.int64(38))",7.7121584244568515,5.973723903845304,0.025580902018590312,0.021179064880508358
"(np.int64(3), np.int64(15), np.int64(43))",6.311252445049627,6.9525271100703385,0.028889273748507804,0.03750778600338278
"(np.int64(3), np.int64(16), np.int64(23))",6.8926903205157775,6.277047383892602,0.06406722506143792,0.061721251132803245
"(np.int64(3), np.int64(16), np.int64(24))",8.756706343771869,9.088476876428498,0.03287265453284438,0.04369926301139093
"(np.int64(3), np.int64(16), np.int64(31))",6.133846024837438,4.914735391928634,0.08810210765812854,0.08595225464781764
"(np.int64(3), np.int64(16), np.int64(32))",6.133722766912621,4.9144602123790895,0.08809834864831101,0.08595748369587064
"(np.int64(3), np.int64(16), np.int64(33))",6.648571186435626,5.5364365814491885,0.08142333450487904,0.07748295429482732
"(np.int64(3), np.int64(16), np.int64(34))",4.15586376113406,3.5551094002346906,0.03369390638429848,0.03259671727243929
"(np.int64(3), np.int64(16), np.int64(39))",11.087762341656067,7.721558990973087,0.026008366527423443,0.035874465804101696
"(np.int64(3), np.int64(16), np.int64(41))",2.575262410591293,3.4352991454123405,0.011100174648175698,0.016421205934479155
"(np.int64(3), np.int64(17), np.int64(18))",3.62037334709388,2.8531971245420915,0.05418386939957043,0.0413143624877621
"(np.int64(3), np.int64(17), np.int64(28))",6.291697545760795,2.996623825351845,0.01836340894349786,0.01575715715944981
"(np.int64(3), np.int64(17), np.int64(29))",11.291239563435138,6.9691173425525905,0.021601777944855183,0.03104035568819541
"(np.int64(3), np.int64(17), np.int64(31))",4.1070170162835336,3.754487363419917,0.0500877744195245,0.06376915987516962
"(np.int64(3), np.int64(17), np.int64(38))",12.67481149921425,4.606006752454343,0.03903609797666374,0.04129492570637827
"(np.int64(3), np.int64(17), np.int64(39))",16.52628300477589,4.438462550944965,0.04061765728965472,0.042800563356426125
"(np.int64(3), np.int64(18), np.int64(21))",9.307895019873728,2.12421812260576,0.011850395709569916,0.03643486155297204
"(np.int64(3), np.int64(18), np.int64(25))",5.403322104922817,3.8538443143273287,0.033541362653379925,0.009591451627733005
"(np.int64(3), np.int64(18), np.int64(28))",5.315535476964416,7.3751026181795,0.04097929451586668,0.02031076487413286
"(np.int64(3), np.int64(18), np.int64(30))",5.66098951467769,6.9421349703449815,0.049760603895393274,0.0286412686355626
"(np.int64(3), np.int64(18), np.int64(37))",4.183730028163551,4.577106765899697,0.05593892822832125,0.031080827196569794
"(np.int64(3), np.int64(19), np.int64(30))",8.027813556384578,5.430749309390918,0.05800444104113167,0.11086956592837727
"(np.int64(3), np.int64(19), np.int64(31))",6.6672694709388125,5.330471784984292,0.09450634810922187,0.12786766645739434
"(np.int64(3), np.int64(19), np.int64(41))",2.5909236745719264,3.8990062491051614,0.0042874235876794176,0.005367895474150175
"(np.int64(3), np.int64(19), np.int64(42))",3.2937465894505173,6.520551941590749,0.08876834912173082,0.09930562751086569
"(np.int64(3), np.int64(20), np.int64(21))",3.733618718137172,5.4973030510755185,7.584435334573314e-05,0.03674583867275294
"(np.int64(3), np.int64(20), np.int64(31))",7.0053321661949415,5.154416775572668,0.09332720199769784,0.13034962506781622
"(np.int64(3), np.int64(20), np.int64(38))",7.620960293161042,10.04615287181308,0.03978098751324366,0.044364466738388786
"(np.int64(3), np.int64(20), np.int64(40))",6.741729092536733,13.472536261375739,0.057391987380736253,0.05212642341732787
"(np.int64(3), np.int64(21), np.int64(23))",2.981356690073237,4.655062822293402,0.016660589668963,0.04867206734141771
"(np.int64(3), np.int64(21), np.int64(28))",6.693222811523866,6.158552261035477,0.0014255370194573569,0.02355938875137198
"(np.int64(3), np.int64(21), np.int64(31))",4.564650344446774,5.016224688218302,0.009760132332777838,0.04062956493552683
"(np.int64(3), np.int64(21), np.int64(43))",10.523725697757296,2.888587621836162,0.0017427749510037227,0.0756412531099242
"(np.int64(3), np.int64(22), np.int64(23))",3.2775636188425255,3.4893748222432555,0.024151154553088583,0.010249938948973192
"(np.int64(3), np.int64(22), np.int64(27))",4.613205594686379,4.29822432723435,-0.0013796705140588506,0.01679459209668266
"(np.int64(3), np.int64(22), np.int64(37))",7.0606286548662816,3.8817443984696567,0.043760325365485686,0.036673250296064275
"(np.int64(3), np.int64(22), np.int64(40))",4.481742299197503,5.575159335034673,0.041324688152912126,0.027547539849580693
"(np.int64(3), np.int64(22), np.int64(41))",2.8546068302546574,2.1473743236255753,0.012764730158698057,0.009860015328254867
"(np.int64(3), np.int64(22), np.int64(43))",4.2842480709869655,2.639646386767856,0.030941541396621974,0.02438983338889744
"(np.int64(3), np.int64(23), np.int64(25))",12.502108353321443,3.2190590673404857,0.012661048258207352,0.011749184467615748
"(np.int64(3), np.int64(23), np.int64(27))",2.772460759187344,5.795241261150056,0.02072476017095426,0.05202518077514484
"(np.int64(3), np.int64(23), np.int64(28))",6.4029085806030475,1.9846691205652602,0.025153123160501112,0.010514159043113036
"(np.int64(3), np.int64(24), np.int64(29))",3.5149165497859802,4.8516811374356275,0.00860343719832335,0.04394999937568689
"(np.int64(3), np.int64(24), np.int64(33))",6.150839661523061,6.03612247687922,0.040587928957524055,0.0389761009534515
"(np.int64(3), np.int64(24), np.int64(39))",17.622660463355576,8.302122803736422,0.06165295963214257,0.05381389172251383
"(np.int64(3), np.int64(24), np.int64(42))",3.8957799581643755,2.685898313409823,0.05800755981582584,0.049681095022612864
"(np.int64(3), np.int64(24), np.int64(43))",4.275093199829982,2.774962858640446,0.06568008209890208,0.05955292898327935
"(np.int64(3), np.int64(25), np.int64(28))",1.6017261387470616,5.450385021061893,0.02599414692606017,0.012050360756690415
"(np.int64(3), np.int64(25), np.int64(30))",7.950360074594913,2.245554906853857,0.06424346947463788,0.01683730135400796
"(np.int64(3), np.int64(25), np.int64(31))",3.0690111527891744,3.363735422597023,0.02315299226231271,0.012923560617188135
"(np.int64(3), np.int64(26), np.int64(28))",4.119973277667539,3.7234150255787912,0.014204872792691559,0.010899135942352034
"(np.int64(3), np.int64(26), np.int64(35))",3.768731057383125,6.477765163254198,0.031442564969245135,0.03761916399576204
"(np.int64(3), np.int64(26), np.int64(36))",3.768731057383125,6.477765163254198,0.031442564969245135,0.03761916399576204
"(np.int64(3), np.int64(27), np.int64(30))",5.502265330831669,3.603412490514782,0.11985314695772864,0.01665857956578487
"(np.int64(3), np.int64(27), np.int64(31))",3.945067910589741,5.849453182761938,0.012308800799843977,0.04297602865490935
"(np.int64(3), np.int64(27), np.int64(35))",5.078015892936659,3.994384154460511,-0.012452865569069216,0.04137122751284261
"(np.int64(3), np.int64(27), np.int64(41))",3.599744271539965,7.045966096071072,-0.007141325956454669,0.02387995297672374
"(np.int64(3), np.int64(27), np.int64(42))",6.327160116101531,22.029932003970696,-0.0001133262687867953,0.1039781868881724
"(np.int64(3), np.int64(28), np.int64(31))",2.908051157503245,3.9990807525428385,0.031653864558138456,0.016547024095759366
"(np.int64(3), np.int64(28), np.int64(32))",2.9081001801611217,3.9991348299626965,0.03164901892209515,0.016547292030256622
"(np.int64(3), np.int64(28), np.int64(33))",3.0070759455142286,4.2402334979375365,0.0347499461081644,0.01512344731873394
"(np.int64(3), np.int64(28), np.int64(35))",5.191344234034769,5.226324388778451,0.03313016857134721,0.00995739291676312
"(np.int64(3), np.int64(28), np.int64(36))",5.191344234034769,5.226324388778451,0.03313016857134721,0.00995739291676312
"(np.int64(3), np.int64(28), np.int64(41))",2.230733205949646,1.8200185610143254,0.011805475832171175,0.010075595112975733
"(np.int64(3), np.int64(28), np.int64(43))",3.2788591996794847,3.1168376076891118,0.033301590949014304,0.023606728807349375
"(np.int64(3), np.int64(29), np.int64(31))",4.431160996054723,3.7651524297623227,0.031016553599073515,0.12421796534711682
"(np.int64(3), np.int64(29), np.int64(32))",4.431035648893838,3.765525984787864,0.031014765306508818,0.12421352423540377
"(np.int64(3), np.int64(29), np.int64(34))",5.5862513623832175,4.641067938641505,0.042540122467682906,0.013104137693516815
"(np.int64(3), np.int64(29), np.int64(40))",6.711081421671637,8.167366854820168,-0.004553378524459695,0.02606926806409504
"(np.int64(3), np.int64(29), np.int64(43))",4.358545379483776,6.268872086220364,0.10304838778953285,0.08409169450745424
"(np.int64(3), np.int64(30), np.int64(39))",6.773984619110053,6.435883471485503,0.05848518581415152,0.024151916788388017
"(np.int64(3), np.int64(31), np.int64(40))",10.617953120246327,3.991892512879986,0.13114026053238348,0.11981808065096822
"(np.int64(3), np.int64(32), np.int64(35))",2.927055853786057,3.0720168583601994,0.057221737808849205,0.04028134820402596
"(np.int64(3), np.int64(32), np.int64(42))",3.563213356712707,4.61288520388525,0.0695075206369441,0.051600732821825646
"(np.int64(3), np.int64(33), np.int64(34))",2.44635313332685,2.692675962797636,0.04995334761672632,0.04396619820392578
"(np.int64(3), np.int64(34), np.int64(37))",3.7297090168742866,1.7322795497232664,0.03243751112506865,0.031245972847691705
"(np.int64(3), np.int64(34), np.int64(38))",6.838289220141677,5.696085402523638,0.028738296465384172,0.03227559658489598
"(np.int64(3), np.int64(34), np.int64(39))",6.905018814206296,6.617310883735988,0.04173701680655162,0.04398369972081584
"(np.int64(3), np.int64(35), np.int64(41))",2.9328900852712105,1.5149704128779862,0.018617523056315477,0.018411276341207206
"(np.int64(3), np.int64(36), np.int64(40))",7.261076810665056,7.021318816808508,0.04115516690501653,0.04356116492829165
"(np.int64(3), np.int64(37), np.int64(39))",13.459139705675863,4.17528371071086,0.0653875300022787,0.0490345318446187
"(np.int64(3), np.int64(37), np.int64(41))",2.405534866225283,1.8524048746958213,0.012887303200422195,0.01391258355273628
"(np.int64(3), np.int64(38), np.int64(40))",10.452920317544773,12.287250234334746,0.03170947122671408,0.019130300325618133
"(np.int64(3), np.int64(38), np.int64(41))",3.6220516613762532,7.10481779529399,0.008233082286282944,0.009254234800607719
"(np.int64(3), np.int64(38), np.int64(42))",6.915984521755113,5.760066816732277,0.029840640888717296,0.04239964427134002
"(np.int64(3), np.int64(42), np.int64(43))",8.471687943271723,8.329656389093739,0.037324705625478405,0.032034785164310575
"(np.int64(4), np.int64(5), np.int64(8))",3.195502106793723,5.689373552646083,0.02089263800625052,0.017688418286910368
"(np.int64(4), np.int64(5), np.int64(13))",5.834707497155518,5.882439543589236,0.022492108157823876,0.02881905902935744
"(np.int64(4), np.int64(5), np.int64(18))",5.689498393615679,4.074588620002069,0.1487282358809272,0.10235015241386292
"(np.int64(4), np.int64(5), np.int64(26))",3.8190287918449224,4.880747747633387,0.027600061232333828,0.03180066744614518
"(np.int64(4), np.int64(5), np.int64(31))",10.708351787296907,10.47853438354161,0.05703717143146503,0.06981178618612915
"(np.int64(4), np.int64(5), np.int64(32))",10.708339925357354,10.478327476125546,0.05703164073765543,0.06981001035489331
"(np.int64(4), np.int64(5), np.int64(40))",11.772586434980512,15.49203184618827,0.041016783130459866,0.059719993700994234
"(np.int64(4), np.int64(5), np.int64(43))",15.467296183882961,14.49717306320077,0.027830230426114544,0.041532916487188265
"(np.int64(4), np.int64(6), np.int64(7))",2.1321750549865457,3.3367882698865756,0.02956223579704531,0.04211220722590836
"(np.int64(4), np.int64(6), np.int64(8))",2.242926042452624,1.8726055309086254,0.019282542203270192,0.016064506454635863
"(np.int64(4), np.int64(6), np.int64(17))",2.0826713395456564,3.20211415090102,0.028971688377888993,0.03917040159300411
"(np.int64(4), np.int64(6), np.int64(21))",6.856576821578195,11.794849073861199,-0.004665025306042292,0.012611643152006802
"(np.int64(4), np.int64(6), np.int64(22))",9.855033929645774,9.866211911573075,0.029814715775994927,0.023241359412239926
"(np.int64(4), np.int64(6), np.int64(23))",3.2465863371068417,3.3447395167802765,0.019163906116946405,0.01565506890003454
"(np.int64(4), np.int64(6), np.int64(26))",5.5806609889757475,5.02431844535914,0.04202903994329288,0.03679654787265618
"(np.int64(4), np.int64(6), np.int64(29))",3.254558178701455,5.351565155793472,0.03938763283619917,0.01948955302386146
"(np.int64(4), np.int64(6), np.int64(30))",7.740342745776168,10.407059917830408,0.060747345779547324,0.030850364773926442
"(np.int64(4), np.int64(6), np.int64(34))",4.527487873233465,4.078622656390844,0.026410018460907847,0.02696149121484359
"(np.int64(4), np.int64(7), np.int64(8))",4.33406807903779,7.324654836624767,0.04964640431118428,0.05414912217789758
"(np.int64(4), np.int64(7), np.int64(14))",5.844781661345822,6.37691034214708,0.06525737867393433,0.04960285057424141
"(np.int64(4), np.int64(7), np.int64(21))",7.117668952519527,10.881231180386912,-0.0015039806754902907,0.04565370489704279
"(np.int64(4), np.int64(7), np.int64(27))",6.84734437923997,12.130792654423427,-0.0015039806754902907,0.04637463428321342
"(np.int64(4), np.int64(7), np.int64(30))",3.312966340858093,4.445026137328881,0.02708873137457779,0.04920351309940307
"(np.int64(4), np.int64(7), np.int64(33))",6.429928733620613,5.679669087603376,0.02966330288186869,0.02980497515563696
"(np.int64(4), np.int64(7), np.int64(35))",3.6200541665809185,3.338110472387914,0.028249563879615858,0.03540443751235378
"(np.int64(4), np.int64(7), np.int64(42))",6.549059979139023,8.44231981356089,0.07425380150575978,0.08492296832671797
"(np.int64(4), np.int64(8), np.int64(11))",3.521269372801446,4.838483601750587,0.030914724178267017,0.026235519212785108
"(np.int64(4), np.int64(8), np.int64(15))",4.135504860072797,4.754317613322783,0.025637672627982444,0.014828552747812251
"(np.int64(4), np.int64(8), np.int64(18))",2.314277723380616,4.60237067143899,0.050436043656244656,0.04706875230157681
"(np.int64(4), np.int64(8), np.int64(21))",3.70059424401283,3.639786811739451,-0.00185628569591767,0.039506524891689376
"(np.int64(4), np.int64(8), np.int64(30))",7.335325382021879,6.629708474414543,0.02974232429474377,0.010923877837037743
"(np.int64(4), np.int64(8), np.int64(33))",4.9153727910190925,3.7515111717625076,0.03623020576263558,0.046410410996453266
"(np.int64(4), np.int64(8), np.int64(41))",1.6015633814944719,2.244852979584044,0.010226498627341485,0.013190892748723648
"(np.int64(4), np.int64(9), np.int64(14))",5.483260244724919,4.16831391959194,0.17896114784325623,0.1269462211001412
"(np.int64(4), np.int64(9), np.int64(16))",3.0860678099812784,3.4369705482760717,0.1082096068223285,0.09831977637848877
"(np.int64(4), np.int64(9), np.int64(18))",8.089064653132434,9.000110094915268,0.06116560113964076,0.06278728810672873
"(np.int64(4), np.int64(9), np.int64(19))",6.872143416428518,5.409198942650545,0.06761046977655882,0.07246930947547225
"(np.int64(4), np.int64(9), np.int64(21))",4.002120744348414,6.093266121729471,0.0,0.04129803025313161
"(np.int64(4), np.int64(9), np.int64(25))",1.7836509061831156,2.5093364142317482,0.019875782505031636,0.01977851585556778
"(np.int64(4), np.int64(9), np.int64(28))",4.726647348076726,6.045491653664031,0.044335862296622786,0.024795202394434335
"(np.int64(4), np.int64(9), np.int64(30))",4.0689518989981615,9.407282332248293,0.03818783082208854,0.0296305181946821
"(np.int64(4), np.int64(9), np.int64(32))",6.943876827293279,6.9965395641993995,0.06468296717024746,0.047832976674956895
"(np.int64(4), np.int64(9), np.int64(37))",3.2561953876824643,2.3870431292237795,0.031696181147734204,0.015803391464166094
"(np.int64(4), np.int64(10), np.int64(14))",11.840724750004798,12.640245363589907,0.06580805388152511,0.08901882313771325
"(np.int64(4), np.int64(10), np.int64(17))",5.235820045273309,5.336716306455624,0.050741277791563566,0.03534765287899311
"(np.int64(4), np.int64(10), np.int64(24))",5.487582660177966,5.254496457395231,0.09077770223546722,0.06752919328623652
"(np.int64(4), np.int64(10), np.int64(28))",8.399632769084226,7.864473061023243,0.04038572865320811,0.02558962567557166
"(np.int64(4), np.int64(10), np.int64(34))",5.808747231472851,5.259670387488206,0.02170645285147299,0.02775346470812834
"(np.int64(4), np.int64(10), np.int64(35))",5.808747231472851,5.259670387488206,0.02170645285147299,0.02775346470812834
"(np.int64(4), np.int64(10), np.int64(39))",13.320127940015455,19.865003105365854,0.06656385217174154,0.09055636223145846
"(np.int64(4), np.int64(10), np.int64(40))",13.256369991989107,17.245516002616384,0.06361944882748705,0.08161788166178052
"(np.int64(4), np.int64(11), np.int64(18))",6.859126616129967,7.366294410741112,0.04585175797086005,0.033358143247999794
"(np.int64(4), np.int64(11), np.int64(20))",6.903969505888277,6.814901026835166,0.06745002469905159,0.05545159371339259
"(np.int64(4), np.int64(11), np.int64(24))",3.9337895336828543,3.7825539335268674,0.0693345681086509,0.05262969064446321
"(np.int64(4), np.int64(11), np.int64(31))",7.474067006045192,6.448569572126943,0.07892487696185468,0.06275829004512512
"(np.int64(4), np.int64(11), np.int64(32))",7.4740711797816735,6.448213584498233,0.07892466084652794,0.0627558833560915
"(np.int64(4), np.int64(11), np.int64(36))",8.527762057752383,7.351660356002921,0.04152794526481485,0.031795097888577484
"(np.int64(4), np.int64(11), np.int64(37))",2.014087351023544,4.0749227216622605,0.049745673660517076,0.04042647480275996
"(np.int64(4), np.int64(11), np.int64(40))",12.48735322504835,12.578073222896963,0.0872011336826023,0.06646747472545977
"(np.int64(4), np.int64(12), np.int64(17))",9.101834248965416,8.959555496709598,0.07894433363401165,0.05113189575558563
"(np.int64(4), np.int64(12), np.int64(18))",8.054477752014732,6.299964300246027,0.07892810466181466,0.07117950254550609
"(np.int64(4), np.int64(12), np.int64(27))",4.603357205543114,4.273343270473405,-0.0070761658506453,0.10759586884616357
"(np.int64(4), np.int64(12), np.int64(30))",7.933117063148838,7.823925095259632,0.06290787098151496,0.03588317104184924
"(np.int64(4), np.int64(12), np.int64(31))",6.24391429058079,7.382809013041157,0.06249635237028939,0.08278810718688101
"(np.int64(4), np.int64(12), np.int64(38))",5.868330685797857,6.700597285186519,0.03946054109584418,0.032714003017076276
"(np.int64(4), np.int64(13), np.int64(20))",7.676806610679979,8.466395811447262,0.042698285218876864,0.04724428355611676
"(np.int64(4), np.int64(13), np.int64(21))",6.680984237266683,5.130081198137493,8.283762468497269e-05,0.06940435258362376
"(np.int64(4), np.int64(13), np.int64(24))",7.310830851425095,5.821543998512857,0.04322760144836624,0.033100363911539366
"(np.int64(4), np.int64(13), np.int64(29))",7.736655851004336,4.386386471802945,0.05362280101310335,0.08661914082839905
"(np.int64(4), np.int64(13), np.int64(35))",5.114512586903335,3.2027374757724694,0.031150959324280914,0.029261655494850602
"(np.int64(4), np.int64(13), np.int64(36))",5.114512586903335,3.2027374757724694,0.031150959324280914,0.029261655494850602
"(np.int64(4), np.int64(13), np.int64(40))",10.38257465014292,9.494799662713941,0.047408954273885584,0.06458491782941722
"(np.int64(4), np.int64(14), np.int64(15))",12.484581911471052,10.24628644988966,0.05290372477885463,0.07660335167877419
"(np.int64(4), np.int64(14), np.int64(20))",19.345429904042426,16.070057550658593,0.3699738217443719,0.3286754473533735
"(np.int64(4), np.int64(14), np.int64(25))",6.125771752443492,5.136208884664779,0.011411862182126198,0.019531190720441072
"(np.int64(4), np.int64(14), np.int64(28))",6.478921057898857,5.313160003726708,0.029923813490027706,0.029223564059082996
"(np.int64(4), np.int64(14), np.int64(29))",6.490414363336996,5.375565785072691,0.046133875045301975,0.08057756514408532
"(np.int64(4), np.int64(14), np.int64(31))",9.078286466101943,7.949245074501214,0.0675446319282107,0.09527643837539912
"(np.int64(4), np.int64(14), np.int64(32))",9.078161740332211,7.949041049595898,0.06754022577968966,0.09527536984066942
"(np.int64(4), np.int64(14), np.int64(33))",8.944876963448142,7.867900202277409,0.06625295850224955,0.09299641950703741
"(np.int64(4), np.int64(14), np.int64(34))",3.4811891225515685,4.243762544666898,0.022544365971522096,0.03019793919031155
"(np.int64(4), np.int64(14), np.int64(40))",9.731651671459833,11.40621689509624,0.08290522074694884,0.0776171983102858
"(np.int64(4), np.int64(14), np.int64(43))",15.091810653186505,13.907141555926076,0.027952686510530178,0.05525100071609701
"(np.int64(4), np.int64(15), np.int64(16))",10.20571926712653,11.371977288227756,0.12490720747448847,0.11939804554336708
"(np.int64(4), np.int64(15), np.int64(19))",14.813978817526404,12.829894519899485,0.038080406755727214,0.0492931327107029
"(np.int64(4), np.int64(15), np.int64(21))",7.367438135840599,5.961449006273368,-0.0012014100143340478,0.029755393558591914
"(np.int64(4), np.int64(15), np.int64(28))",3.1053108389355915,2.1416002213544423,0.035390120434089734,0.024885507789101258
"(np.int64(4), np.int64(15), np.int64(31))",10.119295777134617,7.4883691868383755,0.05676801161762035,0.06537028549264312
"(np.int64(4), np.int64(15), np.int64(35))",8.664120895844135,4.423570311627079,0.03349987580532843,0.01648264543432154
"(np.int64(4), np.int64(15), np.int64(38))",14.459771249286044,11.430305225205784,0.047049136075627884,0.06323143673905995
"(np.int64(4), np.int64(15), np.int64(42))",10.879287820471555,9.504788721945525,0.03573399171754399,0.0217207286377602
"(np.int64(4), np.int64(16), np.int64(18))",4.601430643607589,2.6027005336105096,0.11879808045509421,0.08252324904554087
"(np.int64(4), np.int64(16), np.int64(22))",5.5884950429986056,5.373326475877407,0.041831076336716344,0.04270767081457216
"(np.int64(4), np.int64(16), np.int64(23))",6.20390964396019,5.486261863725697,0.04264192886574547,0.04873431628768743
"(np.int64(4), np.int64(16), np.int64(32))",6.778411542275606,10.089083670068261,0.06183327426546348,0.09803439530512692
"(np.int64(4), np.int64(16), np.int64(40))",7.523633154219934,6.209086490777175,0.08107387505373831,0.0512625879445866
"(np.int64(4), np.int64(16), np.int64(43))",8.640162492363057,7.468176246209725,0.04529653967352831,0.034527917535988606
"(np.int64(4), np.int64(17), np.int64(19))",8.846056961604996,7.614995638511596,0.05190719181128123,0.05947328318575851
"(np.int64(4), np.int64(17), np.int64(21))",7.450955882612986,5.7658253894896605,-0.006514781943684711,0.04317086368230294
"(np.int64(4), np.int64(17), np.int64(22))",4.633555211364058,4.805571712568023,0.02581825100713664,0.02018475583503021
"(np.int64(4), np.int64(17), np.int64(30))",5.5045944765320405,4.372531514410888,0.02710672360635802,0.043961625886147715
"(np.int64(4), np.int64(17), np.int64(32))",6.419194984535894,5.6597110550867065,0.044644605529089,0.04152888033991653
"(np.int64(4), np.int64(17), np.int64(34))",2.9252586638729996,2.8212809361941784,0.030632612328986508,0.033004179892484053
"(np.int64(4), np.int64(17), np.int64(35))",2.9252586638729996,2.8212809361941784,0.030632612328986508,0.033004179892484053
"(np.int64(4), np.int64(17), np.int64(39))",6.605352173248976,17.48897843464821,0.04610883224619744,0.05960438641738364
"(np.int64(4), np.int64(18), np.int64(24))",3.547675354413274,2.69956801781437,0.055522239311775246,0.03602897720041187
"(np.int64(4), np.int64(18), np.int64(27))",4.948295095839941,6.464189121478366,0.0,0.04037549545935848
"(np.int64(4), np.int64(18), np.int64(28))",3.9688636953443566,4.640844482114611,0.043696549387208794,0.02908742287436772
"(np.int64(4), np.int64(18), np.int64(30))",3.1459124720829847,8.261343659733942,0.04511398317573112,0.042473060840750865
"(np.int64(4), np.int64(18), np.int64(31))",7.3438335002777375,7.3970136014573145,0.06261932540597337,0.04849533145660023
"(np.int64(4), np.int64(18), np.int64(36))",4.032697182411631,3.8616401612469455,0.041049380419867276,0.03580189864213734
"(np.int64(4), np.int64(18), np.int64(37))",2.903424914744472,2.7620663242625225,0.04465194433070352,0.024650112591344864
"(np.int64(4), np.int64(19), np.int64(20))",23.420112830914064,21.5160696420991,0.013186808155898677,0.005595613036033953
"(np.int64(4), np.int64(19), np.int64(22))",6.857378807775371,4.219109179299459,0.025339714612889863,0.02640931418566539
"(np.int64(4), np.int64(19), np.int64(29))",9.405204310892131,8.138901070570746,0.030439289463020547,0.05596254564503056
"(np.int64(4), np.int64(19), np.int64(34))",6.0275821635796065,5.950085795158132,0.023740925760193043,0.027557352698229676
"(np.int64(4), np.int64(19), np.int64(37))",12.022738781745256,10.64373292500971,0.024654541068444114,0.03613206068379082
"(np.int64(4), np.int64(20), np.int64(24))",7.263221069768755,6.383659975371794,0.021668081846837772,0.03939032630026784
"(np.int64(4), np.int64(20), np.int64(28))",7.189360653207052,5.998966479182916,0.0254794699165809,0.027053172201579323
"(np.int64(4), np.int64(20), np.int64(29))",8.546274307720152,8.463117175037091,0.030886825617853164,0.05416024520619023
"(np.int64(4), np.int64(20), np.int64(31))",13.118036741580584,12.421474032460013,0.06623527948299335,0.09131562400431081
"(np.int64(4), np.int64(20), np.int64(33))",13.179028721037584,12.911679636768607,0.06430236622434682,0.08869157770076708
"(np.int64(4), np.int64(20), np.int64(37))",12.431738506553184,10.74797289261931,0.024478161795106534,0.03595051801407145
"(np.int64(4), np.int64(21), np.int64(22))",8.255940324536974,6.58717422688781,-0.002354900659482073,0.04954422458588881
"(np.int64(4), np.int64(21), np.int64(25))",4.35701684785015,4.8346062157270575,-0.000845266566742775,0.015533436093294495
"(np.int64(4), np.int64(21), np.int64(30))",6.924357758644645,2.9473668129767363,0.03939434351811599,0.08567203874820062
"(np.int64(4), np.int64(21), np.int64(32))",7.153029380044597,7.018200971035771,-0.01251931269447859,0.04152566768118571
"(np.int64(4), np.int64(21), np.int64(36))",5.613679946500655,8.689387777275863,-0.004023834967593398,0.030331162843499015
"(np.int64(4), np.int64(21), np.int64(38))",4.028745310037905,2.55178747234797,0.047553495573495086,0.01832189026451303
"(np.int64(4), np.int64(22), np.int64(23))",5.089105485242078,5.279294708333983,0.034450730698196375,0.01526794040791224
"(np.int64(4), np.int64(22), np.int64(27))",8.360276033232383,6.35988409583912,-0.0004039069251441374,0.047862192841209295
"(np.int64(4), np.int64(22), np.int64(31))",6.493453833242834,7.040683553511551,0.024330927322480767,0.021500469774305087
"(np.int64(4), np.int64(22), np.int64(32))",6.493511920574053,7.0406523289634935,0.024331167270573606,0.021500020793425723
"(np.int64(4), np.int64(22), np.int64(33))",6.625269283042672,7.170854571778487,0.02279466606785341,0.022286641648043948
"(np.int64(4), np.int64(22), np.int64(37))",8.65821531354413,5.426344186686002,0.05032436290127107,0.042276299499841574
"(np.int64(4), np.int64(23), np.int64(35))",4.067907306879791,3.102956066968041,0.03930529920221715,0.020255587906877537
"(np.int64(4), np.int64(23), np.int64(40))",2.5274529783083266,5.424053751967088,0.03143532876489752,0.017883216559021364
"(np.int64(4), np.int64(23), np.int64(41))",1.1281996088845463,3.5536320769020384,0.014980661114368021,0.02179685141390275
"(np.int64(4), np.int64(23), np.int64(43))",4.811783000006118,3.3563357928857944,0.033778997199268024,0.016375529266581035
"(np.int64(4), np.int64(24), np.int64(26))",5.39404036058143,3.9085380573277373,0.015730125967235997,0.020022254095211856
"(np.int64(4), np.int64(24), np.int64(36))",3.6839727618411766,3.505438761778181,0.02136076488446892,0.02351034259200757
"(np.int64(4), np.int64(24), np.int64(41))",2.3730191455872576,3.063842059709965,0.015644514307217694,0.013896218947607064
"(np.int64(4), np.int64(25), np.int64(26))",6.298727614835134,3.0751693781098464,0.0274233106935029,0.017644935828856845
"(np.int64(4), np.int64(25), np.int64(29))",8.956166501481057,7.779942382994977,0.032375138401445236,0.01765606178453527
"(np.int64(4), np.int64(25), np.int64(31))",3.010452656692652,2.409123929969123,0.022588053209902426,0.01980833191318443
"(np.int64(4), np.int64(25), np.int64(35))",4.49712294295069,3.8866855172007533,0.020827276069497302,0.0183857272916782
"(np.int64(4), np.int64(25), np.int64(41))",3.256388575212495,2.330256123911459,0.018061580120876775,0.00951819995897063
"(np.int64(4), np.int64(26), np.int64(29))",6.375532008730505,7.365942620934956,0.01910877880930606,0.028914146742096913
"(np.int64(4), np.int64(26), np.int64(31))",7.996323760677956,6.471551413213721,0.060977850369331454,0.04326861847154617
"(np.int64(4), np.int64(26), np.int64(32))",7.996619436027629,6.471708524208264,0.0609845396152493,0.043268297694959656
"(np.int64(4), np.int64(26), np.int64(41))",2.974596864912468,4.213907187520937,0.01977472271903502,0.015161634884344966
"(np.int64(4), np.int64(27), np.int64(28))",10.018642192649526,8.345314720030407,-0.010137609284681992,0.02528542231345099
"(np.int64(4), np.int64(27), np.int64(32))",6.924602786279524,6.439731873866356,-0.014027575532421399,0.03781230012809256
"(np.int64(4), np.int64(27), np.int64(37))",3.1760144393292173,3.14231967482521,-0.0014828676552524067,0.04116176833534102
"(np.int64(4), np.int64(28), np.int64(32))",4.90955705312064,4.998168279842444,0.02352360462562164,0.019374242315408408
"(np.int64(4), np.int64(28), np.int64(38))",4.810791788560205,4.291333417438115,0.017956548075155454,0.017891113494993838
"(np.int64(4), np.int64(28), np.int64(41))",2.252870856945739,1.747214061485167,0.017122248581742494,0.016904202052680395
"(np.int64(4), np.int64(28), np.int64(43))",5.970377398899841,5.582259640797967,0.04569142987668806,0.02910252051620066
"(np.int64(4), np.int64(29), np.int64(32))",6.145746430800551,4.509171258479655,0.02499379009590219,0.06174483953722354
"(np.int64(4), np.int64(29), np.int64(37))",6.938535703363837,8.03700333517556,0.03759276108154208,0.0195670417037368
"(np.int64(4), np.int64(29), np.int64(39))",9.369910829691944,14.05220959746038,0.055839955896297755,0.07345111518383607
"(np.int64(4), np.int64(29), np.int64(40))",11.226428316815653,8.016116276183682,0.08736425027352113,0.051981260385880135
"(np.int64(4), np.int64(29), np.int64(42))",6.001975302089423,6.665169253835145,0.020603179651755843,0.0279165295258077
"(np.int64(4), np.int64(29), np.int64(43))",3.4969142984249935,3.646410417259678,0.0957923202475004,0.05278155289526809
"(np.int64(4), np.int64(30), np.int64(37))",8.708019736988067,10.019346158542252,0.03424170658581949,0.01949603235585451
"(np.int64(4), np.int64(31), np.int64(35))",7.153997226666721,6.049937547203267,0.03240432010901417,0.039768088406277435
"(np.int64(4), np.int64(31), np.int64(37))",3.3235145384759983,2.0229376299641166,0.03509719489725116,0.045689243567842985
"(np.int64(4), np.int64(31), np.int64(42))",10.12277792289263,13.766082217573093,0.06929646169535708,0.07054733428222537
"(np.int64(4), np.int64(32), np.int64(33))",3.6975748731746703,4.1672137409056065,0.024759331232749315,0.030538883710429898
"(np.int64(4), np.int64(32), np.int64(35))",7.1541097660956865,6.049928025068701,0.03240500807639868,0.03976764328729254
"(np.int64(4), np.int64(32), np.int64(40))",8.668221398331665,6.986313667919372,0.0455375439423944,0.06488532511369527
"(np.int64(4), np.int64(32), np.int64(41))",2.4250667640493293,2.7215037712994667,0.01851873892883138,0.027336458826592303
"(np.int64(4), np.int64(32), np.int64(42))",10.121803060201204,13.764931512956174,0.06930504242281177,0.07052996772592135
"(np.int64(4), np.int64(33), np.int64(34))",7.178265864663869,6.176673216896225,0.033250230351619225,0.04076724049173375
"(np.int64(4), np.int64(33), np.int64(36))",7.178265864663869,6.176673216896225,0.033250230351619225,0.04076724049173375
"(np.int64(4), np.int64(34), np.int64(38))",4.628320135746214,4.247282679824023,0.03623340573977185,0.020941074438963092
"(np.int64(4), np.int64(35), np.int64(36))",9.3728017572053,8.349316866769481,0.0007182236100341521,0.000424471185820674
"(np.int64(4), np.int64(35), np.int64(38))",4.628320135746214,4.247282679824023,0.03623340573977185,0.020941074438963092
"(np.int64(4), np.int64(35), np.int64(40))",5.876800750770222,7.902245544039157,0.02205463903207605,0.023934660554073117
"(np.int64(4), np.int64(35), np.int64(43))",2.8226984879743906,2.966916413746213,0.028444863105675622,0.03195621949121741
"(np.int64(4), np.int64(36), np.int64(41))",2.9844834375638585,2.0451625168999463,0.01299963086171041,0.013113278570776932
"(np.int64(4), np.int64(36), np.int64(42))",4.815044861166387,4.193860660392298,0.04068816450942103,0.025121040611804313
"(np.int64(4), np.int64(37), np.int64(43))",6.858662670434431,6.3854584061800805,0.055960226292017023,0.05520009329945963
"(np.int64(4), np.int64(38), np.int64(39))",7.208827499472222,12.089124725312583,0.02881555782316214,0.02002118923134244
"(np.int64(4), np.int64(38), np.int64(43))",17.06611435719498,15.803479132648162,0.09842699418965162,0.07511091008643012
"(np.int64(4), np.int64(39), np.int64(40))",8.728527107237316,17.475511134780305,0.11243887400482022,0.10029248543723679
"(np.int64(4), np.int64(40), np.int64(41))",5.7287353538160275,2.602168475372211,0.004297270298483591,0.01539065011712426
"(np.int64(4), np.int64(41), np.int64(42))",5.27829741522105,3.7915176730681135,0.009926737329436164,0.016942791932893053
"(np.int64(5), np.int64(6), np.int64(10))",7.696851373183776,7.734610162814872,0.06614346870479648,0.08055056669367644
"(np.int64(5), np.int64(6), np.int64(17))",4.652122887697152,5.807628923808381,0.060588374277735,0.04259989596418845
"(np.int64(5), np.int64(6), np.int64(23))",9.119050084313058,8.16356442934245,0.008647364090903054,0.008635249388242117
"(np.int64(5), np.int64(6), np.int64(26))",6.711940878963923,5.178747170852721,0.029977628238504583,0.028941124926846085
"(np.int64(5), np.int64(6), np.int64(31))",3.5419732147883143,5.304121074265014,0.09121873817103587,0.09880476604130672
"(np.int64(5), np.int64(6), np.int64(38))",23.4255645087829,13.760330476114467,0.0256912504153054,0.07808052893960293
"(np.int64(5), np.int64(7), np.int64(11))",12.713243868322875,16.124955948065182,0.042270406829950424,0.05824215255733489
"(np.int64(5), np.int64(7), np.int64(12))",12.94378452439031,13.130128845216273,0.023761353168485155,0.02434945419383716
"(np.int64(5), np.int64(7), np.int64(13))",11.832511115898413,12.41797608596223,0.030065049055466142,0.053505010777749606
"(np.int64(5), np.int64(7), np.int64(19))",10.917816961918916,9.66166846676835,0.05299103958568663,0.045866598444085804
"(np.int64(5), np.int64(7), np.int64(22))",8.542109630420107,8.013948349573948,0.015829470058703388,0.02425345608133822
"(np.int64(5), np.int64(7), np.int64(23))",12.780503239275218,7.766691638679699,0.015249079253376818,0.007518182763322945
"(np.int64(5), np.int64(7), np.int64(24))",6.743771698615705,7.5400709263802295,0.025271066639210193,0.034059289829523776
"(np.int64(5), np.int64(7), np.int64(25))",4.722691527800755,7.556055000018601,0.015232739794471484,0.008293274270683937
"(np.int64(5), np.int64(7), np.int64(36))",4.481306034959432,4.346535701282123,0.03475855078647638,0.029357019425775177
"(np.int64(5), np.int64(7), np.int64(37))",7.917287932510984,8.52566467482794,0.05245801083007451,0.042893085562636935
"(np.int64(5), np.int64(7), np.int64(40))",15.449604554605472,7.132478956330425,0.01792191611057692,0.0320600817267046
"(np.int64(5), np.int64(8), np.int64(9))",8.65291103012326,7.440183958183838,0.025467359162766767,0.02461304736638148
"(np.int64(5), np.int64(8), np.int64(18))",7.957085197680383,7.225517141831461,0.03806740609852777,0.02351865434053657
"(np.int64(5), np.int64(8), np.int64(23))",10.918359361054883,4.911510040064224,0.01022852204602831,0.004876503936951715
"(np.int64(5), np.int64(8), np.int64(27))",5.782342698970122,5.0454854612128655,-0.02047675180341657,0.027609375610147646
"(np.int64(5), np.int64(8), np.int64(28))",7.6882984668976375,6.4060566544080775,0.040322479936354405,0.01962992516763229
"(np.int64(5), np.int64(8), np.int64(34))",2.4095083457497988,4.716512875139085,0.015720324952484988,0.01109050477841178
"(np.int64(5), np.int64(8), np.int64(36))",2.4095083457497988,4.716512875139085,0.015720324952484988,0.01109050477841178
"(np.int64(5), np.int64(8), np.int64(37))",4.348319216763622,2.509630990869031,0.021273327949458132,0.013924259610192058
"(np.int64(5), np.int64(8), np.int64(38))",13.062495984209813,11.427775855992179,0.005075725722688329,0.009483864040947143
"(np.int64(5), np.int64(9), np.int64(12))",11.32965906833637,10.289226374044333,0.018303304879367155,0.016276258079425232
"(np.int64(5), np.int64(9), np.int64(20))",8.442849495160832,6.804327665981569,0.05327978886554319,0.047110436238150366
"(np.int64(5), np.int64(9), np.int64(26))",7.233518912935358,10.543767567634871,0.023306635035750145,0.017614296535142016
"(np.int64(5), np.int64(9), np.int64(35))",5.487260795195575,4.626888060715732,0.04969283804388891,0.037510202930755576
"(np.int64(5), np.int64(9), np.int64(36))",5.487260795195575,4.626888060715732,0.04969283804388891,0.037510202930755576
"(np.int64(5), np.int64(10), np.int64(11))",4.836297379823137,6.149967985139035,0.06608208729549381,0.05839093327070033
"(np.int64(5), np.int64(10), np.int64(13))",6.032469828365191,4.4628810706307105,0.049520179780439655,0.0644747436213089
"(np.int64(5), np.int64(10), np.int64(14))",7.587852980821673,6.534732640995453,0.05869542072329026,0.04884551572477247
"(np.int64(5), np.int64(10), np.int64(23))",9.371197214411055,5.8803639777075976,0.009490127500808132,0.008857489839847688
"(np.int64(5), np.int64(10), np.int64(29))",7.761959862156815,10.195051864162807,0.07410995873822668,0.08440660638704112
"(np.int64(5), np.int64(10), np.int64(32))",6.249986976631084,6.4055752895603595,0.069687699443721,0.07668581913657646
"(np.int64(5), np.int64(10), np.int64(37))",7.073068461084578,7.581717397796428,0.09676814656405519,0.07479305923922486
"(np.int64(5), np.int64(10), np.int64(42))",10.776444136281174,12.01181749140075,0.023684778180738553,0.019631403801463443
"(np.int64(5), np.int64(11), np.int64(14))",9.810945398372509,10.488834307711565,0.05597036814927492,0.04928993107607904
"(np.int64(5), np.int64(11), np.int64(18))",9.079008742625176,11.089879858013752,0.06077295994677068,0.04008931701785845
"(np.int64(5), np.int64(11), np.int64(30))",22.256594072817514,19.97867778253059,0.13160881785367762,0.047274251800062506
"(np.int64(5), np.int64(11), np.int64(32))",8.012785019904397,9.588320503661807,0.07798938732029248,0.09927067018801072
"(np.int64(5), np.int64(12), np.int64(14))",3.81345140543284,3.5088569406374535,0.027453153472827285,0.017743200006138493
"(np.int64(5), np.int64(12), np.int64(16))",2.479251224540952,3.660778986209148,0.013412689681683632,0.011682864460731746
"(np.int64(5), np.int64(12), np.int64(18))",9.979110979107832,8.416275859414235,0.03807632983093012,0.02357052525753811
"(np.int64(5), np.int64(12), np.int64(24))",5.915566939648988,4.879287168982785,0.02978375564514235,0.0345506055930187
"(np.int64(5), np.int64(12), np.int64(27))",9.027609685593463,6.991956436070138,0.003721557485978799,0.02217152147863466
"(np.int64(5), np.int64(12), np.int64(28))",3.8382689522013,5.389507359185375,0.04645457678506304,0.03857290588579865
"(np.int64(5), np.int64(12), np.int64(30))",14.699327187978538,10.330476090527203,0.053934541500390454,0.016770132048434583
"(np.int64(5), np.int64(12), np.int64(37))",6.520744006397112,8.285222147642882,0.03730151864567355,0.038266076042683395
"(np.int64(5), np.int64(12), np.int64(39))",15.689899435928035,10.61324479139772,0.022234190017077715,0.02639590598182262
"(np.int64(5), np.int64(12), np.int64(40))",15.728810411368624,12.016940343992465,0.02182186304075795,0.03165270663345021
"(np.int64(5), np.int64(13), np.int64(14))",10.589724906025085,10.338501188260098,0.027691887738916954,0.02379624985734008
"(np.int64(5), np.int64(13), np.int64(24))",6.201055115116819,6.021510864565034,0.026524302177913572,0.05361231613894857
"(np.int64(5), np.int64(13), np.int64(27))",8.544877272304666,8.786653769934636,0.007981874592960181,0.019481338741724752
"(np.int64(5), np.int64(13), np.int64(29))",13.28207881091536,7.210403471098493,0.032009585008581753,0.03799799721950248
"(np.int64(5), np.int64(13), np.int64(30))",12.44846294770487,5.830193909470253,0.04579671642549721,0.04230812347221091
"(np.int64(5), np.int64(13), np.int64(32))",7.205148419380981,3.993927657570549,0.0517526736761067,0.08229160923894097
"(np.int64(5), np.int64(14), np.int64(15))",5.057204276739041,6.341116801033902,0.12225960798434843,0.11654673799103077
"(np.int64(5), np.int64(14), np.int64(17))",10.87110414586169,8.615902850412843,0.03860727052122093,0.044269105861729496
"(np.int64(5), np.int64(14), np.int64(29))",5.687473388588985,5.6069045721651625,0.0341153676826188,0.027117660299126434
"(np.int64(5), np.int64(14), np.int64(34))",3.8365943718308353,4.775997271654646,0.024945076113473297,0.021791650431131515
"(np.int64(5), np.int64(14), np.int64(43))",6.538585529992462,7.013592615908616,0.04866646863192314,0.06639777058590102
"(np.int64(5), np.int64(15), np.int64(18))",11.891384511605402,10.355695749950264,0.14957805855711082,0.13454269165902377
"(np.int64(5), np.int64(15), np.int64(20))",6.879248805628172,6.747330970002334,0.08702834394924097,0.04103816587561537
"(np.int64(5), np.int64(15), np.int64(22))",5.7492706712809225,6.312934716465219,0.04429645477456701,0.050579017394841386
"(np.int64(5), np.int64(15), np.int64(23))",7.555856996228356,6.631923328882248,0.0038480518499686145,0.0051973178145894305
"(np.int64(5), np.int64(15), np.int64(27))",5.40306341317688,6.971028271704294,-0.001040146896271743,0.035611421941848076
"(np.int64(5), np.int64(15), np.int64(28))",5.875421387767393,6.815980762119628,0.0670271950540855,0.039404893583071754
"(np.int64(5), np.int64(15), np.int64(29))",11.358915295771249,9.354777978574527,-0.011567116759320095,0.07472082296784344
"(np.int64(5), np.int64(15), np.int64(36))",5.0053503547211715,5.140324711126887,0.041335608660906575,0.02346164817504215
"(np.int64(5), np.int64(16), np.int64(26))",9.10761244396204,6.898389326771019,0.018072165092804404,0.017151008894613184
"(np.int64(5), np.int64(16), np.int64(34))",4.574438658770646,3.68449226714205,0.017896792683830265,0.022658961096326258
"(np.int64(5), np.int64(16), np.int64(38))",13.116202076222054,14.313398565552115,0.0022910920199628038,0.029302779717183425
"(np.int64(5), np.int64(16), np.int64(42))",8.724808776091889,8.96252381186977,0.03270073555646169,0.030942757660369025
"(np.int64(5), np.int64(17), np.int64(18))",10.478525774994395,9.136439966249194,0.065031182618979,0.07159406824661652
"(np.int64(5), np.int64(17), np.int64(22))",7.52364895351435,6.962111265668131,0.016322536579290392,0.02091693944464379
"(np.int64(5), np.int64(17), np.int64(26))",9.073312891117661,6.824264650190575,0.030399025784737965,0.024026933522182548
"(np.int64(5), np.int64(17), np.int64(29))",9.843408277404643,5.775884034211408,0.03439587747052608,0.025222788430568355
"(np.int64(5), np.int64(17), np.int64(35))",4.431530322349195,4.204871997355937,0.03131602165435188,0.0223293349111765
"(np.int64(5), np.int64(17), np.int64(36))",4.431530322349195,4.204871997355937,0.03131602165435188,0.0223293349111765
"(np.int64(5), np.int64(17), np.int64(37))",6.760670048544158,6.165617359676321,0.049430286990986505,0.04033565062434141
"(np.int64(5), np.int64(18), np.int64(20))",10.21109648805009,7.777225297004561,0.04921925481079514,0.03941381704580604
"(np.int64(5), np.int64(18), np.int64(24))",7.929280188939137,10.723717113371748,0.03679727725521997,0.02060793253382709
"(np.int64(5), np.int64(18), np.int64(27))",9.591789819741754,4.572865082747143,-0.0003561875214430632,0.028310370858366518
"(np.int64(5), np.int64(18), np.int64(30))",19.770598817044476,18.15567986277166,0.1251792311666997,0.036614007638146595
"(np.int64(5), np.int64(18), np.int64(35))",5.201375520186318,4.0234205512446755,0.05525693530611475,0.0372663574397204
"(np.int64(5), np.int64(18), np.int64(36))",5.201375520186318,4.0234205512446755,0.05525693530611475,0.0372663574397204
"(np.int64(5), np.int64(18), np.int64(37))",7.772005613523523,7.015236443983717,0.060798964445881065,0.03505900415907148
"(np.int64(5), np.int64(18), np.int64(40))",16.411254210479083,9.13258563887596,0.03125645352798734,0.04189223954165622
"(np.int64(5), np.int64(18), np.int64(42))",8.067249848152777,12.466990052547818,0.03948964135123745,0.06407369918415606
"(np.int64(5), np.int64(19), np.int64(20))",14.34679817891486,15.164583849899339,0.011010557120296416,0.009927263204569159
"(np.int64(5), np.int64(19), np.int64(27))",7.095243522774365,5.955975505373495,0.006360476657800596,0.03484226977042637
"(np.int64(5), np.int64(19), np.int64(29))",6.993979224047033,5.767268668844428,0.09462642649948416,0.08767528188326545
"(np.int64(5), np.int64(19), np.int64(35))",4.461010328742306,4.285509177220956,0.023367357879796935,0.019655496126425698
"(np.int64(5), np.int64(19), np.int64(37))",4.487418595314337,2.875692097240682,0.07576771689498252,0.07224591338105546
"(np.int64(5), np.int64(19), np.int64(39))",10.880743696949747,12.985922083764866,0.052303748158061714,0.04459370642802862
"(np.int64(5), np.int64(20), np.int64(23))",8.541401803308718,5.899676185917328,0.009990982371011925,0.006215940247114804
"(np.int64(5), np.int64(20), np.int64(33))",9.215859136177631,9.246087179296754,0.100538289075497,0.12167678516847891
"(np.int64(5), np.int64(20), np.int64(36))",4.671979145045492,4.505987700772808,0.024415664281653315,0.019860811478700446
"(np.int64(5), np.int64(20), np.int64(37))",4.679501771018421,2.554978632116375,0.0738732316104107,0.07271036898291394
"(np.int64(5), np.int64(20), np.int64(38))",16.69111562348906,16.08870234657471,0.04658468330662657,0.031054966727711686
"(np.int64(5), np.int64(20), np.int64(40))",12.0032071531396,11.749495151975106,0.026164003475024344,0.04923645375520491
"(np.int64(5), np.int64(20), np.int64(43))",8.75099547362534,7.699699646485616,0.04042951340094303,0.05761231983268755
"(np.int64(5), np.int64(21), np.int64(23))",3.7984943500472967,2.9999240044017443,0.0,0.00428813517659421
"(np.int64(5), np.int64(21), np.int64(28))",4.553526754129196,6.779305075586585,-0.0018033917517994436,0.04177809820829381
"(np.int64(5), np.int64(21), np.int64(37))",8.39748354983903,4.643918100160506,0.004955499753107828,0.01670272422365071
"(np.int64(5), np.int64(21), np.int64(38))",6.245672096689056,5.5884377585104295,0.0009299266239360948,0.017404442222725414
"(np.int64(5), np.int64(22), np.int64(33))",6.352858209116031,4.383460135611881,0.03808754922554081,0.04251629703024651
"(np.int64(5), np.int64(23), np.int64(28))",2.9268926173284098,2.632921670222653,0.00654074039624597,0.003706555175900794
"(np.int64(5), np.int64(23), np.int64(36))",7.479670270368301,3.8654969963628316,0.015099496251581468,0.006576526772466007
"(np.int64(5), np.int64(24), np.int64(33))",7.221642154569574,7.991332600864732,0.024052923511341584,0.030726254425587074
"(np.int64(5), np.int64(24), np.int64(43))",3.607039545584172,5.367300221066315,0.05496748798574602,0.040408010537024364
"(np.int64(5), np.int64(25), np.int64(30))",11.529100599394958,13.314396567634343,0.035229552217284965,0.02155749062822654
"(np.int64(5), np.int64(25), np.int64(34))",5.33305852050638,4.344343148047622,0.023798478206436435,0.01659163134518271
"(np.int64(5), np.int64(25), np.int64(40))",13.887188145208956,4.94419917694493,0.014385757610468342,0.012290157187343165
"(np.int64(5), np.int64(25), np.int64(43))",5.371083531745252,3.4012555522939447,0.01805763102120006,0.011735985130091997
"(np.int64(5), np.int64(26), np.int64(30))",8.03647804086126,7.288111031643957,0.0324078358923765,0.025061464630145136
"(np.int64(5), np.int64(26), np.int64(31))",4.77789062618674,8.424869699700507,0.03344950906302391,0.05462649996374247
"(np.int64(5), np.int64(26), np.int64(32))",4.778585886619166,8.424939593659065,0.03346050306462822,0.05463055165064257
"(np.int64(5), np.int64(26), np.int64(41))",5.553663340430241,6.642334738196416,0.0045542631585412385,0.00783693484326442
"(np.int64(5), np.int64(27), np.int64(30))",4.6654469833493755,4.713733298078943,0.03954395475257377,0.02724373334818142
"(np.int64(5), np.int64(27), np.int64(37))",9.600029591648081,4.400919406470192,0.005086575679858707,0.0168095799517487
"(np.int64(5), np.int64(27), np.int64(39))",9.138346102694815,8.491607246088128,0.00851200342607683,0.021474470543736746
"(np.int64(5), np.int64(28), np.int64(34))",2.79614950857394,2.235031927881356,0.015955119675107876,0.016007474911161945
"(np.int64(5), np.int64(29), np.int64(31))",5.338628950851731,3.787477084121931,0.05658471129017251,0.09838274822534687
"(np.int64(5), np.int64(29), np.int64(35))",7.38183405021386,5.828507101622387,0.053472592525163676,0.01944671057983227
"(np.int64(5), np.int64(30), np.int64(32))",7.155558216767886,6.219509765771505,0.034957776208293434,0.08613549260900932
"(np.int64(5), np.int64(30), np.int64(33))",7.4333295870387746,6.499066266703212,0.031210046918383916,0.0778688799024232
"(np.int64(5), np.int64(30), np.int64(35))",8.951745405116254,7.2473348399214705,0.06430184640418035,0.024738355525471212
"(np.int64(5), np.int64(30), np.int64(39))",8.86068813465686,13.344809672573557,0.05722182742636028,0.03680401805626898
"(np.int64(5), np.int64(31), np.int64(36))",4.6162277594304,6.449328797984284,0.036864554605643085,0.02994797669818161
"(np.int64(5), np.int64(31), np.int64(39))",6.097159789238415,13.30724587033523,0.018566038541710683,0.03972794317578021
"(np.int64(5), np.int64(31), np.int64(43))",6.705216105316428,6.640926528523077,0.04939260119565847,0.05611608885142039
"(np.int64(5), np.int64(32), np.int64(35))",4.61612959542063,6.449151341033888,0.03684473683516132,0.029945793642031315
"(np.int64(5), np.int64(32), np.int64(41))",4.66393850305797,4.8517581410597375,0.005221828635294301,0.007958650543516854
"(np.int64(5), np.int64(32), np.int64(42))",7.647058901479516,7.21477878101953,0.025191460818544398,0.027319064545527683
"(np.int64(5), np.int64(33), np.int64(35))",4.979610661068193,7.2563582469209935,0.04343720051437383,0.031279136681811814
"(np.int64(5), np.int64(33), np.int64(41))",4.885203359145437,4.527935705186706,0.002790126474523813,0.007564542921656647
"(np.int64(5), np.int64(36), np.int64(38))",6.8831162217012265,6.052058462676563,0.01193072441326748,0.018214866962050658
"(np.int64(5), np.int64(36), np.int64(41))",4.364880951197621,3.293943574188475,0.007319532564873721,0.00606992465668077
"(np.int64(5), np.int64(36), np.int64(42))",5.354426309506014,6.594948032036282,0.02135551735377461,0.02764807335031838
"(np.int64(5), np.int64(37), np.int64(42))",6.540738456344862,5.292995452042355,0.03553046691691286,0.031929397116375435
"(np.int64(5), np.int64(37), np.int64(43))",5.8354799177005265,5.750436716769317,0.03033434351994846,0.0316175003294803
"(np.int64(5), np.int64(38), np.int64(43))",11.845667661241826,13.53673040491556,-0.002051136048588309,0.06196143543810906
"(np.int64(5), np.int64(39), np.int64(40))",9.83945272396334,13.088033854993085,0.0210587832625323,0.05441810130993907
"(np.int64(5), np.int64(39), np.int64(42))",11.767802533311485,9.497235531107806,0.025203339907085343,0.030103168923239276
"(np.int64(6), np.int64(7), np.int64(10))",3.050707815530569,3.749212796174845,0.026356346333760272,0.03875500139648225
"(np.int64(6), np.int64(7), np.int64(26))",3.67974888890181,3.5931680801869934,0.03402905629146935,0.036434758979477344
"(np.int64(6), np.int64(7), np.int64(28))",2.2462944906527342,2.257169102287996,0.031242076014595943,0.03925691321529934
"(np.int64(6), np.int64(7), np.int64(32))",4.192363864582682,2.3247228029687235,0.050598628881853513,0.04472762342149261
"(np.int64(6), np.int64(7), np.int64(35))",3.12351791212007,3.4006816835997276,0.031562424700010916,0.03273644585064728
"(np.int64(6), np.int64(8), np.int64(12))",3.525193732830141,4.065143300803578,0.018775590495370476,0.024197465953738617
"(np.int64(6), np.int64(8), np.int64(14))",5.481275323184814,3.31837524183421,0.0503173067847682,0.04531963158008956
"(np.int64(6), np.int64(8), np.int64(17))",2.540415708139674,2.7248919452673985,0.02673660455701099,0.0392662621486799
"(np.int64(6), np.int64(8), np.int64(19))",6.540255261548842,3.2977511753423157,0.05853037263160199,0.07154950757799183
"(np.int64(6), np.int64(8), np.int64(28))",3.9339881914225563,2.7346620905182437,0.061358543260176535,0.029222179330249398
"(np.int64(6), np.int64(8), np.int64(38))",2.881554832354254,3.59486369421576,0.021799504367449596,0.010746486765595642
"(np.int64(6), np.int64(8), np.int64(42))",2.4780140896533718,1.4454555052621159,0.036492899752921804,0.03015652451972728
"(np.int64(6), np.int64(9), np.int64(14))",7.375024421481479,7.101514152969337,0.06420316017704597,0.03704310632217678
"(np.int64(6), np.int64(9), np.int64(16))",6.061414712491705,5.013829864504296,0.15816948613743986,0.15826899305121955
"(np.int64(6), np.int64(9), np.int64(21))",7.85716518461074,4.669773051578725,-0.004166858703226306,0.03756132605991991
"(np.int64(6), np.int64(9), np.int64(22))",5.315004624662575,6.485677952826491,0.040308374926071755,0.033603839774386635
"(np.int64(6), np.int64(9), np.int64(36))",10.30667560468836,5.566678034456579,0.05291963916098519,0.045525114992143956
"(np.int64(6), np.int64(10), np.int64(12))",3.1407178653352457,3.1580468099467915,0.07432580301269176,0.07271688175614621
"(np.int64(6), np.int64(10), np.int64(14))",12.412698350230734,13.83459970224191,0.08909636886319805,0.10917127672004201
"(np.int64(6), np.int64(10), np.int64(16))",5.880711520173488,6.584384094104217,0.09699973402400874,0.1073803438858415
"(np.int64(6), np.int64(10), np.int64(19))",15.037886114792407,17.51418546576599,0.09478080769274899,0.10072903632586194
"(np.int64(6), np.int64(10), np.int64(20))",15.271614189025998,17.832175955300983,0.09649875993764212,0.09957567440650561
"(np.int64(6), np.int64(10), np.int64(21))",4.992730142401428,7.158348548324997,0.005895870855149199,0.04296172838623624
"(np.int64(6), np.int64(10), np.int64(25))",3.4043296532052345,2.594916016425732,0.020256869842076863,0.016530654154895297
"(np.int64(6), np.int64(10), np.int64(32))",5.788780162068344,4.274093752280858,0.08419172266096941,0.06110476448008895
"(np.int64(6), np.int64(10), np.int64(34))",3.302302367084105,2.3134921844437555,0.03311313382922432,0.03503493751360798
"(np.int64(6), np.int64(10), np.int64(39))",15.895990292226745,16.99444208390569,0.053083874324381775,0.05598774479108437
"(np.int64(6), np.int64(10), np.int64(40))",15.687020683883762,17.311815376264885,0.048538355277655154,0.061500885911545455
"(np.int64(6), np.int64(10), np.int64(42))",11.14584324987177,6.484167565027243,0.04971208771162461,0.04001357551385598
"(np.int64(6), np.int64(11), np.int64(19))",3.732031833707095,3.236600718806566,0.045853287989789715,0.061072648998644063
"(np.int64(6), np.int64(11), np.int64(23))",3.3184952202171947,2.6323019518880146,0.037138375782125865,0.02395547653940766
"(np.int64(6), np.int64(11), np.int64(25))",2.714124316452256,3.4505982979917578,0.023145125282252432,0.005738051822123613
"(np.int64(6), np.int64(11), np.int64(26))",3.0488039030140293,2.0980733059361842,0.05905243654002956,0.05378523817513181
"(np.int64(6), np.int64(11), np.int64(27))",9.974403279708792,5.807169950352606,0.016147255540740035,0.051884457458856725
"(np.int64(6), np.int64(11), np.int64(29))",10.168796859303471,9.142936755338338,0.01180954945382029,0.03222968212167432
"(np.int64(6), np.int64(11), np.int64(30))",14.976800121872333,13.296936674619568,0.016677252135674947,0.04601444289850898
"(np.int64(6), np.int64(11), np.int64(36))",7.8829853339122264,5.960928692662271,0.05675786610360001,0.05015282377160013
"(np.int64(6), np.int64(11), np.int64(39))",6.799565996552727,7.141198719896721,0.06627614238372348,0.09439845827701276
"(np.int64(6), np.int64(11), np.int64(42))",4.98120318407767,2.760254381701856,0.03675607231271871,0.036884128869299704
"(np.int64(6), np.int64(12), np.int64(19))",7.075126182319059,5.466192713157435,0.06647007831280816,0.0658750613091621
"(np.int64(6), np.int64(12), np.int64(24))",5.701128058307876,5.038546016380719,0.07449562549159205,0.06247271929197873
"(np.int64(6), np.int64(12), np.int64(28))",4.472511697096817,3.6087706274289397,0.04868578220938713,0.022452617498725624
"(np.int64(6), np.int64(12), np.int64(29))",5.72393700721262,7.503270018494809,-0.009054562782356279,0.030316325498093266
"(np.int64(6), np.int64(12), np.int64(31))",5.753720855117693,4.699357324991679,0.10556851242728627,0.11055919272597903
"(np.int64(6), np.int64(12), np.int64(34))",8.441469643015699,7.225613423637138,0.04861497195832998,0.04893739330352409
"(np.int64(6), np.int64(12), np.int64(39))",11.341130190890736,15.555044583757267,0.052722816000635,0.04321088512818694
"(np.int64(6), np.int64(13), np.int64(17))",5.274206925021383,2.7487023607670613,0.07012359086605335,0.06035754074473343
"(np.int64(6), np.int64(13), np.int64(28))",3.561048517315395,4.92283397388961,0.044019889329323214,0.030289737862168153
"(np.int64(6), np.int64(13), np.int64(29))",4.604196932178477,4.345821016493925,0.07948957583893979,0.044142246082174874
"(np.int64(6), np.int64(13), np.int64(30))",5.217617676156042,4.023256497207847,0.09939024724123846,0.057165631447209764
"(np.int64(6), np.int64(13), np.int64(34))",3.881481976410048,4.40042753416897,0.04449903682363765,0.037594721731911696
"(np.int64(6), np.int64(13), np.int64(38))",5.935779256925766,7.9947287432377845,0.052603159365285146,0.06392928889458638
"(np.int64(6), np.int64(13), np.int64(43))",5.533206896891592,5.4903813233054475,0.06282158569437213,0.0842314854966183
"(np.int64(6), np.int64(14), np.int64(18))",10.240164678004053,9.724345587362725,0.05985981350025715,0.038410910278964705
"(np.int64(6), np.int64(14), np.int64(31))",7.121738142182343,4.32758853515036,0.12397926427359096,0.13924178371133844
"(np.int64(6), np.int64(14), np.int64(32))",7.121665419522045,4.327820023011519,0.12398841758126555,0.13924779462886983
"(np.int64(6), np.int64(14), np.int64(35))",2.4497047184028196,4.837771993809577,0.03436462358600956,0.047888024374380334
"(np.int64(6), np.int64(14), np.int64(39))",13.642396781004733,21.14246820606558,0.06774570839415628,0.05401607424732824
"(np.int64(6), np.int64(15), np.int64(16))",7.861052474140082,6.36350880711605,0.10167203118238521,0.11452768477951691
"(np.int64(6), np.int64(15), np.int64(18))",6.4581914189969085,8.017082143380637,0.062033051475181344,0.05854977363875569
"(np.int64(6), np.int64(15), np.int64(23))",8.49825367482036,8.740980966321887,0.010152732629967187,0.010202150134478671
"(np.int64(6), np.int64(15), np.int64(24))",5.596458515657601,4.533134879252709,0.05077919181122348,0.04116336260080511
"(np.int64(6), np.int64(15), np.int64(25))",8.94455567258452,8.72867611253124,0.0128340805746876,0.010233795617242802
"(np.int64(6), np.int64(15), np.int64(30))",15.827721769484857,6.361435345838456,0.071710118406345,0.057955403730319266
"(np.int64(6), np.int64(15), np.int64(33))",4.474057038929124,5.085268853120565,0.08048945504477412,0.0917141616813475
"(np.int64(6), np.int64(15), np.int64(38))",21.805664492224683,11.453487048539438,0.05633907836235841,0.0531407743071709
"(np.int64(6), np.int64(15), np.int64(40))",8.831302844102147,12.433941895433211,0.0691033850468381,0.0633330723421609
"(np.int64(6), np.int64(15), np.int64(43))",3.143488495184355,6.389217754331732,0.0611171521343058,0.07817102262442355
"(np.int64(6), np.int64(16), np.int64(22))",5.42391999910474,5.262416178096324,0.06533814341976196,0.06731533923259214
"(np.int64(6), np.int64(16), np.int64(23))",3.865596474366675,6.892241658344124,0.06578223620058454,0.057303002302728334
"(np.int64(6), np.int64(16), np.int64(24))",4.975417501984175,5.395750258126308,0.06716311085629578,0.09161088632331926
"(np.int64(6), np.int64(16), np.int64(29))",6.010643642144752,5.167169913359853,0.0314334617426667,0.08977728759092962
"(np.int64(6), np.int64(16), np.int64(30))",6.386359125875899,5.214769926825231,0.04226903266626836,0.0771168167286791
"(np.int64(6), np.int64(16), np.int64(33))",5.056693549009657,5.253634017663025,0.13973612956269266,0.1328252787875055
"(np.int64(6), np.int64(16), np.int64(38))",14.103612348279917,10.50713962926159,0.11474565694293759,0.1535914050901953
"(np.int64(6), np.int64(16), np.int64(41))",1.8985291309546728,3.4568177330147263,0.004389183782331441,0.013510180179810205
"(np.int64(6), np.int64(17), np.int64(23))",2.147387181122552,3.7997322393873527,0.03442811079140062,0.02936473486812563
"(np.int64(6), np.int64(17), np.int64(25))",4.804730038299126,4.121361154548473,0.01267549981191507,0.016286907596826827
"(np.int64(6), np.int64(17), np.int64(26))",3.6315475921540465,2.971005667793529,0.029078112140155432,0.024958643680625392
"(np.int64(6), np.int64(17), np.int64(27))",5.39039458267477,2.689349754549137,-0.003619535262475715,0.04392501676241456
"(np.int64(6), np.int64(17), np.int64(28))",2.006822109473786,2.5455922830650493,0.01761401207414215,0.02226975525398256
"(np.int64(6), np.int64(17), np.int64(40))",7.649266175391931,6.453676849926776,0.06283994922074188,0.05890677800587085
"(np.int64(6), np.int64(17), np.int64(42))",3.3221627973453414,3.533324666093969,0.050630543990402344,0.048819542523442894
"(np.int64(6), np.int64(17), np.int64(43))",2.172926667618344,2.9214896517276148,0.0491233288366929,0.06641617733959315
"(np.int64(6), np.int64(18), np.int64(20))",9.439922688913637,8.805457114969256,0.037188254747616334,0.03241248411314801
"(np.int64(6), np.int64(18), np.int64(21))",8.43149475015443,3.5165167859724447,0.002453985608940501,0.027565093314135036
"(np.int64(6), np.int64(18), np.int64(25))",1.5003800766707638,2.378827671956288,0.02700686706955624,0.011457953443722135
"(np.int64(6), np.int64(18), np.int64(26))",3.8669338993651046,3.3486580249139126,0.03491232871613592,0.04214606154875389
"(np.int64(6), np.int64(18), np.int64(28))",4.108093339778144,4.589013012242155,0.04135169601136102,0.03591911862122732
"(np.int64(6), np.int64(18), np.int64(29))",9.15091704733154,10.555208215690719,0.04876568038889584,0.054404650764357854
"(np.int64(6), np.int64(18), np.int64(30))",13.131947641063396,13.971632672790452,0.04329642775714404,0.07219676597865321
"(np.int64(6), np.int64(18), np.int64(31))",8.701904918510687,7.83784618320209,0.05520139199143037,0.06790740622272862
"(np.int64(6), np.int64(18), np.int64(36))",10.038925435453251,5.705080490548712,0.042398591345670256,0.04882854929468816
"(np.int64(6), np.int64(18), np.int64(42))",8.264026675227505,7.578260388359493,0.03978736941068528,0.04977822661747344
"(np.int64(6), np.int64(19), np.int64(21))",9.582588624640286,12.058908301192638,-0.00012235701989116166,0.025827198939454177
"(np.int64(6), np.int64(19), np.int64(22))",4.937223976737153,4.323804827032982,0.07267956704342005,0.07454323514062278
"(np.int64(6), np.int64(19), np.int64(23))",8.63483874436017,8.284026015013183,0.015304303793577945,0.0233150986226911
"(np.int64(6), np.int64(19), np.int64(25))",4.137500923979743,5.412571576254779,0.01247188412649236,0.006143471242700871
"(np.int64(6), np.int64(19), np.int64(36))",4.566067440117453,4.295149026856443,0.040522643982887185,0.04444385506014892
"(np.int64(6), np.int64(19), np.int64(38))",23.439675265673916,21.864618712765587,0.017622687375420276,0.03935750138623961
"(np.int64(6), np.int64(19), np.int64(42))",4.622048486894794,5.821601571694226,0.017899271313507548,0.027387425361527717
"(np.int64(6), np.int64(19), np.int64(43))",10.298596771919128,12.9097607346778,0.016183754910710668,0.025822284499408377
"(np.int64(6), np.int64(20), np.int64(21))",9.951943142793155,13.803392890343728,-3.22134440852162e-05,0.026294370593562322
"(np.int64(6), np.int64(20), np.int64(24))",4.472467051966243,4.364759319167378,0.05472199740923078,0.07414514637100267
"(np.int64(6), np.int64(20), np.int64(27))",9.496170072496767,13.975695970215485,-0.00029458820306638156,0.029369140270792182
"(np.int64(6), np.int64(20), np.int64(34))",4.530499214072643,4.232592366128997,0.04011525051219467,0.04469090128655684
"(np.int64(6), np.int64(20), np.int64(35))",4.530499214072643,4.232592366128997,0.04011525051219467,0.04469090128655684
"(np.int64(6), np.int64(21), np.int64(28))",6.7175525974155095,8.172682394354991,0.007563800282634148,0.04207818546685915
"(np.int64(6), np.int64(21), np.int64(32))",4.661042078002723,6.574163497058603,0.011429539736632854,0.039774736976159186
"(np.int64(6), np.int64(21), np.int64(35))",9.324351353555283,6.109174994730634,0.004012774240257699,0.0347537207842491
"(np.int64(6), np.int64(21), np.int64(37))",3.846013022248787,3.052655836875705,-0.00743725674907092,0.032650619606831355
"(np.int64(6), np.int64(21), np.int64(39))",5.586351002154483,12.393921756658928,0.004766795455894535,0.020420070970557314
"(np.int64(6), np.int64(22), np.int64(24))",4.846092793808233,4.60954000745,0.036405489227881116,0.03690900006183684
"(np.int64(6), np.int64(22), np.int64(27))",5.266738637205318,6.88250023480491,0.007554359363009966,0.047503841954517734
"(np.int64(6), np.int64(22), np.int64(30))",6.625392836590281,6.492462967609325,0.05550524590989203,0.04622486249427116
"(np.int64(6), np.int64(22), np.int64(31))",5.21674168912776,6.7646506424148525,0.0456045381319099,0.0430994614873349
"(np.int64(6), np.int64(22), np.int64(35))",3.2734804049129314,2.161480149080291,0.025930950304724254,0.031209533082483865
"(np.int64(6), np.int64(22), np.int64(38))",5.260409598997878,5.189345993302219,0.06966180356187535,0.05483455297897
"(np.int64(6), np.int64(23), np.int64(28))",3.8252321103946145,3.9867516303318813,0.04143744018196038,0.024060734543920548
"(np.int64(6), np.int64(23), np.int64(34))",4.031073443057539,1.9207660337017185,0.0345833304083889,0.027358889448296342
"(np.int64(6), np.int64(23), np.int64(40))",7.189351244693039,5.36947947321267,0.019019313322472198,0.014423217763397611
"(np.int64(6), np.int64(23), np.int64(42))",2.0447093560909426,5.316150569750322,0.04041787742577263,0.029520919042884897
"(np.int64(6), np.int64(24), np.int64(29))",6.241523553388221,6.89995279721401,0.05668597676173337,0.029484647225342164
"(np.int64(6), np.int64(24), np.int64(36))",4.996854114993156,4.333652959621052,0.039265273983511984,0.03169083617581914
"(np.int64(6), np.int64(24), np.int64(42))",3.4909192127535134,4.030919108721481,0.035688296863980895,0.02816134224504474
"(np.int64(6), np.int64(25), np.int64(26))",5.888146656916106,4.259721024265782,0.027072847910054154,0.017841759813111646
"(np.int64(6), np.int64(25), np.int64(28))",4.1953783976682395,2.8349006181972634,0.010264132272454485,0.013082516454214876
"(np.int64(6), np.int64(25), np.int64(35))",4.50552726403479,2.9505436668189637,0.017976015365887332,0.015364613787168913
"(np.int64(6), np.int64(25), np.int64(37))",2.477399718757392,2.7897235414489145,0.013732832409887874,0.0015894797784739012
"(np.int64(6), np.int64(25), np.int64(40))",10.665897795034889,9.277230819312196,0.006945597827770267,0.006236224895867615
"(np.int64(6), np.int64(26), np.int64(36))",1.9022086448931237,2.698534212016326,0.033535181763527766,0.03243188338568426
"(np.int64(6), np.int64(26), np.int64(37))",4.21820048756561,5.666046517905008,0.033567245571131,0.02756568139803728
"(np.int64(6), np.int64(26), np.int64(38))",3.520114850582362,7.113218666776422,0.04129376397938134,0.036426078321423305
"(np.int64(6), np.int64(26), np.int64(42))",2.403835038923047,3.6475543895013565,0.03011868152338404,0.028455437990853483
"(np.int64(6), np.int64(26), np.int64(43))",4.285111984798894,4.6496683379050925,0.07369703970859198,0.0589337584469779
"(np.int64(6), np.int64(27), np.int64(29))",9.765891494589887,7.0601568862466975,0.0072405814384916,0.06735229779705232
"(np.int64(6), np.int64(27), np.int64(31))",4.55174050780668,6.231454932122718,0.00012119206316607567,0.03689522857264327
"(np.int64(6), np.int64(27), np.int64(36))",10.133057928706382,6.508852079177767,0.0017409777195105391,0.03288345937491821
"(np.int64(6), np.int64(27), np.int64(43))",17.308774093195527,9.196940001131974,0.045239652458951785,0.04110463273328324
"(np.int64(6), np.int64(28), np.int64(29))",5.958679837746491,5.023356306953098,0.06382269955501896,0.03787082230510497
"(np.int64(6), np.int64(28), np.int64(34))",4.0582941357272,3.508059418964927,0.021528300465511352,0.03334745130117245
"(np.int64(6), np.int64(28), np.int64(36))",4.0582941357272,3.508059418964927,0.021528300465511352,0.03334745130117245
"(np.int64(6), np.int64(28), np.int64(42))",3.651335109813572,5.975369346670237,0.05790001991514604,0.032440632411022574
"(np.int64(6), np.int64(29), np.int64(32))",4.992930801831248,3.809681936926195,0.08392649319435774,0.089835553329778
"(np.int64(6), np.int64(29), np.int64(36))",3.606673749645354,5.0351025055946685,0.03938243176435996,0.030898371651583156
"(np.int64(6), np.int64(29), np.int64(38))",23.380150654454965,16.635944633082325,0.13383441929476458,0.041990247187984386
"(np.int64(6), np.int64(29), np.int64(40))",12.437090813662062,9.570662061815046,0.02873062298110185,0.026040231895426924
"(np.int64(6), np.int64(29), np.int64(41))",5.9973381500844996,3.6285161522359237,0.0,0.007265855454761216
"(np.int64(6), np.int64(30), np.int64(34))",3.954435471714601,3.401998685549105,0.036065119962816805,0.029877188248094044
"(np.int64(6), np.int64(30), np.int64(37))",9.123583911640862,11.153554222481459,0.07773858296354064,0.04134624362909678
"(np.int64(6), np.int64(30), np.int64(38))",23.680137186427313,16.725309935717146,0.11254285626664662,0.05334782442018793
"(np.int64(6), np.int64(30), np.int64(39))",14.769693986390823,10.121295045749399,0.07028572630528607,0.031424970786380846
"(np.int64(6), np.int64(30), np.int64(43))",3.625601388554946,5.537997573842472,-0.0025460901482455833,0.038113928682441234
"(np.int64(6), np.int64(31), np.int64(35))",4.206285060622237,4.047944893511763,0.04093905818455357,0.03888894141318133
"(np.int64(6), np.int64(31), np.int64(38))",7.8044796234165075,7.573953504201331,0.06818623469012186,0.08959884674679208
"(np.int64(6), np.int64(32), np.int64(33))",5.6717881869209466,6.177984089336636,0.020424850967674213,0.07875149141552751
"(np.int64(6), np.int64(32), np.int64(37))",4.476988990321564,5.847872114963378,0.054617747492981095,0.065220080589531
"(np.int64(6), np.int64(32), np.int64(41))",2.7652188921902994,2.7000338401768356,0.014624525255183096,0.026174964818550417
"(np.int64(6), np.int64(33), np.int64(34))",4.2744190074738215,3.9815433295660436,0.04145383651135437,0.040228564134052736
"(np.int64(6), np.int64(33), np.int64(37))",3.5305800319517515,4.235385061518718,0.052336837432705896,0.06895371695378838
"(np.int64(6), np.int64(34), np.int64(39))",6.694015441260626,8.235071837969455,0.029838663689448763,0.026357857833954168
"(np.int64(6), np.int64(34), np.int64(40))",7.249116590803391,9.03470366481661,0.031384750597747035,0.026249574988227442
"(np.int64(6), np.int64(34), np.int64(41))",4.173074787441932,3.169203683772803,0.017564712637650692,0.017000084376583957
"(np.int64(6), np.int64(35), np.int64(36))",2.3523894927737117,2.354974977691158,0.001882062766516479,0.0006690520635617148
"(np.int64(6), np.int64(35), np.int64(39))",6.694015441260626,8.235071837969455,0.029838663689448763,0.026357857833954168
"(np.int64(6), np.int64(35), np.int64(40))",7.249116590803391,9.03470366481661,0.031384750597747035,0.026249574988227442
"(np.int64(6), np.int64(35), np.int64(41))",4.173074787441932,3.169203683772803,0.017564712637650692,0.017000084376583957
"(np.int64(6), np.int64(35), np.int64(43))",2.0753019926777054,2.266538700960433,0.03965487220050845,0.04017613639763706
"(np.int64(6), np.int64(36), np.int64(38))",6.908984150914191,8.650359065681414,0.023369467855582804,0.02289977245402397
"(np.int64(6), np.int64(36), np.int64(39))",6.694015441260626,8.235071837969455,0.029838663689448763,0.026357857833954168
"(np.int64(6), np.int64(37), np.int64(40))",6.798022748452228,5.2444491177091495,0.0548227166352353,0.04455089119506228
"(np.int64(6), np.int64(37), np.int64(42))",3.4200013103820255,3.3738685212826915,0.019905701665639874,0.015288454818554675
"(np.int64(6), np.int64(37), np.int64(43))",3.209193028971592,3.5223659863777423,0.021731914725464874,0.025852349613207926
"(np.int64(6), np.int64(38), np.int64(43))",6.149927163307323,10.146771150840381,0.060908429327244495,0.06983152961349548
"(np.int64(6), np.int64(39), np.int64(40))",6.552381057016544,11.2857860079906,0.09687862592490959,0.053082117983993315
"(np.int64(6), np.int64(39), np.int64(42))",5.151390517246864,7.592467755935008,0.021745952602978846,0.031745104060065366
"(np.int64(6), np.int64(41), np.int64(42))",6.664780472723878,4.193305721617691,0.016659626032571095,0.019273736998598134
"(np.int64(7), np.int64(8), np.int64(10))",6.095649490980314,5.317851800272485,0.07541727076553728,0.06961860120479968
"(np.int64(7), np.int64(8), np.int64(13))",2.849913938860287,5.325093221226755,0.04449347333267162,0.055264127292038445
"(np.int64(7), np.int64(8), np.int64(14))",4.559609414783393,4.662532446666546,0.038726321378212636,0.0222862503543223
"(np.int64(7), np.int64(8), np.int64(18))",5.0589863572132145,4.829335241964709,0.02321127341620044,0.023139645147029264
"(np.int64(7), np.int64(8), np.int64(21))",5.930287019298315,6.256313878082879,0.030015494563496725,0.043146734987244306
"(np.int64(7), np.int64(8), np.int64(24))",5.324251805288138,8.02288862008254,0.048409577764545686,0.05917328484762863
"(np.int64(7), np.int64(8), np.int64(27))",5.775804249844881,6.676573238310853,0.03500219224120571,0.042010615895814896
"(np.int64(7), np.int64(8), np.int64(30))",5.450896085303924,4.738414367852109,0.011986119481491642,0.009697187384668404
"(np.int64(7), np.int64(8), np.int64(35))",5.385901058466951,6.390988250577763,0.044409019731662,0.04600019167251357
"(np.int64(7), np.int64(8), np.int64(42))",3.6593509391827306,6.559060032464748,0.06471852838343595,0.06350606370552259
"(np.int64(7), np.int64(9), np.int64(10))",5.095482893393978,4.128080067372336,0.047284658899333976,0.02713840691045999
"(np.int64(7), np.int64(9), np.int64(15))",8.82936266579656,9.473039693291357,0.05277578306893671,0.05591650346602939
"(np.int64(7), np.int64(9), np.int64(21))",6.777525926462057,9.970415667775438,0.03319486726581067,0.041187106604480106
"(np.int64(7), np.int64(9), np.int64(28))",4.5644407882354985,2.0990572041507862,0.02440154574400699,0.017094220058734177
"(np.int64(7), np.int64(9), np.int64(30))",7.9279362841585845,10.88529194634602,0.023810188640911778,0.02269380461684467
"(np.int64(7), np.int64(9), np.int64(33))",3.630009029357611,3.9044582663935534,0.03429011081822708,0.050855635294423274
"(np.int64(7), np.int64(9), np.int64(34))",2.7014319200361405,2.2427804746860267,0.022902731530327847,0.03682209092557709
"(np.int64(7), np.int64(9), np.int64(35))",2.7014319200361405,2.2427804746860267,0.022902731530327847,0.03682209092557709
"(np.int64(7), np.int64(9), np.int64(40))",12.138120252612408,12.361656192220485,0.02893359616488722,0.022890135577538606
"(np.int64(7), np.int64(9), np.int64(43))",3.78592616548909,4.672795684963841,0.034970608046817064,0.04493322772326258
"(np.int64(7), np.int64(10), np.int64(15))",5.593930597319579,4.656744790780073,0.06779270372834323,0.08224379594989839
"(np.int64(7), np.int64(10), np.int64(16))",6.518497284915585,5.928660194627706,0.021770838539936443,0.02609736543365182
"(np.int64(7), np.int64(10), np.int64(17))",4.160424892685078,4.567274928922736,0.1307594956590573,0.1481213418696743
"(np.int64(7), np.int64(10), np.int64(25))",2.045574415236549,4.5441410778020215,0.018271356090300728,0.01762699449832672
"(np.int64(7), np.int64(10), np.int64(39))",8.071061472799299,14.190354725353739,0.07044323445464395,0.10821024275558555
"(np.int64(7), np.int64(11), np.int64(22))",3.416322502396921,2.123918148313023,0.050389717095231545,0.037524328571198584
"(np.int64(7), np.int64(11), np.int64(36))",3.3323674100865004,2.5565172189081085,0.07175351229462323,0.0731606548422149
"(np.int64(7), np.int64(11), np.int64(38))",10.691875419985433,6.188099975384761,0.07377295023873709,0.09532642165630278
"(np.int64(7), np.int64(12), np.int64(16))",8.736073362777788,7.917504114682576,0.029263433829309626,0.024955222022595258
"(np.int64(7), np.int64(12), np.int64(21))",9.999688273151813,6.110260917852368,-0.00567346476088626,0.05566787162627662
"(np.int64(7), np.int64(12), np.int64(23))",11.95908021082768,6.892171681776545,0.026110635655371084,0.03033212495282611
"(np.int64(7), np.int64(12), np.int64(24))",6.361862017960725,6.618171473094353,0.08857434751411031,0.07108609111566833
"(np.int64(7), np.int64(12), np.int64(27))",8.344830518314392,7.194653061128121,0.009797102460395002,0.06477003853862884
"(np.int64(7), np.int64(12), np.int64(31))",10.045864157924242,7.31164541870463,0.05627689371017108,0.033352749802902926
"(np.int64(7), np.int64(12), np.int64(36))",4.597642999755375,4.408484095914052,0.06809418865821482,0.07135896049292423
"(np.int64(7), np.int64(12), np.int64(37))",9.145501218756765,7.119227943324925,0.01685912063438788,0.035356057348668646
"(np.int64(7), np.int64(13), np.int64(21))",9.664283839738703,4.890558603140624,0.040798913963864036,0.038984978853467744
"(np.int64(7), np.int64(13), np.int64(27))",7.934563263782437,7.6913947567026755,0.044764928754953526,0.043881030312050484
"(np.int64(7), np.int64(13), np.int64(33))",4.992327206488471,5.481440575715557,0.032998821520971444,0.0653642717532138
"(np.int64(7), np.int64(14), np.int64(15))",12.016306197092229,11.963861467554079,0.06495636221651269,0.06273860512835439
"(np.int64(7), np.int64(14), np.int64(22))",8.682404671570833,6.940524755290435,0.04408806500754736,0.0443131962336869
"(np.int64(7), np.int64(14), np.int64(25))",2.535174518122345,4.236236747368619,0.016769120890405942,0.009542964144768407
"(np.int64(7), np.int64(15), np.int64(16))",10.074169952728392,4.903210713205954,0.04179625662912956,0.0337651956672963
"(np.int64(7), np.int64(15), np.int64(22))",9.166977597344461,7.424879530874814,0.014269151696964744,0.018652229619980698
"(np.int64(7), np.int64(15), np.int64(26))",11.210346692632072,11.77917647321831,0.029757551879968758,0.02848089639469409
"(np.int64(7), np.int64(15), np.int64(30))",12.894486657186121,9.921664425828206,0.047885976000614394,0.025612204108254932
"(np.int64(7), np.int64(15), np.int64(31))",7.015904218284733,6.259454347880078,0.05338446741139624,0.05661124698295328
"(np.int64(7), np.int64(15), np.int64(35))",4.022109992765726,3.6547246494479064,0.03818184971477945,0.035442304367380495
"(np.int64(7), np.int64(16), np.int64(22))",7.641566739745915,5.117198784800965,0.03455224976703819,0.038276004147071885
"(np.int64(7), np.int64(16), np.int64(27))",8.156046683514544,4.200767415860125,-0.0038157280470569876,0.032284236874392636
"(np.int64(7), np.int64(16), np.int64(29))",10.472384462881198,5.958362642287358,0.028356782867054675,0.018942357458485493
"(np.int64(7), np.int64(17), np.int64(20))",5.955438147132854,6.355500163728577,0.21025010249255538,0.20817820983869495
"(np.int64(7), np.int64(17), np.int64(23))",4.1217788717718635,2.140741760518643,0.06526553825830195,0.06460853091813534
"(np.int64(7), np.int64(17), np.int64(24))",6.079360065030678,5.85486132512917,0.08936601190598747,0.09168449514407473
"(np.int64(7), np.int64(17), np.int64(26))",5.390323154902709,4.657658306128183,0.060145864791302905,0.06246642391164925
"(np.int64(7), np.int64(17), np.int64(30))",10.603313199571346,4.824337049256289,-0.02011625081999968,0.06835560738988922
"(np.int64(7), np.int64(17), np.int64(31))",4.984123860307421,4.015179665484609,0.13507456434316278,0.12642518878805298
"(np.int64(7), np.int64(17), np.int64(33))",4.776142575849676,4.382135854796886,0.13336215567835052,0.11278627757861848
"(np.int64(7), np.int64(17), np.int64(36))",4.7436797717647385,6.6832960223143525,0.039582807456445046,0.022244623267923203
"(np.int64(7), np.int64(17), np.int64(40))",11.37241210193288,18.055969422505658,0.07266374376669049,0.08874661290164054
"(np.int64(7), np.int64(18), np.int64(20))",6.32187543969525,6.634878212207471,0.02801182695187443,0.046340904693805696
"(np.int64(7), np.int64(18), np.int64(23))",3.7598617564539474,3.480583211650312,0.01908931673204095,0.02600357963559352
"(np.int64(7), np.int64(18), np.int64(26))",2.570968645983803,3.0761223250282765,0.0190955839496193,0.02521817715613961
"(np.int64(7), np.int64(18), np.int64(27))",7.454928547112912,9.76989760643927,0.0,0.025076683626896967
"(np.int64(7), np.int64(18), np.int64(32))",4.523414266563102,4.569577192835925,0.04343496595158669,0.05485118161155844
"(np.int64(7), np.int64(18), np.int64(36))",2.9558236873069093,2.7287601697194943,0.028153975759839467,0.035966870973697995
"(np.int64(7), np.int64(18), np.int64(39))",13.7114264452152,10.91671380646184,0.039946979428505225,0.03420384536797194
"(np.int64(7), np.int64(18), np.int64(43))",3.9104346691424365,2.9546988615609324,0.0352408190814677,0.04834922988400647
"(np.int64(7), np.int64(19), np.int64(22))",9.507877212291241,7.235129494874953,0.04034716937739424,0.040473339497387295
"(np.int64(7), np.int64(19), np.int64(23))",8.756483243595863,6.563747212579997,0.025897987920733723,0.028124921425722982
"(np.int64(7), np.int64(19), np.int64(25))",2.68573955216884,4.591858117574582,0.016792759680805958,0.011088223002113429
"(np.int64(7), np.int64(19), np.int64(27))",11.777351665627524,4.3478805596383285,0.01631717947334843,0.06144318154359518
"(np.int64(7), np.int64(19), np.int64(36))",3.33350269508508,5.338923283335847,0.021793072137658243,0.012301063300202308
"(np.int64(7), np.int64(19), np.int64(40))",15.851489929399202,4.248553928815403,0.058660458250754055,0.033295751874435675
"(np.int64(7), np.int64(19), np.int64(41))",1.753175038007666,6.0343369664373006,0.00937633395044346,0.01257359581530959
"(np.int64(7), np.int64(20), np.int64(21))",10.690318759538291,4.231623908182885,0.026967112439736707,0.0586245915983199
"(np.int64(7), np.int64(20), np.int64(28))",6.288490026186399,4.743811796833334,0.040775851505016614,0.0434586346197644
"(np.int64(7), np.int64(20), np.int64(29))",7.2387220266824865,5.961708229840236,0.007836539283159416,0.06979309993183591
"(np.int64(7), np.int64(20), np.int64(32))",6.030878785087044,5.244648987161507,0.043705984866758696,0.038790321380977155
"(np.int64(7), np.int64(20), np.int64(37))",6.004964633267849,5.698842435069056,0.03094081151868633,0.026721363676946108
"(np.int64(7), np.int64(21), np.int64(24))",9.570935033163153,6.498335262651236,0.020043912853835222,0.038425648024448256
"(np.int64(7), np.int64(21), np.int64(26))",7.059502392116428,6.061607854015233,0.03469640790059014,0.015323173066671636
"(np.int64(7), np.int64(21), np.int64(35))",6.223540632066128,10.567464348382211,-5.157866212979201e-05,0.03628227128751138
"(np.int64(7), np.int64(21), np.int64(36))",6.223540632066128,10.567464348382211,-5.157866212979201e-05,0.03628227128751138
"(np.int64(7), np.int64(21), np.int64(38))",11.360138014933701,5.303943089844989,0.07117128600571165,0.014381991580421749
"(np.int64(7), np.int64(21), np.int64(41))",8.96672357825325,11.495062870765695,0.032045213142554596,0.049009321972620534
"(np.int64(7), np.int64(22), np.int64(30))",9.511871514006582,4.536095349172184,0.025904060004765306,0.01730303950322709
"(np.int64(7), np.int64(22), np.int64(31))",4.008134848200442,4.890123086194002,0.0220236520370648,0.016688949595451086
"(np.int64(7), np.int64(22), np.int64(39))",9.068857929989404,4.964510663665544,0.019345317754080993,0.020525808373212495
"(np.int64(7), np.int64(22), np.int64(42))",4.139707360905918,2.519278242889199,0.033718597972605124,0.02613954261035567
"(np.int64(7), np.int64(23), np.int64(25))",2.2975116850461474,3.914311930806329,0.0076901060006132615,0.010496823908844433
"(np.int64(7), np.int64(23), np.int64(36))",3.8009559873174616,4.24185968587184,0.022821287882481722,0.03018192575394263
"(np.int64(7), np.int64(23), np.int64(37))",8.307893843660846,3.879992537798758,0.010932223426942,0.029105173698761644
"(np.int64(7), np.int64(23), np.int64(41))",5.460824890184163,2.608129627544127,0.029914165797385373,0.03321371000809503
"(np.int64(7), np.int64(24), np.int64(25))",7.115945733760923,8.497916945138764,0.03188296968097848,0.01834554260537158
"(np.int64(7), np.int64(24), np.int64(30))",9.303670531757449,7.140949253538055,0.001840771560472021,0.04956893798905293
"(np.int64(7), np.int64(25), np.int64(33))",2.3455543252996964,1.589854643151317,0.009459832480754216,0.006944568775744675
"(np.int64(7), np.int64(25), np.int64(35))",5.0123451215235,5.776438723515497,0.008806512400871158,0.014072618750067711
"(np.int64(7), np.int64(25), np.int64(36))",5.0123451215235,5.776438723515497,0.008806512400871158,0.014072618750067711
"(np.int64(7), np.int64(25), np.int64(43))",2.30600042835735,3.147845322825816,0.012832666253792424,0.010191169255679644
"(np.int64(7), np.int64(26), np.int64(27))",3.795289918108192,6.764812071443695,0.046322501299112306,0.021518710061024016
"(np.int64(7), np.int64(26), np.int64(30))",8.279187225385426,8.077931252439374,0.012996068982494724,0.026980370464130488
"(np.int64(7), np.int64(26), np.int64(33))",4.5795876077489455,5.653042906932395,0.04152041977438081,0.026741366474099526
"(np.int64(7), np.int64(26), np.int64(36))",4.63032668339213,6.465924658646886,0.024891828711902098,0.02431529661393894
"(np.int64(7), np.int64(26), np.int64(40))",7.268701380494591,6.27225426256641,0.02369368426219398,0.030239425296163525
"(np.int64(7), np.int64(27), np.int64(28))",10.012498609508286,4.120075057659144,0.03667457691489118,0.028646157054006638
"(np.int64(7), np.int64(27), np.int64(29))",10.90969329603815,3.423858045341604,0.040617798221351475,0.018221446371367134
"(np.int64(7), np.int64(27), np.int64(35))",6.253922231644629,11.445599662243755,-5.157866212979201e-05,0.030815176134704747
"(np.int64(7), np.int64(27), np.int64(41))",10.672125949382853,12.214418921625203,0.027521133167163425,0.05452707958036651
"(np.int64(7), np.int64(28), np.int64(30))",12.797219769962329,8.05135315871237,0.02042789165850256,0.015296113266306754
"(np.int64(7), np.int64(28), np.int64(35))",3.7803334847589984,1.5827253795971852,0.008482261068708974,0.017903886836296623
"(np.int64(7), np.int64(28), np.int64(36))",3.7803334847589984,1.5827253795971852,0.008482261068708974,0.017903886836296623
"(np.int64(7), np.int64(28), np.int64(37))",2.9934603974510816,2.179152759969156,0.012697418541732008,0.014471029964576831
"(np.int64(7), np.int64(28), np.int64(43))",4.7498347139491495,2.607380283120497,0.06160223844399926,0.040030060370062626
"(np.int64(7), np.int64(29), np.int64(31))",5.084457280807662,3.677352071777343,0.010889145584692672,0.027562311167618536
"(np.int64(7), np.int64(29), np.int64(37))",4.601143879167124,4.945545184219023,0.05554282864367577,0.05101423177648845
"(np.int64(7), np.int64(29), np.int64(38))",9.687939999391398,13.895020637428996,0.050257334848353485,0.042550231939771366
"(np.int64(7), np.int64(29), np.int64(39))",8.272407677739295,6.413533192810894,0.009282300755096728,0.01685739780180462
"(np.int64(7), np.int64(30), np.int64(37))",6.344932418532357,4.925987718045122,0.03668201205199473,0.03924575959672172
"(np.int64(7), np.int64(30), np.int64(38))",9.844247380208014,14.916861485048495,0.06617842334662183,0.05881861632519958
"(np.int64(7), np.int64(30), np.int64(39))",9.2171611672995,6.584799664392256,0.04399568413269228,0.027035190396822117
"(np.int64(7), np.int64(30), np.int64(41))",6.459949039696225,12.576395285687868,0.019971444793745574,0.019721670358317178
"(np.int64(7), np.int64(31), np.int64(35))",5.188164794281881,5.188258076744851,0.0375838515636453,0.04027277025192022
"(np.int64(7), np.int64(31), np.int64(42))",4.51721460997103,5.713601826668831,0.061474978490851595,0.06528438614216969
"(np.int64(7), np.int64(32), np.int64(34))",5.1882205818831695,5.188268299173117,0.037586902156620305,0.04027243563252869
"(np.int64(7), np.int64(32), np.int64(38))",15.456239249245847,6.255301730226655,0.04573855579202846,0.05540831074262953
"(np.int64(7), np.int64(32), np.int64(39))",9.134409461180265,11.28638022058518,0.034743405895398594,0.04360033747265657
"(np.int64(7), np.int64(32), np.int64(42))",4.517259622156342,5.713597571503218,0.06148051778603081,0.0652619940334822
"(np.int64(7), np.int64(34), np.int64(37))",4.7521687073669545,5.718158511696123,0.0408518773869192,0.030807995162146162
"(np.int64(7), np.int64(34), np.int64(38))",5.4729818488270645,5.7511912569487,0.015660406725937603,0.025201258712154506
"(np.int64(7), np.int64(34), np.int64(42))",3.7640937231204714,2.967628866362907,0.03132229182705948,0.045971988486219306
"(np.int64(7), np.int64(35), np.int64(39))",3.9572465590633663,3.3580150636633705,0.02997673484217178,0.0464570702737509
"(np.int64(7), np.int64(35), np.int64(43))",4.074292819785875,3.8363437007090075,0.03411330566495974,0.061459358294059796
"(np.int64(7), np.int64(37), np.int64(43))",4.864478434592522,4.111575361409255,0.021264360641224944,0.016840080648824807
"(np.int64(7), np.int64(38), np.int64(43))",11.909274371535117,14.996707200530645,0.08735872096086117,0.10621590390153335
"(np.int64(7), np.int64(39), np.int64(42))",7.2714285716348845,13.246829701697777,0.06819915919492348,0.08515492800171365
"(np.int64(7), np.int64(40), np.int64(42))",7.538833161032594,13.449632217124629,0.06522809189913303,0.07256074333678364
"(np.int64(8), np.int64(9), np.int64(10))",5.403936436753077,3.3069224384145404,0.029064419201116465,0.04118593267461834
"(np.int64(8), np.int64(9), np.int64(11))",1.809984152614193,4.711479922155077,0.01246378479938437,0.01773576196088178
"(np.int64(8), np.int64(9), np.int64(14))",3.3922749678564803,4.75012836645079,0.029534428011983693,0.016046978639601917
"(np.int64(8), np.int64(9), np.int64(18))",3.312572362146265,2.8705405194767746,0.08334803718934469,0.06160161452483781
"(np.int64(8), np.int64(9), np.int64(20))",5.472573181902862,3.506669361049408,0.0205843018132007,0.0179919487741641
"(np.int64(8), np.int64(9), np.int64(25))",4.14694895334043,3.6118485821912465,0.018085571373444242,0.011083991166519924
"(np.int64(8), np.int64(9), np.int64(26))",4.16247576385585,4.068610802877751,0.02135726302352825,0.03287975821561262
"(np.int64(8), np.int64(9), np.int64(33))",3.1501747085026093,3.8868572724946033,0.036925272355207595,0.0234310407239815
"(np.int64(8), np.int64(9), np.int64(38))",7.3309453200781,6.355445947567735,0.028377537873521153,0.00837798614137264
"(np.int64(8), np.int64(9), np.int64(43))",2.808783617595692,1.9718429189611997,0.035331522375705915,0.020153460047100613
"(np.int64(8), np.int64(10), np.int64(16))",5.049255677747878,7.480773717302413,0.07004615300001493,0.057640826860028804
"(np.int64(8), np.int64(10), np.int64(27))",4.262567079106218,5.474793958596241,0.012039695140101059,0.08590939678399878
"(np.int64(8), np.int64(10), np.int64(28))",3.540031851509144,4.308983415526848,0.05599364956686059,0.036824407623074706
"(np.int64(8), np.int64(10), np.int64(41))",1.7441522910920166,1.6655145756222731,0.011161691998572199,0.008534060585480674
"(np.int64(8), np.int64(11), np.int64(16))",2.7445635663618324,5.365236396726203,0.04360738511318074,0.04217984029199473
"(np.int64(8), np.int64(11), np.int64(22))",3.450439807996043,2.2580838055207737,0.037168293672146246,0.02231751842265428
"(np.int64(8), np.int64(11), np.int64(26))",4.446749760912973,6.641512557648417,0.029617977083665536,0.026795801840026723
"(np.int64(8), np.int64(11), np.int64(27))",7.971102967042832,3.2547969799025274,0.002915709505051267,0.04258349280182128
"(np.int64(8), np.int64(11), np.int64(32))",2.7855744332081405,4.4704176586215905,0.07174115481492316,0.03910240994562997
"(np.int64(8), np.int64(11), np.int64(40))",15.3272505298969,9.305862032235963,0.03689447250546174,0.03442843292005204
"(np.int64(8), np.int64(12), np.int64(15))",4.341532217512749,3.797100504982727,0.016703689262447696,0.006671763727529867
"(np.int64(8), np.int64(12), np.int64(25))",4.756346531159768,3.89345263644419,0.02802471644832405,0.004932260021196178
"(np.int64(8), np.int64(12), np.int64(33))",3.483800889240102,4.203404179617754,0.01719265344779397,0.02620677386159298
"(np.int64(8), np.int64(12), np.int64(34))",4.1369138701267865,3.2897649972297676,0.01952189829191786,0.009867735803795963
"(np.int64(8), np.int64(12), np.int64(37))",3.4047391966483254,4.836752572337341,0.020643949620805735,0.017537943699213465
"(np.int64(8), np.int64(12), np.int64(41))",2.310135712391254,3.233638974001594,0.011006501040118688,0.0066914485186543304
"(np.int64(8), np.int64(13), np.int64(14))",2.7377013799068277,3.621723513451009,0.05252754604372123,0.03269688410067695
"(np.int64(8), np.int64(13), np.int64(18))",1.7983286223834944,2.0141251597513556,0.040020243477464135,0.03680262027451198
"(np.int64(8), np.int64(13), np.int64(25))",1.9861987535451706,2.358145377291868,0.02921811454480161,0.01727104472670471
"(np.int64(8), np.int64(13), np.int64(30))",6.192524378164491,4.953302692974,0.00851856607859025,0.01710970127151812
"(np.int64(8), np.int64(13), np.int64(32))",3.789083372633154,3.986827100986225,0.051537130139914566,0.046114425396697745
"(np.int64(8), np.int64(13), np.int64(34))",3.5490647442849266,5.355750375194801,0.021933721440419274,0.022523282541324963
"(np.int64(8), np.int64(13), np.int64(36))",3.5490647442849266,5.355750375194801,0.021933721440419274,0.022523282541324963
"(np.int64(8), np.int64(13), np.int64(39))",8.082244209879716,6.931299852484579,0.023910561324342994,0.018386309134796996
"(np.int64(8), np.int64(13), np.int64(43))",2.96379529513191,2.900454852847291,0.04802854095684794,0.04651538823684864
"(np.int64(8), np.int64(14), np.int64(18))",3.4133407787015724,3.582408297280259,0.039188452323410616,0.015361042961029137
"(np.int64(8), np.int64(14), np.int64(19))",8.125517669677219,8.460453740925017,0.051266211826011765,0.06398502671485407
"(np.int64(8), np.int64(14), np.int64(25))",6.286190035545573,2.1700255081573623,0.025834456482952683,0.03715145718185431
"(np.int64(8), np.int64(14), np.int64(26))",3.9557942939252584,5.6731358366154225,0.03516191997364326,0.03736034721297132
"(np.int64(8), np.int64(14), np.int64(38))",12.25085752389976,7.325128251155408,0.02387054853335735,0.010117103448622933
"(np.int64(8), np.int64(15), np.int64(17))",9.278788293395719,9.513356117258027,0.02125361466271869,0.01940261561911305
"(np.int64(8), np.int64(15), np.int64(20))",9.054473338468116,6.742807531400078,0.046139338299802546,0.03824940870033733
"(np.int64(8), np.int64(15), np.int64(23))",11.960956112463666,5.3593156545959255,0.009395250544659173,0.006586326704726031
"(np.int64(8), np.int64(15), np.int64(30))",9.924854531545892,3.880953848700214,0.016781795455931503,0.014408161910039907
"(np.int64(8), np.int64(15), np.int64(31))",3.8788494653570362,4.275696041183009,0.027933548502494854,0.019658383459495887
"(np.int64(8), np.int64(15), np.int64(33))",3.3637871285688834,4.075810137141087,0.03310237960422224,0.02565903004589254
"(np.int64(8), np.int64(15), np.int64(36))",3.330645345125072,4.629588546925061,0.014459459015215836,0.013567075883002433
"(np.int64(8), np.int64(15), np.int64(40))",14.416307750453909,11.671470395488052,0.017301727381251242,0.014501638612400392
"(np.int64(8), np.int64(16), np.int64(17))",5.986120110442042,5.895307310980856,0.02311350952300284,0.0372963895718702
"(np.int64(8), np.int64(16), np.int64(18))",2.435994056138947,4.165743943567089,0.05496624125512417,0.027709192238830727
"(np.int64(8), np.int64(16), np.int64(25))",4.231969553418896,4.510290878540521,0.0265797967240905,0.03870932739849087
"(np.int64(8), np.int64(16), np.int64(26))",2.8207912344338992,5.208792045118116,0.04314694328793278,0.04284083382789006
"(np.int64(8), np.int64(16), np.int64(33))",3.7795002784359326,4.746460915280138,0.06223056854850062,0.039359823136013494
"(np.int64(8), np.int64(16), np.int64(41))",2.2284570641704806,3.6088903497364786,0.01202552072155505,0.009406960393916086
"(np.int64(8), np.int64(17), np.int64(23))",9.2061990100303,4.802431097495756,0.024743990242872993,0.016628949977247176
"(np.int64(8), np.int64(17), np.int64(28))",3.6506330846969948,4.426655834143391,0.02781737090157188,0.012265460634115932
"(np.int64(8), np.int64(17), np.int64(29))",5.321983408482859,4.042840636163391,0.09028435387006173,0.0026956083648783657
"(np.int64(8), np.int64(17), np.int64(32))",4.282305863555403,5.63567197146882,0.03007093260752358,0.04662038218617692
"(np.int64(8), np.int64(17), np.int64(36))",5.404413423194712,6.319696091533451,0.023219764408452748,0.02676268423158057
"(np.int64(8), np.int64(17), np.int64(40))",8.630734502383666,11.035064555621332,0.028865518328792028,0.025823779392553203
"(np.int64(8), np.int64(17), np.int64(41))",2.4795633047460655,5.193109262576678,0.016767014902773103,0.01469892097065606
"(np.int64(8), np.int64(17), np.int64(42))",4.08681681712442,6.382758135937998,0.038516025219759165,0.03321227908625901
"(np.int64(8), np.int64(17), np.int64(43))",4.179813966107182,3.774090374317377,0.038894291473743015,0.029929308201315785
"(np.int64(8), np.int64(18), np.int64(21))",3.5149728004122482,4.60245495512474,-0.0005699539171085677,0.0330506859045554
"(np.int64(8), np.int64(18), np.int64(34))",3.9823754188508214,3.7194177980584766,0.023084246662344765,0.027569421155026586
"(np.int64(8), np.int64(18), np.int64(38))",7.376733484751726,5.425250456905339,0.020346017029695296,0.007076647792250368
"(np.int64(8), np.int64(18), np.int64(40))",7.340385936257712,8.712670720955398,0.032484382379788235,0.02292701951296694
"(np.int64(8), np.int64(19), np.int64(21))",8.722141694283989,3.2739612349601366,-5.3412864925328485e-05,0.03703014572133989
"(np.int64(8), np.int64(19), np.int64(28))",5.091913674534072,5.042922546500118,0.05234959843291165,0.05003132983556269
"(np.int64(8), np.int64(19), np.int64(37))",3.1977606307772697,4.02105647898417,0.0419358669076455,0.05088395339318752
"(np.int64(8), np.int64(20), np.int64(23))",11.837415916169897,3.4421540736621856,0.03228836290050485,0.026455738660107087
"(np.int64(8), np.int64(20), np.int64(33))",4.579759296715563,4.253352716089316,0.048207197429887994,0.049755145032353454
"(np.int64(8), np.int64(20), np.int64(34))",4.956783314808083,7.593385198608304,0.024615840872316497,0.01672375427030004
"(np.int64(8), np.int64(20), np.int64(35))",4.956783314808083,7.593385198608304,0.024615840872316497,0.01672375427030004
"(np.int64(8), np.int64(20), np.int64(37))",3.644904219687937,4.074531609773665,0.040728102075289985,0.04995299957141386
"(np.int64(8), np.int64(20), np.int64(41))",2.4089172374797685,6.057108430893289,0.007616448252865449,0.009322609909423685
"(np.int64(8), np.int64(21), np.int64(23))",9.877036712318288,3.0996570543547515,0.0,0.05450155380548449
"(np.int64(8), np.int64(21), np.int64(33))",4.188468830966244,8.205343950339786,-0.0033511653450519763,0.05656625383675251
"(np.int64(8), np.int64(21), np.int64(38))",7.205097921438428,4.928745731811795,0.03547332326726693,0.013605980957283603
"(np.int64(8), np.int64(21), np.int64(41))",5.192584045516997,3.6959956059856514,-0.0036556936989757816,0.01479677223087128
"(np.int64(8), np.int64(22), np.int64(28))",5.869801878413091,6.008500564575016,0.023688444310084655,0.024509791457054897
"(np.int64(8), np.int64(22), np.int64(32))",3.5210495958904082,2.881196253354934,0.04082234881354396,0.03833372188522177
"(np.int64(8), np.int64(22), np.int64(37))",2.215123257639482,3.68487376576069,0.03647879331060211,0.028154219330626673
"(np.int64(8), np.int64(22), np.int64(41))",2.2410432205647215,1.8000340319362738,0.015004668501569451,0.005063746161336313
"(np.int64(8), np.int64(23), np.int64(26))",7.092332375778887,3.473980787792718,0.03177246467460915,0.0430466454783861
"(np.int64(8), np.int64(23), np.int64(35))",1.5044486114377444,2.9774570459471166,0.012944645298805013,0.0174717468997998
"(np.int64(8), np.int64(23), np.int64(43))",4.532825396155288,1.9348744442087331,0.061968879623018225,0.009098428923269397
"(np.int64(8), np.int64(24), np.int64(33))",4.508820018239965,4.3901456610059695,0.03908596350765592,0.0386867444957717
"(np.int64(8), np.int64(24), np.int64(40))",9.749683428186584,13.229000026339444,0.045645325785878654,0.02898875929006195
"(np.int64(8), np.int64(25), np.int64(30))",3.3197003836225965,4.147937883208962,0.016212469414200403,0.011580089609758537
"(np.int64(8), np.int64(25), np.int64(36))",2.6472002306365177,4.186108425638744,0.025883334091512333,0.006725076985325096
"(np.int64(8), np.int64(25), np.int64(41))",1.5478176227065905,2.280073306654759,0.020660930400120514,0.004877566506181763
"(np.int64(8), np.int64(26), np.int64(28))",2.9925330273383954,3.8947629074258576,0.013596266859962403,0.019166720216239774
"(np.int64(8), np.int64(26), np.int64(31))",2.5589037004483908,4.240229399119789,0.029587781266185553,0.042585494501723886
"(np.int64(8), np.int64(26), np.int64(33))",2.1627667477394206,3.884119813668516,0.027848019843571103,0.044369485883957505
"(np.int64(8), np.int64(26), np.int64(40))",5.592113882094965,13.368344677147443,0.04154259391488446,0.03364303912677913
"(np.int64(8), np.int64(27), np.int64(35))",7.513033454473386,9.478538677810285,-0.0045974909733370595,0.041800902187292266
"(np.int64(8), np.int64(27), np.int64(43))",9.813707521767576,6.116236417153365,-0.010415462872590098,0.035584667950138926
"(np.int64(8), np.int64(28), np.int64(30))",5.987156519592848,2.682699691084632,0.016236733292934735,0.008652362210139097
"(np.int64(8), np.int64(28), np.int64(31))",2.7302089243942538,1.903571814443921,0.05958483020287608,0.036503939605943225
"(np.int64(8), np.int64(28), np.int64(32))",2.7303686138160996,1.9035772014055916,0.059584986723743794,0.03650610907069385
"(np.int64(8), np.int64(28), np.int64(34))",2.6828057585098026,4.009201647234625,0.013508219593584059,0.011123101999787832
"(np.int64(8), np.int64(28), np.int64(38))",6.038141260382841,4.855601669456831,0.01566832014661601,0.006556997097939443
"(np.int64(8), np.int64(28), np.int64(39))",5.8895163562846395,8.47794144562375,0.01722957693143201,0.010517178661242133
"(np.int64(8), np.int64(29), np.int64(33))",4.730981498945618,3.724771947823778,0.04966179308307883,0.024453422018804294
"(np.int64(8), np.int64(29), np.int64(37))",4.151935435083108,6.876663750517468,0.004866370474087112,0.016614107504119402
"(np.int64(8), np.int64(30), np.int64(40))",11.866812087760477,8.868959889809409,0.08484288397355455,0.011326964538509676
"(np.int64(8), np.int64(30), np.int64(43))",5.231694090760259,10.496748561479007,0.06624684575599016,0.011686229263742964
"(np.int64(8), np.int64(31), np.int64(38))",4.589444755310907,5.128932774439926,0.04316257757683151,0.015200120742756118
"(np.int64(8), np.int64(31), np.int64(41))",1.9404024121256827,2.089343361538785,0.0111170606470532,0.010506404116014778
"(np.int64(8), np.int64(32), np.int64(40))",10.554482286195185,5.215525248809748,0.029327655246209394,0.02047643298869206
"(np.int64(8), np.int64(34), np.int64(35))",4.112859077955394,4.038310716975499,0.00023563336776888377,0.0006670330780387257
"(np.int64(8), np.int64(34), np.int64(40))",4.248849498801962,10.437984698347812,0.03392578519995304,0.01794275383692412
"(np.int64(8), np.int64(35), np.int64(38))",3.987090457894424,6.995272087414657,0.009932421796110091,0.009160872536081333
"(np.int64(8), np.int64(35), np.int64(39))",4.729433836228797,9.564032141325605,0.023479019800384582,0.016346205024727833
"(np.int64(8), np.int64(37), np.int64(39))",11.14358353806557,7.430247060297683,0.02623015366233239,0.02216824184771571
"(np.int64(8), np.int64(37), np.int64(41))",1.7655770630996501,2.753642949031711,0.0055630620446229795,0.013067783791486653
"(np.int64(8), np.int64(39), np.int64(40))",4.224695220564624,14.125542562440003,0.04178127200645132,0.019817220789510093
"(np.int64(8), np.int64(40), np.int64(41))",5.7268763638679,6.142517426179398,0.00500136356562586,0.015217646513405292
"(np.int64(8), np.int64(40), np.int64(42))",15.637393262221464,8.279711260332263,0.031154954080025443,0.03681449956047256
"(np.int64(8), np.int64(42), np.int64(43))",3.4142734837229347,3.809871443155822,0.019206659589300012,0.019985213605995478
"(np.int64(9), np.int64(10), np.int64(13))",5.476190984988755,3.3487936441613657,0.052958673111413335,0.05001135058126305
"(np.int64(9), np.int64(10), np.int64(14))",6.753721329307628,7.528698131521635,0.05326376843807912,0.04213129947183847
"(np.int64(9), np.int64(10), np.int64(15))",3.1663694823228004,6.375747889456825,0.05600349216767886,0.038628086786554716
"(np.int64(9), np.int64(10), np.int64(17))",4.838215781108552,3.9378209215975977,0.04515016056261345,0.03410149117620265
"(np.int64(9), np.int64(10), np.int64(21))",4.938647962896369,3.8746704985748748,0.018070585552591112,0.03063382929839531
"(np.int64(9), np.int64(10), np.int64(33))",6.394475101853989,7.413111882582195,0.058347418681601204,0.04171160036695609
"(np.int64(9), np.int64(10), np.int64(36))",5.773283818502023,5.6137812105026,0.030125824621845543,0.033328526702861794
"(np.int64(9), np.int64(11), np.int64(24))",2.086929177325377,1.1626004920621418,0.019804740033998125,0.02315478182995978
"(np.int64(9), np.int64(11), np.int64(25))",3.3787340949608473,1.9553286761317514,0.013015995982448958,0.013080657372302573
"(np.int64(9), np.int64(11), np.int64(26))",2.8307560254795554,1.7460228269210742,0.02886641225192632,0.026379406226336832
"(np.int64(9), np.int64(11), np.int64(28))",4.144955074307724,4.366493117348343,0.010816240363756724,0.008203996488234666
"(np.int64(9), np.int64(11), np.int64(31))",4.990547854071207,3.726942819076456,0.05018506244343268,0.04996000426854286
"(np.int64(9), np.int64(11), np.int64(33))",5.150688191801257,3.730556335351891,0.04916527493857248,0.045354375035878025
"(np.int64(9), np.int64(12), np.int64(17))",5.126800048889278,3.724554978568794,0.08518011454127938,0.06169944747910128
"(np.int64(9), np.int64(12), np.int64(23))",7.28322984764066,5.581814711919592,0.052086635144032334,0.03364559699586289
"(np.int64(9), np.int64(12), np.int64(36))",6.680779070566157,5.660321889586892,0.048756045380140334,0.047536449658243884
"(np.int64(9), np.int64(12), np.int64(37))",3.467280969876723,3.06284176960522,0.03001603578169776,0.03481242313195354
"(np.int64(9), np.int64(12), np.int64(38))",10.384356276978293,9.666407420175368,0.02820474299043818,0.04327353150413438
"(np.int64(9), np.int64(12), np.int64(40))",11.131885793842704,7.481965947921226,0.05050972222170513,0.04189308221836885
"(np.int64(9), np.int64(12), np.int64(42))",4.206072055074603,3.2794938671355003,0.0849620207489522,0.05564649277453371
"(np.int64(9), np.int64(13), np.int64(18))",6.1495056411242786,6.18905721804583,0.07561762988725784,0.07546537842226697
"(np.int64(9), np.int64(13), np.int64(19))",4.42179311234288,5.777064048748489,0.04561941328002328,0.02958294250121607
"(np.int64(9), np.int64(13), np.int64(20))",4.75557032571036,5.3176291333733685,0.04407878562207834,0.02869242055165755
"(np.int64(9), np.int64(13), np.int64(22))",3.6530231503798603,3.5687500724001593,0.019930257269876517,0.017681883033019985
"(np.int64(9), np.int64(13), np.int64(26))",4.1199897185450585,4.01104148320309,0.03700443744699533,0.027067835221480263
"(np.int64(9), np.int64(13), np.int64(31))",3.7480511355851465,4.697317588179031,0.06809458579829086,0.09147353162101024
"(np.int64(9), np.int64(13), np.int64(32))",3.748333770828849,4.697419614994362,0.068105517431435,0.09147827181508594
"(np.int64(9), np.int64(13), np.int64(35))",3.733787154774349,4.732963203154683,0.04644147290732137,0.03614153191200775
"(np.int64(9), np.int64(13), np.int64(38))",8.076325220293961,7.591513336868454,0.08685536429403362,0.03640459419341968
"(np.int64(9), np.int64(13), np.int64(40))",7.213293854477189,13.873725612255349,0.06467772682970763,0.037541393214645224
"(np.int64(9), np.int64(13), np.int64(43))",5.555153174882767,2.6086640104225243,0.06748983650039186,0.07133075191236349
"(np.int64(9), np.int64(14), np.int64(15))",7.949985554951893,9.48463921271363,0.04708545208947268,0.0383690170167057
"(np.int64(9), np.int64(14), np.int64(17))",5.5485355063330095,5.179951420061974,0.0603839923399323,0.09082277807478367
"(np.int64(9), np.int64(14), np.int64(23))",8.238021760704969,6.859985483190731,0.03306895132012189,0.05502259227816375
"(np.int64(9), np.int64(14), np.int64(27))",12.093864901274175,3.4841460188944184,0.017284079087504955,0.04731718773360316
"(np.int64(9), np.int64(14), np.int64(34))",7.161038372485058,5.362926725959619,0.03532737042677869,0.02870351685368555
"(np.int64(9), np.int64(14), np.int64(35))",7.161038372485058,5.362926725959619,0.03532737042677869,0.02870351685368555
"(np.int64(9), np.int64(14), np.int64(36))",7.161038372485058,5.362926725959619,0.03532737042677869,0.02870351685368555
"(np.int64(9), np.int64(14), np.int64(38))",17.693569089360984,16.992211617893545,0.19736781464766817,0.05919262880158782
"(np.int64(9), np.int64(15), np.int64(17))",8.500603867709922,8.318897179256908,0.07530211919268004,0.08764403093044748
"(np.int64(9), np.int64(15), np.int64(19))",7.317030454202563,5.0016705034853235,0.04334633567031976,0.04934631482791596
"(np.int64(9), np.int64(15), np.int64(21))",13.83248790742427,4.011716852933451,0.003438359527839996,0.024641285976144456
"(np.int64(9), np.int64(15), np.int64(29))",11.751777003568014,10.410308111370682,0.050147044675308394,0.016944699852821432
"(np.int64(9), np.int64(15), np.int64(37))",10.065891016772355,8.130707598027882,0.05243844410176712,0.03409134539531522
"(np.int64(9), np.int64(15), np.int64(41))",4.682519268090294,3.8388534728004515,0.003687397420578553,0.007743642225028657
"(np.int64(9), np.int64(16), np.int64(19))",2.501941158453046,5.1535185327688495,0.03749739068110158,0.025164025390225664
"(np.int64(9), np.int64(16), np.int64(21))",7.945811376292978,3.4478801467377993,-0.004998078726664024,0.03426458014019662
"(np.int64(9), np.int64(16), np.int64(25))",2.9071416028342645,3.935198830250919,0.028657196056718903,0.012545255798871113
"(np.int64(9), np.int64(16), np.int64(30))",5.487404944976999,10.92652676990097,0.02558011190353293,0.036580451989218776
"(np.int64(9), np.int64(16), np.int64(36))",7.624774513288699,7.831971089135877,0.06505070998129459,0.050040008138991676
"(np.int64(9), np.int64(16), np.int64(38))",7.087138480569464,10.99038516479952,0.0995811343962445,0.07855860611800503
"(np.int64(9), np.int64(16), np.int64(41))",2.099075618430833,1.7874329464067629,0.014613128737300585,0.014787640703541882
"(np.int64(9), np.int64(17), np.int64(20))",5.03630195014733,6.397850231750103,0.028517098759278547,0.049933201536140115
"(np.int64(9), np.int64(17), np.int64(22))",2.4062059922853676,3.110457592317653,0.017223650836834525,0.012184209709317106
"(np.int64(9), np.int64(17), np.int64(23))",2.7115559672196747,3.472387263282519,0.02944177266430359,0.03060755554321737
"(np.int64(9), np.int64(17), np.int64(24))",5.455245448547793,3.460381171877686,0.0267633675476594,0.02394743222467388
"(np.int64(9), np.int64(17), np.int64(25))",3.3712331805673936,2.387058916778624,0.011038983598734231,0.007563472026492213
"(np.int64(9), np.int64(17), np.int64(26))",3.544234163432858,3.1475780480621003,0.01905117578447435,0.0188977718030493
"(np.int64(9), np.int64(17), np.int64(32))",4.257736170061603,3.168948744256484,0.07843685426036906,0.10323324984754378
"(np.int64(9), np.int64(17), np.int64(33))",4.179889709854746,3.6085850107754567,0.07347166038607211,0.0980290519598972
"(np.int64(9), np.int64(17), np.int64(36))",2.3081269363517523,1.9088893083215686,0.047452849260468666,0.050002489260723815
"(np.int64(9), np.int64(17), np.int64(41))",3.1879816890345456,4.571130849735407,0.01865089981979251,0.022068403386708346
"(np.int64(9), np.int64(18), np.int64(19))",7.768183219779333,7.1324373942294885,0.3118097794883856,0.26435107501782174
"(np.int64(9), np.int64(18), np.int64(20))",7.460713878348841,7.030329165803442,0.23546832702366494,0.20352802514656487
"(np.int64(9), np.int64(18), np.int64(28))",4.323373197654572,4.184977722105334,0.0660678216886661,0.049126071808552885
"(np.int64(9), np.int64(18), np.int64(29))",7.073731998774521,6.65326641169259,0.23569537736986024,0.17720075726270057
"(np.int64(9), np.int64(18), np.int64(31))",8.082693930346757,7.7880520171091225,0.08271888543842709,0.07178607518253699
"(np.int64(9), np.int64(18), np.int64(34))",3.6219241179980424,3.9030693241302474,0.051689019561939276,0.025390362217762585
"(np.int64(9), np.int64(18), np.int64(35))",3.6219241179980424,3.9030693241302474,0.051689019561939276,0.025390362217762585
"(np.int64(9), np.int64(18), np.int64(43))",5.219070784250726,6.000139291064022,0.07488776677211251,0.07876827157920119
"(np.int64(9), np.int64(19), np.int64(23))",8.840850689853832,4.136677870432756,0.030390875587397725,0.03839554002302037
"(np.int64(9), np.int64(19), np.int64(37))",7.349967052977725,4.106383301359224,0.02926245459086041,0.020073743749009054
"(np.int64(9), np.int64(19), np.int64(38))",17.274919127118235,16.81209438302063,0.1770001355220281,0.05760051891318241
"(np.int64(9), np.int64(19), np.int64(40))",14.101433624981508,9.72580280061483,0.04283065716926049,0.027304222570439518
"(np.int64(9), np.int64(20), np.int64(24))",5.452675559417486,4.027189267509339,0.023908308376585197,0.02509986254547436
"(np.int64(9), np.int64(20), np.int64(31))",5.1945943730064235,6.795668545345161,0.027817841761404782,0.016257329276746613
"(np.int64(9), np.int64(20), np.int64(33))",5.459880992672371,7.201226428343753,0.021023412866680524,0.015298360677575507
"(np.int64(9), np.int64(20), np.int64(41))",2.6426766792355583,2.059778470904077,0.008820051184576072,0.007102812399979341
"(np.int64(9), np.int64(20), np.int64(42))",6.580087524089671,9.428450652619166,0.022539352913789945,0.024262469354423777
"(np.int64(9), np.int64(21), np.int64(24))",5.9605265949661455,7.736124970430664,0.0043469911826051755,0.01694401581706817
"(np.int64(9), np.int64(21), np.int64(27))",7.475824566085072,9.167773978768206,0.008365353631559436,0.022260675049511236
"(np.int64(9), np.int64(21), np.int64(30))",9.93590337656691,3.255576878489381,0.0,0.009049240716165086
"(np.int64(9), np.int64(21), np.int64(34))",10.132141818896885,5.008726143652953,-0.00278318522310117,0.022707178598991296
"(np.int64(9), np.int64(21), np.int64(37))",7.999663025687607,4.874313938392982,0.0,0.028921946117645758
"(np.int64(9), np.int64(21), np.int64(39))",3.757673395420265,10.750726678021111,0.0024309125775159313,0.029586021551424424
"(np.int64(9), np.int64(21), np.int64(40))",3.359693518551074,10.307087460847386,0.0036727441048385323,0.03986867558911855
"(np.int64(9), np.int64(22), np.int64(28))",9.576554923072676,6.430393933036132,0.020345967240402718,0.014832289424110856
"(np.int64(9), np.int64(22), np.int64(33))",9.172124787434226,9.120830586677977,0.019399203399108833,0.01893621794903988
"(np.int64(9), np.int64(22), np.int64(34))",5.362012296172414,4.416857885341743,0.0208609868247831,0.016631474043837913
"(np.int64(9), np.int64(22), np.int64(35))",5.362012296172414,4.416857885341743,0.0208609868247831,0.016631474043837913
"(np.int64(9), np.int64(22), np.int64(36))",5.362012296172414,4.416857885341743,0.0208609868247831,0.016631474043837913
"(np.int64(9), np.int64(22), np.int64(37))",3.830667866060714,3.8845556722616723,0.02974096849743013,0.027070619123516937
"(np.int64(9), np.int64(22), np.int64(39))",6.122774841715636,7.023649956184533,0.023488390802260284,0.011834128106885111
"(np.int64(9), np.int64(22), np.int64(42))",2.4990046611210253,5.510476010988616,0.03438732543595302,0.02982074829970416
"(np.int64(9), np.int64(23), np.int64(30))",9.984528444778785,3.67498387799237,0.012471415901909921,0.00895538183647393
"(np.int64(9), np.int64(23), np.int64(34))",6.853269677955216,6.844885023223509,0.030196048919378993,0.029870013132319406
"(np.int64(9), np.int64(23), np.int64(36))",6.853269677955216,6.844885023223509,0.030196048919378993,0.029870013132319406
"(np.int64(9), np.int64(24), np.int64(28))",5.181247207167299,4.124587236367884,0.01913328551809701,0.014109790253010623
"(np.int64(9), np.int64(24), np.int64(30))",6.088366665421623,5.036604528192361,0.024371443952845517,0.03623373704245658
"(np.int64(9), np.int64(24), np.int64(32))",3.025203003312465,3.101577115821098,0.0427045449450576,0.05588440178163778
"(np.int64(9), np.int64(24), np.int64(33))",3.460491895863056,3.194431591160776,0.03391223647374231,0.04857622967752162
"(np.int64(9), np.int64(24), np.int64(40))",4.235254124284787,9.767028295705176,0.03683876489656135,0.031182011918107988
"(np.int64(9), np.int64(25), np.int64(36))",5.9401129229688765,3.2663359163913834,0.012312827786444047,0.022850049121797444
"(np.int64(9), np.int64(25), np.int64(38))",10.64829335231694,7.46379637179556,0.03810947373304252,0.014345796989616022
"(np.int64(9), np.int64(25), np.int64(39))",5.309548443480855,7.645313624077341,0.019699085885305223,0.010044355461591215
"(np.int64(9), np.int64(26), np.int64(33))",3.1601298342214634,2.8010332097143853,0.022629117129794984,0.04590220874581863
"(np.int64(9), np.int64(26), np.int64(36))",2.780809817036223,3.5483671933225316,0.023784721229526462,0.02552774757814591
"(np.int64(9), np.int64(26), np.int64(37))",3.685932149775682,2.9129943966182057,0.018832196016369984,0.03605362211259577
"(np.int64(9), np.int64(26), np.int64(38))",13.020205278622255,7.48350439422996,0.058474551610373515,0.04147999032104388
"(np.int64(9), np.int64(27), np.int64(28))",3.673438548126773,14.781637955665927,0.024855706231349584,0.02904696055098399
"(np.int64(9), np.int64(27), np.int64(30))",9.997343355889209,3.4271502566276495,0.0,0.00860384532447711
"(np.int64(9), np.int64(27), np.int64(33))",3.470386487640432,6.321158450577505,-0.005320646950576879,0.03337656672109246
"(np.int64(9), np.int64(27), np.int64(39))",2.4183811195982168,10.596323042352346,0.008155828737011372,0.024114269129615118
"(np.int64(9), np.int64(27), np.int64(41))",7.911522101599488,11.586478405574011,0.0,0.015806796942362644
"(np.int64(9), np.int64(27), np.int64(42))",4.975448110947024,14.850026767361193,0.0,0.024916248833396715
"(np.int64(9), np.int64(28), np.int64(36))",6.164037249717226,4.700591441799897,0.015149336799463842,0.017758096046200378
"(np.int64(9), np.int64(28), np.int64(39))",5.110188532430042,6.876027275438631,0.028042661521473833,0.015430274834782765
"(np.int64(9), np.int64(28), np.int64(42))",3.2380749951775236,4.299326680684794,0.033901425062075274,0.03056223368355615
"(np.int64(9), np.int64(29), np.int64(34))",6.106451802327563,5.685462669849282,-0.00278318522310117,0.03893496667970575
"(np.int64(9), np.int64(29), np.int64(36))",6.106451802327563,5.685462669849282,-0.00278318522310117,0.03893496667970575
"(np.int64(9), np.int64(29), np.int64(37))",4.666236356052286,4.934621634528496,0.033460382218382434,0.051583876203825985
"(np.int64(9), np.int64(29), np.int64(42))",6.825302599990622,8.72403938118774,0.08835711030484705,0.047820962058484406
"(np.int64(9), np.int64(30), np.int64(32))",6.723164932390225,8.203071548691113,0.05568746248018064,0.02418455305279965
"(np.int64(9), np.int64(30), np.int64(40))",10.445221159848355,8.50269369550588,0.016121169503779398,0.03016081770384238
"(np.int64(9), np.int64(30), np.int64(42))",7.889264156341699,10.536206936661808,0.07712171341086493,0.04759840503411894
"(np.int64(9), np.int64(31), np.int64(37))",4.2957696537741015,3.925274610606124,0.03742940176961873,0.01859767280911928
"(np.int64(9), np.int64(32), np.int64(41))",2.478719226915783,3.738725196390169,0.018640196499517203,0.02079298267931906
"(np.int64(9), np.int64(32), np.int64(42))",11.429827542297796,10.641893243665558,0.04505635496767946,0.0689825532679107
"(np.int64(9), np.int64(33), np.int64(37))",4.433358673936352,4.081580853243197,0.03370690407631116,0.019798023319413827
"(np.int64(9), np.int64(33), np.int64(38))",6.324138175001554,4.950429595162695,0.09396317798442355,0.11114861270927356
"(np.int64(9), np.int64(33), np.int64(42))",11.750709248591962,11.257996196315409,0.04555704442595876,0.06469035202650453
"(np.int64(9), np.int64(34), np.int64(43))",6.893502649254678,4.812648847552911,0.052085692567505504,0.0517141047904508
"(np.int64(9), np.int64(35), np.int64(39))",8.162482367417168,6.7027110320898355,0.05290139360906765,0.04429050119051159
"(np.int64(9), np.int64(35), np.int64(42))",6.402037051638676,4.3766929722254435,0.059090126223871886,0.05666485077561101
"(np.int64(9), np.int64(37), np.int64(43))",4.042261014400824,2.9613538934758235,0.030944551073507465,0.02434562961172082
"(np.int64(9), np.int64(38), np.int64(43))",5.273927380566418,3.866778725231176,0.07826984169189077,0.08680215215163345
"(np.int64(9), np.int64(40), np.int64(41))",8.133967185253034,6.696740833600233,0.007772433991081851,0.016596744853027423
"(np.int64(9), np.int64(42), np.int64(43))",4.745133707933287,6.717687307844008,0.038246594817399115,0.03433537545584642
"(np.int64(10), np.int64(11), np.int64(15))",6.73078887145317,6.006123110172861,0.10058649540698572,0.08787994276575528
"(np.int64(10), np.int64(11), np.int64(21))",5.33140593438586,4.061123749350803,0.01768530926881917,0.06702483619568
"(np.int64(10), np.int64(11), np.int64(23))",4.2084891943012055,4.075472994774931,0.0783448863595475,0.041187100856416525
"(np.int64(10), np.int64(11), np.int64(24))",5.586306348268877,4.107086678603097,0.062336772205564106,0.06478565642494283
"(np.int64(10), np.int64(11), np.int64(25))",4.300009716027073,3.548057444399581,0.041929087377288954,0.02904271571663397
"(np.int64(10), np.int64(11), np.int64(29))",8.807458629323355,8.57642354523607,0.054254359065766256,0.05704445940168179
"(np.int64(10), np.int64(11), np.int64(36))",7.654396744762951,6.892929627905749,0.03624484824104135,0.02339316200807351
"(np.int64(10), np.int64(11), np.int64(37))",5.397693107661845,3.321609703983861,0.05598989133571741,0.05854374788414429
"(np.int64(10), np.int64(12), np.int64(13))",5.708411637804732,6.3506649434155165,0.06629348829498061,0.10780371903620312
"(np.int64(10), np.int64(12), np.int64(16))",6.767545850900048,6.73620768019501,0.06476762934378477,0.05275531762439656
"(np.int64(10), np.int64(12), np.int64(17))",11.74944990840911,10.843485503302642,0.12626068583261707,0.10118921340688725
"(np.int64(10), np.int64(12), np.int64(18))",8.879425138472541,7.002644132043254,0.10694500513976013,0.07947698373410883
"(np.int64(10), np.int64(12), np.int64(37))",6.723305789894294,5.850063655511787,0.09450559056113295,0.06817530845928454
"(np.int64(10), np.int64(13), np.int64(15))",10.055781650345212,7.060323911036197,0.034679354458025946,0.04940876093376101
"(np.int64(10), np.int64(13), np.int64(18))",6.654373106313135,4.198261485032235,0.07017385470732529,0.06700550240409808
"(np.int64(10), np.int64(13), np.int64(22))",7.776749220562895,3.8729459913781197,0.03412132233937526,0.027536204462818126
"(np.int64(10), np.int64(13), np.int64(23))",3.8143277952111934,2.9057352826443856,0.07212679931106625,0.058160028957577325
"(np.int64(10), np.int64(13), np.int64(33))",7.686346808996006,5.806324356426074,0.09568338884589311,0.08479342685745173
"(np.int64(10), np.int64(13), np.int64(37))",3.940927379594381,4.483545541646061,0.0546099887722129,0.050240938148377046
"(np.int64(10), np.int64(13), np.int64(42))",4.534516475141632,4.465138827073535,0.08505986577097768,0.07946498151128967
"(np.int64(10), np.int64(14), np.int64(28))",6.989687647061666,7.355595688481533,0.05780084565879684,0.04739664748306538
"(np.int64(10), np.int64(14), np.int64(32))",4.562258457618635,5.292035411340022,0.08641281511175702,0.08796819095645636
"(np.int64(10), np.int64(14), np.int64(37))",6.639307177437733,5.022710789967593,0.090616631608754,0.09105448247519199
"(np.int64(10), np.int64(14), np.int64(39))",5.956413843119716,4.890598400565686,0.07061520248267206,0.05471772365595573
"(np.int64(10), np.int64(14), np.int64(41))",4.968422451615898,3.3138050092084006,0.004312172338255316,0.0054655090629534
"(np.int64(10), np.int64(15), np.int64(19))",15.607067374305979,12.342429498385352,0.0744157595880992,0.09527613522986988
"(np.int64(10), np.int64(15), np.int64(23))",8.756792628211718,5.756236311327845,0.011588661471372719,0.010686655129865441
"(np.int64(10), np.int64(15), np.int64(30))",14.214160055508746,13.510390223341602,0.051723249815917804,0.08649657724765414
"(np.int64(10), np.int64(15), np.int64(31))",6.777618779351366,4.784630540271793,0.09672454618464543,0.10142351150321305
"(np.int64(10), np.int64(15), np.int64(35))",6.207014719281586,3.3050080669594584,0.017198394726734345,0.017951251327013806
"(np.int64(10), np.int64(15), np.int64(39))",10.035432544105506,7.74694989638845,0.02550194423209462,0.03399830150244254
"(np.int64(10), np.int64(15), np.int64(41))",3.5608997559806217,4.129299724048947,0.005825263706635275,0.008943707708099935
"(np.int64(10), np.int64(15), np.int64(43))",14.258828338425552,14.948673924706535,0.04700903947721169,0.044871768537579126
"(np.int64(10), np.int64(16), np.int64(29))",12.138488971804442,10.414249261933842,0.058394014431877195,0.0362720112767595
"(np.int64(10), np.int64(16), np.int64(35))",3.7981662368985205,4.302014683831255,0.03334881106469645,0.03388176778507157
"(np.int64(10), np.int64(17), np.int64(18))",5.710036154182543,5.0777908710152175,0.041133223422460286,0.032024267966341835
"(np.int64(10), np.int64(17), np.int64(21))",6.402232144120055,4.152791662570504,0.022150801056747715,0.01731525106965104
"(np.int64(10), np.int64(17), np.int64(22))",5.197504492133941,4.945549081385227,0.01391048652225435,0.019038668714326468
"(np.int64(10), np.int64(17), np.int64(25))",3.2026795389762586,4.598050943386151,0.012634501635198414,0.02565891296796241
"(np.int64(10), np.int64(17), np.int64(26))",3.5345048669730668,3.5229866070217324,0.02169415067653191,0.024937737031656915
"(np.int64(10), np.int64(17), np.int64(27))",6.606420875803942,3.71218567952134,0.019176649476292384,0.01779332603698236
"(np.int64(10), np.int64(17), np.int64(30))",7.17569132548142,6.554237590816307,0.037338264144714084,0.07240344324838921
"(np.int64(10), np.int64(17), np.int64(33))",4.0855107628639935,3.496149227135871,0.06115759416331412,0.03527482706220897
"(np.int64(10), np.int64(17), np.int64(37))",4.499428418189768,4.529090364781861,0.022011956403138466,0.030277461743042244
"(np.int64(10), np.int64(18), np.int64(19))",7.118711984439197,7.550383766159588,0.09730704570121684,0.1032055388704991
"(np.int64(10), np.int64(18), np.int64(20))",7.018261405919685,7.21484367743125,0.1011601982456346,0.10542394096781937
"(np.int64(10), np.int64(18), np.int64(25))",2.611057687535706,2.849837513930481,0.04346580113729681,0.016254088398535815
"(np.int64(10), np.int64(18), np.int64(27))",4.2487245726107545,3.547802065362584,0.010174399284347602,0.032242478567939936
"(np.int64(10), np.int64(18), np.int64(34))",6.093149521489647,5.389327344762178,0.033434085923837675,0.03119875363341773
"(np.int64(10), np.int64(18), np.int64(35))",6.093149521489647,5.389327344762178,0.033434085923837675,0.03119875363341773
"(np.int64(10), np.int64(18), np.int64(39))",8.1311138737969,7.065750736886484,0.08796601664830594,0.0637062024245797
"(np.int64(10), np.int64(18), np.int64(40))",8.123170382243742,7.485117481924759,0.09944042199029979,0.06839274541101881
"(np.int64(10), np.int64(18), np.int64(42))",6.706431317698633,8.30521753444102,0.03032611129451812,0.027503773423550926
"(np.int64(10), np.int64(19), np.int64(25))",3.9699929761845945,6.126234927308025,0.02350624161134074,0.02480818422951314
"(np.int64(10), np.int64(19), np.int64(27))",5.818574556293343,11.44458199571011,0.005665727140106824,0.033216939190359174
"(np.int64(10), np.int64(19), np.int64(28))",5.351832169769649,6.62297405436377,0.08163133261767175,0.052774541864901714
"(np.int64(10), np.int64(19), np.int64(30))",17.99691326642112,12.797811218657166,0.053489705730775494,0.08322491570718082
"(np.int64(10), np.int64(19), np.int64(38))",9.331082209266828,7.989612342564826,0.14525845251493807,0.11074422671647166
"(np.int64(10), np.int64(20), np.int64(32))",6.953080292658759,5.672289247048983,0.06288001353904271,0.07230209367450424
"(np.int64(10), np.int64(20), np.int64(33))",7.7010952539233255,6.535682269850647,0.060190853038440406,0.07431889582330597
"(np.int64(10), np.int64(20), np.int64(36))",4.713162334794053,4.301189407549868,0.03675254153983831,0.020037251918614163
"(np.int64(10), np.int64(20), np.int64(38))",10.559133956171934,9.176200383329482,0.14197094814146216,0.10495076089827127
"(np.int64(10), np.int64(21), np.int64(24))",4.849553767891666,4.622645937752123,0.01345124003780862,0.043130667133744804
"(np.int64(10), np.int64(21), np.int64(28))",5.1222330831475,7.419159793657232,0.005318814750876477,0.03655948025300437
"(np.int64(10), np.int64(21), np.int64(29))",7.410716365529007,2.690102385438263,0.0007812353696582397,0.0714234992845767
"(np.int64(10), np.int64(21), np.int64(31))",5.102233019452361,6.753064185730106,-0.0035973032954108586,0.051020010895054035
"(np.int64(10), np.int64(21), np.int64(38))",5.300481470431072,5.329858359831652,0.09295722325084399,0.029118429152866998
"(np.int64(10), np.int64(21), np.int64(43))",9.895750683944698,7.790391951158068,0.03296100277150116,0.04541319368104346
"(np.int64(10), np.int64(22), np.int64(23))",2.393602422844541,1.9070476264877112,0.024495656826337253,0.012518868248137416
"(np.int64(10), np.int64(22), np.int64(25))",4.904788125287223,2.225250271899305,0.0404273290346675,0.022138661166290152
"(np.int64(10), np.int64(22), np.int64(26))",1.3604836154420104,3.350811123391159,0.027049719420525475,0.018771858257022322
"(np.int64(10), np.int64(22), np.int64(30))",7.2203708658400405,2.965878526542821,0.02309626835143852,0.04341799259611889
"(np.int64(10), np.int64(22), np.int64(33))",5.9626797419819315,4.402668260074178,0.03983264797520236,0.032946129830162096
"(np.int64(10), np.int64(22), np.int64(38))",3.479204632797123,3.797433594363867,0.0209302256438052,0.02952550246589758
"(np.int64(10), np.int64(23), np.int64(31))",3.013491118262699,4.2120216327490985,0.03167158026081063,0.019274613636886317
"(np.int64(10), np.int64(23), np.int64(33))",3.175539914772224,4.391056548207163,0.030093202348233983,0.01933056092014973
"(np.int64(10), np.int64(23), np.int64(35))",4.050278729870015,3.0526645944292823,0.02238467008387024,0.011109842859808428
"(np.int64(10), np.int64(23), np.int64(36))",4.050278729870015,3.0526645944292823,0.02238467008387024,0.011109842859808428
"(np.int64(10), np.int64(24), np.int64(26))",5.317310483686564,7.211639489193797,0.0331145278241779,0.048532073541616705
"(np.int64(10), np.int64(24), np.int64(29))",3.8090399377950868,5.997699270058084,0.045686648755226766,0.030756881150230675
"(np.int64(10), np.int64(24), np.int64(32))",5.851917106374415,5.448146158253845,0.08069105310037661,0.049251953003357274
"(np.int64(10), np.int64(24), np.int64(41))",2.312604660508409,3.535606215029285,0.012715792469376264,0.015460196973822948
"(np.int64(10), np.int64(25), np.int64(26))",3.9416088736812775,3.5037691785174743,0.04521137888959481,0.03639043564836719
"(np.int64(10), np.int64(25), np.int64(27))",4.003177173953946,6.540017927023491,0.0032437870145107794,0.011221191617657222
"(np.int64(10), np.int64(25), np.int64(36))",5.552052755285227,2.6018524839471318,0.018233890684633214,0.02565828271555093
"(np.int64(10), np.int64(26), np.int64(28))",1.928151705954117,4.863676272441996,0.04069360035447156,0.02674452156678153
"(np.int64(10), np.int64(26), np.int64(29))",2.906798916118488,4.749092951500877,0.04051306680941025,0.04072371585183987
"(np.int64(10), np.int64(26), np.int64(31))",5.7004492166504175,5.100232792529201,0.07180370183855955,0.05482661149773782
"(np.int64(10), np.int64(26), np.int64(37))",3.0087068535491377,3.2716703308608133,0.030285299485422912,0.026276984282171623
"(np.int64(10), np.int64(27), np.int64(29))",7.860396955075398,2.4175512519689986,5.249085721936719e-05,0.06673934114483071
"(np.int64(10), np.int64(27), np.int64(39))",8.14844344750585,10.436702941835248,0.0018401281202040654,0.020357534375267106
"(np.int64(10), np.int64(27), np.int64(40))",7.631166731105431,11.50798145533892,0.00227387767749776,0.020575198885263934
"(np.int64(10), np.int64(28), np.int64(29))",5.942570097486317,2.4247669622079036,0.03163014619480187,0.02930117397636378
"(np.int64(10), np.int64(28), np.int64(37))",4.936085801661491,3.9296474225921942,0.06966361565523993,0.04551061825924696
"(np.int64(10), np.int64(28), np.int64(39))",5.599076141010405,1.9942386392219682,0.05225116113506001,0.04091241478774321
"(np.int64(10), np.int64(29), np.int64(30))",5.897355193916545,6.9744123935594295,0.004286872910314932,0.026536078263624363
"(np.int64(10), np.int64(29), np.int64(38))",8.204304974865481,13.247761982461762,0.047944183280682506,0.01680272195790078
"(np.int64(10), np.int64(29), np.int64(40))",8.879318609961514,8.13009060002098,0.08550180234954607,0.051546809355052625
"(np.int64(10), np.int64(29), np.int64(43))",4.822538631345158,5.7493080768469484,0.05468353998372655,0.045765177291325676
"(np.int64(10), np.int64(30), np.int64(37))",8.407980932639362,6.289244586379697,0.05282054365322075,0.048784891917615036
"(np.int64(10), np.int64(30), np.int64(38))",9.94198176667515,11.099659409602364,0.04089072189597753,0.02973022936760028
"(np.int64(10), np.int64(30), np.int64(43))",8.117263492985444,10.590761943935078,0.047145702331558015,0.046987256247322584
"(np.int64(10), np.int64(31), np.int64(32))",4.3370491328085485,5.130612424755502,0.006139092895068421,0.004216598367267177
"(np.int64(10), np.int64(31), np.int64(34))",3.7633764433450896,3.682564095205911,0.026692618939646473,0.03652722164935218
"(np.int64(10), np.int64(31), np.int64(40))",7.62769346039571,5.357943554028808,0.07635947494696338,0.07798639283532482
"(np.int64(10), np.int64(32), np.int64(34))",3.7634703762796593,3.68248917111752,0.026692717549097078,0.03652822337834871
"(np.int64(10), np.int64(32), np.int64(41))",2.634753792689661,1.592574511163129,0.012262076498783636,0.013001413062599165
"(np.int64(10), np.int64(32), np.int64(42))",13.59838811752702,12.069407339005277,0.07210225286485394,0.05360668662803192
"(np.int64(10), np.int64(33), np.int64(34))",3.9119234194170245,4.080988371787994,0.027578963899029363,0.03730237432298156
"(np.int64(10), np.int64(33), np.int64(35))",3.9119234194170245,4.080988371787994,0.027578963899029363,0.03730237432298156
"(np.int64(10), np.int64(33), np.int64(42))",14.277606048181172,12.590784587002366,0.04163085649345166,0.026378637306776587
"(np.int64(10), np.int64(33), np.int64(43))",6.778442264799474,4.996632855425011,0.04884908946267308,0.05640097037945235
"(np.int64(10), np.int64(34), np.int64(38))",4.870466673917444,3.3396486093242252,0.044321738547834943,0.018046141535521087
"(np.int64(10), np.int64(34), np.int64(42))",4.265921804042209,4.171511725199586,0.024156297223369982,0.021938707293397974
"(np.int64(10), np.int64(36), np.int64(39))",5.966793463298192,7.535345488605149,0.016508432440555332,0.025734849977438357
"(np.int64(10), np.int64(36), np.int64(41))",3.10345354658825,1.4734447335057401,0.011555272899930857,0.013462065410532409
"(np.int64(10), np.int64(36), np.int64(43))",4.1101403921398445,4.549060931528292,0.022212971208891874,0.026921138392433486
"(np.int64(10), np.int64(37), np.int64(40))",12.401887027116176,7.7180183949330665,0.09993025538851064,0.08672712851021458
"(np.int64(10), np.int64(38), np.int64(39))",9.581987147394427,7.097953654442386,0.019371337125264065,0.022778248707231663
"(np.int64(10), np.int64(38), np.int64(40))",11.036924090059808,8.361993561839721,0.04677729115932017,0.0255625226330618
"(np.int64(10), np.int64(38), np.int64(43))",21.395272945868765,22.56241028824866,0.06404510897884641,0.049575693622787576
"(np.int64(10), np.int64(39), np.int64(41))",7.086425570529509,3.859976502533925,0.006779115391068569,0.008894026320000692
"(np.int64(10), np.int64(39), np.int64(43))",12.252421035530661,14.741310618912458,0.023896994115989223,0.037069738605919555
"(np.int64(10), np.int64(40), np.int64(42))",11.857360541220299,18.4832205047981,0.036893260550263096,0.04053664154612835
"(np.int64(10), np.int64(41), np.int64(42))",2.6086444218704115,2.2425605270819484,0.009588384925218407,0.030699509532719604
"(np.int64(11), np.int64(12), np.int64(14))",7.061939979930013,5.2619243945809275,0.04342623299228343,0.03825596838569556
"(np.int64(11), np.int64(12), np.int64(15))",7.182439947621163,4.96931231413702,0.05567471895001175,0.03252388032639375
"(np.int64(11), np.int64(12), np.int64(16))",6.900889824698242,4.410235623774057,0.035918983111605796,0.048475943582532266
"(np.int64(11), np.int64(12), np.int64(20))",8.186837472472929,6.265283436663343,0.05506179147470214,0.038995913015066774
"(np.int64(11), np.int64(12), np.int64(29))",8.666086237691061,6.415445259997016,0.021300482833033096,0.043531923406626594
"(np.int64(11), np.int64(12), np.int64(31))",5.747164759969589,3.8041330963138082,0.07748970784769349,0.06389515054608241
"(np.int64(11), np.int64(12), np.int64(32))",5.746929558458517,3.8038735507695125,0.07748917748473738,0.06389381189486387
"(np.int64(11), np.int64(12), np.int64(34))",5.547816651182963,7.520559367741064,0.03932598209483229,0.022058241910030696
"(np.int64(11), np.int64(12), np.int64(40))",7.573001967379348,7.0147867588274755,0.0513460907859723,0.03825594256794018
"(np.int64(11), np.int64(12), np.int64(42))",4.147474170771414,3.3941975711926085,0.04310867610664204,0.04915398553590489
"(np.int64(11), np.int64(12), np.int64(43))",3.9178952457837775,3.7873085699458016,0.03771534420527023,0.02813391733700865
"(np.int64(11), np.int64(13), np.int64(15))",7.639851980377251,7.655913250879119,0.08273731528349926,0.04649008243502828
"(np.int64(11), np.int64(13), np.int64(18))",2.930281285984939,4.2391077729176185,0.02793834719848154,0.026485008393267062
"(np.int64(11), np.int64(13), np.int64(24))",4.047322861048554,4.2890691786502835,0.07678001036550175,0.046311583227812925
"(np.int64(11), np.int64(13), np.int64(35))",4.688913797259781,5.031801969921745,0.04900557749813916,0.0566523900106759
"(np.int64(11), np.int64(13), np.int64(36))",4.688913797259781,5.031801969921745,0.04900557749813916,0.0566523900106759
"(np.int64(11), np.int64(13), np.int64(42))",6.163828976318454,5.924903693790663,0.08978962526460599,0.08482572942614586
"(np.int64(11), np.int64(14), np.int64(21))",8.27726538689081,5.979581656151953,0.016553135547121456,0.04039434921876206
"(np.int64(11), np.int64(14), np.int64(31))",9.033537221830752,6.683987469316693,0.053533280034770425,0.053761952923874756
"(np.int64(11), np.int64(14), np.int64(35))",6.050689278733063,6.907867147523623,0.038773574347103046,0.02826934604114384
"(np.int64(11), np.int64(14), np.int64(37))",7.802442689382219,4.840868964663905,0.049327332339847985,0.027859628701148775
"(np.int64(11), np.int64(14), np.int64(38))",22.34815580113142,18.988636984646817,0.21956267242114447,0.08115796446748735
"(np.int64(11), np.int64(14), np.int64(39))",15.600781621920344,12.401776410447184,0.08974723166680099,0.057514316095088835
"(np.int64(11), np.int64(14), np.int64(40))",15.376327000581844,13.241922059162786,0.08890889344930097,0.07765199418462432
"(np.int64(11), np.int64(14), np.int64(42))",8.423791276644213,6.877970305078696,0.030033495719867243,0.046152357449422365
"(np.int64(11), np.int64(15), np.int64(17))",10.80386935814675,13.33034539586438,0.050507904575248674,0.056715407743304413
"(np.int64(11), np.int64(15), np.int64(24))",4.187377496769541,6.8476654449304055,0.040312848879295315,0.03642604937342242
"(np.int64(11), np.int64(15), np.int64(31))",7.5061436450536805,9.11050936171433,0.08857120519555062,0.0997517702560281
"(np.int64(11), np.int64(15), np.int64(34))",6.542985196080668,9.08973544779031,0.05629263667772788,0.043629534086582655
"(np.int64(11), np.int64(15), np.int64(35))",6.542985196080668,9.08973544779031,0.05629263667772788,0.043629534086582655
"(np.int64(11), np.int64(15), np.int64(37))",9.167571756940767,5.849145167780296,0.03706718839816059,0.03744142880364332
"(np.int64(11), np.int64(15), np.int64(41))",5.190107456801631,3.7644980844083804,0.0056475653859764385,0.006748334147430368
"(np.int64(11), np.int64(16), np.int64(18))",7.792817776675594,6.991930605066233,0.026573513439057672,0.033178526474079484
"(np.int64(11), np.int64(16), np.int64(20))",11.324428350606388,10.29704504389428,0.041136924128666874,0.046587826085876305
"(np.int64(11), np.int64(16), np.int64(21))",5.381248806152428,5.7863893519171095,0.006073256470402577,0.044689308868939515
"(np.int64(11), np.int64(16), np.int64(22))",3.526644828057113,3.0254015964978893,0.0465465750505073,0.05769123583627889
"(np.int64(11), np.int64(16), np.int64(23))",7.952687880671347,9.155302927469053,0.018531607719143972,0.036390806366427775
"(np.int64(11), np.int64(16), np.int64(28))",3.7930377026093343,2.581217098593266,0.03739198772762431,0.04099057249804272
"(np.int64(11), np.int64(16), np.int64(30))",11.629589254792858,12.472446146308291,0.07687835988506742,0.06225440040211805
"(np.int64(11), np.int64(16), np.int64(31))",7.6441967932414405,5.4321370045932325,0.05784557958084535,0.07613239713763309
"(np.int64(11), np.int64(16), np.int64(34))",8.717923998308216,8.44803508366901,0.046240626666250284,0.05048287278439323
"(np.int64(11), np.int64(16), np.int64(35))",8.717923998308216,8.44803508366901,0.046240626666250284,0.05048287278439323
"(np.int64(11), np.int64(16), np.int64(43))",7.92421617946983,7.973272981527993,0.07383566737157532,0.08853066668950138
"(np.int64(11), np.int64(17), np.int64(19))",10.180382354185754,10.526206419313617,0.1367693600516544,0.15942476391670624
"(np.int64(11), np.int64(17), np.int64(22))",4.1836534928081806,1.959449797387981,0.05064631017435328,0.04142403508411063
"(np.int64(11), np.int64(17), np.int64(26))",5.636774218656441,6.510386793806089,0.022453575220998445,0.01840546559807188
"(np.int64(11), np.int64(17), np.int64(27))",10.520938513600633,5.623528365670227,-0.012123104012430885,0.02289884192375602
"(np.int64(11), np.int64(17), np.int64(30))",3.337527654476662,6.775899501313491,0.10470084679677116,0.04000150270078484
"(np.int64(11), np.int64(17), np.int64(32))",9.458481616270818,9.90937620975122,0.060235416734946035,0.08809336556836278
"(np.int64(11), np.int64(17), np.int64(39))",13.220113455697565,10.252420569031994,0.051895560960756204,0.06496496426140519
"(np.int64(11), np.int64(18), np.int64(27))",6.7367245044280395,1.1231760773694432,-0.0011371743508030718,0.01611025778224673
"(np.int64(11), np.int64(18), np.int64(30))",14.554071089496565,12.786968357603731,0.04479888488765349,0.040320560315789344
"(np.int64(11), np.int64(18), np.int64(32))",6.883816032263842,3.1903149949005662,0.04371949798523855,0.042146932057891995
"(np.int64(11), np.int64(18), np.int64(40))",14.367273810545022,10.880005258519663,0.038682965822233406,0.03313170344201477
"(np.int64(11), np.int64(19), np.int64(23))",8.638044696453425,5.5579786510976446,0.03255492622575629,0.028068476278279908
"(np.int64(11), np.int64(19), np.int64(25))",2.4611806678434327,2.5041364864382682,0.018214699629614528,0.017857727526769396
"(np.int64(11), np.int64(19), np.int64(29))",17.91416629120482,18.04517016797779,0.12241837389433508,0.05828385842434103
"(np.int64(11), np.int64(19), np.int64(33))",8.469005124091368,6.529311782929211,0.02755798514356611,0.040144793054591066
"(np.int64(11), np.int64(19), np.int64(35))",7.392173495158365,6.624611147335722,0.03555634208300562,0.02123662283727834
"(np.int64(11), np.int64(20), np.int64(24))",6.016262575565431,4.703799209454429,0.06625564576399157,0.06093629100512621
"(np.int64(11), np.int64(20), np.int64(28))",4.890735260393102,4.039523697418428,0.030604130829947618,0.03473821360028673
"(np.int64(11), np.int64(20), np.int64(35))",7.2912347759813105,6.5942722463068675,0.03522842957973771,0.02218914539405792
"(np.int64(11), np.int64(21), np.int64(23))",6.232078308034167,2.389929737551403,-0.009429191664801717,0.02977221868044122
"(np.int64(11), np.int64(21), np.int64(34))",9.540247869273605,4.853559731666827,0.012228915018781317,0.05734989480669905
"(np.int64(11), np.int64(21), np.int64(36))",9.540247869273605,4.853559731666827,0.012228915018781317,0.05734989480669905
"(np.int64(11), np.int64(21), np.int64(42))",7.984130008721351,12.459139499684015,-0.010381493119710483,0.06219978718582475
"(np.int64(11), np.int64(22), np.int64(29))",6.272554832062978,4.353694836808734,0.008008434589571789,0.02641652452962051
"(np.int64(11), np.int64(22), np.int64(30))",8.488454360300086,5.743955424715443,0.02156354771979463,0.03366687685603753
"(np.int64(11), np.int64(22), np.int64(31))",8.422027346220348,8.307926053758163,0.04525755149382016,0.057359494349061846
"(np.int64(11), np.int64(22), np.int64(36))",4.007725701169317,3.31982941581947,0.03401588910227071,0.016386623588293125
"(np.int64(11), np.int64(22), np.int64(39))",4.234785367138695,10.579926391137933,0.043831296084528515,0.032128716203258745
"(np.int64(11), np.int64(22), np.int64(42))",4.658930561735291,3.17151748864545,0.04877946047548509,0.03411938693497618
"(np.int64(11), np.int64(23), np.int64(24))",3.974610753562073,2.9821625921127684,0.03707416052683021,0.043147431823546745
"(np.int64(11), np.int64(23), np.int64(33))",4.0054608073156475,3.9272781999981223,0.02084002006314678,0.016367732129466295
"(np.int64(11), np.int64(23), np.int64(34))",7.595196576129778,5.09582263978136,0.030602763870864802,0.026422993337768763
"(np.int64(11), np.int64(23), np.int64(35))",7.595196576129778,5.09582263978136,0.030602763870864802,0.026422993337768763
"(np.int64(11), np.int64(23), np.int64(38))",16.753824716522647,5.664844191952895,0.042242539153956926,0.00464595007931401
"(np.int64(11), np.int64(23), np.int64(40))",8.42653269761348,9.733491265291292,0.029653781160868475,0.016431086442861287
"(np.int64(11), np.int64(23), np.int64(41))",2.6722153613010438,1.7661794889416342,0.014799292451272428,0.02351161193913276
"(np.int64(11), np.int64(24), np.int64(31))",3.475207267549018,2.1350147877026115,0.06861444857611754,0.07336070226908742
"(np.int64(11), np.int64(24), np.int64(34))",3.9085728808583378,3.5646415179577327,0.03033599765581696,0.025110001740831
"(np.int64(11), np.int64(24), np.int64(38))",11.761478442711574,6.316139986272129,0.0776061974911435,0.061000003817784365
"(np.int64(11), np.int64(24), np.int64(41))",2.0540462294661834,3.0132436138009058,0.011854200591614572,0.015093430333549263
"(np.int64(11), np.int64(24), np.int64(43))",4.1075114106745785,4.814251715874435,0.055068325797945405,0.05492427164148317
"(np.int64(11), np.int64(25), np.int64(29))",7.581712166313945,6.321657282827562,0.020673653572942374,0.02130701518127054
"(np.int64(11), np.int64(25), np.int64(32))",2.8542244383428854,3.6205710008752194,0.03095917585792274,0.007804933647865386
"(np.int64(11), np.int64(25), np.int64(34))",5.51895345737035,4.200082068935074,0.018246744130872905,0.016560561041138788
"(np.int64(11), np.int64(25), np.int64(39))",5.860422112591474,4.780603541015762,0.014519803165033096,0.021243570084171992
"(np.int64(11), np.int64(26), np.int64(27))",4.33218244755205,8.693078225706001,0.0005355764670956775,0.01686489258067403
"(np.int64(11), np.int64(26), np.int64(31))",3.6261980295179237,4.466965469797308,0.05843587417589624,0.0661420059958755
"(np.int64(11), np.int64(26), np.int64(35))",2.8672769201323174,2.5806649630606744,0.041081379432632015,0.019769024462495177
"(np.int64(11), np.int64(26), np.int64(39))",10.731174469113494,6.04930087425203,0.04341637463575554,0.04091259125009383
"(np.int64(11), np.int64(27), np.int64(28))",2.6981703439994433,5.62501711868164,0.006183972762378032,0.03814930027605756
"(np.int64(11), np.int64(27), np.int64(31))",8.629625188674316,6.510316710600899,-0.011107172590747116,0.04522206485177771
"(np.int64(11), np.int64(27), np.int64(37))",8.540325150186753,4.922145700879414,-0.012385153355352396,0.02435961172539136
"(np.int64(11), np.int64(27), np.int64(38))",9.280634647786211,8.51808029076568,0.053629456757027794,0.02234939084745835
"(np.int64(11), np.int64(27), np.int64(39))",6.275323065971562,6.535532824470554,0.0005454274771433676,0.02481913626888188
"(np.int64(11), np.int64(27), np.int64(42))",8.428524170396079,12.37938952518591,-0.010381493119710483,0.059249634682872365
"(np.int64(11), np.int64(28), np.int64(32))",4.2418252263284035,5.8101382417095655,0.06273647974626095,0.03809910668729466
"(np.int64(11), np.int64(28), np.int64(36))",5.337800498392554,2.562013397008548,0.0239975192327343,0.017615561425389115
"(np.int64(11), np.int64(28), np.int64(39))",6.116894894472146,10.255350243391563,0.03510097623170838,0.02507331431730242
"(np.int64(11), np.int64(28), np.int64(40))",5.867735302295228,12.902931796240278,0.04847124120755886,0.03348652164464272
"(np.int64(11), np.int64(28), np.int64(41))",2.1418592706084385,2.3733825120956413,0.005813270896424472,0.011489755468824026
"(np.int64(11), np.int64(29), np.int64(36))",4.769040573367644,4.540936700056777,0.02364438989815587,0.02375727345145262
"(np.int64(11), np.int64(29), np.int64(39))",13.831741823731047,9.126535326643177,0.01790496933547714,0.02482912710296714
"(np.int64(11), np.int64(29), np.int64(42))",6.381699004166734,11.056571350822043,0.0025158785020803487,0.03344449454159093
"(np.int64(11), np.int64(29), np.int64(43))",10.80060457304227,9.699840662904096,0.04662145215735014,0.04322258319361583
"(np.int64(11), np.int64(30), np.int64(32))",15.019535257383069,13.969986427740297,0.13983188125906698,0.05200420009398177
"(np.int64(11), np.int64(30), np.int64(33))",15.164575256169634,14.242251443972185,0.1346426965090658,0.05050461427492581
"(np.int64(11), np.int64(30), np.int64(35))",7.738823362036673,6.602363963279532,0.00271392528246428,0.024323242006610735
"(np.int64(11), np.int64(30), np.int64(40))",18.110942849774936,7.355828362464132,0.06798100094809478,0.04881146106710632
"(np.int64(11), np.int64(31), np.int64(32))",5.030668885024532,5.849252284338664,0.00633566766196858,0.003385658871052688
"(np.int64(11), np.int64(31), np.int64(34))",7.386856867046995,8.375340283789795,0.0902359390439127,0.06430138507037242
"(np.int64(11), np.int64(32), np.int64(33))",3.161930754270776,4.05449674712214,0.026849768146076758,0.03788703909885083
"(np.int64(11), np.int64(32), np.int64(35))",7.386612551178722,8.37517243911828,0.09022393651907412,0.06430074579571765
"(np.int64(11), np.int64(32), np.int64(39))",10.29524588526743,9.663020537992344,0.10603236216141287,0.08214266058060893
"(np.int64(11), np.int64(32), np.int64(40))",10.570112785701417,10.42281393253015,0.10313878087483397,0.10458178876503144
"(np.int64(11), np.int64(33), np.int64(35))",7.897334294881349,9.06530255399112,0.07824000242193785,0.0669082085980045
"(np.int64(11), np.int64(34), np.int64(36))",8.655177559798789,7.57486941582825,0.000976551476165155,0.0008973778314412817
"(np.int64(11), np.int64(35), np.int64(42))",6.678340106583359,4.128142101469516,0.04099640713460018,0.045270620582338106
"(np.int64(11), np.int64(36), np.int64(37))",6.218324564257876,4.174198988066327,0.03707450354386976,0.03464008521914441
"(np.int64(11), np.int64(36), np.int64(38))",9.98294256426496,10.00281030422126,0.045180349012981846,0.02720376003714675
"(np.int64(11), np.int64(37), np.int64(38))",7.033269665274427,7.574351362421159,0.044562442973967054,0.05168661606468894
"(np.int64(11), np.int64(38), np.int64(42))",11.613167963587504,7.181594330655826,0.05337956855993764,0.07166391644293801
"(np.int64(12), np.int64(13), np.int64(16))",4.6255162360557005,2.569747337248314,0.04258415368597812,0.060587864469414
"(np.int64(12), np.int64(13), np.int64(18))",3.7304395185876413,4.517650202776542,0.044298603823161975,0.0326662982887993
"(np.int64(12), np.int64(13), np.int64(19))",3.577220309357823,3.002090443661783,0.11036274445065264,0.10951228555680936
"(np.int64(12), np.int64(13), np.int64(26))",3.251311082079137,3.621972196019902,0.02190188244057767,0.03258014782640095
"(np.int64(12), np.int64(13), np.int64(29))",6.107928399583163,9.698350709048889,0.04540022135916022,0.026611278656132997
"(np.int64(12), np.int64(13), np.int64(33))",4.575603058518281,5.822168984403469,0.08209874791253913,0.08377606023494444
"(np.int64(12), np.int64(13), np.int64(39))",15.220687070713751,13.666407704170757,0.06198803977985923,0.04186607995805991
"(np.int64(12), np.int64(14), np.int64(20))",7.177829013241554,6.2340318616294566,0.05887145801738891,0.06805989849639338
"(np.int64(12), np.int64(14), np.int64(22))",4.313592788263531,3.554192603316303,0.04657500755142008,0.043396907913954674
"(np.int64(12), np.int64(14), np.int64(24))",3.0652045039150364,5.303526191131805,0.04727519538917602,0.038732780248160625
"(np.int64(12), np.int64(14), np.int64(28))",2.8357853224773804,3.4813220765763657,0.059836347541482926,0.051500626615594625
"(np.int64(12), np.int64(14), np.int64(34))",8.544387956899868,8.280844161407716,0.044562589798591956,0.03760227937388394
"(np.int64(12), np.int64(14), np.int64(38))",16.006058098097206,16.33740756008544,0.09461813413446996,0.03706004952065067
"(np.int64(12), np.int64(14), np.int64(40))",14.821139160900188,11.77618478832615,0.04058875111875038,0.0291253797816573
"(np.int64(12), np.int64(15), np.int64(20))",4.2044371013189865,3.8377116480064406,0.05863229076724663,0.0505315044262894
"(np.int64(12), np.int64(15), np.int64(27))",6.69662190998872,4.73783028447678,0.0037832355009222995,0.0250985873682098
"(np.int64(12), np.int64(15), np.int64(31))",4.508625401805065,3.5780065035940525,0.06360796183961448,0.04804929724871043
"(np.int64(12), np.int64(15), np.int64(38))",7.28372177922801,7.092491528546483,0.027380925063195893,0.02434994745794805
"(np.int64(12), np.int64(15), np.int64(42))",7.918418222380032,9.717920878928133,0.04968849018420418,0.04880506367150472
"(np.int64(12), np.int64(16), np.int64(29))",6.697710289039005,8.14674755300286,0.04393621722971541,0.033499156698928
"(np.int64(12), np.int64(16), np.int64(38))",12.192758757575833,11.306110624976434,0.03749943807393852,0.04020083880559233
"(np.int64(12), np.int64(16), np.int64(41))",2.7374076579322457,3.485507892914527,0.022269342665201308,0.015924266146124078
"(np.int64(12), np.int64(16), np.int64(42))",2.82139411829439,4.404926060550172,0.04432240528723286,0.07084795579375003
"(np.int64(12), np.int64(17), np.int64(21))",12.906832167980001,2.5626694030720842,-0.00560447125829322,0.045247311791121736
"(np.int64(12), np.int64(17), np.int64(27))",11.40456965186554,3.900333069399997,-0.0011249563367081716,0.05306125414885532
"(np.int64(12), np.int64(18), np.int64(23))",5.340932027415381,4.232022120014816,0.0799731990113971,0.06060035383428364
"(np.int64(12), np.int64(18), np.int64(24))",5.899245575377897,7.082645193695563,0.039229705164817275,0.03317293570329616
"(np.int64(12), np.int64(18), np.int64(25))",5.897117930059961,5.93919733719398,0.04459618569632873,0.02430836191531205
"(np.int64(12), np.int64(18), np.int64(29))",7.533779360209347,5.111391376800229,0.005322577851563204,0.02483015257287935
"(np.int64(12), np.int64(18), np.int64(30))",9.808705485439447,5.840383514997431,0.09708745093296411,0.03458395898476352
"(np.int64(12), np.int64(18), np.int64(35))",7.4242742817679845,6.634925269814328,0.05048941515904071,0.05360539159650235
"(np.int64(12), np.int64(18), np.int64(40))",5.184095707722597,7.1327467240755755,0.05992612004795883,0.04326739487202913
"(np.int64(12), np.int64(18), np.int64(41))",2.905918616491802,2.0011078785589604,0.014728883963881945,0.02205932111345077
"(np.int64(12), np.int64(19), np.int64(28))",3.588429102425925,4.704789504639948,0.061873065881292044,0.04741006244262913
"(np.int64(12), np.int64(19), np.int64(30))",13.579383013801749,10.310433005825118,0.049498726932214354,0.019927577447729217
"(np.int64(12), np.int64(19), np.int64(32))",5.262902787711137,5.519066307932224,0.06862022737534135,0.07524090992542931
"(np.int64(12), np.int64(19), np.int64(38))",15.149789321213973,14.90666385774427,0.0884893464010833,0.05377455449893087
"(np.int64(12), np.int64(19), np.int64(42))",7.657610513537255,5.821825438723822,0.0388088052306359,0.05148374373598863
"(np.int64(12), np.int64(20), np.int64(23))",3.3157275485078124,4.071012260978464,0.01270411862866716,0.025598379297698814
"(np.int64(12), np.int64(20), np.int64(36))",9.750778095985016,10.109591830704133,0.04441811742573354,0.033110474816055
"(np.int64(12), np.int64(20), np.int64(39))",16.31072015519261,12.403300792938577,0.04388032860958346,0.04057241871187567
"(np.int64(12), np.int64(20), np.int64(40))",15.430435876604884,14.972313673005454,0.050522122103138556,0.04785644729868477
"(np.int64(12), np.int64(20), np.int64(41))",4.17994070292733,5.196245810933329,0.01565404600564646,0.015053661420267428
"(np.int64(12), np.int64(21), np.int64(31))",5.052513569246514,2.9121749335768246,0.0004091251229256798,0.06672334750337505
"(np.int64(12), np.int64(22), np.int64(23))",3.6653170052216106,5.684759118734025,0.01675780678596317,0.0071869471195541434
"(np.int64(12), np.int64(22), np.int64(29))",4.116561784641802,3.615623863411365,0.0285204661948798,0.0169829396258242
"(np.int64(12), np.int64(22), np.int64(40))",4.5399769245062735,11.8546696175941,0.041876198539286036,0.030757555795663638
"(np.int64(12), np.int64(23), np.int64(28))",2.6405007523255577,6.587925899886027,0.01270681844246535,0.006818721617165235
"(np.int64(12), np.int64(23), np.int64(35))",3.2778025465394274,1.8877766269759537,0.027367349897269078,0.029376978056695147
"(np.int64(12), np.int64(23), np.int64(43))",4.886431866544122,2.680359328687905,0.050928073881097435,0.0067383951377514295
"(np.int64(12), np.int64(24), np.int64(26))",6.86492984162465,6.699986773225307,0.014968996409699509,0.031382462026284585
"(np.int64(12), np.int64(24), np.int64(27))",3.583692691160813,11.404694762171294,0.014876111345050291,0.02347041420616336
"(np.int64(12), np.int64(24), np.int64(29))",3.68201255496018,4.858126648708332,0.003452809894530895,0.031026489712922656
"(np.int64(12), np.int64(25), np.int64(27))",6.454477926483988,3.9579013105135,0.0,0.0259392292377969
"(np.int64(12), np.int64(25), np.int64(35))",1.4605975024554503,5.448957934506696,0.036777102411529095,0.026886723611409757
"(np.int64(12), np.int64(25), np.int64(40))",9.025291751077996,4.89245958259705,0.0331331697843017,0.02014636583825946
"(np.int64(12), np.int64(26), np.int64(30))",5.946138633858562,4.739462764328596,0.02960313969752626,0.030633077632627237
"(np.int64(12), np.int64(26), np.int64(31))",3.302588806561568,4.89465136351083,0.027854415069846206,0.026545986445485115
"(np.int64(12), np.int64(26), np.int64(32))",3.302689480383475,4.894961047504596,0.027855134771482826,0.026550145578997708
"(np.int64(12), np.int64(26), np.int64(34))",5.428806834977684,4.9538645282206355,0.03218912715517708,0.03897081869972019
"(np.int64(12), np.int64(26), np.int64(35))",5.428806834977684,4.9538645282206355,0.03218912715517708,0.03897081869972019
"(np.int64(12), np.int64(26), np.int64(40))",8.532892442788778,7.598830644320706,0.020223852067681403,0.032107995846033965
"(np.int64(12), np.int64(26), np.int64(42))",3.3059558215627454,3.8879420028762968,0.0384041191671185,0.03060236306628772
"(np.int64(12), np.int64(27), np.int64(38))",7.308092463061736,6.907748992906913,0.0003363273565413216,0.006834943191414644
"(np.int64(12), np.int64(27), np.int64(39))",6.605433839868087,10.471655045237371,0.002501550896704563,0.030135610616085606
"(np.int64(12), np.int64(27), np.int64(41))",4.545248894247886,4.812222438430926,0.0,0.028108842743456264
"(np.int64(12), np.int64(28), np.int64(33))",2.79368819128692,4.285025680140652,0.04273834336332716,0.024434891167105954
"(np.int64(12), np.int64(28), np.int64(38))",4.252940988720424,3.0302666150753743,0.020234060014952093,0.01841862727741983
"(np.int64(12), np.int64(28), np.int64(41))",2.36264766243813,1.6608987254315317,0.022751250885015062,0.008590662232022761
"(np.int64(12), np.int64(28), np.int64(43))",3.502632512605124,2.2449277097003404,0.03547072671630214,0.01593454526093918
"(np.int64(12), np.int64(29), np.int64(31))",5.51324420043159,3.9959697852733846,0.040767674373955676,0.03556993034575806
"(np.int64(12), np.int64(29), np.int64(39))",13.840956675675596,3.7107649466041694,0.01865902556304566,0.03487632084090442
"(np.int64(12), np.int64(30), np.int64(34))",3.625467925280905,5.3444633257373075,0.03932563565955138,0.04925101785157382
"(np.int64(12), np.int64(30), np.int64(38))",14.586312677836156,9.643117383458133,0.06100522328539326,0.021718740786233592
"(np.int64(12), np.int64(30), np.int64(41))",8.32188818900242,4.591495077804264,0.005393270634435843,0.009228955282987061
"(np.int64(12), np.int64(31), np.int64(36))",6.450971829674789,8.51598556711512,0.05189920666772785,0.051286084219899886
"(np.int64(12), np.int64(31), np.int64(41))",2.2217400040406288,2.5920249039208128,0.014184916722754126,0.01717845974550447
"(np.int64(12), np.int64(32), np.int64(39))",9.879214427792888,7.631926224196681,0.04322323972722841,0.04047816769655055
"(np.int64(12), np.int64(32), np.int64(41))",2.2218425043268013,2.5919519823882293,0.014184649409588745,0.017179595746299015
"(np.int64(12), np.int64(33), np.int64(35))",6.862433486756548,8.70934395809065,0.052386719421931294,0.048618655721123005
"(np.int64(12), np.int64(33), np.int64(38))",5.272045654925563,6.12327853922355,0.047065879435311375,0.03685330979279078
"(np.int64(12), np.int64(33), np.int64(41))",2.314932489066932,2.2970502593541946,0.014898860752939891,0.02116753825962192
"(np.int64(12), np.int64(35), np.int64(37))",2.779773443171927,3.8693883181035584,0.02676881599194325,0.029649571638060146
"(np.int64(12), np.int64(35), np.int64(40))",6.628981498334849,14.084286167598288,0.05442921192179573,0.04152147585034838
"(np.int64(12), np.int64(36), np.int64(39))",5.870663404505547,14.293493981554665,0.045348920877701815,0.04715833842467698
"(np.int64(12), np.int64(36), np.int64(40))",6.628981498334849,14.084286167598288,0.05442921192179573,0.04152147585034838
"(np.int64(12), np.int64(36), np.int64(41))",4.295569191619168,2.2233203852279906,0.01549335565439447,0.018053159492846582
"(np.int64(12), np.int64(37), np.int64(43))",1.9410481775112105,3.589248616194412,0.028509357259926982,0.02814197863464518
"(np.int64(12), np.int64(38), np.int64(40))",13.82517760192481,11.81980448445846,0.004118083396724481,0.02918082983098147
"(np.int64(12), np.int64(38), np.int64(43))",10.869550225388373,8.694555079664585,0.03771927833803235,0.027624805173140032
"(np.int64(12), np.int64(41), np.int64(42))",1.589037612750809,3.334290155023426,0.014762152034856646,0.02044904895529276
"(np.int64(12), np.int64(42), np.int64(43))",5.306450708263169,3.888125462165988,0.01532777977202815,0.015255469080772355
"(np.int64(13), np.int64(14), np.int64(18))",4.531616125136003,2.8481982243963255,0.055764778506647406,0.029890388111924016
"(np.int64(13), np.int64(14), np.int64(21))",11.640481970846961,8.176273587124424,0.0007869122630738135,0.03292688517702036
"(np.int64(13), np.int64(14), np.int64(25))",4.8413154698000005,5.0461805922781595,0.018478842352542046,0.02565831394111706
"(np.int64(13), np.int64(14), np.int64(26))",3.6629417913835822,4.370083117516325,0.04574667295353507,0.0688114369374836
"(np.int64(13), np.int64(14), np.int64(31))",6.299387705500886,5.5687150386241315,0.09428988208357447,0.11198186919835829
"(np.int64(13), np.int64(14), np.int64(34))",8.24002612933645,7.313476534996437,0.023567256505973244,0.025595196792729258
"(np.int64(13), np.int64(14), np.int64(36))",8.24002612933645,7.313476534996437,0.023567256505973244,0.025595196792729258
"(np.int64(13), np.int64(14), np.int64(41))",2.288289697801468,2.743109394082847,0.005599819403197204,0.007788738090249492
"(np.int64(13), np.int64(15), np.int64(19))",11.123379311807316,10.432364127029851,0.06556627616350008,0.0707543178764124
"(np.int64(13), np.int64(15), np.int64(20))",10.961231781105797,10.478670603448435,0.062372468249528024,0.06875224960568027
"(np.int64(13), np.int64(15), np.int64(24))",6.53556988718813,6.889057325910934,0.022475703596461227,0.03131968494809645
"(np.int64(13), np.int64(15), np.int64(27))",5.933128168639062,6.169036799300224,-0.0006674623923789147,0.017226313626130807
"(np.int64(13), np.int64(15), np.int64(28))",4.659234875058497,5.1381920678878155,0.031179303341835385,0.024017788136845186
"(np.int64(13), np.int64(15), np.int64(37))",2.303105392924221,3.370509756654793,0.0455078617161363,0.07839709303723175
"(np.int64(13), np.int64(16), np.int64(18))",4.8810103912703156,5.551641580732691,0.058302363639727295,0.04130825859649734
"(np.int64(13), np.int64(16), np.int64(24))",4.708427553369216,3.903818515562631,0.03690187696794556,0.042381744356222995
"(np.int64(13), np.int64(16), np.int64(25))",3.9014363246175576,3.9715193249966787,0.024557229447447426,0.022806959860148024
"(np.int64(13), np.int64(16), np.int64(27))",9.153165186384083,6.5420987353119004,0.0030138068399223616,0.03557375652658368
"(np.int64(13), np.int64(16), np.int64(29))",8.938115375863203,4.8451057862875055,0.036887989025532364,0.03176090298487455
"(np.int64(13), np.int64(16), np.int64(33))",7.022363232251502,7.3302466362394085,0.08319154638917692,0.06209055567833033
"(np.int64(13), np.int64(16), np.int64(38))",11.538343684094412,8.481930967524079,0.07662861417222289,0.059878420487819994
"(np.int64(13), np.int64(16), np.int64(40))",8.91297246273382,11.252626997843663,0.04751358241257542,0.05727401675772703
"(np.int64(13), np.int64(16), np.int64(42))",4.529562163390255,5.742815342071531,0.04870308098042708,0.08250773904934428
"(np.int64(13), np.int64(16), np.int64(43))",6.107734302132983,6.385178221646278,0.05058985688738693,0.05813179078937092
"(np.int64(13), np.int64(17), np.int64(23))",8.0658378747265,4.765738726392259,0.04001769809018896,0.03411271810235261
"(np.int64(13), np.int64(17), np.int64(26))",3.3245078321185164,3.3186070536566743,0.017609842726838076,0.03128401394302527
"(np.int64(13), np.int64(17), np.int64(30))",10.907366246497967,9.892456799386661,0.028607309602036834,0.04498062721526486
"(np.int64(13), np.int64(17), np.int64(35))",4.751544017134749,4.679750727090391,0.04297554408231852,0.04569191369123027
"(np.int64(13), np.int64(17), np.int64(36))",4.751544017134749,4.679750727090391,0.04297554408231852,0.04569191369123027
"(np.int64(13), np.int64(17), np.int64(40))",11.94862273934441,4.397048741422704,0.04164850832305167,0.04414118565097391
"(np.int64(13), np.int64(17), np.int64(41))",3.2783490822533787,1.8174015982046388,0.016519864985040433,0.019436302891687407
"(np.int64(13), np.int64(17), np.int64(43))",6.1544961631895365,6.531405985155659,0.05488874162585722,0.06374190428757709
"(np.int64(13), np.int64(18), np.int64(26))",3.8539253720363256,4.141204955340762,0.03106266120995882,0.017277903975385422
"(np.int64(13), np.int64(18), np.int64(29))",6.891601867756653,5.286516911184069,0.03130714956155778,0.028785809574578103
"(np.int64(13), np.int64(18), np.int64(30))",7.345300007521465,4.079845970956168,0.034017112414270745,0.02581834663998328
"(np.int64(13), np.int64(18), np.int64(32))",4.163373042516882,3.9811510394300145,0.06319588235950524,0.08770740933706156
"(np.int64(13), np.int64(18), np.int64(35))",4.196492190723878,5.3840112781266285,0.05091817527734277,0.039726229050772166
"(np.int64(13), np.int64(18), np.int64(41))",2.2799102612273687,1.4322237660070942,0.01746585172599746,0.019973379431282523
"(np.int64(13), np.int64(18), np.int64(42))",4.653012225264759,4.3731450269057754,0.07488246033911183,0.07222573274631583
"(np.int64(13), np.int64(19), np.int64(22))",4.917597916371764,5.06581554045247,0.03486828462378144,0.034924679088186306
"(np.int64(13), np.int64(19), np.int64(24))",5.4627491542195425,6.855657895350981,0.0481304048408383,0.040871942440082965
"(np.int64(13), np.int64(19), np.int64(27))",14.270137840740368,9.115552674575472,3.143725371079764e-05,0.03189886068418846
"(np.int64(13), np.int64(19), np.int64(28))",5.684268460041779,4.230105704279811,0.04281467507601555,0.025567494731590368
"(np.int64(13), np.int64(19), np.int64(38))",15.697916250708781,13.134324702753055,0.057320611626760054,0.0504400879036504
"(np.int64(13), np.int64(19), np.int64(42))",3.4475700640648115,5.2142922040945106,0.04490544852209777,0.062248183672051205
"(np.int64(13), np.int64(20), np.int64(23))",6.761884626082252,1.9913344337772325,0.01396694144122268,0.028998210298571747
"(np.int64(13), np.int64(20), np.int64(24))",5.638049899563114,7.171680222287155,0.04979919315984804,0.04032305677889192
"(np.int64(13), np.int64(20), np.int64(27))",14.510700275014747,10.289824174347519,2.0777997098320178e-05,0.03279284743683286
"(np.int64(13), np.int64(20), np.int64(29))",12.718277287179776,9.64144314336454,0.046690829472004314,0.09074284625487761
"(np.int64(13), np.int64(20), np.int64(38))",15.338698501722634,13.039392030291195,0.05814214301989784,0.05012708949470224
"(np.int64(13), np.int64(20), np.int64(41))",2.837196174259625,3.34080164904489,0.004862228817721137,0.0065380818397693385
"(np.int64(13), np.int64(21), np.int64(41))",3.252441410014747,5.179847166232775,0.004684947408160611,0.013460139107702496
"(np.int64(13), np.int64(21), np.int64(42))",10.223439450642081,13.444836125654545,0.023175893968981454,0.05537802167319128
"(np.int64(13), np.int64(22), np.int64(23))",3.2167067979469213,2.674168658915514,0.026558555662250294,0.01793616319440594
"(np.int64(13), np.int64(22), np.int64(24))",5.323072377557551,4.466456366143137,0.015464631865774292,0.011252780551848085
"(np.int64(13), np.int64(22), np.int64(28))",7.535193924735815,3.4472878067452344,0.015586358803722389,0.015403990493549902
"(np.int64(13), np.int64(22), np.int64(30))",7.144279764034013,7.719532291253356,0.0349595487476686,0.027236950940766946
"(np.int64(13), np.int64(22), np.int64(31))",4.936272361249941,4.831141367085114,0.02777322318596731,0.024384701141466403
"(np.int64(13), np.int64(22), np.int64(36))",4.103984735330305,3.622468874464807,0.019336036467360818,0.018279251345200698
"(np.int64(13), np.int64(22), np.int64(37))",4.868900178326954,1.9569314169134233,0.040677424032797616,0.03258198482050645
"(np.int64(13), np.int64(22), np.int64(43))",3.298043436219623,3.1167042782410297,0.02520904845914418,0.021227504424703336
"(np.int64(13), np.int64(23), np.int64(34))",5.937193096305549,3.274067264832472,0.03428502988888715,0.023859258474320355
"(np.int64(13), np.int64(23), np.int64(36))",5.937193096305549,3.274067264832472,0.03428502988888715,0.023859258474320355
"(np.int64(13), np.int64(23), np.int64(40))",5.2696659590364066,10.89709407291132,0.07178705728323975,0.015540374046289274
"(np.int64(13), np.int64(23), np.int64(43))",7.149813531736554,4.132644866203933,0.0657011941733695,0.06771006456122186
"(np.int64(13), np.int64(24), np.int64(25))",3.534931920013597,3.680852847642991,0.016771875237158618,0.01422221675391322
"(np.int64(13), np.int64(24), np.int64(28))",7.953769485464687,3.8694624182584754,0.02377437405685634,0.012009999948538796
"(np.int64(13), np.int64(24), np.int64(35))",6.662311846652417,8.766874041269007,0.03147896697516939,0.041716796644198584
"(np.int64(13), np.int64(24), np.int64(36))",6.662311846652417,8.766874041269007,0.03147896697516939,0.041716796644198584
"(np.int64(13), np.int64(24), np.int64(39))",17.66332558762683,12.182811436363114,0.02821079953222494,0.022478352376764765
"(np.int64(13), np.int64(25), np.int64(28))",2.481912335727763,5.917469960331569,0.022216471707893204,0.020793885626233966
"(np.int64(13), np.int64(25), np.int64(34))",2.219030813946736,2.285071229159433,0.02349306225168868,0.02945606435349446
"(np.int64(13), np.int64(25), np.int64(38))",6.174848903935099,4.93915640764442,0.06342142941419504,0.008502717382566027
"(np.int64(13), np.int64(25), np.int64(40))",12.640435184900054,4.179968402710053,0.01478222267510354,0.008628932112662135
"(np.int64(13), np.int64(26), np.int64(33))",3.959670815844715,5.674397209866539,0.034400467366692666,0.05088740521458268
"(np.int64(13), np.int64(26), np.int64(34))",4.872771996188256,5.795486528436116,0.020930353543798907,0.02376225999097914
"(np.int64(13), np.int64(27), np.int64(30))",9.217370365737159,4.579443696992172,0.02840385327015249,0.02530580407625005
"(np.int64(13), np.int64(27), np.int64(33))",5.523731069361339,8.709309672857396,0.0068185331042646125,0.05539883018997016
"(np.int64(13), np.int64(27), np.int64(35))",3.3065362863189964,5.043803194066342,-0.012292728920865748,0.06305764757233023
"(np.int64(13), np.int64(27), np.int64(36))",3.3065362863189964,5.043803194066342,-0.012292728920865748,0.06305764757233023
"(np.int64(13), np.int64(28), np.int64(29))",5.207161229756681,4.7255428628155745,0.038091146176699064,0.01929938073692916
"(np.int64(13), np.int64(28), np.int64(37))",3.6524611684309747,2.1712872295351113,0.03251015448555239,0.017415147184293822
"(np.int64(13), np.int64(29), np.int64(34))",6.282000442959837,6.530746909865611,0.043344057665585245,0.0260346698265308
"(np.int64(13), np.int64(29), np.int64(35))",6.282000442959837,6.530746909865611,0.043344057665585245,0.0260346698265308
"(np.int64(13), np.int64(29), np.int64(36))",6.282000442959837,6.530746909865611,0.043344057665585245,0.0260346698265308
"(np.int64(13), np.int64(29), np.int64(38))",17.62835978709924,14.631803438175968,0.09830911720273317,0.08161991199881036
"(np.int64(13), np.int64(30), np.int64(31))",4.877508050952125,4.091296721668602,0.02773334910428238,0.08906637680194118
"(np.int64(13), np.int64(30), np.int64(32))",4.877665328783691,4.091696605279727,0.027733835149824748,0.08906336430597583
"(np.int64(13), np.int64(30), np.int64(34))",7.335913496333972,6.2893973806925,0.04338119473344493,0.030622658477507003
"(np.int64(13), np.int64(30), np.int64(39))",6.734218008104548,6.426530471327315,0.032094942078818356,0.022187883334011338
"(np.int64(13), np.int64(32), np.int64(33))",4.06749877585899,4.837716863175988,0.02465356093269644,0.05205423328151604
"(np.int64(13), np.int64(32), np.int64(35))",6.900660474397251,5.233853757939288,0.05609738916457818,0.047411236083212405
"(np.int64(13), np.int64(32), np.int64(36))",6.900660474397251,5.233853757939288,0.05609738916457818,0.047411236083212405
"(np.int64(13), np.int64(32), np.int64(37))",10.941673472101062,12.00471258491143,0.058117037285576933,0.058274181513281675
"(np.int64(13), np.int64(32), np.int64(40))",12.83089175065745,7.7551053872630265,0.08624105575745478,0.09368548020439493
"(np.int64(13), np.int64(33), np.int64(41))",2.8636689917040834,1.9223195574437248,0.01697883939688638,0.011935543705990703
"(np.int64(13), np.int64(34), np.int64(37))",2.9839027784543664,2.5380701809974546,0.013733055305247266,0.02436084615477696
"(np.int64(13), np.int64(35), np.int64(43))",7.2016605551715696,5.316060932463012,0.04029370815840971,0.040621957041873324
"(np.int64(13), np.int64(36), np.int64(37))",2.9839027784543664,2.5380701809974546,0.013733055305247266,0.02436084615477696
"(np.int64(13), np.int64(36), np.int64(39))",8.68430929316446,5.890521066849381,0.03600295890620098,0.0329077777929615
"(np.int64(13), np.int64(38), np.int64(41))",2.504173050738007,5.728722380139737,0.017672242342627098,0.008475503733727185
"(np.int64(13), np.int64(40), np.int64(42))",11.01696118517545,5.191163122742639,0.03836839964566019,0.03688644625578019
"(np.int64(13), np.int64(40), np.int64(43))",10.599493462355762,6.0491564852457005,0.04797042484916403,0.03797542604838522
"(np.int64(13), np.int64(42), np.int64(43))",7.304189824560324,5.878191908240681,0.038004612925371384,0.041052140095337974
"(np.int64(14), np.int64(15), np.int64(16))",10.701600607680676,11.522152415861438,0.02172664548155534,0.022548232307021965
"(np.int64(14), np.int64(15), np.int64(17))",10.071099336902533,7.760953534461785,0.051839469473048405,0.049733422654549275
"(np.int64(14), np.int64(15), np.int64(29))",4.950514017057039,4.964747576089468,0.0447427507670104,0.028911291304157594
"(np.int64(14), np.int64(15), np.int64(30))",7.2129805259583595,8.547167209054066,0.030837070274624123,0.0320228700093147
"(np.int64(14), np.int64(15), np.int64(34))",3.2538925672987244,3.0969571336366575,0.029098342914410047,0.023570373724757454
"(np.int64(14), np.int64(15), np.int64(37))",4.301353496356129,4.081663442496654,0.050465337387025744,0.020782961560240842
"(np.int64(14), np.int64(15), np.int64(40))",12.84917538344851,11.99155442119829,0.028888877587922468,0.05176927810872556
"(np.int64(14), np.int64(15), np.int64(42))",9.287905786763561,8.596580818459259,0.07311577371458955,0.06791506152574467
"(np.int64(14), np.int64(16), np.int64(17))",4.801780721825627,4.107781149506391,0.017451459836016592,0.015004602698877045
"(np.int64(14), np.int64(16), np.int64(23))",6.542537881964254,5.906618405590105,0.005787482531131927,0.010285402184772363
"(np.int64(14), np.int64(16), np.int64(33))",6.1782323876709375,5.148893578693891,0.020927487232857755,0.018333362926864938
"(np.int64(14), np.int64(16), np.int64(41))",2.5848276821380805,2.9571957049200277,0.002788790649574824,0.005508950382972833
"(np.int64(14), np.int64(16), np.int64(42))",6.547185490419154,7.514245046891396,0.022659359508963584,0.024076356402598087
"(np.int64(14), np.int64(16), np.int64(43))",11.65982254042793,7.63872028854453,0.025305552985106616,0.019949218890342846
"(np.int64(14), np.int64(17), np.int64(25))",4.971786953622055,4.465172860849599,0.017117788202512196,0.00944885759213221
"(np.int64(14), np.int64(17), np.int64(26))",4.35602623173942,4.086120086581102,0.014948514859729256,0.024801812495833353
"(np.int64(14), np.int64(17), np.int64(28))",5.3180840762766595,4.404058391691868,0.03175277948825983,0.024440102237949124
"(np.int64(14), np.int64(17), np.int64(35))",3.286098569690451,4.507858034906544,0.021361889376330767,0.015731851543438036
"(np.int64(14), np.int64(17), np.int64(41))",4.864264370651368,4.489913151505025,0.010927126589306724,0.012740933535750787
"(np.int64(14), np.int64(18), np.int64(19))",8.9346991685047,6.907159115196702,0.0490578790833619,0.046229296575383216
"(np.int64(14), np.int64(18), np.int64(20))",9.04885708460977,6.852569799471,0.05308035922328236,0.032127186156067467
"(np.int64(14), np.int64(18), np.int64(25))",4.8967191929475735,6.131734904583523,0.03214753973905948,0.015287137807870499
"(np.int64(14), np.int64(18), np.int64(26))",4.714248800420195,4.363569939592684,0.03414051177369981,0.034235799161521197
"(np.int64(14), np.int64(18), np.int64(27))",10.69082411963789,2.6396214510712923,0.011655758681057726,0.039356107134113194
"(np.int64(14), np.int64(18), np.int64(31))",6.146472899796473,6.608208028925718,0.04538703906764141,0.04343420464410386
"(np.int64(14), np.int64(19), np.int64(20))",13.121346931344602,11.119462273708216,0.00917641779483147,0.0054971427957757335
"(np.int64(14), np.int64(19), np.int64(21))",7.05422562444968,6.556970234063545,0.007813047042845689,0.03576789661933488
"(np.int64(14), np.int64(19), np.int64(23))",5.080678955062046,5.136248190998901,0.025506769371651195,0.02866037144893585
"(np.int64(14), np.int64(19), np.int64(27))",7.210235864300361,6.4314410961021675,0.00012441310340793876,0.03878138653501273
"(np.int64(14), np.int64(19), np.int64(28))",6.125188095174832,5.798748476279389,0.07096024861131289,0.057087432782194414
"(np.int64(14), np.int64(19), np.int64(33))",6.687849784697972,4.975799996952347,0.1494525118597495,0.16221670451150416
"(np.int64(14), np.int64(20), np.int64(23))",4.814471580340153,4.8992395083875495,0.007068160397750156,0.03293471878987808
"(np.int64(14), np.int64(20), np.int64(25))",4.968549772423902,5.007542425760973,0.037463552361601926,0.017335561204502192
"(np.int64(14), np.int64(20), np.int64(31))",6.471288268268852,4.98000956323454,0.13771797402229247,0.14538866760536018
"(np.int64(14), np.int64(20), np.int64(42))",9.317461611525266,10.713095784837124,0.044195898766148156,0.039009293919825105
"(np.int64(14), np.int64(21), np.int64(23))",3.95680780628608,4.0904228640356335,0.007505020869377543,0.014621395801087345
"(np.int64(14), np.int64(21), np.int64(31))",4.422546484930008,7.091410120187622,0.004011514929151749,0.03246555286035602
"(np.int64(14), np.int64(21), np.int64(32))",4.422837271700719,7.091209208116455,0.004010834050572676,0.03246436441839262
"(np.int64(14), np.int64(21), np.int64(36))",5.024533371386029,4.791382167749318,0.00043825476639225425,0.009502804552620758
"(np.int64(14), np.int64(21), np.int64(41))",3.6530299175764642,3.564744665825188,0.0008392729886094186,0.003885044567105922
"(np.int64(14), np.int64(21), np.int64(43))",22.744185042530212,5.466679955259484,0.0016818767300629256,0.059428311026969216
"(np.int64(14), np.int64(22), np.int64(25))",6.578764438041164,5.008527262178302,0.02913686054871978,0.03138282936328474
"(np.int64(14), np.int64(22), np.int64(29))",3.6515626503519285,3.6618814530834696,0.045316619009907466,0.03204128880550061
"(np.int64(14), np.int64(23), np.int64(26))",8.080673498970995,6.248386446731329,0.021585309877888204,0.029312960628396723
"(np.int64(14), np.int64(23), np.int64(32))",4.426928034274127,4.224301633061785,0.01039956723940294,0.014221849410852805
"(np.int64(14), np.int64(23), np.int64(37))",3.3458826020872565,4.807093308694688,0.004197286717752324,0.017038765172329495
"(np.int64(14), np.int64(23), np.int64(39))",6.699707358884093,15.542364630695275,0.017931229385208636,0.012999696531030724
"(np.int64(14), np.int64(24), np.int64(33))",9.701402846307023,9.160007483173015,0.0465401632182868,0.04624251731772422
"(np.int64(14), np.int64(24), np.int64(36))",5.146593941982239,7.084736519175791,0.01611942773721009,0.02194046650260273
"(np.int64(14), np.int64(24), np.int64(43))",6.195032931964121,4.825774717767217,0.02807804064499031,0.04055521752610691
"(np.int64(14), np.int64(25), np.int64(27))",9.665599137670633,4.064766202349064,0.006652033217175224,0.011870833636888789
"(np.int64(14), np.int64(25), np.int64(28))",3.694224716733726,6.172667477940418,0.02239283749595855,0.021569303402419138
"(np.int64(14), np.int64(25), np.int64(33))",4.21571963528646,4.137546220739077,0.017295729693810546,0.007181769609844624
"(np.int64(14), np.int64(25), np.int64(34))",4.644591817110914,2.102585763385205,0.027181871542068525,0.018671604767435346
"(np.int64(14), np.int64(25), np.int64(35))",4.644591817110914,2.102585763385205,0.027181871542068525,0.018671604767435346
"(np.int64(14), np.int64(25), np.int64(38))",10.896887291935862,10.379226648463032,0.007002177234387452,0.027455721448106374
"(np.int64(14), np.int64(25), np.int64(39))",10.282987458039093,7.347395692825404,0.01976286155532614,0.02419128886203681
"(np.int64(14), np.int64(25), np.int64(41))",2.2938133103516374,2.7232700436113086,0.0022843892690177503,0.00523256484543011
"(np.int64(14), np.int64(26), np.int64(40))",12.273115786828955,11.745036454601959,0.061635553764954776,0.030422169391840392
"(np.int64(14), np.int64(27), np.int64(32))",4.2872096353445075,5.490243731908435,0.0036114776882779642,0.03708000080985796
"(np.int64(14), np.int64(27), np.int64(33))",4.354073408507247,6.5300633521692575,0.003312359603758641,0.034607011875776195
"(np.int64(14), np.int64(27), np.int64(38))",8.887978362267095,7.8379853562555875,0.02194615379639475,0.01931847902274475
"(np.int64(14), np.int64(27), np.int64(40))",9.35126902350079,14.165670051918115,0.0017385533816148824,0.016660176863492304
"(np.int64(14), np.int64(28), np.int64(29))",7.091304479462941,3.341223740580077,0.0642251219195763,0.031171220344931916
"(np.int64(14), np.int64(28), np.int64(33))",2.836523729890259,5.368136822717706,0.0418721169040982,0.036607388588165146
"(np.int64(14), np.int64(28), np.int64(43))",6.450121433140589,7.036562776380384,0.04063010490262631,0.04933285387514441
"(np.int64(14), np.int64(29), np.int64(38))",6.497647403451167,5.699263648634247,0.18914497934519514,0.0736148228199427
"(np.int64(14), np.int64(30), np.int64(35))",10.590707561899858,3.8869069030379895,0.01552366304439512,0.02712960464047276
"(np.int64(14), np.int64(30), np.int64(38))",12.032316573313512,10.303728926418215,0.17877530506725303,0.05981555302177588
"(np.int64(14), np.int64(31), np.int64(37))",4.741068049929123,4.93837370095072,0.09768982825643435,0.10210405800483069
"(np.int64(14), np.int64(31), np.int64(40))",10.087540184486468,8.55841354158008,0.09875617739832443,0.0804273622139885
"(np.int64(14), np.int64(32), np.int64(33))",5.1235320396141795,6.408178297627089,0.02331780069485634,0.05635210359362819
"(np.int64(14), np.int64(32), np.int64(38))",10.277740393146114,10.025845935742433,0.04188835950004455,0.07961179287572007
"(np.int64(14), np.int64(32), np.int64(42))",14.12090421879664,13.495068496478073,0.0420706114691376,0.04320093507757716
"(np.int64(14), np.int64(33), np.int64(36))",5.064613557396142,5.392216389466528,0.03375414467168558,0.02126192529325799
"(np.int64(14), np.int64(33), np.int64(37))",4.798106729879513,5.1124713690286585,0.09582896299697041,0.10681891757592621
"(np.int64(14), np.int64(33), np.int64(43))",7.355797431555297,5.752538636385406,0.04618296288323276,0.044021540075375176
"(np.int64(14), np.int64(34), np.int64(36))",9.925391758312662,7.114063136734493,0.000206107531858013,4.9154447179233784e-09
"(np.int64(14), np.int64(34), np.int64(38))",6.041389555864126,6.5246025477229965,0.022859109967426683,0.016845682867099643
"(np.int64(14), np.int64(35), np.int64(38))",6.041389555864126,6.5246025477229965,0.022859109967426683,0.016845682867099643
"(np.int64(14), np.int64(35), np.int64(43))",5.600032440916723,5.408193681490203,0.03309244816949908,0.019624603285922637
"(np.int64(14), np.int64(36), np.int64(43))",5.600032440916723,5.408193681490203,0.03309244816949908,0.019624603285922637
"(np.int64(14), np.int64(37), np.int64(43))",7.301319997403721,4.716239112189571,0.03842932714799263,0.024288523816391572
"(np.int64(14), np.int64(41), np.int64(42))",4.140137373926569,2.678745776023569,0.003118316038989488,0.006762372014880502
"(np.int64(15), np.int64(16), np.int64(22))",3.3312953963802006,3.1839113298183093,0.0353335897246152,0.02337602674921624
"(np.int64(15), np.int64(16), np.int64(33))",5.717254748867301,7.167533865834719,0.04709526080023452,0.04580718720511656
"(np.int64(15), np.int64(16), np.int64(35))",3.8788135089391496,3.068033199447349,0.02219460821994057,0.028731311054453257
"(np.int64(15), np.int64(16), np.int64(41))",4.447945419544108,6.033982256309059,0.007608526586679987,0.00910113063791218
"(np.int64(15), np.int64(17), np.int64(20))",10.077711442887392,7.1957889698407795,0.061641905141946784,0.05080016968821732
"(np.int64(15), np.int64(17), np.int64(25))",3.5834643591536763,3.6240226647070295,0.01587635700146206,0.008830906078209133
"(np.int64(15), np.int64(17), np.int64(26))",10.67379973043632,10.55689494809025,0.035173863077732404,0.027482976578894314
"(np.int64(15), np.int64(17), np.int64(43))",11.132883683236882,7.522022121279207,0.08272423900730175,0.07286656723312668
"(np.int64(15), np.int64(18), np.int64(19))",10.088592869467032,6.624622812763476,0.04252208699855342,0.04417181850291929
"(np.int64(15), np.int64(18), np.int64(26))",7.299792662611251,11.721297294675619,0.02168138767569361,0.01994667725005206
"(np.int64(15), np.int64(18), np.int64(30))",17.767808730905625,16.681991208330327,0.07496503849273028,0.024959476974754535
"(np.int64(15), np.int64(18), np.int64(33))",6.470318086284714,6.648533881667168,0.08672862622944189,0.09010954237519142
"(np.int64(15), np.int64(18), np.int64(35))",5.741114566499287,3.3431861903588347,0.062216228053176614,0.04658490156792172
"(np.int64(15), np.int64(19), np.int64(21))",6.2386954088798365,6.342302317840474,0.0010323972499464151,0.04490027172303657
"(np.int64(15), np.int64(19), np.int64(28))",3.9050274409480337,2.2030639822213804,0.06802796641722075,0.042935326386776884
"(np.int64(15), np.int64(19), np.int64(34))",5.058547876201571,3.5098648803413814,0.034955358529409675,0.019748426935936814
"(np.int64(15), np.int64(19), np.int64(35))",5.058547876201571,3.5098648803413814,0.034955358529409675,0.019748426935936814
"(np.int64(15), np.int64(19), np.int64(39))",9.664631176831293,9.321930141039376,0.033175944147003755,0.037833425905795526
"(np.int64(15), np.int64(20), np.int64(21))",6.1824430651464235,6.321082800838789,0.000746697293256382,0.04218941928505204
"(np.int64(15), np.int64(20), np.int64(28))",4.1239259818007605,2.1970727926010367,0.06915776762326475,0.04305564497797432
"(np.int64(15), np.int64(20), np.int64(30))",4.956473090602783,5.283591504800565,0.07013941837698645,0.0868192783821371
"(np.int64(15), np.int64(20), np.int64(37))",4.7673432764196075,3.711707110055494,0.07030250251055625,0.06822421400903778
"(np.int64(15), np.int64(20), np.int64(42))",9.214671278565891,6.404040429223176,0.061010891702966696,0.05099714415487344
"(np.int64(15), np.int64(21), np.int64(22))",6.008161810439785,2.9623620789770637,0.0012863443641037975,0.02826101546731874
"(np.int64(15), np.int64(21), np.int64(23))",3.403322145796393,2.1594535360929035,-0.0049666090927796835,0.003625075968829883
"(np.int64(15), np.int64(21), np.int64(25))",8.03505998433867,4.8256258384532975,0.002123003425641201,0.005991621389419888
"(np.int64(15), np.int64(21), np.int64(26))",9.525133385481986,4.802364561881678,0.036333209907885466,0.021161122341639804
"(np.int64(15), np.int64(21), np.int64(27))",7.088444449908877,6.683752525787685,0.03724050862776762,0.016726771995684175
"(np.int64(15), np.int64(21), np.int64(29))",3.7607431737136565,6.1330321904001295,0.00016947308497472502,0.024438426370964272
"(np.int64(15), np.int64(21), np.int64(32))",5.740205082879767,4.179056628608328,-0.006671202220367434,0.02223817349488788
"(np.int64(15), np.int64(21), np.int64(33))",4.683311658414674,4.31376095477816,-0.0014683081895284777,0.022157845261668307
"(np.int64(15), np.int64(21), np.int64(37))",8.073092872082489,4.039133461778193,0.00423058954502753,0.01323425941034817
"(np.int64(15), np.int64(21), np.int64(38))",6.555055664362289,4.884942992140757,0.0010448550710305815,0.020453986557270043
"(np.int64(15), np.int64(22), np.int64(34))",2.8618975929943073,1.9332179764212805,0.012577702021005388,0.015777026412678974
"(np.int64(15), np.int64(22), np.int64(36))",2.8618975929943073,1.9332179764212805,0.012577702021005388,0.015777026412678974
"(np.int64(15), np.int64(22), np.int64(38))",3.9194815473447884,3.293198911232113,0.02020536786812499,0.03703503194180413
"(np.int64(15), np.int64(22), np.int64(41))",3.46707545569148,3.588366227750427,0.006860352432704664,0.006377260454607403
"(np.int64(15), np.int64(23), np.int64(31))",2.8619650890877533,2.2925745195326868,0.010025200161747683,0.009508464892288737
"(np.int64(15), np.int64(23), np.int64(36))",5.706986298295152,4.791270303155953,0.013692962289688415,0.008952706520663378
"(np.int64(15), np.int64(23), np.int64(39))",5.660259578822799,13.738830647894176,0.016207262291978997,0.009206347390184333
"(np.int64(15), np.int64(23), np.int64(41))",5.208613250899532,4.3482198718385865,0.0023875048982107128,0.007133349617969631
"(np.int64(15), np.int64(24), np.int64(28))",6.622254645781859,4.69395015338229,0.01656497583969796,0.01754820219584108
"(np.int64(15), np.int64(24), np.int64(29))",6.55959608871003,7.082117076114031,0.032180338511138884,0.023500589264338956
"(np.int64(15), np.int64(24), np.int64(31))",9.281838958274754,10.025486350066606,0.03475019586884598,0.03189463696360506
"(np.int64(15), np.int64(24), np.int64(35))",4.337874203542897,5.269872506108758,0.028462832581050423,0.040993231828004295
"(np.int64(15), np.int64(24), np.int64(39))",17.063725433836346,6.894361110091904,0.04376244358069814,0.03063502060085932
"(np.int64(15), np.int64(24), np.int64(43))",4.432565520937071,5.234105409804468,0.06773552030859642,0.0483076374225313
"(np.int64(15), np.int64(25), np.int64(27))",7.52530290615384,4.720103156579319,-0.004467331492464144,0.00639585730214165
"(np.int64(15), np.int64(25), np.int64(43))",4.7292892994992135,3.276213942226929,0.016118589262425487,0.010407026002746456
"(np.int64(15), np.int64(26), np.int64(30))",6.318364313462817,7.35980571554268,0.02286706172176456,0.017483671163611048
"(np.int64(15), np.int64(26), np.int64(41))",4.321255560824444,5.1215765553237595,0.00813219397948417,0.009675104748389174
"(np.int64(15), np.int64(27), np.int64(32))",4.627934303253007,4.2245198797914085,-0.002593394189445153,0.02320400185317195
"(np.int64(15), np.int64(27), np.int64(33))",4.982616168854686,3.803517573506426,-0.0006444126470195322,0.022821782828915893
"(np.int64(15), np.int64(27), np.int64(34))",4.08246185130941,7.104533753942025,-0.011640790015120528,0.010293131699082969
"(np.int64(15), np.int64(27), np.int64(41))",4.504318671912051,3.441872507132046,-0.006641208064091297,0.005907226510397767
"(np.int64(15), np.int64(28), np.int64(35))",2.6990285822761826,2.277387869834774,0.013273374679504069,0.009413688109667584
"(np.int64(15), np.int64(28), np.int64(41))",4.330901721609171,2.7887248662672217,0.006892749838737555,0.0064117780686056
"(np.int64(15), np.int64(28), np.int64(42))",4.241983365903201,4.500378464602072,0.03517039122373766,0.0390710319285823
"(np.int64(15), np.int64(29), np.int64(37))",6.471020894170714,6.704852047829205,0.05497691224096135,0.04636970285162545
"(np.int64(15), np.int64(29), np.int64(40))",8.80348708296154,10.575589695834093,0.06364078995916533,0.05217421332618355
"(np.int64(15), np.int64(29), np.int64(43))",4.907612333840667,5.323694342481213,0.03395952686774106,0.012970070589959137
"(np.int64(15), np.int64(30), np.int64(31))",6.3266091912161,4.266278547199972,0.04517124258733529,0.09581168072151525
"(np.int64(15), np.int64(30), np.int64(34))",8.426543775172396,8.335696356900481,0.05300278449757945,0.017455867386646173
"(np.int64(15), np.int64(31), np.int64(40))",4.047797058450958,7.611926344770757,0.049972592732721366,0.06607845971687787
"(np.int64(15), np.int64(32), np.int64(35))",4.857219883598475,5.471673392519546,0.0464918829247708,0.03303734980451423
"(np.int64(15), np.int64(32), np.int64(41))",4.087611222732001,3.544538508097796,0.004779186951526571,0.0074576614534794805
"(np.int64(15), np.int64(32), np.int64(42))",7.092747816268182,6.466575147906159,0.039943671046734686,0.03065278605361277
"(np.int64(15), np.int64(33), np.int64(34))",4.693144815092826,6.592062925236797,0.04882991280271198,0.035020372909700614
"(np.int64(15), np.int64(34), np.int64(40))",4.387654903418666,7.776271302391526,0.02481110147427401,0.02688142409495775
"(np.int64(15), np.int64(34), np.int64(41))",3.6957998623065396,3.0524198923995445,0.007160566826595716,0.005314525823576166
"(np.int64(15), np.int64(35), np.int64(36))",7.637622918433209,5.4009231043731845,0.00014171503512760975,0.00087436794336615
"(np.int64(15), np.int64(35), np.int64(40))",4.387654903418666,7.776271302391526,0.02481110147427401,0.02688142409495775
"(np.int64(15), np.int64(36), np.int64(38))",5.553434644636815,5.887785022320124,0.026445031957181175,0.0233624504128922
"(np.int64(15), np.int64(39), np.int64(41))",6.544592297529656,2.6887880381586533,0.005604991120270686,0.004490561341925825
"(np.int64(15), np.int64(40), np.int64(42))",12.748229177495432,11.839586716311263,0.046150359493262405,0.044592092819236706
"(np.int64(15), np.int64(40), np.int64(43))",11.442615087764526,9.45478151892841,0.049534948423388014,0.04156419939876943
"(np.int64(15), np.int64(42), np.int64(43))",10.598219938607526,9.584616226907604,0.022035520143755094,0.02923005552365132
"(np.int64(16), np.int64(17), np.int64(19))",5.256911821619709,5.573519215985023,0.011991992038741461,0.0238931651928993
"(np.int64(16), np.int64(17), np.int64(20))",5.3532194690824095,5.139687859197714,0.013001598345050658,0.02926064581828791
"(np.int64(16), np.int64(17), np.int64(22))",6.142912831229483,4.521246683377255,0.019180455488894355,0.027453590669702765
"(np.int64(16), np.int64(17), np.int64(23))",6.4729124697983655,3.4067075457329867,0.03454335456703028,0.04085493031018006
"(np.int64(16), np.int64(17), np.int64(25))",6.665526439699195,4.690721855465527,0.02202483029039437,0.023620875238526517
"(np.int64(16), np.int64(17), np.int64(30))",10.617977228944149,3.259965036505028,0.05210064396125558,0.02907328506686291
"(np.int64(16), np.int64(17), np.int64(37))",2.7581027605614357,2.485567721841273,0.05906770018805285,0.04041504497285542
"(np.int64(16), np.int64(18), np.int64(20))",6.68487108705478,3.7167085058662863,0.035480158963027586,0.023272693594244664
"(np.int64(16), np.int64(18), np.int64(21))",6.400943558661879,2.81670495361426,-0.008098238884902242,0.037515381505154655
"(np.int64(16), np.int64(18), np.int64(29))",3.0834231241607752,6.149304409815374,0.05662980024912201,0.032887835025955825
"(np.int64(16), np.int64(18), np.int64(35))",6.983355038037565,7.296435450725312,0.06817222497741016,0.048124436681826754
"(np.int64(16), np.int64(18), np.int64(38))",7.4752181699413915,11.386281237879478,0.0708680652895538,0.0792312414571551
"(np.int64(16), np.int64(19), np.int64(21))",4.1739653480860754,6.692042899408876,0.0019717098125641153,0.020780509400130764
"(np.int64(16), np.int64(19), np.int64(22))",3.7865011728841798,4.277790906771691,0.040188047262181725,0.04093735450373859
"(np.int64(16), np.int64(19), np.int64(31))",3.6519773495600947,5.960575569363198,0.05059086200953544,0.054204592862695744
"(np.int64(16), np.int64(19), np.int64(39))",13.014698167960491,13.997263907238356,0.015578918324714697,0.023770694924737157
"(np.int64(16), np.int64(20), np.int64(22))",3.7935643131894397,4.140521249264132,0.03717402554654403,0.038564659254389566
"(np.int64(16), np.int64(20), np.int64(25))",3.022905401929325,1.918190389279033,0.00811326429066117,0.005995901623258915
"(np.int64(16), np.int64(20), np.int64(28))",5.53968186803609,4.646652044762679,0.03716063281343007,0.03603313275037967
"(np.int64(16), np.int64(21), np.int64(30))",5.010883621849664,5.063277164771507,0.07339518628806485,0.05481482347998823
"(np.int64(16), np.int64(21), np.int64(36))",3.904231671340778,5.271903211891862,0.00132733675993435,0.029532767673850602
"(np.int64(16), np.int64(21), np.int64(41))",5.06083005123614,3.694661313454877,-0.008381730819438937,0.023993210986284708
"(np.int64(16), np.int64(21), np.int64(42))",7.1043056969592975,8.542708718145567,-0.016308802142663503,0.08612581664450858
"(np.int64(16), np.int64(22), np.int64(25))",5.98707419890012,2.780812274117391,0.028771982131812535,0.035854338356351656
"(np.int64(16), np.int64(22), np.int64(27))",4.492016303586714,5.4541601482846565,0.003037480589892283,0.04519815233977553
"(np.int64(16), np.int64(22), np.int64(31))",7.988428953047329,6.20656835103595,0.0490795967220069,0.05056308435358914
"(np.int64(16), np.int64(22), np.int64(33))",7.7070591621665745,6.080024286787648,0.047694221107130175,0.04831426755427948
"(np.int64(16), np.int64(22), np.int64(34))",1.3444761093676107,1.634112936177329,0.014772756770750406,0.021828959008095006
"(np.int64(16), np.int64(22), np.int64(35))",1.3444761093676107,1.634112936177329,0.014772756770750406,0.021828959008095006
"(np.int64(16), np.int64(22), np.int64(37))",6.537001349465494,4.158903750269736,0.03862631356543145,0.026954180228853986
"(np.int64(16), np.int64(22), np.int64(39))",3.1939092699718254,5.459706110774843,0.04994979270379474,0.041199406918009496
"(np.int64(16), np.int64(23), np.int64(24))",6.0483823952833315,4.685418251575429,0.05326065964887827,0.04184897936983334
"(np.int64(16), np.int64(23), np.int64(27))",4.637175134693243,2.255525485492693,-0.013675668888444847,0.028275897716908527
"(np.int64(16), np.int64(23), np.int64(35))",3.341232950125622,2.9538983164499006,0.013485969510280471,0.02008571370269696
"(np.int64(16), np.int64(23), np.int64(43))",8.684549291640728,4.457293986580893,0.08243014493545253,0.049638560016720734
"(np.int64(16), np.int64(24), np.int64(26))",5.026924504079261,7.80458750623182,0.029153637135194033,0.045449421713728455
"(np.int64(16), np.int64(24), np.int64(29))",5.548111729991441,3.77771666525646,0.052501495691778644,0.035793144349374306
"(np.int64(16), np.int64(24), np.int64(31))",8.138640424380146,7.7267399271968635,0.052225904548925395,0.0490817216045204
"(np.int64(16), np.int64(24), np.int64(32))",8.13887301600928,7.726731002459016,0.052227094854162104,0.04907870598912867
"(np.int64(16), np.int64(25), np.int64(42))",4.0371954415784,2.853954898761997,0.02129265446435713,0.029113776974826977
"(np.int64(16), np.int64(25), np.int64(43))",3.5743494181065283,5.28858710185242,0.021434877313396772,0.021702830573915644
"(np.int64(16), np.int64(26), np.int64(40))",12.894939510472776,8.36261370655512,0.039060866828456775,0.035556045218406385
"(np.int64(16), np.int64(27), np.int64(34))",3.8526486303132277,4.456852186992054,-0.012190345308168538,0.034796705743190826
"(np.int64(16), np.int64(27), np.int64(37))",8.885789992813088,4.667536191086581,-0.04903352033749764,0.01734174396569077
"(np.int64(16), np.int64(27), np.int64(39))",8.649271731132066,12.08277686959786,-0.009723507861007508,0.013232946466811057
"(np.int64(16), np.int64(27), np.int64(43))",20.056669880780515,2.3887956904142915,0.004833294698700863,0.08243925723515622
"(np.int64(16), np.int64(28), np.int64(29))",3.811279272786387,3.4537900857892643,0.039879380747038895,0.019732116737950278
"(np.int64(16), np.int64(28), np.int64(34))",2.974242497194225,1.939068390861385,0.015904020259135065,0.02031254891456058
"(np.int64(16), np.int64(28), np.int64(39))",6.0837693247676246,3.2805928973884573,0.04323465095899559,0.044272169423955066
"(np.int64(16), np.int64(28), np.int64(42))",8.03714055419594,7.652458931759955,0.04456415242022671,0.052491119939730546
"(np.int64(16), np.int64(29), np.int64(31))",4.9006467801657285,4.705647766256996,0.03516071550166755,0.04163240276524116
"(np.int64(16), np.int64(29), np.int64(32))",4.900631025666377,4.705829392868145,0.035165470001086274,0.041630205474603166
"(np.int64(16), np.int64(29), np.int64(35))",6.530013431894751,4.664260854696835,0.022130535081329672,0.016281891229672052
"(np.int64(16), np.int64(29), np.int64(37))",2.768142817181672,3.11590913874557,0.055985230393828744,0.03463262780368215
"(np.int64(16), np.int64(29), np.int64(40))",10.138962288100146,8.124512657482116,0.03700360233431499,0.03180173912245032
"(np.int64(16), np.int64(29), np.int64(42))",6.535861714533051,5.073089354675321,0.04621770583096496,0.0433471561188824
"(np.int64(16), np.int64(30), np.int64(36))",6.189393499321408,4.525433871278342,0.03608395217711513,0.015445973613608777
"(np.int64(16), np.int64(30), np.int64(37))",5.168187257832243,5.2843779291105335,0.02034427600211064,0.02136983175198026
"(np.int64(16), np.int64(31), np.int64(33))",4.169774756272115,6.334231282111629,0.026847290111917554,0.07493352311737578
"(np.int64(16), np.int64(31), np.int64(41))",3.0381673060520384,2.1538344598400982,0.01437503959232056,0.017923039902410953
"(np.int64(16), np.int64(32), np.int64(33))",4.1694387971423925,6.328796365885738,0.02685631683522338,0.07535056206309221
"(np.int64(16), np.int64(32), np.int64(34))",4.917441155678266,4.912310916603242,0.03291740363098672,0.03314438576061107
"(np.int64(16), np.int64(32), np.int64(35))",4.917441155678266,4.912310916603242,0.03291740363098672,0.03314438576061107
"(np.int64(16), np.int64(32), np.int64(39))",8.771310035251425,7.771955024158446,0.038410416633594346,0.040889151549022396
"(np.int64(16), np.int64(33), np.int64(34))",4.934910420979126,5.325379451123775,0.04868790457171479,0.03331584478272076
"(np.int64(16), np.int64(33), np.int64(36))",4.934910420979126,5.325379451123775,0.04868790457171479,0.03331584478272076
"(np.int64(16), np.int64(33), np.int64(40))",11.255701777266836,10.13894588070622,0.0364684221489594,0.044047262105472496
"(np.int64(16), np.int64(33), np.int64(42))",13.05367966919649,12.922546582524756,0.02052418148417956,0.023050273834374857
"(np.int64(16), np.int64(34), np.int64(37))",5.2169228142083925,2.977198440097924,0.03990452086446572,0.03607808240854837
"(np.int64(16), np.int64(35), np.int64(37))",5.2169228142083925,2.977198440097924,0.03990452086446572,0.03607808240854837
"(np.int64(16), np.int64(35), np.int64(38))",6.793340152013907,5.777777386375978,0.0401906349379455,0.021792805133990623
"(np.int64(16), np.int64(35), np.int64(42))",3.4521552017702626,3.5375494691277627,0.02533186513556862,0.033860594849946635
"(np.int64(16), np.int64(36), np.int64(38))",6.793340152013907,5.777777386375978,0.0401906349379455,0.021792805133990623
"(np.int64(16), np.int64(36), np.int64(39))",5.159405280804446,8.113837160711443,0.026081906482007255,0.03042808821715548
"(np.int64(16), np.int64(36), np.int64(42))",3.4521552017702626,3.5375494691277627,0.02533186513556862,0.033860594849946635
"(np.int64(16), np.int64(36), np.int64(43))",6.106716924112491,5.0574964551964925,0.04473770304026636,0.029832935388627302
"(np.int64(16), np.int64(38), np.int64(41))",3.253028321387042,4.750590729917142,0.016506907231197077,0.009492862527208823
"(np.int64(16), np.int64(38), np.int64(43))",5.713652973421671,4.121457352517766,0.10606448160149284,0.09117182218250197
"(np.int64(16), np.int64(39), np.int64(42))",12.423134007336168,7.846854965428968,0.046878378490366135,0.07118495233347011
"(np.int64(16), np.int64(40), np.int64(43))",17.50633741059609,9.179467976852226,0.06772073034252768,0.08811139733840878
"(np.int64(17), np.int64(18), np.int64(21))",5.746926769768955,8.52296193158543,0.0012002148611123253,0.028719097581313635
"(np.int64(17), np.int64(18), np.int64(27))",6.528023447337602,8.644970930195695,0.002667882685785994,0.02317910086659336
"(np.int64(17), np.int64(18), np.int64(33))",4.150576663680911,3.9383024359408627,0.0721015543296264,0.06019226610203188
"(np.int64(17), np.int64(18), np.int64(34))",2.546422299335034,2.3309107213382374,0.03966346315424807,0.050474262106321555
"(np.int64(17), np.int64(18), np.int64(35))",2.546422299335034,2.3309107213382374,0.03966346315424807,0.050474262106321555
"(np.int64(17), np.int64(18), np.int64(37))",5.691631036708037,3.2511287910611744,0.029319655567049185,0.025307430960772703
"(np.int64(17), np.int64(18), np.int64(38))",18.777547340507184,10.42396162635223,0.04323194403204211,0.045005335734776164
"(np.int64(17), np.int64(19), np.int64(20))",8.09606322417551,7.766272244942362,0.007712181199467039,0.006588875355880597
"(np.int64(17), np.int64(19), np.int64(21))",9.77220621417506,3.6388386462103837,0.005540528803089306,0.0532220651066142
"(np.int64(17), np.int64(19), np.int64(22))",8.474538885834882,6.636460108669291,0.03221687510736382,0.02425853398758593
"(np.int64(17), np.int64(19), np.int64(28))",6.759748324090192,4.585964527811077,0.027586879205372394,0.025183474024082386
"(np.int64(17), np.int64(19), np.int64(29))",9.990143229020912,4.195332325867472,0.01992950456054321,0.07055223737089755
"(np.int64(17), np.int64(19), np.int64(33))",6.853056790071011,5.314036546255113,0.027186135993471194,0.023934272233475995
"(np.int64(17), np.int64(19), np.int64(34))",2.683885813501487,4.4922880722256355,0.016630674013916158,0.013107538430590426
"(np.int64(17), np.int64(19), np.int64(38))",18.00313958879068,11.059155158871521,0.07288365451736567,0.06718119443517157
"(np.int64(17), np.int64(20), np.int64(22))",8.247976513343698,6.710083364803645,0.030912155933231378,0.024230194524189175
"(np.int64(17), np.int64(20), np.int64(23))",8.555603282713058,5.453356445147003,0.02385194634059573,0.031213743645759906
"(np.int64(17), np.int64(20), np.int64(25))",2.8860056061113903,3.76069858881047,0.01591894734421273,0.011801975684441302
"(np.int64(17), np.int64(20), np.int64(31))",6.602851853736836,5.264036890596289,0.03172584461431316,0.02550144036704516
"(np.int64(17), np.int64(20), np.int64(35))",2.9529217295719663,4.205453147582504,0.01712549807809749,0.012696517887370251
"(np.int64(17), np.int64(20), np.int64(37))",4.825339405384035,5.3282230905363095,0.030732956505378217,0.027675460690654075
"(np.int64(17), np.int64(20), np.int64(42))",9.2433180857489,12.019212200737673,0.042242709144555524,0.06998755711706894
"(np.int64(17), np.int64(21), np.int64(27))",7.238811672781006,8.590768855858482,0.03136637184644997,0.04076649921188069
"(np.int64(17), np.int64(21), np.int64(42))",3.5533791070282024,18.06476284256099,0.052107362635884336,0.08754814018325108
"(np.int64(17), np.int64(23), np.int64(27))",2.8574074757455286,5.502964470680594,0.06284591038831766,0.03138724424837225
"(np.int64(17), np.int64(23), np.int64(30))",8.771382749248275,7.621897969733039,0.07843897428133884,0.005429863960831449
"(np.int64(17), np.int64(23), np.int64(34))",4.223492841812015,3.4272122962581917,0.02150514495199718,0.020127097847560504
"(np.int64(17), np.int64(23), np.int64(35))",4.223492841812015,3.4272122962581917,0.02150514495199718,0.020127097847560504
"(np.int64(17), np.int64(23), np.int64(42))",3.9946973927741576,3.8060964871598073,0.034830180095681285,0.039776644002488926
"(np.int64(17), np.int64(24), np.int64(26))",5.379721141392245,6.170489138683166,0.025263322929898746,0.05198439996896531
"(np.int64(17), np.int64(24), np.int64(29))",7.1075831605780495,5.528017292064356,0.020252790793730213,0.035371836294716075
"(np.int64(17), np.int64(24), np.int64(30))",7.508355687018282,6.378937253445156,0.0872828820057604,0.03399813936618523
"(np.int64(17), np.int64(24), np.int64(32))",5.271977522773508,4.828487542197785,0.06713466363541121,0.06460388519038407
"(np.int64(17), np.int64(24), np.int64(36))",3.550790472565843,4.6099408961012625,0.04472010504008417,0.05250135393586075
"(np.int64(17), np.int64(24), np.int64(37))",2.733532151418601,2.084033257744767,0.024907136777151395,0.019596409602736453
"(np.int64(17), np.int64(24), np.int64(41))",5.115031962640756,7.153549188179077,0.019885297364124033,0.017661255755604843
"(np.int64(17), np.int64(25), np.int64(26))",5.496230695003254,7.8034945948894,0.035386784141367866,0.035446052183427335
"(np.int64(17), np.int64(25), np.int64(32))",2.922965735224049,1.9729702076587443,0.011181804504117432,0.010568257255091362
"(np.int64(17), np.int64(25), np.int64(41))",2.6716156183489055,2.75210881952065,0.011509544386185122,0.011958731831098302
"(np.int64(17), np.int64(26), np.int64(30))",6.705778213707422,6.1021572380396725,0.011726719596523938,0.027049791443387594
"(np.int64(17), np.int64(26), np.int64(35))",4.494890308475726,6.566867115121865,0.022422542457077976,0.027709762032168683
"(np.int64(17), np.int64(26), np.int64(40))",8.945844488208431,5.936525628293838,0.03280408228294518,0.03145351020302567
"(np.int64(17), np.int64(26), np.int64(43))",6.905994530393192,4.5511344196003405,0.033100101135999704,0.016353257497428775
"(np.int64(17), np.int64(27), np.int64(36))",7.174623098308274,11.192069948762642,-0.0010833036542068353,0.019729282760632127
"(np.int64(17), np.int64(27), np.int64(37))",6.006657063481461,5.291055026040782,-0.0036889049332687884,0.024820834036813455
"(np.int64(17), np.int64(27), np.int64(42))",3.8843162909357436,19.3840557825043,0.052121007853696444,0.10590862888069152
"(np.int64(17), np.int64(27), np.int64(43))",16.615238516505386,7.9400630186926096,0.008554129734452576,0.03563937482960411
"(np.int64(17), np.int64(28), np.int64(31))",3.6012260375752647,3.159953713828808,0.031047238326387006,0.024588398835745373
"(np.int64(17), np.int64(28), np.int64(32))",3.601090850104176,3.1598630461520587,0.031049468079160203,0.024590812828407804
"(np.int64(17), np.int64(28), np.int64(36))",2.8082156304793093,1.1265103087187984,0.008290867330040363,0.017983022953234507
"(np.int64(17), np.int64(28), np.int64(37))",3.459539443048227,3.0275510613021006,0.019326843493718604,0.022695352624061305
"(np.int64(17), np.int64(28), np.int64(38))",5.8750971765286915,5.693943842493158,0.01092878617452675,0.025646220193458857
"(np.int64(17), np.int64(28), np.int64(41))",1.5189956787071415,1.9785944299749378,0.0162525007793759,0.012578249674273567
"(np.int64(17), np.int64(29), np.int64(30))",10.763098016735492,9.820377572055543,0.04795824149536765,0.016170920412660883
"(np.int64(17), np.int64(29), np.int64(33))",6.9170096100180825,4.1261913461577455,0.02468127242710849,0.05757295755935232
"(np.int64(17), np.int64(29), np.int64(35))",6.067678744230254,4.731535345606624,0.03375466408031802,0.037320706561225214
"(np.int64(17), np.int64(30), np.int64(33))",7.572273443483561,3.6124589522876067,0.019020863708846147,0.055138306022138095
"(np.int64(17), np.int64(30), np.int64(38))",8.524861099666383,13.919764405564095,0.05565569797827785,0.05622873091286107
"(np.int64(17), np.int64(30), np.int64(41))",4.519294031255228,10.886074774649467,0.029495870327258866,0.012953943878302399
"(np.int64(17), np.int64(31), np.int64(37))",3.157484564430715,3.3879479736466247,0.03759397213013116,0.020202746266713034
"(np.int64(17), np.int64(31), np.int64(38))",16.262753029173002,6.094545442471833,0.05608857696756131,0.046355878648094095
"(np.int64(17), np.int64(31), np.int64(39))",9.58311000289168,9.158491301135996,0.050448918058690895,0.07003738264328518
"(np.int64(17), np.int64(32), np.int64(34))",5.618881004716023,5.088239012848762,0.03575495362421077,0.04057018927702949
"(np.int64(17), np.int64(32), np.int64(35))",5.618881004716023,5.088239012848762,0.03575495362421077,0.04057018927702949
"(np.int64(17), np.int64(32), np.int64(36))",5.618881004716023,5.088239012848762,0.03575495362421077,0.04057018927702949
"(np.int64(17), np.int64(32), np.int64(38))",16.263130590784506,6.094874774150434,0.05608138290615883,0.04635514933621265
"(np.int64(17), np.int64(33), np.int64(39))",10.421500276029667,9.133095510177476,0.05209801564611416,0.06642279089843361
"(np.int64(17), np.int64(33), np.int64(43))",5.22124378585565,3.997555456591243,0.07974096331220515,0.053317550324637364
"(np.int64(17), np.int64(34), np.int64(40))",4.916481178304734,3.0534067582630025,0.02646626542604935,0.03161255339029778
"(np.int64(17), np.int64(35), np.int64(39))",3.1812228604600286,3.1173701206500337,0.03300807756445556,0.03256741097501081
"(np.int64(17), np.int64(35), np.int64(40))",4.916481178304734,3.0534067582630025,0.02646626542604935,0.03161255339029778
"(np.int64(17), np.int64(36), np.int64(38))",4.884319339929714,5.52903073423521,0.019800676653797145,0.01994035153412843
"(np.int64(17), np.int64(36), np.int64(42))",3.858691584745639,2.5429283748725977,0.03342099745160687,0.04940890857677771
"(np.int64(17), np.int64(37), np.int64(38))",5.708708811067196,4.961323013444243,0.05960756675427359,0.04825843387033746
"(np.int64(17), np.int64(37), np.int64(39))",12.326481591968188,8.966695747751425,0.07176532428972482,0.06463176908555479
"(np.int64(17), np.int64(39), np.int64(40))",7.052652541047683,5.590664398212987,0.05315716157492012,0.04142660865475345
"(np.int64(17), np.int64(39), np.int64(41))",13.377409746495605,8.713644540857175,0.007623719832366094,0.02178993955761732
"(np.int64(17), np.int64(40), np.int64(41))",13.711796037661417,7.510516876662636,0.009043920556144225,0.02282735551927262
"(np.int64(18), np.int64(19), np.int64(26))",4.90325139049254,4.834488427790604,0.026988679944092597,0.0437656911379839
"(np.int64(18), np.int64(19), np.int64(30))",22.612527495173815,22.348544005203454,0.09897247726561309,0.0837567785930401
"(np.int64(18), np.int64(20), np.int64(28))",5.676663786352885,4.725212142740723,0.042407980325229855,0.016486623317233384
"(np.int64(18), np.int64(20), np.int64(34))",7.790458974338565,4.772382285485091,0.027902394065084213,0.023965435651864708
"(np.int64(18), np.int64(21), np.int64(25))",4.091199500979424,6.49475414067612,-0.00011911978272627355,0.0050342917790016095
"(np.int64(18), np.int64(21), np.int64(26))",2.4535222788093027,7.1133709782256584,-0.0012634758259026935,0.021181751438517193
"(np.int64(18), np.int64(21), np.int64(30))",8.230835757429599,4.8470756129103165,0.004701069244692269,0.03163815683921967
"(np.int64(18), np.int64(21), np.int64(31))",3.2328412858328304,4.9848822355217886,-0.006236273804511638,0.040499178014054116
"(np.int64(18), np.int64(21), np.int64(32))",3.2335297996232035,4.984046523910243,-0.006230477111665467,0.04050335541719563
"(np.int64(18), np.int64(21), np.int64(42))",4.090484714571916,15.927532350022926,0.0,0.046086331055557817
"(np.int64(18), np.int64(22), np.int64(30))",4.881058846777466,6.417951459497296,0.009305308498873566,0.024595879944546928
"(np.int64(18), np.int64(22), np.int64(31))",8.745123323821932,8.71189010436914,0.0372708610360144,0.030001002266986876
"(np.int64(18), np.int64(22), np.int64(32))",8.745158431202112,8.712070447460452,0.03726984970153102,0.02999964478168904
"(np.int64(18), np.int64(22), np.int64(33))",8.6281472052403,8.548371571863372,0.03278535081919287,0.02800110057110361
"(np.int64(18), np.int64(22), np.int64(41))",2.623692772158535,1.4235799000012894,0.0174208926160635,0.007877521723548164
"(np.int64(18), np.int64(23), np.int64(28))",3.4808384322957266,2.2148832594658,0.010387955910603819,0.012998319358803467
"(np.int64(18), np.int64(23), np.int64(31))",5.278401462996808,3.198321312694057,0.034598004196687016,0.023026296061377738
"(np.int64(18), np.int64(23), np.int64(34))",5.968760961282881,5.904277866041184,0.03174454439878027,0.03657753515820572
"(np.int64(18), np.int64(23), np.int64(36))",5.968760961282881,5.904277866041184,0.03174454439878027,0.03657753515820572
"(np.int64(18), np.int64(23), np.int64(38))",7.185842096700623,8.131067073536137,0.01983513508646495,0.006023215540479909
"(np.int64(18), np.int64(23), np.int64(41))",3.5096256639237775,2.0021097011683047,0.01877244368923081,0.032609388580612464
"(np.int64(18), np.int64(24), np.int64(27))",4.906125902585885,9.046905154958608,-0.0006612014438521774,0.030207034506464447
"(np.int64(18), np.int64(24), np.int64(29))",4.349212684854788,4.305277894966873,0.024015147499867884,0.027804010503254428
"(np.int64(18), np.int64(24), np.int64(30))",5.672817331086703,4.72716712353274,0.020886760609661548,0.02831867110379349
"(np.int64(18), np.int64(24), np.int64(31))",4.14057976334845,2.982793938919885,0.0496845481620618,0.059567928543435955
"(np.int64(18), np.int64(24), np.int64(35))",3.139766717187981,3.203358113741164,0.02923802412565768,0.03611148787126739
"(np.int64(18), np.int64(24), np.int64(41))",2.2187129668463346,2.779718778395384,0.014554005866121433,0.01728715887840715
"(np.int64(18), np.int64(25), np.int64(26))",5.970429738268727,3.1234221409152783,0.023666144594936545,0.015036765801019203
"(np.int64(18), np.int64(25), np.int64(29))",8.760322511020886,6.6156074091730455,-0.00011911978272627355,0.02199002708069364
"(np.int64(18), np.int64(25), np.int64(36))",5.659379813176488,3.2861952649367407,0.016713112772573258,0.023057136486576923
"(np.int64(18), np.int64(25), np.int64(37))",6.561976694828174,4.830464746839602,0.021944519918494776,0.006047661275498384
"(np.int64(18), np.int64(25), np.int64(38))",12.051366547314391,8.079258427525412,0.01934685416276949,0.01313777276955208
"(np.int64(18), np.int64(26), np.int64(28))",2.9464980618232217,2.5974011675837834,0.03444827987670329,0.03290289439182137
"(np.int64(18), np.int64(26), np.int64(32))",3.6416682845049078,2.14818755118492,0.0373914269831519,0.05064515938204228
"(np.int64(18), np.int64(26), np.int64(34))",2.89152781086954,3.728206578847381,0.040684948448468594,0.03778031072903443
"(np.int64(18), np.int64(26), np.int64(37))",3.769556715298682,2.9202139211965976,0.02034468814087309,0.022845435875117115
"(np.int64(18), np.int64(26), np.int64(42))",4.461242805332125,2.4235780132433984,0.0290229509502965,0.018166727784478587
"(np.int64(18), np.int64(27), np.int64(28))",4.019994478952597,10.029940421300143,-0.0029119636192339593,0.03069589136043893
"(np.int64(18), np.int64(27), np.int64(30))",8.20639139723785,4.647898011464301,0.0,0.03245704875833311
"(np.int64(18), np.int64(27), np.int64(36))",7.812749721823703,7.794211428472811,-0.0034595093765084073,0.04953123273413751
"(np.int64(18), np.int64(27), np.int64(37))",5.735532366947019,5.934588427619833,0.0,0.023249156214679823
"(np.int64(18), np.int64(27), np.int64(42))",4.197139641242216,15.912895711298223,0.0,0.03586213123178428
"(np.int64(18), np.int64(28), np.int64(29))",8.764243267828165,3.5917157261978727,-0.006608920022758258,0.01100516200600199
"(np.int64(18), np.int64(28), np.int64(34))",6.925742292356727,4.906923775026615,0.02180327113913938,0.01716169725552097
"(np.int64(18), np.int64(28), np.int64(35))",6.925742292356727,4.906923775026615,0.02180327113913938,0.01716169725552097
"(np.int64(18), np.int64(29), np.int64(33))",6.193567743642679,6.327324507587291,0.0811788064800546,0.057648943146081155
"(np.int64(18), np.int64(29), np.int64(38))",18.792095471892683,20.405433498254347,0.08756155259751264,0.054405116682614385
"(np.int64(18), np.int64(30), np.int64(37))",5.920684784736355,5.826683044175514,0.034917290600946504,0.03841581830754082
"(np.int64(18), np.int64(30), np.int64(42))",5.767766454021644,10.48951356946918,0.05792767582130087,0.05074891631450018
"(np.int64(18), np.int64(31), np.int64(35))",8.958470607498638,6.263545316360638,0.08099574840564028,0.0683024529904398
"(np.int64(18), np.int64(31), np.int64(39))",6.558572307932633,9.174128231322692,0.0785646347834914,0.08175321914167688
"(np.int64(18), np.int64(31), np.int64(42))",9.03887612384965,8.276478359997022,0.03388823929708684,0.061857926802866614
"(np.int64(18), np.int64(32), np.int64(35))",8.95875107519283,6.263894557580596,0.0810006157096681,0.06830308954670361
"(np.int64(18), np.int64(32), np.int64(43))",5.175648724135782,6.094942888284221,0.0596457806679902,0.07435456499686965
"(np.int64(18), np.int64(33), np.int64(35))",8.786312277257036,6.452219752184337,0.06515393640989442,0.07059797727817352
"(np.int64(18), np.int64(33), np.int64(41))",2.281549123536472,3.6449241315443257,0.017408852800590013,0.017683135891755297
"(np.int64(18), np.int64(33), np.int64(42))",9.34260708841059,8.905060585376585,0.033795673568460693,0.05833250533084411
"(np.int64(18), np.int64(33), np.int64(43))",5.429869968179914,6.5504420154510425,0.05954649196982764,0.07251953284168022
"(np.int64(18), np.int64(34), np.int64(35))",4.421372160352512,4.1533751764353175,0.0009767421096396056,0.0013299673886851826
"(np.int64(18), np.int64(34), np.int64(40))",6.008470773921284,6.526744473715704,0.044382178966074326,0.03979412572112828
"(np.int64(18), np.int64(34), np.int64(43))",6.802738256644229,4.2388350698027635,0.03810515679233417,0.04993630666714488
"(np.int64(18), np.int64(35), np.int64(36))",4.421372160352512,4.1533751764353175,0.0009767421096396056,0.0013299673886851826
"(np.int64(18), np.int64(35), np.int64(38))",7.914278217344575,5.373545069870375,0.042806100257597124,0.03028584147627522
"(np.int64(18), np.int64(35), np.int64(39))",5.353209837260667,4.978154759596739,0.055801706429125075,0.044725847649351946
"(np.int64(18), np.int64(35), np.int64(42))",5.642398538050182,3.252345737953486,0.04810402514852541,0.057383915259363705
"(np.int64(18), np.int64(36), np.int64(40))",6.008470773921284,6.526744473715704,0.044382178966074326,0.03979412572112828
"(np.int64(18), np.int64(39), np.int64(41))",4.341421143672702,5.144660828264381,0.0049439167882451285,0.012569616097588665
"(np.int64(18), np.int64(39), np.int64(42))",7.61955527187474,12.352490088854974,0.050088212925135545,0.0665840106780401
"(np.int64(18), np.int64(41), np.int64(43))",2.226933528066465,2.39439068152775,0.013763716840946127,0.017978800508950066
"(np.int64(19), np.int64(20), np.int64(24))",10.982406095404226,13.781829876352651,0.012586962563383874,0.0073742895995672075
"(np.int64(19), np.int64(20), np.int64(29))",5.486437753480049,7.153628385435116,0.017437215231293268,0.004486277515294734
"(np.int64(19), np.int64(20), np.int64(32))",7.3564501684466155,7.7011485639587205,0.0014381728625828538,0.018856130599813392
"(np.int64(19), np.int64(20), np.int64(41))",4.961693287242012,3.017129741069359,0.001835831139008537,0.001587370536342947
"(np.int64(19), np.int64(21), np.int64(24))",11.129110101627468,4.705154555911214,0.0005539098745084292,0.058875020618863294
"(np.int64(19), np.int64(21), np.int64(28))",5.627281111348658,8.081270896292088,0.009240580062836234,0.045124326772357115
"(np.int64(19), np.int64(21), np.int64(31))",3.6149354404198446,4.748197043158363,-3.502197686500175e-05,0.0237085868809086
"(np.int64(19), np.int64(21), np.int64(37))",6.1882256820920505,3.7901041900812213,-0.00028212358967516504,0.030339625316497143
"(np.int64(19), np.int64(21), np.int64(38))",8.235103025213675,7.387638852312165,0.01029322568233626,0.022232700502012648
"(np.int64(19), np.int64(21), np.int64(39))",7.679586895073436,10.77188311917463,0.0060110884666468856,0.002629050421551482
"(np.int64(19), np.int64(21), np.int64(43))",18.135865360920608,4.535946542055277,0.009101869408394303,0.0528531420486843
"(np.int64(19), np.int64(22), np.int64(23))",2.418731687723605,3.6859168366683366,0.022893615795122835,0.016089469159604297
"(np.int64(19), np.int64(22), np.int64(24))",4.833029608808009,4.08226603342019,0.04246241962014041,0.04267330738282471
"(np.int64(19), np.int64(22), np.int64(26))",2.8567734554683275,4.787245633231854,0.038756644337995416,0.04664962298412889
"(np.int64(19), np.int64(22), np.int64(30))",3.469105988608182,3.5471353929353024,0.057623236517601706,0.05225527457147239
"(np.int64(19), np.int64(22), np.int64(33))",3.4127481356774827,1.9815312612489944,0.029294114743820265,0.04369111474108267
"(np.int64(19), np.int64(22), np.int64(43))",6.924786503963612,5.82141202968938,0.03123314709608138,0.029223280240252225
"(np.int64(19), np.int64(23), np.int64(28))",3.3645224066607358,3.965971209645978,0.02063781649528329,0.017424675674744927
"(np.int64(19), np.int64(23), np.int64(30))",4.656249714265827,3.6430760217882647,-0.0023103826674518713,0.005205305373704006
"(np.int64(19), np.int64(23), np.int64(33))",3.041465333619909,5.726091655111151,0.025865840375554283,0.029759344680067912
"(np.int64(19), np.int64(23), np.int64(40))",10.504638298380874,7.802364280221397,0.022668161380916874,0.01834739031283883
"(np.int64(19), np.int64(23), np.int64(41))",2.131315949557042,2.1600055684450856,0.0021357869554067266,0.007414116523095204
"(np.int64(19), np.int64(24), np.int64(35))",6.226268101662035,8.095356988738795,0.015150553574011405,0.017914338404594887
"(np.int64(19), np.int64(24), np.int64(36))",6.226268101662035,8.095356988738795,0.015150553574011405,0.017914338404594887
"(np.int64(19), np.int64(24), np.int64(39))",15.762337176344092,14.54419785019167,0.044644301676611375,0.045988535969751054
"(np.int64(19), np.int64(25), np.int64(31))",4.323376859420438,3.9543937881284403,0.01642063457103493,0.017495842848448406
"(np.int64(19), np.int64(25), np.int64(34))",5.27168270303165,2.8358804814381715,0.023868526394577927,0.020895426254655125
"(np.int64(19), np.int64(25), np.int64(35))",5.27168270303165,2.8358804814381715,0.023868526394577927,0.020895426254655125
"(np.int64(19), np.int64(25), np.int64(42))",5.014401156838298,3.8478296617986953,0.012410052880868938,0.012064963556084884
"(np.int64(19), np.int64(26), np.int64(29))",8.240154672184433,6.508735803999104,0.04243180680085157,0.046619812265869975
"(np.int64(19), np.int64(26), np.int64(33))",5.973029710987845,7.866727345417109,0.04274626679541549,0.034883501850221044
"(np.int64(19), np.int64(26), np.int64(37))",6.406005307970379,4.138846211759768,0.02441307483728261,0.023618306888822937
"(np.int64(19), np.int64(26), np.int64(39))",13.054038894268244,11.553090643358304,0.045389874858078105,0.03971074502511451
"(np.int64(19), np.int64(26), np.int64(41))",2.201539624710732,3.924140919801447,0.007734233854306272,0.0085113459864401
"(np.int64(19), np.int64(27), np.int64(31))",3.5167549483232325,3.671513976986099,-0.00017184765584099537,0.02530790152890039
"(np.int64(19), np.int64(27), np.int64(33))",4.711818419587382,4.333030239990624,-7.977141937209886e-05,0.035081360974252074
"(np.int64(19), np.int64(27), np.int64(35))",7.255751746268072,9.359400655878224,0.011084247526698121,0.01241040498193946
"(np.int64(19), np.int64(27), np.int64(39))",7.965114995786751,10.26377402221386,-0.00017456233413382094,0.014667904633282158
"(np.int64(19), np.int64(27), np.int64(40))",7.883728581081505,13.065219573265566,0.0029024404127174774,0.013445088185386034
"(np.int64(19), np.int64(27), np.int64(41))",2.8159310685991095,4.1604960656696095,0.005513655873694234,0.004302541749791833
"(np.int64(19), np.int64(28), np.int64(36))",3.9117999454742374,3.38632348917868,0.02638068771106039,0.02761702872616345
"(np.int64(19), np.int64(28), np.int64(39))",3.662151632411114,5.877433109321528,0.069689768511074,0.053334235075493286
"(np.int64(19), np.int64(29), np.int64(33))",4.974383924869637,4.278676862977435,0.05328757180627697,0.1360383151943393
"(np.int64(19), np.int64(29), np.int64(41))",5.842193005210982,8.720011199826013,0.026035999908455065,0.005376722845102155
"(np.int64(19), np.int64(30), np.int64(38))",10.536131236782456,11.50920632943116,0.12130810629159028,0.07027921847378238
"(np.int64(19), np.int64(30), np.int64(39))",10.222990179790582,11.577824124844836,0.013704265642945801,0.062191932598867794
"(np.int64(19), np.int64(30), np.int64(42))",7.44103515476288,5.189005218138106,0.036497810167668954,0.04635547444357224
"(np.int64(19), np.int64(30), np.int64(43))",7.4892209367078015,5.984762814559794,0.059450596045239945,0.0492020256744411
"(np.int64(19), np.int64(31), np.int64(36))",5.956736563491692,6.176519812090774,0.029864479164072866,0.017091923196966397
"(np.int64(19), np.int64(32), np.int64(36))",5.956637554332525,6.176367297038631,0.02986253690868579,0.017093529963095988
"(np.int64(19), np.int64(32), np.int64(39))",7.139854624185016,8.696227443815406,0.07149643244715231,0.07690145023488537
"(np.int64(19), np.int64(33), np.int64(34))",6.159167666322622,6.604206719842435,0.028221565137339977,0.014676181688197953
"(np.int64(19), np.int64(33), np.int64(35))",6.159167666322622,6.604206719842435,0.028221565137339977,0.014676181688197953
"(np.int64(19), np.int64(33), np.int64(36))",6.159167666322622,6.604206719842435,0.028221565137339977,0.014676181688197953
"(np.int64(19), np.int64(33), np.int64(42))",12.088489068019722,12.880827052967867,0.04631564537191368,0.04015868770397246
"(np.int64(19), np.int64(34), np.int64(38))",7.035163402315926,4.690813724301376,0.01481480762830989,0.0182717234295251
"(np.int64(19), np.int64(34), np.int64(42))",4.68491878471714,5.025493892207031,0.033015156251755884,0.01791745482817564
"(np.int64(19), np.int64(35), np.int64(37))",9.792950525928156,5.144181304894949,0.02164893673492352,0.013465558084639118
"(np.int64(19), np.int64(35), np.int64(41))",3.917168288149985,2.984392511942061,0.00671033199318527,0.008641234592159375
"(np.int64(19), np.int64(36), np.int64(39))",3.642449802397177,7.535853497168188,0.02382925019615234,0.012549777953824393
"(np.int64(19), np.int64(36), np.int64(41))",3.917168288149985,2.984392511942061,0.00671033199318527,0.008641234592159375
"(np.int64(19), np.int64(36), np.int64(42))",4.68491878471714,5.025493892207031,0.033015156251755884,0.01791745482817564
"(np.int64(19), np.int64(38), np.int64(41))",6.319831896673491,9.412884946372666,0.023447512770433554,0.0059973494130510785
"(np.int64(19), np.int64(39), np.int64(40))",11.916986917770709,14.6513323076308,0.1655482342422434,0.14444487929596228
"(np.int64(19), np.int64(40), np.int64(43))",19.67862588876508,6.16207753258279,0.07442284381193198,0.07777448247518537
"(np.int64(19), np.int64(41), np.int64(42))",2.1965705919110396,5.32065506783069,0.0030938649196012857,0.008620429113721073
"(np.int64(20), np.int64(21), np.int64(27))",17.40112551309571,9.777528880198588,0.0421921887107215,0.01696074183416163
"(np.int64(20), np.int64(21), np.int64(36))",7.638333534024112,9.901101480956713,0.016288420563686068,0.011040562494913586
"(np.int64(20), np.int64(21), np.int64(38))",8.223473319275671,7.336438548785279,0.01108557116494624,0.02262055173991062
"(np.int64(20), np.int64(21), np.int64(40))",7.411239359663209,14.128250665430608,0.003045607976287501,0.009487193421083395
"(np.int64(20), np.int64(21), np.int64(41))",2.934328582449702,4.820823696018859,0.005241193741807981,0.003448115637133875
"(np.int64(20), np.int64(21), np.int64(42))",11.921051554761718,10.722807931449317,0.0010356178792647608,0.044312183059221466
"(np.int64(20), np.int64(22), np.int64(26))",2.8373557336928252,4.527140834758524,0.04014470680910531,0.04632676501991906
"(np.int64(20), np.int64(22), np.int64(30))",3.2892172107778954,3.8959375430716756,0.06231190380397322,0.05253695715317608
"(np.int64(20), np.int64(22), np.int64(37))",8.359229013445102,5.205799068778964,0.06495384372422397,0.06835498251177474
"(np.int64(20), np.int64(23), np.int64(29))",2.6916170446952967,2.74700382678467,0.003929758946438988,0.013424096743172464
"(np.int64(20), np.int64(23), np.int64(31))",2.571632848859122,3.987039349237845,0.015567214122267914,0.01560623599763955
"(np.int64(20), np.int64(23), np.int64(35))",5.448035544783909,4.316691513337842,0.005466001301748014,0.005881461639132168
"(np.int64(20), np.int64(23), np.int64(36))",5.448035544783909,4.316691513337842,0.005466001301748014,0.005881461639132168
"(np.int64(20), np.int64(23), np.int64(42))",8.50323825556766,5.360924931203787,0.01753194070496511,0.026782838539564757
"(np.int64(20), np.int64(23), np.int64(43))",16.15119287198327,3.699103179674219,0.0378058892951183,0.03587037147917549
"(np.int64(20), np.int64(24), np.int64(25))",5.979464405397031,3.282378434451607,0.018694188057759242,0.019109319726049456
"(np.int64(20), np.int64(24), np.int64(26))",5.935553945937716,11.1459675599701,0.0101858001899513,0.013927234516792342
"(np.int64(20), np.int64(24), np.int64(27))",12.986109004391194,6.736664014721942,0.011121051278407457,0.058548942281160365
"(np.int64(20), np.int64(24), np.int64(38))",10.03733863453207,8.710158528600996,0.01953685929499349,0.025080317880156522
"(np.int64(20), np.int64(24), np.int64(39))",15.795888474246079,15.142547445979021,0.045651469374358156,0.047256183375241845
"(np.int64(20), np.int64(24), np.int64(41))",3.3954086821564817,5.830731973010426,0.004583849323151701,0.005239079287668091
"(np.int64(20), np.int64(25), np.int64(28))",5.413747279613865,2.8204858211113057,0.015903438833907546,0.017617083072733797
"(np.int64(20), np.int64(25), np.int64(29))",12.270261642074123,13.093025634708097,0.028997897998188193,0.014374110574691845
"(np.int64(20), np.int64(25), np.int64(40))",10.089582052160495,4.532599322937787,0.013047488224725345,0.008915089097503714
"(np.int64(20), np.int64(26), np.int64(28))",1.6160582465914637,3.4535774836063253,0.03824408831080017,0.05892643665931441
"(np.int64(20), np.int64(26), np.int64(38))",14.137230052607721,7.545336233858513,0.0455054481498357,0.020568462976733204
"(np.int64(20), np.int64(27), np.int64(43))",20.53326843060609,3.4751623738177777,0.009369662264226974,0.04996448156846023
"(np.int64(20), np.int64(28), np.int64(31))",4.946660873219405,3.6015418796330656,0.03718528818048683,0.033559441273751656
"(np.int64(20), np.int64(28), np.int64(34))",4.023331284318523,3.205668909889871,0.02660992056956646,0.026914797137050694
"(np.int64(20), np.int64(29), np.int64(37))",3.3881575171909297,2.762560921554518,0.08028790411159181,0.03469219495629461
"(np.int64(20), np.int64(29), np.int64(38))",7.512050947856106,8.066644241328222,0.13738213665010457,0.08532332292865807
"(np.int64(20), np.int64(29), np.int64(40))",8.340604429498907,7.181844390478138,0.04403427372455904,0.07446028222606016
"(np.int64(20), np.int64(30), np.int64(31))",3.972592200343841,6.015642847982222,0.04556888373918633,0.1252650348205936
"(np.int64(20), np.int64(30), np.int64(36))",12.08185733171759,5.07429588985341,0.043066939194748244,0.01839272159743166
"(np.int64(20), np.int64(30), np.int64(43))",8.066076664996762,5.105216716658693,0.07360064909888275,0.052858075210613475
"(np.int64(20), np.int64(31), np.int64(37))",3.532550367152431,3.6759061498301597,0.07697253499000811,0.08301450634593754
"(np.int64(20), np.int64(32), np.int64(34))",5.776766228392283,6.108898841492532,0.030953242617660415,0.016462450189820177
"(np.int64(20), np.int64(32), np.int64(35))",5.776766228392283,6.108898841492532,0.030953242617660415,0.016462450189820177
"(np.int64(20), np.int64(35), np.int64(41))",3.9213249657182048,3.225915122472899,0.0069769092682829825,0.008364849070882086
"(np.int64(20), np.int64(36), np.int64(42))",4.94819238910236,5.211642825898413,0.034104019598501845,0.018393613938211928
"(np.int64(20), np.int64(39), np.int64(42))",12.882520270094796,8.062136452984786,0.06457699581120524,0.0769451721789034
"(np.int64(20), np.int64(39), np.int64(43))",13.637213312527193,7.592637898616057,0.06598966878192725,0.07083506907046822
"(np.int64(20), np.int64(42), np.int64(43))",12.15250287909103,12.544322236936322,0.03635625361918948,0.01949473508741062
"(np.int64(21), np.int64(22), np.int64(24))",3.513768178121699,11.645460562335584,0.01072294296611953,0.018420291437955094
"(np.int64(21), np.int64(22), np.int64(30))",6.827338643428184,1.9694484480871728,0.0,0.026340365085317563
"(np.int64(21), np.int64(22), np.int64(37))",7.372065513995164,0.9747559184314749,0.012021433241790946,0.050921437689547266
"(np.int64(21), np.int64(22), np.int64(38))",5.6090470753098804,2.7198768924496237,0.040631615053553505,0.019472127219517854
"(np.int64(21), np.int64(22), np.int64(41))",4.995802379927022,3.375482818569078,0.0033450137243326017,0.030075476397544043
"(np.int64(21), np.int64(23), np.int64(32))",7.231656818125095,1.301558668102883,0.014533068491603962,0.02140099551965169
"(np.int64(21), np.int64(23), np.int64(35))",2.4065476870464755,8.695253831084228,0.0,0.04397601185675659
"(np.int64(21), np.int64(23), np.int64(36))",2.4065476870464755,8.695253831084228,0.0,0.04397601185675659
"(np.int64(21), np.int64(23), np.int64(40))",6.721277843780177,5.726762380449576,0.03740795899703575,0.010727054524931279
"(np.int64(21), np.int64(24), np.int64(25))",5.878622612794379,4.651348845416368,0.0,0.0015090144873938227
"(np.int64(21), np.int64(24), np.int64(27))",8.501770455895345,12.807462501338186,0.11778396652713508,0.1274528673854085
"(np.int64(21), np.int64(24), np.int64(40))",8.262457575729691,5.309746871560245,0.0021056285873410907,0.0500690001942784
"(np.int64(21), np.int64(24), np.int64(41))",4.884039442977665,2.8117805770192916,0.00405441190591227,0.019826219119694954
"(np.int64(21), np.int64(24), np.int64(42))",9.262251368257255,17.29611409011946,0.001976677449919695,0.04040364594908252
"(np.int64(21), np.int64(25), np.int64(30))",9.430890552700657,6.595740545441755,0.010361362108030847,0.006918174565690771
"(np.int64(21), np.int64(25), np.int64(35))",6.686686513909798,7.249668599080952,0.0075244032579645515,0.017059715361974148
"(np.int64(21), np.int64(25), np.int64(38))",13.830745136285028,5.451343682883881,0.08176985567267425,0.005587689888798764
"(np.int64(21), np.int64(25), np.int64(41))",2.3647721674312385,10.60814169077726,0.0,0.004008488524058662
"(np.int64(21), np.int64(25), np.int64(42))",3.9230513950080868,8.40283392486237,-0.0006088235911890783,0.03418146942088551
"(np.int64(21), np.int64(26), np.int64(29))",7.976678655565626,4.608862796995033,0.01570068551462933,0.026585124370825608
"(np.int64(21), np.int64(27), np.int64(30))",3.697748991647194,5.827469115941123,0.02832968561771909,0.022115550687005103
"(np.int64(21), np.int64(27), np.int64(31))",9.692348631138117,10.490870854446381,0.038183675790132265,0.018564843936078712
"(np.int64(21), np.int64(27), np.int64(32))",9.693414158818355,10.491266823746297,0.038177589448204485,0.018563435626334557
"(np.int64(21), np.int64(27), np.int64(35))",7.920649661873711,7.258330295178032,0.0,0.016854761230456705
"(np.int64(21), np.int64(28), np.int64(31))",4.421314217891443,10.04685153186885,-0.008122426324776666,0.041738332677821566
"(np.int64(21), np.int64(29), np.int64(39))",6.538581197689264,7.9034564456588585,0.06911498995829357,0.005893384297507409
"(np.int64(21), np.int64(29), np.int64(40))",7.025674093828965,6.9413839090175475,0.039315657504825796,0.04047121773666429
"(np.int64(21), np.int64(30), np.int64(35))",8.088820315293376,3.8735279894867154,0.008435680558150027,0.0203285993976855
"(np.int64(21), np.int64(30), np.int64(39))",6.677195077826148,8.171206225157109,0.07414908904289519,0.012326442118790415
"(np.int64(21), np.int64(31), np.int64(41))",3.8114356338018105,3.4600824668848644,-0.0004677880512059529,0.026976949540269968
"(np.int64(21), np.int64(32), np.int64(40))",7.986936697854229,15.952884960741288,0.003696333016793507,0.024137041006937032
"(np.int64(21), np.int64(32), np.int64(41))",3.8115257142086167,3.4602340799978113,-0.00046212335175843666,0.02697904373493898
"(np.int64(21), np.int64(32), np.int64(43))",10.900399775273002,4.19384269617003,0.02496245026925359,0.049634965422221455
"(np.int64(21), np.int64(33), np.int64(34))",6.089170816168557,6.5263833714608035,-0.00788020412501389,0.0333975505837093
"(np.int64(21), np.int64(33), np.int64(35))",6.089170816168557,6.5263833714608035,-0.00788020412501389,0.0333975505837093
"(np.int64(21), np.int64(33), np.int64(39))",8.78862088182054,13.237914747076552,0.01108954866458356,0.019809483448362752
"(np.int64(21), np.int64(33), np.int64(40))",8.536648413186725,16.11252295522922,0.0019470986249808808,0.024337914490342838
"(np.int64(21), np.int64(34), np.int64(36))",9.617848537268149,12.413183169765155,-0.0019584201782503197,0.0010703884311569212
"(np.int64(21), np.int64(34), np.int64(38))",5.841055919136786,4.406844407921639,0.01169415421712039,0.003933224068893626
"(np.int64(21), np.int64(35), np.int64(38))",5.841055919136786,4.406844407921639,0.01169415421712039,0.003933224068893626
"(np.int64(21), np.int64(35), np.int64(39))",6.712487992717636,13.3231771264188,0.006604057631656168,0.02597206430205723
"(np.int64(21), np.int64(35), np.int64(41))",11.071730687519006,11.27641863160096,-0.004487867386384847,0.03511621471916837
"(np.int64(21), np.int64(36), np.int64(39))",6.712487992717636,13.3231771264188,0.006604057631656168,0.02597206430205723
"(np.int64(21), np.int64(36), np.int64(42))",5.9480036349828564,16.106417624851264,-0.00517621650313238,0.08540459645045695
"(np.int64(21), np.int64(39), np.int64(40))",13.828437329345233,14.76761218985912,0.010591536865035223,0.01687621158139485
"(np.int64(21), np.int64(41), np.int64(43))",8.569554888830144,6.9509002181937865,-0.002962827206832497,0.0149054503052104
"(np.int64(22), np.int64(23), np.int64(24))",2.1692248707407824,2.7911190179209227,0.02271685473092422,0.011979041351462882
"(np.int64(22), np.int64(23), np.int64(27))",2.7892511976163363,5.415473912218784,0.0,0.017691058615311617
"(np.int64(22), np.int64(23), np.int64(34))",3.3200064959311795,5.441619413664231,0.011271034702223681,0.009770325979569394
"(np.int64(22), np.int64(23), np.int64(38))",4.791247909475582,3.5009674718973227,0.04403107046160759,0.0032249173419206523
"(np.int64(22), np.int64(23), np.int64(43))",4.707584760602071,1.7867409033471429,0.02760651508201928,0.020623261315319996
"(np.int64(22), np.int64(24), np.int64(43))",5.508212209690789,3.851640905700415,0.021865792739189316,0.013261360265938826
"(np.int64(22), np.int64(25), np.int64(33))",5.592608760510398,3.7883053440154053,0.02851956925469068,0.01074706867163222
"(np.int64(22), np.int64(25), np.int64(39))",3.6535703965017996,3.435634979655075,0.020244316075131774,0.01244153062704223
"(np.int64(22), np.int64(25), np.int64(40))",4.790481841136037,4.405600215565095,0.020026665032428337,0.011522481110621707
"(np.int64(22), np.int64(25), np.int64(42))",6.036807518451931,5.445275921566468,0.024977412900141882,0.022053680195419645
"(np.int64(22), np.int64(26), np.int64(33))",6.582273938890218,5.685534813749263,0.01811204404199296,0.016073262181816483
"(np.int64(22), np.int64(26), np.int64(41))",3.1213666223296954,2.260141232438083,0.014624052475182947,0.012418425430271052
"(np.int64(22), np.int64(27), np.int64(28))",2.9556247407295873,4.641176456532672,0.0,0.028284180720542396
"(np.int64(22), np.int64(27), np.int64(32))",7.064845437262633,8.625413635281959,0.004119361268078436,0.054866403832276145
"(np.int64(22), np.int64(27), np.int64(34))",5.412063830936029,3.7906706233650755,0.009845413054230034,0.011885494265048924
"(np.int64(22), np.int64(27), np.int64(38))",5.694766537332776,2.2924404784885355,0.039815333827022514,0.023302809186153906
"(np.int64(22), np.int64(27), np.int64(42))",8.151272186287127,5.611234347378228,-0.0009644376180111269,0.062482305267796634
"(np.int64(22), np.int64(28), np.int64(38))",6.633491225247383,4.914551890829196,0.010313684195764505,0.01863042439554463
"(np.int64(22), np.int64(28), np.int64(41))",2.6237995737277715,2.802063725089719,0.012570169449153346,0.010095726625970913
"(np.int64(22), np.int64(29), np.int64(33))",3.8620958343973077,2.394588160813816,0.11285881422796296,0.03760130063508793
"(np.int64(22), np.int64(29), np.int64(35))",2.6307999430776188,2.581720238542332,0.039568227045933546,0.02316009796641505
"(np.int64(22), np.int64(29), np.int64(36))",2.6307999430776188,2.581720238542332,0.039568227045933546,0.02316009796641505
"(np.int64(22), np.int64(29), np.int64(41))",9.15348294086972,1.7533827966649858,0.042641126967778886,0.003666186366857005
"(np.int64(22), np.int64(30), np.int64(32))",3.9501308029009237,5.5540228223436525,0.038864481892115,0.036665669739505136
"(np.int64(22), np.int64(30), np.int64(38))",3.644668728031492,6.364150403661118,0.033506969805138564,0.02924857097393363
"(np.int64(22), np.int64(30), np.int64(41))",3.3612255426072335,2.0642976046455526,0.05407088005698446,0.007302633875859277
"(np.int64(22), np.int64(30), np.int64(43))",4.229820292605101,3.165541257046039,0.015526859479435773,0.026877781150831725
"(np.int64(22), np.int64(31), np.int64(33))",3.4263398940275613,4.735171310452493,0.01912466009508884,0.01722915379799761
"(np.int64(22), np.int64(31), np.int64(36))",5.70686214479129,4.842701263599272,0.025468110815237255,0.02118649442146947
"(np.int64(22), np.int64(31), np.int64(38))",5.240610009725793,5.7082563998369595,0.03862959075554839,0.04034709884401633
"(np.int64(22), np.int64(31), np.int64(40))",4.065015737577478,3.96958531435291,0.03945034708088513,0.06020990870033649
"(np.int64(22), np.int64(31), np.int64(41))",2.8378225003641755,2.2789548443189056,0.01561217433999118,0.009537008227179289
"(np.int64(22), np.int64(31), np.int64(43))",4.39273441344933,3.228229233021379,0.031542790872468585,0.03239002437798699
"(np.int64(22), np.int64(32), np.int64(33))",3.4230734669218976,4.738388566616068,0.019093806819695525,0.01726153241938866
"(np.int64(22), np.int64(32), np.int64(34))",5.706812802982869,4.8426411766604875,0.025467142031075363,0.0211878772450671
"(np.int64(22), np.int64(32), np.int64(38))",5.240438729122023,5.708438730807768,0.038630955845289305,0.04034766539819179
"(np.int64(22), np.int64(32), np.int64(41))",2.8378268028057674,2.279040801769546,0.015610947007506204,0.009536505863543154
"(np.int64(22), np.int64(32), np.int64(42))",7.45084608040183,6.4081433263367735,0.02906301864378036,0.018983997006774445
"(np.int64(22), np.int64(32), np.int64(43))",4.392590446563737,3.2282499949954384,0.03154272995381735,0.03238886620679182
"(np.int64(22), np.int64(33), np.int64(41))",2.7531994925273433,2.383405551350013,0.018247638486281748,0.0099197411455344
"(np.int64(22), np.int64(34), np.int64(35))",2.5166161293426046,3.547138813134927,0.0003390293707067338,7.571156923624756e-09
"(np.int64(22), np.int64(34), np.int64(40))",3.0367216918402606,8.14445905140584,0.016735216945491183,0.015013309606290659
"(np.int64(22), np.int64(34), np.int64(43))",6.312050006588775,4.6046051863969275,0.012814071490114265,0.015876496763807868
"(np.int64(22), np.int64(35), np.int64(40))",3.0367216918402606,8.14445905140584,0.016735216945491183,0.015013309606290659
"(np.int64(22), np.int64(36), np.int64(37))",4.813526055883595,3.3130637255750317,0.027092515265772388,0.019408389084809907
"(np.int64(22), np.int64(36), np.int64(40))",3.0367216918402606,8.14445905140584,0.016735216945491183,0.015013309606290659
"(np.int64(22), np.int64(37), np.int64(40))",6.723169911835656,5.564648426817314,0.057153260455702126,0.06938043424313867
"(np.int64(22), np.int64(40), np.int64(41))",4.381628552804945,4.207832824910996,0.007239936511504785,0.008226278201570958
"(np.int64(22), np.int64(40), np.int64(42))",6.887844882613476,7.512417800699264,0.03516832901094891,0.03730415551892208
"(np.int64(22), np.int64(40), np.int64(43))",7.883692766726157,4.44205391808668,0.030192587688415595,0.03636804695993079
"(np.int64(22), np.int64(41), np.int64(42))",3.95937120090803,2.7202301100854718,0.02208975134145652,0.008899113073281173
"(np.int64(22), np.int64(42), np.int64(43))",8.32441541388098,3.9931298865649865,0.030504418174523984,0.03808386467571745
"(np.int64(23), np.int64(24), np.int64(30))",6.024861601072969,5.241682316999976,0.015462457993407397,0.005531634612239378
"(np.int64(23), np.int64(24), np.int64(31))",2.019546467765942,3.4258054189363194,0.03364817173444179,0.02870601553995933
"(np.int64(23), np.int64(24), np.int64(36))",2.429272514681157,5.0581185664711965,0.02537638566296274,0.021574675022966505
"(np.int64(23), np.int64(24), np.int64(39))",8.207314295127043,14.528054324915944,0.02406969320138108,0.010716620166545288
"(np.int64(23), np.int64(24), np.int64(43))",8.30444248204195,3.5026716110744442,0.03856766280244339,0.047114215518368696
"(np.int64(23), np.int64(25), np.int64(29))",13.721737281180236,2.180845671800792,0.0,0.006170973995333062
"(np.int64(23), np.int64(25), np.int64(31))",5.101972983400921,2.527459001383812,0.022081056360672258,0.0037065423154087895
"(np.int64(23), np.int64(25), np.int64(32))",5.102147161510201,2.5274308868338498,0.022080917349317164,0.0037066900610067677
"(np.int64(23), np.int64(25), np.int64(40))",11.470257140723247,3.246560141051556,0.00972276124198912,0.012578815903910634
"(np.int64(23), np.int64(25), np.int64(41))",7.331457580311505,3.8365349536046613,0.016904226494528607,0.0088321709033089
"(np.int64(23), np.int64(25), np.int64(43))",5.57516403131995,6.12959369449022,0.008054658904809386,0.006727860680949771
"(np.int64(23), np.int64(26), np.int64(28))",3.6517051279049246,2.567050604119496,0.021852694941079553,0.006057291137767207
"(np.int64(23), np.int64(26), np.int64(42))",5.851766947212498,3.715452286754043,0.03328325988438996,0.031470491848092697
"(np.int64(23), np.int64(27), np.int64(28))",10.059868603408662,6.8254985902792145,0.0,0.004466137715656737
"(np.int64(23), np.int64(27), np.int64(29))",2.756948314792265,2.7408299247567,0.0,0.019231275989656238
"(np.int64(23), np.int64(27), np.int64(34))",3.1832879845399003,9.87982967713536,0.0,0.045033165528239105
"(np.int64(23), np.int64(27), np.int64(39))",5.302964633876178,6.169533014030127,-0.004765584761472597,0.00971126738622441
"(np.int64(23), np.int64(27), np.int64(40))",6.428371187820947,7.381340859671777,0.02979455045707846,0.004745272968338932
"(np.int64(23), np.int64(27), np.int64(42))",7.114408826976368,7.886725863775714,0.0,0.1299938210342806
"(np.int64(23), np.int64(27), np.int64(43))",12.136569567777567,6.402847504744146,-0.007180488660508799,0.02048188531231565
"(np.int64(23), np.int64(28), np.int64(31))",1.6722842793975647,3.388546677074478,0.03437054017497099,0.01939174583268588
"(np.int64(23), np.int64(28), np.int64(35))",4.590115503344302,5.6589894587939,0.013828266816030443,0.010010266383427613
"(np.int64(23), np.int64(28), np.int64(38))",9.486886376328926,4.168521848951286,0.029746062966527487,0.003533788535194371
"(np.int64(23), np.int64(28), np.int64(41))",3.119562789185371,2.173775535055941,0.006508622985467283,0.008516835980272086
"(np.int64(23), np.int64(29), np.int64(32))",1.51287491309481,1.9562015886252127,0.017795926558892616,0.016189748471120757
"(np.int64(23), np.int64(29), np.int64(37))",5.245933404978288,7.736539084856614,0.03880480963187838,0.02414747986675536
"(np.int64(23), np.int64(29), np.int64(39))",5.803888665024946,12.967964541802559,0.013897360103843015,0.008311467889189017
"(np.int64(23), np.int64(30), np.int64(31))",2.1072388252789342,2.4234056231470733,0.010567536679734868,0.009357188566070374
"(np.int64(23), np.int64(30), np.int64(33))",2.0904204828071506,2.1803740352790824,0.00910373328881564,0.009696030416599943
"(np.int64(23), np.int64(30), np.int64(37))",6.9675539122407155,4.673200126798997,0.025254144187289107,0.021001941057197326
"(np.int64(23), np.int64(30), np.int64(41))",5.080611055605362,4.204827637013849,0.012346502938302417,0.005390915819940334
"(np.int64(23), np.int64(30), np.int64(42))",6.804121183938372,4.971936977622621,0.018104941944669162,0.018717373804830073
"(np.int64(23), np.int64(31), np.int64(41))",2.264787976621723,2.5580802573161767,0.01642908175099078,0.018771258262669788
"(np.int64(23), np.int64(32), np.int64(33))",1.9871489510164297,1.97856168591533,0.021764078422875865,0.03787283029999755
"(np.int64(23), np.int64(32), np.int64(39))",2.4626214869435867,12.479121320712292,0.04136589850756334,0.015327137477311625
"(np.int64(23), np.int64(34), np.int64(41))",2.671522129831141,2.0132522367296057,0.01661629032625911,0.028342809296301286
"(np.int64(23), np.int64(35), np.int64(38))",12.077110778788462,4.2692525684067375,0.016559165965606915,0.005713164801048332
"(np.int64(23), np.int64(36), np.int64(37))",2.7726695967766966,2.98967539041651,0.015494956887294409,0.024999096975262924
"(np.int64(23), np.int64(36), np.int64(38))",12.077110778788462,4.2692525684067375,0.016559165965606915,0.005713164801048332
"(np.int64(23), np.int64(36), np.int64(40))",6.881428172231629,6.021034765860756,0.036245220301992065,0.012719942383824456
"(np.int64(23), np.int64(36), np.int64(43))",5.116601948753443,4.181120505837767,0.0249567521607863,0.01116377380337874
"(np.int64(23), np.int64(37), np.int64(41))",3.480698781703143,1.8402241863174502,0.009703551350851325,0.02377571844308024
"(np.int64(23), np.int64(37), np.int64(43))",5.524932910986502,3.6458565392302495,0.03003630342779129,0.031240635910613435
"(np.int64(23), np.int64(38), np.int64(41))",3.7587741980422997,7.802129831544145,0.0173504835048357,0.004099980062577946
"(np.int64(23), np.int64(39), np.int64(41))",6.233843949520925,14.49929000105823,0.0040995071687141005,0.005404874503486812
"(np.int64(23), np.int64(41), np.int64(42))",2.8911623493279333,2.9132774150542073,0.015198078485753386,0.03292943381208302
"(np.int64(24), np.int64(25), np.int64(27))",5.582821367599057,5.092745764342079,0.001823718070117053,0.001542503054945854
"(np.int64(24), np.int64(25), np.int64(35))",2.761906584276135,3.8311616367947567,0.01747826636190386,0.020847926333675826
"(np.int64(24), np.int64(25), np.int64(42))",3.1149117890775324,2.037295249225252,0.027914632423852725,0.02123787158117363
"(np.int64(24), np.int64(25), np.int64(43))",3.8101309576091045,3.5624293970317717,0.021616210824966786,0.022097962035160568
"(np.int64(24), np.int64(26), np.int64(33))",5.047756627167381,6.387950453379939,0.02692690516476448,0.03820505043685729
"(np.int64(24), np.int64(26), np.int64(34))",4.009629632222904,5.385000206976749,0.027484709987525613,0.023980752610876066
"(np.int64(24), np.int64(26), np.int64(35))",4.009629632222904,5.385000206976749,0.027484709987525613,0.023980752610876066
"(np.int64(24), np.int64(26), np.int64(36))",4.009629632222904,5.385000206976749,0.027484709987525613,0.023980752610876066
"(np.int64(24), np.int64(26), np.int64(40))",15.649484971787654,14.79058901320709,0.03897771519183091,0.040976109890039525
"(np.int64(24), np.int64(26), np.int64(43))",5.297119608185525,3.2796032007373337,0.02481111378151646,0.02813419001328099
"(np.int64(24), np.int64(27), np.int64(29))",9.93469003983698,5.8182491089008455,0.028944201661945557,0.033309431171277826
"(np.int64(24), np.int64(27), np.int64(33))",4.07308329759902,2.5282860987750837,0.006268206545993804,0.036497962399710926
"(np.int64(24), np.int64(27), np.int64(34))",4.8690593649225695,7.74909145239768,-0.006497024651285321,0.01968717395560382
"(np.int64(24), np.int64(27), np.int64(36))",4.8690593649225695,7.74909145239768,-0.006497024651285321,0.01968717395560382
"(np.int64(24), np.int64(27), np.int64(38))",12.497806820220513,7.391348450591647,0.04525186648315449,0.017060863016718275
"(np.int64(24), np.int64(27), np.int64(39))",6.375519703806025,5.7569242278186,-0.001265545688695524,0.02752847313373763
"(np.int64(24), np.int64(27), np.int64(42))",10.333573383980147,18.141776965439632,0.0015632123502890005,0.04070137405282548
"(np.int64(24), np.int64(28), np.int64(29))",2.8019616117681347,4.157517494208552,0.017643070442676767,0.013131942039538935
"(np.int64(24), np.int64(28), np.int64(31))",4.456970139395254,5.9469221346943,0.034636366319101275,0.021798001507084663
"(np.int64(24), np.int64(28), np.int64(32))",4.456947206430447,5.9469218889862505,0.034636907539396966,0.021795504702219137
"(np.int64(24), np.int64(28), np.int64(37))",4.737622494297584,2.9049114830326457,0.02310307060735428,0.0258364495948028
"(np.int64(24), np.int64(29), np.int64(34))",5.217033809498474,10.04926842810732,0.024199829318333754,0.041910069081820156
"(np.int64(24), np.int64(29), np.int64(36))",5.217033809498474,10.04926842810732,0.024199829318333754,0.041910069081820156
"(np.int64(24), np.int64(29), np.int64(38))",8.427738880283103,12.86159311989197,0.0740656104598516,0.05137625707532234
"(np.int64(24), np.int64(29), np.int64(39))",10.40785415894252,8.3766990221761,0.021587485784129723,0.02354032544966067
"(np.int64(24), np.int64(29), np.int64(40))",11.027143279471911,8.48216661855343,0.049935586062587856,0.018768191464810347
"(np.int64(24), np.int64(30), np.int64(34))",6.631698403724553,9.94185282128186,0.030168717288026836,0.05244901978247396
"(np.int64(24), np.int64(31), np.int64(33))",3.5673614862601823,3.4810410769497127,0.02949628892429712,0.039739608901918744
"(np.int64(24), np.int64(31), np.int64(35))",5.80351214332677,5.981630092438797,0.04301118436299489,0.04231984868121663
"(np.int64(24), np.int64(32), np.int64(37))",5.106680362350825,4.158037137161487,0.03264079008549026,0.03219426054010455
"(np.int64(24), np.int64(32), np.int64(40))",7.857500990063391,7.126261976040994,0.032378363608426386,0.031617472807421776
"(np.int64(24), np.int64(32), np.int64(43))",4.723032672169706,4.645722791594171,0.04898599534034376,0.06401185746776594
"(np.int64(24), np.int64(33), np.int64(36))",5.509293633813617,5.631861147870297,0.03507436782252005,0.04238419518877967
"(np.int64(24), np.int64(35), np.int64(41))",2.459972550414469,1.5702932299500774,0.015827855480616937,0.015494475530925866
"(np.int64(24), np.int64(35), np.int64(43))",4.027393561530501,3.3204856965921135,0.03240597568703629,0.04569848562118084
"(np.int64(24), np.int64(36), np.int64(41))",2.459972550414469,1.5702932299500774,0.015827855480616937,0.015494475530925866
"(np.int64(24), np.int64(37), np.int64(39))",17.81873416570524,6.201431337267685,0.021091208923248672,0.028121120979929803
"(np.int64(24), np.int64(39), np.int64(42))",15.394381921217978,6.0709503622678085,0.04571648363733538,0.044364206124564265
"(np.int64(25), np.int64(26), np.int64(30))",6.2366598961195105,4.875607912100545,0.0137577883695984,0.019339214854614206
"(np.int64(25), np.int64(26), np.int64(34))",3.1483722423200695,3.037393516442921,0.027727206898344958,0.020926954759852068
"(np.int64(25), np.int64(26), np.int64(37))",1.6331494856360047,2.419183548873899,0.009698616410694694,0.0062246915404249314
"(np.int64(25), np.int64(26), np.int64(38))",7.6235241896540185,6.709574439040425,0.06611005675320536,0.029616826919834915
"(np.int64(25), np.int64(27), np.int64(29))",8.108523670453788,5.320627396746699,0.0,0.0029759908640866195
"(np.int64(25), np.int64(27), np.int64(31))",3.9832880437094884,5.585839884395747,-0.002388493041961648,0.004356916944743383
"(np.int64(25), np.int64(27), np.int64(33))",3.273016177228846,6.493974083697223,-0.015055924467933468,0.005020020570983941
"(np.int64(25), np.int64(27), np.int64(35))",6.390808448320475,7.716649064289259,-0.006538182432980877,0.01806645854756095
"(np.int64(25), np.int64(27), np.int64(41))",2.2491192074845032,10.792606721085122,0.0,0.003499420391796848
"(np.int64(25), np.int64(28), np.int64(29))",8.930335672678547,5.646228722375384,0.012097916238399509,0.007763675469447784
"(np.int64(25), np.int64(28), np.int64(36))",6.213536286762308,4.243971935649927,0.01111585267090942,0.01678506709909844
"(np.int64(25), np.int64(28), np.int64(39))",2.7347843408707555,3.7175950100135986,0.018312881333348296,0.01748527145171308
"(np.int64(25), np.int64(28), np.int64(41))",1.6752736648924036,1.420924585379309,0.004281802369727417,0.009011238185950954
"(np.int64(25), np.int64(29), np.int64(34))",3.610293556854016,3.956408982800507,0.017352332674691717,0.01430994557529297
"(np.int64(25), np.int64(29), np.int64(35))",3.610293556854016,3.956408982800507,0.017352332674691717,0.01430994557529297
"(np.int64(25), np.int64(29), np.int64(36))",3.610293556854016,3.956408982800507,0.017352332674691717,0.01430994557529297
"(np.int64(25), np.int64(30), np.int64(31))",8.93493720715904,6.434308805603971,0.013949672345518027,0.026948327271328898
"(np.int64(25), np.int64(30), np.int64(35))",4.1706891505696335,4.965347984067188,0.00750983354681678,0.019143715544181927
"(np.int64(25), np.int64(30), np.int64(38))",18.762379038762806,21.28003002098471,0.059086773799210346,0.012285653971353505
"(np.int64(25), np.int64(30), np.int64(42))",5.620423543626371,6.11176664932769,0.0033151951549941217,0.026143104270969997
"(np.int64(25), np.int64(30), np.int64(43))",11.527859061924994,2.4771111964351222,0.007849064762513902,0.020770371312879177
"(np.int64(25), np.int64(31), np.int64(32))",3.4353905783307126,4.839189508000293,0.006438367238660758,0.0021363021128735227
"(np.int64(25), np.int64(31), np.int64(39))",9.306709303513188,8.423715295166053,0.013809804636164547,0.00837473838304681
"(np.int64(25), np.int64(31), np.int64(43))",4.454093695298383,2.415998353421827,0.022689517194782072,0.007026969719029719
"(np.int64(25), np.int64(32), np.int64(35))",5.715998500608495,4.920691781773639,0.02348360149425377,0.014282804685041395
"(np.int64(25), np.int64(32), np.int64(40))",9.6742268894969,7.333351359689369,0.012105557722912885,0.011137125538852821
"(np.int64(25), np.int64(33), np.int64(34))",5.781683186751229,4.8991162050415555,0.02218820264922572,0.009643817172580782
"(np.int64(25), np.int64(33), np.int64(38))",5.143463229027018,5.632453779623369,0.06582750718550068,0.00880949360066463
"(np.int64(25), np.int64(33), np.int64(42))",6.613766296106221,4.055997636887644,0.007655443334043444,0.006816039726265766
"(np.int64(25), np.int64(34), np.int64(35))",6.767446063637689,7.677705683056061,0.0006313824665855616,0.00017855610471106953
"(np.int64(25), np.int64(35), np.int64(39))",4.098720890480728,7.46319143118085,0.014223872061001286,0.016878266326639246
"(np.int64(25), np.int64(35), np.int64(40))",3.425422487680459,6.972917693164749,0.011719722051542925,0.008334355784006098
"(np.int64(25), np.int64(35), np.int64(43))",3.9516998915846178,2.7251273362787587,0.02245711195148703,0.01190796867036914
"(np.int64(25), np.int64(36), np.int64(40))",3.425422487680459,6.972917693164749,0.011719722051542925,0.008334355784006098
"(np.int64(25), np.int64(37), np.int64(42))",4.823783483768272,3.6417528358551476,0.009663721337401343,0.0019638497520568787
"(np.int64(25), np.int64(37), np.int64(43))",2.325111045140367,1.8695236074939197,0.014034943175705306,0.006021616465280766
"(np.int64(26), np.int64(27), np.int64(30))",8.2671423108242,4.526893337193825,0.015096639466305573,0.023020773744657608
"(np.int64(26), np.int64(27), np.int64(34))",3.412107336902029,3.527242938585402,0.003394661056458359,0.024780268620105073
"(np.int64(26), np.int64(27), np.int64(37))",8.559865918495786,3.9821433635284498,0.0,0.01836901357767673
"(np.int64(26), np.int64(28), np.int64(30))",6.093030801155289,6.191732474625741,0.01821299036909796,0.015473477851761896
"(np.int64(26), np.int64(28), np.int64(33))",6.188101410390813,4.220210676505842,0.02382731240802216,0.022869134726884455
"(np.int64(26), np.int64(28), np.int64(38))",4.713581847385237,4.278890494269252,0.017724600108372623,0.017129595368020945
"(np.int64(26), np.int64(28), np.int64(39))",4.0160823892037705,3.6599558104392758,0.02041201486107369,0.015142998416445841
"(np.int64(26), np.int64(28), np.int64(40))",2.8548742105915426,5.03890252025453,0.018368972157153496,0.015027509752442048
"(np.int64(26), np.int64(28), np.int64(41))",3.789708403134637,1.7134531861359217,0.00943614546624516,0.009984675376199403
"(np.int64(26), np.int64(29), np.int64(30))",10.437226002860797,6.566839901423346,0.01710222202980438,0.016888752777475258
"(np.int64(26), np.int64(29), np.int64(36))",4.468894897060668,8.496625556689255,0.0030222394021256482,0.03394816117807076
"(np.int64(26), np.int64(30), np.int64(31))",4.873980838139991,7.579178020569962,0.013319104622135258,0.023265760334221453
"(np.int64(26), np.int64(30), np.int64(37))",6.202563797484671,5.893388977508393,0.01944524867641484,0.028842274376543298
"(np.int64(26), np.int64(30), np.int64(40))",12.045781970574971,9.032861823475374,0.012978803993904275,0.015646976690679937
"(np.int64(26), np.int64(31), np.int64(32))",5.378973076441015,4.323932494209538,0.004729352996316605,0.005874958797157825
"(np.int64(26), np.int64(31), np.int64(37))",4.220696621668397,3.769584740574358,0.03117704029437518,0.02835499463574187
"(np.int64(26), np.int64(32), np.int64(39))",7.646019147615759,5.411573648527508,0.02446881516415167,0.04520942421286511
"(np.int64(26), np.int64(33), np.int64(41))",3.1302830003870534,2.6915107435626933,0.019281106286927474,0.014793573531113435
"(np.int64(26), np.int64(34), np.int64(41))",1.587418551683748,1.8856807457211633,0.01947478842354966,0.02214800495874869
"(np.int64(26), np.int64(35), np.int64(36))",4.872946803762854,4.292565539149252,0.0005117049244249827,0.001897225454750462
"(np.int64(26), np.int64(35), np.int64(39))",3.239793643536721,7.05915476735983,0.03289399642151436,0.03542593394478766
"(np.int64(26), np.int64(35), np.int64(40))",3.6610787168664993,8.918840638460942,0.029227940554408693,0.04741377931710744
"(np.int64(26), np.int64(35), np.int64(43))",6.122743571322388,3.6978662531160746,0.02298322541910136,0.034799327184611206
"(np.int64(26), np.int64(36), np.int64(43))",6.122743571322388,3.6978662531160746,0.02298322541910136,0.034799327184611206
"(np.int64(26), np.int64(37), np.int64(39))",11.957913134132315,7.248090317460628,0.017756994036953078,0.02416370287664238
"(np.int64(26), np.int64(38), np.int64(39))",10.786841818117466,12.703834112521472,0.015513618704068532,0.003528834388614621
"(np.int64(26), np.int64(38), np.int64(43))",4.305478995475532,7.842495760227846,0.0873883081593938,0.07989847187546217
"(np.int64(26), np.int64(40), np.int64(41))",7.4278613689797455,6.383278906545347,0.00503673236088964,0.024028446160286543
"(np.int64(26), np.int64(40), np.int64(42))",9.75686799423478,8.701789108845713,0.05130810877603831,0.06025223921963163
"(np.int64(26), np.int64(42), np.int64(43))",5.466295306863205,5.170938305785222,0.030430352759837076,0.02093735903388949
"(np.int64(27), np.int64(28), np.int64(32))",5.335176884061507,11.268450239650068,-0.008119620653562087,0.04270101010891547
"(np.int64(27), np.int64(28), np.int64(34))",5.87288990411865,12.36116308139838,-0.006031215147836,0.02529022642349199
"(np.int64(27), np.int64(28), np.int64(38))",6.5235492315861725,5.126638157496161,0.023868999112953926,0.017363913716100354
"(np.int64(27), np.int64(28), np.int64(41))",5.0130296765866555,3.5915284267028897,0.016201605013040243,0.0030014786268495186
"(np.int64(27), np.int64(29), np.int64(32))",4.425723341816684,3.3439012150610967,0.0,0.09626809940265624
"(np.int64(27), np.int64(29), np.int64(33))",4.841398387341722,2.6697819245452026,0.0,0.09102847885657028
"(np.int64(27), np.int64(29), np.int64(34))",7.384951914647681,4.500930537830256,0.0,0.02675440010758101
"(np.int64(27), np.int64(29), np.int64(39))",5.878711981803474,7.918742513854877,0.0675892690746761,0.009756871960484359
"(np.int64(27), np.int64(29), np.int64(40))",6.520504279201425,7.346107479188999,0.03861458961241393,0.030633144379838884
"(np.int64(27), np.int64(30), np.int64(31))",5.226094308340954,3.5627462262197995,0.10390110468781466,0.0857364664147936
"(np.int64(27), np.int64(30), np.int64(33))",5.615665353962149,2.9657944502840965,0.010318927247256582,0.07996338192509778
"(np.int64(27), np.int64(30), np.int64(37))",7.627422636945975,4.729450486963009,0.0,0.03138326163048377
"(np.int64(27), np.int64(30), np.int64(38))",6.821384776743292,6.754289560043138,0.0005958316630712002,0.021633309029529202
"(np.int64(27), np.int64(31), np.int64(41))",3.856785038337183,2.9258542574368938,-0.0004677880512059529,0.02555820126025765
"(np.int64(27), np.int64(31), np.int64(43))",11.47097313162142,4.112751296465019,0.0023862072410839597,0.04958078213276995
"(np.int64(27), np.int64(32), np.int64(42))",3.423570958365021,8.275212581145373,-5.133976174476196e-05,0.0675077974949575
"(np.int64(27), np.int64(32), np.int64(43))",11.471627876318587,4.113476002965199,0.0023858954738041893,0.04957872566080357
"(np.int64(27), np.int64(33), np.int64(37))",4.465446550815867,2.146236401549232,-0.008993912674314819,0.03852330394918668
"(np.int64(27), np.int64(33), np.int64(38))",6.4549260431830255,2.9283684887825587,0.03208143405164665,0.018946154650293923
"(np.int64(27), np.int64(33), np.int64(39))",8.108901662056827,11.593519804667444,0.011527958295348584,0.015970737696193393
"(np.int64(27), np.int64(34), np.int64(35))",9.298042660276021,12.278584031046487,-0.0019584201782503197,0.0011090115249901
"(np.int64(27), np.int64(35), np.int64(36))",9.298042660276021,12.278584031046487,-0.0019584201782503197,0.0011090115249901
"(np.int64(27), np.int64(35), np.int64(39))",6.3774041085281015,11.09786198047596,-0.0069683484906861715,0.017122659844331145
"(np.int64(27), np.int64(35), np.int64(41))",10.92360622140365,11.716970435178544,-0.009376943734515364,0.036382981081348076
"(np.int64(27), np.int64(35), np.int64(43))",12.625431060568221,6.291298956402436,-0.010023005365106696,0.03166345210782884
"(np.int64(27), np.int64(36), np.int64(37))",4.850512281587932,6.918587517222255,-0.008059879327189656,0.029543334419010803
"(np.int64(27), np.int64(36), np.int64(43))",12.625431060568221,6.291298956402436,-0.010023005365106696,0.03166345210782884
"(np.int64(27), np.int64(39), np.int64(41))",7.478605071655539,6.4861853210614075,-0.004214880797700826,0.0089889590496679
"(np.int64(27), np.int64(39), np.int64(42))",8.143302399189658,8.867461923641935,0.01220201194111048,0.01444861437065692
"(np.int64(27), np.int64(39), np.int64(43))",7.5977193138077785,8.179148116555806,0.01042659694132575,0.01646132695555802
"(np.int64(27), np.int64(40), np.int64(41))",8.83587027524397,10.33873057206087,0.006534102834707123,0.018430786850799352
"(np.int64(28), np.int64(29), np.int64(32))",5.336508212312236,4.354203561492638,0.049099999371075786,0.027994199938619846
"(np.int64(28), np.int64(29), np.int64(33))",5.087180558124168,4.22277588361266,0.04205922035333687,0.02484312535736477
"(np.int64(28), np.int64(29), np.int64(36))",4.362104323284935,5.283103628554454,0.04580990919060368,0.019748958572576858
"(np.int64(28), np.int64(29), np.int64(37))",7.99172659069408,3.048378578609654,0.08420154912276512,0.04272178169881724
"(np.int64(28), np.int64(30), np.int64(33))",4.377830258747138,3.816689239746774,0.0302878663927878,0.024759685862074776
"(np.int64(28), np.int64(30), np.int64(34))",4.89080643078598,4.2213862171969145,0.03232864493353482,0.018221032195831488
"(np.int64(28), np.int64(30), np.int64(38))",9.441039630729192,8.169302652739532,0.02967429099896679,0.02840786689565078
"(np.int64(28), np.int64(30), np.int64(43))",7.3776049148315295,1.9115907543639574,0.028225352185454633,0.032825303024782926
"(np.int64(28), np.int64(31), np.int64(34))",4.3143602327385535,3.820601780177855,0.02645679713842819,0.025744003804261673
"(np.int64(28), np.int64(31), np.int64(35))",4.3143602327385535,3.820601780177855,0.02645679713842819,0.025744003804261673
"(np.int64(28), np.int64(31), np.int64(37))",3.6086715974001513,4.549395261449502,0.05111423059788667,0.03390629303214798
"(np.int64(28), np.int64(32), np.int64(34))",4.314330820149923,3.8205207605141567,0.026456621580774886,0.02574581942634946
"(np.int64(28), np.int64(32), np.int64(42))",5.28110804001013,4.4688271391084315,0.04085698333173948,0.021099285056067285
"(np.int64(28), np.int64(33), np.int64(36))",4.422315971419373,3.9802225512449216,0.024560984244523576,0.021095717756713817
"(np.int64(28), np.int64(33), np.int64(38))",3.320917649340552,5.436306081793383,0.055496865536365014,0.028948725909164752
"(np.int64(28), np.int64(34), np.int64(38))",2.4047063680547636,3.179191397338264,0.012500578251828487,0.01737876973782737
"(np.int64(28), np.int64(34), np.int64(42))",4.014993698505371,1.714126001098271,0.030329704946933544,0.01721636688899142
"(np.int64(28), np.int64(35), np.int64(36))",3.5076572655961145,2.5135466219882736,0.002278969593189517,7.338851748528441e-09
"(np.int64(28), np.int64(35), np.int64(42))",4.014993698505371,1.714126001098271,0.030329704946933544,0.01721636688899142
"(np.int64(28), np.int64(36), np.int64(37))",5.6250018442081355,4.110222168443204,0.01074280074082501,0.012127754392342927
"(np.int64(28), np.int64(36), np.int64(40))",2.2658769713422195,8.025118103320251,0.011948889339636004,0.010924493989618922
"(np.int64(28), np.int64(36), np.int64(41))",2.0317100203334344,1.4222187512759457,0.007724222704470041,0.010385196330247481
"(np.int64(28), np.int64(36), np.int64(42))",4.014993698505371,1.714126001098271,0.030329704946933544,0.01721636688899142
"(np.int64(28), np.int64(38), np.int64(39))",5.662951627345429,6.053882936753717,0.010708142114667751,0.011541177114697043
"(np.int64(28), np.int64(38), np.int64(40))",5.444650825657285,7.386823102251029,0.0034688787168671853,0.010173043709555185
"(np.int64(28), np.int64(38), np.int64(42))",7.760180634031471,5.133999299681469,0.041540551324151576,0.04000313496054575
"(np.int64(28), np.int64(39), np.int64(40))",6.418562802160536,9.10163633386397,0.027716532983442232,0.02780621872258804
"(np.int64(28), np.int64(39), np.int64(41))",3.3342622805590776,3.1618539415606572,0.007266848930288172,0.008257571709421874
"(np.int64(28), np.int64(40), np.int64(42))",5.656198202873793,7.950121414620082,0.030873333886965004,0.04484590599066729
"(np.int64(29), np.int64(30), np.int64(35))",11.461468702519234,7.5453428285163495,0.035871381113461664,0.015160194828431561
"(np.int64(29), np.int64(30), np.int64(36))",11.461468702519234,7.5453428285163495,0.035871381113461664,0.015160194828431561
"(np.int64(29), np.int64(30), np.int64(37))",7.618781422921048,8.281207373487979,0.03648792972613479,0.029043990966956756
"(np.int64(29), np.int64(30), np.int64(39))",9.325140910656774,10.970846612127072,0.08957089135209362,0.005756227660666524
"(np.int64(29), np.int64(31), np.int64(32))",5.046739141865908,4.5488970067624335,0.05347416999475718,0.00438141387234392
"(np.int64(29), np.int64(31), np.int64(35))",5.1745757185742685,4.161678807238741,0.08547379797096011,0.043385447203125094
"(np.int64(29), np.int64(31), np.int64(42))",5.4232488882739736,3.1909771041868082,0.07050306739595547,0.05445467071581833
"(np.int64(29), np.int64(32), np.int64(35))",5.1746484093346,4.161713331868098,0.08547425460229918,0.0433857609028262
"(np.int64(29), np.int64(32), np.int64(36))",5.1746484093346,4.161713331868098,0.08547425460229918,0.0433857609028262
"(np.int64(29), np.int64(32), np.int64(40))",4.946777975964896,7.273780265617202,0.05607226822888456,0.035941116645088145
"(np.int64(29), np.int64(32), np.int64(41))",3.8220915740011834,4.476305355285341,0.007541555779738585,0.007139638451680863
"(np.int64(29), np.int64(33), np.int64(37))",7.917930281026909,5.816584632905687,0.04393387033940099,0.04394662907493019
"(np.int64(29), np.int64(33), np.int64(41))",3.8092214224319254,4.30992834489215,0.007256911533770616,0.007256246543202893
"(np.int64(29), np.int64(34), np.int64(36))",7.525901860994904,4.722824715578933,9.460097816216262e-09,1.287756656864758e-08
"(np.int64(29), np.int64(34), np.int64(43))",3.116715729246731,2.851622287164632,0.0025059415517886263,0.00782359625373874
"(np.int64(29), np.int64(36), np.int64(37))",3.161108575586296,5.7527075331221855,0.04887049389769338,0.053499369568168254
"(np.int64(29), np.int64(36), np.int64(42))",7.169794993033659,5.7651104583199375,0.03474219121926336,0.022095563560522002
"(np.int64(29), np.int64(36), np.int64(43))",3.116715729246731,2.851622287164632,0.0025059415517886263,0.00782359625373874
"(np.int64(29), np.int64(37), np.int64(40))",6.0055181750346085,10.682499581177572,0.059118328635602735,0.02631310944403653
"(np.int64(29), np.int64(37), np.int64(42))",5.7636904156186715,8.929886059882847,0.03543307068928203,0.04464030813362685
"(np.int64(29), np.int64(38), np.int64(43))",5.9889937267776965,5.80613268468141,0.06975251562880369,0.07560250018476788
"(np.int64(29), np.int64(39), np.int64(43))",16.53498283730732,7.7812670876599395,-0.0031291616065247663,0.04086525413657882
"(np.int64(29), np.int64(40), np.int64(42))",12.696563665722143,6.499985932036563,0.03411351351129799,0.01891673968763663
"(np.int64(29), np.int64(40), np.int64(43))",18.35212353792447,8.694939248611364,0.03205555381247738,0.025909430510481113
"(np.int64(29), np.int64(41), np.int64(43))",3.621486258387316,10.696016738429678,0.008531494290791475,0.005168558128426093
"(np.int64(29), np.int64(42), np.int64(43))",5.880440724298297,6.562319710194524,0.033175507836447515,0.019704850133423824
"(np.int64(30), np.int64(31), np.int64(34))",4.797567654035127,3.8293851387833855,0.05216733035196963,0.042044173103097826
"(np.int64(30), np.int64(31), np.int64(37))",6.207174940873971,6.03603127013389,0.05929597499250949,0.05015325786044267
"(np.int64(30), np.int64(32), np.int64(36))",4.797601858283477,3.829793613881654,0.05216626571717231,0.0420444492800619
"(np.int64(30), np.int64(33), np.int64(43))",6.2216185936369905,3.466670319165914,0.09583216511471959,0.04579136013565843
"(np.int64(30), np.int64(34), np.int64(35))",9.04063902308697,5.618782316675418,8.944769924745799e-09,0.0006757987876677696
"(np.int64(30), np.int64(34), np.int64(37))",4.099994976280264,3.4241115348999966,0.02816510691139673,0.04646481020739479
"(np.int64(30), np.int64(34), np.int64(43))",3.9873783086874943,4.567866443144153,0.005192230117564867,0.008430088483329823
"(np.int64(30), np.int64(37), np.int64(40))",11.556830389200405,7.443539647404342,0.086666123966466,0.023937075583285505
"(np.int64(30), np.int64(39), np.int64(40))",7.507815745183827,21.506639298731574,0.10464787813082699,0.02883590138083636
"(np.int64(30), np.int64(39), np.int64(41))",8.675188431505015,4.757897093183173,0.07551539046782418,0.003556475652234492
"(np.int64(30), np.int64(40), np.int64(41))",7.626326844014039,5.4851617055823585,0.060304248488891266,0.004738713452670851
"(np.int64(30), np.int64(40), np.int64(43))",18.42470426150423,8.45429196090092,0.10558390356657243,0.043458289800104466
"(np.int64(30), np.int64(41), np.int64(42))",5.062948417491613,11.707720388989019,0.0011549920955845616,0.005703034913596805
"(np.int64(30), np.int64(42), np.int64(43))",6.006575703148502,7.849560971920014,0.032456064714586064,0.020231258833613763
"(np.int64(31), np.int64(32), np.int64(40))",6.2280162345666215,3.3874354635677357,0.0062268958926051665,0.006752516176675605
"(np.int64(31), np.int64(33), np.int64(34))",4.358019539464636,4.7762702257302845,0.0240503606768101,0.04966273153772938
"(np.int64(31), np.int64(33), np.int64(43))",4.109050860604543,5.773544680182192,0.017553982163470816,0.029082807839727276
"(np.int64(31), np.int64(34), np.int64(36))",5.6177690709560215,6.519890790201477,0.0004202279978301471,0.0006628893199208674
"(np.int64(31), np.int64(34), np.int64(37))",3.11807477665154,2.660461639350009,0.029131062675708863,0.029106630403612166
"(np.int64(31), np.int64(35), np.int64(39))",7.334224883951918,6.196641181125555,0.03749254000961855,0.040336636960627725
"(np.int64(31), np.int64(35), np.int64(40))",9.465669943296918,8.04368713373688,0.0369931167133325,0.04247713916466478
"(np.int64(31), np.int64(35), np.int64(41))",2.873272368593621,2.6573954443082033,0.016420065841575626,0.01812898413446551
"(np.int64(31), np.int64(35), np.int64(43))",6.876162285870765,6.112475109169136,0.0382970111681159,0.03980444995056731
"(np.int64(31), np.int64(37), np.int64(38))",5.3056177316907585,5.426838929772048,0.10888908574266687,0.07647864611052813
"(np.int64(31), np.int64(37), np.int64(40))",8.926883793718934,3.446084525738751,0.10928364800215518,0.09290990250621578
"(np.int64(31), np.int64(39), np.int64(40))",6.294539552746539,15.18437809929339,0.11234293729468237,0.09625918860404026
"(np.int64(32), np.int64(33), np.int64(34))",4.358528266620268,4.7757703846716355,0.02405165502200557,0.04967667965823608
"(np.int64(32), np.int64(33), np.int64(36))",4.358528266620268,4.7757703846716355,0.02405165502200557,0.04967667965823608
"(np.int64(32), np.int64(33), np.int64(42))",4.012307076250175,4.902234879869748,0.013840096425184578,0.03373107039221701
"(np.int64(32), np.int64(33), np.int64(43))",4.108051235764257,5.772565133964288,0.017256622200230498,0.029048793687700414
"(np.int64(32), np.int64(34), np.int64(37))",3.1179101856520015,2.6607298091820413,0.029131230557886578,0.029107505203408213
"(np.int64(32), np.int64(34), np.int64(39))",7.334308756456602,6.19676791932744,0.03747764467529624,0.04033627538526319
"(np.int64(32), np.int64(35), np.int64(40))",9.465788057500514,8.043810094743353,0.0369927653511436,0.04247666531649397
"(np.int64(32), np.int64(37), np.int64(42))",3.9647623506536203,4.4377508933698735,0.013467564823316014,0.015495989671031607
"(np.int64(32), np.int64(38), np.int64(40))",7.671975113776937,7.809166971518214,0.03412322171767268,0.04994501203414148
"(np.int64(32), np.int64(38), np.int64(41))",7.571023909562836,2.8226910621519776,0.009611472369243756,0.008431276611288618
"(np.int64(32), np.int64(38), np.int64(43))",8.08101069833381,6.051834551101469,0.0965595876309352,0.08774094949781097
"(np.int64(32), np.int64(39), np.int64(42))",15.576020292488069,11.828224169830474,0.02775894391756084,0.03517610286781958
"(np.int64(32), np.int64(41), np.int64(42))",5.178026738705622,2.3308926815687623,0.016122723358267033,0.017677861835567188
"(np.int64(32), np.int64(42), np.int64(43))",6.641936271555193,5.4063878379675305,0.022878966382705923,0.036759451070196625
"(np.int64(33), np.int64(34), np.int64(36))",5.498313424714187,6.597958940657268,0.0015607977873870471,0.0005086512314652625
"(np.int64(33), np.int64(34), np.int64(43))",6.975331766647392,5.652416248493351,0.04526794240920062,0.04043272203632531
"(np.int64(33), np.int64(35), np.int64(42))",4.621828448541459,4.965680826702947,0.03916101977672626,0.05481710347068025
"(np.int64(33), np.int64(36), np.int64(43))",6.975331766647392,5.652416248493351,0.04526794240920062,0.04043272203632531
"(np.int64(33), np.int64(37), np.int64(38))",3.4168120481799424,4.299489861601994,0.11064115213277681,0.08008663489511614
"(np.int64(33), np.int64(37), np.int64(39))",9.66326876244169,3.7160718226208886,0.09340980900943996,0.08308864453399512
"(np.int64(33), np.int64(37), np.int64(40))",9.537905840667067,3.0764887223162463,0.10796677995177084,0.08562278588037897
"(np.int64(33), np.int64(37), np.int64(42))",3.869568101278501,4.507688776094984,0.016634742364026844,0.015752048025299836
"(np.int64(33), np.int64(39), np.int64(41))",6.596208055072548,1.4834864982401472,0.0044717412169945625,0.014516855272904139
"(np.int64(33), np.int64(39), np.int64(42))",16.02658893413182,12.01358216680773,0.030584292428985194,0.03860713453776876
"(np.int64(33), np.int64(40), np.int64(42))",16.954148133654794,13.275494861961182,0.03233792221538234,0.04583979954694739
"(np.int64(34), np.int64(35), np.int64(37))",4.101497635737091,4.820092272263887,0.0003480746897187581,1.4296504401545285e-05
"(np.int64(34), np.int64(35), np.int64(40))",12.927670694246595,5.905491543213248,6.998220728471338e-07,4.323440069309292e-05
"(np.int64(34), np.int64(35), np.int64(41))",3.4894970055612435,4.181726800397755,0.00037726400984339215,9.100130649031257e-09
"(np.int64(34), np.int64(36), np.int64(37))",4.101497635737091,4.820092272263887,0.0003480746897187581,1.4296504401545285e-05
"(np.int64(34), np.int64(36), np.int64(41))",3.4894970055612435,4.181726800397755,0.00037726400984339215,9.100130649031257e-09
"(np.int64(34), np.int64(36), np.int64(43))",2.8788158841683034,3.6983427294594318,0.0019301592316889327,0.0008625973576832369
"(np.int64(34), np.int64(37), np.int64(38))",4.900317371840797,4.34711694512411,0.04141597469496172,0.023171386940161742
"(np.int64(34), np.int64(40), np.int64(42))",4.735661838737966,5.686086134443801,0.0322569118129864,0.029970547029048333
"(np.int64(34), np.int64(40), np.int64(43))",7.901006570423819,4.606652204630876,0.028933114316769704,0.02669679031020289
"(np.int64(35), np.int64(36), np.int64(41))",3.4894970055612435,4.181726800397755,0.00037726400984339215,9.100130649031257e-09
"(np.int64(35), np.int64(37), np.int64(41))",1.3421481189206745,2.18542443742185,0.015253343184122414,0.01686088575916178
"(np.int64(35), np.int64(38), np.int64(41))",5.870030104704118,4.208989363347607,0.009250291889712492,0.00919676275323289
"(np.int64(35), np.int64(40), np.int64(42))",4.735661838737966,5.686086134443801,0.0322569118129864,0.029970547029048333
"(np.int64(36), np.int64(40), np.int64(41))",4.530785151670046,2.6410093180485332,0.007380362771294724,0.009955035763931419
"(np.int64(36), np.int64(42), np.int64(43))",4.8744962886510175,4.897056679386372,0.017895572010390826,0.018242454409470477
"(np.int64(37), np.int64(40), np.int64(41))",7.72041075149406,9.282500149380983,0.003651075176097196,0.009740464668523297
"(np.int64(37), np.int64(40), np.int64(42))",17.258623031185426,9.401236352784693,0.030167280880108116,0.023519529257518434
"(np.int64(38), np.int64(40), np.int64(43))",13.23230025394294,9.508349326047806,0.019654736864719413,0.009475938124641425
"(np.int64(38), np.int64(41), np.int64(43))",3.6284378606225967,11.522953625198316,0.012981156960553242,0.007083166287882192
"(np.int64(39), np.int64(42), np.int64(43))",13.678428798876027,13.093795897400138,0.03256093457470377,0.024412052501023074
"(np.int64(41), np.int64(42), np.int64(43))",1.6813509819111083,3.8473634135554287,0.00713921857186306,0.018540873268081404
