field,conf,M0,M1,M2,M3,W1,W2,W3
dam_load_forecast__mw__pge_tac,actual_load__mw__ca_iso_tac,0.6175025701522827,0.800729513168335,0.800729513168335,0.800729513168335,dam_renewable_forecast__mw__sp15__solar,dam_renewable_forecast__mw__sp15__solar,dam_renewable_forecast__mw__sp15__solar
dam_load_forecast__mw__pge_tac,dam_schedule__mw__generation__caiso_totals,0.5788814425468445,0.7320082187652588,0.7337484955787659,0.7337484955787659,dam_renewable_forecast__mw__zp26__solar,"dam_renewable_forecast__mw__zp26__solar,dam_renewable_forecast__mw__zp26__wind","dam_renewable_forecast__mw__zp26__solar,dam_renewable_forecast__mw__zp26__wind"
dam_load_forecast__mw__pge_tac,dam_schedule__mw__import__caiso_totals,0.21245384216308594,0.26241570711135864,0.26241570711135864,0.27117782831192017,actual_load__mw__pace,actual_load__mw__pace,"actual_load__mw__pace,actual_renewable_generation__mw__np15__wind,dam_renewable_forecast__mw__zp26__wind"
dam_load_forecast__mw__pge_tac,dam_schedule__mw__export__caiso_totals,0.29469847679138184,0.35454463958740234,0.35850077867507935,0.3653026819229126,dam_lmp__lmp_usd_per_mwh__th_zp26_gen_apnd,"dam_lmp__lmp_usd_per_mwh__th_zp26_gen_apnd,rtpd_eim_transfer__mw__export__bcha__malin500","actual_renewable_generation__mw__zp26__wind,rtpd_eim_transfer__mw__export__bcha__malin500,rtpd_eim_transfer__mw__export__srp__pvwest"
dam_load_forecast__mw__pge_tac,dam_lmp__lmp_usd_per_mwh__th_sp15_gen_apnd,0.48505109548568726,0.5139018297195435,0.540483832359314,0.540483832359314,actual_load__mw__pace,"actual_load__mw__pace,actual_renewable_generation__mw__sp15__wind","actual_load__mw__pace,actual_renewable_generation__mw__sp15__wind"
dam_load_forecast__mw__pge_tac,dam_lmp__congestion_usd_per_mwh__th_sp15_gen_apnd,0.08796799182891846,0.17631596326828003,0.206118643283844,0.2139441967010498,dam_schedule__mw__load__tac_ecntr,"dam_renewable_forecast__mw__sp15__wind,dam_schedule__mw__load__tac_ecntr","actual_load__mw__nevp,dam_renewable_forecast__mw__sp15__wind,dam_schedule__mw__load__tac_ecntr"
dam_load_forecast__mw__pge_tac,dam_lmp__loss_usd_per_mwh__th_sp15_gen_apnd,0.3556593060493469,0.42042630910873413,0.4291626214981079,0.43568187952041626,dam_renewable_forecast__mw__np15__wind,"actual_renewable_generation__mw__sp15__wind,dam_renewable_forecast__mw__np15__wind","actual_renewable_generation__mw__sp15__wind,dam_renewable_forecast__mw__np15__wind,rt15_lmp_hourly_mean__loss_usd_per_mwh__th_np15_gen_apnd"
dam_load_forecast__mw__pge_tac,rt15_lmp_hourly_mean__congestion_usd_per_mwh__th_sp15_gen_apnd,0.09516507387161255,0.13865917921066284,0.17279452085494995,0.22219955921173096,actual_load__mw__pace,"actual_load__mw__pace,rtpd_eim_transfer__mw__export__banc__ranchoseco","actual_renewable_generation__mw__sp15__wind,actual_load__mw__bpat,rtpd_eim_transfer__mw__export__banc__ranchoseco"
dam_load_forecast__mw__pge_tac,dam_as_total_procured__mw__ru__as_caiso,0.06255936622619629,0.1468178629875183,0.16117829084396362,0.16921985149383545,dam_as_requirement__mw__as_caiso__spinning_reserve__minimum,"actual_load__mw__bpat,dam_as_requirement__mw__as_caiso__spinning_reserve__minimum","actual_load__mw__pace,actual_renewable_generation__mw__zp26__wind,dam_as_requirement__mw__as_caiso__spinning_reserve__minimum"
dam_load_forecast__mw__pge_tac,dam_as_total_procured__mw__rd__as_caiso,0.13115578889846802,0.28791600465774536,0.29591941833496094,0.30029845237731934,dam_schedule__mw__load__tac_ecntr,"actual_renewable_generation__mw__zp26__wind,dam_schedule__mw__load__tac_ecntr","actual_renewable_generation__mw__zp26__wind,dam_renewable_forecast__mw__zp26__wind,dam_schedule__mw__load__tac_ecntr"
dam_load_forecast__mw__pge_tac,dam_as_total_procured__mw__sr__as_caiso,0.04854470491409302,0.08883970975875854,0.11619079113006592,0.12932252883911133,dam_lmp__energy_usd_per_mwh__th_sp15_gen_apnd,"dam_renewable_forecast__mw__sp15__wind,dam_lmp__energy_usd_per_mwh__th_sp15_gen_apnd","actual_renewable_generation__mw__sp15__wind,dam_lmp__energy_usd_per_mwh__th_sp15_gen_apnd,rt15_lmp_hourly_mean__lmp_usd_per_mwh__th_np15_gen_apnd"
dam_load_forecast__mw__pge_tac,dam_as_total_procured__mw__nr__as_caiso,0.20708763599395752,0.23302245140075684,0.253157377243042,0.25861436128616333,rt15_lmp_hourly_mean__lmp_usd_per_mwh__th_np15_gen_apnd,"rt15_lmp_hourly_mean__lmp_usd_per_mwh__th_np15_gen_apnd,rtpd_eim_transfer__mw__export__banc__ranchoseco","rt15_lmp_hourly_mean__lmp_usd_per_mwh__th_zp26_gen_apnd,rtpd_eim_transfer__mw__export__banc__ranchoseco,rtpd_eim_transfer__mw__export__pge__malin500"
dam_load_forecast__mw__sce_tac,actual_load__mw__ca_iso_tac,0.8241048455238342,0.8530138731002808,0.8567143082618713,0.8567143082618713,rt15_lmp_hourly_mean__loss_usd_per_mwh__th_np15_gen_apnd,"actual_renewable_generation__mw__sp15__wind,rtpd_eim_transfer__mw__export__srp__pvwest","actual_renewable_generation__mw__sp15__wind,rtpd_eim_transfer__mw__export__srp__pvwest"
dam_load_forecast__mw__sce_tac,dam_schedule__mw__generation__caiso_totals,0.8079079389572144,0.8459402322769165,0.8484864234924316,0.8484864234924316,rtpd_eim_transfer__mw__export__srp__pvwest,"actual_renewable_generation__mw__sp15__wind,rtpd_eim_transfer__mw__export__srp__pvwest","actual_renewable_generation__mw__sp15__wind,rtpd_eim_transfer__mw__export__srp__pvwest"
dam_load_forecast__mw__sce_tac,dam_schedule__mw__import__caiso_totals,0.07325834035873413,0.1426137089729309,0.16419315338134766,0.1848779320716858,dam_load_forecast__mw__ca_iso_tac,"dam_load_forecast__mw__ca_iso_tac,rt15_lmp_hourly_mean__lmp_usd_per_mwh__th_np15_gen_apnd","dam_load_forecast__mw__ca_iso_tac,dam_renewable_forecast__mw__np15__wind,rt15_lmp_hourly_mean__lmp_usd_per_mwh__th_np15_gen_apnd"
dam_load_forecast__mw__sce_tac,dam_schedule__mw__export__caiso_totals,0.4066886901855469,0.4687143564224243,0.4810764193534851,0.4810764193534851,rt15_lmp_hourly_mean__lmp_usd_per_mwh__th_sp15_gen_apnd,"dam_lmp__lmp_usd_per_mwh__th_zp26_gen_apnd,actual_load__mw__bpat","dam_lmp__lmp_usd_per_mwh__th_zp26_gen_apnd,actual_load__mw__bpat"
dam_load_forecast__mw__sce_tac,dam_lmp__lmp_usd_per_mwh__th_sp15_gen_apnd,0.2454700469970703,0.3715577721595764,0.38606202602386475,0.38606202602386475,dam_as_requirement__mw__as_caiso__spinning_reserve__minimum,"actual_renewable_generation__mw__sp15__wind,dam_as_requirement__mw__as_caiso__spinning_reserve__minimum","actual_renewable_generation__mw__sp15__wind,dam_as_requirement__mw__as_caiso__spinning_reserve__minimum"
dam_load_forecast__mw__sce_tac,dam_lmp__congestion_usd_per_mwh__th_sp15_gen_apnd,0.036847054958343506,0.17342346906661987,0.1873440146446228,0.205244779586792,dam_load_forecast__mw__ca_iso_tac,"dam_load_forecast__mw__ca_iso_tac,actual_renewable_generation__mw__zp26__wind","dam_load_forecast__mw__ca_iso_tac,dam_renewable_forecast__mw__sp15__wind,dam_renewable_forecast__mw__zp26__wind"
dam_load_forecast__mw__sce_tac,dam_lmp__loss_usd_per_mwh__th_sp15_gen_apnd,0.22256940603256226,0.28321731090545654,0.30155497789382935,0.320542573928833,dam_as_requirement__mw__as_caiso__spinning_reserve__minimum,"actual_renewable_generation__mw__np15__wind,dam_as_requirement__mw__as_caiso__spinning_reserve__minimum","actual_renewable_generation__mw__np15__wind,actual_renewable_generation__mw__sp15__wind,dam_as_requirement__mw__as_caiso__spinning_reserve__minimum"
dam_load_forecast__mw__sce_tac,rt15_lmp_hourly_mean__congestion_usd_per_mwh__th_sp15_gen_apnd,0.07003849744796753,0.12509465217590332,0.16446220874786377,0.2017388939857483,dam_as_requirement__mw__as_caiso__spinning_reserve__minimum,"actual_load__mw__pace,dam_as_requirement__mw__as_caiso__spinning_reserve__minimum","dam_renewable_forecast__mw__sp15__solar,rt15_lmp_hourly_mean__lmp_usd_per_mwh__th_np15_gen_apnd,actual_load__mw__bpat"
dam_load_forecast__mw__sce_tac,dam_as_total_procured__mw__ru__as_caiso,0.051906704902648926,0.11952006816864014,0.1387142539024353,0.13878655433654785,dam_as_requirement__mw__as_caiso__spinning_reserve__minimum,"actual_load__mw__pace,dam_as_requirement__mw__as_caiso__spinning_reserve__minimum","actual_load__mw__pace,dam_renewable_forecast__mw__sp15__wind,dam_as_requirement__mw__as_caiso__spinning_reserve__minimum"
dam_load_forecast__mw__sce_tac,dam_as_total_procured__mw__rd__as_caiso,0.061753809452056885,0.25649482011795044,0.25846588611602783,0.25992757081985474,dam_load_forecast__mw__ca_iso_tac,"dam_load_forecast__mw__ca_iso_tac,dam_renewable_forecast__mw__zp26__wind","dam_load_forecast__mw__ca_iso_tac,actual_renewable_generation__mw__np15__wind,dam_renewable_forecast__mw__zp26__wind"
dam_load_forecast__mw__sce_tac,dam_as_total_procured__mw__sr__as_caiso,0.09478038549423218,0.14758414030075073,0.1669018268585205,0.17434650659561157,dam_lmp__energy_usd_per_mwh__th_sp15_gen_apnd,"dam_renewable_forecast__mw__sp15__wind,dam_lmp__energy_usd_per_mwh__th_sp15_gen_apnd","actual_renewable_generation__mw__sp15__wind,dam_lmp__energy_usd_per_mwh__th_sp15_gen_apnd,rt15_lmp_hourly_mean__lmp_usd_per_mwh__th_np15_gen_apnd"
dam_load_forecast__mw__sce_tac,dam_as_total_procured__mw__nr__as_caiso,0.1833900809288025,0.21369510889053345,0.23610085248947144,0.24038761854171753,dam_renewable_forecast__mw__np15__solar,"rt15_lmp_hourly_mean__lmp_usd_per_mwh__th_np15_gen_apnd,rtpd_eim_transfer__mw__export__banc__ranchoseco","rt15_lmp_hourly_mean__lmp_usd_per_mwh__th_zp26_gen_apnd,rtpd_eim_transfer__mw__export__banc__ranchoseco,rtpd_eim_transfer__mw__export__pge__malin500"
dam_load_forecast__mw__sdge_tac,actual_load__mw__ca_iso_tac,0.49069130420684814,0.725442111492157,0.725442111492157,0.725442111492157,dam_renewable_forecast__mw__sp15__solar,dam_renewable_forecast__mw__sp15__solar,dam_renewable_forecast__mw__sp15__solar
dam_load_forecast__mw__sdge_tac,dam_schedule__mw__generation__caiso_totals,0.45748627185821533,0.6518423557281494,0.6590362787246704,0.6590362787246704,dam_renewable_forecast__mw__sp15__solar,"actual_renewable_generation__mw__sp15__wind,dam_renewable_forecast__mw__sp15__solar","actual_renewable_generation__mw__sp15__wind,dam_renewable_forecast__mw__sp15__solar"
dam_load_forecast__mw__sdge_tac,dam_schedule__mw__import__caiso_totals,0.25390470027923584,0.27800506353378296,0.2920297384262085,0.2920297384262085,actual_load__mw__pace,"actual_load__mw__pace,actual_load__mw__bpat","actual_load__mw__pace,actual_load__mw__bpat"
dam_load_forecast__mw__sdge_tac,dam_schedule__mw__export__caiso_totals,0.20200693607330322,0.23753297328948975,0.26154518127441406,0.2887154817581177,dam_renewable_forecast__mw__np15__wind,"dam_renewable_forecast__mw__np15__wind,rt15_lmp_hourly_mean__loss_usd_per_mwh__th_np15_gen_apnd","dam_renewable_forecast__mw__np15__wind,dam_renewable_forecast__mw__sp15__wind,rtpd_eim_transfer__mw__import__ladwp__sylmar"
dam_load_forecast__mw__sdge_tac,dam_lmp__lmp_usd_per_mwh__th_sp15_gen_apnd,0.617199182510376,0.637538492679596,0.6505697965621948,0.6505697965621948,actual_renewable_generation__mw__sp15__wind,"actual_load__mw__pace,actual_renewable_generation__mw__sp15__wind","actual_load__mw__pace,actual_renewable_generation__mw__sp15__wind"
dam_load_forecast__mw__sdge_tac,dam_lmp__congestion_usd_per_mwh__th_sp15_gen_apnd,0.2099660038948059,0.27429676055908203,0.291900634765625,0.30372148752212524,dam_load_forecast__mw__sce_tac,"dam_load_forecast__mw__sce_tac,dam_renewable_forecast__mw__sp15__wind","dam_renewable_forecast__mw__zp26__wind,actual_load__mw__bpat,dam_as_requirement__mw__as_caiso__spinning_reserve__minimum"
dam_load_forecast__mw__sdge_tac,dam_lmp__loss_usd_per_mwh__th_sp15_gen_apnd,0.29602038860321045,0.3467820882797241,0.36739474534988403,0.38177114725112915,rt15_lmp_hourly_mean__loss_usd_per_mwh__th_np15_gen_apnd,"actual_renewable_generation__mw__sp15__wind,rt15_lmp_hourly_mean__loss_usd_per_mwh__th_np15_gen_apnd","actual_renewable_generation__mw__sp15__wind,dam_renewable_forecast__mw__np15__wind,rt15_lmp_hourly_mean__loss_usd_per_mwh__th_np15_gen_apnd"
dam_load_forecast__mw__sdge_tac,rt15_lmp_hourly_mean__congestion_usd_per_mwh__th_sp15_gen_apnd,0.19452226161956787,0.24043816328048706,0.2806193232536316,0.3153667449951172,actual_load__mw__pace,"rt15_lmp_hourly_mean__lmp_usd_per_mwh__th_np15_gen_apnd,dam_as_requirement__mw__as_caiso__spinning_reserve__minimum","actual_load__mw__pace,actual_renewable_generation__mw__zp26__wind,rt15_lmp_hourly_mean__lmp_usd_per_mwh__th_np15_gen_apnd"
dam_load_forecast__mw__sdge_tac,dam_as_total_procured__mw__ru__as_caiso,0.10090351104736328,0.1565704345703125,0.17343437671661377,0.17349481582641602,dam_as_requirement__mw__as_caiso__spinning_reserve__minimum,"actual_load__mw__bpat,dam_as_requirement__mw__as_caiso__spinning_reserve__minimum","actual_load__mw__pace,dam_renewable_forecast__mw__sp15__wind,dam_as_requirement__mw__as_caiso__spinning_reserve__minimum"
dam_load_forecast__mw__sdge_tac,dam_as_total_procured__mw__rd__as_caiso,0.24816888570785522,0.3719421625137329,0.38640910387039185,0.38640910387039185,dam_load_forecast__mw__sce_tac,"dam_load_forecast__mw__sce_tac,dam_renewable_forecast__mw__np15__wind","dam_load_forecast__mw__sce_tac,dam_renewable_forecast__mw__np15__wind"
dam_load_forecast__mw__sdge_tac,dam_as_total_procured__mw__sr__as_caiso,0.06500816345214844,0.10118520259857178,0.11611348390579224,0.13524556159973145,dam_lmp__energy_usd_per_mwh__th_sp15_gen_apnd,"dam_renewable_forecast__mw__sp15__wind,dam_lmp__lmp_usd_per_mwh__th_np15_gen_apnd","actual_renewable_generation__mw__sp15__wind,dam_lmp__lmp_usd_per_mwh__th_np15_gen_apnd,actual_load__mw__bpat"
dam_load_forecast__mw__sdge_tac,dam_as_total_procured__mw__nr__as_caiso,0.14052975177764893,0.1706453561782837,0.1818298101425171,0.19112765789031982,rt15_lmp_hourly_mean__lmp_usd_per_mwh__th_zp26_gen_apnd,"rt15_lmp_hourly_mean__lmp_usd_per_mwh__th_zp26_gen_apnd,rtpd_eim_transfer__mw__export__banc__ranchoseco","actual_renewable_generation__mw__sp15__solar,rt15_lmp_hourly_mean__lmp_usd_per_mwh__th_np15_gen_apnd,rtpd_eim_transfer__mw__export__banc__ranchoseco"
dam_load_forecast__mw__ca_iso_tac,actual_load__mw__ca_iso_tac,0.7609627842903137,0.8431870341300964,0.8431870341300964,0.8431870341300964,dam_renewable_forecast__mw__sp15__solar,dam_renewable_forecast__mw__sp15__solar,dam_renewable_forecast__mw__sp15__solar
dam_load_forecast__mw__ca_iso_tac,dam_schedule__mw__generation__caiso_totals,0.7317264080047607,0.8171141147613525,0.8218821883201599,0.8218821883201599,rtpd_eim_transfer__mw__export__srp__pvwest,"actual_renewable_generation__mw__sp15__wind,rtpd_eim_transfer__mw__export__srp__pvwest","actual_renewable_generation__mw__sp15__wind,rtpd_eim_transfer__mw__export__srp__pvwest"
dam_load_forecast__mw__ca_iso_tac,dam_schedule__mw__import__caiso_totals,0.162011981010437,0.2313673496246338,0.2313673496246338,0.23447036743164062,dam_load_forecast__mw__sce_tac,dam_load_forecast__mw__sce_tac,"dam_load_forecast__mw__sce_tac,dam_renewable_forecast__mw__np15__wind,rt15_lmp_hourly_mean__lmp_usd_per_mwh__th_np15_gen_apnd"
dam_load_forecast__mw__ca_iso_tac,dam_schedule__mw__export__caiso_totals,0.36645984649658203,0.44187021255493164,0.44810259342193604,0.45046466588974,dam_lmp__lmp_usd_per_mwh__th_zp26_gen_apnd,"actual_load__mw__bpat,dam_schedule__mw__load__tac_south","actual_renewable_generation__mw__zp26__wind,actual_load__mw__bpat,dam_schedule__mw__load__tac_south"
dam_load_forecast__mw__ca_iso_tac,dam_lmp__lmp_usd_per_mwh__th_sp15_gen_apnd,0.43100160360336304,0.4989379644393921,0.5082579851150513,0.5082579851150513,dam_as_requirement__mw__as_caiso__spinning_reserve__minimum,"actual_load__mw__pace,actual_renewable_generation__mw__sp15__wind","actual_load__mw__pace,actual_renewable_generation__mw__sp15__wind"
dam_load_forecast__mw__ca_iso_tac,dam_lmp__congestion_usd_per_mwh__th_sp15_gen_apnd,0.07397204637527466,0.21054846048355103,0.224820077419281,0.2330113649368286,dam_load_forecast__mw__sce_tac,"dam_load_forecast__mw__sce_tac,dam_renewable_forecast__mw__sp15__wind","actual_load__mw__pace,dam_renewable_forecast__mw__zp26__wind,dam_as_requirement__mw__as_caiso__spinning_reserve__minimum"
dam_load_forecast__mw__ca_iso_tac,dam_lmp__loss_usd_per_mwh__th_sp15_gen_apnd,0.32621127367019653,0.3906450867652893,0.3959314823150635,0.40249353647232056,dam_renewable_forecast__mw__np15__wind,"actual_renewable_generation__mw__sp15__wind,dam_renewable_forecast__mw__np15__wind","actual_renewable_generation__mw__sp15__wind,dam_renewable_forecast__mw__np15__wind,rt15_lmp_hourly_mean__loss_usd_per_mwh__th_np15_gen_apnd"
dam_load_forecast__mw__ca_iso_tac,rt15_lmp_hourly_mean__congestion_usd_per_mwh__th_sp15_gen_apnd,0.10350793600082397,0.15386903285980225,0.19018328189849854,0.23186147212982178,actual_load__mw__pace,"actual_load__mw__pace,rtpd_eim_transfer__mw__export__banc__ranchoseco","actual_renewable_generation__mw__sp15__wind,actual_load__mw__bpat,rtpd_eim_transfer__mw__export__banc__ranchoseco"
dam_load_forecast__mw__ca_iso_tac,dam_as_total_procured__mw__ru__as_caiso,0.06664794683456421,0.12700265645980835,0.15078145265579224,0.15539014339447021,dam_as_requirement__mw__as_caiso__spinning_reserve__minimum,"actual_load__mw__pace,dam_as_requirement__mw__as_caiso__spinning_reserve__minimum","actual_load__mw__pace,actual_renewable_generation__mw__sp15__wind,dam_as_requirement__mw__as_caiso__spinning_reserve__minimum"
dam_load_forecast__mw__ca_iso_tac,dam_as_total_procured__mw__rd__as_caiso,0.11408859491348267,0.3088296055793762,0.3088296055793762,0.3088296055793762,dam_load_forecast__mw__sce_tac,dam_load_forecast__mw__sce_tac,dam_load_forecast__mw__sce_tac
dam_load_forecast__mw__ca_iso_tac,dam_as_total_procured__mw__sr__as_caiso,0.061816513538360596,0.12430739402770996,0.15111011266708374,0.15970242023468018,dam_lmp__lmp_usd_per_mwh__th_zp26_gen_apnd,"dam_renewable_forecast__mw__sp15__wind,dam_lmp__energy_usd_per_mwh__th_sp15_gen_apnd","actual_renewable_generation__mw__sp15__wind,dam_lmp__energy_usd_per_mwh__th_sp15_gen_apnd,rt15_lmp_hourly_mean__lmp_usd_per_mwh__th_np15_gen_apnd"
dam_load_forecast__mw__ca_iso_tac,dam_as_total_procured__mw__nr__as_caiso,0.20996618270874023,0.2357240915298462,0.257568359375,0.26160573959350586,rt15_lmp_hourly_mean__lmp_usd_per_mwh__th_np15_gen_apnd,"rt15_lmp_hourly_mean__lmp_usd_per_mwh__th_np15_gen_apnd,rtpd_eim_transfer__mw__export__banc__ranchoseco","rt15_lmp_hourly_mean__lmp_usd_per_mwh__th_zp26_gen_apnd,rtpd_eim_transfer__mw__export__banc__ranchoseco,rtpd_eim_transfer__mw__export__pge__malin500"
actual_load__mw__pace,actual_load__mw__ca_iso_tac,0.5298205018043518,0.5730612277984619,0.5798130035400391,0.5827329158782959,rt15_lmp_hourly_mean__loss_usd_per_mwh__th_np15_gen_apnd,"rtpd_eim_transfer__mw__import__nevp__eldorado230,rtpd_eim_transfer__mw__export__srp__pvwest","actual_renewable_generation__mw__sp15__wind,rt15_lmp_hourly_mean__loss_usd_per_mwh__th_np15_gen_apnd,rtpd_eim_transfer__mw__export__srp__pvwest"
actual_load__mw__pace,dam_schedule__mw__generation__caiso_totals,0.6284662485122681,0.6477672457695007,0.6480870246887207,0.6481385231018066,rtpd_eim_transfer__mw__import__nevp__eldorado230,"actual_renewable_generation__mw__zp26__wind,rtpd_eim_transfer__mw__import__nevp__eldorado230","dam_renewable_forecast__mw__zp26__wind,rt15_lmp_hourly_mean__loss_usd_per_mwh__th_np15_gen_apnd,rtpd_eim_transfer__mw__import__nevp__eldorado230"
actual_load__mw__pace,dam_schedule__mw__import__caiso_totals,0.013386845588684082,0.09910231828689575,0.11810386180877686,0.1284767985343933,actual_renewable_generation__mw__zp26__solar,"actual_renewable_generation__mw__np15__solar,rt15_lmp_hourly_mean__lmp_usd_per_mwh__th_np15_gen_apnd","dam_renewable_forecast__mw__sp15__wind,dam_lmp__lmp_usd_per_mwh__th_np15_gen_apnd,actual_load__mw__bpat"
actual_load__mw__pace,dam_schedule__mw__export__caiso_totals,0.5415055155754089,0.5818029046058655,0.5882757902145386,0.5882757902145386,dam_lmp__lmp_usd_per_mwh__th_np15_gen_apnd,"rt15_lmp_hourly_mean__lmp_usd_per_mwh__th_np15_gen_apnd,rtpd_eim_transfer__mw__import__ladwp__sylmar","rt15_lmp_hourly_mean__lmp_usd_per_mwh__th_np15_gen_apnd,rtpd_eim_transfer__mw__import__ladwp__sylmar"
actual_load__mw__pace,dam_lmp__lmp_usd_per_mwh__th_sp15_gen_apnd,0.024761557579040527,0.18797779083251953,0.2122325301170349,0.21866333484649658,dam_renewable_forecast__mw__np15__solar,"actual_renewable_generation__mw__sp15__wind,dam_renewable_forecast__mw__zp26__solar","actual_renewable_generation__mw__sp15__wind,dam_renewable_forecast__mw__zp26__solar,rtpd_eim_transfer__mw__export__banc__ranchoseco"
actual_load__mw__pace,dam_lmp__congestion_usd_per_mwh__th_sp15_gen_apnd,0.02956557273864746,0.1921953558921814,0.2222244143486023,0.2222244143486023,actual_load__mw__nevp,"actual_load__mw__nevp,dam_renewable_forecast__mw__sp15__wind","actual_load__mw__nevp,dam_renewable_forecast__mw__sp15__wind"
actual_load__mw__pace,dam_lmp__loss_usd_per_mwh__th_sp15_gen_apnd,0.10285520553588867,0.18625164031982422,0.20580178499221802,0.21076273918151855,dam_renewable_forecast__mw__zp26__solar,"dam_renewable_forecast__mw__zp26__solar,rtpd_eim_transfer__mw__export__banc__ranchoseco","dam_renewable_forecast__mw__np15__solar,rtpd_eim_transfer__mw__export__banc__ranchoseco,rtpd_eim_transfer__mw__import__ladwp__sylmar"
actual_load__mw__pace,rt15_lmp_hourly_mean__congestion_usd_per_mwh__th_sp15_gen_apnd,0.0153731107711792,0.14542603492736816,0.16124314069747925,0.17356747388839722,actual_load__mw__nevp,"actual_load__mw__nevp,dam_renewable_forecast__mw__sp15__wind","actual_load__mw__nevp,dam_renewable_forecast__mw__sp15__wind,rtpd_eim_transfer__mw__export__banc__ranchoseco"
actual_load__mw__pace,dam_as_total_procured__mw__ru__as_caiso,0.04553961753845215,0.11114650964736938,0.13125765323638916,0.13632869720458984,dam_schedule__mw__load__tac_south,"dam_renewable_forecast__mw__sp15__wind,dam_lmp__energy_usd_per_mwh__th_sp15_gen_apnd","dam_renewable_forecast__mw__sp15__wind,dam_renewable_forecast__mw__zp26__wind,dam_lmp__energy_usd_per_mwh__th_sp15_gen_apnd"
actual_load__mw__pace,dam_as_total_procured__mw__rd__as_caiso,0.10535836219787598,0.21449589729309082,0.22593486309051514,0.2267330288887024,dam_schedule__mw__load__tac_south,"actual_load__mw__nevp,dam_renewable_forecast__mw__sp15__wind","actual_load__mw__nevp,dam_renewable_forecast__mw__sp15__wind,dam_renewable_forecast__mw__zp26__wind"
actual_load__mw__pace,dam_as_total_procured__mw__sr__as_caiso,0.06683468818664551,0.09722542762756348,0.12880760431289673,0.14123958349227905,actual_load__mw__bpat,"rt15_lmp_hourly_mean__loss_usd_per_mwh__th_np15_gen_apnd,actual_load__mw__bpat","actual_renewable_generation__mw__sp15__wind,rt15_lmp_hourly_mean__loss_usd_per_mwh__th_np15_gen_apnd,actual_load__mw__bpat"
actual_load__mw__pace,dam_as_total_procured__mw__nr__as_caiso,0.09347862005233765,0.13977575302124023,0.1605534553527832,0.1807553768157959,rt15_lmp_hourly_mean__lmp_usd_per_mwh__th_zp26_gen_apnd,"rt15_lmp_hourly_mean__lmp_usd_per_mwh__th_zp26_gen_apnd,rt15_lmp_hourly_mean__loss_usd_per_mwh__th_np15_gen_apnd","rt15_lmp_hourly_mean__lmp_usd_per_mwh__th_np15_gen_apnd,rt15_lmp_hourly_mean__lmp_usd_per_mwh__th_zp26_gen_apnd,rtpd_eim_transfer__mw__export__banc__ranchoseco"
actual_load__mw__nevp,actual_load__mw__ca_iso_tac,0.6286746263504028,0.6984248161315918,0.7237390279769897,0.7490559220314026,rt15_lmp_hourly_mean__loss_usd_per_mwh__th_np15_gen_apnd,"dam_renewable_forecast__mw__sp15__wind,rt15_lmp_hourly_mean__loss_usd_per_mwh__th_np15_gen_apnd","actual_renewable_generation__mw__sp15__wind,rt15_lmp_hourly_mean__loss_usd_per_mwh__th_np15_gen_apnd,rtpd_eim_transfer__mw__export__srp__pvwest"
actual_load__mw__nevp,dam_schedule__mw__generation__caiso_totals,0.6959418058395386,0.7307051420211792,0.7546443343162537,0.7546443343162537,rt15_lmp_hourly_mean__loss_usd_per_mwh__th_np15_gen_apnd,"dam_renewable_forecast__mw__sp15__wind,rt15_lmp_hourly_mean__loss_usd_per_mwh__th_np15_gen_apnd","dam_renewable_forecast__mw__sp15__wind,rt15_lmp_hourly_mean__loss_usd_per_mwh__th_np15_gen_apnd"
actual_load__mw__nevp,dam_schedule__mw__import__caiso_totals,0.03919994831085205,0.09664732217788696,0.15020763874053955,0.1771799921989441,dam_renewable_forecast__mw__np15__solar,"dam_lmp__lmp_usd_per_mwh__th_np15_gen_apnd,actual_load__mw__bpat","dam_lmp__lmp_usd_per_mwh__th_np15_gen_apnd,actual_load__mw__bpat,rtpd_eim_transfer__mw__import__ladwp__sylmar"
actual_load__mw__nevp,dam_schedule__mw__export__caiso_totals,0.5059494376182556,0.5480914115905762,0.5611254572868347,0.5620018839836121,dam_lmp__lmp_usd_per_mwh__th_zp26_gen_apnd,"rt15_lmp_hourly_mean__lmp_usd_per_mwh__th_sp15_gen_apnd,rtpd_eim_transfer__mw__import__nevp__eldorado230","dam_lmp__lmp_usd_per_mwh__th_np15_gen_apnd,rt15_lmp_hourly_mean__lmp_usd_per_mwh__th_sp15_gen_apnd,rtpd_eim_transfer__mw__import__nevp__eldorado230"
actual_load__mw__nevp,dam_lmp__lmp_usd_per_mwh__th_sp15_gen_apnd,0.14010989665985107,0.25812244415283203,0.28390222787857056,0.29062044620513916,actual_load__mw__pace,"actual_load__mw__bpat,dam_as_requirement__mw__as_caiso__spinning_reserve__minimum","dam_renewable_forecast__mw__sp15__wind,actual_load__mw__bpat,dam_as_requirement__mw__as_caiso__spinning_reserve__minimum"
actual_load__mw__nevp,dam_lmp__congestion_usd_per_mwh__th_sp15_gen_apnd,0.04297584295272827,0.2056056261062622,0.2404005527496338,0.24324220418930054,actual_load__mw__pace,"actual_load__mw__pace,dam_renewable_forecast__mw__sp15__wind","actual_load__mw__pace,dam_renewable_forecast__mw__sp15__wind,rtpd_eim_transfer__mw__export__banc__ranchoseco"
actual_load__mw__nevp,dam_lmp__loss_usd_per_mwh__th_sp15_gen_apnd,0.13899773359298706,0.18062090873718262,0.21650958061218262,0.21650958061218262,dam_as_requirement__mw__as_caiso__spinning_reserve__minimum,"actual_renewable_generation__mw__zp26__solar,dam_renewable_forecast__mw__np15__wind","actual_renewable_generation__mw__zp26__solar,dam_renewable_forecast__mw__np15__wind"
actual_load__mw__nevp,rt15_lmp_hourly_mean__congestion_usd_per_mwh__th_sp15_gen_apnd,0.04942965507507324,0.1794825792312622,0.21118628978729248,0.24162864685058594,actual_load__mw__pace,"actual_load__mw__bpat,rtpd_eim_transfer__mw__export__pge__malin500","actual_renewable_generation__mw__sp15__wind,actual_load__mw__bpat,rtpd_eim_transfer__mw__export__banc__ranchoseco"
actual_load__mw__nevp,dam_as_total_procured__mw__ru__as_caiso,0.03851717710494995,0.08668303489685059,0.11201071739196777,0.125329852104187,dam_as_requirement__mw__as_caiso__spinning_reserve__minimum,"dam_renewable_forecast__mw__np15__wind,dam_lmp__energy_usd_per_mwh__th_sp15_gen_apnd","dam_renewable_forecast__mw__np15__wind,dam_schedule__mw__load__tac_south,rtpd_eim_transfer__mw__export__bcha__malin500"
actual_load__mw__nevp,dam_as_total_procured__mw__rd__as_caiso,0.019804179668426514,0.15295052528381348,0.17779779434204102,0.18719887733459473,dam_load_forecast__mw__pge_tac,"dam_load_forecast__mw__sce_tac,actual_load__mw__bpat","dam_load_forecast__mw__sce_tac,dam_renewable_forecast__mw__zp26__wind,actual_load__mw__bpat"
actual_load__mw__nevp,dam_as_total_procured__mw__sr__as_caiso,0.10002797842025757,0.11978769302368164,0.15459412336349487,0.1607046127319336,dam_renewable_forecast__mw__sp15__wind,"dam_renewable_forecast__mw__sp15__wind,dam_lmp__energy_usd_per_mwh__th_sp15_gen_apnd","actual_renewable_generation__mw__sp15__wind,dam_lmp__energy_usd_per_mwh__th_sp15_gen_apnd,rt15_lmp_hourly_mean__lmp_usd_per_mwh__th_np15_gen_apnd"
actual_load__mw__nevp,dam_as_total_procured__mw__nr__as_caiso,0.14309561252593994,0.19169408082962036,0.20857024192810059,0.21642160415649414,dam_lmp__lmp_usd_per_mwh__th_np15_gen_apnd,"dam_lmp__lmp_usd_per_mwh__th_np15_gen_apnd,rtpd_eim_transfer__mw__export__banc__ranchoseco","dam_lmp__lmp_usd_per_mwh__th_np15_gen_apnd,rtpd_eim_transfer__mw__export__banc__ranchoseco,rtpd_eim_transfer__mw__export__pge__malin500"
actual_load__mw__azps,actual_load__mw__ca_iso_tac,0.6269538402557373,0.6913008689880371,0.7165091037750244,0.7315083146095276,rt15_lmp_hourly_mean__loss_usd_per_mwh__th_np15_gen_apnd,"dam_renewable_forecast__mw__sp15__wind,rt15_lmp_hourly_mean__loss_usd_per_mwh__th_np15_gen_apnd","actual_renewable_generation__mw__sp15__wind,rt15_lmp_hourly_mean__loss_usd_per_mwh__th_np15_gen_apnd,rtpd_eim_transfer__mw__export__srp__pvwest"
actual_load__mw__azps,dam_schedule__mw__generation__caiso_totals,0.6901586055755615,0.7240315675735474,0.745776355266571,0.745776355266571,rt15_lmp_hourly_mean__loss_usd_per_mwh__th_np15_gen_apnd,"dam_renewable_forecast__mw__sp15__wind,rt15_lmp_hourly_mean__loss_usd_per_mwh__th_np15_gen_apnd","dam_renewable_forecast__mw__sp15__wind,rt15_lmp_hourly_mean__loss_usd_per_mwh__th_np15_gen_apnd"
actual_load__mw__azps,dam_schedule__mw__import__caiso_totals,0.10676240921020508,0.13193291425704956,0.16662007570266724,0.19512319564819336,actual_load__mw__pace,"rt15_lmp_hourly_mean__lmp_usd_per_mwh__th_np15_gen_apnd,actual_load__mw__bpat","dam_renewable_forecast__mw__np15__wind,rt15_lmp_hourly_mean__lmp_usd_per_mwh__th_np15_gen_apnd,actual_load__mw__bpat"
actual_load__mw__azps,dam_schedule__mw__export__caiso_totals,0.5025241374969482,0.5350666642189026,0.5387272834777832,0.5387272834777832,dam_lmp__lmp_usd_per_mwh__th_np15_gen_apnd,"actual_renewable_generation__mw__zp26__wind,rt15_lmp_hourly_mean__loss_usd_per_mwh__th_np15_gen_apnd","actual_renewable_generation__mw__zp26__wind,rt15_lmp_hourly_mean__loss_usd_per_mwh__th_np15_gen_apnd"
actual_load__mw__azps,dam_lmp__lmp_usd_per_mwh__th_sp15_gen_apnd,0.272116482257843,0.33280694484710693,0.3479481339454651,0.3497864007949829,actual_load__mw__bpat,"dam_renewable_forecast__mw__np15__wind,actual_load__mw__bpat","dam_renewable_forecast__mw__np15__wind,dam_renewable_forecast__mw__zp26__wind,actual_load__mw__bpat"
actual_load__mw__azps,dam_lmp__congestion_usd_per_mwh__th_sp15_gen_apnd,0.17236334085464478,0.26994723081588745,0.28503865003585815,0.28503865003585815,dam_schedule__mw__load__tac_north,"dam_renewable_forecast__mw__zp26__wind,dam_schedule__mw__load__tac_north","dam_renewable_forecast__mw__zp26__wind,dam_schedule__mw__load__tac_north"
actual_load__mw__azps,dam_lmp__loss_usd_per_mwh__th_sp15_gen_apnd,0.14044040441513062,0.1812189221382141,0.19181811809539795,0.20122486352920532,dam_as_requirement__mw__as_caiso__spinning_reserve__minimum,"dam_renewable_forecast__mw__sp15__wind,actual_load__mw__bpat","dam_renewable_forecast__mw__sp15__wind,actual_load__mw__bpat,dam_as_requirement__mw__as_caiso_exp__regulation_mileage_up__minimum"
actual_load__mw__azps,rt15_lmp_hourly_mean__congestion_usd_per_mwh__th_sp15_gen_apnd,0.17692404985427856,0.22648239135742188,0.26087474822998047,0.29386723041534424,actual_load__mw__bpat,"actual_load__mw__bpat,rtpd_eim_transfer__mw__export__pge__malin500","actual_renewable_generation__mw__np15__wind,actual_load__mw__bpat,rtpd_eim_transfer__mw__export__banc__ranchoseco"
actual_load__mw__azps,dam_as_total_procured__mw__ru__as_caiso,0.07327288389205933,0.10790282487869263,0.12552767992019653,0.12552767992019653,dam_as_requirement__mw__as_caiso__spinning_reserve__minimum,"actual_load__mw__pace,dam_as_requirement__mw__as_caiso__spinning_reserve__minimum","actual_load__mw__pace,dam_as_requirement__mw__as_caiso__spinning_reserve__minimum"
actual_load__mw__azps,dam_as_total_procured__mw__rd__as_caiso,0.11099547147750854,0.2243407964706421,0.2338855266571045,0.2340623140335083,dam_schedule__mw__load__tac_north,"dam_renewable_forecast__mw__zp26__wind,dam_schedule__mw__load__tac_north","actual_renewable_generation__mw__np15__wind,actual_renewable_generation__mw__zp26__wind,dam_schedule__mw__load__tac_north"
actual_load__mw__azps,dam_as_total_procured__mw__sr__as_caiso,0.0909455418586731,0.11145931482315063,0.1400572657585144,0.14487117528915405,dam_renewable_forecast__mw__sp15__wind,"dam_renewable_forecast__mw__sp15__wind,dam_lmp__energy_usd_per_mwh__th_sp15_gen_apnd","actual_renewable_generation__mw__sp15__wind,dam_lmp__energy_usd_per_mwh__th_sp15_gen_apnd,rt15_lmp_hourly_mean__lmp_usd_per_mwh__th_np15_gen_apnd"
actual_load__mw__azps,dam_as_total_procured__mw__nr__as_caiso,0.14281964302062988,0.19094866514205933,0.20863091945648193,0.21382135152816772,dam_lmp__lmp_usd_per_mwh__th_np15_gen_apnd,"dam_lmp__lmp_usd_per_mwh__th_np15_gen_apnd,rtpd_eim_transfer__mw__export__banc__ranchoseco","rt15_lmp_hourly_mean__lmp_usd_per_mwh__th_np15_gen_apnd,rt15_lmp_hourly_mean__lmp_usd_per_mwh__th_zp26_gen_apnd,rtpd_eim_transfer__mw__export__banc__ranchoseco"
actual_renewable_generation__mw__np15__solar,actual_load__mw__ca_iso_tac,0.20920562744140625,0.4248769283294678,0.4248769283294678,0.4248769283294678,dam_lmp__energy_usd_per_mwh__th_sp15_gen_apnd,dam_lmp__energy_usd_per_mwh__th_sp15_gen_apnd,dam_lmp__energy_usd_per_mwh__th_sp15_gen_apnd
actual_renewable_generation__mw__np15__solar,dam_schedule__mw__generation__caiso_totals,0.2453470230102539,0.4893360137939453,0.4954807162284851,0.4954807162284851,dam_lmp__energy_usd_per_mwh__th_sp15_gen_apnd,"dam_renewable_forecast__mw__sp15__wind,dam_lmp__energy_usd_per_mwh__th_sp15_gen_apnd","dam_renewable_forecast__mw__sp15__wind,dam_lmp__energy_usd_per_mwh__th_sp15_gen_apnd"
actual_renewable_generation__mw__np15__solar,dam_schedule__mw__import__caiso_totals,0.2639774680137634,0.34346556663513184,0.34346556663513184,0.34346556663513184,actual_load__mw__pace,actual_load__mw__pace,actual_load__mw__pace
actual_renewable_generation__mw__np15__solar,dam_schedule__mw__export__caiso_totals,0.31027811765670776,0.3763844966888428,0.4049220085144043,0.42964786291122437,dam_lmp__energy_usd_per_mwh__th_sp15_gen_apnd,"dam_renewable_forecast__mw__sp15__wind,dam_lmp__energy_usd_per_mwh__th_sp15_gen_apnd","dam_renewable_forecast__mw__np15__wind,rt15_lmp_hourly_mean__lmp_usd_per_mwh__th_np15_gen_apnd,rtpd_eim_transfer__mw__import__ladwp__sylmar"
actual_renewable_generation__mw__np15__solar,dam_lmp__lmp_usd_per_mwh__th_sp15_gen_apnd,0.5139870047569275,0.6564509868621826,0.6878881454467773,0.6878881454467773,actual_load__mw__pace,"actual_load__mw__pace,dam_renewable_forecast__mw__sp15__wind","actual_load__mw__pace,dam_renewable_forecast__mw__sp15__wind"
actual_renewable_generation__mw__np15__solar,dam_lmp__congestion_usd_per_mwh__th_sp15_gen_apnd,0.37046176195144653,0.4062526822090149,0.43002212047576904,0.43002212047576904,actual_load__mw__nevp,"actual_load__mw__nevp,rt15_lmp_hourly_mean__lmp_usd_per_mwh__th_np15_gen_apnd","actual_load__mw__nevp,rt15_lmp_hourly_mean__lmp_usd_per_mwh__th_np15_gen_apnd"
actual_renewable_generation__mw__np15__solar,dam_lmp__loss_usd_per_mwh__th_sp15_gen_apnd,0.12468212842941284,0.19900012016296387,0.22089117765426636,0.23451608419418335,rt15_lmp_hourly_mean__loss_usd_per_mwh__th_np15_gen_apnd,"dam_renewable_forecast__mw__np15__wind,rt15_lmp_hourly_mean__loss_usd_per_mwh__th_np15_gen_apnd","actual_renewable_generation__mw__sp15__wind,dam_renewable_forecast__mw__np15__wind,rt15_lmp_hourly_mean__loss_usd_per_mwh__th_np15_gen_apnd"
actual_renewable_generation__mw__np15__solar,rt15_lmp_hourly_mean__congestion_usd_per_mwh__th_sp15_gen_apnd,0.2717627286911011,0.2826464772224426,0.33365583419799805,0.3364921808242798,rtpd_eim_transfer__mw__export__banc__ranchoseco,"actual_load__mw__nevp,rt15_lmp_hourly_mean__lmp_usd_per_mwh__th_np15_gen_apnd","actual_load__mw__nevp,dam_renewable_forecast__mw__sp15__wind,rt15_lmp_hourly_mean__lmp_usd_per_mwh__th_np15_gen_apnd"
actual_renewable_generation__mw__np15__solar,dam_as_total_procured__mw__ru__as_caiso,0.3040112257003784,0.33569806814193726,0.3605527877807617,0.3671959638595581,dam_as_requirement__mw__as_caiso__spinning_reserve__minimum,"dam_renewable_forecast__mw__sp15__wind,dam_as_requirement__mw__as_caiso__spinning_reserve__minimum","actual_renewable_generation__mw__zp26__wind,dam_renewable_forecast__mw__sp15__wind,dam_as_requirement__mw__as_caiso__spinning_reserve__minimum"
actual_renewable_generation__mw__np15__solar,dam_as_total_procured__mw__rd__as_caiso,0.6735042333602905,0.7046166062355042,0.7046166062355042,0.7046166062355042,actual_load__mw__nevp,actual_load__mw__nevp,actual_load__mw__nevp
actual_renewable_generation__mw__np15__solar,dam_as_total_procured__mw__sr__as_caiso,0.1067584753036499,0.12298715114593506,0.15152698755264282,0.15152698755264282,actual_load__mw__bpat,"actual_load__mw__bpat,dam_schedule__mw__load__tac_north","actual_load__mw__bpat,dam_schedule__mw__load__tac_north"
actual_renewable_generation__mw__np15__solar,dam_as_total_procured__mw__nr__as_caiso,0.037322998046875,0.07335597276687622,0.08669233322143555,0.08848875761032104,dam_lmp__lmp_usd_per_mwh__th_zp26_gen_apnd,"dam_lmp__lmp_usd_per_mwh__th_np15_gen_apnd,dam_as_requirement__mw__as_caiso__regulation_up__minimum","dam_lmp__lmp_usd_per_mwh__th_np15_gen_apnd,dam_as_requirement__mw__as_caiso__regulation_up__minimum,rtpd_eim_transfer__mw__import__nevp__eldorado230"
actual_renewable_generation__mw__np15__wind,actual_load__mw__ca_iso_tac,0.052025020122528076,0.12743115425109863,0.17178386449813843,0.1889585256576538,dam_lmp__lmp_usd_per_mwh__th_zp26_gen_apnd,"dam_lmp__lmp_usd_per_mwh__th_zp26_gen_apnd,actual_load__mw__bpat","dam_renewable_forecast__mw__sp15__solar,dam_lmp__lmp_usd_per_mwh__th_np15_gen_apnd,actual_load__mw__bpat"
actual_renewable_generation__mw__np15__wind,dam_schedule__mw__generation__caiso_totals,0.05295205116271973,0.15985310077667236,0.19559252262115479,0.20372796058654785,actual_load__mw__bpat,"dam_lmp__lmp_usd_per_mwh__th_zp26_gen_apnd,actual_load__mw__bpat","dam_lmp__lmp_usd_per_mwh__th_np15_gen_apnd,rt15_lmp_hourly_mean__lmp_usd_per_mwh__th_sp15_gen_apnd,actual_load__mw__bpat"
actual_renewable_generation__mw__np15__wind,dam_schedule__mw__import__caiso_totals,0.009793400764465332,0.03284519910812378,0.08348548412322998,0.10222756862640381,dam_lmp__lmp_usd_per_mwh__th_zp26_gen_apnd,"dam_renewable_forecast__mw__zp26__solar,dam_lmp__lmp_usd_per_mwh__th_np15_gen_apnd","dam_renewable_forecast__mw__sp15__solar,dam_lmp__lmp_usd_per_mwh__th_np15_gen_apnd,dam_schedule__mw__load__tac_north"
actual_renewable_generation__mw__np15__wind,dam_schedule__mw__export__caiso_totals,0.0465124249458313,0.2147044539451599,0.24936068058013916,0.2652548551559448,actual_load__mw__bpat,"actual_renewable_generation__mw__zp26__wind,actual_load__mw__bpat","actual_renewable_generation__mw__zp26__wind,rt15_lmp_hourly_mean__lmp_usd_per_mwh__th_sp15_gen_apnd,actual_load__mw__bpat"
actual_renewable_generation__mw__np15__wind,dam_lmp__lmp_usd_per_mwh__th_sp15_gen_apnd,0.014282584190368652,0.03814554214477539,0.06250476837158203,0.06742638349533081,dam_renewable_forecast__mw__sp15__wind,"actual_load__mw__pace,dam_as_requirement__mw__as_caiso__spinning_reserve__minimum","actual_load__mw__pace,dam_renewable_forecast__mw__zp26__wind,dam_as_requirement__mw__as_caiso__spinning_reserve__minimum"
actual_renewable_generation__mw__np15__wind,dam_lmp__congestion_usd_per_mwh__th_sp15_gen_apnd,0.0412907600402832,0.07482922077178955,0.08764684200286865,0.11457818746566772,dam_lmp__lmp_usd_per_mwh__th_np15_gen_apnd,"actual_load__mw__nevp,dam_lmp__lmp_usd_per_mwh__th_np15_gen_apnd","dam_renewable_forecast__mw__np15__solar,dam_renewable_forecast__mw__sp15__wind,actual_load__mw__bpat"
actual_renewable_generation__mw__np15__wind,dam_lmp__loss_usd_per_mwh__th_sp15_gen_apnd,0.005905270576477051,0.06286215782165527,0.08557289838790894,0.09542423486709595,dam_load_forecast__mw__ca_iso_tac,"dam_load_forecast__mw__ca_iso_tac,actual_renewable_generation__mw__np15__solar","actual_renewable_generation__mw__np15__solar,dam_as_requirement__mw__as_caiso__spinning_reserve__minimum,rtpd_eim_transfer__mw__import__ladwp__sylmar"
actual_renewable_generation__mw__np15__wind,rt15_lmp_hourly_mean__congestion_usd_per_mwh__th_sp15_gen_apnd,0.021153688430786133,0.04650437831878662,0.07025325298309326,0.13990455865859985,dam_lmp__lmp_usd_per_mwh__th_np15_gen_apnd,"dam_renewable_forecast__mw__np15__solar,actual_load__mw__bpat","dam_load_forecast__mw__sce_tac,dam_lmp__lmp_usd_per_mwh__th_np15_gen_apnd,dam_as_requirement__mw__as_caiso__regulation_up__minimum"
actual_renewable_generation__mw__np15__wind,dam_as_total_procured__mw__ru__as_caiso,0.027976274490356445,0.05191892385482788,0.08048588037490845,0.08598387241363525,dam_lmp__lmp_usd_per_mwh__th_np15_gen_apnd,"dam_lmp__lmp_usd_per_mwh__th_np15_gen_apnd,dam_schedule__mw__load__tac_ecntr","dam_lmp__lmp_usd_per_mwh__th_np15_gen_apnd,dam_schedule__mw__load__tac_ecntr,rtpd_eim_transfer__mw__import__nevp__eldorado230"
actual_renewable_generation__mw__np15__wind,dam_as_total_procured__mw__rd__as_caiso,0.018097877502441406,0.03584575653076172,0.07531261444091797,0.07531261444091797,dam_renewable_forecast__mw__sp15__wind,"dam_lmp__lmp_usd_per_mwh__th_np15_gen_apnd,dam_schedule__mw__load__tac_ecntr","dam_lmp__lmp_usd_per_mwh__th_np15_gen_apnd,dam_schedule__mw__load__tac_ecntr"
actual_renewable_generation__mw__np15__wind,dam_as_total_procured__mw__sr__as_caiso,0.010987401008605957,0.019710659980773926,0.03509688377380371,0.05979478359222412,dam_as_requirement__mw__as_caiso_exp__regulation_mileage_down__minimum,"dam_load_forecast__mw__sdge_tac,actual_load__mw__bpat","rt15_lmp_hourly_mean__lmp_usd_per_mwh__th_np15_gen_apnd,rt15_lmp_hourly_mean__lmp_usd_per_mwh__th_zp26_gen_apnd,actual_load__mw__bpat"
actual_renewable_generation__mw__np15__wind,dam_as_total_procured__mw__nr__as_caiso,0.02639627456665039,0.06801676750183105,0.0902789831161499,0.09229826927185059,dam_lmp__lmp_usd_per_mwh__th_np15_gen_apnd,"dam_renewable_forecast__mw__np15__solar,actual_load__mw__bpat","dam_renewable_forecast__mw__np15__solar,actual_load__mw__bpat,rtpd_eim_transfer__mw__export__banc__ranchoseco"
actual_renewable_generation__mw__sp15__solar,actual_load__mw__ca_iso_tac,0.12139523029327393,0.4111800193786621,0.4183006286621094,0.4183006286621094,dam_schedule__mw__load__tac_south,"dam_renewable_forecast__mw__np15__wind,dam_schedule__mw__load__tac_south","dam_renewable_forecast__mw__np15__wind,dam_schedule__mw__load__tac_south"
actual_renewable_generation__mw__sp15__solar,dam_schedule__mw__generation__caiso_totals,0.14175987243652344,0.406052827835083,0.45733314752578735,0.45733314752578735,dam_lmp__energy_usd_per_mwh__th_sp15_gen_apnd,"dam_renewable_forecast__mw__sp15__wind,dam_lmp__energy_usd_per_mwh__th_sp15_gen_apnd","dam_renewable_forecast__mw__sp15__wind,dam_lmp__energy_usd_per_mwh__th_sp15_gen_apnd"
actual_renewable_generation__mw__sp15__solar,dam_schedule__mw__import__caiso_totals,0.2740136981010437,0.3427203297615051,0.3427203297615051,0.3427203297615051,actual_load__mw__pace,actual_load__mw__pace,actual_load__mw__pace
actual_renewable_generation__mw__sp15__solar,dam_schedule__mw__export__caiso_totals,0.23399251699447632,0.3203803300857544,0.3625214695930481,0.36767178773880005,rt15_lmp_hourly_mean__loss_usd_per_mwh__th_np15_gen_apnd,"actual_renewable_generation__mw__np15__wind,dam_lmp__energy_usd_per_mwh__th_sp15_gen_apnd","dam_renewable_forecast__mw__np15__wind,dam_lmp__energy_usd_per_mwh__th_sp15_gen_apnd,rtpd_eim_transfer__mw__import__ladwp__sylmar"
actual_renewable_generation__mw__sp15__solar,dam_lmp__lmp_usd_per_mwh__th_sp15_gen_apnd,0.5618762373924255,0.6961989402770996,0.7519519925117493,0.7519519925117493,actual_load__mw__pace,"actual_load__mw__pace,dam_renewable_forecast__mw__sp15__wind","actual_load__mw__pace,dam_renewable_forecast__mw__sp15__wind"
actual_renewable_generation__mw__sp15__solar,dam_lmp__congestion_usd_per_mwh__th_sp15_gen_apnd,0.4161061644554138,0.449058473110199,0.4644497036933899,0.4644497036933899,actual_load__mw__nevp,"actual_load__mw__nevp,rt15_lmp_hourly_mean__lmp_usd_per_mwh__th_np15_gen_apnd","actual_load__mw__nevp,rt15_lmp_hourly_mean__lmp_usd_per_mwh__th_np15_gen_apnd"
actual_renewable_generation__mw__sp15__solar,dam_lmp__loss_usd_per_mwh__th_sp15_gen_apnd,0.10055774450302124,0.17929524183273315,0.20889806747436523,0.22760158777236938,rt15_lmp_hourly_mean__loss_usd_per_mwh__th_np15_gen_apnd,"actual_load__mw__pace,dam_renewable_forecast__mw__sp15__wind","actual_load__mw__pace,dam_renewable_forecast__mw__sp15__wind,rt15_lmp_hourly_mean__loss_usd_per_mwh__th_np15_gen_apnd"
actual_renewable_generation__mw__sp15__solar,rt15_lmp_hourly_mean__congestion_usd_per_mwh__th_sp15_gen_apnd,0.26558876037597656,0.2946341037750244,0.3655473589897156,0.3944029211997986,actual_load__mw__nevp,"actual_load__mw__nevp,rt15_lmp_hourly_mean__lmp_usd_per_mwh__th_np15_gen_apnd","actual_load__mw__nevp,dam_renewable_forecast__mw__sp15__wind,rt15_lmp_hourly_mean__lmp_usd_per_mwh__th_np15_gen_apnd"
actual_renewable_generation__mw__sp15__solar,dam_as_total_procured__mw__ru__as_caiso,0.3811989426612854,0.39265918731689453,0.39265918731689453,0.39265918731689453,dam_renewable_forecast__mw__sp15__wind,dam_renewable_forecast__mw__sp15__wind,dam_renewable_forecast__mw__sp15__wind
actual_renewable_generation__mw__sp15__solar,dam_as_total_procured__mw__rd__as_caiso,0.730668306350708,0.7545536160469055,0.7545536160469055,0.7545536160469055,actual_load__mw__nevp,actual_load__mw__nevp,actual_load__mw__nevp
actual_renewable_generation__mw__sp15__solar,dam_as_total_procured__mw__sr__as_caiso,0.09575247764587402,0.11476999521255493,0.14544975757598877,0.14544975757598877,dam_schedule__mw__load__tac_north,"dam_load_forecast__mw__sdge_tac,actual_load__mw__bpat","dam_load_forecast__mw__sdge_tac,actual_load__mw__bpat"
actual_renewable_generation__mw__sp15__solar,dam_as_total_procured__mw__nr__as_caiso,0.019689083099365234,0.05221337080001831,0.06600326299667358,0.07006043195724487,dam_schedule__mw__load__tac_south,"dam_schedule__mw__load__tac_south,rtpd_eim_transfer__mw__export__bcha__malin500","dam_schedule__mw__load__tac_south,rtpd_eim_transfer__mw__export__bcha__malin500,rtpd_eim_transfer__mw__export__pge__malin500"
actual_renewable_generation__mw__sp15__wind,actual_load__mw__ca_iso_tac,-0.0030722618103027344,0.09904825687408447,0.12642061710357666,0.13507753610610962,dam_lmp__lmp_usd_per_mwh__th_zp26_gen_apnd,"dam_lmp__lmp_usd_per_mwh__th_zp26_gen_apnd,rt15_lmp_hourly_mean__loss_usd_per_mwh__th_np15_gen_apnd","dam_lmp__lmp_usd_per_mwh__th_zp26_gen_apnd,rt15_lmp_hourly_mean__loss_usd_per_mwh__th_np15_gen_apnd,rtpd_eim_transfer__mw__import__nevp__eldorado230"
actual_renewable_generation__mw__sp15__wind,dam_schedule__mw__generation__caiso_totals,0.0032518506050109863,0.06746035814285278,0.11261969804763794,0.12485682964324951,dam_lmp__lmp_usd_per_mwh__th_zp26_gen_apnd,"dam_lmp__lmp_usd_per_mwh__th_zp26_gen_apnd,rt15_lmp_hourly_mean__loss_usd_per_mwh__th_np15_gen_apnd","dam_lmp__lmp_usd_per_mwh__th_zp26_gen_apnd,rt15_lmp_hourly_mean__lmp_usd_per_mwh__th_sp15_gen_apnd,rtpd_eim_transfer__mw__import__ladwp__sylmar"
actual_renewable_generation__mw__sp15__wind,dam_schedule__mw__import__caiso_totals,0.015688002109527588,0.03494083881378174,0.06515341997146606,0.08575844764709473,dam_lmp__lmp_usd_per_mwh__th_np15_gen_apnd,"dam_load_forecast__mw__sce_tac,actual_load__mw__bpat","actual_load__mw__azps,dam_lmp__energy_usd_per_mwh__th_sp15_gen_apnd,dam_as_requirement__mw__as_caiso__spinning_reserve__minimum"
actual_renewable_generation__mw__sp15__wind,dam_schedule__mw__export__caiso_totals,0.020164132118225098,0.07620227336883545,0.12886500358581543,0.18593072891235352,dam_lmp__lmp_usd_per_mwh__th_zp26_gen_apnd,"dam_renewable_forecast__mw__sp15__solar,dam_lmp__lmp_usd_per_mwh__th_zp26_gen_apnd","dam_renewable_forecast__mw__sp15__solar,dam_lmp__lmp_usd_per_mwh__th_zp26_gen_apnd,rtpd_eim_transfer__mw__import__ladwp__sylmar"
actual_renewable_generation__mw__sp15__wind,dam_lmp__lmp_usd_per_mwh__th_sp15_gen_apnd,0.008371412754058838,0.047118306159973145,0.0815286636352539,0.0815286636352539,dam_renewable_forecast__mw__sp15__solar,"actual_load__mw__nevp,actual_renewable_generation__mw__sp15__solar","actual_load__mw__nevp,actual_renewable_generation__mw__sp15__solar"
actual_renewable_generation__mw__sp15__wind,dam_lmp__congestion_usd_per_mwh__th_sp15_gen_apnd,0.009089112281799316,0.03627711534500122,0.06568706035614014,0.07159161567687988,dam_lmp__lmp_usd_per_mwh__th_np15_gen_apnd,"actual_load__mw__nevp,dam_lmp__lmp_usd_per_mwh__th_np15_gen_apnd","actual_load__mw__nevp,dam_lmp__lmp_usd_per_mwh__th_np15_gen_apnd,rt15_lmp_hourly_mean__lmp_usd_per_mwh__th_np15_gen_apnd"
actual_renewable_generation__mw__sp15__wind,dam_lmp__loss_usd_per_mwh__th_sp15_gen_apnd,0.003983736038208008,0.03478807210922241,0.05661243200302124,0.0706358551979065,dam_load_forecast__mw__sdge_tac,"actual_load__mw__nevp,actual_renewable_generation__mw__sp15__solar","actual_renewable_generation__mw__np15__solar,dam_as_requirement__mw__as_caiso__spinning_reserve__minimum,rtpd_eim_transfer__mw__import__ladwp__sylmar"
actual_renewable_generation__mw__sp15__wind,rt15_lmp_hourly_mean__congestion_usd_per_mwh__th_sp15_gen_apnd,0.0044345855712890625,0.01649528741836548,0.05300319194793701,0.10436862707138062,dam_renewable_forecast__mw__sp15__wind,"dam_renewable_forecast__mw__np15__solar,dam_lmp__lmp_usd_per_mwh__th_zp26_gen_apnd","dam_renewable_forecast__mw__np15__solar,rt15_lmp_hourly_mean__lmp_usd_per_mwh__th_zp26_gen_apnd,dam_as_requirement__mw__as_caiso__spinning_reserve__minimum"
actual_renewable_generation__mw__sp15__wind,dam_as_total_procured__mw__ru__as_caiso,0.014171063899993896,0.061333298683166504,0.10431116819381714,0.10431116819381714,dam_lmp__lmp_usd_per_mwh__th_zp26_gen_apnd,"dam_load_forecast__mw__sce_tac,dam_lmp__energy_usd_per_mwh__th_sp15_gen_apnd","dam_load_forecast__mw__sce_tac,dam_lmp__energy_usd_per_mwh__th_sp15_gen_apnd"
actual_renewable_generation__mw__sp15__wind,dam_as_total_procured__mw__rd__as_caiso,0.016549885272979736,0.06349396705627441,0.09798979759216309,0.10223156213760376,dam_lmp__lmp_usd_per_mwh__th_np15_gen_apnd,"dam_lmp__energy_usd_per_mwh__th_sp15_gen_apnd,dam_schedule__mw__load__tac_ecntr","dam_lmp__energy_usd_per_mwh__th_sp15_gen_apnd,dam_schedule__mw__load__tac_ecntr,rtpd_eim_transfer__mw__import__nevp__eldorado230"
actual_renewable_generation__mw__sp15__wind,dam_as_total_procured__mw__sr__as_caiso,-0.0013282299041748047,0.013593137264251709,0.03126966953277588,0.061987996101379395,actual_load__mw__nevp,"dam_load_forecast__mw__sdge_tac,actual_load__mw__bpat","dam_load_forecast__mw__pge_tac,dam_lmp__energy_usd_per_mwh__th_sp15_gen_apnd,dam_lmp__lmp_usd_per_mwh__th_np15_gen_apnd"
actual_renewable_generation__mw__sp15__wind,dam_as_total_procured__mw__nr__as_caiso,0.017970621585845947,0.04988175630569458,0.05844801664352417,0.06951171159744263,dam_lmp__lmp_usd_per_mwh__th_zp26_gen_apnd,"dam_renewable_forecast__mw__zp26__solar,dam_lmp__lmp_usd_per_mwh__th_zp26_gen_apnd","dam_renewable_forecast__mw__sp15__solar,dam_lmp__lmp_usd_per_mwh__th_zp26_gen_apnd,dam_as_requirement__mw__as_caiso__regulation_up__minimum"
actual_renewable_generation__mw__zp26__solar,actual_load__mw__ca_iso_tac,0.1532524824142456,0.38986968994140625,0.394228458404541,0.394228458404541,dam_schedule__mw__load__tac_south,"dam_renewable_forecast__mw__np15__wind,dam_schedule__mw__load__tac_south","dam_renewable_forecast__mw__np15__wind,dam_schedule__mw__load__tac_south"
actual_renewable_generation__mw__zp26__solar,dam_schedule__mw__generation__caiso_totals,0.17683923244476318,0.4344066381454468,0.4761834144592285,0.4761834144592285,dam_lmp__energy_usd_per_mwh__th_sp15_gen_apnd,"dam_renewable_forecast__mw__sp15__wind,dam_lmp__energy_usd_per_mwh__th_sp15_gen_apnd","dam_renewable_forecast__mw__sp15__wind,dam_lmp__energy_usd_per_mwh__th_sp15_gen_apnd"
actual_renewable_generation__mw__zp26__solar,dam_schedule__mw__import__caiso_totals,0.2609570622444153,0.34667253494262695,0.34667253494262695,0.34667253494262695,actual_load__mw__pace,actual_load__mw__pace,actual_load__mw__pace
actual_renewable_generation__mw__zp26__solar,dam_schedule__mw__export__caiso_totals,0.24845421314239502,0.32753634452819824,0.3854385018348694,0.3854385018348694,dam_lmp__energy_usd_per_mwh__th_sp15_gen_apnd,"dam_renewable_forecast__mw__sp15__wind,dam_lmp__energy_usd_per_mwh__th_sp15_gen_apnd","dam_renewable_forecast__mw__sp15__wind,dam_lmp__energy_usd_per_mwh__th_sp15_gen_apnd"
actual_renewable_generation__mw__zp26__solar,dam_lmp__lmp_usd_per_mwh__th_sp15_gen_apnd,0.4953012466430664,0.649307131767273,0.6962867379188538,0.6962867379188538,actual_load__mw__pace,"actual_load__mw__pace,dam_renewable_forecast__mw__sp15__wind","actual_load__mw__pace,dam_renewable_forecast__mw__sp15__wind"
actual_renewable_generation__mw__zp26__solar,dam_lmp__congestion_usd_per_mwh__th_sp15_gen_apnd,0.371997594833374,0.4210636019706726,0.43455231189727783,0.43455231189727783,actual_load__mw__nevp,"actual_load__mw__nevp,rt15_lmp_hourly_mean__lmp_usd_per_mwh__th_np15_gen_apnd","actual_load__mw__nevp,rt15_lmp_hourly_mean__lmp_usd_per_mwh__th_np15_gen_apnd"
actual_renewable_generation__mw__zp26__solar,dam_lmp__loss_usd_per_mwh__th_sp15_gen_apnd,0.07977432012557983,0.16272926330566406,0.19236153364181519,0.21414333581924438,rt15_lmp_hourly_mean__loss_usd_per_mwh__th_np15_gen_apnd,"actual_load__mw__pace,rt15_lmp_hourly_mean__loss_usd_per_mwh__th_np15_gen_apnd","actual_load__mw__pace,dam_renewable_forecast__mw__sp15__wind,rt15_lmp_hourly_mean__loss_usd_per_mwh__th_np15_gen_apnd"
actual_renewable_generation__mw__zp26__solar,rt15_lmp_hourly_mean__congestion_usd_per_mwh__th_sp15_gen_apnd,0.23534679412841797,0.2656749486923218,0.3045765161514282,0.3121160864830017,actual_load__mw__nevp,"actual_load__mw__nevp,rtpd_eim_transfer__mw__export__banc__ranchoseco","actual_load__mw__nevp,dam_renewable_forecast__mw__sp15__wind,rtpd_eim_transfer__mw__export__banc__ranchoseco"
actual_renewable_generation__mw__zp26__solar,dam_as_total_procured__mw__ru__as_caiso,0.3586648106575012,0.3789178729057312,0.38415998220443726,0.39147841930389404,dam_as_requirement__mw__as_caiso__spinning_reserve__minimum,"dam_renewable_forecast__mw__sp15__wind,dam_as_requirement__mw__as_caiso__spinning_reserve__minimum","actual_renewable_generation__mw__zp26__wind,dam_renewable_forecast__mw__sp15__wind,dam_as_requirement__mw__as_caiso__spinning_reserve__minimum"
actual_renewable_generation__mw__zp26__solar,dam_as_total_procured__mw__rd__as_caiso,0.7231003046035767,0.7462857365608215,0.7462857365608215,0.7462857365608215,actual_load__mw__nevp,actual_load__mw__nevp,actual_load__mw__nevp
actual_renewable_generation__mw__zp26__solar,dam_as_total_procured__mw__sr__as_caiso,0.10705912113189697,0.12407106161117554,0.15627002716064453,0.15627002716064453,rt15_lmp_hourly_mean__loss_usd_per_mwh__th_np15_gen_apnd,"actual_load__mw__bpat,dam_schedule__mw__load__tac_north","actual_load__mw__bpat,dam_schedule__mw__load__tac_north"
actual_renewable_generation__mw__zp26__solar,dam_as_total_procured__mw__nr__as_caiso,0.011197924613952637,0.04745393991470337,0.06256687641143799,0.0731194019317627,actual_load__mw__pace,"actual_load__mw__pace,dam_renewable_forecast__mw__np15__wind","actual_load__mw__pace,dam_renewable_forecast__mw__np15__wind,actual_load__mw__bpat"
actual_renewable_generation__mw__zp26__wind,actual_load__mw__ca_iso_tac,0.0036733150482177734,0.029315292835235596,0.045758187770843506,0.06514352560043335,dam_lmp__lmp_usd_per_mwh__th_zp26_gen_apnd,"dam_renewable_forecast__mw__zp26__wind,actual_load__mw__bpat","dam_renewable_forecast__mw__zp26__wind,rt15_lmp_hourly_mean__loss_usd_per_mwh__th_np15_gen_apnd,actual_load__mw__bpat"
actual_renewable_generation__mw__zp26__wind,dam_schedule__mw__generation__caiso_totals,0.003863036632537842,0.022522032260894775,0.05397766828536987,0.065929114818573,actual_renewable_generation__mw__sp15__wind,"dam_renewable_forecast__mw__zp26__wind,actual_load__mw__bpat","dam_renewable_forecast__mw__zp26__wind,rt15_lmp_hourly_mean__loss_usd_per_mwh__th_np15_gen_apnd,actual_load__mw__bpat"
actual_renewable_generation__mw__zp26__wind,dam_schedule__mw__import__caiso_totals,0.017109155654907227,0.0326724648475647,0.04531782865524292,0.056359171867370605,dam_renewable_forecast__mw__zp26__wind,"dam_renewable_forecast__mw__sp15__wind,dam_as_requirement__mw__as_caiso__spinning_reserve__minimum","actual_renewable_generation__mw__sp15__wind,dam_lmp__lmp_usd_per_mwh__th_np15_gen_apnd,dam_as_requirement__mw__as_caiso__spinning_reserve__minimum"
actual_renewable_generation__mw__zp26__wind,dam_schedule__mw__export__caiso_totals,-0.0007746219635009766,0.022949039936065674,0.040305912494659424,0.07058548927307129,dam_lmp__lmp_usd_per_mwh__th_zp26_gen_apnd,"actual_renewable_generation__mw__np15__wind,dam_lmp__lmp_usd_per_mwh__th_np15_gen_apnd","dam_renewable_forecast__mw__np15__solar,dam_lmp__lmp_usd_per_mwh__th_zp26_gen_apnd,rtpd_eim_transfer__mw__import__ladwp__sylmar"
actual_renewable_generation__mw__zp26__wind,dam_lmp__lmp_usd_per_mwh__th_sp15_gen_apnd,0.005632936954498291,0.045007944107055664,0.04851937294006348,0.05280870199203491,dam_renewable_forecast__mw__sp15__solar,"dam_renewable_forecast__mw__np15__solar,dam_renewable_forecast__mw__sp15__solar","dam_renewable_forecast__mw__sp15__solar,actual_load__mw__bpat,rtpd_eim_transfer__mw__export__pge__malin500"
actual_renewable_generation__mw__zp26__wind,dam_lmp__congestion_usd_per_mwh__th_sp15_gen_apnd,0.0,0.014622986316680908,0.040183842182159424,0.0724133849143982,dam_schedule__mw__load__tac_ecntr,"actual_load__mw__pace,rt15_lmp_hourly_mean__loss_usd_per_mwh__th_np15_gen_apnd","dam_renewable_forecast__mw__zp26__solar,actual_load__mw__bpat,rtpd_eim_transfer__mw__export__banc__ranchoseco"
actual_renewable_generation__mw__zp26__wind,dam_lmp__loss_usd_per_mwh__th_sp15_gen_apnd,0.004976332187652588,0.026708364486694336,0.04142051935195923,0.05150580406188965,actual_renewable_generation__mw__sp15__solar,"actual_renewable_generation__mw__sp15__solar,dam_as_requirement__mw__as_caiso__regulation_up__minimum","actual_renewable_generation__mw__np15__solar,dam_as_requirement__mw__as_caiso__spinning_reserve__minimum,rtpd_eim_transfer__mw__import__ladwp__sylmar"
actual_renewable_generation__mw__zp26__wind,rt15_lmp_hourly_mean__congestion_usd_per_mwh__th_sp15_gen_apnd,0.002260148525238037,0.017992734909057617,0.03654754161834717,0.11891520023345947,dam_schedule__mw__load__tac_ecntr,"actual_load__mw__bpat,rtpd_eim_transfer__mw__export__bcha__malin500","dam_load_forecast__mw__sce_tac,dam_lmp__lmp_usd_per_mwh__th_np15_gen_apnd,dam_as_requirement__mw__as_caiso__regulation_up__minimum"
actual_renewable_generation__mw__zp26__wind,dam_as_total_procured__mw__ru__as_caiso,0.002840101718902588,0.029554009437561035,0.04461854696273804,0.04931187629699707,dam_lmp__lmp_usd_per_mwh__th_zp26_gen_apnd,"dam_lmp__lmp_usd_per_mwh__th_zp26_gen_apnd,dam_schedule__mw__load__tac_ecntr","dam_load_forecast__mw__sce_tac,dam_lmp__lmp_usd_per_mwh__th_zp26_gen_apnd,rtpd_eim_transfer__mw__import__ladwp__sylmar"
actual_renewable_generation__mw__zp26__wind,dam_as_total_procured__mw__rd__as_caiso,0.005498945713043213,0.02465587854385376,0.03928959369659424,0.051300048828125,rt15_lmp_hourly_mean__lmp_usd_per_mwh__th_sp15_gen_apnd,"dam_lmp__lmp_usd_per_mwh__th_np15_gen_apnd,dam_schedule__mw__load__tac_ecntr","dam_renewable_forecast__mw__np15__wind,dam_renewable_forecast__mw__sp15__wind,dam_renewable_forecast__mw__zp26__wind"
actual_renewable_generation__mw__zp26__wind,dam_as_total_procured__mw__sr__as_caiso,0.00651174783706665,0.012997806072235107,0.0221291184425354,0.047074317932128906,dam_renewable_forecast__mw__np15__wind,"actual_renewable_generation__mw__np15__wind,rtpd_eim_transfer__mw__export__banc__ranchoseco","rt15_lmp_hourly_mean__lmp_usd_per_mwh__th_np15_gen_apnd,rt15_lmp_hourly_mean__lmp_usd_per_mwh__th_zp26_gen_apnd,actual_load__mw__bpat"
actual_renewable_generation__mw__zp26__wind,dam_as_total_procured__mw__nr__as_caiso,0.003734290599822998,0.015915513038635254,0.02279055118560791,0.0378989577293396,actual_load__mw__bpat,"actual_load__mw__bpat,dam_as_requirement__mw__as_caiso__regulation_down__minimum","actual_renewable_generation__mw__np15__solar,dam_lmp__lmp_usd_per_mwh__th_zp26_gen_apnd,dam_as_requirement__mw__as_caiso_exp__regulation_mileage_down__minimum"
dam_renewable_forecast__mw__np15__solar,actual_load__mw__ca_iso_tac,0.11157208681106567,0.3921249508857727,0.3921249508857727,0.3921249508857727,dam_lmp__energy_usd_per_mwh__th_sp15_gen_apnd,dam_lmp__energy_usd_per_mwh__th_sp15_gen_apnd,dam_lmp__energy_usd_per_mwh__th_sp15_gen_apnd
dam_renewable_forecast__mw__np15__solar,dam_schedule__mw__generation__caiso_totals,0.1483054757118225,0.465853214263916,0.4953036904335022,0.4953036904335022,dam_lmp__energy_usd_per_mwh__th_sp15_gen_apnd,"dam_renewable_forecast__mw__sp15__wind,dam_lmp__energy_usd_per_mwh__th_sp15_gen_apnd","dam_renewable_forecast__mw__sp15__wind,dam_lmp__energy_usd_per_mwh__th_sp15_gen_apnd"
dam_renewable_forecast__mw__np15__solar,dam_schedule__mw__import__caiso_totals,0.30313795804977417,0.38483554124832153,0.38483554124832153,0.38483554124832153,actual_load__mw__pace,actual_load__mw__pace,actual_load__mw__pace
dam_renewable_forecast__mw__np15__solar,dam_schedule__mw__export__caiso_totals,0.2753435969352722,0.3653719425201416,0.4080169200897217,0.4081389307975769,dam_lmp__lmp_usd_per_mwh__th_zp26_gen_apnd,"dam_renewable_forecast__mw__sp15__wind,dam_lmp__energy_usd_per_mwh__th_sp15_gen_apnd","dam_renewable_forecast__mw__sp15__wind,rt15_lmp_hourly_mean__lmp_usd_per_mwh__th_np15_gen_apnd,rtpd_eim_transfer__mw__import__ladwp__sylmar"
dam_renewable_forecast__mw__np15__solar,dam_lmp__lmp_usd_per_mwh__th_sp15_gen_apnd,0.5287824869155884,0.6919987201690674,0.7358790636062622,0.7358790636062622,actual_load__mw__pace,"actual_load__mw__pace,actual_renewable_generation__mw__sp15__wind","actual_load__mw__pace,actual_renewable_generation__mw__sp15__wind"
dam_renewable_forecast__mw__np15__solar,dam_lmp__congestion_usd_per_mwh__th_sp15_gen_apnd,0.39310312271118164,0.4541827440261841,0.4704771041870117,0.4704771041870117,actual_load__mw__nevp,"actual_load__mw__nevp,dam_renewable_forecast__mw__sp15__wind","actual_load__mw__nevp,dam_renewable_forecast__mw__sp15__wind"
dam_renewable_forecast__mw__np15__solar,dam_lmp__loss_usd_per_mwh__th_sp15_gen_apnd,0.1632978320121765,0.24428433179855347,0.2653294801712036,0.2797527313232422,actual_load__mw__pace,"actual_load__mw__pace,dam_renewable_forecast__mw__zp26__wind","actual_renewable_generation__mw__np15__wind,dam_renewable_forecast__mw__sp15__wind,dam_as_requirement__mw__as_caiso__spinning_reserve__minimum"
dam_renewable_forecast__mw__np15__solar,rt15_lmp_hourly_mean__congestion_usd_per_mwh__th_sp15_gen_apnd,0.23970067501068115,0.29180169105529785,0.3325231075286865,0.36108076572418213,actual_load__mw__nevp,"actual_load__mw__nevp,rt15_lmp_hourly_mean__lmp_usd_per_mwh__th_np15_gen_apnd","actual_load__mw__nevp,dam_renewable_forecast__mw__sp15__wind,rt15_lmp_hourly_mean__lmp_usd_per_mwh__th_np15_gen_apnd"
dam_renewable_forecast__mw__np15__solar,dam_as_total_procured__mw__ru__as_caiso,0.34313249588012695,0.3772889971733093,0.38840365409851074,0.39619970321655273,dam_as_requirement__mw__as_caiso__spinning_reserve__minimum,"dam_renewable_forecast__mw__sp15__wind,dam_as_requirement__mw__as_caiso__spinning_reserve__minimum","actual_renewable_generation__mw__zp26__wind,dam_renewable_forecast__mw__np15__wind,dam_as_requirement__mw__as_caiso__spinning_reserve__minimum"
dam_renewable_forecast__mw__np15__solar,dam_as_total_procured__mw__rd__as_caiso,0.7145974636077881,0.7472029328346252,0.7472029328346252,0.7472029328346252,actual_load__mw__nevp,actual_load__mw__nevp,actual_load__mw__nevp
dam_renewable_forecast__mw__np15__solar,dam_as_total_procured__mw__sr__as_caiso,0.099842369556427,0.12340450286865234,0.15384620428085327,0.15384620428085327,dam_lmp__energy_usd_per_mwh__th_sp15_gen_apnd,"actual_load__mw__bpat,dam_schedule__mw__load__tac_north","actual_load__mw__bpat,dam_schedule__mw__load__tac_north"
dam_renewable_forecast__mw__np15__solar,dam_as_total_procured__mw__nr__as_caiso,0.02298903465270996,0.05924630165100098,0.0749698281288147,0.08518493175506592,dam_lmp__lmp_usd_per_mwh__th_zp26_gen_apnd,"actual_load__mw__pace,actual_renewable_generation__mw__np15__wind","actual_load__mw__pace,actual_renewable_generation__mw__np15__wind,actual_load__mw__bpat"
dam_renewable_forecast__mw__np15__wind,actual_load__mw__ca_iso_tac,0.04301542043685913,0.12125569581985474,0.1747039556503296,0.21583551168441772,actual_load__mw__bpat,"dam_lmp__lmp_usd_per_mwh__th_zp26_gen_apnd,actual_load__mw__bpat","dam_renewable_forecast__mw__sp15__solar,dam_lmp__lmp_usd_per_mwh__th_np15_gen_apnd,actual_load__mw__bpat"
dam_renewable_forecast__mw__np15__wind,dam_schedule__mw__generation__caiso_totals,0.051571428775787354,0.17036443948745728,0.2053336501121521,0.22984111309051514,actual_load__mw__bpat,"actual_renewable_generation__mw__zp26__wind,actual_load__mw__bpat","dam_renewable_forecast__mw__sp15__solar,dam_lmp__lmp_usd_per_mwh__th_np15_gen_apnd,actual_load__mw__bpat"
dam_renewable_forecast__mw__np15__wind,dam_schedule__mw__import__caiso_totals,0.006283462047576904,0.03124147653579712,0.08384448289871216,0.11070293188095093,dam_lmp__energy_usd_per_mwh__th_sp15_gen_apnd,"actual_renewable_generation__mw__np15__solar,dam_lmp__lmp_usd_per_mwh__th_np15_gen_apnd","dam_load_forecast__mw__ca_iso_tac,actual_renewable_generation__mw__sp15__solar,dam_lmp__lmp_usd_per_mwh__th_np15_gen_apnd"
dam_renewable_forecast__mw__np15__wind,dam_schedule__mw__export__caiso_totals,0.05102717876434326,0.2305225133895874,0.2644711136817932,0.274671733379364,actual_load__mw__bpat,"actual_renewable_generation__mw__zp26__wind,actual_load__mw__bpat","actual_renewable_generation__mw__zp26__wind,dam_lmp__lmp_usd_per_mwh__th_zp26_gen_apnd,actual_load__mw__bpat"
dam_renewable_forecast__mw__np15__wind,dam_lmp__lmp_usd_per_mwh__th_sp15_gen_apnd,0.01522362232208252,0.03792518377304077,0.07907760143280029,0.08565014600753784,dam_as_requirement__mw__as_caiso__regulation_up__minimum,"actual_load__mw__pace,dam_as_requirement__mw__as_caiso__spinning_reserve__minimum","actual_load__mw__pace,dam_renewable_forecast__mw__zp26__wind,dam_as_requirement__mw__as_caiso__spinning_reserve__minimum"
dam_renewable_forecast__mw__np15__wind,dam_lmp__congestion_usd_per_mwh__th_sp15_gen_apnd,0.04967719316482544,0.08705377578735352,0.10803806781768799,0.13039660453796387,dam_lmp__lmp_usd_per_mwh__th_np15_gen_apnd,"dam_lmp__lmp_usd_per_mwh__th_np15_gen_apnd,dam_as_requirement__mw__as_caiso__spinning_reserve__minimum","dam_renewable_forecast__mw__np15__solar,dam_renewable_forecast__mw__sp15__wind,actual_load__mw__bpat"
dam_renewable_forecast__mw__np15__wind,dam_lmp__loss_usd_per_mwh__th_sp15_gen_apnd,0.009354889392852783,0.07412189245223999,0.09827780723571777,0.1172742247581482,dam_load_forecast__mw__pge_tac,"dam_load_forecast__mw__ca_iso_tac,actual_renewable_generation__mw__np15__solar","actual_renewable_generation__mw__np15__solar,dam_as_requirement__mw__as_caiso__spinning_reserve__minimum,rtpd_eim_transfer__mw__import__ladwp__sylmar"
dam_renewable_forecast__mw__np15__wind,rt15_lmp_hourly_mean__congestion_usd_per_mwh__th_sp15_gen_apnd,0.018074214458465576,0.05219751596450806,0.07961899042129517,0.12574869394302368,dam_lmp__lmp_usd_per_mwh__th_np15_gen_apnd,"dam_renewable_forecast__mw__np15__solar,actual_load__mw__bpat","dam_load_forecast__mw__sce_tac,dam_lmp__lmp_usd_per_mwh__th_np15_gen_apnd,rtpd_eim_transfer__mw__export__bcha__malin500"
dam_renewable_forecast__mw__np15__wind,dam_as_total_procured__mw__ru__as_caiso,0.023343682289123535,0.05964022874832153,0.09207189083099365,0.09343826770782471,dam_lmp__lmp_usd_per_mwh__th_np15_gen_apnd,"dam_lmp__lmp_usd_per_mwh__th_np15_gen_apnd,dam_schedule__mw__load__tac_ecntr","dam_lmp__lmp_usd_per_mwh__th_np15_gen_apnd,dam_schedule__mw__load__tac_north,rtpd_eim_transfer__mw__export__pge__malin500"
dam_renewable_forecast__mw__np15__wind,dam_as_total_procured__mw__rd__as_caiso,0.024330198764801025,0.04625415802001953,0.09640413522720337,0.09640413522720337,dam_lmp__lmp_usd_per_mwh__th_np15_gen_apnd,"dam_lmp__lmp_usd_per_mwh__th_np15_gen_apnd,dam_schedule__mw__load__tac_ecntr","dam_lmp__lmp_usd_per_mwh__th_np15_gen_apnd,dam_schedule__mw__load__tac_ecntr"
dam_renewable_forecast__mw__np15__wind,dam_as_total_procured__mw__sr__as_caiso,0.006377756595611572,0.021615922451019287,0.036640286445617676,0.060526490211486816,dam_as_requirement__mw__as_caiso__regulation_down__minimum,"rt15_lmp_hourly_mean__loss_usd_per_mwh__th_np15_gen_apnd,dam_as_requirement__mw__as_caiso_exp__regulation_mileage_down__minimum","dam_load_forecast__mw__pge_tac,dam_lmp__energy_usd_per_mwh__th_sp15_gen_apnd,dam_lmp__lmp_usd_per_mwh__th_np15_gen_apnd"
dam_renewable_forecast__mw__np15__wind,dam_as_total_procured__mw__nr__as_caiso,0.025253653526306152,0.07382041215896606,0.09289181232452393,0.09319955110549927,dam_lmp__lmp_usd_per_mwh__th_np15_gen_apnd,"dam_renewable_forecast__mw__np15__solar,actual_load__mw__bpat","dam_renewable_forecast__mw__zp26__solar,actual_load__mw__bpat,dam_as_requirement__mw__as_caiso__regulation_up__minimum"
dam_renewable_forecast__mw__sp15__solar,actual_load__mw__ca_iso_tac,0.07879239320755005,0.4020003080368042,0.414639949798584,0.414639949798584,dam_schedule__mw__load__tac_south,"dam_renewable_forecast__mw__np15__wind,dam_lmp__energy_usd_per_mwh__th_sp15_gen_apnd","dam_renewable_forecast__mw__np15__wind,dam_lmp__energy_usd_per_mwh__th_sp15_gen_apnd"
dam_renewable_forecast__mw__sp15__solar,dam_schedule__mw__generation__caiso_totals,0.10923933982849121,0.4095034599304199,0.46445322036743164,0.46445322036743164,dam_lmp__energy_usd_per_mwh__th_sp15_gen_apnd,"dam_renewable_forecast__mw__sp15__wind,dam_lmp__energy_usd_per_mwh__th_sp15_gen_apnd","dam_renewable_forecast__mw__sp15__wind,dam_lmp__energy_usd_per_mwh__th_sp15_gen_apnd"
dam_renewable_forecast__mw__sp15__solar,dam_schedule__mw__import__caiso_totals,0.29101115465164185,0.3520413041114807,0.3520413041114807,0.3520413041114807,actual_load__mw__pace,actual_load__mw__pace,actual_load__mw__pace
dam_renewable_forecast__mw__sp15__solar,dam_schedule__mw__export__caiso_totals,0.22583603858947754,0.30723273754119873,0.3685169816017151,0.3703330159187317,rt15_lmp_hourly_mean__loss_usd_per_mwh__th_np15_gen_apnd,"dam_renewable_forecast__mw__np15__wind,dam_lmp__energy_usd_per_mwh__th_sp15_gen_apnd","actual_renewable_generation__mw__np15__wind,dam_renewable_forecast__mw__np15__wind,dam_lmp__energy_usd_per_mwh__th_sp15_gen_apnd"
dam_renewable_forecast__mw__sp15__solar,dam_lmp__lmp_usd_per_mwh__th_sp15_gen_apnd,0.5911037921905518,0.7288364171981812,0.7799255847930908,0.7799255847930908,actual_load__mw__pace,"actual_load__mw__pace,actual_renewable_generation__mw__sp15__wind","actual_load__mw__pace,actual_renewable_generation__mw__sp15__wind"
dam_renewable_forecast__mw__sp15__solar,dam_lmp__congestion_usd_per_mwh__th_sp15_gen_apnd,0.4309738278388977,0.47052568197250366,0.4963034391403198,0.5072231888771057,actual_load__mw__nevp,"actual_load__mw__nevp,rt15_lmp_hourly_mean__lmp_usd_per_mwh__th_np15_gen_apnd","actual_load__mw__nevp,dam_renewable_forecast__mw__sp15__wind,dam_lmp__lmp_usd_per_mwh__th_np15_gen_apnd"
dam_renewable_forecast__mw__sp15__solar,dam_lmp__loss_usd_per_mwh__th_sp15_gen_apnd,0.16896164417266846,0.23958492279052734,0.2740728259086609,0.29649025201797485,dam_as_requirement__mw__as_caiso__spinning_reserve__minimum,"actual_renewable_generation__mw__np15__wind,dam_as_requirement__mw__as_caiso__spinning_reserve__minimum","actual_renewable_generation__mw__np15__wind,actual_renewable_generation__mw__sp15__wind,dam_as_requirement__mw__as_caiso__spinning_reserve__minimum"
dam_renewable_forecast__mw__sp15__solar,rt15_lmp_hourly_mean__congestion_usd_per_mwh__th_sp15_gen_apnd,0.2569742202758789,0.31317949295043945,0.3675730228424072,0.3983217477798462,dam_as_requirement__mw__as_caiso__spinning_reserve__minimum,"actual_load__mw__nevp,rt15_lmp_hourly_mean__lmp_usd_per_mwh__th_np15_gen_apnd","actual_load__mw__nevp,dam_renewable_forecast__mw__sp15__wind,rt15_lmp_hourly_mean__lmp_usd_per_mwh__th_np15_gen_apnd"
dam_renewable_forecast__mw__sp15__solar,dam_as_total_procured__mw__ru__as_caiso,0.3766669034957886,0.3966137766838074,0.40044623613357544,0.40044623613357544,dam_renewable_forecast__mw__sp15__wind,"dam_renewable_forecast__mw__sp15__wind,dam_renewable_forecast__mw__zp26__wind","dam_renewable_forecast__mw__sp15__wind,dam_renewable_forecast__mw__zp26__wind"
dam_renewable_forecast__mw__sp15__solar,dam_as_total_procured__mw__rd__as_caiso,0.729948878288269,0.760012686252594,0.760012686252594,0.760012686252594,actual_load__mw__nevp,actual_load__mw__nevp,actual_load__mw__nevp
dam_renewable_forecast__mw__sp15__solar,dam_as_total_procured__mw__sr__as_caiso,0.09311717748641968,0.12313580513000488,0.1515592336654663,0.1515592336654663,dam_lmp__energy_usd_per_mwh__th_sp15_gen_apnd,"actual_load__mw__bpat,dam_schedule__mw__load__tac_north","actual_load__mw__bpat,dam_schedule__mw__load__tac_north"
dam_renewable_forecast__mw__sp15__solar,dam_as_total_procured__mw__nr__as_caiso,0.027928292751312256,0.06016528606414795,0.07403451204299927,0.07665729522705078,dam_schedule__mw__load__tac_south,"dam_schedule__mw__load__tac_south,rtpd_eim_transfer__mw__export__bcha__malin500","rt15_lmp_hourly_mean__lmp_usd_per_mwh__th_np15_gen_apnd,dam_schedule__mw__load__tac_south,rtpd_eim_transfer__mw__export__banc__ranchoseco"
dam_renewable_forecast__mw__sp15__wind,actual_load__mw__ca_iso_tac,0.0035186409950256348,0.10854780673980713,0.13361012935638428,0.1576741337776184,dam_lmp__lmp_usd_per_mwh__th_zp26_gen_apnd,"dam_lmp__lmp_usd_per_mwh__th_zp26_gen_apnd,rt15_lmp_hourly_mean__loss_usd_per_mwh__th_np15_gen_apnd","dam_lmp__lmp_usd_per_mwh__th_zp26_gen_apnd,rt15_lmp_hourly_mean__lmp_usd_per_mwh__th_zp26_gen_apnd,rt15_lmp_hourly_mean__loss_usd_per_mwh__th_np15_gen_apnd"
dam_renewable_forecast__mw__sp15__wind,dam_schedule__mw__generation__caiso_totals,0.004410982131958008,0.07480204105377197,0.12101048231124878,0.1406550407409668,dam_lmp__lmp_usd_per_mwh__th_zp26_gen_apnd,"dam_renewable_forecast__mw__sp15__solar,dam_lmp__energy_usd_per_mwh__th_sp15_gen_apnd","dam_lmp__lmp_usd_per_mwh__th_zp26_gen_apnd,rt15_lmp_hourly_mean__lmp_usd_per_mwh__th_sp15_gen_apnd,rtpd_eim_transfer__mw__import__ladwp__sylmar"
dam_renewable_forecast__mw__sp15__wind,dam_schedule__mw__import__caiso_totals,0.00984269380569458,0.03649336099624634,0.06912916898727417,0.09543609619140625,dam_load_forecast__mw__sce_tac,"actual_load__mw__azps,dam_lmp__energy_usd_per_mwh__th_sp15_gen_apnd","actual_load__mw__azps,dam_lmp__energy_usd_per_mwh__th_sp15_gen_apnd,dam_as_requirement__mw__as_caiso__spinning_reserve__minimum"
dam_renewable_forecast__mw__sp15__wind,dam_schedule__mw__export__caiso_totals,0.01538783311843872,0.08309692144393921,0.14813971519470215,0.19985753297805786,dam_lmp__energy_usd_per_mwh__th_sp15_gen_apnd,"dam_renewable_forecast__mw__sp15__solar,dam_lmp__energy_usd_per_mwh__th_sp15_gen_apnd","dam_renewable_forecast__mw__sp15__solar,dam_lmp__lmp_usd_per_mwh__th_zp26_gen_apnd,rtpd_eim_transfer__mw__import__ladwp__sylmar"
dam_renewable_forecast__mw__sp15__wind,dam_lmp__lmp_usd_per_mwh__th_sp15_gen_apnd,0.02314680814743042,0.0654447078704834,0.09952622652053833,0.09952622652053833,dam_renewable_forecast__mw__sp15__solar,"actual_load__mw__nevp,actual_renewable_generation__mw__sp15__solar","actual_load__mw__nevp,actual_renewable_generation__mw__sp15__solar"
dam_renewable_forecast__mw__sp15__wind,dam_lmp__congestion_usd_per_mwh__th_sp15_gen_apnd,0.0,0.028524816036224365,0.056613385677337646,0.07887804508209229,dam_lmp__energy_usd_per_mwh__th_sp15_gen_apnd,"actual_load__mw__nevp,rt15_lmp_hourly_mean__lmp_usd_per_mwh__th_np15_gen_apnd","actual_load__mw__nevp,dam_lmp__lmp_usd_per_mwh__th_np15_gen_apnd,rt15_lmp_hourly_mean__lmp_usd_per_mwh__th_np15_gen_apnd"
dam_renewable_forecast__mw__sp15__wind,dam_lmp__loss_usd_per_mwh__th_sp15_gen_apnd,0.011256217956542969,0.053398966789245605,0.06985372304916382,0.07346051931381226,actual_renewable_generation__mw__sp15__solar,"actual_load__mw__nevp,actual_renewable_generation__mw__sp15__solar","actual_load__mw__nevp,actual_load__mw__azps,actual_renewable_generation__mw__sp15__solar"
dam_renewable_forecast__mw__sp15__wind,rt15_lmp_hourly_mean__congestion_usd_per_mwh__th_sp15_gen_apnd,-1.0848045349121094e-05,0.015180110931396484,0.06573164463043213,0.1214369535446167,dam_renewable_forecast__mw__np15__wind,"dam_renewable_forecast__mw__np15__solar,dam_lmp__lmp_usd_per_mwh__th_zp26_gen_apnd","dam_load_forecast__mw__sce_tac,dam_lmp__lmp_usd_per_mwh__th_np15_gen_apnd,dam_as_requirement__mw__as_caiso__regulation_up__minimum"
dam_renewable_forecast__mw__sp15__wind,dam_as_total_procured__mw__ru__as_caiso,0.013258755207061768,0.06825953722000122,0.11259722709655762,0.11259722709655762,dam_lmp__lmp_usd_per_mwh__th_zp26_gen_apnd,"dam_load_forecast__mw__sce_tac,dam_lmp__energy_usd_per_mwh__th_sp15_gen_apnd","dam_load_forecast__mw__sce_tac,dam_lmp__energy_usd_per_mwh__th_sp15_gen_apnd"
dam_renewable_forecast__mw__sp15__wind,dam_as_total_procured__mw__rd__as_caiso,0.014022409915924072,0.06395018100738525,0.10794448852539062,0.10794448852539062,dam_lmp__energy_usd_per_mwh__th_sp15_gen_apnd,"dam_lmp__energy_usd_per_mwh__th_sp15_gen_apnd,dam_schedule__mw__load__tac_ecntr","dam_lmp__energy_usd_per_mwh__th_sp15_gen_apnd,dam_schedule__mw__load__tac_ecntr"
dam_renewable_forecast__mw__sp15__wind,dam_as_total_procured__mw__sr__as_caiso,0.0011404156684875488,0.021654188632965088,0.041294991970062256,0.06678175926208496,actual_load__mw__azps,"actual_load__mw__nevp,dam_lmp__energy_usd_per_mwh__th_sp15_gen_apnd","dam_load_forecast__mw__pge_tac,dam_lmp__energy_usd_per_mwh__th_sp15_gen_apnd,dam_lmp__lmp_usd_per_mwh__th_np15_gen_apnd"
dam_renewable_forecast__mw__sp15__wind,dam_as_total_procured__mw__nr__as_caiso,0.02041149139404297,0.05510956048965454,0.06687617301940918,0.0770837664604187,dam_lmp__lmp_usd_per_mwh__th_zp26_gen_apnd,"dam_lmp__energy_usd_per_mwh__th_sp15_gen_apnd,actual_load__mw__bpat","dam_renewable_forecast__mw__sp15__solar,dam_lmp__lmp_usd_per_mwh__th_zp26_gen_apnd,dam_as_requirement__mw__as_caiso__regulation_up__minimum"
dam_renewable_forecast__mw__zp26__solar,actual_load__mw__ca_iso_tac,0.09995108842849731,0.3929535150527954,0.40124112367630005,0.40124112367630005,dam_lmp__energy_usd_per_mwh__th_sp15_gen_apnd,"dam_renewable_forecast__mw__np15__wind,dam_lmp__energy_usd_per_mwh__th_sp15_gen_apnd","dam_renewable_forecast__mw__np15__wind,dam_lmp__energy_usd_per_mwh__th_sp15_gen_apnd"
dam_renewable_forecast__mw__zp26__solar,dam_schedule__mw__generation__caiso_totals,0.1297648549079895,0.4453198313713074,0.4897337555885315,0.4897337555885315,dam_lmp__energy_usd_per_mwh__th_sp15_gen_apnd,"dam_renewable_forecast__mw__sp15__wind,dam_lmp__energy_usd_per_mwh__th_sp15_gen_apnd","dam_renewable_forecast__mw__sp15__wind,dam_lmp__energy_usd_per_mwh__th_sp15_gen_apnd"
dam_renewable_forecast__mw__zp26__solar,dam_schedule__mw__import__caiso_totals,0.2961575388908386,0.37325650453567505,0.37325650453567505,0.37325650453567505,actual_load__mw__pace,actual_load__mw__pace,actual_load__mw__pace
dam_renewable_forecast__mw__zp26__solar,dam_schedule__mw__export__caiso_totals,0.24658983945846558,0.3272550702095032,0.3912176489830017,0.3912176489830017,dam_lmp__lmp_usd_per_mwh__th_zp26_gen_apnd,"dam_renewable_forecast__mw__sp15__wind,dam_lmp__lmp_usd_per_mwh__th_zp26_gen_apnd","dam_renewable_forecast__mw__sp15__wind,dam_lmp__lmp_usd_per_mwh__th_zp26_gen_apnd"
dam_renewable_forecast__mw__zp26__solar,dam_lmp__lmp_usd_per_mwh__th_sp15_gen_apnd,0.5478640794754028,0.7097002267837524,0.7619646191596985,0.7619646191596985,actual_load__mw__pace,"actual_load__mw__pace,dam_renewable_forecast__mw__sp15__wind","actual_load__mw__pace,dam_renewable_forecast__mw__sp15__wind"
dam_renewable_forecast__mw__zp26__solar,dam_lmp__congestion_usd_per_mwh__th_sp15_gen_apnd,0.38696521520614624,0.4496583938598633,0.4680386781692505,0.4680386781692505,actual_load__mw__nevp,"actual_load__mw__nevp,dam_renewable_forecast__mw__sp15__wind","actual_load__mw__nevp,dam_renewable_forecast__mw__sp15__wind"
dam_renewable_forecast__mw__zp26__solar,dam_lmp__loss_usd_per_mwh__th_sp15_gen_apnd,0.16548889875411987,0.24888533353805542,0.2770805358886719,0.29400724172592163,actual_load__mw__pace,"actual_load__mw__pace,dam_renewable_forecast__mw__sp15__wind","actual_renewable_generation__mw__np15__wind,dam_renewable_forecast__mw__sp15__wind,dam_as_requirement__mw__as_caiso__spinning_reserve__minimum"
dam_renewable_forecast__mw__zp26__solar,rt15_lmp_hourly_mean__congestion_usd_per_mwh__th_sp15_gen_apnd,0.23075991868972778,0.2751678228378296,0.34694141149520874,0.37432366609573364,actual_load__mw__nevp,"actual_load__mw__nevp,rt15_lmp_hourly_mean__lmp_usd_per_mwh__th_np15_gen_apnd","actual_load__mw__pace,rt15_lmp_hourly_mean__lmp_usd_per_mwh__th_np15_gen_apnd,actual_load__mw__bpat"
dam_renewable_forecast__mw__zp26__solar,dam_as_total_procured__mw__ru__as_caiso,0.3703664541244507,0.39200735092163086,0.3978040814399719,0.40693074464797974,dam_as_requirement__mw__as_caiso__spinning_reserve__minimum,"dam_renewable_forecast__mw__zp26__wind,dam_as_requirement__mw__as_caiso__spinning_reserve__minimum","actual_renewable_generation__mw__zp26__wind,dam_renewable_forecast__mw__sp15__wind,dam_as_requirement__mw__as_caiso__spinning_reserve__minimum"
dam_renewable_forecast__mw__zp26__solar,dam_as_total_procured__mw__rd__as_caiso,0.725003719329834,0.7540292739868164,0.7540292739868164,0.7540292739868164,actual_load__mw__nevp,actual_load__mw__nevp,actual_load__mw__nevp
dam_renewable_forecast__mw__zp26__solar,dam_as_total_procured__mw__sr__as_caiso,0.10316509008407593,0.1359952688217163,0.15955567359924316,0.15955567359924316,dam_lmp__energy_usd_per_mwh__th_sp15_gen_apnd,"actual_load__mw__bpat,dam_schedule__mw__load__tac_north","actual_load__mw__bpat,dam_schedule__mw__load__tac_north"
dam_renewable_forecast__mw__zp26__solar,dam_as_total_procured__mw__nr__as_caiso,0.027042746543884277,0.062032341957092285,0.07771849632263184,0.08719861507415771,dam_schedule__mw__load__tac_south,"actual_load__mw__pace,actual_renewable_generation__mw__np15__wind","actual_load__mw__pace,dam_renewable_forecast__mw__np15__wind,actual_load__mw__bpat"
dam_renewable_forecast__mw__zp26__wind,actual_load__mw__ca_iso_tac,0.010234534740447998,0.05455732345581055,0.06449294090270996,0.08447480201721191,dam_lmp__lmp_usd_per_mwh__th_zp26_gen_apnd,"actual_renewable_generation__mw__sp15__wind,dam_as_requirement__mw__as_caiso__spinning_reserve__minimum","actual_renewable_generation__mw__sp15__wind,dam_renewable_forecast__mw__np15__solar,actual_load__mw__bpat"
dam_renewable_forecast__mw__zp26__wind,dam_schedule__mw__generation__caiso_totals,0.006617188453674316,0.050143539905548096,0.08400869369506836,0.09374994039535522,dam_as_requirement__mw__as_caiso__spinning_reserve__minimum,"actual_renewable_generation__mw__sp15__wind,dam_as_requirement__mw__as_caiso__spinning_reserve__minimum","dam_lmp__lmp_usd_per_mwh__th_zp26_gen_apnd,rt15_lmp_hourly_mean__lmp_usd_per_mwh__th_sp15_gen_apnd,rtpd_eim_transfer__mw__import__ladwp__sylmar"
dam_renewable_forecast__mw__zp26__wind,dam_schedule__mw__import__caiso_totals,0.018530070781707764,0.04343956708908081,0.05434715747833252,0.07057499885559082,dam_lmp__lmp_usd_per_mwh__th_np15_gen_apnd,"actual_renewable_generation__mw__zp26__wind,dam_lmp__energy_usd_per_mwh__th_sp15_gen_apnd","dam_lmp__energy_usd_per_mwh__th_sp15_gen_apnd,actual_load__mw__bpat,dam_as_requirement__mw__as_caiso_exp__regulation_mileage_up__minimum"
dam_renewable_forecast__mw__zp26__wind,dam_schedule__mw__export__caiso_totals,0.0,0.033680617809295654,0.05214196443557739,0.09221166372299194,dam_lmp__lmp_usd_per_mwh__th_zp26_gen_apnd,"dam_lmp__lmp_usd_per_mwh__th_np15_gen_apnd,dam_as_requirement__mw__as_caiso_exp__regulation_mileage_up__minimum","dam_lmp__lmp_usd_per_mwh__th_zp26_gen_apnd,rt15_lmp_hourly_mean__lmp_usd_per_mwh__th_sp15_gen_apnd,rtpd_eim_transfer__mw__import__ladwp__sylmar"
dam_renewable_forecast__mw__zp26__wind,dam_lmp__lmp_usd_per_mwh__th_sp15_gen_apnd,0.02031111717224121,0.06156051158905029,0.06996679306030273,0.06996679306030273,dam_renewable_forecast__mw__sp15__solar,"dam_renewable_forecast__mw__np15__solar,dam_renewable_forecast__mw__sp15__solar","dam_renewable_forecast__mw__np15__solar,dam_renewable_forecast__mw__sp15__solar"
dam_renewable_forecast__mw__zp26__wind,dam_lmp__congestion_usd_per_mwh__th_sp15_gen_apnd,0.0,0.022179245948791504,0.04757314920425415,0.07223033905029297,dam_lmp__lmp_usd_per_mwh__th_np15_gen_apnd,"dam_lmp__lmp_usd_per_mwh__th_np15_gen_apnd,dam_schedule__mw__load__tac_south","actual_renewable_generation__mw__sp15__wind,dam_lmp__lmp_usd_per_mwh__th_np15_gen_apnd,dam_schedule__mw__load__tac_south"
dam_renewable_forecast__mw__zp26__wind,dam_lmp__loss_usd_per_mwh__th_sp15_gen_apnd,0.0043621063232421875,0.045797109603881836,0.06101566553115845,0.0617024302482605,actual_renewable_generation__mw__sp15__solar,"actual_renewable_generation__mw__sp15__solar,dam_as_requirement__mw__as_caiso__regulation_up__minimum","actual_renewable_generation__mw__np15__solar,dam_as_requirement__mw__as_caiso__spinning_reserve__minimum,rtpd_eim_transfer__mw__import__ladwp__sylmar"
dam_renewable_forecast__mw__zp26__wind,rt15_lmp_hourly_mean__congestion_usd_per_mwh__th_sp15_gen_apnd,4.547834396362305e-05,0.01341336965560913,0.03370636701583862,0.11600792407989502,dam_lmp__energy_usd_per_mwh__th_sp15_gen_apnd,"actual_renewable_generation__mw__np15__solar,rt15_lmp_hourly_mean__lmp_usd_per_mwh__th_sp15_gen_apnd","rt15_lmp_hourly_mean__lmp_usd_per_mwh__th_zp26_gen_apnd,actual_load__mw__bpat,rtpd_eim_transfer__mw__export__bcha__malin500"
dam_renewable_forecast__mw__zp26__wind,dam_as_total_procured__mw__ru__as_caiso,0.0,0.03156310319900513,0.05530667304992676,0.05775719881057739,rt15_lmp_hourly_mean__lmp_usd_per_mwh__th_zp26_gen_apnd,"dam_load_forecast__mw__sce_tac,dam_lmp__lmp_usd_per_mwh__th_zp26_gen_apnd","actual_load__mw__azps,dam_lmp__lmp_usd_per_mwh__th_zp26_gen_apnd,rtpd_eim_transfer__mw__import__ladwp__sylmar"
dam_renewable_forecast__mw__zp26__wind,dam_as_total_procured__mw__rd__as_caiso,0.005882382392883301,0.03515714406967163,0.050122976303100586,0.05462503433227539,dam_lmp__lmp_usd_per_mwh__th_zp26_gen_apnd,"dam_load_forecast__mw__ca_iso_tac,dam_lmp__energy_usd_per_mwh__th_sp15_gen_apnd","dam_lmp__energy_usd_per_mwh__th_sp15_gen_apnd,dam_schedule__mw__load__tac_north,rtpd_eim_transfer__mw__import__nevp__eldorado230"
dam_renewable_forecast__mw__zp26__wind,dam_as_total_procured__mw__sr__as_caiso,0.00021648406982421875,0.012516260147094727,0.031247615814208984,0.0470697283744812,dam_load_forecast__mw__ca_iso_tac,"dam_load_forecast__mw__sdge_tac,actual_load__mw__bpat","rt15_lmp_hourly_mean__lmp_usd_per_mwh__th_np15_gen_apnd,rt15_lmp_hourly_mean__lmp_usd_per_mwh__th_zp26_gen_apnd,actual_load__mw__bpat"
dam_renewable_forecast__mw__zp26__wind,dam_as_total_procured__mw__nr__as_caiso,0.006973683834075928,0.02085554599761963,0.028478801250457764,0.039933085441589355,dam_lmp__lmp_usd_per_mwh__th_zp26_gen_apnd,"rt15_lmp_hourly_mean__lmp_usd_per_mwh__th_np15_gen_apnd,rtpd_eim_transfer__mw__export__banc__ranchoseco","rt15_lmp_hourly_mean__lmp_usd_per_mwh__th_np15_gen_apnd,rt15_lmp_hourly_mean__lmp_usd_per_mwh__th_zp26_gen_apnd,rtpd_eim_transfer__mw__export__banc__ranchoseco"
dam_lmp__energy_usd_per_mwh__th_sp15_gen_apnd,actual_load__mw__ca_iso_tac,0.1331353783607483,0.45223623514175415,0.5166618227958679,0.5282349586486816,dam_renewable_forecast__mw__sp15__solar,"actual_renewable_generation__mw__sp15__wind,dam_renewable_forecast__mw__sp15__solar","actual_renewable_generation__mw__sp15__wind,dam_renewable_forecast__mw__np15__wind,dam_renewable_forecast__mw__sp15__solar"
dam_lmp__energy_usd_per_mwh__th_sp15_gen_apnd,dam_schedule__mw__generation__caiso_totals,0.14104175567626953,0.45858949422836304,0.5536588430404663,0.5536588430404663,dam_renewable_forecast__mw__np15__solar,"dam_renewable_forecast__mw__sp15__wind,dam_renewable_forecast__mw__zp26__solar","dam_renewable_forecast__mw__sp15__wind,dam_renewable_forecast__mw__zp26__solar"
dam_lmp__energy_usd_per_mwh__th_sp15_gen_apnd,dam_schedule__mw__import__caiso_totals,0.2565652132034302,0.3023102283477783,0.3298841714859009,0.35775822401046753,actual_load__mw__pace,"actual_load__mw__pace,dam_renewable_forecast__mw__np15__wind","actual_load__mw__pace,actual_renewable_generation__mw__np15__wind,dam_renewable_forecast__mw__zp26__wind"
dam_lmp__energy_usd_per_mwh__th_sp15_gen_apnd,dam_schedule__mw__export__caiso_totals,0.08888274431228638,0.22422635555267334,0.27055495977401733,0.2983025908470154,dam_lmp__lmp_usd_per_mwh__th_zp26_gen_apnd,"dam_renewable_forecast__mw__sp15__wind,dam_renewable_forecast__mw__zp26__solar","actual_renewable_generation__mw__sp15__solar,dam_renewable_forecast__mw__np15__wind,dam_renewable_forecast__mw__sp15__wind"
dam_lmp__energy_usd_per_mwh__th_sp15_gen_apnd,dam_lmp__lmp_usd_per_mwh__th_sp15_gen_apnd,0.957482635974884,0.957482635974884,0.957482635974884,0.957482635974884,∅,∅,∅
dam_lmp__energy_usd_per_mwh__th_sp15_gen_apnd,dam_lmp__congestion_usd_per_mwh__th_sp15_gen_apnd,0.31602048873901367,0.5636616349220276,0.5683781504631042,0.5683781504631042,dam_lmp__lmp_usd_per_mwh__th_np15_gen_apnd,"dam_lmp__lmp_usd_per_mwh__th_np15_gen_apnd,dam_schedule__mw__load__tac_ecntr","dam_lmp__lmp_usd_per_mwh__th_np15_gen_apnd,dam_schedule__mw__load__tac_ecntr"
dam_lmp__energy_usd_per_mwh__th_sp15_gen_apnd,dam_lmp__loss_usd_per_mwh__th_sp15_gen_apnd,0.42908596992492676,0.4958956837654114,0.5152279734611511,0.5168358683586121,rt15_lmp_hourly_mean__loss_usd_per_mwh__th_np15_gen_apnd,"rt15_lmp_hourly_mean__loss_usd_per_mwh__th_np15_gen_apnd,dam_as_requirement__mw__as_caiso_exp__regulation_mileage_up__minimum","actual_renewable_generation__mw__sp15__wind,rt15_lmp_hourly_mean__loss_usd_per_mwh__th_np15_gen_apnd,dam_as_requirement__mw__as_caiso_exp__regulation_mileage_up__minimum"
dam_lmp__energy_usd_per_mwh__th_sp15_gen_apnd,rt15_lmp_hourly_mean__congestion_usd_per_mwh__th_sp15_gen_apnd,0.25784140825271606,0.47796177864074707,0.48547130823135376,0.48859232664108276,rt15_lmp_hourly_mean__lmp_usd_per_mwh__th_np15_gen_apnd,"actual_load__mw__pace,rt15_lmp_hourly_mean__lmp_usd_per_mwh__th_np15_gen_apnd","dam_renewable_forecast__mw__zp26__wind,rt15_lmp_hourly_mean__lmp_usd_per_mwh__th_np15_gen_apnd,rtpd_eim_transfer__mw__export__banc__ranchoseco"
dam_lmp__energy_usd_per_mwh__th_sp15_gen_apnd,dam_as_total_procured__mw__ru__as_caiso,0.14020323753356934,0.20983552932739258,0.26944053173065186,0.26944053173065186,dam_as_requirement__mw__as_caiso__spinning_reserve__minimum,"actual_load__mw__pace,dam_renewable_forecast__mw__sp15__wind","actual_load__mw__pace,dam_renewable_forecast__mw__sp15__wind"
dam_lmp__energy_usd_per_mwh__th_sp15_gen_apnd,dam_as_total_procured__mw__rd__as_caiso,0.3425943851470947,0.41005611419677734,0.46163761615753174,0.4699888825416565,actual_load__mw__pace,"dam_load_forecast__mw__sce_tac,actual_renewable_generation__mw__sp15__wind","dam_load_forecast__mw__sce_tac,actual_renewable_generation__mw__sp15__wind,dam_renewable_forecast__mw__zp26__wind"
dam_lmp__energy_usd_per_mwh__th_sp15_gen_apnd,dam_as_total_procured__mw__sr__as_caiso,0.027283012866973877,0.08446294069290161,0.09913867712020874,0.10526818037033081,dam_load_forecast__mw__ca_iso_tac,"dam_load_forecast__mw__ca_iso_tac,dam_renewable_forecast__mw__sp15__wind","dam_load_forecast__mw__ca_iso_tac,actual_renewable_generation__mw__sp15__wind,dam_renewable_forecast__mw__sp15__wind"
dam_lmp__energy_usd_per_mwh__th_sp15_gen_apnd,dam_as_total_procured__mw__nr__as_caiso,0.035710930824279785,0.0771874189376831,0.10168862342834473,0.1335996389389038,dam_renewable_forecast__mw__np15__wind,"actual_renewable_generation__mw__sp15__solar,dam_renewable_forecast__mw__np15__wind","actual_renewable_generation__mw__sp15__solar,dam_renewable_forecast__mw__np15__wind,dam_renewable_forecast__mw__sp15__wind"
dam_lmp__lmp_usd_per_mwh__th_np15_gen_apnd,actual_load__mw__ca_iso_tac,0.09677654504776001,0.34925299882888794,0.42613255977630615,0.4338228702545166,dam_renewable_forecast__mw__np15__solar,"dam_renewable_forecast__mw__np15__solar,dam_renewable_forecast__mw__np15__wind","actual_renewable_generation__mw__sp15__wind,dam_renewable_forecast__mw__np15__solar,dam_renewable_forecast__mw__np15__wind"
dam_lmp__lmp_usd_per_mwh__th_np15_gen_apnd,dam_schedule__mw__generation__caiso_totals,0.09969121217727661,0.38232576847076416,0.46021878719329834,0.4815976023674011,dam_renewable_forecast__mw__np15__solar,"dam_renewable_forecast__mw__np15__solar,dam_renewable_forecast__mw__np15__wind","dam_renewable_forecast__mw__np15__solar,dam_renewable_forecast__mw__np15__wind,dam_renewable_forecast__mw__sp15__wind"
dam_lmp__lmp_usd_per_mwh__th_np15_gen_apnd,dam_schedule__mw__import__caiso_totals,0.20308715105056763,0.2433374524116516,0.2848515510559082,0.2931079864501953,actual_load__mw__pace,"actual_load__mw__pace,actual_load__mw__bpat","actual_load__mw__pace,dam_renewable_forecast__mw__sp15__wind,actual_load__mw__bpat"
dam_lmp__lmp_usd_per_mwh__th_np15_gen_apnd,dam_schedule__mw__export__caiso_totals,0.06940728425979614,0.16123896837234497,0.2397657036781311,0.27422410249710083,dam_renewable_forecast__mw__np15__wind,"dam_renewable_forecast__mw__np15__solar,dam_renewable_forecast__mw__np15__wind","dam_renewable_forecast__mw__np15__solar,dam_renewable_forecast__mw__np15__wind,dam_renewable_forecast__mw__sp15__wind"
dam_lmp__lmp_usd_per_mwh__th_np15_gen_apnd,dam_lmp__lmp_usd_per_mwh__th_sp15_gen_apnd,0.7744160294532776,0.7873793840408325,0.7873793840408325,0.7873793840408325,dam_renewable_forecast__mw__np15__wind,dam_renewable_forecast__mw__np15__wind,dam_renewable_forecast__mw__np15__wind
dam_lmp__lmp_usd_per_mwh__th_np15_gen_apnd,dam_lmp__congestion_usd_per_mwh__th_sp15_gen_apnd,0.1101732850074768,0.3578144311904907,0.36543071269989014,0.36640697717666626,dam_lmp__energy_usd_per_mwh__th_sp15_gen_apnd,"dam_lmp__energy_usd_per_mwh__th_sp15_gen_apnd,dam_schedule__mw__load__tac_ecntr","dam_lmp__energy_usd_per_mwh__th_sp15_gen_apnd,dam_schedule__mw__load__tac_ecntr,rtpd_eim_transfer__mw__import__nevp__eldorado230"
dam_lmp__lmp_usd_per_mwh__th_np15_gen_apnd,dam_lmp__loss_usd_per_mwh__th_sp15_gen_apnd,0.44142961502075195,0.4710453152656555,0.4710453152656555,0.4745541214942932,dam_as_requirement__mw__as_caiso_exp__regulation_mileage_up__minimum,dam_as_requirement__mw__as_caiso_exp__regulation_mileage_up__minimum,"dam_as_requirement__mw__as_caiso_exp__regulation_mileage_up__minimum,dam_as_requirement__mw__as_caiso__regulation_up__minimum,rtpd_eim_transfer__mw__export__banc__ranchoseco"
dam_lmp__lmp_usd_per_mwh__th_np15_gen_apnd,rt15_lmp_hourly_mean__congestion_usd_per_mwh__th_sp15_gen_apnd,0.11052101850509644,0.24464315176010132,0.2464967966079712,0.26519596576690674,rt15_lmp_hourly_mean__lmp_usd_per_mwh__th_np15_gen_apnd,"actual_load__mw__pace,rt15_lmp_hourly_mean__lmp_usd_per_mwh__th_np15_gen_apnd","dam_renewable_forecast__mw__np15__wind,rt15_lmp_hourly_mean__lmp_usd_per_mwh__th_np15_gen_apnd,dam_as_requirement__mw__as_caiso__spinning_reserve__minimum"
dam_lmp__lmp_usd_per_mwh__th_np15_gen_apnd,dam_as_total_procured__mw__ru__as_caiso,0.11687076091766357,0.17310941219329834,0.23093461990356445,0.23899143934249878,dam_as_requirement__mw__as_caiso__spinning_reserve__minimum,"actual_load__mw__pace,actual_renewable_generation__mw__sp15__wind","actual_load__mw__pace,actual_renewable_generation__mw__zp26__wind,dam_renewable_forecast__mw__np15__wind"
dam_lmp__lmp_usd_per_mwh__th_np15_gen_apnd,dam_as_total_procured__mw__rd__as_caiso,0.23684418201446533,0.30987221002578735,0.34697163105010986,0.34697163105010986,actual_load__mw__pace,"actual_load__mw__pace,dam_renewable_forecast__mw__sp15__wind","actual_load__mw__pace,dam_renewable_forecast__mw__sp15__wind"
dam_lmp__lmp_usd_per_mwh__th_np15_gen_apnd,dam_as_total_procured__mw__sr__as_caiso,0.01981908082962036,0.06707870960235596,0.08191007375717163,0.09059035778045654,dam_load_forecast__mw__ca_iso_tac,"dam_load_forecast__mw__ca_iso_tac,dam_renewable_forecast__mw__sp15__wind","dam_schedule__mw__load__tac_north,dam_as_requirement__mw__as_caiso__regulation_up__minimum,rtpd_eim_transfer__mw__export__banc__ranchoseco"
dam_lmp__lmp_usd_per_mwh__th_np15_gen_apnd,dam_as_total_procured__mw__nr__as_caiso,0.02030545473098755,0.06890392303466797,0.10251051187515259,0.10962045192718506,actual_load__mw__nevp,"actual_load__mw__nevp,actual_load__mw__bpat","actual_load__mw__nevp,actual_renewable_generation__mw__zp26__wind,actual_load__mw__bpat"
dam_lmp__lmp_usd_per_mwh__th_zp26_gen_apnd,actual_load__mw__ca_iso_tac,0.10629880428314209,0.3829670548439026,0.44453608989715576,0.45074987411499023,dam_renewable_forecast__mw__sp15__solar,"actual_renewable_generation__mw__sp15__wind,dam_renewable_forecast__mw__zp26__solar","actual_renewable_generation__mw__sp15__wind,dam_renewable_forecast__mw__np15__wind,dam_renewable_forecast__mw__sp15__solar"
dam_lmp__lmp_usd_per_mwh__th_zp26_gen_apnd,dam_schedule__mw__generation__caiso_totals,0.10774117708206177,0.41159874200820923,0.5128505229949951,0.5128505229949951,dam_renewable_forecast__mw__zp26__solar,"dam_renewable_forecast__mw__sp15__wind,dam_renewable_forecast__mw__zp26__solar","dam_renewable_forecast__mw__sp15__wind,dam_renewable_forecast__mw__zp26__solar"
dam_lmp__lmp_usd_per_mwh__th_zp26_gen_apnd,dam_schedule__mw__import__caiso_totals,0.2869560718536377,0.3244837522506714,0.3545956611633301,0.36310088634490967,actual_load__mw__pace,"actual_load__mw__pace,dam_renewable_forecast__mw__np15__wind","actual_load__mw__pace,actual_renewable_generation__mw__np15__wind,dam_renewable_forecast__mw__zp26__wind"
dam_lmp__lmp_usd_per_mwh__th_zp26_gen_apnd,dam_schedule__mw__export__caiso_totals,0.0806119441986084,0.21595555543899536,0.2664337158203125,0.2776431441307068,dam_lmp__energy_usd_per_mwh__th_sp15_gen_apnd,"dam_renewable_forecast__mw__sp15__wind,dam_renewable_forecast__mw__zp26__solar","dam_renewable_forecast__mw__np15__wind,dam_renewable_forecast__mw__sp15__wind,dam_renewable_forecast__mw__zp26__solar"
dam_lmp__lmp_usd_per_mwh__th_zp26_gen_apnd,dam_lmp__lmp_usd_per_mwh__th_sp15_gen_apnd,0.9595754742622375,0.9595754742622375,0.9595754742622375,0.9595754742622375,∅,∅,∅
dam_lmp__lmp_usd_per_mwh__th_zp26_gen_apnd,dam_lmp__congestion_usd_per_mwh__th_sp15_gen_apnd,0.4215850234031677,0.6240570545196533,0.6240570545196533,0.6240570545196533,dam_lmp__lmp_usd_per_mwh__th_np15_gen_apnd,dam_lmp__lmp_usd_per_mwh__th_np15_gen_apnd,dam_lmp__lmp_usd_per_mwh__th_np15_gen_apnd
dam_lmp__lmp_usd_per_mwh__th_zp26_gen_apnd,dam_lmp__loss_usd_per_mwh__th_sp15_gen_apnd,0.36869198083877563,0.42193514108657837,0.4428507089614868,0.4428507089614868,rt15_lmp_hourly_mean__loss_usd_per_mwh__th_np15_gen_apnd,"rt15_lmp_hourly_mean__loss_usd_per_mwh__th_np15_gen_apnd,dam_as_requirement__mw__as_caiso_exp__regulation_mileage_up__minimum","rt15_lmp_hourly_mean__loss_usd_per_mwh__th_np15_gen_apnd,dam_as_requirement__mw__as_caiso_exp__regulation_mileage_up__minimum"
dam_lmp__lmp_usd_per_mwh__th_zp26_gen_apnd,rt15_lmp_hourly_mean__congestion_usd_per_mwh__th_sp15_gen_apnd,0.32669609785079956,0.5085560083389282,0.5134625434875488,0.5134625434875488,rt15_lmp_hourly_mean__lmp_usd_per_mwh__th_np15_gen_apnd,"dam_renewable_forecast__mw__sp15__wind,rt15_lmp_hourly_mean__lmp_usd_per_mwh__th_np15_gen_apnd","dam_renewable_forecast__mw__sp15__wind,rt15_lmp_hourly_mean__lmp_usd_per_mwh__th_np15_gen_apnd"
dam_lmp__lmp_usd_per_mwh__th_zp26_gen_apnd,dam_as_total_procured__mw__ru__as_caiso,0.15884673595428467,0.21610337495803833,0.2786303162574768,0.2786303162574768,dam_as_requirement__mw__as_caiso__spinning_reserve__minimum,"actual_load__mw__pace,dam_renewable_forecast__mw__sp15__wind","actual_load__mw__pace,dam_renewable_forecast__mw__sp15__wind"
dam_lmp__lmp_usd_per_mwh__th_zp26_gen_apnd,dam_as_total_procured__mw__rd__as_caiso,0.41597968339920044,0.4718768000602722,0.5069671869277954,0.5069671869277954,actual_load__mw__nevp,"actual_load__mw__nevp,actual_renewable_generation__mw__sp15__wind","actual_load__mw__nevp,actual_renewable_generation__mw__sp15__wind"
dam_lmp__lmp_usd_per_mwh__th_zp26_gen_apnd,dam_as_total_procured__mw__sr__as_caiso,0.04084932804107666,0.10334020853042603,0.11034148931503296,0.11430686712265015,dam_load_forecast__mw__ca_iso_tac,"dam_renewable_forecast__mw__sp15__wind,dam_schedule__mw__load__tac_north","dam_load_forecast__mw__ca_iso_tac,dam_renewable_forecast__mw__sp15__wind,actual_load__mw__bpat"
dam_lmp__lmp_usd_per_mwh__th_zp26_gen_apnd,dam_as_total_procured__mw__nr__as_caiso,0.019513607025146484,0.059716641902923584,0.09020382165908813,0.11221987009048462,dam_renewable_forecast__mw__np15__wind,"dam_renewable_forecast__mw__sp15__wind,dam_renewable_forecast__mw__zp26__solar","actual_renewable_generation__mw__sp15__solar,dam_renewable_forecast__mw__np15__wind,dam_renewable_forecast__mw__sp15__wind"
rt15_lmp_hourly_mean__lmp_usd_per_mwh__th_np15_gen_apnd,actual_load__mw__ca_iso_tac,0.07677900791168213,0.2335790991783142,0.27104681730270386,0.2902832627296448,dam_renewable_forecast__mw__np15__solar,"dam_renewable_forecast__mw__np15__solar,dam_renewable_forecast__mw__np15__wind","dam_renewable_forecast__mw__np15__solar,dam_renewable_forecast__mw__np15__wind,rtpd_eim_transfer__mw__export__banc__ranchoseco"
rt15_lmp_hourly_mean__lmp_usd_per_mwh__th_np15_gen_apnd,dam_schedule__mw__generation__caiso_totals,0.07809227705001831,0.24321383237838745,0.288058340549469,0.31359219551086426,dam_renewable_forecast__mw__np15__solar,"actual_renewable_generation__mw__sp15__wind,dam_renewable_forecast__mw__np15__solar","actual_renewable_generation__mw__sp15__wind,dam_renewable_forecast__mw__np15__solar,rtpd_eim_transfer__mw__export__banc__ranchoseco"
rt15_lmp_hourly_mean__lmp_usd_per_mwh__th_np15_gen_apnd,dam_schedule__mw__import__caiso_totals,0.10305476188659668,0.13268768787384033,0.16180962324142456,0.1828674077987671,actual_load__mw__pace,"actual_load__mw__pace,actual_load__mw__bpat","actual_load__mw__pace,actual_load__mw__nevp,actual_load__mw__bpat"
rt15_lmp_hourly_mean__lmp_usd_per_mwh__th_np15_gen_apnd,dam_schedule__mw__export__caiso_totals,0.02733975648880005,0.13484179973602295,0.15934395790100098,0.16329455375671387,dam_as_requirement__mw__as_caiso__spinning_reserve__minimum,"rt15_lmp_hourly_mean__lmp_usd_per_mwh__th_zp26_gen_apnd,rt15_lmp_hourly_mean__loss_usd_per_mwh__th_np15_gen_apnd","actual_renewable_generation__mw__zp26__wind,rt15_lmp_hourly_mean__lmp_usd_per_mwh__th_zp26_gen_apnd,rt15_lmp_hourly_mean__loss_usd_per_mwh__th_np15_gen_apnd"
rt15_lmp_hourly_mean__lmp_usd_per_mwh__th_np15_gen_apnd,dam_lmp__lmp_usd_per_mwh__th_sp15_gen_apnd,0.5396596193313599,0.5512536764144897,0.5558437705039978,0.5558437705039978,dam_renewable_forecast__mw__np15__wind,"actual_renewable_generation__mw__zp26__wind,dam_renewable_forecast__mw__np15__wind","actual_renewable_generation__mw__zp26__wind,dam_renewable_forecast__mw__np15__wind"
rt15_lmp_hourly_mean__lmp_usd_per_mwh__th_np15_gen_apnd,dam_lmp__congestion_usd_per_mwh__th_sp15_gen_apnd,0.05180513858795166,0.18520861864089966,0.20038646459579468,0.2060127854347229,rt15_lmp_hourly_mean__lmp_usd_per_mwh__th_zp26_gen_apnd,"actual_load__mw__nevp,rt15_lmp_hourly_mean__lmp_usd_per_mwh__th_zp26_gen_apnd","actual_load__mw__azps,rt15_lmp_hourly_mean__lmp_usd_per_mwh__th_zp26_gen_apnd,rtpd_eim_transfer__mw__import__ladwp__sylmar"
rt15_lmp_hourly_mean__lmp_usd_per_mwh__th_np15_gen_apnd,dam_lmp__loss_usd_per_mwh__th_sp15_gen_apnd,0.31503862142562866,0.3294113874435425,0.3387429714202881,0.3392501473426819,dam_as_requirement__mw__as_caiso_exp__regulation_mileage_up__minimum,"dam_as_requirement__mw__as_caiso_exp__regulation_mileage_up__minimum,rtpd_eim_transfer__mw__export__banc__ranchoseco","dam_as_requirement__mw__as_caiso_exp__regulation_mileage_up__minimum,dam_as_requirement__mw__as_caiso__regulation_up__minimum,rtpd_eim_transfer__mw__export__banc__ranchoseco"
rt15_lmp_hourly_mean__lmp_usd_per_mwh__th_np15_gen_apnd,rt15_lmp_hourly_mean__congestion_usd_per_mwh__th_sp15_gen_apnd,0.039993882179260254,0.377821683883667,0.4034010171890259,0.4034010171890259,rt15_lmp_hourly_mean__lmp_usd_per_mwh__th_sp15_gen_apnd,"rt15_lmp_hourly_mean__lmp_usd_per_mwh__th_sp15_gen_apnd,dam_as_requirement__mw__as_caiso_exp__regulation_mileage_up__minimum","rt15_lmp_hourly_mean__lmp_usd_per_mwh__th_sp15_gen_apnd,dam_as_requirement__mw__as_caiso_exp__regulation_mileage_up__minimum"
rt15_lmp_hourly_mean__lmp_usd_per_mwh__th_np15_gen_apnd,dam_as_total_procured__mw__ru__as_caiso,0.08827722072601318,0.12244844436645508,0.14963525533676147,0.16410714387893677,actual_load__mw__pace,"actual_load__mw__pace,actual_renewable_generation__mw__sp15__wind","actual_load__mw__pace,actual_renewable_generation__mw__sp15__wind,dam_renewable_forecast__mw__np15__wind"
rt15_lmp_hourly_mean__lmp_usd_per_mwh__th_np15_gen_apnd,dam_as_total_procured__mw__rd__as_caiso,0.14804399013519287,0.21322953701019287,0.22913682460784912,0.2346588373184204,actual_load__mw__pace,"actual_load__mw__pace,actual_renewable_generation__mw__sp15__wind","actual_load__mw__pace,actual_renewable_generation__mw__sp15__wind,actual_renewable_generation__mw__zp26__wind"
rt15_lmp_hourly_mean__lmp_usd_per_mwh__th_np15_gen_apnd,dam_as_total_procured__mw__sr__as_caiso,0.00963747501373291,0.03886979818344116,0.04986095428466797,0.06130033731460571,dam_load_forecast__mw__ca_iso_tac,"dam_load_forecast__mw__sce_tac,actual_load__mw__pace","dam_schedule__mw__load__tac_north,dam_as_requirement__mw__as_caiso__regulation_up__minimum,rtpd_eim_transfer__mw__export__banc__ranchoseco"
rt15_lmp_hourly_mean__lmp_usd_per_mwh__th_np15_gen_apnd,dam_as_total_procured__mw__nr__as_caiso,0.008508265018463135,0.05456298589706421,0.07203817367553711,0.08287960290908813,actual_load__mw__pace,"actual_load__mw__nevp,actual_load__mw__bpat","actual_load__mw__nevp,actual_renewable_generation__mw__zp26__wind,actual_load__mw__bpat"
rt15_lmp_hourly_mean__lmp_usd_per_mwh__th_sp15_gen_apnd,actual_load__mw__ca_iso_tac,0.08534657955169678,0.3212956190109253,0.3471316695213318,0.3539190888404846,dam_renewable_forecast__mw__sp15__solar,"actual_renewable_generation__mw__sp15__wind,dam_renewable_forecast__mw__sp15__solar","actual_renewable_generation__mw__sp15__wind,dam_renewable_forecast__mw__sp15__solar,rtpd_eim_transfer__mw__export__banc__ranchoseco"
rt15_lmp_hourly_mean__lmp_usd_per_mwh__th_sp15_gen_apnd,dam_schedule__mw__generation__caiso_totals,0.0674818754196167,0.2912805676460266,0.3487952947616577,0.36315178871154785,dam_renewable_forecast__mw__zp26__solar,"dam_renewable_forecast__mw__sp15__wind,dam_renewable_forecast__mw__zp26__solar","actual_renewable_generation__mw__sp15__wind,dam_renewable_forecast__mw__zp26__solar,rtpd_eim_transfer__mw__export__banc__ranchoseco"
rt15_lmp_hourly_mean__lmp_usd_per_mwh__th_sp15_gen_apnd,dam_schedule__mw__import__caiso_totals,0.22433233261108398,0.2586829662322998,0.2736099362373352,0.2905200719833374,actual_load__mw__pace,"actual_load__mw__pace,actual_renewable_generation__mw__np15__wind","actual_load__mw__pace,actual_renewable_generation__mw__sp15__wind,dam_renewable_forecast__mw__zp26__wind"
rt15_lmp_hourly_mean__lmp_usd_per_mwh__th_sp15_gen_apnd,dam_schedule__mw__export__caiso_totals,0.0502626895904541,0.15079957246780396,0.1678760051727295,0.1678760051727295,dam_as_requirement__mw__as_caiso__spinning_reserve__minimum,"dam_as_requirement__mw__as_caiso__spinning_reserve__minimum,rtpd_eim_transfer__mw__export__banc__ranchoseco","dam_as_requirement__mw__as_caiso__spinning_reserve__minimum,rtpd_eim_transfer__mw__export__banc__ranchoseco"
rt15_lmp_hourly_mean__lmp_usd_per_mwh__th_sp15_gen_apnd,dam_lmp__lmp_usd_per_mwh__th_sp15_gen_apnd,0.8661433458328247,0.8661433458328247,0.8661433458328247,0.8661433458328247,∅,∅,∅
rt15_lmp_hourly_mean__lmp_usd_per_mwh__th_sp15_gen_apnd,dam_lmp__congestion_usd_per_mwh__th_sp15_gen_apnd,0.38569462299346924,0.5129367709159851,0.5129367709159851,0.5129367709159851,rt15_lmp_hourly_mean__lmp_usd_per_mwh__th_np15_gen_apnd,rt15_lmp_hourly_mean__lmp_usd_per_mwh__th_np15_gen_apnd,rt15_lmp_hourly_mean__lmp_usd_per_mwh__th_np15_gen_apnd
rt15_lmp_hourly_mean__lmp_usd_per_mwh__th_sp15_gen_apnd,dam_lmp__loss_usd_per_mwh__th_sp15_gen_apnd,0.31353914737701416,0.38003748655319214,0.39065641164779663,0.39065641164779663,rt15_lmp_hourly_mean__loss_usd_per_mwh__th_np15_gen_apnd,"rt15_lmp_hourly_mean__loss_usd_per_mwh__th_np15_gen_apnd,dam_as_requirement__mw__as_caiso_exp__regulation_mileage_up__minimum","rt15_lmp_hourly_mean__loss_usd_per_mwh__th_np15_gen_apnd,dam_as_requirement__mw__as_caiso_exp__regulation_mileage_up__minimum"
rt15_lmp_hourly_mean__lmp_usd_per_mwh__th_sp15_gen_apnd,rt15_lmp_hourly_mean__congestion_usd_per_mwh__th_sp15_gen_apnd,0.42790544033050537,0.7657332420349121,0.7822819948196411,0.7866129279136658,rt15_lmp_hourly_mean__lmp_usd_per_mwh__th_np15_gen_apnd,"actual_renewable_generation__mw__zp26__wind,rt15_lmp_hourly_mean__lmp_usd_per_mwh__th_np15_gen_apnd","rt15_lmp_hourly_mean__lmp_usd_per_mwh__th_np15_gen_apnd,actual_load__mw__bpat,rtpd_eim_transfer__mw__export__banc__ranchoseco"
rt15_lmp_hourly_mean__lmp_usd_per_mwh__th_sp15_gen_apnd,dam_as_total_procured__mw__ru__as_caiso,0.15146547555923462,0.19760268926620483,0.24351394176483154,0.24351394176483154,dam_as_requirement__mw__as_caiso__spinning_reserve__minimum,"actual_load__mw__pace,dam_renewable_forecast__mw__sp15__wind","actual_load__mw__pace,dam_renewable_forecast__mw__sp15__wind"
rt15_lmp_hourly_mean__lmp_usd_per_mwh__th_sp15_gen_apnd,dam_as_total_procured__mw__rd__as_caiso,0.3655633330345154,0.4091982841491699,0.4487801194190979,0.4487801194190979,actual_load__mw__pace,"actual_load__mw__nevp,dam_renewable_forecast__mw__sp15__wind","actual_load__mw__nevp,dam_renewable_forecast__mw__sp15__wind"
rt15_lmp_hourly_mean__lmp_usd_per_mwh__th_sp15_gen_apnd,dam_as_total_procured__mw__sr__as_caiso,0.02016746997833252,0.05710715055465698,0.07166248559951782,0.07852822542190552,dam_load_forecast__mw__ca_iso_tac,"dam_load_forecast__mw__sce_tac,actual_load__mw__bpat","dam_load_forecast__mw__ca_iso_tac,actual_renewable_generation__mw__np15__wind,actual_load__mw__bpat"
rt15_lmp_hourly_mean__lmp_usd_per_mwh__th_sp15_gen_apnd,dam_as_total_procured__mw__nr__as_caiso,0.00662076473236084,0.04159104824066162,0.05884194374084473,0.0738457441329956,actual_load__mw__pace,"actual_load__mw__bpat,dam_as_requirement__mw__as_caiso_exp__regulation_mileage_down__minimum","actual_renewable_generation__mw__np15__solar,actual_load__mw__bpat,dam_as_requirement__mw__as_caiso_exp__regulation_mileage_down__minimum"
rt15_lmp_hourly_mean__lmp_usd_per_mwh__th_zp26_gen_apnd,actual_load__mw__ca_iso_tac,0.07226234674453735,0.28047406673431396,0.3124977946281433,0.31726354360580444,dam_renewable_forecast__mw__zp26__solar,"actual_renewable_generation__mw__sp15__wind,dam_renewable_forecast__mw__zp26__solar","actual_renewable_generation__mw__sp15__wind,dam_renewable_forecast__mw__sp15__solar,dam_renewable_forecast__mw__zp26__solar"
rt15_lmp_hourly_mean__lmp_usd_per_mwh__th_zp26_gen_apnd,dam_schedule__mw__generation__caiso_totals,0.06133550405502319,0.2861948609352112,0.3282281756401062,0.3477679491043091,dam_renewable_forecast__mw__np15__solar,"actual_renewable_generation__mw__sp15__wind,dam_renewable_forecast__mw__zp26__solar","actual_renewable_generation__mw__sp15__wind,dam_renewable_forecast__mw__zp26__solar,rtpd_eim_transfer__mw__export__banc__ranchoseco"
rt15_lmp_hourly_mean__lmp_usd_per_mwh__th_zp26_gen_apnd,dam_schedule__mw__import__caiso_totals,0.2178947925567627,0.25045347213745117,0.2710133194923401,0.2776586413383484,actual_load__mw__pace,"actual_load__mw__pace,actual_renewable_generation__mw__np15__wind","actual_load__mw__pace,actual_renewable_generation__mw__np15__wind,dam_renewable_forecast__mw__np15__wind"
rt15_lmp_hourly_mean__lmp_usd_per_mwh__th_zp26_gen_apnd,dam_schedule__mw__export__caiso_totals,0.056547582149505615,0.12692636251449585,0.15477967262268066,0.19310623407363892,dam_as_requirement__mw__as_caiso__spinning_reserve__minimum,"rt15_lmp_hourly_mean__lmp_usd_per_mwh__th_np15_gen_apnd,rt15_lmp_hourly_mean__loss_usd_per_mwh__th_np15_gen_apnd","dam_renewable_forecast__mw__np15__wind,rt15_lmp_hourly_mean__lmp_usd_per_mwh__th_np15_gen_apnd,rtpd_eim_transfer__mw__import__ladwp__sylmar"
rt15_lmp_hourly_mean__lmp_usd_per_mwh__th_zp26_gen_apnd,dam_lmp__lmp_usd_per_mwh__th_sp15_gen_apnd,0.8122109770774841,0.8122109770774841,0.8122109770774841,0.8122109770774841,∅,∅,∅
rt15_lmp_hourly_mean__lmp_usd_per_mwh__th_zp26_gen_apnd,dam_lmp__congestion_usd_per_mwh__th_sp15_gen_apnd,0.3379954695701599,0.4713989496231079,0.4743850827217102,0.4743850827217102,rt15_lmp_hourly_mean__lmp_usd_per_mwh__th_np15_gen_apnd,"actual_load__mw__nevp,rt15_lmp_hourly_mean__lmp_usd_per_mwh__th_np15_gen_apnd","actual_load__mw__nevp,rt15_lmp_hourly_mean__lmp_usd_per_mwh__th_np15_gen_apnd"
rt15_lmp_hourly_mean__lmp_usd_per_mwh__th_zp26_gen_apnd,dam_lmp__loss_usd_per_mwh__th_sp15_gen_apnd,0.30862754583358765,0.35343778133392334,0.36387622356414795,0.36387622356414795,rt15_lmp_hourly_mean__loss_usd_per_mwh__th_np15_gen_apnd,"rt15_lmp_hourly_mean__loss_usd_per_mwh__th_np15_gen_apnd,dam_as_requirement__mw__as_caiso_exp__regulation_mileage_up__minimum","rt15_lmp_hourly_mean__loss_usd_per_mwh__th_np15_gen_apnd,dam_as_requirement__mw__as_caiso_exp__regulation_mileage_up__minimum"
rt15_lmp_hourly_mean__lmp_usd_per_mwh__th_zp26_gen_apnd,rt15_lmp_hourly_mean__congestion_usd_per_mwh__th_sp15_gen_apnd,0.3486071825027466,0.6399739980697632,0.6442267894744873,0.6480353474617004,rt15_lmp_hourly_mean__lmp_usd_per_mwh__th_np15_gen_apnd,"dam_renewable_forecast__mw__sp15__wind,rt15_lmp_hourly_mean__lmp_usd_per_mwh__th_np15_gen_apnd","rt15_lmp_hourly_mean__lmp_usd_per_mwh__th_np15_gen_apnd,actual_load__mw__bpat,rtpd_eim_transfer__mw__export__banc__ranchoseco"
rt15_lmp_hourly_mean__lmp_usd_per_mwh__th_zp26_gen_apnd,dam_as_total_procured__mw__ru__as_caiso,0.12832951545715332,0.17246556282043457,0.21204102039337158,0.21204102039337158,dam_as_requirement__mw__as_caiso__spinning_reserve__minimum,"actual_load__mw__pace,dam_renewable_forecast__mw__sp15__wind","actual_load__mw__pace,dam_renewable_forecast__mw__sp15__wind"
rt15_lmp_hourly_mean__lmp_usd_per_mwh__th_zp26_gen_apnd,dam_as_total_procured__mw__rd__as_caiso,0.33734130859375,0.36602818965911865,0.3888399004936218,0.3888399004936218,actual_load__mw__pace,"actual_load__mw__nevp,dam_renewable_forecast__mw__sp15__wind","actual_load__mw__nevp,dam_renewable_forecast__mw__sp15__wind"
rt15_lmp_hourly_mean__lmp_usd_per_mwh__th_zp26_gen_apnd,dam_as_total_procured__mw__sr__as_caiso,0.024302303791046143,0.05849510431289673,0.0698542594909668,0.08076614141464233,dam_load_forecast__mw__sce_tac,"actual_load__mw__bpat,dam_schedule__mw__load__tac_ecntr","dam_load_forecast__mw__ca_iso_tac,actual_renewable_generation__mw__np15__wind,actual_load__mw__bpat"
rt15_lmp_hourly_mean__lmp_usd_per_mwh__th_zp26_gen_apnd,dam_as_total_procured__mw__nr__as_caiso,0.008400976657867432,0.05469810962677002,0.06862539052963257,0.08213132619857788,actual_load__mw__pace,"actual_load__mw__pace,actual_load__mw__bpat","actual_renewable_generation__mw__np15__solar,actual_load__mw__bpat,dam_as_requirement__mw__as_caiso_exp__regulation_mileage_down__minimum"
rt15_lmp_hourly_mean__loss_usd_per_mwh__th_np15_gen_apnd,actual_load__mw__ca_iso_tac,0.007322788238525391,0.14859122037887573,0.18436264991760254,0.18606287240982056,dam_renewable_forecast__mw__sp15__solar,"dam_renewable_forecast__mw__sp15__solar,rtpd_eim_transfer__mw__export__banc__ranchoseco","actual_renewable_generation__mw__sp15__solar,actual_renewable_generation__mw__sp15__wind,rtpd_eim_transfer__mw__export__banc__ranchoseco"
rt15_lmp_hourly_mean__loss_usd_per_mwh__th_np15_gen_apnd,dam_schedule__mw__generation__caiso_totals,0.019787311553955078,0.1690831184387207,0.18569862842559814,0.20199233293533325,actual_renewable_generation__mw__sp15__solar,"dam_renewable_forecast__mw__sp15__solar,rtpd_eim_transfer__mw__export__banc__ranchoseco","dam_renewable_forecast__mw__sp15__solar,actual_load__mw__bpat,rtpd_eim_transfer__mw__export__banc__ranchoseco"
rt15_lmp_hourly_mean__loss_usd_per_mwh__th_np15_gen_apnd,dam_schedule__mw__import__caiso_totals,0.12862122058868408,0.16665607690811157,0.176419198513031,0.17920589447021484,actual_load__mw__bpat,"actual_load__mw__pace,actual_renewable_generation__mw__np15__wind","actual_load__mw__pace,dam_renewable_forecast__mw__np15__wind,rtpd_eim_transfer__mw__export__banc__ranchoseco"
rt15_lmp_hourly_mean__loss_usd_per_mwh__th_np15_gen_apnd,dam_schedule__mw__export__caiso_totals,0.029987037181854248,0.11637485027313232,0.14300495386123657,0.184698224067688,actual_renewable_generation__mw__sp15__solar,"actual_renewable_generation__mw__sp15__solar,actual_load__mw__bpat","actual_renewable_generation__mw__sp15__wind,actual_load__mw__bpat,rtpd_eim_transfer__mw__export__banc__ranchoseco"
rt15_lmp_hourly_mean__loss_usd_per_mwh__th_np15_gen_apnd,dam_lmp__lmp_usd_per_mwh__th_sp15_gen_apnd,0.27242255210876465,0.3110135793685913,0.32539933919906616,0.333739697933197,actual_load__mw__pace,"actual_load__mw__pace,dam_renewable_forecast__mw__sp15__wind","actual_renewable_generation__mw__sp15__wind,actual_renewable_generation__mw__zp26__wind,actual_load__mw__bpat"
rt15_lmp_hourly_mean__loss_usd_per_mwh__th_np15_gen_apnd,dam_lmp__congestion_usd_per_mwh__th_sp15_gen_apnd,0.21452713012695312,0.233332097530365,0.2504478096961975,0.2579824924468994,actual_load__mw__nevp,"actual_load__mw__nevp,dam_renewable_forecast__mw__sp15__wind","actual_load__mw__nevp,actual_renewable_generation__mw__zp26__wind,rt15_lmp_hourly_mean__lmp_usd_per_mwh__th_np15_gen_apnd"
rt15_lmp_hourly_mean__loss_usd_per_mwh__th_np15_gen_apnd,dam_lmp__loss_usd_per_mwh__th_sp15_gen_apnd,0.07149702310562134,0.15445196628570557,0.16852903366088867,0.17806828022003174,actual_renewable_generation__mw__zp26__solar,"actual_renewable_generation__mw__zp26__solar,dam_as_requirement__mw__as_caiso_exp__regulation_mileage_up__minimum","actual_renewable_generation__mw__sp15__solar,dam_as_requirement__mw__as_caiso__spinning_reserve__minimum,rtpd_eim_transfer__mw__import__ladwp__sylmar"
rt15_lmp_hourly_mean__loss_usd_per_mwh__th_np15_gen_apnd,rt15_lmp_hourly_mean__congestion_usd_per_mwh__th_sp15_gen_apnd,0.1543615460395813,0.17776405811309814,0.21093183755874634,0.23268789052963257,actual_load__mw__nevp,"actual_load__mw__nevp,rt15_lmp_hourly_mean__lmp_usd_per_mwh__th_np15_gen_apnd","actual_load__mw__nevp,actual_renewable_generation__mw__zp26__wind,rt15_lmp_hourly_mean__lmp_usd_per_mwh__th_np15_gen_apnd"
rt15_lmp_hourly_mean__loss_usd_per_mwh__th_np15_gen_apnd,dam_as_total_procured__mw__ru__as_caiso,0.10710263252258301,0.126417875289917,0.1309800148010254,0.1330106258392334,dam_as_requirement__mw__as_caiso__spinning_reserve__minimum,"actual_load__mw__pace,dam_renewable_forecast__mw__sp15__wind","actual_renewable_generation__mw__sp15__wind,dam_renewable_forecast__mw__zp26__wind,dam_as_requirement__mw__as_caiso__spinning_reserve__minimum"
rt15_lmp_hourly_mean__loss_usd_per_mwh__th_np15_gen_apnd,dam_as_total_procured__mw__rd__as_caiso,0.3103266954421997,0.35626548528671265,0.3664454221725464,0.37426215410232544,actual_load__mw__nevp,"actual_load__mw__nevp,actual_renewable_generation__mw__zp26__wind","actual_load__mw__nevp,actual_renewable_generation__mw__zp26__wind,dam_renewable_forecast__mw__zp26__wind"
rt15_lmp_hourly_mean__loss_usd_per_mwh__th_np15_gen_apnd,dam_as_total_procured__mw__sr__as_caiso,0.006260573863983154,0.026779472827911377,0.05222976207733154,0.06206226348876953,dam_schedule__mw__load__tac_north,"dam_load_forecast__mw__ca_iso_tac,actual_load__mw__bpat","dam_renewable_forecast__mw__sp15__wind,actual_load__mw__bpat,dam_schedule__mw__load__tac_north"
rt15_lmp_hourly_mean__loss_usd_per_mwh__th_np15_gen_apnd,dam_as_total_procured__mw__nr__as_caiso,0.03650093078613281,0.06901699304580688,0.08948522806167603,0.09192109107971191,actual_load__mw__bpat,"actual_load__mw__bpat,dam_as_requirement__mw__as_caiso_exp__regulation_mileage_down__minimum","actual_load__mw__bpat,dam_as_requirement__mw__as_caiso__regulation_up__minimum,rtpd_eim_transfer__mw__export__banc__ranchoseco"
actual_load__mw__bpat,actual_load__mw__ca_iso_tac,0.11739754676818848,0.20075774192810059,0.22616273164749146,0.2424669861793518,dam_as_requirement__mw__as_caiso__spinning_reserve__minimum,"dam_renewable_forecast__mw__np15__wind,dam_as_requirement__mw__as_caiso__spinning_reserve__minimum","dam_renewable_forecast__mw__np15__wind,dam_renewable_forecast__mw__zp26__wind,rt15_lmp_hourly_mean__loss_usd_per_mwh__th_np15_gen_apnd"
actual_load__mw__bpat,dam_schedule__mw__generation__caiso_totals,0.14923632144927979,0.2680293321609497,0.2967073321342468,0.30959099531173706,dam_renewable_forecast__mw__np15__wind,"dam_renewable_forecast__mw__np15__wind,dam_as_requirement__mw__as_caiso__spinning_reserve__minimum","actual_renewable_generation__mw__sp15__wind,dam_renewable_forecast__mw__np15__wind,dam_renewable_forecast__mw__zp26__wind"
actual_load__mw__bpat,dam_schedule__mw__import__caiso_totals,0.020102620124816895,0.07438278198242188,0.1255539059638977,0.15079402923583984,actual_load__mw__nevp,"actual_load__mw__nevp,rt15_lmp_hourly_mean__lmp_usd_per_mwh__th_np15_gen_apnd","actual_load__mw__nevp,dam_lmp__lmp_usd_per_mwh__th_np15_gen_apnd,rtpd_eim_transfer__mw__export__banc__ranchoseco"
actual_load__mw__bpat,dam_schedule__mw__export__caiso_totals,0.1340586543083191,0.31355398893356323,0.338695764541626,0.39169466495513916,dam_renewable_forecast__mw__np15__wind,"actual_renewable_generation__mw__zp26__wind,dam_renewable_forecast__mw__np15__wind","actual_renewable_generation__mw__np15__wind,actual_renewable_generation__mw__zp26__wind,rtpd_eim_transfer__mw__import__ladwp__sylmar"
actual_load__mw__bpat,dam_lmp__lmp_usd_per_mwh__th_sp15_gen_apnd,0.059044837951660156,0.17131751775741577,0.1841369867324829,0.20131510496139526,actual_load__mw__nevp,"actual_load__mw__nevp,dam_renewable_forecast__mw__sp15__wind","actual_load__mw__nevp,actual_renewable_generation__mw__sp15__wind,dam_renewable_forecast__mw__zp26__wind"
actual_load__mw__bpat,dam_lmp__congestion_usd_per_mwh__th_sp15_gen_apnd,0.0745512843132019,0.19192123413085938,0.21162444353103638,0.22202014923095703,actual_load__mw__nevp,"actual_load__mw__nevp,dam_schedule__mw__load__tac_ecntr","actual_load__mw__nevp,dam_renewable_forecast__mw__zp26__wind,rtpd_eim_transfer__mw__export__banc__ranchoseco"
actual_load__mw__bpat,dam_lmp__loss_usd_per_mwh__th_sp15_gen_apnd,0.13588303327560425,0.17369568347930908,0.20310139656066895,0.21090799570083618,actual_renewable_generation__mw__sp15__solar,"actual_load__mw__azps,dam_as_requirement__mw__as_caiso__regulation_up__minimum","actual_load__mw__azps,dam_as_requirement__mw__as_caiso_exp__regulation_mileage_down__minimum,dam_as_requirement__mw__as_caiso__regulation_up__minimum"
actual_load__mw__bpat,rt15_lmp_hourly_mean__congestion_usd_per_mwh__th_sp15_gen_apnd,0.03396528959274292,0.16344338655471802,0.170202374458313,0.19793272018432617,actual_load__mw__nevp,"actual_load__mw__nevp,dam_renewable_forecast__mw__zp26__wind","actual_load__mw__nevp,dam_renewable_forecast__mw__zp26__wind,rt15_lmp_hourly_mean__lmp_usd_per_mwh__th_np15_gen_apnd"
actual_load__mw__bpat,dam_as_total_procured__mw__ru__as_caiso,0.08987575769424438,0.12077242136001587,0.12885230779647827,0.13996785879135132,dam_lmp__lmp_usd_per_mwh__th_np15_gen_apnd,"actual_renewable_generation__mw__zp26__wind,dam_lmp__lmp_usd_per_mwh__th_np15_gen_apnd","dam_load_forecast__mw__pge_tac,dam_schedule__mw__load__tac_north,rtpd_eim_transfer__mw__import__nevp__eldorado230"
actual_load__mw__bpat,dam_as_total_procured__mw__rd__as_caiso,0.16567778587341309,0.2506687641143799,0.26373291015625,0.26942259073257446,actual_load__mw__nevp,"actual_load__mw__nevp,dam_renewable_forecast__mw__sp15__wind","actual_load__mw__nevp,dam_renewable_forecast__mw__sp15__wind,dam_renewable_forecast__mw__zp26__wind"
actual_load__mw__bpat,dam_as_total_procured__mw__sr__as_caiso,0.0019663572311401367,0.036583542823791504,0.07461011409759521,0.08288425207138062,dam_as_requirement__mw__as_caiso__regulation_down__minimum,"dam_schedule__mw__load__tac_south,dam_as_requirement__mw__as_caiso__regulation_up__minimum","actual_load__mw__pace,dam_schedule__mw__load__tac_south,dam_as_requirement__mw__as_caiso__regulation_up__minimum"
actual_load__mw__bpat,dam_as_total_procured__mw__nr__as_caiso,0.023279964923858643,0.05881166458129883,0.09799736738204956,0.1234506368637085,dam_renewable_forecast__mw__np15__wind,"rt15_lmp_hourly_mean__lmp_usd_per_mwh__th_zp26_gen_apnd,rt15_lmp_hourly_mean__loss_usd_per_mwh__th_np15_gen_apnd","dam_renewable_forecast__mw__np15__wind,rt15_lmp_hourly_mean__lmp_usd_per_mwh__th_zp26_gen_apnd,rt15_lmp_hourly_mean__loss_usd_per_mwh__th_np15_gen_apnd"
dam_schedule__mw__load__tac_north,actual_load__mw__ca_iso_tac,0.6448127031326294,0.7852562665939331,0.7899121046066284,0.7899121046066284,dam_renewable_forecast__mw__sp15__solar,"dam_renewable_forecast__mw__sp15__solar,rtpd_eim_transfer__mw__export__banc__ranchoseco","dam_renewable_forecast__mw__sp15__solar,rtpd_eim_transfer__mw__export__banc__ranchoseco"
dam_schedule__mw__load__tac_north,dam_schedule__mw__generation__caiso_totals,0.6189802885055542,0.7307108640670776,0.7307108640670776,0.7307108640670776,dam_renewable_forecast__mw__sp15__solar,dam_renewable_forecast__mw__sp15__solar,dam_renewable_forecast__mw__sp15__solar
dam_schedule__mw__load__tac_north,dam_schedule__mw__import__caiso_totals,0.20457428693771362,0.2691863179206848,0.27608048915863037,0.27608048915863037,actual_load__mw__pace,"actual_load__mw__pace,actual_load__mw__bpat","actual_load__mw__pace,actual_load__mw__bpat"
dam_schedule__mw__load__tac_north,dam_schedule__mw__export__caiso_totals,0.3313976526260376,0.40486180782318115,0.4120694398880005,0.4140239357948303,dam_lmp__lmp_usd_per_mwh__th_zp26_gen_apnd,"actual_load__mw__bpat,dam_schedule__mw__load__tac_south","actual_renewable_generation__mw__zp26__wind,actual_load__mw__bpat,dam_schedule__mw__load__tac_south"
dam_schedule__mw__load__tac_north,dam_lmp__lmp_usd_per_mwh__th_sp15_gen_apnd,0.3943357467651367,0.4513550400733948,0.464957594871521,0.464957594871521,actual_load__mw__pace,"actual_load__mw__pace,actual_renewable_generation__mw__sp15__wind","actual_load__mw__pace,actual_renewable_generation__mw__sp15__wind"
dam_schedule__mw__load__tac_north,dam_lmp__congestion_usd_per_mwh__th_sp15_gen_apnd,0.04999440908432007,0.14757829904556274,0.1819368600845337,0.19985824823379517,actual_load__mw__azps,"actual_load__mw__pace,dam_as_requirement__mw__as_caiso__spinning_reserve__minimum","actual_load__mw__pace,dam_renewable_forecast__mw__sp15__wind,dam_as_requirement__mw__as_caiso__spinning_reserve__minimum"
dam_schedule__mw__load__tac_north,dam_lmp__loss_usd_per_mwh__th_sp15_gen_apnd,0.33423566818237305,0.3804336190223694,0.3977876305580139,0.40121251344680786,actual_renewable_generation__mw__np15__wind,"actual_renewable_generation__mw__zp26__wind,dam_renewable_forecast__mw__np15__wind","actual_renewable_generation__mw__sp15__wind,dam_renewable_forecast__mw__np15__wind,rt15_lmp_hourly_mean__loss_usd_per_mwh__th_np15_gen_apnd"
dam_schedule__mw__load__tac_north,rt15_lmp_hourly_mean__congestion_usd_per_mwh__th_sp15_gen_apnd,0.06435292959213257,0.12419754266738892,0.1505458950996399,0.18276846408843994,actual_load__mw__pace,"actual_load__mw__bpat,dam_as_requirement__mw__as_caiso__spinning_reserve__minimum","actual_renewable_generation__mw__sp15__wind,actual_load__mw__bpat,rtpd_eim_transfer__mw__export__banc__ranchoseco"
dam_schedule__mw__load__tac_north,dam_as_total_procured__mw__ru__as_caiso,0.06959390640258789,0.1399451494216919,0.17346197366714478,0.17346197366714478,dam_as_requirement__mw__as_caiso__spinning_reserve__minimum,"actual_load__mw__pace,dam_as_requirement__mw__as_caiso__spinning_reserve__minimum","actual_load__mw__pace,dam_as_requirement__mw__as_caiso__spinning_reserve__minimum"
dam_schedule__mw__load__tac_north,dam_as_total_procured__mw__rd__as_caiso,0.10233956575393677,0.2156848907470703,0.24886292219161987,0.2508765459060669,actual_load__mw__azps,"actual_load__mw__pace,dam_as_requirement__mw__as_caiso__spinning_reserve__minimum","actual_load__mw__pace,actual_renewable_generation__mw__zp26__wind,dam_as_requirement__mw__as_caiso__spinning_reserve__minimum"
dam_schedule__mw__load__tac_north,dam_as_total_procured__mw__sr__as_caiso,0.04269200563430786,0.09122121334075928,0.11695760488510132,0.13451212644577026,dam_lmp__energy_usd_per_mwh__th_sp15_gen_apnd,"dam_renewable_forecast__mw__sp15__wind,dam_lmp__lmp_usd_per_mwh__th_zp26_gen_apnd","actual_renewable_generation__mw__sp15__wind,dam_lmp__energy_usd_per_mwh__th_sp15_gen_apnd,rt15_lmp_hourly_mean__lmp_usd_per_mwh__th_np15_gen_apnd"
dam_schedule__mw__load__tac_north,dam_as_total_procured__mw__nr__as_caiso,0.1878862977027893,0.21563482284545898,0.23611873388290405,0.238489031791687,rt15_lmp_hourly_mean__lmp_usd_per_mwh__th_np15_gen_apnd,"rt15_lmp_hourly_mean__lmp_usd_per_mwh__th_np15_gen_apnd,rtpd_eim_transfer__mw__export__banc__ranchoseco","rt15_lmp_hourly_mean__lmp_usd_per_mwh__th_np15_gen_apnd,rt15_lmp_hourly_mean__lmp_usd_per_mwh__th_zp26_gen_apnd,rtpd_eim_transfer__mw__export__pge__malin500"
dam_schedule__mw__load__tac_ecntr,actual_load__mw__ca_iso_tac,0.805313229560852,0.8379918336868286,0.8429269194602966,0.8429269194602966,rt15_lmp_hourly_mean__loss_usd_per_mwh__th_np15_gen_apnd,"actual_renewable_generation__mw__sp15__wind,rtpd_eim_transfer__mw__export__srp__pvwest","actual_renewable_generation__mw__sp15__wind,rtpd_eim_transfer__mw__export__srp__pvwest"
dam_schedule__mw__load__tac_ecntr,dam_schedule__mw__generation__caiso_totals,0.8080469369888306,0.8480454087257385,0.8541208505630493,0.8541208505630493,rtpd_eim_transfer__mw__export__srp__pvwest,"actual_renewable_generation__mw__sp15__wind,rtpd_eim_transfer__mw__export__srp__pvwest","actual_renewable_generation__mw__sp15__wind,rtpd_eim_transfer__mw__export__srp__pvwest"
dam_schedule__mw__load__tac_ecntr,dam_schedule__mw__import__caiso_totals,0.08226966857910156,0.135053813457489,0.14603209495544434,0.17226415872573853,actual_load__mw__pace,"actual_load__mw__pace,actual_load__mw__bpat","dam_renewable_forecast__mw__np15__wind,dam_renewable_forecast__mw__zp26__wind,actual_load__mw__bpat"
dam_schedule__mw__load__tac_ecntr,dam_schedule__mw__export__caiso_totals,0.40810996294021606,0.4677320122718811,0.483914315700531,0.483914315700531,rt15_lmp_hourly_mean__lmp_usd_per_mwh__th_sp15_gen_apnd,"dam_lmp__lmp_usd_per_mwh__th_zp26_gen_apnd,actual_load__mw__bpat","dam_lmp__lmp_usd_per_mwh__th_zp26_gen_apnd,actual_load__mw__bpat"
dam_schedule__mw__load__tac_ecntr,dam_lmp__lmp_usd_per_mwh__th_sp15_gen_apnd,0.25636422634124756,0.3679731488227844,0.3773460388183594,0.3773460388183594,dam_as_requirement__mw__as_caiso__spinning_reserve__minimum,"actual_renewable_generation__mw__zp26__wind,dam_as_requirement__mw__as_caiso__spinning_reserve__minimum","actual_renewable_generation__mw__zp26__wind,dam_as_requirement__mw__as_caiso__spinning_reserve__minimum"
dam_schedule__mw__load__tac_ecntr,dam_lmp__congestion_usd_per_mwh__th_sp15_gen_apnd,0.03057008981704712,0.1192135214805603,0.17384111881256104,0.1902204155921936,dam_as_requirement__mw__as_caiso__spinning_reserve__minimum,"actual_load__mw__pace,dam_as_requirement__mw__as_caiso__spinning_reserve__minimum","actual_load__mw__pace,dam_renewable_forecast__mw__zp26__wind,dam_as_requirement__mw__as_caiso__spinning_reserve__minimum"
dam_schedule__mw__load__tac_ecntr,dam_lmp__loss_usd_per_mwh__th_sp15_gen_apnd,0.22487008571624756,0.27914631366729736,0.2964997887611389,0.3095221519470215,dam_as_requirement__mw__as_caiso__spinning_reserve__minimum,"actual_renewable_generation__mw__zp26__wind,dam_renewable_forecast__mw__np15__wind","dam_renewable_forecast__mw__np15__wind,dam_renewable_forecast__mw__sp15__wind,dam_as_requirement__mw__as_caiso__spinning_reserve__minimum"
dam_schedule__mw__load__tac_ecntr,rt15_lmp_hourly_mean__congestion_usd_per_mwh__th_sp15_gen_apnd,0.06529343128204346,0.12069463729858398,0.16903293132781982,0.20082241296768188,dam_as_requirement__mw__as_caiso__spinning_reserve__minimum,"actual_load__mw__pace,dam_as_requirement__mw__as_caiso__spinning_reserve__minimum","actual_load__mw__pace,dam_as_requirement__mw__as_caiso__spinning_reserve__minimum,rtpd_eim_transfer__mw__export__banc__ranchoseco"
dam_schedule__mw__load__tac_ecntr,dam_as_total_procured__mw__ru__as_caiso,0.05940258502960205,0.13162189722061157,0.15354466438293457,0.15609663724899292,dam_as_requirement__mw__as_caiso__spinning_reserve__minimum,"actual_load__mw__pace,dam_as_requirement__mw__as_caiso__spinning_reserve__minimum","actual_load__mw__pace,dam_renewable_forecast__mw__sp15__wind,dam_as_requirement__mw__as_caiso__spinning_reserve__minimum"
dam_schedule__mw__load__tac_ecntr,dam_as_total_procured__mw__rd__as_caiso,0.05333900451660156,0.2100992202758789,0.2258715033531189,0.2258715033531189,dam_load_forecast__mw__pge_tac,"dam_load_forecast__mw__pge_tac,actual_renewable_generation__mw__zp26__wind","dam_load_forecast__mw__pge_tac,actual_renewable_generation__mw__zp26__wind"
dam_schedule__mw__load__tac_ecntr,dam_as_total_procured__mw__sr__as_caiso,0.09099704027175903,0.14408981800079346,0.16678893566131592,0.18254035711288452,dam_lmp__energy_usd_per_mwh__th_sp15_gen_apnd,"dam_renewable_forecast__mw__sp15__wind,dam_lmp__energy_usd_per_mwh__th_sp15_gen_apnd","actual_renewable_generation__mw__sp15__wind,dam_lmp__energy_usd_per_mwh__th_sp15_gen_apnd,rt15_lmp_hourly_mean__lmp_usd_per_mwh__th_np15_gen_apnd"
dam_schedule__mw__load__tac_ecntr,dam_as_total_procured__mw__nr__as_caiso,0.17979353666305542,0.2079814076423645,0.22992515563964844,0.2313787341117859,dam_lmp__lmp_usd_per_mwh__th_np15_gen_apnd,"rt15_lmp_hourly_mean__lmp_usd_per_mwh__th_np15_gen_apnd,rtpd_eim_transfer__mw__export__banc__ranchoseco","rt15_lmp_hourly_mean__lmp_usd_per_mwh__th_np15_gen_apnd,rtpd_eim_transfer__mw__export__banc__ranchoseco,rtpd_eim_transfer__mw__export__pge__malin500"
dam_schedule__mw__load__tac_south,actual_load__mw__ca_iso_tac,0.3192877769470215,0.6424956917762756,0.6586240530014038,0.6586240530014038,dam_renewable_forecast__mw__sp15__solar,"actual_renewable_generation__mw__sp15__wind,dam_renewable_forecast__mw__sp15__solar","actual_renewable_generation__mw__sp15__wind,dam_renewable_forecast__mw__sp15__solar"
dam_schedule__mw__load__tac_south,dam_schedule__mw__generation__caiso_totals,0.28666818141937256,0.5621377229690552,0.581653892993927,0.581653892993927,dam_renewable_forecast__mw__sp15__solar,"actual_renewable_generation__mw__sp15__wind,dam_renewable_forecast__mw__sp15__solar","actual_renewable_generation__mw__sp15__wind,dam_renewable_forecast__mw__sp15__solar"
dam_schedule__mw__load__tac_south,dam_schedule__mw__import__caiso_totals,0.28675276041030884,0.3112451434135437,0.32680296897888184,0.32680296897888184,actual_load__mw__pace,"actual_load__mw__pace,actual_load__mw__bpat","actual_load__mw__pace,actual_load__mw__bpat"
dam_schedule__mw__load__tac_south,dam_schedule__mw__export__caiso_totals,0.1329135298728943,0.19368934631347656,0.22653919458389282,0.2551810145378113,dam_schedule__mw__load__tac_north,"dam_renewable_forecast__mw__sp15__wind,rt15_lmp_hourly_mean__loss_usd_per_mwh__th_np15_gen_apnd","dam_renewable_forecast__mw__np15__wind,dam_renewable_forecast__mw__sp15__wind,rtpd_eim_transfer__mw__import__ladwp__sylmar"
dam_schedule__mw__load__tac_south,dam_lmp__lmp_usd_per_mwh__th_sp15_gen_apnd,0.6428602933883667,0.6602637767791748,0.6735961437225342,0.6735961437225342,actual_load__mw__pace,"actual_load__mw__pace,actual_renewable_generation__mw__sp15__wind","actual_load__mw__pace,actual_renewable_generation__mw__sp15__wind"
dam_schedule__mw__load__tac_south,dam_lmp__congestion_usd_per_mwh__th_sp15_gen_apnd,0.19256174564361572,0.28048306703567505,0.2957596182823181,0.3071686625480652,actual_load__mw__pace,"actual_load__mw__pace,dam_renewable_forecast__mw__sp15__wind","actual_load__mw__pace,actual_renewable_generation__mw__zp26__wind,dam_renewable_forecast__mw__sp15__wind"
dam_schedule__mw__load__tac_south,dam_lmp__loss_usd_per_mwh__th_sp15_gen_apnd,0.3106064796447754,0.34358274936676025,0.360651433467865,0.37710416316986084,dam_as_requirement__mw__as_caiso_exp__regulation_mileage_up__minimum,"dam_renewable_forecast__mw__np15__wind,dam_as_requirement__mw__as_caiso_exp__regulation_mileage_up__minimum","actual_renewable_generation__mw__np15__wind,actual_renewable_generation__mw__sp15__wind,dam_as_requirement__mw__as_caiso_exp__regulation_mileage_up__minimum"
dam_schedule__mw__load__tac_south,rt15_lmp_hourly_mean__congestion_usd_per_mwh__th_sp15_gen_apnd,0.1668393611907959,0.22696435451507568,0.2629990577697754,0.32178014516830444,actual_load__mw__bpat,"actual_load__mw__bpat,rtpd_eim_transfer__mw__export__banc__ranchoseco","actual_load__mw__pace,rt15_lmp_hourly_mean__lmp_usd_per_mwh__th_np15_gen_apnd,actual_load__mw__bpat"
dam_schedule__mw__load__tac_south,dam_as_total_procured__mw__ru__as_caiso,0.0778457522392273,0.15336287021636963,0.1792609691619873,0.1842096447944641,dam_as_requirement__mw__as_caiso__spinning_reserve__minimum,"actual_load__mw__bpat,dam_as_requirement__mw__as_caiso__spinning_reserve__minimum","dam_renewable_forecast__mw__zp26__wind,actual_load__mw__bpat,dam_as_requirement__mw__as_caiso__spinning_reserve__minimum"
dam_schedule__mw__load__tac_south,dam_as_total_procured__mw__rd__as_caiso,0.22833669185638428,0.35598045587539673,0.3801409602165222,0.3801409602165222,dam_load_forecast__mw__sce_tac,"dam_load_forecast__mw__sce_tac,dam_renewable_forecast__mw__np15__wind","dam_load_forecast__mw__sce_tac,dam_renewable_forecast__mw__np15__wind"
dam_schedule__mw__load__tac_south,dam_as_total_procured__mw__sr__as_caiso,0.03613615036010742,0.07740664482116699,0.10957330465316772,0.10957330465316772,dam_schedule__mw__load__tac_ecntr,"dam_renewable_forecast__mw__sp15__solar,actual_load__mw__bpat","dam_renewable_forecast__mw__sp15__solar,actual_load__mw__bpat"
dam_schedule__mw__load__tac_south,dam_as_total_procured__mw__nr__as_caiso,0.09831243753433228,0.13330203294754028,0.1501447558403015,0.16427308320999146,dam_renewable_forecast__mw__zp26__solar,"dam_renewable_forecast__mw__np15__wind,dam_renewable_forecast__mw__sp15__solar","actual_renewable_generation__mw__sp15__wind,dam_renewable_forecast__mw__np15__solar,dam_as_requirement__mw__as_caiso_exp__regulation_mileage_up__minimum"
dam_as_requirement__mw__as_caiso_exp__regulation_mileage_up__minimum,actual_load__mw__ca_iso_tac,0.04689204692840576,0.10458141565322876,0.11048007011413574,0.12332814931869507,dam_lmp__lmp_usd_per_mwh__th_zp26_gen_apnd,"dam_lmp__energy_usd_per_mwh__th_sp15_gen_apnd,rtpd_eim_transfer__mw__export__bcha__malin500","dam_lmp__lmp_usd_per_mwh__th_zp26_gen_apnd,rtpd_eim_transfer__mw__export__bcha__malin500,rtpd_eim_transfer__mw__import__ladwp__sylmar"
dam_as_requirement__mw__as_caiso_exp__regulation_mileage_up__minimum,dam_schedule__mw__generation__caiso_totals,0.07403618097305298,0.11583667993545532,0.12214797735214233,0.15366125106811523,dam_lmp__lmp_usd_per_mwh__th_zp26_gen_apnd,"actual_renewable_generation__mw__sp15__wind,dam_lmp__lmp_usd_per_mwh__th_zp26_gen_apnd","dam_lmp__lmp_usd_per_mwh__th_zp26_gen_apnd,rt15_lmp_hourly_mean__lmp_usd_per_mwh__th_sp15_gen_apnd,rtpd_eim_transfer__mw__import__ladwp__sylmar"
dam_as_requirement__mw__as_caiso_exp__regulation_mileage_up__minimum,dam_schedule__mw__import__caiso_totals,0.047435462474823,0.06950819492340088,0.07828253507614136,0.07957494258880615,actual_load__mw__nevp,"actual_load__mw__nevp,dam_renewable_forecast__mw__np15__wind","dam_load_forecast__mw__sce_tac,dam_renewable_forecast__mw__np15__wind,rtpd_eim_transfer__mw__export__banc__ranchoseco"
dam_as_requirement__mw__as_caiso_exp__regulation_mileage_up__minimum,dam_schedule__mw__export__caiso_totals,0.0639352798461914,0.07671838998794556,0.10951226949691772,0.130895733833313,actual_renewable_generation__mw__np15__wind,"rt15_lmp_hourly_mean__lmp_usd_per_mwh__th_np15_gen_apnd,rtpd_eim_transfer__mw__import__ladwp__sylmar","dam_renewable_forecast__mw__sp15__wind,rt15_lmp_hourly_mean__lmp_usd_per_mwh__th_np15_gen_apnd,rtpd_eim_transfer__mw__import__ladwp__sylmar"
dam_as_requirement__mw__as_caiso_exp__regulation_mileage_up__minimum,dam_lmp__lmp_usd_per_mwh__th_sp15_gen_apnd,0.07429075241088867,0.1184188723564148,0.12848597764968872,0.13719570636749268,actual_load__mw__nevp,"actual_load__mw__nevp,dam_renewable_forecast__mw__np15__wind","actual_load__mw__nevp,actual_renewable_generation__mw__sp15__wind,dam_renewable_forecast__mw__zp26__wind"
dam_as_requirement__mw__as_caiso_exp__regulation_mileage_up__minimum,dam_lmp__congestion_usd_per_mwh__th_sp15_gen_apnd,0.0849180817604065,0.11118578910827637,0.11931228637695312,0.12046635150909424,actual_load__mw__nevp,"actual_load__mw__nevp,dam_renewable_forecast__mw__zp26__wind","actual_load__mw__nevp,actual_renewable_generation__mw__zp26__wind,dam_renewable_forecast__mw__zp26__wind"
dam_as_requirement__mw__as_caiso_exp__regulation_mileage_up__minimum,dam_lmp__loss_usd_per_mwh__th_sp15_gen_apnd,-0.0029859542846679688,0.03488951921463013,0.04776078462600708,0.05211836099624634,dam_lmp__energy_usd_per_mwh__th_sp15_gen_apnd,"actual_renewable_generation__mw__sp15__wind,dam_lmp__energy_usd_per_mwh__th_sp15_gen_apnd","actual_renewable_generation__mw__np15__solar,dam_as_requirement__mw__as_caiso__spinning_reserve__minimum,rtpd_eim_transfer__mw__import__ladwp__sylmar"
dam_as_requirement__mw__as_caiso_exp__regulation_mileage_up__minimum,rt15_lmp_hourly_mean__congestion_usd_per_mwh__th_sp15_gen_apnd,0.05263906717300415,0.08329731225967407,0.08579027652740479,0.15246623754501343,actual_load__mw__nevp,"actual_load__mw__nevp,rtpd_eim_transfer__mw__export__pge__malin500","dam_load_forecast__mw__sce_tac,dam_lmp__lmp_usd_per_mwh__th_np15_gen_apnd,rtpd_eim_transfer__mw__export__bcha__malin500"
dam_as_requirement__mw__as_caiso_exp__regulation_mileage_up__minimum,dam_as_total_procured__mw__ru__as_caiso,0.3358449339866638,0.3407013416290283,0.3417552709579468,0.3417552709579468,dam_renewable_forecast__mw__zp26__wind,"actual_renewable_generation__mw__zp26__wind,dam_renewable_forecast__mw__sp15__wind","actual_renewable_generation__mw__zp26__wind,dam_renewable_forecast__mw__sp15__wind"
dam_as_requirement__mw__as_caiso_exp__regulation_mileage_up__minimum,dam_as_total_procured__mw__rd__as_caiso,0.2663279175758362,0.28768569231033325,0.2894171476364136,0.28982633352279663,actual_load__mw__nevp,"actual_load__mw__nevp,actual_renewable_generation__mw__sp15__wind","actual_load__mw__nevp,actual_renewable_generation__mw__np15__wind,dam_renewable_forecast__mw__np15__wind"
dam_as_requirement__mw__as_caiso_exp__regulation_mileage_up__minimum,dam_as_total_procured__mw__sr__as_caiso,0.014048755168914795,0.034838974475860596,0.062874436378479,0.06680446863174438,dam_lmp__lmp_usd_per_mwh__th_np15_gen_apnd,"actual_load__mw__bpat,dam_schedule__mw__load__tac_south","actual_renewable_generation__mw__sp15__wind,dam_lmp__lmp_usd_per_mwh__th_np15_gen_apnd,actual_load__mw__bpat"
dam_as_requirement__mw__as_caiso_exp__regulation_mileage_up__minimum,dam_as_total_procured__mw__nr__as_caiso,0.018365859985351562,0.02953922748565674,0.03964310884475708,0.04873239994049072,actual_renewable_generation__mw__zp26__solar,"actual_load__mw__azps,actual_renewable_generation__mw__sp15__wind","actual_renewable_generation__mw__np15__solar,dam_lmp__lmp_usd_per_mwh__th_zp26_gen_apnd,dam_as_requirement__mw__as_caiso_exp__regulation_mileage_down__minimum"
dam_as_requirement__mw__as_caiso_exp__regulation_mileage_down__minimum,actual_load__mw__ca_iso_tac,0.16961824893951416,0.2828248143196106,0.2882864475250244,0.28906571865081787,dam_lmp__energy_usd_per_mwh__th_sp15_gen_apnd,"rt15_lmp_hourly_mean__lmp_usd_per_mwh__th_sp15_gen_apnd,rt15_lmp_hourly_mean__loss_usd_per_mwh__th_np15_gen_apnd","rt15_lmp_hourly_mean__lmp_usd_per_mwh__th_sp15_gen_apnd,rt15_lmp_hourly_mean__loss_usd_per_mwh__th_np15_gen_apnd,rtpd_eim_transfer__mw__import__nevp__eldorado230"
dam_as_requirement__mw__as_caiso_exp__regulation_mileage_down__minimum,dam_schedule__mw__generation__caiso_totals,0.17261606454849243,0.265106201171875,0.2825019359588623,0.28378933668136597,dam_lmp__energy_usd_per_mwh__th_sp15_gen_apnd,"rt15_lmp_hourly_mean__lmp_usd_per_mwh__th_zp26_gen_apnd,rt15_lmp_hourly_mean__loss_usd_per_mwh__th_np15_gen_apnd","rt15_lmp_hourly_mean__lmp_usd_per_mwh__th_zp26_gen_apnd,rt15_lmp_hourly_mean__loss_usd_per_mwh__th_np15_gen_apnd,rtpd_eim_transfer__mw__import__nevp__eldorado230"
dam_as_requirement__mw__as_caiso_exp__regulation_mileage_down__minimum,dam_schedule__mw__import__caiso_totals,0.17741388082504272,0.20903730392456055,0.21371203660964966,0.21661919355392456,actual_load__mw__pace,"actual_load__mw__pace,actual_load__mw__bpat","dam_renewable_forecast__mw__np15__wind,rt15_lmp_hourly_mean__lmp_usd_per_mwh__th_np15_gen_apnd,dam_schedule__mw__load__tac_north"
dam_as_requirement__mw__as_caiso_exp__regulation_mileage_down__minimum,dam_schedule__mw__export__caiso_totals,0.15211576223373413,0.1752263903617859,0.20232248306274414,0.2042543888092041,rt15_lmp_hourly_mean__loss_usd_per_mwh__th_np15_gen_apnd,"rt15_lmp_hourly_mean__lmp_usd_per_mwh__th_np15_gen_apnd,rtpd_eim_transfer__mw__import__ladwp__sylmar","dam_renewable_forecast__mw__sp15__wind,rt15_lmp_hourly_mean__lmp_usd_per_mwh__th_np15_gen_apnd,rtpd_eim_transfer__mw__import__ladwp__sylmar"
dam_as_requirement__mw__as_caiso_exp__regulation_mileage_down__minimum,dam_lmp__lmp_usd_per_mwh__th_sp15_gen_apnd,0.28435713052749634,0.3662632703781128,0.39623016119003296,0.39623016119003296,actual_load__mw__pace,"actual_load__mw__pace,dam_renewable_forecast__mw__sp15__wind","actual_load__mw__pace,dam_renewable_forecast__mw__sp15__wind"
dam_as_requirement__mw__as_caiso_exp__regulation_mileage_down__minimum,dam_lmp__congestion_usd_per_mwh__th_sp15_gen_apnd,0.26580893993377686,0.3138747215270996,0.32254958152770996,0.32254958152770996,actual_load__mw__nevp,"actual_load__mw__nevp,dam_renewable_forecast__mw__sp15__wind","actual_load__mw__nevp,dam_renewable_forecast__mw__sp15__wind"
dam_as_requirement__mw__as_caiso_exp__regulation_mileage_down__minimum,dam_lmp__loss_usd_per_mwh__th_sp15_gen_apnd,0.020794332027435303,0.06611508131027222,0.07997184991836548,0.09882897138595581,rt15_lmp_hourly_mean__loss_usd_per_mwh__th_np15_gen_apnd,"actual_load__mw__pace,dam_renewable_forecast__mw__sp15__wind","actual_load__mw__pace,dam_renewable_forecast__mw__sp15__wind,actual_load__mw__bpat"
dam_as_requirement__mw__as_caiso_exp__regulation_mileage_down__minimum,rt15_lmp_hourly_mean__congestion_usd_per_mwh__th_sp15_gen_apnd,0.17111682891845703,0.21902412176132202,0.2365608811378479,0.24063289165496826,actual_load__mw__nevp,"actual_load__mw__nevp,rt15_lmp_hourly_mean__lmp_usd_per_mwh__th_np15_gen_apnd","actual_load__mw__nevp,dam_renewable_forecast__mw__sp15__wind,rtpd_eim_transfer__mw__export__banc__ranchoseco"
dam_as_requirement__mw__as_caiso_exp__regulation_mileage_down__minimum,dam_as_total_procured__mw__ru__as_caiso,0.2616721987724304,0.2826801538467407,0.291537880897522,0.2918354272842407,dam_as_requirement__mw__as_caiso__spinning_reserve__minimum,"actual_renewable_generation__mw__sp15__wind,dam_as_requirement__mw__as_caiso__spinning_reserve__minimum","dam_renewable_forecast__mw__sp15__wind,dam_renewable_forecast__mw__zp26__wind,dam_as_requirement__mw__as_caiso__spinning_reserve__minimum"
dam_as_requirement__mw__as_caiso_exp__regulation_mileage_down__minimum,dam_as_total_procured__mw__rd__as_caiso,0.683761477470398,0.7148173451423645,0.7148173451423645,0.7148173451423645,actual_load__mw__nevp,actual_load__mw__nevp,actual_load__mw__nevp
dam_as_requirement__mw__as_caiso_exp__regulation_mileage_down__minimum,dam_as_total_procured__mw__sr__as_caiso,0.053679466247558594,0.07634764909744263,0.09648221731185913,0.09937781095504761,actual_load__mw__bpat,"actual_load__mw__bpat,dam_schedule__mw__load__tac_north","dam_renewable_forecast__mw__zp26__wind,actual_load__mw__bpat,dam_schedule__mw__load__tac_north"
dam_as_requirement__mw__as_caiso_exp__regulation_mileage_down__minimum,dam_as_total_procured__mw__nr__as_caiso,0.02447223663330078,0.05315655469894409,0.06594163179397583,0.0759628415107727,dam_lmp__lmp_usd_per_mwh__th_zp26_gen_apnd,"rt15_lmp_hourly_mean__lmp_usd_per_mwh__th_np15_gen_apnd,rt15_lmp_hourly_mean__loss_usd_per_mwh__th_np15_gen_apnd","rt15_lmp_hourly_mean__lmp_usd_per_mwh__th_np15_gen_apnd,rt15_lmp_hourly_mean__loss_usd_per_mwh__th_np15_gen_apnd,rtpd_eim_transfer__mw__export__banc__ranchoseco"
dam_as_requirement__mw__as_caiso__regulation_up__minimum,actual_load__mw__ca_iso_tac,0.07065945863723755,0.16049212217330933,0.18154245615005493,0.1864728331565857,dam_lmp__energy_usd_per_mwh__th_sp15_gen_apnd,"dam_renewable_forecast__mw__sp15__wind,dam_lmp__energy_usd_per_mwh__th_sp15_gen_apnd","dam_renewable_forecast__mw__sp15__wind,dam_renewable_forecast__mw__zp26__wind,dam_lmp__energy_usd_per_mwh__th_sp15_gen_apnd"
dam_as_requirement__mw__as_caiso__regulation_up__minimum,dam_schedule__mw__generation__caiso_totals,0.10067301988601685,0.18325811624526978,0.21721875667572021,0.21893835067749023,dam_lmp__energy_usd_per_mwh__th_sp15_gen_apnd,"dam_renewable_forecast__mw__sp15__wind,dam_lmp__energy_usd_per_mwh__th_sp15_gen_apnd","dam_renewable_forecast__mw__sp15__wind,rt15_lmp_hourly_mean__lmp_usd_per_mwh__th_sp15_gen_apnd,rt15_lmp_hourly_mean__loss_usd_per_mwh__th_np15_gen_apnd"
dam_as_requirement__mw__as_caiso__regulation_up__minimum,dam_schedule__mw__import__caiso_totals,0.12933212518692017,0.1636982560157776,0.17204821109771729,0.1751422882080078,actual_load__mw__pace,"actual_load__mw__pace,dam_renewable_forecast__mw__np15__wind","actual_load__mw__pace,actual_renewable_generation__mw__np15__wind,dam_renewable_forecast__mw__np15__wind"
dam_as_requirement__mw__as_caiso__regulation_up__minimum,dam_schedule__mw__export__caiso_totals,0.12265759706497192,0.16586065292358398,0.17251402139663696,0.21537631750106812,actual_renewable_generation__mw__np15__wind,"actual_renewable_generation__mw__np15__wind,rtpd_eim_transfer__mw__import__nevp__eldorado230","actual_renewable_generation__mw__np15__wind,dam_renewable_forecast__mw__zp26__wind,rtpd_eim_transfer__mw__import__ladwp__sylmar"
dam_as_requirement__mw__as_caiso__regulation_up__minimum,dam_lmp__lmp_usd_per_mwh__th_sp15_gen_apnd,0.23892587423324585,0.326324462890625,0.35458654165267944,0.36018598079681396,actual_load__mw__pace,"actual_load__mw__pace,actual_renewable_generation__mw__sp15__wind","actual_load__mw__pace,actual_renewable_generation__mw__sp15__wind,dam_renewable_forecast__mw__np15__wind"
dam_as_requirement__mw__as_caiso__regulation_up__minimum,dam_lmp__congestion_usd_per_mwh__th_sp15_gen_apnd,0.2197698950767517,0.25936341285705566,0.2638373374938965,0.2638373374938965,actual_load__mw__nevp,"actual_load__mw__nevp,dam_renewable_forecast__mw__sp15__wind","actual_load__mw__nevp,dam_renewable_forecast__mw__sp15__wind"
dam_as_requirement__mw__as_caiso__regulation_up__minimum,dam_lmp__loss_usd_per_mwh__th_sp15_gen_apnd,0.0057544708251953125,0.060314953327178955,0.07620197534561157,0.10530167818069458,dam_lmp__energy_usd_per_mwh__th_sp15_gen_apnd,"actual_load__mw__pace,dam_renewable_forecast__mw__sp15__wind","actual_load__mw__pace,dam_renewable_forecast__mw__sp15__wind,rt15_lmp_hourly_mean__loss_usd_per_mwh__th_np15_gen_apnd"
dam_as_requirement__mw__as_caiso__regulation_up__minimum,rt15_lmp_hourly_mean__congestion_usd_per_mwh__th_sp15_gen_apnd,0.13188278675079346,0.17581450939178467,0.1947614550590515,0.2050793170928955,actual_load__mw__nevp,"actual_load__mw__nevp,rt15_lmp_hourly_mean__lmp_usd_per_mwh__th_np15_gen_apnd","actual_load__mw__nevp,actual_renewable_generation__mw__sp15__wind,rt15_lmp_hourly_mean__lmp_usd_per_mwh__th_np15_gen_apnd"
dam_as_requirement__mw__as_caiso__regulation_up__minimum,dam_as_total_procured__mw__ru__as_caiso,0.8331926465034485,0.8331926465034485,0.8331926465034485,0.8331926465034485,∅,∅,∅
dam_as_requirement__mw__as_caiso__regulation_up__minimum,dam_as_total_procured__mw__rd__as_caiso,0.6106618642807007,0.6396912336349487,0.6396912336349487,0.6396912336349487,actual_load__mw__nevp,actual_load__mw__nevp,actual_load__mw__nevp
dam_as_requirement__mw__as_caiso__regulation_up__minimum,dam_as_total_procured__mw__sr__as_caiso,0.03587079048156738,0.060698091983795166,0.08571922779083252,0.08953160047531128,actual_load__mw__bpat,"actual_load__mw__bpat,dam_schedule__mw__load__tac_south","actual_load__mw__pace,actual_load__mw__bpat,dam_schedule__mw__load__tac_north"
dam_as_requirement__mw__as_caiso__regulation_up__minimum,dam_as_total_procured__mw__nr__as_caiso,0.01626187562942505,0.04029083251953125,0.05144447088241577,0.06338196992874146,dam_schedule__mw__load__tac_south,"dam_schedule__mw__load__tac_south,rtpd_eim_transfer__mw__export__bcha__malin500","dam_lmp__lmp_usd_per_mwh__th_np15_gen_apnd,rt15_lmp_hourly_mean__lmp_usd_per_mwh__th_np15_gen_apnd,rt15_lmp_hourly_mean__loss_usd_per_mwh__th_np15_gen_apnd"
dam_as_requirement__mw__as_caiso__regulation_down__minimum,actual_load__mw__ca_iso_tac,0.2666204571723938,0.36230015754699707,0.3718944191932678,0.3829365372657776,rt15_lmp_hourly_mean__loss_usd_per_mwh__th_np15_gen_apnd,"dam_renewable_forecast__mw__sp15__wind,rt15_lmp_hourly_mean__loss_usd_per_mwh__th_np15_gen_apnd","actual_renewable_generation__mw__zp26__wind,rt15_lmp_hourly_mean__loss_usd_per_mwh__th_np15_gen_apnd,rtpd_eim_transfer__mw__export__srp__pvwest"
dam_as_requirement__mw__as_caiso__regulation_down__minimum,dam_schedule__mw__generation__caiso_totals,0.26374614238739014,0.35628098249435425,0.3709457516670227,0.38481926918029785,rt15_lmp_hourly_mean__loss_usd_per_mwh__th_np15_gen_apnd,"rt15_lmp_hourly_mean__lmp_usd_per_mwh__th_zp26_gen_apnd,rt15_lmp_hourly_mean__loss_usd_per_mwh__th_np15_gen_apnd","actual_renewable_generation__mw__zp26__wind,rt15_lmp_hourly_mean__lmp_usd_per_mwh__th_zp26_gen_apnd,rt15_lmp_hourly_mean__loss_usd_per_mwh__th_np15_gen_apnd"
dam_as_requirement__mw__as_caiso__regulation_down__minimum,dam_schedule__mw__import__caiso_totals,0.2314886450767517,0.2668469548225403,0.27988123893737793,0.2894231677055359,actual_load__mw__bpat,"actual_load__mw__pace,actual_load__mw__bpat","actual_renewable_generation__mw__sp15__wind,dam_renewable_forecast__mw__zp26__wind,actual_load__mw__bpat"
dam_as_requirement__mw__as_caiso__regulation_down__minimum,dam_schedule__mw__export__caiso_totals,0.2148745059967041,0.29451507329940796,0.29451507329940796,0.32343435287475586,dam_renewable_forecast__mw__np15__wind,dam_renewable_forecast__mw__np15__wind,"actual_renewable_generation__mw__np15__wind,dam_renewable_forecast__mw__sp15__wind,rtpd_eim_transfer__mw__import__ladwp__sylmar"
dam_as_requirement__mw__as_caiso__regulation_down__minimum,dam_lmp__lmp_usd_per_mwh__th_sp15_gen_apnd,0.3894001245498657,0.4779384136199951,0.501909613609314,0.501909613609314,actual_load__mw__pace,"actual_load__mw__pace,actual_renewable_generation__mw__sp15__wind","actual_load__mw__pace,actual_renewable_generation__mw__sp15__wind"
dam_as_requirement__mw__as_caiso__regulation_down__minimum,dam_lmp__congestion_usd_per_mwh__th_sp15_gen_apnd,0.3530395030975342,0.3658505082130432,0.370635449886322,0.370635449886322,actual_load__mw__nevp,"actual_load__mw__nevp,rt15_lmp_hourly_mean__lmp_usd_per_mwh__th_np15_gen_apnd","actual_load__mw__nevp,rt15_lmp_hourly_mean__lmp_usd_per_mwh__th_np15_gen_apnd"
dam_as_requirement__mw__as_caiso__regulation_down__minimum,dam_lmp__loss_usd_per_mwh__th_sp15_gen_apnd,0.06399500370025635,0.1291358470916748,0.14121311902999878,0.14737355709075928,dam_renewable_forecast__mw__sp15__solar,"dam_renewable_forecast__mw__sp15__wind,dam_renewable_forecast__mw__zp26__solar","actual_renewable_generation__mw__np15__wind,dam_renewable_forecast__mw__sp15__wind,dam_as_requirement__mw__as_caiso__spinning_reserve__minimum"
dam_as_requirement__mw__as_caiso__regulation_down__minimum,rt15_lmp_hourly_mean__congestion_usd_per_mwh__th_sp15_gen_apnd,0.22197657823562622,0.2348470687866211,0.2553293704986572,0.2644330859184265,actual_load__mw__nevp,"actual_load__mw__nevp,rt15_lmp_hourly_mean__lmp_usd_per_mwh__th_np15_gen_apnd","actual_load__mw__nevp,dam_renewable_forecast__mw__sp15__wind,rtpd_eim_transfer__mw__export__banc__ranchoseco"
dam_as_requirement__mw__as_caiso__regulation_down__minimum,dam_as_total_procured__mw__ru__as_caiso,0.4100337624549866,0.4169144630432129,0.41773998737335205,0.41814571619033813,dam_as_requirement__mw__as_caiso__spinning_reserve__minimum,"actual_renewable_generation__mw__zp26__wind,dam_as_requirement__mw__as_caiso__spinning_reserve__minimum","actual_renewable_generation__mw__zp26__wind,dam_renewable_forecast__mw__np15__wind,dam_as_requirement__mw__as_caiso__spinning_reserve__minimum"
dam_as_requirement__mw__as_caiso__regulation_down__minimum,dam_as_total_procured__mw__rd__as_caiso,0.9775612950325012,0.9775612950325012,0.9775612950325012,0.9775612950325012,∅,∅,∅
dam_as_requirement__mw__as_caiso__regulation_down__minimum,dam_as_total_procured__mw__sr__as_caiso,0.08294034004211426,0.11755752563476562,0.13459771871566772,0.13459771871566772,actual_load__mw__bpat,"actual_load__mw__bpat,dam_schedule__mw__load__tac_north","actual_load__mw__bpat,dam_schedule__mw__load__tac_north"
dam_as_requirement__mw__as_caiso__regulation_down__minimum,dam_as_total_procured__mw__nr__as_caiso,0.045512259006500244,0.06839269399642944,0.0852842926979065,0.09749281406402588,rt15_lmp_hourly_mean__loss_usd_per_mwh__th_np15_gen_apnd,"rt15_lmp_hourly_mean__lmp_usd_per_mwh__th_np15_gen_apnd,rt15_lmp_hourly_mean__loss_usd_per_mwh__th_np15_gen_apnd","rt15_lmp_hourly_mean__lmp_usd_per_mwh__th_np15_gen_apnd,rt15_lmp_hourly_mean__loss_usd_per_mwh__th_np15_gen_apnd,rtpd_eim_transfer__mw__export__banc__ranchoseco"
dam_as_requirement__mw__as_caiso__spinning_reserve__minimum,actual_load__mw__ca_iso_tac,0.4211989641189575,0.5565019845962524,0.5583257675170898,0.5583257675170898,rt15_lmp_hourly_mean__lmp_usd_per_mwh__th_np15_gen_apnd,"rt15_lmp_hourly_mean__lmp_usd_per_mwh__th_np15_gen_apnd,rtpd_eim_transfer__mw__export__srp__pvwest","rt15_lmp_hourly_mean__lmp_usd_per_mwh__th_np15_gen_apnd,rtpd_eim_transfer__mw__export__srp__pvwest"
dam_as_requirement__mw__as_caiso__spinning_reserve__minimum,dam_schedule__mw__generation__caiso_totals,0.3261135220527649,0.4695451855659485,0.4753578305244446,0.4753578305244446,rt15_lmp_hourly_mean__lmp_usd_per_mwh__th_np15_gen_apnd,"rt15_lmp_hourly_mean__lmp_usd_per_mwh__th_np15_gen_apnd,rt15_lmp_hourly_mean__loss_usd_per_mwh__th_np15_gen_apnd","rt15_lmp_hourly_mean__lmp_usd_per_mwh__th_np15_gen_apnd,rt15_lmp_hourly_mean__loss_usd_per_mwh__th_np15_gen_apnd"
dam_as_requirement__mw__as_caiso__spinning_reserve__minimum,dam_schedule__mw__import__caiso_totals,0.09425908327102661,0.13453704118728638,0.16731488704681396,0.19819146394729614,actual_load__mw__bpat,"actual_load__mw__pace,actual_renewable_generation__mw__np15__wind","actual_load__mw__pace,dam_renewable_forecast__mw__np15__wind,actual_load__mw__bpat"
dam_as_requirement__mw__as_caiso__spinning_reserve__minimum,dam_schedule__mw__export__caiso_totals,0.2040698528289795,0.3475719094276428,0.381281316280365,0.39585942029953003,actual_load__mw__bpat,"rt15_lmp_hourly_mean__lmp_usd_per_mwh__th_sp15_gen_apnd,actual_load__mw__bpat","actual_renewable_generation__mw__zp26__wind,rt15_lmp_hourly_mean__lmp_usd_per_mwh__th_sp15_gen_apnd,actual_load__mw__bpat"
dam_as_requirement__mw__as_caiso__spinning_reserve__minimum,dam_lmp__lmp_usd_per_mwh__th_sp15_gen_apnd,0.08348453044891357,0.20957225561141968,0.21910858154296875,0.22984063625335693,dam_load_forecast__mw__sce_tac,"dam_load_forecast__mw__sce_tac,actual_renewable_generation__mw__np15__wind","dam_load_forecast__mw__sce_tac,actual_renewable_generation__mw__sp15__wind,dam_renewable_forecast__mw__zp26__wind"
dam_as_requirement__mw__as_caiso__spinning_reserve__minimum,dam_lmp__congestion_usd_per_mwh__th_sp15_gen_apnd,0.03544294834136963,0.13092690706253052,0.145555317401886,0.16029959917068481,actual_load__mw__nevp,"dam_load_forecast__mw__sce_tac,actual_load__mw__pace","dam_load_forecast__mw__sce_tac,actual_renewable_generation__mw__sp15__wind,actual_load__mw__bpat"
dam_as_requirement__mw__as_caiso__spinning_reserve__minimum,dam_lmp__loss_usd_per_mwh__th_sp15_gen_apnd,0.023191511631011963,0.09381479024887085,0.11830300092697144,0.12664496898651123,dam_renewable_forecast__mw__sp15__solar,"dam_renewable_forecast__mw__np15__wind,dam_renewable_forecast__mw__sp15__solar","dam_renewable_forecast__mw__np15__wind,dam_renewable_forecast__mw__sp15__solar,rtpd_eim_transfer__mw__import__ladwp__sylmar"
dam_as_requirement__mw__as_caiso__spinning_reserve__minimum,rt15_lmp_hourly_mean__congestion_usd_per_mwh__th_sp15_gen_apnd,0.011198759078979492,0.08147478103637695,0.10635864734649658,0.15415477752685547,actual_load__mw__nevp,"dam_renewable_forecast__mw__sp15__solar,rt15_lmp_hourly_mean__lmp_usd_per_mwh__th_np15_gen_apnd","dam_load_forecast__mw__sce_tac,dam_lmp__lmp_usd_per_mwh__th_np15_gen_apnd,rtpd_eim_transfer__mw__export__bcha__malin500"
dam_as_requirement__mw__as_caiso__spinning_reserve__minimum,dam_as_total_procured__mw__ru__as_caiso,0.009173870086669922,0.09343236684799194,0.1258522868156433,0.1376253366470337,dam_load_forecast__mw__pge_tac,"dam_load_forecast__mw__pge_tac,dam_schedule__mw__load__tac_south","dam_load_forecast__mw__pge_tac,rt15_lmp_hourly_mean__loss_usd_per_mwh__th_np15_gen_apnd,dam_schedule__mw__load__tac_south"
dam_as_requirement__mw__as_caiso__spinning_reserve__minimum,dam_as_total_procured__mw__rd__as_caiso,0.0726739764213562,0.17589491605758667,0.1812981367111206,0.1920090913772583,dam_schedule__mw__load__tac_ecntr,"actual_renewable_generation__mw__zp26__wind,dam_schedule__mw__load__tac_ecntr","actual_renewable_generation__mw__zp26__wind,dam_renewable_forecast__mw__zp26__wind,dam_schedule__mw__load__tac_ecntr"
dam_as_requirement__mw__as_caiso__spinning_reserve__minimum,dam_as_total_procured__mw__sr__as_caiso,0.15276825428009033,0.170401930809021,0.19204843044281006,0.19571757316589355,actual_load__mw__bpat,"rt15_lmp_hourly_mean__loss_usd_per_mwh__th_np15_gen_apnd,actual_load__mw__bpat","rt15_lmp_hourly_mean__lmp_usd_per_mwh__th_sp15_gen_apnd,rt15_lmp_hourly_mean__loss_usd_per_mwh__th_np15_gen_apnd,actual_load__mw__bpat"
dam_as_requirement__mw__as_caiso__spinning_reserve__minimum,dam_as_total_procured__mw__nr__as_caiso,0.45707619190216064,0.46667349338531494,0.47334080934524536,0.47334080934524536,actual_renewable_generation__mw__zp26__solar,"rtpd_eim_transfer__mw__export__banc__ranchoseco,rtpd_eim_transfer__mw__export__pge__malin500","rtpd_eim_transfer__mw__export__banc__ranchoseco,rtpd_eim_transfer__mw__export__pge__malin500"
rtpd_eim_transfer__mw__export__bcha__malin500,actual_load__mw__ca_iso_tac,0.04316931962966919,0.13022756576538086,0.13925206661224365,0.14265769720077515,dam_load_forecast__mw__pge_tac,"dam_renewable_forecast__mw__sp15__wind,dam_as_requirement__mw__as_caiso__regulation_up__minimum","dam_renewable_forecast__mw__sp15__wind,actual_load__mw__bpat,dam_as_requirement__mw__as_caiso__regulation_up__minimum"
rtpd_eim_transfer__mw__export__bcha__malin500,dam_schedule__mw__generation__caiso_totals,0.033077895641326904,0.11290037631988525,0.12446129322052002,0.14550137519836426,dam_load_forecast__mw__pge_tac,"dam_renewable_forecast__mw__sp15__solar,dam_renewable_forecast__mw__zp26__solar","dam_renewable_forecast__mw__sp15__solar,dam_renewable_forecast__mw__zp26__solar,rtpd_eim_transfer__mw__import__nevp__eldorado230"
rtpd_eim_transfer__mw__export__bcha__malin500,dam_schedule__mw__import__caiso_totals,0.22319841384887695,0.23821419477462769,0.23821419477462769,0.24546140432357788,actual_load__mw__pace,actual_load__mw__pace,"actual_load__mw__pace,dam_renewable_forecast__mw__sp15__wind,dam_renewable_forecast__mw__zp26__wind"
rtpd_eim_transfer__mw__export__bcha__malin500,dam_schedule__mw__export__caiso_totals,0.05023491382598877,0.09316784143447876,0.10571515560150146,0.14429205656051636,dam_load_forecast__mw__ca_iso_tac,"dam_load_forecast__mw__ca_iso_tac,actual_renewable_generation__mw__np15__wind","actual_renewable_generation__mw__sp15__wind,actual_load__mw__bpat,rtpd_eim_transfer__mw__export__banc__ranchoseco"
rtpd_eim_transfer__mw__export__bcha__malin500,dam_lmp__lmp_usd_per_mwh__th_sp15_gen_apnd,0.4104762673377991,0.4422457814216614,0.4713136553764343,0.4731505513191223,dam_renewable_forecast__mw__sp15__wind,"actual_load__mw__pace,actual_renewable_generation__mw__sp15__wind","actual_load__mw__pace,actual_renewable_generation__mw__zp26__wind,dam_renewable_forecast__mw__sp15__wind"
rtpd_eim_transfer__mw__export__bcha__malin500,dam_lmp__congestion_usd_per_mwh__th_sp15_gen_apnd,0.23841506242752075,0.24578678607940674,0.26827114820480347,0.26827114820480347,dam_renewable_forecast__mw__sp15__wind,"actual_load__mw__nevp,dam_renewable_forecast__mw__sp15__wind","actual_load__mw__nevp,dam_renewable_forecast__mw__sp15__wind"
rtpd_eim_transfer__mw__export__bcha__malin500,dam_lmp__loss_usd_per_mwh__th_sp15_gen_apnd,0.11150354146957397,0.15820056200027466,0.17422527074813843,0.1841610074043274,rt15_lmp_hourly_mean__loss_usd_per_mwh__th_np15_gen_apnd,"actual_load__mw__pace,dam_renewable_forecast__mw__sp15__wind","actual_load__mw__pace,actual_renewable_generation__mw__np15__wind,actual_renewable_generation__mw__sp15__wind"
rtpd_eim_transfer__mw__export__bcha__malin500,rt15_lmp_hourly_mean__congestion_usd_per_mwh__th_sp15_gen_apnd,0.12363225221633911,0.13740646839141846,0.1713252067565918,0.18335068225860596,rtpd_eim_transfer__mw__export__banc__ranchoseco,"actual_load__mw__nevp,rt15_lmp_hourly_mean__lmp_usd_per_mwh__th_np15_gen_apnd","actual_load__mw__nevp,dam_renewable_forecast__mw__sp15__wind,rt15_lmp_hourly_mean__lmp_usd_per_mwh__th_np15_gen_apnd"
rtpd_eim_transfer__mw__export__bcha__malin500,dam_as_total_procured__mw__ru__as_caiso,0.1048622727394104,0.1360400915145874,0.1604217290878296,0.16560113430023193,actual_load__mw__nevp,"actual_load__mw__nevp,dam_renewable_forecast__mw__sp15__wind","actual_load__mw__nevp,actual_renewable_generation__mw__sp15__wind,dam_renewable_forecast__mw__zp26__wind"
rtpd_eim_transfer__mw__export__bcha__malin500,dam_as_total_procured__mw__rd__as_caiso,0.35407716035842896,0.38366901874542236,0.38735437393188477,0.38735437393188477,actual_load__mw__nevp,"actual_load__mw__nevp,dam_renewable_forecast__mw__sp15__wind","actual_load__mw__nevp,dam_renewable_forecast__mw__sp15__wind"
rtpd_eim_transfer__mw__export__bcha__malin500,dam_as_total_procured__mw__sr__as_caiso,0.05505716800689697,0.06438863277435303,0.08263301849365234,0.0829392671585083,dam_load_forecast__mw__ca_iso_tac,"actual_load__mw__bpat,dam_schedule__mw__load__tac_north","dam_renewable_forecast__mw__zp26__wind,actual_load__mw__bpat,dam_schedule__mw__load__tac_north"
rtpd_eim_transfer__mw__export__bcha__malin500,dam_as_total_procured__mw__nr__as_caiso,0.02014291286468506,0.043807268142700195,0.060734689235687256,0.06614744663238525,actual_load__mw__bpat,"dam_renewable_forecast__mw__np15__wind,actual_load__mw__bpat","actual_load__mw__pace,actual_load__mw__bpat,dam_as_requirement__mw__as_caiso_exp__regulation_mileage_up__minimum"
rtpd_eim_transfer__mw__export__banc__ranchoseco,actual_load__mw__ca_iso_tac,0.02302992343902588,0.09491586685180664,0.1066853404045105,0.11965084075927734,dam_lmp__energy_usd_per_mwh__th_sp15_gen_apnd,"rt15_lmp_hourly_mean__lmp_usd_per_mwh__th_np15_gen_apnd,rt15_lmp_hourly_mean__loss_usd_per_mwh__th_np15_gen_apnd","rt15_lmp_hourly_mean__lmp_usd_per_mwh__th_np15_gen_apnd,rt15_lmp_hourly_mean__loss_usd_per_mwh__th_np15_gen_apnd,rtpd_eim_transfer__mw__import__ladwp__sylmar"
rtpd_eim_transfer__mw__export__banc__ranchoseco,dam_schedule__mw__generation__caiso_totals,0.045302748680114746,0.11449557542800903,0.13682597875595093,0.16053146123886108,dam_lmp__energy_usd_per_mwh__th_sp15_gen_apnd,"rt15_lmp_hourly_mean__lmp_usd_per_mwh__th_np15_gen_apnd,rt15_lmp_hourly_mean__loss_usd_per_mwh__th_np15_gen_apnd","dam_lmp__lmp_usd_per_mwh__th_zp26_gen_apnd,rt15_lmp_hourly_mean__lmp_usd_per_mwh__th_sp15_gen_apnd,rtpd_eim_transfer__mw__import__ladwp__sylmar"
rtpd_eim_transfer__mw__export__banc__ranchoseco,dam_schedule__mw__import__caiso_totals,0.01192164421081543,0.031016886234283447,0.0524938702583313,0.06662201881408691,actual_load__mw__pace,"actual_load__mw__pace,actual_load__mw__bpat","actual_load__mw__pace,actual_load__mw__bpat,dam_as_requirement__mw__as_caiso__spinning_reserve__minimum"
rtpd_eim_transfer__mw__export__banc__ranchoseco,dam_schedule__mw__export__caiso_totals,0.04485476016998291,0.07507824897766113,0.12742429971694946,0.1431930661201477,dam_lmp__lmp_usd_per_mwh__th_np15_gen_apnd,"rt15_lmp_hourly_mean__lmp_usd_per_mwh__th_np15_gen_apnd,rtpd_eim_transfer__mw__import__ladwp__sylmar","actual_renewable_generation__mw__np15__wind,rt15_lmp_hourly_mean__lmp_usd_per_mwh__th_np15_gen_apnd,rtpd_eim_transfer__mw__import__ladwp__sylmar"
rtpd_eim_transfer__mw__export__banc__ranchoseco,dam_lmp__lmp_usd_per_mwh__th_sp15_gen_apnd,0.06989383697509766,0.10700345039367676,0.12310773134231567,0.12498736381530762,actual_load__mw__pace,"actual_load__mw__pace,actual_renewable_generation__mw__zp26__wind","actual_load__mw__pace,actual_renewable_generation__mw__sp15__wind,actual_renewable_generation__mw__zp26__wind"
rtpd_eim_transfer__mw__export__banc__ranchoseco,dam_lmp__congestion_usd_per_mwh__th_sp15_gen_apnd,0.038709819316864014,0.05994117259979248,0.0678064227104187,0.09793543815612793,actual_load__mw__azps,"dam_load_forecast__mw__ca_iso_tac,actual_renewable_generation__mw__zp26__wind","actual_renewable_generation__mw__sp15__wind,dam_lmp__lmp_usd_per_mwh__th_np15_gen_apnd,dam_schedule__mw__load__tac_south"
rtpd_eim_transfer__mw__export__banc__ranchoseco,dam_lmp__loss_usd_per_mwh__th_sp15_gen_apnd,0.013548016548156738,0.05260765552520752,0.06684768199920654,0.08033192157745361,actual_load__mw__pace,"actual_load__mw__pace,dam_renewable_forecast__mw__sp15__wind","actual_load__mw__pace,dam_renewable_forecast__mw__sp15__wind,dam_as_requirement__mw__as_caiso__spinning_reserve__minimum"
rtpd_eim_transfer__mw__export__banc__ranchoseco,rt15_lmp_hourly_mean__congestion_usd_per_mwh__th_sp15_gen_apnd,0.007704496383666992,0.09395766258239746,0.11766433715820312,0.15208256244659424,rt15_lmp_hourly_mean__lmp_usd_per_mwh__th_sp15_gen_apnd,"actual_renewable_generation__mw__np15__solar,rt15_lmp_hourly_mean__lmp_usd_per_mwh__th_sp15_gen_apnd","dam_renewable_forecast__mw__np15__solar,rt15_lmp_hourly_mean__lmp_usd_per_mwh__th_zp26_gen_apnd,dam_as_requirement__mw__as_caiso__spinning_reserve__minimum"
rtpd_eim_transfer__mw__export__banc__ranchoseco,dam_as_total_procured__mw__ru__as_caiso,0.06916826963424683,0.07766473293304443,0.08119171857833862,0.08313274383544922,dam_as_requirement__mw__as_caiso__spinning_reserve__minimum,"actual_renewable_generation__mw__zp26__wind,dam_renewable_forecast__mw__sp15__wind","actual_renewable_generation__mw__zp26__wind,dam_renewable_forecast__mw__sp15__wind,dam_as_requirement__mw__as_caiso__spinning_reserve__minimum"
rtpd_eim_transfer__mw__export__banc__ranchoseco,dam_as_total_procured__mw__rd__as_caiso,0.08824193477630615,0.0942922830581665,0.10115689039230347,0.11011362075805664,actual_load__mw__nevp,"actual_load__mw__nevp,dam_renewable_forecast__mw__sp15__wind","actual_load__mw__pace,actual_renewable_generation__mw__zp26__wind,dam_as_requirement__mw__as_caiso__spinning_reserve__minimum"
rtpd_eim_transfer__mw__export__banc__ranchoseco,dam_as_total_procured__mw__sr__as_caiso,0.021389484405517578,0.029977917671203613,0.04286503791809082,0.056889355182647705,dam_schedule__mw__load__tac_south,"dam_load_forecast__mw__sdge_tac,actual_load__mw__bpat","dam_lmp__energy_usd_per_mwh__th_sp15_gen_apnd,dam_lmp__lmp_usd_per_mwh__th_np15_gen_apnd,rtpd_eim_transfer__mw__export__pge__malin500"
rtpd_eim_transfer__mw__export__banc__ranchoseco,dam_as_total_procured__mw__nr__as_caiso,0.002375960350036621,0.021490037441253662,0.03746110200881958,0.04670518636703491,actual_load__mw__azps,"actual_load__mw__azps,actual_renewable_generation__mw__sp15__wind","actual_load__mw__pace,dam_renewable_forecast__mw__zp26__solar,dam_as_requirement__mw__as_caiso_exp__regulation_mileage_down__minimum"
rtpd_eim_transfer__mw__import__nevp__eldorado230,actual_load__mw__ca_iso_tac,-0.005653262138366699,0.03931236267089844,0.05622720718383789,0.06695032119750977,actual_renewable_generation__mw__zp26__solar,"actual_renewable_generation__mw__np15__wind,actual_renewable_generation__mw__sp15__solar","actual_renewable_generation__mw__np15__wind,actual_renewable_generation__mw__zp26__solar,rtpd_eim_transfer__mw__export__bcha__malin500"
rtpd_eim_transfer__mw__import__nevp__eldorado230,dam_schedule__mw__generation__caiso_totals,-0.0018233060836791992,0.03377175331115723,0.05630135536193848,0.06693887710571289,dam_as_requirement__mw__as_caiso__spinning_reserve__minimum,"dam_renewable_forecast__mw__zp26__solar,dam_as_requirement__mw__as_caiso__spinning_reserve__minimum","dam_renewable_forecast__mw__np15__solar,dam_as_requirement__mw__as_caiso__spinning_reserve__minimum,rtpd_eim_transfer__mw__export__banc__ranchoseco"
rtpd_eim_transfer__mw__import__nevp__eldorado230,dam_schedule__mw__import__caiso_totals,0.03592216968536377,0.04536551237106323,0.05976307392120361,0.06556016206741333,actual_load__mw__nevp,"dam_load_forecast__mw__sce_tac,actual_load__mw__bpat","actual_load__mw__nevp,dam_renewable_forecast__mw__zp26__wind,actual_load__mw__bpat"
rtpd_eim_transfer__mw__import__nevp__eldorado230,dam_schedule__mw__export__caiso_totals,0.00605928897857666,0.03180098533630371,0.05483829975128174,0.09977328777313232,dam_as_requirement__mw__as_caiso__spinning_reserve__minimum,"rt15_lmp_hourly_mean__lmp_usd_per_mwh__th_np15_gen_apnd,rtpd_eim_transfer__mw__import__ladwp__sylmar","actual_renewable_generation__mw__sp15__wind,actual_load__mw__bpat,rtpd_eim_transfer__mw__export__banc__ranchoseco"
rtpd_eim_transfer__mw__import__nevp__eldorado230,dam_lmp__lmp_usd_per_mwh__th_sp15_gen_apnd,0.19560444355010986,0.22201979160308838,0.23597824573516846,0.23597824573516846,actual_load__mw__pace,"actual_load__mw__pace,actual_renewable_generation__mw__np15__wind","actual_load__mw__pace,actual_renewable_generation__mw__np15__wind"
rtpd_eim_transfer__mw__import__nevp__eldorado230,dam_lmp__congestion_usd_per_mwh__th_sp15_gen_apnd,0.06625145673751831,0.08759582042694092,0.09547799825668335,0.12369316816329956,actual_renewable_generation__mw__np15__wind,"actual_renewable_generation__mw__sp15__wind,actual_load__mw__bpat","actual_renewable_generation__mw__sp15__wind,actual_load__mw__bpat,dam_as_requirement__mw__as_caiso_exp__regulation_mileage_up__minimum"
rtpd_eim_transfer__mw__import__nevp__eldorado230,dam_lmp__loss_usd_per_mwh__th_sp15_gen_apnd,0.047749102115631104,0.07376456260681152,0.0758635401725769,0.08372730016708374,actual_load__mw__pace,"actual_load__mw__pace,dam_as_requirement__mw__as_caiso_exp__regulation_mileage_up__minimum","actual_load__mw__pace,dam_renewable_forecast__mw__sp15__wind,dam_as_requirement__mw__as_caiso__spinning_reserve__minimum"
rtpd_eim_transfer__mw__import__nevp__eldorado230,rt15_lmp_hourly_mean__congestion_usd_per_mwh__th_sp15_gen_apnd,0.048111557960510254,0.0649687647819519,0.09024578332901001,0.1128656268119812,actual_load__mw__nevp,"dam_renewable_forecast__mw__np15__wind,dam_as_requirement__mw__as_caiso__spinning_reserve__minimum","actual_renewable_generation__mw__zp26__wind,dam_renewable_forecast__mw__np15__wind,dam_as_requirement__mw__as_caiso__spinning_reserve__minimum"
rtpd_eim_transfer__mw__import__nevp__eldorado230,dam_as_total_procured__mw__ru__as_caiso,0.033293843269348145,0.05037325620651245,0.06066906452178955,0.06744664907455444,actual_load__mw__nevp,"actual_load__mw__pace,actual_load__mw__bpat","actual_load__mw__pace,actual_renewable_generation__mw__np15__wind,dam_renewable_forecast__mw__np15__wind"
rtpd_eim_transfer__mw__import__nevp__eldorado230,dam_as_total_procured__mw__rd__as_caiso,0.05042928457260132,0.07019060850143433,0.08359318971633911,0.08761674165725708,dam_load_forecast__mw__sce_tac,"dam_load_forecast__mw__sce_tac,dam_renewable_forecast__mw__np15__wind","dam_load_forecast__mw__sce_tac,dam_renewable_forecast__mw__zp26__wind,actual_load__mw__bpat"
rtpd_eim_transfer__mw__import__nevp__eldorado230,dam_as_total_procured__mw__sr__as_caiso,0.011256635189056396,0.023360252380371094,0.029239416122436523,0.046169400215148926,dam_load_forecast__mw__ca_iso_tac,"dam_load_forecast__mw__ca_iso_tac,actual_renewable_generation__mw__zp26__wind","dam_lmp__energy_usd_per_mwh__th_sp15_gen_apnd,dam_lmp__lmp_usd_per_mwh__th_np15_gen_apnd,rtpd_eim_transfer__mw__export__pge__malin500"
rtpd_eim_transfer__mw__import__nevp__eldorado230,dam_as_total_procured__mw__nr__as_caiso,0.001192629337310791,0.020076990127563477,0.02527862787246704,0.036180734634399414,actual_load__mw__pace,"actual_load__mw__nevp,actual_load__mw__bpat","actual_renewable_generation__mw__sp15__wind,dam_renewable_forecast__mw__np15__solar,dam_as_requirement__mw__as_caiso_exp__regulation_mileage_up__minimum"
rtpd_eim_transfer__mw__export__srp__pvwest,actual_load__mw__ca_iso_tac,0.0,0.12058806419372559,0.12956857681274414,0.13558757305145264,actual_renewable_generation__mw__sp15__solar,"actual_renewable_generation__mw__sp15__solar,dam_as_requirement__mw__as_caiso_exp__regulation_mileage_up__minimum","actual_renewable_generation__mw__sp15__solar,actual_renewable_generation__mw__sp15__wind,rtpd_eim_transfer__mw__export__banc__ranchoseco"
rtpd_eim_transfer__mw__export__srp__pvwest,dam_schedule__mw__generation__caiso_totals,0.0,0.10626590251922607,0.11197376251220703,0.11197376251220703,dam_load_forecast__mw__pge_tac,"dam_load_forecast__mw__pge_tac,dam_renewable_forecast__mw__zp26__wind","dam_load_forecast__mw__pge_tac,dam_renewable_forecast__mw__zp26__wind"
rtpd_eim_transfer__mw__export__srp__pvwest,dam_schedule__mw__import__caiso_totals,0.16838723421096802,0.178203284740448,0.18878471851348877,0.18878471851348877,actual_load__mw__pace,"actual_load__mw__pace,actual_renewable_generation__mw__zp26__wind","actual_load__mw__pace,actual_renewable_generation__mw__zp26__wind"
rtpd_eim_transfer__mw__export__srp__pvwest,dam_schedule__mw__export__caiso_totals,0.07765209674835205,0.11874014139175415,0.1291545033454895,0.1445760726928711,dam_load_forecast__mw__ca_iso_tac,"rt15_lmp_hourly_mean__lmp_usd_per_mwh__th_np15_gen_apnd,rtpd_eim_transfer__mw__import__ladwp__sylmar","dam_renewable_forecast__mw__np15__wind,rt15_lmp_hourly_mean__lmp_usd_per_mwh__th_np15_gen_apnd,rtpd_eim_transfer__mw__import__ladwp__sylmar"
rtpd_eim_transfer__mw__export__srp__pvwest,dam_lmp__lmp_usd_per_mwh__th_sp15_gen_apnd,0.529739499092102,0.5665105581283569,0.5665105581283569,0.5665105581283569,actual_load__mw__pace,actual_load__mw__pace,actual_load__mw__pace
rtpd_eim_transfer__mw__export__srp__pvwest,dam_lmp__congestion_usd_per_mwh__th_sp15_gen_apnd,0.26517683267593384,0.2767471671104431,0.2941959500312805,0.2941959500312805,actual_load__mw__pace,"actual_load__mw__nevp,rt15_lmp_hourly_mean__lmp_usd_per_mwh__th_np15_gen_apnd","actual_load__mw__nevp,rt15_lmp_hourly_mean__lmp_usd_per_mwh__th_np15_gen_apnd"
rtpd_eim_transfer__mw__export__srp__pvwest,dam_lmp__loss_usd_per_mwh__th_sp15_gen_apnd,0.13252931833267212,0.18676185607910156,0.19591253995895386,0.20129334926605225,actual_load__mw__pace,"actual_load__mw__pace,actual_renewable_generation__mw__np15__wind","actual_load__mw__pace,actual_renewable_generation__mw__sp15__wind,dam_renewable_forecast__mw__np15__wind"
rtpd_eim_transfer__mw__export__srp__pvwest,rt15_lmp_hourly_mean__congestion_usd_per_mwh__th_sp15_gen_apnd,0.19967389106750488,0.25972872972488403,0.2946937680244446,0.30041712522506714,rt15_lmp_hourly_mean__lmp_usd_per_mwh__th_np15_gen_apnd,"actual_load__mw__nevp,rt15_lmp_hourly_mean__lmp_usd_per_mwh__th_np15_gen_apnd","actual_load__mw__nevp,actual_renewable_generation__mw__zp26__wind,rt15_lmp_hourly_mean__lmp_usd_per_mwh__th_np15_gen_apnd"
rtpd_eim_transfer__mw__export__srp__pvwest,dam_as_total_procured__mw__ru__as_caiso,0.13525795936584473,0.1729217767715454,0.19741547107696533,0.19741547107696533,dam_renewable_forecast__mw__sp15__wind,"actual_renewable_generation__mw__sp15__wind,dam_as_requirement__mw__as_caiso__spinning_reserve__minimum","actual_renewable_generation__mw__sp15__wind,dam_as_requirement__mw__as_caiso__spinning_reserve__minimum"
rtpd_eim_transfer__mw__export__srp__pvwest,dam_as_total_procured__mw__rd__as_caiso,0.3104156255722046,0.3433375954627991,0.36387354135513306,0.36387354135513306,dam_load_forecast__mw__sce_tac,"actual_load__mw__nevp,actual_renewable_generation__mw__sp15__wind","actual_load__mw__nevp,actual_renewable_generation__mw__sp15__wind"
rtpd_eim_transfer__mw__export__srp__pvwest,dam_as_total_procured__mw__sr__as_caiso,0.01854705810546875,0.036808788776397705,0.04445695877075195,0.04970741271972656,dam_load_forecast__mw__ca_iso_tac,"dam_load_forecast__mw__ca_iso_tac,actual_load__mw__bpat","dam_renewable_forecast__mw__sp15__wind,actual_load__mw__bpat,dam_schedule__mw__load__tac_north"
rtpd_eim_transfer__mw__export__srp__pvwest,dam_as_total_procured__mw__nr__as_caiso,0.001490473747253418,0.02195262908935547,0.036873579025268555,0.04262971878051758,actual_load__mw__pace,"actual_load__mw__nevp,actual_renewable_generation__mw__sp15__wind","actual_load__mw__pace,actual_renewable_generation__mw__sp15__wind,actual_load__mw__bpat"
rtpd_eim_transfer__mw__import__ladwp__sylmar,actual_load__mw__ca_iso_tac,0.05159735679626465,0.11155706644058228,0.12259471416473389,0.13044583797454834,actual_renewable_generation__mw__sp15__solar,"dam_renewable_forecast__mw__sp15__solar,rtpd_eim_transfer__mw__export__banc__ranchoseco","actual_renewable_generation__mw__sp15__solar,actual_renewable_generation__mw__sp15__wind,rtpd_eim_transfer__mw__export__banc__ranchoseco"
rtpd_eim_transfer__mw__import__ladwp__sylmar,dam_schedule__mw__generation__caiso_totals,0.05027782917022705,0.09314531087875366,0.12836456298828125,0.12952440977096558,dam_renewable_forecast__mw__zp26__solar,"dam_renewable_forecast__mw__zp26__solar,actual_load__mw__bpat","dam_renewable_forecast__mw__sp15__solar,actual_load__mw__bpat,dam_as_requirement__mw__as_caiso_exp__regulation_mileage_up__minimum"
rtpd_eim_transfer__mw__import__ladwp__sylmar,dam_schedule__mw__import__caiso_totals,0.032216429710388184,0.05284440517425537,0.07837605476379395,0.07837605476379395,actual_load__mw__bpat,"actual_load__mw__bpat,dam_schedule__mw__load__tac_ecntr","actual_load__mw__bpat,dam_schedule__mw__load__tac_ecntr"
rtpd_eim_transfer__mw__import__ladwp__sylmar,dam_schedule__mw__export__caiso_totals,0.05096995830535889,0.10038125514984131,0.11482048034667969,0.15922218561172485,actual_load__mw__bpat,"dam_renewable_forecast__mw__zp26__solar,actual_load__mw__bpat","dam_renewable_forecast__mw__sp15__wind,actual_load__mw__bpat,rtpd_eim_transfer__mw__export__banc__ranchoseco"
rtpd_eim_transfer__mw__import__ladwp__sylmar,dam_lmp__lmp_usd_per_mwh__th_sp15_gen_apnd,0.2368537187576294,0.25247281789779663,0.2608821988105774,0.2678983807563782,actual_load__mw__pace,"actual_load__mw__pace,actual_renewable_generation__mw__np15__wind","actual_load__mw__pace,dam_renewable_forecast__mw__np15__wind,dam_renewable_forecast__mw__zp26__wind"
rtpd_eim_transfer__mw__import__ladwp__sylmar,dam_lmp__congestion_usd_per_mwh__th_sp15_gen_apnd,0.09307056665420532,0.10587549209594727,0.12074202299118042,0.13441842794418335,actual_load__mw__pace,"dam_renewable_forecast__mw__zp26__wind,actual_load__mw__bpat","actual_renewable_generation__mw__sp15__wind,actual_load__mw__bpat,dam_as_requirement__mw__as_caiso_exp__regulation_mileage_up__minimum"
rtpd_eim_transfer__mw__import__ladwp__sylmar,dam_lmp__loss_usd_per_mwh__th_sp15_gen_apnd,0.024150311946868896,0.05531972646713257,0.06518363952636719,0.0759575366973877,rt15_lmp_hourly_mean__loss_usd_per_mwh__th_np15_gen_apnd,"actual_load__mw__pace,rt15_lmp_hourly_mean__loss_usd_per_mwh__th_np15_gen_apnd","actual_renewable_generation__mw__zp26__wind,rt15_lmp_hourly_mean__loss_usd_per_mwh__th_np15_gen_apnd,dam_as_requirement__mw__as_caiso__spinning_reserve__minimum"
rtpd_eim_transfer__mw__import__ladwp__sylmar,rt15_lmp_hourly_mean__congestion_usd_per_mwh__th_sp15_gen_apnd,0.08480662107467651,0.0983533263206482,0.11741715669631958,0.12946432828903198,actual_load__mw__bpat,"actual_load__mw__bpat,dam_as_requirement__mw__as_caiso__spinning_reserve__minimum","actual_renewable_generation__mw__np15__wind,actual_load__mw__bpat,rtpd_eim_transfer__mw__export__banc__ranchoseco"
rtpd_eim_transfer__mw__import__ladwp__sylmar,dam_as_total_procured__mw__ru__as_caiso,0.0452113151550293,0.05835700035095215,0.07012122869491577,0.07012122869491577,actual_load__mw__pace,"actual_load__mw__pace,actual_load__mw__bpat","actual_load__mw__pace,actual_load__mw__bpat"
rtpd_eim_transfer__mw__import__ladwp__sylmar,dam_as_total_procured__mw__rd__as_caiso,0.10678189992904663,0.11946648359298706,0.14329785108566284,0.14329785108566284,dam_load_forecast__mw__sce_tac,"dam_load_forecast__mw__sce_tac,actual_load__mw__bpat","dam_load_forecast__mw__sce_tac,actual_load__mw__bpat"
rtpd_eim_transfer__mw__import__ladwp__sylmar,dam_as_total_procured__mw__sr__as_caiso,0.009124517440795898,0.021359145641326904,0.026440083980560303,0.038913607597351074,dam_renewable_forecast__mw__zp26__solar,"dam_load_forecast__mw__sdge_tac,actual_load__mw__bpat","rt15_lmp_hourly_mean__loss_usd_per_mwh__th_np15_gen_apnd,actual_load__mw__bpat,rtpd_eim_transfer__mw__export__pge__malin500"
rtpd_eim_transfer__mw__import__ladwp__sylmar,dam_as_total_procured__mw__nr__as_caiso,0.012879610061645508,0.03336268663406372,0.044168829917907715,0.060863614082336426,actual_load__mw__bpat,"dam_renewable_forecast__mw__np15__solar,actual_load__mw__bpat","actual_renewable_generation__mw__np15__solar,actual_load__mw__bpat,dam_as_requirement__mw__as_caiso_exp__regulation_mileage_down__minimum"
rtpd_eim_transfer__mw__export__pge__malin500,actual_load__mw__ca_iso_tac,0.039819300174713135,0.11153346300125122,0.12809568643569946,0.13340222835540771,dam_load_forecast__mw__pge_tac,"rt15_lmp_hourly_mean__lmp_usd_per_mwh__th_np15_gen_apnd,rt15_lmp_hourly_mean__loss_usd_per_mwh__th_np15_gen_apnd","actual_renewable_generation__mw__zp26__wind,rt15_lmp_hourly_mean__lmp_usd_per_mwh__th_zp26_gen_apnd,rt15_lmp_hourly_mean__loss_usd_per_mwh__th_np15_gen_apnd"
rtpd_eim_transfer__mw__export__pge__malin500,dam_schedule__mw__generation__caiso_totals,0.06216210126876831,0.13392913341522217,0.1453225016593933,0.14869481325149536,dam_lmp__energy_usd_per_mwh__th_sp15_gen_apnd,"rt15_lmp_hourly_mean__lmp_usd_per_mwh__th_np15_gen_apnd,rt15_lmp_hourly_mean__loss_usd_per_mwh__th_np15_gen_apnd","actual_renewable_generation__mw__zp26__wind,rt15_lmp_hourly_mean__lmp_usd_per_mwh__th_zp26_gen_apnd,rt15_lmp_hourly_mean__loss_usd_per_mwh__th_np15_gen_apnd"
rtpd_eim_transfer__mw__export__pge__malin500,dam_schedule__mw__import__caiso_totals,0.1562477946281433,0.17044925689697266,0.17044925689697266,0.17044925689697266,actual_load__mw__pace,actual_load__mw__pace,actual_load__mw__pace
rtpd_eim_transfer__mw__export__pge__malin500,dam_schedule__mw__export__caiso_totals,0.08377671241760254,0.09630995988845825,0.11277049779891968,0.15493172407150269,dam_as_requirement__mw__as_caiso__spinning_reserve__minimum,"rt15_lmp_hourly_mean__loss_usd_per_mwh__th_np15_gen_apnd,actual_load__mw__bpat","dam_renewable_forecast__mw__sp15__wind,rt15_lmp_hourly_mean__lmp_usd_per_mwh__th_np15_gen_apnd,rtpd_eim_transfer__mw__import__ladwp__sylmar"
rtpd_eim_transfer__mw__export__pge__malin500,dam_lmp__lmp_usd_per_mwh__th_sp15_gen_apnd,0.26315629482269287,0.30108553171157837,0.3169007897377014,0.3169007897377014,actual_load__mw__pace,"actual_load__mw__pace,dam_renewable_forecast__mw__sp15__wind","actual_load__mw__pace,dam_renewable_forecast__mw__sp15__wind"
rtpd_eim_transfer__mw__export__pge__malin500,dam_lmp__congestion_usd_per_mwh__th_sp15_gen_apnd,0.144328773021698,0.16715413331985474,0.16715413331985474,0.16715413331985474,dam_schedule__mw__load__tac_ecntr,dam_schedule__mw__load__tac_ecntr,dam_schedule__mw__load__tac_ecntr
rtpd_eim_transfer__mw__export__pge__malin500,dam_lmp__loss_usd_per_mwh__th_sp15_gen_apnd,0.06289106607437134,0.10098117589950562,0.11447381973266602,0.12816518545150757,rt15_lmp_hourly_mean__loss_usd_per_mwh__th_np15_gen_apnd,"actual_load__mw__pace,rt15_lmp_hourly_mean__loss_usd_per_mwh__th_np15_gen_apnd","actual_renewable_generation__mw__sp15__wind,dam_renewable_forecast__mw__np15__wind,rt15_lmp_hourly_mean__loss_usd_per_mwh__th_np15_gen_apnd"
rtpd_eim_transfer__mw__export__pge__malin500,rt15_lmp_hourly_mean__congestion_usd_per_mwh__th_sp15_gen_apnd,0.06288903951644897,0.08503276109695435,0.1032378077507019,0.16702258586883545,rt15_lmp_hourly_mean__lmp_usd_per_mwh__th_np15_gen_apnd,"actual_load__mw__nevp,rt15_lmp_hourly_mean__lmp_usd_per_mwh__th_np15_gen_apnd","dam_load_forecast__mw__sce_tac,dam_lmp__lmp_usd_per_mwh__th_np15_gen_apnd,dam_as_requirement__mw__as_caiso__regulation_up__minimum"
rtpd_eim_transfer__mw__export__pge__malin500,dam_as_total_procured__mw__ru__as_caiso,0.045877695083618164,0.06223404407501221,0.06985557079315186,0.07662975788116455,dam_as_requirement__mw__as_caiso__spinning_reserve__minimum,"actual_renewable_generation__mw__zp26__wind,dam_as_requirement__mw__as_caiso__spinning_reserve__minimum","actual_renewable_generation__mw__sp15__wind,dam_renewable_forecast__mw__zp26__wind,dam_as_requirement__mw__as_caiso__spinning_reserve__minimum"
rtpd_eim_transfer__mw__export__pge__malin500,dam_as_total_procured__mw__rd__as_caiso,0.19517624378204346,0.19517624378204346,0.19517624378204346,0.20348501205444336,∅,∅,"actual_load__mw__nevp,actual_renewable_generation__mw__zp26__wind,dam_renewable_forecast__mw__zp26__wind"
rtpd_eim_transfer__mw__export__pge__malin500,dam_as_total_procured__mw__sr__as_caiso,0.03217613697052002,0.039693593978881836,0.04631960391998291,0.05237168073654175,dam_load_forecast__mw__ca_iso_tac,"dam_load_forecast__mw__sdge_tac,actual_load__mw__bpat","rt15_lmp_hourly_mean__lmp_usd_per_mwh__th_np15_gen_apnd,rt15_lmp_hourly_mean__loss_usd_per_mwh__th_np15_gen_apnd,rtpd_eim_transfer__mw__import__ladwp__sylmar"
rtpd_eim_transfer__mw__export__pge__malin500,dam_as_total_procured__mw__nr__as_caiso,-0.0008301734924316406,0.022293925285339355,0.03375744819641113,0.03854966163635254,dam_load_forecast__mw__sce_tac,"actual_load__mw__azps,actual_renewable_generation__mw__sp15__wind","actual_load__mw__azps,actual_renewable_generation__mw__sp15__wind,actual_renewable_generation__mw__zp26__wind"
