source_key,official_report_name,queryname,version,market_run_id,period_start_utc,period_end_exclusive_utc,request_url,http_status,retrieval_mode,retrieved_at,response_bytes,sha256,cached_filename,contained_csv,contained_csv_sha256
actual_load,Demand forecast / actual load,SLD_FCST,1,ACTUAL,2025-01-01T00:00:00+00:00,2025-01-29T00:00:00+00:00,https://oasis.caiso.com/oasisapi/SingleZip?resultformat=6&queryname=SLD_FCST&version=1&market_run_id=ACTUAL&startdatetime=20250101T00%3A00-0000&enddatetime=20250129T00%3A00-0000,200,cache,2026-07-25T08:16:14-04:00,183765,0281e2b813e85357ceffccd9d77d1643a259b7485b396f248e1438032f495e55,actual_load_20250101_20250129.zip,20241231_20250128_SLD_FCST_ACTUAL_20260725_04_00_21_v1.csv,20241231_20250128_SLD_FCST_ACTUAL_20260725_04_00_21_v1.csv=cfdf162f970392afd1f6a68e189ec77df59ae4899cf5259c4941293aaa356316
actual_load,Demand forecast / actual load,SLD_FCST,1,ACTUAL,2025-01-29T00:00:00+00:00,2025-02-26T00:00:00+00:00,https://oasis.caiso.com/oasisapi/SingleZip?resultformat=6&queryname=SLD_FCST&version=1&market_run_id=ACTUAL&startdatetime=20250129T00%3A00-0000&enddatetime=20250226T00%3A00-0000,200,cache,2026-07-25T08:16:14-04:00,182955,c62d548e35035c9a0f7e332a439f6497af73a5f5f82c54e70c15079f801281af,actual_load_20250129_20250226.zip,20250128_20250225_SLD_FCST_ACTUAL_20260725_04_00_29_v1.csv,20250128_20250225_SLD_FCST_ACTUAL_20260725_04_00_29_v1.csv=a5f50cc4c24fa219fa6fc3c4eca959b62ad909c4dc613f7ae61ea6ed180f13df
actual_load,Demand forecast / actual load,SLD_FCST,1,ACTUAL,2025-02-26T00:00:00+00:00,2025-03-26T00:00:00+00:00,https://oasis.caiso.com/oasisapi/SingleZip?resultformat=6&queryname=SLD_FCST&version=1&market_run_id=ACTUAL&startdatetime=20250226T00%3A00-0000&enddatetime=20250326T00%3A00-0000,200,cache,2026-07-25T08:16:14-04:00,182699,23491f76388b6eb247897e525becf3543d81bb6b3fddcc89cb991d881ecb705e,actual_load_20250226_20250326.zip,20250225_20250325_SLD_FCST_ACTUAL_20260725_04_00_37_v1.csv,20250225_20250325_SLD_FCST_ACTUAL_20260725_04_00_37_v1.csv=f8b0bb362bd8ef04e0f0f868b4cc44b13c16895fd7f88b8791e4f9f0284b124c
actual_load,Demand forecast / actual load,SLD_FCST,1,ACTUAL,2025-03-26T00:00:00+00:00,2025-04-23T00:00:00+00:00,https://oasis.caiso.com/oasisapi/SingleZip?resultformat=6&queryname=SLD_FCST&version=1&market_run_id=ACTUAL&startdatetime=20250326T00%3A00-0000&enddatetime=20250423T00%3A00-0000,200,cache,2026-07-25T08:16:14-04:00,183430,9b681053c4acb07465fea23b428d9ee639dfb880d04738305ac9fd69594dd374,actual_load_20250326_20250423.zip,20250325_20250422_SLD_FCST_ACTUAL_20260725_04_00_44_v1.csv,20250325_20250422_SLD_FCST_ACTUAL_20260725_04_00_44_v1.csv=1a59d89aff6fd3a5b0bdf0e83daf4bc8d3f802aab37ecd036c91339140966ac5
actual_load,Demand forecast / actual load,SLD_FCST,1,ACTUAL,2025-04-23T00:00:00+00:00,2025-05-21T00:00:00+00:00,https://oasis.caiso.com/oasisapi/SingleZip?resultformat=6&queryname=SLD_FCST&version=1&market_run_id=ACTUAL&startdatetime=20250423T00%3A00-0000&enddatetime=20250521T00%3A00-0000,200,cache,2026-07-25T08:16:14-04:00,184076,ff6fcf447daa0f1cd782ea6817e09cff29d73026950c0bcb22ec27ff34f69d76,actual_load_20250423_20250521.zip,20250422_20250520_SLD_FCST_ACTUAL_20260725_04_00_52_v1.csv,20250422_20250520_SLD_FCST_ACTUAL_20260725_04_00_52_v1.csv=1663aba5464961a7713629d92f358277f81919646454879977b94ca41bea42ff
actual_load,Demand forecast / actual load,SLD_FCST,1,ACTUAL,2025-05-21T00:00:00+00:00,2025-06-18T00:00:00+00:00,https://oasis.caiso.com/oasisapi/SingleZip?resultformat=6&queryname=SLD_FCST&version=1&market_run_id=ACTUAL&startdatetime=20250521T00%3A00-0000&enddatetime=20250618T00%3A00-0000,200,cache,2026-07-25T08:16:14-04:00,187620,aefcf6d5fe149521e6847999417cddd80c6f9b4b8a90e1f7fb41ba33604e6c5b,actual_load_20250521_20250618.zip,20250520_20250617_SLD_FCST_ACTUAL_20260725_04_01_01_v1.csv,20250520_20250617_SLD_FCST_ACTUAL_20260725_04_01_01_v1.csv=8c5a48a2823139718c237c33c5e6e5f7705783ecf542952a6aeaf2d63d96be0c
actual_load,Demand forecast / actual load,SLD_FCST,1,ACTUAL,2025-06-18T00:00:00+00:00,2025-07-16T00:00:00+00:00,https://oasis.caiso.com/oasisapi/SingleZip?resultformat=6&queryname=SLD_FCST&version=1&market_run_id=ACTUAL&startdatetime=20250618T00%3A00-0000&enddatetime=20250716T00%3A00-0000,200,cache,2026-07-25T08:16:14-04:00,189161,c5d41c6e9dc6882076f36d46c72b681094a4af4c2fc0ba4fe31930a116d7313d,actual_load_20250618_20250716.zip,20250617_20250715_SLD_FCST_ACTUAL_20260725_04_01_10_v1.csv,20250617_20250715_SLD_FCST_ACTUAL_20260725_04_01_10_v1.csv=5ac371c3083a66035fca5de0b8657a08c43719c9e40f96b2ca6d83238130ddbb
actual_load,Demand forecast / actual load,SLD_FCST,1,ACTUAL,2025-07-16T00:00:00+00:00,2025-08-13T00:00:00+00:00,https://oasis.caiso.com/oasisapi/SingleZip?resultformat=6&queryname=SLD_FCST&version=1&market_run_id=ACTUAL&startdatetime=20250716T00%3A00-0000&enddatetime=20250813T00%3A00-0000,200,cache,2026-07-25T08:16:14-04:00,189703,4e2a2c67a435019ef67230ed6872f4b7d25e3035798a8fd7b10e743a10f1db20,actual_load_20250716_20250813.zip,20250715_20250812_SLD_FCST_ACTUAL_20260725_04_01_19_v1.csv,20250715_20250812_SLD_FCST_ACTUAL_20260725_04_01_19_v1.csv=e8d4dbf71ffbc14e221a991228384306fe998cb7cb7680e95543012c0e1a0ffb
actual_load,Demand forecast / actual load,SLD_FCST,1,ACTUAL,2025-08-13T00:00:00+00:00,2025-09-10T00:00:00+00:00,https://oasis.caiso.com/oasisapi/SingleZip?resultformat=6&queryname=SLD_FCST&version=1&market_run_id=ACTUAL&startdatetime=20250813T00%3A00-0000&enddatetime=20250910T00%3A00-0000,200,cache,2026-07-25T08:16:14-04:00,189576,cf2092b034633a70878291cbf67e093a6fbade0d1c0631810a47236e9e78dbfa,actual_load_20250813_20250910.zip,20250812_20250909_SLD_FCST_ACTUAL_20260725_04_01_27_v1.csv,20250812_20250909_SLD_FCST_ACTUAL_20260725_04_01_27_v1.csv=338970fa5c8d4bb14d508d505c302ffd8bb003d2740f862eefe1f287cc0c6a0c
actual_load,Demand forecast / actual load,SLD_FCST,1,ACTUAL,2025-09-10T00:00:00+00:00,2025-10-08T00:00:00+00:00,https://oasis.caiso.com/oasisapi/SingleZip?resultformat=6&queryname=SLD_FCST&version=1&market_run_id=ACTUAL&startdatetime=20250910T00%3A00-0000&enddatetime=20251008T00%3A00-0000,200,cache,2026-07-25T08:16:14-04:00,186700,665771557059fa6b6dd660c9e8a20653c52123db4d81f0567c43d1495fa1bd65,actual_load_20250910_20251008.zip,20250909_20251007_SLD_FCST_ACTUAL_20260725_04_01_35_v1.csv,20250909_20251007_SLD_FCST_ACTUAL_20260725_04_01_35_v1.csv=5e6e15c5473949a60cf20705404cdb1f647ed0573b3a0825b3ffbc1e5d5e60c8
actual_load,Demand forecast / actual load,SLD_FCST,1,ACTUAL,2025-10-08T00:00:00+00:00,2025-11-05T00:00:00+00:00,https://oasis.caiso.com/oasisapi/SingleZip?resultformat=6&queryname=SLD_FCST&version=1&market_run_id=ACTUAL&startdatetime=20251008T00%3A00-0000&enddatetime=20251105T00%3A00-0000,200,cache,2026-07-25T08:16:14-04:00,183907,57709aa0abb9cb2f3b745baf9c44d2f5b732b4b4b542eb43c51ff9f6be971773,actual_load_20251008_20251105.zip,20251007_20251104_SLD_FCST_ACTUAL_20260725_04_01_45_v1.csv,20251007_20251104_SLD_FCST_ACTUAL_20260725_04_01_45_v1.csv=744dff59fe901acce27a1ffc86dc939ae4143bbe19f7f0b7e04daab10a5a33ee
actual_load,Demand forecast / actual load,SLD_FCST,1,ACTUAL,2025-11-05T00:00:00+00:00,2025-12-03T00:00:00+00:00,https://oasis.caiso.com/oasisapi/SingleZip?resultformat=6&queryname=SLD_FCST&version=1&market_run_id=ACTUAL&startdatetime=20251105T00%3A00-0000&enddatetime=20251203T00%3A00-0000,200,cache,2026-07-25T08:16:15-04:00,183266,1fabf2bd0c7f934fdeb3cf00218c6a1590ffcd683e25a422b03d3ac42e051494,actual_load_20251105_20251203.zip,20251104_20251202_SLD_FCST_ACTUAL_20260725_04_01_53_v1.csv,20251104_20251202_SLD_FCST_ACTUAL_20260725_04_01_53_v1.csv=cbaeec5a34a035665cfda8dc755593905ce1b216365ff58236e96a54e32e8da8
actual_load,Demand forecast / actual load,SLD_FCST,1,ACTUAL,2025-12-03T00:00:00+00:00,2025-12-31T00:00:00+00:00,https://oasis.caiso.com/oasisapi/SingleZip?resultformat=6&queryname=SLD_FCST&version=1&market_run_id=ACTUAL&startdatetime=20251203T00%3A00-0000&enddatetime=20251231T00%3A00-0000,200,cache,2026-07-25T08:16:15-04:00,183734,071d0d71eb05074a0aecdbffaadd23f6b418a9c80ec35f2cdae17810078fd207,actual_load_20251203_20251231.zip,20251202_20251230_SLD_FCST_ACTUAL_20260725_04_02_01_v1.csv,20251202_20251230_SLD_FCST_ACTUAL_20260725_04_02_01_v1.csv=a163a100392eb6ba866931de0fd25a10a6e90e7537440f791707789b3b8ebb7c
actual_load,Demand forecast / actual load,SLD_FCST,1,ACTUAL,2025-12-31T00:00:00+00:00,2026-01-01T00:00:00+00:00,https://oasis.caiso.com/oasisapi/SingleZip?resultformat=6&queryname=SLD_FCST&version=1&market_run_id=ACTUAL&startdatetime=20251231T00%3A00-0000&enddatetime=20260101T00%3A00-0000,200,cache,2026-07-25T08:16:15-04:00,7155,531c9939d1a181179caa015f91897c7a4bd649c871c6f8240bb383119b596642,actual_load_20251231_20260101.zip,20251230_20251231_SLD_FCST_ACTUAL_20260725_04_02_09_v1.csv,20251230_20251231_SLD_FCST_ACTUAL_20260725_04_02_09_v1.csv=f158513d3bc5935d6a453caf0e84c07339e3c5097ec22b1d51083bc7178770d5
dam_load,Demand forecast,SLD_FCST,1,DAM,2025-01-01T00:00:00+00:00,2025-01-29T00:00:00+00:00,https://oasis.caiso.com/oasisapi/SingleZip?resultformat=6&queryname=SLD_FCST&version=1&market_run_id=DAM&startdatetime=20250101T00%3A00-0000&enddatetime=20250129T00%3A00-0000,200,cache,2026-07-25T08:16:16-04:00,223681,2e3cdba70a991d8121d05a0e9dcf27dc1a6926a35d998d599e01489abc72128f,dam_load_20250101_20250129.zip,20241231_20250128_SLD_FCST_DAM_20260725_04_02_16_v1.csv,20241231_20250128_SLD_FCST_DAM_20260725_04_02_16_v1.csv=7f763d754b6c48e4475f0597246ea7756669ca71c1c635452825c723f250d8cb
dam_load,Demand forecast,SLD_FCST,1,DAM,2025-01-29T00:00:00+00:00,2025-02-26T00:00:00+00:00,https://oasis.caiso.com/oasisapi/SingleZip?resultformat=6&queryname=SLD_FCST&version=1&market_run_id=DAM&startdatetime=20250129T00%3A00-0000&enddatetime=20250226T00%3A00-0000,200,cache,2026-07-25T08:16:16-04:00,222499,c8590f90dc5b8c1332aee16912c04c19b5edd2b70cc8d0f9897753269f5d0105,dam_load_20250129_20250226.zip,20250128_20250225_SLD_FCST_DAM_20260725_04_02_24_v1.csv,20250128_20250225_SLD_FCST_DAM_20260725_04_02_24_v1.csv=86105ba8807488475d0953f1760065cb9101b5602eb14a439d7e40c862615bf1
dam_load,Demand forecast,SLD_FCST,1,DAM,2025-02-26T00:00:00+00:00,2025-03-26T00:00:00+00:00,https://oasis.caiso.com/oasisapi/SingleZip?resultformat=6&queryname=SLD_FCST&version=1&market_run_id=DAM&startdatetime=20250226T00%3A00-0000&enddatetime=20250326T00%3A00-0000,200,cache,2026-07-25T08:16:16-04:00,222518,9938a38b081747a5a3869e89a583e7be0a1ec4fb57ea7a18ea9446c7b38d2bf6,dam_load_20250226_20250326.zip,20250225_20250325_SLD_FCST_DAM_20260725_04_02_32_v1.csv,20250225_20250325_SLD_FCST_DAM_20260725_04_02_32_v1.csv=3c70d6b63d5327abdb650483ae97100475f66cf2c52d27177ac0ff7dd08c9950
dam_load,Demand forecast,SLD_FCST,1,DAM,2025-03-26T00:00:00+00:00,2025-04-23T00:00:00+00:00,https://oasis.caiso.com/oasisapi/SingleZip?resultformat=6&queryname=SLD_FCST&version=1&market_run_id=DAM&startdatetime=20250326T00%3A00-0000&enddatetime=20250423T00%3A00-0000,200,cache,2026-07-25T08:16:16-04:00,222488,d78bdb8c85a7415856bfaae910e413ac83a66e7d825381dec9ab40f247fcda86,dam_load_20250326_20250423.zip,20250325_20250422_SLD_FCST_DAM_20260725_04_02_40_v1.csv,20250325_20250422_SLD_FCST_DAM_20260725_04_02_40_v1.csv=5056253ee945ebc29a197a1105e9a3503ee1772fcb89b76171707b5cf8fb076e
dam_load,Demand forecast,SLD_FCST,1,DAM,2025-04-23T00:00:00+00:00,2025-05-21T00:00:00+00:00,https://oasis.caiso.com/oasisapi/SingleZip?resultformat=6&queryname=SLD_FCST&version=1&market_run_id=DAM&startdatetime=20250423T00%3A00-0000&enddatetime=20250521T00%3A00-0000,200,cache,2026-07-25T08:16:16-04:00,222838,c5fa7b46b6857c096d86dcdb71be7dbd30232bd69371fcd9aad4b9783176fee8,dam_load_20250423_20250521.zip,20250422_20250520_SLD_FCST_DAM_20260725_04_02_48_v1.csv,20250422_20250520_SLD_FCST_DAM_20260725_04_02_48_v1.csv=7d2bcbce69486fd4ed6c372b682dbcc34f35d351f248defdc46643ca2cd2d601
dam_load,Demand forecast,SLD_FCST,1,DAM,2025-05-21T00:00:00+00:00,2025-06-18T00:00:00+00:00,https://oasis.caiso.com/oasisapi/SingleZip?resultformat=6&queryname=SLD_FCST&version=1&market_run_id=DAM&startdatetime=20250521T00%3A00-0000&enddatetime=20250618T00%3A00-0000,200,cache,2026-07-25T08:16:16-04:00,225552,3aa1904b877e19f4a0c7d90e59638eb8bc70549a90663f21f69595a4ba82db26,dam_load_20250521_20250618.zip,20250520_20250617_SLD_FCST_DAM_20260725_04_02_56_v1.csv,20250520_20250617_SLD_FCST_DAM_20260725_04_02_56_v1.csv=3cc29c56947211ed4b2a49cd4a904dc193777e02f573c3c5c431b64a6209ebd4
dam_load,Demand forecast,SLD_FCST,1,DAM,2025-06-18T00:00:00+00:00,2025-07-16T00:00:00+00:00,https://oasis.caiso.com/oasisapi/SingleZip?resultformat=6&queryname=SLD_FCST&version=1&market_run_id=DAM&startdatetime=20250618T00%3A00-0000&enddatetime=20250716T00%3A00-0000,200,cache,2026-07-25T08:16:16-04:00,226866,0fc9d55e24304ddfb6357a9be1670cab9b9f27aceb66ec0793e1449f064b51ae,dam_load_20250618_20250716.zip,20250617_20250715_SLD_FCST_DAM_20260725_04_03_04_v1.csv,20250617_20250715_SLD_FCST_DAM_20260725_04_03_04_v1.csv=72ca26a6a9372e1453e44e121aaa3210727fa735e4f088779123b4679783021c
dam_load,Demand forecast,SLD_FCST,1,DAM,2025-07-16T00:00:00+00:00,2025-08-13T00:00:00+00:00,https://oasis.caiso.com/oasisapi/SingleZip?resultformat=6&queryname=SLD_FCST&version=1&market_run_id=DAM&startdatetime=20250716T00%3A00-0000&enddatetime=20250813T00%3A00-0000,200,cache,2026-07-25T08:16:16-04:00,227222,0a805e9a405f545ce64d730eb449ee0c72e6c212fb9402f4855babac29cf0d0a,dam_load_20250716_20250813.zip,20250715_20250812_SLD_FCST_DAM_20260725_04_03_14_v1.csv,20250715_20250812_SLD_FCST_DAM_20260725_04_03_14_v1.csv=049e695cd025bc95e0d89711dc3b3d0f75a911f7c39eb85a8530ebf61bca5ad6
dam_load,Demand forecast,SLD_FCST,1,DAM,2025-08-13T00:00:00+00:00,2025-09-10T00:00:00+00:00,https://oasis.caiso.com/oasisapi/SingleZip?resultformat=6&queryname=SLD_FCST&version=1&market_run_id=DAM&startdatetime=20250813T00%3A00-0000&enddatetime=20250910T00%3A00-0000,200,cache,2026-07-25T08:16:16-04:00,226951,7069277bb84d9dc1e52edeae94a12d17a61a179fd38c4b784415c8532762d173,dam_load_20250813_20250910.zip,20250812_20250909_SLD_FCST_DAM_20260725_04_03_23_v1.csv,20250812_20250909_SLD_FCST_DAM_20260725_04_03_23_v1.csv=c5f8fc14d489c97742c592bcbc13414fcf80196a28dcf610b1ff8d6a3ffdab30
dam_load,Demand forecast,SLD_FCST,1,DAM,2025-09-10T00:00:00+00:00,2025-10-08T00:00:00+00:00,https://oasis.caiso.com/oasisapi/SingleZip?resultformat=6&queryname=SLD_FCST&version=1&market_run_id=DAM&startdatetime=20250910T00%3A00-0000&enddatetime=20251008T00%3A00-0000,200,cache,2026-07-25T08:16:16-04:00,225568,aaf408ef45af1c664256668c4b117750df7767f7f91102c381555f89029f75a3,dam_load_20250910_20251008.zip,20250909_20251007_SLD_FCST_DAM_20260725_04_03_30_v1.csv,20250909_20251007_SLD_FCST_DAM_20260725_04_03_30_v1.csv=ea6b8e15631470a920a73861c580083d53560442b61f8616af4c819595d8fdfd
dam_load,Demand forecast,SLD_FCST,1,DAM,2025-10-08T00:00:00+00:00,2025-11-05T00:00:00+00:00,https://oasis.caiso.com/oasisapi/SingleZip?resultformat=6&queryname=SLD_FCST&version=1&market_run_id=DAM&startdatetime=20251008T00%3A00-0000&enddatetime=20251105T00%3A00-0000,200,cache,2026-07-25T08:16:16-04:00,222121,78768a7fba4e85c4250f90a45e590f22de4992ecf3ddf41dc196cb027624262e,dam_load_20251008_20251105.zip,20251007_20251104_SLD_FCST_DAM_20260725_04_03_40_v1.csv,20251007_20251104_SLD_FCST_DAM_20260725_04_03_40_v1.csv=b88b65afb69f4aacbe603e6fac90d2f82e8a39e77295923dd05a233a0654c3f9
dam_load,Demand forecast,SLD_FCST,1,DAM,2025-11-05T00:00:00+00:00,2025-12-03T00:00:00+00:00,https://oasis.caiso.com/oasisapi/SingleZip?resultformat=6&queryname=SLD_FCST&version=1&market_run_id=DAM&startdatetime=20251105T00%3A00-0000&enddatetime=20251203T00%3A00-0000,200,cache,2026-07-25T08:16:16-04:00,221872,3ea96b8698f4d53f039d9059476e713b2b7b27989803adc354088d4628c888cd,dam_load_20251105_20251203.zip,20251104_20251202_SLD_FCST_DAM_20260725_04_03_47_v1.csv,20251104_20251202_SLD_FCST_DAM_20260725_04_03_47_v1.csv=dd9dbf428d891ec3f654548ab5896b03e3667f88cb2b4169638fbbdaa40043ad
dam_load,Demand forecast,SLD_FCST,1,DAM,2025-12-03T00:00:00+00:00,2025-12-31T00:00:00+00:00,https://oasis.caiso.com/oasisapi/SingleZip?resultformat=6&queryname=SLD_FCST&version=1&market_run_id=DAM&startdatetime=20251203T00%3A00-0000&enddatetime=20251231T00%3A00-0000,200,cache,2026-07-25T08:16:16-04:00,221560,e8294a3618db62253cb3f447f1e24560a0675fc31a60eca7c106eb3d408c8010,dam_load_20251203_20251231.zip,20251202_20251230_SLD_FCST_DAM_20260725_04_03_54_v1.csv,20251202_20251230_SLD_FCST_DAM_20260725_04_03_54_v1.csv=5abaf4b1f5d20b98de18b5845557ff4cdfa7e13063430dfb9a3accdd0e533617
dam_load,Demand forecast,SLD_FCST,1,DAM,2025-12-31T00:00:00+00:00,2026-01-01T00:00:00+00:00,https://oasis.caiso.com/oasisapi/SingleZip?resultformat=6&queryname=SLD_FCST&version=1&market_run_id=DAM&startdatetime=20251231T00%3A00-0000&enddatetime=20260101T00%3A00-0000,200,cache,2026-07-25T08:16:16-04:00,8168,af57a2074bec7905b6f86cfcaebcfde3aa25b65f927b279527d1a34f7d251a35,dam_load_20251231_20260101.zip,20251230_20251231_SLD_FCST_DAM_20260725_04_04_02_v1.csv,20251230_20251231_SLD_FCST_DAM_20260725_04_04_02_v1.csv=30be58020650a81f5c9a460338162b8f43930f82b75b8485845ed2a04675c888
actual_renew,Renewable forecast / actual generation,SLD_REN_FCST,1,ACTUAL,2025-01-01T00:00:00+00:00,2025-01-29T00:00:00+00:00,https://oasis.caiso.com/oasisapi/SingleZip?resultformat=6&queryname=SLD_REN_FCST&version=1&market_run_id=ACTUAL&startdatetime=20250101T00%3A00-0000&enddatetime=20250129T00%3A00-0000,200,cache,2026-07-25T08:16:17-04:00,47720,6e51f16f68a9c43e3399c45dac70858868b7faaa9480a6e44d3be592d28d61db,actual_renew_20250101_20250129.zip,20241231_20250128_SLD_REN_FCST_ACTUAL_20260725_04_04_12_v1.csv,20241231_20250128_SLD_REN_FCST_ACTUAL_20260725_04_04_12_v1.csv=f3e0512f2e31601c1be315803f8c8883eb80d1d91dae26623c2b9093b83f4a26
actual_renew,Renewable forecast / actual generation,SLD_REN_FCST,1,ACTUAL,2025-01-29T00:00:00+00:00,2025-02-26T00:00:00+00:00,https://oasis.caiso.com/oasisapi/SingleZip?resultformat=6&queryname=SLD_REN_FCST&version=1&market_run_id=ACTUAL&startdatetime=20250129T00%3A00-0000&enddatetime=20250226T00%3A00-0000,200,cache,2026-07-25T08:16:17-04:00,48227,61b509276b664216aacee06b7173ef3d6d146dd3bbab34ffaa5d41241f0581da,actual_renew_20250129_20250226.zip,20250128_20250225_SLD_REN_FCST_ACTUAL_20260725_04_04_21_v1.csv,20250128_20250225_SLD_REN_FCST_ACTUAL_20260725_04_04_21_v1.csv=3bb239b89ac75a9637a3c8a19f39c25780a5c7b32178620621c57ef9cdb67e4d
actual_renew,Renewable forecast / actual generation,SLD_REN_FCST,1,ACTUAL,2025-02-26T00:00:00+00:00,2025-03-26T00:00:00+00:00,https://oasis.caiso.com/oasisapi/SingleZip?resultformat=6&queryname=SLD_REN_FCST&version=1&market_run_id=ACTUAL&startdatetime=20250226T00%3A00-0000&enddatetime=20250326T00%3A00-0000,200,cache,2026-07-25T08:16:17-04:00,48517,8df3088091e9404a0d2fe7ddc3f1e7bd7cb270e91ad0e4e2b114f98041e80c2c,actual_renew_20250226_20250326.zip,20250225_20250325_SLD_REN_FCST_ACTUAL_20260725_04_04_30_v1.csv,20250225_20250325_SLD_REN_FCST_ACTUAL_20260725_04_04_30_v1.csv=65113897d1e617b8c6f378c65a8f8c07dc085008ece40c291b0b9c63ad56d03e
actual_renew,Renewable forecast / actual generation,SLD_REN_FCST,1,ACTUAL,2025-03-26T00:00:00+00:00,2025-04-23T00:00:00+00:00,https://oasis.caiso.com/oasisapi/SingleZip?resultformat=6&queryname=SLD_REN_FCST&version=1&market_run_id=ACTUAL&startdatetime=20250326T00%3A00-0000&enddatetime=20250423T00%3A00-0000,200,cache,2026-07-25T08:16:17-04:00,49088,b50db7f14ee51936380195a8c6fcadc63ecef1bc548357930fe7d682b45c7e7a,actual_renew_20250326_20250423.zip,20250325_20250422_SLD_REN_FCST_ACTUAL_20260725_04_04_39_v1.csv,20250325_20250422_SLD_REN_FCST_ACTUAL_20260725_04_04_39_v1.csv=f4f9cc51ef5b71f1b64aec0d40af752956a303c1e73e534ee822de36539bfd71
actual_renew,Renewable forecast / actual generation,SLD_REN_FCST,1,ACTUAL,2025-04-23T00:00:00+00:00,2025-05-21T00:00:00+00:00,https://oasis.caiso.com/oasisapi/SingleZip?resultformat=6&queryname=SLD_REN_FCST&version=1&market_run_id=ACTUAL&startdatetime=20250423T00%3A00-0000&enddatetime=20250521T00%3A00-0000,200,cache,2026-07-25T08:16:17-04:00,49272,d3a415f8722118fa70a6c63451e19f618bec72ba709ffe9b6bf664fc0ae41b19,actual_renew_20250423_20250521.zip,20250422_20250520_SLD_REN_FCST_ACTUAL_20260725_04_04_47_v1.csv,20250422_20250520_SLD_REN_FCST_ACTUAL_20260725_04_04_47_v1.csv=cb43d7eb85029e89eae914b06b5c2ef9de7c859f70f8e1a68e8ca45fc074f3a1
actual_renew,Renewable forecast / actual generation,SLD_REN_FCST,1,ACTUAL,2025-05-21T00:00:00+00:00,2025-06-18T00:00:00+00:00,https://oasis.caiso.com/oasisapi/SingleZip?resultformat=6&queryname=SLD_REN_FCST&version=1&market_run_id=ACTUAL&startdatetime=20250521T00%3A00-0000&enddatetime=20250618T00%3A00-0000,200,cache,2026-07-25T08:16:17-04:00,49340,9c2fd61d579399daf2d92568aacc82ef972a4e3300d88b57c54df968a053f14a,actual_renew_20250521_20250618.zip,20250520_20250617_SLD_REN_FCST_ACTUAL_20260725_04_05_15_v1.csv,20250520_20250617_SLD_REN_FCST_ACTUAL_20260725_04_05_15_v1.csv=a9bc945a011b4f9f1e66a2d1c92a603eb2457ec7ee436d466ecb2d4da232796f
actual_renew,Renewable forecast / actual generation,SLD_REN_FCST,1,ACTUAL,2025-06-18T00:00:00+00:00,2025-07-16T00:00:00+00:00,https://oasis.caiso.com/oasisapi/SingleZip?resultformat=6&queryname=SLD_REN_FCST&version=1&market_run_id=ACTUAL&startdatetime=20250618T00%3A00-0000&enddatetime=20250716T00%3A00-0000,200,cache,2026-07-25T08:16:17-04:00,49216,244c275e3a28fc6f42fc7c71a8bcdcb354bfe7aa3dd7c1c494776defe3142bfe,actual_renew_20250618_20250716.zip,20250617_20250715_SLD_REN_FCST_ACTUAL_20260725_04_05_26_v1.csv,20250617_20250715_SLD_REN_FCST_ACTUAL_20260725_04_05_26_v1.csv=97e4fa239c7210ab80810af1d2ff02626899b80596c5732687b966dbe84d1c62
actual_renew,Renewable forecast / actual generation,SLD_REN_FCST,1,ACTUAL,2025-07-16T00:00:00+00:00,2025-08-13T00:00:00+00:00,https://oasis.caiso.com/oasisapi/SingleZip?resultformat=6&queryname=SLD_REN_FCST&version=1&market_run_id=ACTUAL&startdatetime=20250716T00%3A00-0000&enddatetime=20250813T00%3A00-0000,200,cache,2026-07-25T08:16:17-04:00,49226,e023a31c165f5872428f82a3461f86c04628bd5a22d7098b88b9245b6d332254,actual_renew_20250716_20250813.zip,20250715_20250812_SLD_REN_FCST_ACTUAL_20260725_04_05_38_v1.csv,20250715_20250812_SLD_REN_FCST_ACTUAL_20260725_04_05_38_v1.csv=e882c3a9b118120a3baea59e0e1a64015d713c0783f6d48a3f3494b939bf77f8
actual_renew,Renewable forecast / actual generation,SLD_REN_FCST,1,ACTUAL,2025-08-13T00:00:00+00:00,2025-09-10T00:00:00+00:00,https://oasis.caiso.com/oasisapi/SingleZip?resultformat=6&queryname=SLD_REN_FCST&version=1&market_run_id=ACTUAL&startdatetime=20250813T00%3A00-0000&enddatetime=20250910T00%3A00-0000,200,cache,2026-07-25T08:16:17-04:00,48978,7282be0372a09f70a8601a301bb546512eab395f2de4fe19918ba5a4bed47aba,actual_renew_20250813_20250910.zip,20250812_20250909_SLD_REN_FCST_ACTUAL_20260725_04_05_48_v1.csv,20250812_20250909_SLD_REN_FCST_ACTUAL_20260725_04_05_48_v1.csv=c52741bdaa8b34dc4c06a1971ad53adf966d8e295720788b33d135b2393044d1
actual_renew,Renewable forecast / actual generation,SLD_REN_FCST,1,ACTUAL,2025-09-10T00:00:00+00:00,2025-10-08T00:00:00+00:00,https://oasis.caiso.com/oasisapi/SingleZip?resultformat=6&queryname=SLD_REN_FCST&version=1&market_run_id=ACTUAL&startdatetime=20250910T00%3A00-0000&enddatetime=20251008T00%3A00-0000,200,cache,2026-07-25T08:16:17-04:00,48640,edf1335f0258e2071820e791cc61c1202d87b2cec72baadfb8f381ac642e7786,actual_renew_20250910_20251008.zip,20250909_20251007_SLD_REN_FCST_ACTUAL_20260725_04_06_00_v1.csv,20250909_20251007_SLD_REN_FCST_ACTUAL_20260725_04_06_00_v1.csv=30a0097e292a1edf6a9d8d080744d5eb8c835e404f09b1693a3f6bd70dd37fba
actual_renew,Renewable forecast / actual generation,SLD_REN_FCST,1,ACTUAL,2025-10-08T00:00:00+00:00,2025-11-05T00:00:00+00:00,https://oasis.caiso.com/oasisapi/SingleZip?resultformat=6&queryname=SLD_REN_FCST&version=1&market_run_id=ACTUAL&startdatetime=20251008T00%3A00-0000&enddatetime=20251105T00%3A00-0000,200,cache,2026-07-25T08:16:17-04:00,47935,2cf586dcfd1317ceae9ea904fd5d042fb8cc3d44e49192670c528350c71abfb4,actual_renew_20251008_20251105.zip,20251007_20251104_SLD_REN_FCST_ACTUAL_20260725_04_06_12_v1.csv,20251007_20251104_SLD_REN_FCST_ACTUAL_20260725_04_06_12_v1.csv=f2e13de65ae831e3fd59e0c0bec2e8dbd41d98584c7a7c8cc26b30837654b96e
actual_renew,Renewable forecast / actual generation,SLD_REN_FCST,1,ACTUAL,2025-11-05T00:00:00+00:00,2025-12-03T00:00:00+00:00,https://oasis.caiso.com/oasisapi/SingleZip?resultformat=6&queryname=SLD_REN_FCST&version=1&market_run_id=ACTUAL&startdatetime=20251105T00%3A00-0000&enddatetime=20251203T00%3A00-0000,200,cache,2026-07-25T08:16:18-04:00,47698,b503850b631805db3bf39b1e4e30477a71fc5e945c3d1d34c039b07b87aa22da,actual_renew_20251105_20251203.zip,20251104_20251202_SLD_REN_FCST_ACTUAL_20260725_04_06_21_v1.csv,20251104_20251202_SLD_REN_FCST_ACTUAL_20260725_04_06_21_v1.csv=e013286b67ec67ff226453f72a3f20402f3a3b70e66b86e0badb01d642aab6c2
actual_renew,Renewable forecast / actual generation,SLD_REN_FCST,1,ACTUAL,2025-12-03T00:00:00+00:00,2025-12-31T00:00:00+00:00,https://oasis.caiso.com/oasisapi/SingleZip?resultformat=6&queryname=SLD_REN_FCST&version=1&market_run_id=ACTUAL&startdatetime=20251203T00%3A00-0000&enddatetime=20251231T00%3A00-0000,200,cache,2026-07-25T08:16:18-04:00,47156,9fd78e25d0d9149b190714094f16750f07267e2221a25b6e8f7e69c6997ff8ed,actual_renew_20251203_20251231.zip,20251202_20251230_SLD_REN_FCST_ACTUAL_20260725_04_06_33_v1.csv,20251202_20251230_SLD_REN_FCST_ACTUAL_20260725_04_06_33_v1.csv=b72f42655d00a1cd1596db4de549a9b92684af350d9615c25497ee1a214950cc
actual_renew,Renewable forecast / actual generation,SLD_REN_FCST,1,ACTUAL,2025-12-31T00:00:00+00:00,2026-01-01T00:00:00+00:00,https://oasis.caiso.com/oasisapi/SingleZip?resultformat=6&queryname=SLD_REN_FCST&version=1&market_run_id=ACTUAL&startdatetime=20251231T00%3A00-0000&enddatetime=20260101T00%3A00-0000,200,cache,2026-07-25T08:16:18-04:00,2193,9e87119cc1292702df334c5e50c17f84285f34c13ce31adea64451037e9ef246,actual_renew_20251231_20260101.zip,20251230_20251231_SLD_REN_FCST_ACTUAL_20260725_04_06_42_v1.csv,20251230_20251231_SLD_REN_FCST_ACTUAL_20260725_04_06_42_v1.csv=d581a51ad2192ce7181bd1cb5299621a5ba64de5f62312ab94d575934c73ac14
dam_renew,Renewable forecast,SLD_REN_FCST,1,DAM,2025-01-01T00:00:00+00:00,2025-01-29T00:00:00+00:00,https://oasis.caiso.com/oasisapi/SingleZip?resultformat=6&queryname=SLD_REN_FCST&version=1&market_run_id=DAM&startdatetime=20250101T00%3A00-0000&enddatetime=20250129T00%3A00-0000,200,cache,2026-07-25T08:16:18-04:00,36300,ec14f8b0c4b46a9e938ebc8895776d59c33004e19f1aedefa89761fba31b818a,dam_renew_20250101_20250129.zip,20241231_20250128_SLD_REN_FCST_DAM_20260725_04_06_50_v1.csv,20241231_20250128_SLD_REN_FCST_DAM_20260725_04_06_50_v1.csv=40c962cd39761415d8aa5c7eeb80d7945931143b6878a260b343db21baef3851
dam_renew,Renewable forecast,SLD_REN_FCST,1,DAM,2025-01-29T00:00:00+00:00,2025-02-26T00:00:00+00:00,https://oasis.caiso.com/oasisapi/SingleZip?resultformat=6&queryname=SLD_REN_FCST&version=1&market_run_id=DAM&startdatetime=20250129T00%3A00-0000&enddatetime=20250226T00%3A00-0000,200,cache,2026-07-25T08:16:18-04:00,37260,e2c8b5f536d14403191872c60b0219db2536f2dc7fe1fe83bfec4e26ba5ccdae,dam_renew_20250129_20250226.zip,20250128_20250225_SLD_REN_FCST_DAM_20260725_04_06_59_v1.csv,20250128_20250225_SLD_REN_FCST_DAM_20260725_04_06_59_v1.csv=e54942f3d8aabe18959cf3be9814b323ef74c099b05a6d21c2fffd2d3d32dbc7
dam_renew,Renewable forecast,SLD_REN_FCST,1,DAM,2025-02-26T00:00:00+00:00,2025-03-26T00:00:00+00:00,https://oasis.caiso.com/oasisapi/SingleZip?resultformat=6&queryname=SLD_REN_FCST&version=1&market_run_id=DAM&startdatetime=20250226T00%3A00-0000&enddatetime=20250326T00%3A00-0000,200,cache,2026-07-25T08:16:18-04:00,37623,99e38a0d1b794d70bfe5bfc3ec37754b91e520ed63cecab886ba7543ad3106d1,dam_renew_20250226_20250326.zip,20250225_20250325_SLD_REN_FCST_DAM_20260725_04_07_08_v1.csv,20250225_20250325_SLD_REN_FCST_DAM_20260725_04_07_08_v1.csv=62e78574490cf0245875867d972fa844ffba16b0c9ebc61123f47a63ca4246e2
dam_renew,Renewable forecast,SLD_REN_FCST,1,DAM,2025-03-26T00:00:00+00:00,2025-04-23T00:00:00+00:00,https://oasis.caiso.com/oasisapi/SingleZip?resultformat=6&queryname=SLD_REN_FCST&version=1&market_run_id=DAM&startdatetime=20250326T00%3A00-0000&enddatetime=20250423T00%3A00-0000,200,cache,2026-07-25T08:16:18-04:00,38333,987f0657e6cb7446339db5370de2cf9e409f67ee6141a40894b756a305477258,dam_renew_20250326_20250423.zip,20250325_20250422_SLD_REN_FCST_DAM_20260725_04_07_17_v1.csv,20250325_20250422_SLD_REN_FCST_DAM_20260725_04_07_17_v1.csv=585513195906304ca88ea894269a2469e8dfb835a3705bc33c459592baf505e9
dam_renew,Renewable forecast,SLD_REN_FCST,1,DAM,2025-04-23T00:00:00+00:00,2025-05-21T00:00:00+00:00,https://oasis.caiso.com/oasisapi/SingleZip?resultformat=6&queryname=SLD_REN_FCST&version=1&market_run_id=DAM&startdatetime=20250423T00%3A00-0000&enddatetime=20250521T00%3A00-0000,200,cache,2026-07-25T08:16:18-04:00,38675,935d9de64cb0e3ad46f4e033a94859289e20b0f62a2fcf9c2343f1bd3e65b2bd,dam_renew_20250423_20250521.zip,20250422_20250520_SLD_REN_FCST_DAM_20260725_04_07_28_v1.csv,20250422_20250520_SLD_REN_FCST_DAM_20260725_04_07_28_v1.csv=1edbb79fe912196399beee6ac63886a357b3b93e416dd2c2518b5754946170dd
dam_renew,Renewable forecast,SLD_REN_FCST,1,DAM,2025-05-21T00:00:00+00:00,2025-06-18T00:00:00+00:00,https://oasis.caiso.com/oasisapi/SingleZip?resultformat=6&queryname=SLD_REN_FCST&version=1&market_run_id=DAM&startdatetime=20250521T00%3A00-0000&enddatetime=20250618T00%3A00-0000,200,cache,2026-07-25T08:16:18-04:00,38867,14924766cbe333d30be36ef58203ddb5f387ea42334a92ab6db3a50e5e062a79,dam_renew_20250521_20250618.zip,20250520_20250617_SLD_REN_FCST_DAM_20260725_04_07_38_v1.csv,20250520_20250617_SLD_REN_FCST_DAM_20260725_04_07_38_v1.csv=d29bcf915ce07dbc5ee9b75aa8a72c3596e0bbcb87d514e72b4196be6975890f
dam_renew,Renewable forecast,SLD_REN_FCST,1,DAM,2025-06-18T00:00:00+00:00,2025-07-16T00:00:00+00:00,https://oasis.caiso.com/oasisapi/SingleZip?resultformat=6&queryname=SLD_REN_FCST&version=1&market_run_id=DAM&startdatetime=20250618T00%3A00-0000&enddatetime=20250716T00%3A00-0000,200,cache,2026-07-25T08:16:18-04:00,38835,1ec87356c55b38126c011abe5a60eda05661dae3300765f5087f53cbd9301fae,dam_renew_20250618_20250716.zip,20250617_20250715_SLD_REN_FCST_DAM_20260725_04_07_47_v1.csv,20250617_20250715_SLD_REN_FCST_DAM_20260725_04_07_47_v1.csv=33baf4b6f48951ab0e1b614839adbf29a7dbf03ccb36b9403d5742447ed4f593
dam_renew,Renewable forecast,SLD_REN_FCST,1,DAM,2025-07-16T00:00:00+00:00,2025-08-13T00:00:00+00:00,https://oasis.caiso.com/oasisapi/SingleZip?resultformat=6&queryname=SLD_REN_FCST&version=1&market_run_id=DAM&startdatetime=20250716T00%3A00-0000&enddatetime=20250813T00%3A00-0000,200,cache,2026-07-25T08:16:18-04:00,38758,66d9ddb3e88b072d2a280430bedf5b400a3c2e325da8269821e381d1f71b6319,dam_renew_20250716_20250813.zip,20250715_20250812_SLD_REN_FCST_DAM_20260725_04_07_55_v1.csv,20250715_20250812_SLD_REN_FCST_DAM_20260725_04_07_55_v1.csv=923c22a35affd709de8f529e135047d0444af0692993e8183cf6fca0340b4d83
dam_renew,Renewable forecast,SLD_REN_FCST,1,DAM,2025-08-13T00:00:00+00:00,2025-09-10T00:00:00+00:00,https://oasis.caiso.com/oasisapi/SingleZip?resultformat=6&queryname=SLD_REN_FCST&version=1&market_run_id=DAM&startdatetime=20250813T00%3A00-0000&enddatetime=20250910T00%3A00-0000,200,cache,2026-07-25T08:16:18-04:00,38315,15d422303ac483137fc838c89e0b506e02a1fae13df6fa125af394c556ec2b3c,dam_renew_20250813_20250910.zip,20250812_20250909_SLD_REN_FCST_DAM_20260725_04_08_05_v1.csv,20250812_20250909_SLD_REN_FCST_DAM_20260725_04_08_05_v1.csv=6a65277d46b92e19b0207ce1d1826acb919fd91721258b3d44782e52a4bdd83b
dam_renew,Renewable forecast,SLD_REN_FCST,1,DAM,2025-09-10T00:00:00+00:00,2025-10-08T00:00:00+00:00,https://oasis.caiso.com/oasisapi/SingleZip?resultformat=6&queryname=SLD_REN_FCST&version=1&market_run_id=DAM&startdatetime=20250910T00%3A00-0000&enddatetime=20251008T00%3A00-0000,200,cache,2026-07-25T08:16:18-04:00,37766,b6cc74979b9a8150919384fd971cba5dae57878e640e5e9547f8d4077322364c,dam_renew_20250910_20251008.zip,20250909_20251007_SLD_REN_FCST_DAM_20260725_04_08_15_v1.csv,20250909_20251007_SLD_REN_FCST_DAM_20260725_04_08_15_v1.csv=b5965cb35f95c99f9e993fbd71ec0accd350975538af5b9778898578532dd2c3
dam_renew,Renewable forecast,SLD_REN_FCST,1,DAM,2025-10-08T00:00:00+00:00,2025-11-05T00:00:00+00:00,https://oasis.caiso.com/oasisapi/SingleZip?resultformat=6&queryname=SLD_REN_FCST&version=1&market_run_id=DAM&startdatetime=20251008T00%3A00-0000&enddatetime=20251105T00%3A00-0000,200,cache,2026-07-25T08:16:18-04:00,37012,fdede5091520cfe3073b12ae093ec2ec50bfc6af5b2b90ef8fedb2189df2af43,dam_renew_20251008_20251105.zip,20251007_20251104_SLD_REN_FCST_DAM_20260725_04_08_23_v1.csv,20251007_20251104_SLD_REN_FCST_DAM_20260725_04_08_23_v1.csv=c8cc7302fad682097b96b11a9e07c5431e00bce2c0af935f593f45753a5053ed
dam_renew,Renewable forecast,SLD_REN_FCST,1,DAM,2025-11-05T00:00:00+00:00,2025-12-03T00:00:00+00:00,https://oasis.caiso.com/oasisapi/SingleZip?resultformat=6&queryname=SLD_REN_FCST&version=1&market_run_id=DAM&startdatetime=20251105T00%3A00-0000&enddatetime=20251203T00%3A00-0000,200,cache,2026-07-25T08:16:18-04:00,36329,ab05e4cfcacdb02b924a65aa2bc828b666a4880b40025f6d8d075063a3c2b644,dam_renew_20251105_20251203.zip,20251104_20251202_SLD_REN_FCST_DAM_20260725_04_08_31_v1.csv,20251104_20251202_SLD_REN_FCST_DAM_20260725_04_08_31_v1.csv=c952b4d23f5e9d85e13ded6379c220cd5d67904e91e3886dcf1dc785c37d113b
dam_renew,Renewable forecast,SLD_REN_FCST,1,DAM,2025-12-03T00:00:00+00:00,2025-12-31T00:00:00+00:00,https://oasis.caiso.com/oasisapi/SingleZip?resultformat=6&queryname=SLD_REN_FCST&version=1&market_run_id=DAM&startdatetime=20251203T00%3A00-0000&enddatetime=20251231T00%3A00-0000,200,cache,2026-07-25T08:16:18-04:00,35840,8f0ab3da0693aeb5dec1f7076a91112ebadf502e1d9e7485e8aa21d0e2a63c9d,dam_renew_20251203_20251231.zip,20251202_20251230_SLD_REN_FCST_DAM_20260725_04_08_38_v1.csv,20251202_20251230_SLD_REN_FCST_DAM_20260725_04_08_38_v1.csv=b9c31cefd198c0b29e97475d431156944486691a5a07ff376fbcd8d966760e67
dam_renew,Renewable forecast,SLD_REN_FCST,1,DAM,2025-12-31T00:00:00+00:00,2026-01-01T00:00:00+00:00,https://oasis.caiso.com/oasisapi/SingleZip?resultformat=6&queryname=SLD_REN_FCST&version=1&market_run_id=DAM&startdatetime=20251231T00%3A00-0000&enddatetime=20260101T00%3A00-0000,200,cache,2026-07-25T08:16:18-04:00,1747,a1bafaa2bce360931d1a4dc63c0d9180ef5b60cc04514f6cb51be10f3c8a2840,dam_renew_20251231_20260101.zip,20251230_20251231_SLD_REN_FCST_DAM_20260725_04_08_46_v1.csv,20251230_20251231_SLD_REN_FCST_DAM_20260725_04_08_46_v1.csv=c39fd25b55013bf32b5cc6b262b141d409495b6f1f7a0fa68c3cd5a2c4fae9ad
dam_lmp,Day-ahead LMP,PRC_LMP,12,DAM,2025-01-01T00:00:00+00:00,2025-01-29T00:00:00+00:00,https://oasis.caiso.com/oasisapi/SingleZip?resultformat=6&queryname=PRC_LMP&version=12&market_run_id=DAM&startdatetime=20250101T00%3A00-0000&enddatetime=20250129T00%3A00-0000&node=TH_NP15_GEN-APND,200,cache,2026-07-25T08:16:18-04:00,33848,d448a07d33aee67b5baa951b3b14c5dc219d21408d8def949af5bb01a501fa00,dam_lmp_20250101_20250129_node-th_np15_gen_apnd.zip,20241231_20250128_PRC_LMP_DAM_20260725_04_08_55_v12.csv,20241231_20250128_PRC_LMP_DAM_20260725_04_08_55_v12.csv=2a7898fec8646d75a09fc7e70c0046c9e5383be39fc479be38bf6b0ac2c380bb
dam_lmp,Day-ahead LMP,PRC_LMP,12,DAM,2025-01-29T00:00:00+00:00,2025-02-26T00:00:00+00:00,https://oasis.caiso.com/oasisapi/SingleZip?resultformat=6&queryname=PRC_LMP&version=12&market_run_id=DAM&startdatetime=20250129T00%3A00-0000&enddatetime=20250226T00%3A00-0000&node=TH_NP15_GEN-APND,200,cache,2026-07-25T08:16:18-04:00,33891,9fca6b9bd0e10cb3d534339489663b46fe4b223753db311f82c7655ae9c68a4a,dam_lmp_20250129_20250226_node-th_np15_gen_apnd.zip,20250128_20250225_PRC_LMP_DAM_20260725_04_09_07_v12.csv,20250128_20250225_PRC_LMP_DAM_20260725_04_09_07_v12.csv=76d7e88e9c8f8e36b2e39b41c3e47fe00ce56402ef073855ae2233f2deb23422
dam_lmp,Day-ahead LMP,PRC_LMP,12,DAM,2025-02-26T00:00:00+00:00,2025-03-26T00:00:00+00:00,https://oasis.caiso.com/oasisapi/SingleZip?resultformat=6&queryname=PRC_LMP&version=12&market_run_id=DAM&startdatetime=20250226T00%3A00-0000&enddatetime=20250326T00%3A00-0000&node=TH_NP15_GEN-APND,200,cache,2026-07-25T08:16:18-04:00,34133,88a1bf67abe6cb077d0ad329c80601ea0dd5a77c43363820d4f1904a441bb5e0,dam_lmp_20250226_20250326_node-th_np15_gen_apnd.zip,20250225_20250325_PRC_LMP_DAM_20260725_04_09_20_v12.csv,20250225_20250325_PRC_LMP_DAM_20260725_04_09_20_v12.csv=9000cfdf0bbe184c9a9b19e067500d727b4e9be0d2ff029f55b2f196defab4f1
dam_lmp,Day-ahead LMP,PRC_LMP,12,DAM,2025-03-26T00:00:00+00:00,2025-04-23T00:00:00+00:00,https://oasis.caiso.com/oasisapi/SingleZip?resultformat=6&queryname=PRC_LMP&version=12&market_run_id=DAM&startdatetime=20250326T00%3A00-0000&enddatetime=20250423T00%3A00-0000&node=TH_NP15_GEN-APND,200,cache,2026-07-25T08:16:18-04:00,34044,c791f0733bfa76b48ca6f648be1b3954a79e35b744ab9155bf3b99a1dca54fda,dam_lmp_20250326_20250423_node-th_np15_gen_apnd.zip,20250325_20250422_PRC_LMP_DAM_20260725_04_09_32_v12.csv,20250325_20250422_PRC_LMP_DAM_20260725_04_09_32_v12.csv=670cf067dd8e5ffd4eae6d6f316d45e54492624fbe286a457e48f90f1fbae5bf
dam_lmp,Day-ahead LMP,PRC_LMP,12,DAM,2025-04-23T00:00:00+00:00,2025-05-21T00:00:00+00:00,https://oasis.caiso.com/oasisapi/SingleZip?resultformat=6&queryname=PRC_LMP&version=12&market_run_id=DAM&startdatetime=20250423T00%3A00-0000&enddatetime=20250521T00%3A00-0000&node=TH_NP15_GEN-APND,200,cache,2026-07-25T08:16:18-04:00,34089,35a3694c7a49145ce00807d40a042ad427794579f4cef114c3e799b6bb3ecfa4,dam_lmp_20250423_20250521_node-th_np15_gen_apnd.zip,20250422_20250520_PRC_LMP_DAM_20260725_04_09_45_v12.csv,20250422_20250520_PRC_LMP_DAM_20260725_04_09_45_v12.csv=aa9ab72aae78bd3a6ed088fe5458e009cc9af94b8f0b388eec1558f4b9a77ecd
dam_lmp,Day-ahead LMP,PRC_LMP,12,DAM,2025-05-21T00:00:00+00:00,2025-06-18T00:00:00+00:00,https://oasis.caiso.com/oasisapi/SingleZip?resultformat=6&queryname=PRC_LMP&version=12&market_run_id=DAM&startdatetime=20250521T00%3A00-0000&enddatetime=20250618T00%3A00-0000&node=TH_NP15_GEN-APND,200,cache,2026-07-25T08:16:18-04:00,33866,e83521b55e90d048cacd68ea5bffc92b176baba83935dbe0f03b57f799be1348,dam_lmp_20250521_20250618_node-th_np15_gen_apnd.zip,20250520_20250617_PRC_LMP_DAM_20260725_04_09_57_v12.csv,20250520_20250617_PRC_LMP_DAM_20260725_04_09_57_v12.csv=4b82e655d5a2e5d270beac64a8ae0bca85c014fb15a52e1ad66d8db3e4286c17
dam_lmp,Day-ahead LMP,PRC_LMP,12,DAM,2025-06-18T00:00:00+00:00,2025-07-16T00:00:00+00:00,https://oasis.caiso.com/oasisapi/SingleZip?resultformat=6&queryname=PRC_LMP&version=12&market_run_id=DAM&startdatetime=20250618T00%3A00-0000&enddatetime=20250716T00%3A00-0000&node=TH_NP15_GEN-APND,200,cache,2026-07-25T08:16:18-04:00,34009,76479ec77d4b69e787e580f38f1c7cbc89905a3db294e411d32f8fd6acd01d35,dam_lmp_20250618_20250716_node-th_np15_gen_apnd.zip,20250617_20250715_PRC_LMP_DAM_20260725_04_10_12_v12.csv,20250617_20250715_PRC_LMP_DAM_20260725_04_10_12_v12.csv=8427b0552ac49fac3758e4cc061af8969270b0fd5542b26d06a4c0a860b0fae7
dam_lmp,Day-ahead LMP,PRC_LMP,12,DAM,2025-07-16T00:00:00+00:00,2025-08-13T00:00:00+00:00,https://oasis.caiso.com/oasisapi/SingleZip?resultformat=6&queryname=PRC_LMP&version=12&market_run_id=DAM&startdatetime=20250716T00%3A00-0000&enddatetime=20250813T00%3A00-0000&node=TH_NP15_GEN-APND,200,cache,2026-07-25T08:16:18-04:00,33681,44540affba59cb71bb9825441afa0969b8425b7fbe944e5aff7f8739f1daa1e0,dam_lmp_20250716_20250813_node-th_np15_gen_apnd.zip,20250715_20250812_PRC_LMP_DAM_20260725_04_10_25_v12.csv,20250715_20250812_PRC_LMP_DAM_20260725_04_10_25_v12.csv=a8102b6c3e4913a52ec2b50c7199d0bf341923e3b4abe259a1355397e21ebbaf
dam_lmp,Day-ahead LMP,PRC_LMP,12,DAM,2025-08-13T00:00:00+00:00,2025-09-10T00:00:00+00:00,https://oasis.caiso.com/oasisapi/SingleZip?resultformat=6&queryname=PRC_LMP&version=12&market_run_id=DAM&startdatetime=20250813T00%3A00-0000&enddatetime=20250910T00%3A00-0000&node=TH_NP15_GEN-APND,200,cache,2026-07-25T08:16:18-04:00,33634,0a5d5fba977d4ee50c53c53c0338ab1f61dd7b5e8d2e0e2f2f84625cc0133b57,dam_lmp_20250813_20250910_node-th_np15_gen_apnd.zip,20250812_20250909_PRC_LMP_DAM_20260725_04_10_40_v12.csv,20250812_20250909_PRC_LMP_DAM_20260725_04_10_40_v12.csv=0388c1471ade4b8c8614d33002acedadc7a2c57d13e23686bb7f4a4f3dc0dfa0
dam_lmp,Day-ahead LMP,PRC_LMP,12,DAM,2025-09-10T00:00:00+00:00,2025-10-08T00:00:00+00:00,https://oasis.caiso.com/oasisapi/SingleZip?resultformat=6&queryname=PRC_LMP&version=12&market_run_id=DAM&startdatetime=20250910T00%3A00-0000&enddatetime=20251008T00%3A00-0000&node=TH_NP15_GEN-APND,200,cache,2026-07-25T08:16:18-04:00,33787,83dbbf62627e962d1274e3af12aae1d1f3da17aeea54c725a92343d3ed898fa4,dam_lmp_20250910_20251008_node-th_np15_gen_apnd.zip,20250909_20251007_PRC_LMP_DAM_20260725_04_10_53_v12.csv,20250909_20251007_PRC_LMP_DAM_20260725_04_10_53_v12.csv=9c6fbd70aa821f54052e07efabbb561d98ab73e3263764c13fe19bac4d49fb16
dam_lmp,Day-ahead LMP,PRC_LMP,12,DAM,2025-10-08T00:00:00+00:00,2025-11-05T00:00:00+00:00,https://oasis.caiso.com/oasisapi/SingleZip?resultformat=6&queryname=PRC_LMP&version=12&market_run_id=DAM&startdatetime=20251008T00%3A00-0000&enddatetime=20251105T00%3A00-0000&node=TH_NP15_GEN-APND,200,cache,2026-07-25T08:16:18-04:00,33921,4a4872f62f759dfe11cf19c3b9476e8f8836cd085c3fe01572a5821dd8b1c33c,dam_lmp_20251008_20251105_node-th_np15_gen_apnd.zip,20251007_20251104_PRC_LMP_DAM_20260725_04_11_07_v12.csv,20251007_20251104_PRC_LMP_DAM_20260725_04_11_07_v12.csv=146be6fe670e4bd39ac71f35bba83c34d84b3f75a241d686033d5761504c28b4
dam_lmp,Day-ahead LMP,PRC_LMP,12,DAM,2025-11-05T00:00:00+00:00,2025-12-03T00:00:00+00:00,https://oasis.caiso.com/oasisapi/SingleZip?resultformat=6&queryname=PRC_LMP&version=12&market_run_id=DAM&startdatetime=20251105T00%3A00-0000&enddatetime=20251203T00%3A00-0000&node=TH_NP15_GEN-APND,200,cache,2026-07-25T08:16:18-04:00,33564,2585ca55c019da572e32395522f0fd78de649998fe06326fe77d9c6a36106c6a,dam_lmp_20251105_20251203_node-th_np15_gen_apnd.zip,20251104_20251202_PRC_LMP_DAM_20260725_04_11_20_v12.csv,20251104_20251202_PRC_LMP_DAM_20260725_04_11_20_v12.csv=6c743d5e22a99163e65ade57bc041fff8ab8e1d1ddd54bb760344454a5a41a99
dam_lmp,Day-ahead LMP,PRC_LMP,12,DAM,2025-12-03T00:00:00+00:00,2025-12-31T00:00:00+00:00,https://oasis.caiso.com/oasisapi/SingleZip?resultformat=6&queryname=PRC_LMP&version=12&market_run_id=DAM&startdatetime=20251203T00%3A00-0000&enddatetime=20251231T00%3A00-0000&node=TH_NP15_GEN-APND,200,cache,2026-07-25T08:16:18-04:00,33459,00733d00e78b36fdbc559e2f86c18093e49c536b45496ef8b1781aff6ba20d2d,dam_lmp_20251203_20251231_node-th_np15_gen_apnd.zip,20251202_20251230_PRC_LMP_DAM_20260725_04_11_32_v12.csv,20251202_20251230_PRC_LMP_DAM_20260725_04_11_32_v12.csv=d9cdacc5e0d2698338a78369f03ff4c3b21e18e4d6e66642023bf3d829922ab2
dam_lmp,Day-ahead LMP,PRC_LMP,12,DAM,2025-12-31T00:00:00+00:00,2026-01-01T00:00:00+00:00,https://oasis.caiso.com/oasisapi/SingleZip?resultformat=6&queryname=PRC_LMP&version=12&market_run_id=DAM&startdatetime=20251231T00%3A00-0000&enddatetime=20260101T00%3A00-0000&node=TH_NP15_GEN-APND,200,cache,2026-07-25T08:16:18-04:00,1599,6c1150b47798c4fef7a2844ef13a5e142469f7df047cbd4efb3f4577b2d07b5f,dam_lmp_20251231_20260101_node-th_np15_gen_apnd.zip,20251230_20251231_PRC_LMP_DAM_20260725_04_11_43_v12.csv,20251230_20251231_PRC_LMP_DAM_20260725_04_11_43_v12.csv=f2e651732cec1cf0465732efd019cfbc4b5fa9edbb2be44a5c58a78c359fa14e
dam_lmp,Day-ahead LMP,PRC_LMP,12,DAM,2025-01-01T00:00:00+00:00,2025-01-29T00:00:00+00:00,https://oasis.caiso.com/oasisapi/SingleZip?resultformat=6&queryname=PRC_LMP&version=12&market_run_id=DAM&startdatetime=20250101T00%3A00-0000&enddatetime=20250129T00%3A00-0000&node=TH_SP15_GEN-APND,200,cache,2026-07-25T08:16:18-04:00,34109,b14d33d56596e4272f4fc047448424fe283c6fcc7b888dc240a5494316e6532a,dam_lmp_20250101_20250129_node-th_sp15_gen_apnd.zip,20241231_20250128_PRC_LMP_DAM_20260725_04_11_53_v12.csv,20241231_20250128_PRC_LMP_DAM_20260725_04_11_53_v12.csv=d9586a2d3b6b67be22f9bc59a0370d2cb87cdbc22b5cfda06cddabdaff0d03bd
dam_lmp,Day-ahead LMP,PRC_LMP,12,DAM,2025-01-29T00:00:00+00:00,2025-02-26T00:00:00+00:00,https://oasis.caiso.com/oasisapi/SingleZip?resultformat=6&queryname=PRC_LMP&version=12&market_run_id=DAM&startdatetime=20250129T00%3A00-0000&enddatetime=20250226T00%3A00-0000&node=TH_SP15_GEN-APND,200,cache,2026-07-25T08:16:18-04:00,34178,94e3bd016cd60ea48a3e3913c18e78f3e5f317f8112705d17fc650a804592927,dam_lmp_20250129_20250226_node-th_sp15_gen_apnd.zip,20250128_20250225_PRC_LMP_DAM_20260725_04_12_04_v12.csv,20250128_20250225_PRC_LMP_DAM_20260725_04_12_04_v12.csv=81b062b52c10fdac75c82436c79624ba141458e3d8d7703cc76264b1d7b3b66d
dam_lmp,Day-ahead LMP,PRC_LMP,12,DAM,2025-02-26T00:00:00+00:00,2025-03-26T00:00:00+00:00,https://oasis.caiso.com/oasisapi/SingleZip?resultformat=6&queryname=PRC_LMP&version=12&market_run_id=DAM&startdatetime=20250226T00%3A00-0000&enddatetime=20250326T00%3A00-0000&node=TH_SP15_GEN-APND,200,cache,2026-07-25T08:16:18-04:00,34410,3f77c96e794d780fd62f69b26f664f70172665ac9164450f5b946861149e8cf3,dam_lmp_20250226_20250326_node-th_sp15_gen_apnd.zip,20250225_20250325_PRC_LMP_DAM_20260725_04_12_17_v12.csv,20250225_20250325_PRC_LMP_DAM_20260725_04_12_17_v12.csv=53119f4af46da64aac56727c78e912c4794f07ce7a6982a8087ff04352675610
dam_lmp,Day-ahead LMP,PRC_LMP,12,DAM,2025-03-26T00:00:00+00:00,2025-04-23T00:00:00+00:00,https://oasis.caiso.com/oasisapi/SingleZip?resultformat=6&queryname=PRC_LMP&version=12&market_run_id=DAM&startdatetime=20250326T00%3A00-0000&enddatetime=20250423T00%3A00-0000&node=TH_SP15_GEN-APND,200,cache,2026-07-25T08:16:18-04:00,34364,0d880ee02c51b401ea16102dfa87fc8d08221769ff035c707df11329b03d708c,dam_lmp_20250326_20250423_node-th_sp15_gen_apnd.zip,20250325_20250422_PRC_LMP_DAM_20260725_04_12_29_v12.csv,20250325_20250422_PRC_LMP_DAM_20260725_04_12_29_v12.csv=21b7166d58802ea980adc67b7ac171ef2998c4a6264ff4e3e42b5fd5c7644b53
dam_lmp,Day-ahead LMP,PRC_LMP,12,DAM,2025-04-23T00:00:00+00:00,2025-05-21T00:00:00+00:00,https://oasis.caiso.com/oasisapi/SingleZip?resultformat=6&queryname=PRC_LMP&version=12&market_run_id=DAM&startdatetime=20250423T00%3A00-0000&enddatetime=20250521T00%3A00-0000&node=TH_SP15_GEN-APND,200,cache,2026-07-25T08:16:18-04:00,33824,063e88d6e25799b3051e91278ab38af87e5a98ca1e865a5f14d6e3122a582222,dam_lmp_20250423_20250521_node-th_sp15_gen_apnd.zip,20250422_20250520_PRC_LMP_DAM_20260725_04_12_39_v12.csv,20250422_20250520_PRC_LMP_DAM_20260725_04_12_39_v12.csv=971552d8843f2e85237967e1eeec6d55a083a28aa400361f5ba3c43f868610fa
dam_lmp,Day-ahead LMP,PRC_LMP,12,DAM,2025-05-21T00:00:00+00:00,2025-06-18T00:00:00+00:00,https://oasis.caiso.com/oasisapi/SingleZip?resultformat=6&queryname=PRC_LMP&version=12&market_run_id=DAM&startdatetime=20250521T00%3A00-0000&enddatetime=20250618T00%3A00-0000&node=TH_SP15_GEN-APND,200,cache,2026-07-25T08:16:18-04:00,33885,6ce51a13523e57f9331c5a71906459712352dfc37aa96c9080107ad5de823fe7,dam_lmp_20250521_20250618_node-th_sp15_gen_apnd.zip,20250520_20250617_PRC_LMP_DAM_20260725_04_12_49_v12.csv,20250520_20250617_PRC_LMP_DAM_20260725_04_12_49_v12.csv=b1bfc12637e142a9a7a0c90df6734a626748779b3b5189ac78fa39598e43199f
dam_lmp,Day-ahead LMP,PRC_LMP,12,DAM,2025-06-18T00:00:00+00:00,2025-07-16T00:00:00+00:00,https://oasis.caiso.com/oasisapi/SingleZip?resultformat=6&queryname=PRC_LMP&version=12&market_run_id=DAM&startdatetime=20250618T00%3A00-0000&enddatetime=20250716T00%3A00-0000&node=TH_SP15_GEN-APND,200,cache,2026-07-25T08:16:18-04:00,33902,0c8860259e3a74b00b42f8e42564658000cdfacc446ead3013a799a4914c5a40,dam_lmp_20250618_20250716_node-th_sp15_gen_apnd.zip,20250617_20250715_PRC_LMP_DAM_20260725_04_13_00_v12.csv,20250617_20250715_PRC_LMP_DAM_20260725_04_13_00_v12.csv=5401d7ddc078c094859be6f50a870f1db0279695880c5b38e2ffde4b2364f0c2
dam_lmp,Day-ahead LMP,PRC_LMP,12,DAM,2025-07-16T00:00:00+00:00,2025-08-13T00:00:00+00:00,https://oasis.caiso.com/oasisapi/SingleZip?resultformat=6&queryname=PRC_LMP&version=12&market_run_id=DAM&startdatetime=20250716T00%3A00-0000&enddatetime=20250813T00%3A00-0000&node=TH_SP15_GEN-APND,200,cache,2026-07-25T08:16:18-04:00,33732,5d360526f7161b9db66beee6e7d77f6c9ee86569d8db66a0f20b471c8c9016e8,dam_lmp_20250716_20250813_node-th_sp15_gen_apnd.zip,20250715_20250812_PRC_LMP_DAM_20260725_04_13_10_v12.csv,20250715_20250812_PRC_LMP_DAM_20260725_04_13_10_v12.csv=f5f7eca752660370eff758c5c703acf55ee982fa3f16891c5a5a936a8fc72745
dam_lmp,Day-ahead LMP,PRC_LMP,12,DAM,2025-08-13T00:00:00+00:00,2025-09-10T00:00:00+00:00,https://oasis.caiso.com/oasisapi/SingleZip?resultformat=6&queryname=PRC_LMP&version=12&market_run_id=DAM&startdatetime=20250813T00%3A00-0000&enddatetime=20250910T00%3A00-0000&node=TH_SP15_GEN-APND,200,cache,2026-07-25T08:16:18-04:00,33833,5151d6463985d278b7433c0c0dd6633c6e77a8964e98f5005a737e5fc1d472a1,dam_lmp_20250813_20250910_node-th_sp15_gen_apnd.zip,20250812_20250909_PRC_LMP_DAM_20260725_04_13_20_v12.csv,20250812_20250909_PRC_LMP_DAM_20260725_04_13_20_v12.csv=dddfa414a92eed162a798d61b8913affe56056b5dc1e9aa4ec33427db600ad9b
dam_lmp,Day-ahead LMP,PRC_LMP,12,DAM,2025-09-10T00:00:00+00:00,2025-10-08T00:00:00+00:00,https://oasis.caiso.com/oasisapi/SingleZip?resultformat=6&queryname=PRC_LMP&version=12&market_run_id=DAM&startdatetime=20250910T00%3A00-0000&enddatetime=20251008T00%3A00-0000&node=TH_SP15_GEN-APND,200,cache,2026-07-25T08:16:18-04:00,33769,80fb40f769722c21de46e00886b629ddb9423367cc29695645291821875a0255,dam_lmp_20250910_20251008_node-th_sp15_gen_apnd.zip,20250909_20251007_PRC_LMP_DAM_20260725_04_13_30_v12.csv,20250909_20251007_PRC_LMP_DAM_20260725_04_13_30_v12.csv=92ae6294a9a94ee5bfb46eacb29f0ddfee52356b6aa2079c0f5742d9f8eac0c3
dam_lmp,Day-ahead LMP,PRC_LMP,12,DAM,2025-10-08T00:00:00+00:00,2025-11-05T00:00:00+00:00,https://oasis.caiso.com/oasisapi/SingleZip?resultformat=6&queryname=PRC_LMP&version=12&market_run_id=DAM&startdatetime=20251008T00%3A00-0000&enddatetime=20251105T00%3A00-0000&node=TH_SP15_GEN-APND,200,cache,2026-07-25T08:16:18-04:00,34070,f835f774cac3dcd68e34c32e37fa44840a4722814e22c19f40167ef1fc887f3b,dam_lmp_20251008_20251105_node-th_sp15_gen_apnd.zip,20251007_20251104_PRC_LMP_DAM_20260725_04_13_42_v12.csv,20251007_20251104_PRC_LMP_DAM_20260725_04_13_42_v12.csv=fc0d0582f0210ef5073bfef547dc10d2e4a54e9463d42aac71a3c834ca5deb72
dam_lmp,Day-ahead LMP,PRC_LMP,12,DAM,2025-11-05T00:00:00+00:00,2025-12-03T00:00:00+00:00,https://oasis.caiso.com/oasisapi/SingleZip?resultformat=6&queryname=PRC_LMP&version=12&market_run_id=DAM&startdatetime=20251105T00%3A00-0000&enddatetime=20251203T00%3A00-0000&node=TH_SP15_GEN-APND,200,cache,2026-07-25T08:16:18-04:00,34020,02f0e8b7070cb5ff2fe476d4b789b9b91549d78c02cf629aeb0e19f681746d63,dam_lmp_20251105_20251203_node-th_sp15_gen_apnd.zip,20251104_20251202_PRC_LMP_DAM_20260725_04_13_53_v12.csv,20251104_20251202_PRC_LMP_DAM_20260725_04_13_53_v12.csv=2ecc7ed2a3af704bee7d0f856ef047ac01e7a2561acee95b75bc856e51b3a06f
dam_lmp,Day-ahead LMP,PRC_LMP,12,DAM,2025-12-03T00:00:00+00:00,2025-12-31T00:00:00+00:00,https://oasis.caiso.com/oasisapi/SingleZip?resultformat=6&queryname=PRC_LMP&version=12&market_run_id=DAM&startdatetime=20251203T00%3A00-0000&enddatetime=20251231T00%3A00-0000&node=TH_SP15_GEN-APND,200,cache,2026-07-25T08:16:18-04:00,33651,42d1231fce623b5d6978993b3bc499242877d47dcff3967695abd1fb7a3d9cf4,dam_lmp_20251203_20251231_node-th_sp15_gen_apnd.zip,20251202_20251230_PRC_LMP_DAM_20260725_04_14_04_v12.csv,20251202_20251230_PRC_LMP_DAM_20260725_04_14_04_v12.csv=8efff98ef5177fd1cf4b46f8987b1c3fd21245064fbe2601417891233ae96619
dam_lmp,Day-ahead LMP,PRC_LMP,12,DAM,2025-12-31T00:00:00+00:00,2026-01-01T00:00:00+00:00,https://oasis.caiso.com/oasisapi/SingleZip?resultformat=6&queryname=PRC_LMP&version=12&market_run_id=DAM&startdatetime=20251231T00%3A00-0000&enddatetime=20260101T00%3A00-0000&node=TH_SP15_GEN-APND,200,cache,2026-07-25T08:16:18-04:00,1617,7df863679d1473540e3c077cfcc6c79494b450eb4608764b7d180bf77f92ad0a,dam_lmp_20251231_20260101_node-th_sp15_gen_apnd.zip,20251230_20251231_PRC_LMP_DAM_20260725_04_14_19_v12.csv,20251230_20251231_PRC_LMP_DAM_20260725_04_14_19_v12.csv=e9099687d871de11e4b4f17ae96dd916ee3dd57a9b9067501fdfbc297d6bc864
dam_lmp,Day-ahead LMP,PRC_LMP,12,DAM,2025-01-01T00:00:00+00:00,2025-01-29T00:00:00+00:00,https://oasis.caiso.com/oasisapi/SingleZip?resultformat=6&queryname=PRC_LMP&version=12&market_run_id=DAM&startdatetime=20250101T00%3A00-0000&enddatetime=20250129T00%3A00-0000&node=TH_ZP26_GEN-APND,200,cache,2026-07-25T08:16:18-04:00,33577,a174850ed724f32f77826f60d132a57dbc2d28e7a8e969559be47cc6e1564ce1,dam_lmp_20250101_20250129_node-th_zp26_gen_apnd.zip,20241231_20250128_PRC_LMP_DAM_20260725_04_14_27_v12.csv,20241231_20250128_PRC_LMP_DAM_20260725_04_14_27_v12.csv=58d62274838ffcfd09c18a3ae74f9b2fc3582016f481ad400fbee2114ce7325a
dam_lmp,Day-ahead LMP,PRC_LMP,12,DAM,2025-01-29T00:00:00+00:00,2025-02-26T00:00:00+00:00,https://oasis.caiso.com/oasisapi/SingleZip?resultformat=6&queryname=PRC_LMP&version=12&market_run_id=DAM&startdatetime=20250129T00%3A00-0000&enddatetime=20250226T00%3A00-0000&node=TH_ZP26_GEN-APND,200,cache,2026-07-25T08:16:18-04:00,33799,6c6cb43be2022be1c0973c583e26091e79feaae0432cbee871664cd8e4c7c6e0,dam_lmp_20250129_20250226_node-th_zp26_gen_apnd.zip,20250128_20250225_PRC_LMP_DAM_20260725_04_14_37_v12.csv,20250128_20250225_PRC_LMP_DAM_20260725_04_14_37_v12.csv=85c727fdc6d62bf49c792f44cadd04120d456fe94586bc37c1f26d7ac5f322b9
dam_lmp,Day-ahead LMP,PRC_LMP,12,DAM,2025-02-26T00:00:00+00:00,2025-03-26T00:00:00+00:00,https://oasis.caiso.com/oasisapi/SingleZip?resultformat=6&queryname=PRC_LMP&version=12&market_run_id=DAM&startdatetime=20250226T00%3A00-0000&enddatetime=20250326T00%3A00-0000&node=TH_ZP26_GEN-APND,200,cache,2026-07-25T08:16:18-04:00,33903,e216470cf90ae3347c6cee95b5e435dd6b2fdc1e1ab3377ae4edbcd52f838c93,dam_lmp_20250226_20250326_node-th_zp26_gen_apnd.zip,20250225_20250325_PRC_LMP_DAM_20260725_04_14_47_v12.csv,20250225_20250325_PRC_LMP_DAM_20260725_04_14_47_v12.csv=aafce4864db34625449265daf7c76589aae074562a539683fa1dfb65dd97aa4c
dam_lmp,Day-ahead LMP,PRC_LMP,12,DAM,2025-03-26T00:00:00+00:00,2025-04-23T00:00:00+00:00,https://oasis.caiso.com/oasisapi/SingleZip?resultformat=6&queryname=PRC_LMP&version=12&market_run_id=DAM&startdatetime=20250326T00%3A00-0000&enddatetime=20250423T00%3A00-0000&node=TH_ZP26_GEN-APND,200,cache,2026-07-25T08:16:18-04:00,33599,71a33d3661ed3e6f68649a408796a3fa44e8233acafee111695610b6a6122de9,dam_lmp_20250326_20250423_node-th_zp26_gen_apnd.zip,20250325_20250422_PRC_LMP_DAM_20260725_04_14_59_v12.csv,20250325_20250422_PRC_LMP_DAM_20260725_04_14_59_v12.csv=795ea3d0f59fb97ab586b2f7e64c20dbfda82b879ad92c3e463a315e8541ed4d
dam_lmp,Day-ahead LMP,PRC_LMP,12,DAM,2025-04-23T00:00:00+00:00,2025-05-21T00:00:00+00:00,https://oasis.caiso.com/oasisapi/SingleZip?resultformat=6&queryname=PRC_LMP&version=12&market_run_id=DAM&startdatetime=20250423T00%3A00-0000&enddatetime=20250521T00%3A00-0000&node=TH_ZP26_GEN-APND,200,cache,2026-07-25T08:16:18-04:00,33419,d6913d2c6b3ac205ef56c1a00c76312cb0dea74ccde851b134eb8258bcc01e62,dam_lmp_20250423_20250521_node-th_zp26_gen_apnd.zip,20250422_20250520_PRC_LMP_DAM_20260725_04_15_11_v12.csv,20250422_20250520_PRC_LMP_DAM_20260725_04_15_11_v12.csv=53c78f87aff8c6ecd7d90e35b95ea2a0dbcc7e1ae766ad02c6c07fedafa45671
dam_lmp,Day-ahead LMP,PRC_LMP,12,DAM,2025-05-21T00:00:00+00:00,2025-06-18T00:00:00+00:00,https://oasis.caiso.com/oasisapi/SingleZip?resultformat=6&queryname=PRC_LMP&version=12&market_run_id=DAM&startdatetime=20250521T00%3A00-0000&enddatetime=20250618T00%3A00-0000&node=TH_ZP26_GEN-APND,200,cache,2026-07-25T08:16:18-04:00,33521,077fb343896d14841461ab2e0a788120c9dffb460c302f74ff2b95295efee355,dam_lmp_20250521_20250618_node-th_zp26_gen_apnd.zip,20250520_20250617_PRC_LMP_DAM_20260725_04_15_22_v12.csv,20250520_20250617_PRC_LMP_DAM_20260725_04_15_22_v12.csv=6884df6b2b3b0d0e3e47a92f5520cd904e8b05db9ed16ac09a8f6317630ca46c
dam_lmp,Day-ahead LMP,PRC_LMP,12,DAM,2025-06-18T00:00:00+00:00,2025-07-16T00:00:00+00:00,https://oasis.caiso.com/oasisapi/SingleZip?resultformat=6&queryname=PRC_LMP&version=12&market_run_id=DAM&startdatetime=20250618T00%3A00-0000&enddatetime=20250716T00%3A00-0000&node=TH_ZP26_GEN-APND,200,cache,2026-07-25T08:16:18-04:00,33817,4ada1168219847cf3ba3fd1f01d5f0437604890063d51bf8cd9eaa527f675aa9,dam_lmp_20250618_20250716_node-th_zp26_gen_apnd.zip,20250617_20250715_PRC_LMP_DAM_20260725_04_15_37_v12.csv,20250617_20250715_PRC_LMP_DAM_20260725_04_15_37_v12.csv=fe1661d4bdaf9a0f1ca9bf289543ffd4e9b05c4bed515da3911992c0d986c065
dam_lmp,Day-ahead LMP,PRC_LMP,12,DAM,2025-07-16T00:00:00+00:00,2025-08-13T00:00:00+00:00,https://oasis.caiso.com/oasisapi/SingleZip?resultformat=6&queryname=PRC_LMP&version=12&market_run_id=DAM&startdatetime=20250716T00%3A00-0000&enddatetime=20250813T00%3A00-0000&node=TH_ZP26_GEN-APND,200,cache,2026-07-25T08:16:18-04:00,33532,9fc89937e402e40a6cfa88c608e830a200dfdaf599be6cd62a02e6c8838e5855,dam_lmp_20250716_20250813_node-th_zp26_gen_apnd.zip,20250715_20250812_PRC_LMP_DAM_20260725_04_15_49_v12.csv,20250715_20250812_PRC_LMP_DAM_20260725_04_15_49_v12.csv=4790ea97f80c8bba6dc08c81d59eaeb190f1fd2952483f716c9992b155db487c
dam_lmp,Day-ahead LMP,PRC_LMP,12,DAM,2025-08-13T00:00:00+00:00,2025-09-10T00:00:00+00:00,https://oasis.caiso.com/oasisapi/SingleZip?resultformat=6&queryname=PRC_LMP&version=12&market_run_id=DAM&startdatetime=20250813T00%3A00-0000&enddatetime=20250910T00%3A00-0000&node=TH_ZP26_GEN-APND,200,cache,2026-07-25T08:16:18-04:00,33470,8630c4dbc745244cfc1b70dfe6144036c65dbecc2bb0a981677ede5584313dfa,dam_lmp_20250813_20250910_node-th_zp26_gen_apnd.zip,20250812_20250909_PRC_LMP_DAM_20260725_04_16_01_v12.csv,20250812_20250909_PRC_LMP_DAM_20260725_04_16_01_v12.csv=e4194dab5f742a948b50093813bb696bdad335546f3b23ced36a45c4057cf8e4
dam_lmp,Day-ahead LMP,PRC_LMP,12,DAM,2025-09-10T00:00:00+00:00,2025-10-08T00:00:00+00:00,https://oasis.caiso.com/oasisapi/SingleZip?resultformat=6&queryname=PRC_LMP&version=12&market_run_id=DAM&startdatetime=20250910T00%3A00-0000&enddatetime=20251008T00%3A00-0000&node=TH_ZP26_GEN-APND,200,cache,2026-07-25T08:16:18-04:00,33450,058e0ca30a2deecf8ae5fed731fb6cad84044c9b71949eaba55c2d9235d3cffa,dam_lmp_20250910_20251008_node-th_zp26_gen_apnd.zip,20250909_20251007_PRC_LMP_DAM_20260725_04_16_14_v12.csv,20250909_20251007_PRC_LMP_DAM_20260725_04_16_14_v12.csv=7244e897ed5fde8d0e0eeaacb310e33f98ee1f2c6e0ded898e94a99043e3432a
dam_lmp,Day-ahead LMP,PRC_LMP,12,DAM,2025-10-08T00:00:00+00:00,2025-11-05T00:00:00+00:00,https://oasis.caiso.com/oasisapi/SingleZip?resultformat=6&queryname=PRC_LMP&version=12&market_run_id=DAM&startdatetime=20251008T00%3A00-0000&enddatetime=20251105T00%3A00-0000&node=TH_ZP26_GEN-APND,200,cache,2026-07-25T08:16:18-04:00,33296,c731aa1fac0a75702e53ea96032792a34e755d88e333f4781d3824aa5ddebe1d,dam_lmp_20251008_20251105_node-th_zp26_gen_apnd.zip,20251007_20251104_PRC_LMP_DAM_20260725_04_16_28_v12.csv,20251007_20251104_PRC_LMP_DAM_20260725_04_16_28_v12.csv=1a107c5740056c91df21813d7af8771c01a9defc2f9325337b0a51c9dc004ae0
dam_lmp,Day-ahead LMP,PRC_LMP,12,DAM,2025-11-05T00:00:00+00:00,2025-12-03T00:00:00+00:00,https://oasis.caiso.com/oasisapi/SingleZip?resultformat=6&queryname=PRC_LMP&version=12&market_run_id=DAM&startdatetime=20251105T00%3A00-0000&enddatetime=20251203T00%3A00-0000&node=TH_ZP26_GEN-APND,200,cache,2026-07-25T08:16:18-04:00,33430,908f011bef00b9649314a7a22bbdc7b68cb865f72c1c442c537988e4a344495e,dam_lmp_20251105_20251203_node-th_zp26_gen_apnd.zip,20251104_20251202_PRC_LMP_DAM_20260725_04_16_39_v12.csv,20251104_20251202_PRC_LMP_DAM_20260725_04_16_39_v12.csv=ed63a7a18b234e1145f0909bdf9b5cf4ba15e170832f4edd17d0c26cb4f22058
dam_lmp,Day-ahead LMP,PRC_LMP,12,DAM,2025-12-03T00:00:00+00:00,2025-12-31T00:00:00+00:00,https://oasis.caiso.com/oasisapi/SingleZip?resultformat=6&queryname=PRC_LMP&version=12&market_run_id=DAM&startdatetime=20251203T00%3A00-0000&enddatetime=20251231T00%3A00-0000&node=TH_ZP26_GEN-APND,200,cache,2026-07-25T08:16:18-04:00,33280,d4f966801deafca0a769327b0cdaf3bf6a5b158f409f9e5738c5821693be1dfb,dam_lmp_20251203_20251231_node-th_zp26_gen_apnd.zip,20251202_20251230_PRC_LMP_DAM_20260725_04_16_50_v12.csv,20251202_20251230_PRC_LMP_DAM_20260725_04_16_50_v12.csv=780c5c9f0d8bd8dffee19792470368bee3f51fa535279ab4c3eb958eba8200ff
dam_lmp,Day-ahead LMP,PRC_LMP,12,DAM,2025-12-31T00:00:00+00:00,2026-01-01T00:00:00+00:00,https://oasis.caiso.com/oasisapi/SingleZip?resultformat=6&queryname=PRC_LMP&version=12&market_run_id=DAM&startdatetime=20251231T00%3A00-0000&enddatetime=20260101T00%3A00-0000&node=TH_ZP26_GEN-APND,200,cache,2026-07-25T08:16:18-04:00,1621,a348b871517217e4f088bea642b3461d0ec5843d9271030e342dc664e9ab7f0a,dam_lmp_20251231_20260101_node-th_zp26_gen_apnd.zip,20251230_20251231_PRC_LMP_DAM_20260725_04_17_01_v12.csv,20251230_20251231_PRC_LMP_DAM_20260725_04_17_01_v12.csv=ec695e1eae8f3beeef7385c6da05e00fc11f124905652123d0c018fec850fd00
rt15_lmp,Fifteen-minute market LMP,PRC_RTPD_LMP,3,RTPD,2025-01-01T00:00:00+00:00,2025-01-29T00:00:00+00:00,https://oasis.caiso.com/oasisapi/SingleZip?resultformat=6&queryname=PRC_RTPD_LMP&version=3&market_run_id=RTPD&startdatetime=20250101T00%3A00-0000&enddatetime=20250129T00%3A00-0000&node=TH_NP15_GEN-APND,200,cache,2026-07-25T08:16:19-04:00,131893,e0d92e04e68b660b8b51b6b96779ef82e6e88a49eeca254fbd2784c6df390432,rt15_lmp_20250101_20250129_node-th_np15_gen_apnd.zip,20241231_20250128_PRC_RTPD_LMP_RTPD_20260725_04_17_08_v3.csv,20241231_20250128_PRC_RTPD_LMP_RTPD_20260725_04_17_08_v3.csv=1784b47fbfae34d0466fddb0bc2d84cc6db1dd1922f306d6c7c7ad7688e33dc2
rt15_lmp,Fifteen-minute market LMP,PRC_RTPD_LMP,3,RTPD,2025-01-29T00:00:00+00:00,2025-02-26T00:00:00+00:00,https://oasis.caiso.com/oasisapi/SingleZip?resultformat=6&queryname=PRC_RTPD_LMP&version=3&market_run_id=RTPD&startdatetime=20250129T00%3A00-0000&enddatetime=20250226T00%3A00-0000&node=TH_NP15_GEN-APND,200,cache,2026-07-25T08:16:19-04:00,134054,db633fb210b61242530ffae46a930068df8001b2e8f1b477a9d9e585516d047e,rt15_lmp_20250129_20250226_node-th_np15_gen_apnd.zip,20250128_20250225_PRC_RTPD_LMP_RTPD_20260725_04_17_35_v3.csv,20250128_20250225_PRC_RTPD_LMP_RTPD_20260725_04_17_35_v3.csv=5fc55df8292b7baa4cd919c1b4df93f026c02b03f7d4fa9ac7eb15e37396cdb0
rt15_lmp,Fifteen-minute market LMP,PRC_RTPD_LMP,3,RTPD,2025-02-26T00:00:00+00:00,2025-03-26T00:00:00+00:00,https://oasis.caiso.com/oasisapi/SingleZip?resultformat=6&queryname=PRC_RTPD_LMP&version=3&market_run_id=RTPD&startdatetime=20250226T00%3A00-0000&enddatetime=20250326T00%3A00-0000&node=TH_NP15_GEN-APND,200,cache,2026-07-25T08:16:19-04:00,135470,e09fb7d35bd976de8c260920ced550e9403ed0e1cac79a5c379d16ca6d1de7d9,rt15_lmp_20250226_20250326_node-th_np15_gen_apnd.zip,20250225_20250325_PRC_RTPD_LMP_RTPD_20260725_04_17_59_v3.csv,20250225_20250325_PRC_RTPD_LMP_RTPD_20260725_04_17_59_v3.csv=b04b7c41b6371d7863d0c59f554bea343ef05442a264e15d0aa6bf70af4d9592
rt15_lmp,Fifteen-minute market LMP,PRC_RTPD_LMP,3,RTPD,2025-03-26T00:00:00+00:00,2025-04-23T00:00:00+00:00,https://oasis.caiso.com/oasisapi/SingleZip?resultformat=6&queryname=PRC_RTPD_LMP&version=3&market_run_id=RTPD&startdatetime=20250326T00%3A00-0000&enddatetime=20250423T00%3A00-0000&node=TH_NP15_GEN-APND,200,cache,2026-07-25T08:16:19-04:00,135882,3be0b8bf69532d5fa79faa540fd78a9b2f6566221663c66959459047be7fa61a,rt15_lmp_20250326_20250423_node-th_np15_gen_apnd.zip,20250325_20250422_PRC_RTPD_LMP_RTPD_20260725_04_18_26_v3.csv,20250325_20250422_PRC_RTPD_LMP_RTPD_20260725_04_18_26_v3.csv=6b44fa1b9a019477f17bf4cb99904d5a9005ed9f5f5eb690d21e02b8c39d812a
rt15_lmp,Fifteen-minute market LMP,PRC_RTPD_LMP,3,RTPD,2025-04-23T00:00:00+00:00,2025-05-21T00:00:00+00:00,https://oasis.caiso.com/oasisapi/SingleZip?resultformat=6&queryname=PRC_RTPD_LMP&version=3&market_run_id=RTPD&startdatetime=20250423T00%3A00-0000&enddatetime=20250521T00%3A00-0000&node=TH_NP15_GEN-APND,200,cache,2026-07-25T08:16:19-04:00,136624,5034684b21cee8d1de1209812368bfa03b2c96df1d5d2f1a9f796fea5b28d1d5,rt15_lmp_20250423_20250521_node-th_np15_gen_apnd.zip,20250422_20250520_PRC_RTPD_LMP_RTPD_20260725_04_18_55_v3.csv,20250422_20250520_PRC_RTPD_LMP_RTPD_20260725_04_18_55_v3.csv=1b03b08f9a06c6b1fbf87cc5ed4aa37abd3a92c03e71d731fd86cc1ec3234e57
rt15_lmp,Fifteen-minute market LMP,PRC_RTPD_LMP,3,RTPD,2025-05-21T00:00:00+00:00,2025-06-18T00:00:00+00:00,https://oasis.caiso.com/oasisapi/SingleZip?resultformat=6&queryname=PRC_RTPD_LMP&version=3&market_run_id=RTPD&startdatetime=20250521T00%3A00-0000&enddatetime=20250618T00%3A00-0000&node=TH_NP15_GEN-APND,200,cache,2026-07-25T08:16:19-04:00,136432,4ab7def10c516cd5cceb87466de547028608b09a4c12e3b5428348979225b458,rt15_lmp_20250521_20250618_node-th_np15_gen_apnd.zip,20250520_20250617_PRC_RTPD_LMP_RTPD_20260725_04_19_20_v3.csv,20250520_20250617_PRC_RTPD_LMP_RTPD_20260725_04_19_20_v3.csv=9a9cd7edaeece6f4ba4ff711039db89e85a0f39278939320298b517f35b4b811
rt15_lmp,Fifteen-minute market LMP,PRC_RTPD_LMP,3,RTPD,2025-06-18T00:00:00+00:00,2025-07-16T00:00:00+00:00,https://oasis.caiso.com/oasisapi/SingleZip?resultformat=6&queryname=PRC_RTPD_LMP&version=3&market_run_id=RTPD&startdatetime=20250618T00%3A00-0000&enddatetime=20250716T00%3A00-0000&node=TH_NP15_GEN-APND,200,cache,2026-07-25T08:16:19-04:00,134752,9f407ce26770c77f2004b642a0d40b80c15834ef196dd6ad1bd1f30b26fcb3f4,rt15_lmp_20250618_20250716_node-th_np15_gen_apnd.zip,20250617_20250715_PRC_RTPD_LMP_RTPD_20260725_04_19_44_v3.csv,20250617_20250715_PRC_RTPD_LMP_RTPD_20260725_04_19_44_v3.csv=bd7161c6f460c43f6490a7089c55c2a8764167d9180843c4a82f11a8c8eb4f33
rt15_lmp,Fifteen-minute market LMP,PRC_RTPD_LMP,3,RTPD,2025-07-16T00:00:00+00:00,2025-08-13T00:00:00+00:00,https://oasis.caiso.com/oasisapi/SingleZip?resultformat=6&queryname=PRC_RTPD_LMP&version=3&market_run_id=RTPD&startdatetime=20250716T00%3A00-0000&enddatetime=20250813T00%3A00-0000&node=TH_NP15_GEN-APND,200,cache,2026-07-25T08:16:19-04:00,133870,008a7ac97a80e8fbebe7553b7d0ae31d52a57db8d43f94b4ab7b0e0d671c7e16,rt15_lmp_20250716_20250813_node-th_np15_gen_apnd.zip,20250715_20250812_PRC_RTPD_LMP_RTPD_20260725_04_20_12_v3.csv,20250715_20250812_PRC_RTPD_LMP_RTPD_20260725_04_20_12_v3.csv=efe589d0f9a9684edaf56194c69ff7177cfd4e1005d13140aa6adcbcbaf3a9b5
rt15_lmp,Fifteen-minute market LMP,PRC_RTPD_LMP,3,RTPD,2025-08-13T00:00:00+00:00,2025-09-10T00:00:00+00:00,https://oasis.caiso.com/oasisapi/SingleZip?resultformat=6&queryname=PRC_RTPD_LMP&version=3&market_run_id=RTPD&startdatetime=20250813T00%3A00-0000&enddatetime=20250910T00%3A00-0000&node=TH_NP15_GEN-APND,200,cache,2026-07-25T08:16:19-04:00,135682,c0de58eebaefda3c47b633003d2eeeef2706cca0443d4c8ef533351501838408,rt15_lmp_20250813_20250910_node-th_np15_gen_apnd.zip,20250812_20250909_PRC_RTPD_LMP_RTPD_20260725_04_20_39_v3.csv,20250812_20250909_PRC_RTPD_LMP_RTPD_20260725_04_20_39_v3.csv=97a648858ce7201267dec963ff830cf2850b0b274b5c2aa8e6071781ebfdbf11
rt15_lmp,Fifteen-minute market LMP,PRC_RTPD_LMP,3,RTPD,2025-09-10T00:00:00+00:00,2025-10-08T00:00:00+00:00,https://oasis.caiso.com/oasisapi/SingleZip?resultformat=6&queryname=PRC_RTPD_LMP&version=3&market_run_id=RTPD&startdatetime=20250910T00%3A00-0000&enddatetime=20251008T00%3A00-0000&node=TH_NP15_GEN-APND,200,cache,2026-07-25T08:16:19-04:00,134176,0f0bddf60d7be4f6dcae12cf180ef8d87bb77a0cce2e20c8701706934e5f0f76,rt15_lmp_20250910_20251008_node-th_np15_gen_apnd.zip,20250909_20251007_PRC_RTPD_LMP_RTPD_20260725_04_21_06_v3.csv,20250909_20251007_PRC_RTPD_LMP_RTPD_20260725_04_21_06_v3.csv=ad56f022234e6469aeab57521ba55ec654e7fbe77b8a479e005075f879d32207
rt15_lmp,Fifteen-minute market LMP,PRC_RTPD_LMP,3,RTPD,2025-10-08T00:00:00+00:00,2025-11-05T00:00:00+00:00,https://oasis.caiso.com/oasisapi/SingleZip?resultformat=6&queryname=PRC_RTPD_LMP&version=3&market_run_id=RTPD&startdatetime=20251008T00%3A00-0000&enddatetime=20251105T00%3A00-0000&node=TH_NP15_GEN-APND,200,cache,2026-07-25T08:16:19-04:00,130847,811ffb9aadc4bb9a7293520e0f85286b995310e89fcb0bda0d8a45bb87719da8,rt15_lmp_20251008_20251105_node-th_np15_gen_apnd.zip,20251007_20251104_PRC_RTPD_LMP_RTPD_20260725_04_21_37_v3.csv,20251007_20251104_PRC_RTPD_LMP_RTPD_20260725_04_21_37_v3.csv=90cf640b08b1275d7391bc26b19292c9c699f1d4341286a1098a309666c7a5c3
rt15_lmp,Fifteen-minute market LMP,PRC_RTPD_LMP,3,RTPD,2025-11-05T00:00:00+00:00,2025-12-03T00:00:00+00:00,https://oasis.caiso.com/oasisapi/SingleZip?resultformat=6&queryname=PRC_RTPD_LMP&version=3&market_run_id=RTPD&startdatetime=20251105T00%3A00-0000&enddatetime=20251203T00%3A00-0000&node=TH_NP15_GEN-APND,200,cache,2026-07-25T08:16:19-04:00,129061,3c66eb2d3ecf170accc5a5eb9338933ae64a46aee5920fdb7a96a25ee1b8250b,rt15_lmp_20251105_20251203_node-th_np15_gen_apnd.zip,20251104_20251202_PRC_RTPD_LMP_RTPD_20260725_04_22_04_v3.csv,20251104_20251202_PRC_RTPD_LMP_RTPD_20260725_04_22_04_v3.csv=61ecd4daaae32bf62e4da93f240ec5b738f1d963ef67e203df9bcf30ac4330b4
rt15_lmp,Fifteen-minute market LMP,PRC_RTPD_LMP,3,RTPD,2025-12-03T00:00:00+00:00,2025-12-31T00:00:00+00:00,https://oasis.caiso.com/oasisapi/SingleZip?resultformat=6&queryname=PRC_RTPD_LMP&version=3&market_run_id=RTPD&startdatetime=20251203T00%3A00-0000&enddatetime=20251231T00%3A00-0000&node=TH_NP15_GEN-APND,200,cache,2026-07-25T08:16:19-04:00,127103,df896b827497da4c595c8e47a7ac38c031d9e148b8040e184dfb49bdb743f017,rt15_lmp_20251203_20251231_node-th_np15_gen_apnd.zip,20251202_20251230_PRC_RTPD_LMP_RTPD_20260725_04_22_32_v3.csv,20251202_20251230_PRC_RTPD_LMP_RTPD_20260725_04_22_32_v3.csv=7a78484e61f7b053fc8e4fdf16e10e196e074f1f6f504c9918b969b31268943a
rt15_lmp,Fifteen-minute market LMP,PRC_RTPD_LMP,3,RTPD,2025-12-31T00:00:00+00:00,2026-01-01T00:00:00+00:00,https://oasis.caiso.com/oasisapi/SingleZip?resultformat=6&queryname=PRC_RTPD_LMP&version=3&market_run_id=RTPD&startdatetime=20251231T00%3A00-0000&enddatetime=20260101T00%3A00-0000&node=TH_NP15_GEN-APND,200,cache,2026-07-25T08:16:19-04:00,4915,3c5afc531408efef6876308b959881f9e998202bab733e32091ac417d2cb431a,rt15_lmp_20251231_20260101_node-th_np15_gen_apnd.zip,20251230_20251231_PRC_RTPD_LMP_RTPD_20260725_04_23_01_v3.csv,20251230_20251231_PRC_RTPD_LMP_RTPD_20260725_04_23_01_v3.csv=0d3d8ed92c2d40106189b2f09fee87d7e872a5496f28b261bd1dbb0f717d61dd
rt15_lmp,Fifteen-minute market LMP,PRC_RTPD_LMP,3,RTPD,2025-01-01T00:00:00+00:00,2025-01-29T00:00:00+00:00,https://oasis.caiso.com/oasisapi/SingleZip?resultformat=6&queryname=PRC_RTPD_LMP&version=3&market_run_id=RTPD&startdatetime=20250101T00%3A00-0000&enddatetime=20250129T00%3A00-0000&node=TH_SP15_GEN-APND,200,cache,2026-07-25T08:16:19-04:00,133377,ace8d98cd9b0a170a08913fa394f4a13e236feac89df062e2adfac1dc0c732c5,rt15_lmp_20250101_20250129_node-th_sp15_gen_apnd.zip,20241231_20250128_PRC_RTPD_LMP_RTPD_20260725_04_23_09_v3.csv,20241231_20250128_PRC_RTPD_LMP_RTPD_20260725_04_23_09_v3.csv=119712a60e5dfa8dd6c0fb6d4ce26eeef456356e1d0bc83bd260ede2a82322e8
rt15_lmp,Fifteen-minute market LMP,PRC_RTPD_LMP,3,RTPD,2025-01-29T00:00:00+00:00,2025-02-26T00:00:00+00:00,https://oasis.caiso.com/oasisapi/SingleZip?resultformat=6&queryname=PRC_RTPD_LMP&version=3&market_run_id=RTPD&startdatetime=20250129T00%3A00-0000&enddatetime=20250226T00%3A00-0000&node=TH_SP15_GEN-APND,200,cache,2026-07-25T08:16:19-04:00,135359,9d1bf2113ee2ba084f8f6ab122142e3f0641c51f25d7f96399ad0aeb2ae00ccd,rt15_lmp_20250129_20250226_node-th_sp15_gen_apnd.zip,20250128_20250225_PRC_RTPD_LMP_RTPD_20260725_04_23_35_v3.csv,20250128_20250225_PRC_RTPD_LMP_RTPD_20260725_04_23_35_v3.csv=3991d12198804f189129b489643647d55b3679e1b3f11f64569d178eb8558f4c
rt15_lmp,Fifteen-minute market LMP,PRC_RTPD_LMP,3,RTPD,2025-02-26T00:00:00+00:00,2025-03-26T00:00:00+00:00,https://oasis.caiso.com/oasisapi/SingleZip?resultformat=6&queryname=PRC_RTPD_LMP&version=3&market_run_id=RTPD&startdatetime=20250226T00%3A00-0000&enddatetime=20250326T00%3A00-0000&node=TH_SP15_GEN-APND,200,cache,2026-07-25T08:16:19-04:00,136063,0da0c9bd83c6a9ae94326b958d90b0cbbe89587ebedd050951393bdc936f35a6,rt15_lmp_20250226_20250326_node-th_sp15_gen_apnd.zip,20250225_20250325_PRC_RTPD_LMP_RTPD_20260725_04_24_06_v3.csv,20250225_20250325_PRC_RTPD_LMP_RTPD_20260725_04_24_06_v3.csv=f72613b2ef2040663345012b43d864ac1ad9f0dbdbba34baac1ed97f9df9c5c2
rt15_lmp,Fifteen-minute market LMP,PRC_RTPD_LMP,3,RTPD,2025-03-26T00:00:00+00:00,2025-04-23T00:00:00+00:00,https://oasis.caiso.com/oasisapi/SingleZip?resultformat=6&queryname=PRC_RTPD_LMP&version=3&market_run_id=RTPD&startdatetime=20250326T00%3A00-0000&enddatetime=20250423T00%3A00-0000&node=TH_SP15_GEN-APND,200,cache,2026-07-25T08:16:19-04:00,133047,f122ef223ecee023ab262f5f2c002794c88a2251b15ff02c848497a1ac7c7cc3,rt15_lmp_20250326_20250423_node-th_sp15_gen_apnd.zip,20250325_20250422_PRC_RTPD_LMP_RTPD_20260725_04_24_32_v3.csv,20250325_20250422_PRC_RTPD_LMP_RTPD_20260725_04_24_32_v3.csv=b3d53fbec7aadc6980501f1faeffbd5449731434f4807d6ad94fd16d349fe648
rt15_lmp,Fifteen-minute market LMP,PRC_RTPD_LMP,3,RTPD,2025-04-23T00:00:00+00:00,2025-05-21T00:00:00+00:00,https://oasis.caiso.com/oasisapi/SingleZip?resultformat=6&queryname=PRC_RTPD_LMP&version=3&market_run_id=RTPD&startdatetime=20250423T00%3A00-0000&enddatetime=20250521T00%3A00-0000&node=TH_SP15_GEN-APND,200,cache,2026-07-25T08:16:19-04:00,132429,266e183883b901e242ced4d0be9fb2b39ea7dd6fd63e10939786665c68b9571f,rt15_lmp_20250423_20250521_node-th_sp15_gen_apnd.zip,20250422_20250520_PRC_RTPD_LMP_RTPD_20260725_04_24_56_v3.csv,20250422_20250520_PRC_RTPD_LMP_RTPD_20260725_04_24_56_v3.csv=e205f40d3c8da10c744642d15ad19c2ec39d0dfe2f435dde44cafe0d15d06388
rt15_lmp,Fifteen-minute market LMP,PRC_RTPD_LMP,3,RTPD,2025-05-21T00:00:00+00:00,2025-06-18T00:00:00+00:00,https://oasis.caiso.com/oasisapi/SingleZip?resultformat=6&queryname=PRC_RTPD_LMP&version=3&market_run_id=RTPD&startdatetime=20250521T00%3A00-0000&enddatetime=20250618T00%3A00-0000&node=TH_SP15_GEN-APND,200,cache,2026-07-25T08:16:20-04:00,132720,0015e42b77d40d24a89bf02dc82dff60bd7992f614ca9f5405ea7ef6e871c3aa,rt15_lmp_20250521_20250618_node-th_sp15_gen_apnd.zip,20250520_20250617_PRC_RTPD_LMP_RTPD_20260725_04_25_27_v3.csv,20250520_20250617_PRC_RTPD_LMP_RTPD_20260725_04_25_27_v3.csv=412c9322efd90c185a031899a2996c2e394e68f72eed3d35c4ee8eadc67a424c
rt15_lmp,Fifteen-minute market LMP,PRC_RTPD_LMP,3,RTPD,2025-06-18T00:00:00+00:00,2025-07-16T00:00:00+00:00,https://oasis.caiso.com/oasisapi/SingleZip?resultformat=6&queryname=PRC_RTPD_LMP&version=3&market_run_id=RTPD&startdatetime=20250618T00%3A00-0000&enddatetime=20250716T00%3A00-0000&node=TH_SP15_GEN-APND,200,cache,2026-07-25T08:16:20-04:00,133024,4e4c8a24aa8d79bf89b4e9a7e38ed9691c043bc3ad943e23e152b0a3ba7d05f5,rt15_lmp_20250618_20250716_node-th_sp15_gen_apnd.zip,20250617_20250715_PRC_RTPD_LMP_RTPD_20260725_04_25_51_v3.csv,20250617_20250715_PRC_RTPD_LMP_RTPD_20260725_04_25_51_v3.csv=0609060652e28f16e05eb85708bf6b08a3f0ed4c7ef8917d601aa0ba3ee3e3a7
rt15_lmp,Fifteen-minute market LMP,PRC_RTPD_LMP,3,RTPD,2025-07-16T00:00:00+00:00,2025-08-13T00:00:00+00:00,https://oasis.caiso.com/oasisapi/SingleZip?resultformat=6&queryname=PRC_RTPD_LMP&version=3&market_run_id=RTPD&startdatetime=20250716T00%3A00-0000&enddatetime=20250813T00%3A00-0000&node=TH_SP15_GEN-APND,200,cache,2026-07-25T08:16:20-04:00,132704,8fbc37df36a3c3b0ecb518eda8b31719782b1b3224db58be73f60636b95db58a,rt15_lmp_20250716_20250813_node-th_sp15_gen_apnd.zip,20250715_20250812_PRC_RTPD_LMP_RTPD_20260725_04_26_14_v3.csv,20250715_20250812_PRC_RTPD_LMP_RTPD_20260725_04_26_14_v3.csv=b84737c3382238faa04bb06f919678a7c7cc61c149e1853a0107eacdbe48914b
rt15_lmp,Fifteen-minute market LMP,PRC_RTPD_LMP,3,RTPD,2025-08-13T00:00:00+00:00,2025-09-10T00:00:00+00:00,https://oasis.caiso.com/oasisapi/SingleZip?resultformat=6&queryname=PRC_RTPD_LMP&version=3&market_run_id=RTPD&startdatetime=20250813T00%3A00-0000&enddatetime=20250910T00%3A00-0000&node=TH_SP15_GEN-APND,200,cache,2026-07-25T08:16:20-04:00,135593,9540441a60b16fe7dc77a0c10a3e7d172d66eed5efddad0bcaa931914109bd35,rt15_lmp_20250813_20250910_node-th_sp15_gen_apnd.zip,20250812_20250909_PRC_RTPD_LMP_RTPD_20260725_04_26_42_v3.csv,20250812_20250909_PRC_RTPD_LMP_RTPD_20260725_04_26_42_v3.csv=0d19116d6063164fb3698b7a206f850c82fdf0b5cb6a15990d5472d1844dd0a2
rt15_lmp,Fifteen-minute market LMP,PRC_RTPD_LMP,3,RTPD,2025-09-10T00:00:00+00:00,2025-10-08T00:00:00+00:00,https://oasis.caiso.com/oasisapi/SingleZip?resultformat=6&queryname=PRC_RTPD_LMP&version=3&market_run_id=RTPD&startdatetime=20250910T00%3A00-0000&enddatetime=20251008T00%3A00-0000&node=TH_SP15_GEN-APND,200,cache,2026-07-25T08:16:20-04:00,135030,b5d682619f3c591f6d6ec80973c444c894d99c852502d32cb729a3a5459ce220,rt15_lmp_20250910_20251008_node-th_sp15_gen_apnd.zip,20250909_20251007_PRC_RTPD_LMP_RTPD_20260725_04_27_07_v3.csv,20250909_20251007_PRC_RTPD_LMP_RTPD_20260725_04_27_07_v3.csv=4180f9c73b695d20ebeca230015378481064dda6e4293663de99831830275967
rt15_lmp,Fifteen-minute market LMP,PRC_RTPD_LMP,3,RTPD,2025-10-08T00:00:00+00:00,2025-11-05T00:00:00+00:00,https://oasis.caiso.com/oasisapi/SingleZip?resultformat=6&queryname=PRC_RTPD_LMP&version=3&market_run_id=RTPD&startdatetime=20251008T00%3A00-0000&enddatetime=20251105T00%3A00-0000&node=TH_SP15_GEN-APND,200,cache,2026-07-25T08:16:20-04:00,132208,1e72ea03d45e19a6403d66c8b9047dce799d22688acee1fa772214bd520b3d4e,rt15_lmp_20251008_20251105_node-th_sp15_gen_apnd.zip,20251007_20251104_PRC_RTPD_LMP_RTPD_20260725_04_27_32_v3.csv,20251007_20251104_PRC_RTPD_LMP_RTPD_20260725_04_27_32_v3.csv=d11bddb61ab12e511d079c9446d27df5d22dfe8973f9c9f93cabeae252c644a6
rt15_lmp,Fifteen-minute market LMP,PRC_RTPD_LMP,3,RTPD,2025-11-05T00:00:00+00:00,2025-12-03T00:00:00+00:00,https://oasis.caiso.com/oasisapi/SingleZip?resultformat=6&queryname=PRC_RTPD_LMP&version=3&market_run_id=RTPD&startdatetime=20251105T00%3A00-0000&enddatetime=20251203T00%3A00-0000&node=TH_SP15_GEN-APND,200,cache,2026-07-25T08:16:20-04:00,131712,59e0549d4b271f424a1e1662540453dc335cb8d2c7400440979a5dda2c26b0d2,rt15_lmp_20251105_20251203_node-th_sp15_gen_apnd.zip,20251104_20251202_PRC_RTPD_LMP_RTPD_20260725_04_28_03_v3.csv,20251104_20251202_PRC_RTPD_LMP_RTPD_20260725_04_28_03_v3.csv=7e40ec15ed8714aa9b48604a7d061202d524b2eb496504293da6f821de2ba0ce
rt15_lmp,Fifteen-minute market LMP,PRC_RTPD_LMP,3,RTPD,2025-12-03T00:00:00+00:00,2025-12-31T00:00:00+00:00,https://oasis.caiso.com/oasisapi/SingleZip?resultformat=6&queryname=PRC_RTPD_LMP&version=3&market_run_id=RTPD&startdatetime=20251203T00%3A00-0000&enddatetime=20251231T00%3A00-0000&node=TH_SP15_GEN-APND,200,cache,2026-07-25T08:16:20-04:00,131376,d3590cd45b74b8c606ee462de422225536f01838b93fc4717fcbd871e4565e9a,rt15_lmp_20251203_20251231_node-th_sp15_gen_apnd.zip,20251202_20251230_PRC_RTPD_LMP_RTPD_20260725_04_28_28_v3.csv,20251202_20251230_PRC_RTPD_LMP_RTPD_20260725_04_28_28_v3.csv=88070c1b577b74bdbf668e9c0a292583f3b886855b190447bb1f3a34de1688d6
rt15_lmp,Fifteen-minute market LMP,PRC_RTPD_LMP,3,RTPD,2025-12-31T00:00:00+00:00,2026-01-01T00:00:00+00:00,https://oasis.caiso.com/oasisapi/SingleZip?resultformat=6&queryname=PRC_RTPD_LMP&version=3&market_run_id=RTPD&startdatetime=20251231T00%3A00-0000&enddatetime=20260101T00%3A00-0000&node=TH_SP15_GEN-APND,200,cache,2026-07-25T08:16:20-04:00,4979,7ea0ade1fb598eb06cc7e3958df4a6cd26c98e04ddd1d2300c57c2a71c49c734,rt15_lmp_20251231_20260101_node-th_sp15_gen_apnd.zip,20251230_20251231_PRC_RTPD_LMP_RTPD_20260725_04_28_52_v3.csv,20251230_20251231_PRC_RTPD_LMP_RTPD_20260725_04_28_52_v3.csv=d711ccefa0251970e6c4281613f9502ffe9721c39d6ce02d34d60fc3b5dfe535
rt15_lmp,Fifteen-minute market LMP,PRC_RTPD_LMP,3,RTPD,2025-01-01T00:00:00+00:00,2025-01-29T00:00:00+00:00,https://oasis.caiso.com/oasisapi/SingleZip?resultformat=6&queryname=PRC_RTPD_LMP&version=3&market_run_id=RTPD&startdatetime=20250101T00%3A00-0000&enddatetime=20250129T00%3A00-0000&node=TH_ZP26_GEN-APND,200,cache,2026-07-25T08:16:20-04:00,131410,123572fbe4095ea3965d658ef7010c43016167a77e52a17eefa15baaa2bbd1ba,rt15_lmp_20250101_20250129_node-th_zp26_gen_apnd.zip,20241231_20250128_PRC_RTPD_LMP_RTPD_20260725_04_28_59_v3.csv,20241231_20250128_PRC_RTPD_LMP_RTPD_20260725_04_28_59_v3.csv=43cda7a48e2df6a9eb2e41d00a14c6fe84248873ff5c36b03921c4f8de92a677
rt15_lmp,Fifteen-minute market LMP,PRC_RTPD_LMP,3,RTPD,2025-01-29T00:00:00+00:00,2025-02-26T00:00:00+00:00,https://oasis.caiso.com/oasisapi/SingleZip?resultformat=6&queryname=PRC_RTPD_LMP&version=3&market_run_id=RTPD&startdatetime=20250129T00%3A00-0000&enddatetime=20250226T00%3A00-0000&node=TH_ZP26_GEN-APND,200,cache,2026-07-25T08:16:20-04:00,133822,992665f69165162e8c5d85df042d132b25df5a41e75503d4f4a7f482935d8b62,rt15_lmp_20250129_20250226_node-th_zp26_gen_apnd.zip,20250128_20250225_PRC_RTPD_LMP_RTPD_20260725_04_29_25_v3.csv,20250128_20250225_PRC_RTPD_LMP_RTPD_20260725_04_29_25_v3.csv=bcb8c75bb77b2b5fb742d7dd0c001380fb81663faef33daef007ac5ad5c17284
rt15_lmp,Fifteen-minute market LMP,PRC_RTPD_LMP,3,RTPD,2025-02-26T00:00:00+00:00,2025-03-26T00:00:00+00:00,https://oasis.caiso.com/oasisapi/SingleZip?resultformat=6&queryname=PRC_RTPD_LMP&version=3&market_run_id=RTPD&startdatetime=20250226T00%3A00-0000&enddatetime=20250326T00%3A00-0000&node=TH_ZP26_GEN-APND,200,cache,2026-07-25T08:16:20-04:00,135571,96cd71d6c5046b6095b4564c29a5753959ae7f7767d0cbe67735dd475ad44680,rt15_lmp_20250226_20250326_node-th_zp26_gen_apnd.zip,20250225_20250325_PRC_RTPD_LMP_RTPD_20260725_04_29_48_v3.csv,20250225_20250325_PRC_RTPD_LMP_RTPD_20260725_04_29_48_v3.csv=ae16770bc51fd3740fe6d5ecb0f0d752933f0d8cc1f774c69bcd26e23d638696
rt15_lmp,Fifteen-minute market LMP,PRC_RTPD_LMP,3,RTPD,2025-03-26T00:00:00+00:00,2025-04-23T00:00:00+00:00,https://oasis.caiso.com/oasisapi/SingleZip?resultformat=6&queryname=PRC_RTPD_LMP&version=3&market_run_id=RTPD&startdatetime=20250326T00%3A00-0000&enddatetime=20250423T00%3A00-0000&node=TH_ZP26_GEN-APND,200,cache,2026-07-25T08:16:20-04:00,131793,db3c5f9b7e0b1edb86fcbd819f69b90ab7f826121e3a081d8811633820636005,rt15_lmp_20250326_20250423_node-th_zp26_gen_apnd.zip,20250325_20250422_PRC_RTPD_LMP_RTPD_20260725_04_30_17_v3.csv,20250325_20250422_PRC_RTPD_LMP_RTPD_20260725_04_30_17_v3.csv=9a29b710348ced709a0cd27a043fefff5faf30b0f27ecbc5092f9e390bc928c1
rt15_lmp,Fifteen-minute market LMP,PRC_RTPD_LMP,3,RTPD,2025-04-23T00:00:00+00:00,2025-05-21T00:00:00+00:00,https://oasis.caiso.com/oasisapi/SingleZip?resultformat=6&queryname=PRC_RTPD_LMP&version=3&market_run_id=RTPD&startdatetime=20250423T00%3A00-0000&enddatetime=20250521T00%3A00-0000&node=TH_ZP26_GEN-APND,200,cache,2026-07-25T08:16:20-04:00,131366,f9fa462054b4434d7a259bdb678a820ba5128ca8fbeb431984e8caaf91130080,rt15_lmp_20250423_20250521_node-th_zp26_gen_apnd.zip,20250422_20250520_PRC_RTPD_LMP_RTPD_20260725_04_30_47_v3.csv,20250422_20250520_PRC_RTPD_LMP_RTPD_20260725_04_30_47_v3.csv=7eeffe50ace9a38eef9c5d38de92664e20e6ffbbb61e7f00d3a855655c3482d1
rt15_lmp,Fifteen-minute market LMP,PRC_RTPD_LMP,3,RTPD,2025-05-21T00:00:00+00:00,2025-06-18T00:00:00+00:00,https://oasis.caiso.com/oasisapi/SingleZip?resultformat=6&queryname=PRC_RTPD_LMP&version=3&market_run_id=RTPD&startdatetime=20250521T00%3A00-0000&enddatetime=20250618T00%3A00-0000&node=TH_ZP26_GEN-APND,200,cache,2026-07-25T08:16:20-04:00,132822,19c91a06bc37771c1d4959f6a27414e04ab3e0d2d17da792e53b56bf5447a6c8,rt15_lmp_20250521_20250618_node-th_zp26_gen_apnd.zip,20250520_20250617_PRC_RTPD_LMP_RTPD_20260725_04_31_14_v3.csv,20250520_20250617_PRC_RTPD_LMP_RTPD_20260725_04_31_14_v3.csv=b8156a460568c0d0c6b070995e256ad3e267a8ef29c4f1502be1e210d7da3178
rt15_lmp,Fifteen-minute market LMP,PRC_RTPD_LMP,3,RTPD,2025-06-18T00:00:00+00:00,2025-07-16T00:00:00+00:00,https://oasis.caiso.com/oasisapi/SingleZip?resultformat=6&queryname=PRC_RTPD_LMP&version=3&market_run_id=RTPD&startdatetime=20250618T00%3A00-0000&enddatetime=20250716T00%3A00-0000&node=TH_ZP26_GEN-APND,200,cache,2026-07-25T08:16:20-04:00,132755,8ab0d85ad6f8a0df449dbe185bc6e40abf9412f2840ceab941a772bc7c3adba3,rt15_lmp_20250618_20250716_node-th_zp26_gen_apnd.zip,20250617_20250715_PRC_RTPD_LMP_RTPD_20260725_04_31_51_v3.csv,20250617_20250715_PRC_RTPD_LMP_RTPD_20260725_04_31_51_v3.csv=004336ddc2751d4ea04a966f94743583ce97f38b62850e87193d06ae946dc932
rt15_lmp,Fifteen-minute market LMP,PRC_RTPD_LMP,3,RTPD,2025-07-16T00:00:00+00:00,2025-08-13T00:00:00+00:00,https://oasis.caiso.com/oasisapi/SingleZip?resultformat=6&queryname=PRC_RTPD_LMP&version=3&market_run_id=RTPD&startdatetime=20250716T00%3A00-0000&enddatetime=20250813T00%3A00-0000&node=TH_ZP26_GEN-APND,200,cache,2026-07-25T08:16:20-04:00,132030,6104a7372e838ae625de7893dbaa8116943a7848b77c48d9ffdaa3e294801430,rt15_lmp_20250716_20250813_node-th_zp26_gen_apnd.zip,20250715_20250812_PRC_RTPD_LMP_RTPD_20260725_04_32_20_v3.csv,20250715_20250812_PRC_RTPD_LMP_RTPD_20260725_04_32_20_v3.csv=2a69db143db284f28b407a796d8c3acbefed1ca127e64d2fd60c0834a0760916
rt15_lmp,Fifteen-minute market LMP,PRC_RTPD_LMP,3,RTPD,2025-08-13T00:00:00+00:00,2025-09-10T00:00:00+00:00,https://oasis.caiso.com/oasisapi/SingleZip?resultformat=6&queryname=PRC_RTPD_LMP&version=3&market_run_id=RTPD&startdatetime=20250813T00%3A00-0000&enddatetime=20250910T00%3A00-0000&node=TH_ZP26_GEN-APND,200,cache,2026-07-25T08:16:20-04:00,134367,edfb25fd62c49eda3f41663ac99eb5a5025a045f87c195669e049554b60bd555,rt15_lmp_20250813_20250910_node-th_zp26_gen_apnd.zip,20250812_20250909_PRC_RTPD_LMP_RTPD_20260725_04_32_48_v3.csv,20250812_20250909_PRC_RTPD_LMP_RTPD_20260725_04_32_48_v3.csv=c20de942b049af37cd7a9f67dc2be1e9b14fff2e68d72d30dbb402c2eb80f79b
rt15_lmp,Fifteen-minute market LMP,PRC_RTPD_LMP,3,RTPD,2025-09-10T00:00:00+00:00,2025-10-08T00:00:00+00:00,https://oasis.caiso.com/oasisapi/SingleZip?resultformat=6&queryname=PRC_RTPD_LMP&version=3&market_run_id=RTPD&startdatetime=20250910T00%3A00-0000&enddatetime=20251008T00%3A00-0000&node=TH_ZP26_GEN-APND,200,cache,2026-07-25T08:16:20-04:00,133142,fdc7eb68d62d57ecee0582fed740bf15b7438d2640fba75fd4aeab2680d603d8,rt15_lmp_20250910_20251008_node-th_zp26_gen_apnd.zip,20250909_20251007_PRC_RTPD_LMP_RTPD_20260725_05_03_40_v3.csv,20250909_20251007_PRC_RTPD_LMP_RTPD_20260725_05_03_40_v3.csv=1448bc49e799a25fe46cc0b501cefc9e20c64263b77f8fc28d6c8b6835960206
rt15_lmp,Fifteen-minute market LMP,PRC_RTPD_LMP,3,RTPD,2025-10-08T00:00:00+00:00,2025-11-05T00:00:00+00:00,https://oasis.caiso.com/oasisapi/SingleZip?resultformat=6&queryname=PRC_RTPD_LMP&version=3&market_run_id=RTPD&startdatetime=20251008T00%3A00-0000&enddatetime=20251105T00%3A00-0000&node=TH_ZP26_GEN-APND,200,cache,2026-07-25T08:16:20-04:00,129480,00b6599e0c2eaaec150b9d943f1bb7f9a71fe4b0119cf9e36fe93483f786b683,rt15_lmp_20251008_20251105_node-th_zp26_gen_apnd.zip,20251007_20251104_PRC_RTPD_LMP_RTPD_20260725_05_04_09_v3.csv,20251007_20251104_PRC_RTPD_LMP_RTPD_20260725_05_04_09_v3.csv=8a783a6608d9a3a401e073bf5247a63d22dbdb59029c37e7a5eda920e6f47ab7
rt15_lmp,Fifteen-minute market LMP,PRC_RTPD_LMP,3,RTPD,2025-11-05T00:00:00+00:00,2025-12-03T00:00:00+00:00,https://oasis.caiso.com/oasisapi/SingleZip?resultformat=6&queryname=PRC_RTPD_LMP&version=3&market_run_id=RTPD&startdatetime=20251105T00%3A00-0000&enddatetime=20251203T00%3A00-0000&node=TH_ZP26_GEN-APND,200,cache,2026-07-25T08:16:20-04:00,128434,cb6d1cec84c119c45fbc4c79e4a3ca9a217fc83276e39be54e7acfbc4b277c9e,rt15_lmp_20251105_20251203_node-th_zp26_gen_apnd.zip,20251104_20251202_PRC_RTPD_LMP_RTPD_20260725_05_04_40_v3.csv,20251104_20251202_PRC_RTPD_LMP_RTPD_20260725_05_04_40_v3.csv=6488ef6cfc883a4dd2fcb46ce02e6317c14cc399c8b3c4a52fe4cc92d6aa5916
rt15_lmp,Fifteen-minute market LMP,PRC_RTPD_LMP,3,RTPD,2025-12-03T00:00:00+00:00,2025-12-31T00:00:00+00:00,https://oasis.caiso.com/oasisapi/SingleZip?resultformat=6&queryname=PRC_RTPD_LMP&version=3&market_run_id=RTPD&startdatetime=20251203T00%3A00-0000&enddatetime=20251231T00%3A00-0000&node=TH_ZP26_GEN-APND,200,cache,2026-07-25T08:16:20-04:00,126021,633e229ab324f1c3b6da7b694b30aedf6edc3228755bce884b8399648ee47a09,rt15_lmp_20251203_20251231_node-th_zp26_gen_apnd.zip,20251202_20251230_PRC_RTPD_LMP_RTPD_20260725_05_05_09_v3.csv,20251202_20251230_PRC_RTPD_LMP_RTPD_20260725_05_05_09_v3.csv=e0665068cf2a149373eae7a66e24289712ed0590877377a5e6e1457a94808808
rt15_lmp,Fifteen-minute market LMP,PRC_RTPD_LMP,3,RTPD,2025-12-31T00:00:00+00:00,2026-01-01T00:00:00+00:00,https://oasis.caiso.com/oasisapi/SingleZip?resultformat=6&queryname=PRC_RTPD_LMP&version=3&market_run_id=RTPD&startdatetime=20251231T00%3A00-0000&enddatetime=20260101T00%3A00-0000&node=TH_ZP26_GEN-APND,200,cache,2026-07-25T08:16:20-04:00,4822,232524602a7807c1d10502b614f98e11bf2cead63fae8ae3c10bb40e8457a700,rt15_lmp_20251231_20260101_node-th_zp26_gen_apnd.zip,20251230_20251231_PRC_RTPD_LMP_RTPD_20260725_05_05_44_v3.csv,20251230_20251231_PRC_RTPD_LMP_RTPD_20260725_05_05_44_v3.csv=922a7b74caf0e401a45c3df01814bd2841fea49160ecfc8c664a0b43b2850a8f
as_requirement,Ancillary-service requirements,AS_REQ,1,DAM,2025-01-01T00:00:00+00:00,2025-01-29T00:00:00+00:00,https://oasis.caiso.com/oasisapi/SingleZip?resultformat=6&queryname=AS_REQ&version=1&market_run_id=DAM&startdatetime=20250101T00%3A00-0000&enddatetime=20250129T00%3A00-0000&anc_type=ALL&anc_region=ALL,200,cache,2026-07-25T08:16:21-04:00,233344,f294726ca67f0b76a5d1749c11440bcb20f26726c17dbe0767f4b774e70fd377,as_requirement_20250101_20250129_anc_region-all_anc_type-all.zip,20241231_20250128_AS_REQ_DAM_20260725_05_05_57_v1.csv,20241231_20250128_AS_REQ_DAM_20260725_05_05_57_v1.csv=bccce5229044501ffbe331193e4de227ed9af7625d1293f7b238c3588e1602f5
as_requirement,Ancillary-service requirements,AS_REQ,1,DAM,2025-01-29T00:00:00+00:00,2025-02-26T00:00:00+00:00,https://oasis.caiso.com/oasisapi/SingleZip?resultformat=6&queryname=AS_REQ&version=1&market_run_id=DAM&startdatetime=20250129T00%3A00-0000&enddatetime=20250226T00%3A00-0000&anc_type=ALL&anc_region=ALL,200,cache,2026-07-25T08:16:21-04:00,234205,b0cf09eee831ea451f62bf7775cfec294d32b9af2ef377d672aaed636005c83a,as_requirement_20250129_20250226_anc_region-all_anc_type-all.zip,20250128_20250225_AS_REQ_DAM_20260725_05_06_10_v1.csv,20250128_20250225_AS_REQ_DAM_20260725_05_06_10_v1.csv=a85117f47ebcf0b8b1f15aeceabcf62d2b3e1e612dc369831d24d6cd51b49187
as_requirement,Ancillary-service requirements,AS_REQ,1,DAM,2025-02-26T00:00:00+00:00,2025-03-26T00:00:00+00:00,https://oasis.caiso.com/oasisapi/SingleZip?resultformat=6&queryname=AS_REQ&version=1&market_run_id=DAM&startdatetime=20250226T00%3A00-0000&enddatetime=20250326T00%3A00-0000&anc_type=ALL&anc_region=ALL,200,cache,2026-07-25T08:16:21-04:00,234831,07b893bc7b872efbfac2f7b8a8dae47c0bd83552aaa95576a5a00a94066c4a05,as_requirement_20250226_20250326_anc_region-all_anc_type-all.zip,20250225_20250325_AS_REQ_DAM_20260725_05_06_25_v1.csv,20250225_20250325_AS_REQ_DAM_20260725_05_06_25_v1.csv=5493026d3e2fec760c5692b06b1b6f5eb76b0fc049d667dac1c530c86d4ab1d9
as_requirement,Ancillary-service requirements,AS_REQ,1,DAM,2025-03-26T00:00:00+00:00,2025-04-23T00:00:00+00:00,https://oasis.caiso.com/oasisapi/SingleZip?resultformat=6&queryname=AS_REQ&version=1&market_run_id=DAM&startdatetime=20250326T00%3A00-0000&enddatetime=20250423T00%3A00-0000&anc_type=ALL&anc_region=ALL,200,cache,2026-07-25T08:16:21-04:00,234750,24dc3068c2e0b48bb1c795c6aeb9634d20d74b0cb97e6bf2909c5c5f48c8c8a3,as_requirement_20250326_20250423_anc_region-all_anc_type-all.zip,20250325_20250422_AS_REQ_DAM_20260725_05_06_41_v1.csv,20250325_20250422_AS_REQ_DAM_20260725_05_06_41_v1.csv=949d5abc56d8263f7a3b031922b0d33e0081e3207f0d3eeedb9fcc317ab7075c
as_requirement,Ancillary-service requirements,AS_REQ,1,DAM,2025-04-23T00:00:00+00:00,2025-05-21T00:00:00+00:00,https://oasis.caiso.com/oasisapi/SingleZip?resultformat=6&queryname=AS_REQ&version=1&market_run_id=DAM&startdatetime=20250423T00%3A00-0000&enddatetime=20250521T00%3A00-0000&anc_type=ALL&anc_region=ALL,200,cache,2026-07-25T08:16:21-04:00,234175,45c710dd3cfaeda75f45871592dd459073c04ed920235c56cfa841ea8b993740,as_requirement_20250423_20250521_anc_region-all_anc_type-all.zip,20250422_20250520_AS_REQ_DAM_20260725_05_06_53_v1.csv,20250422_20250520_AS_REQ_DAM_20260725_05_06_53_v1.csv=e3074c1aa4c4c1e606a65ea05a3c0d3143f35023fd9c6db01457c79ad2e1089d
as_requirement,Ancillary-service requirements,AS_REQ,1,DAM,2025-05-21T00:00:00+00:00,2025-06-18T00:00:00+00:00,https://oasis.caiso.com/oasisapi/SingleZip?resultformat=6&queryname=AS_REQ&version=1&market_run_id=DAM&startdatetime=20250521T00%3A00-0000&enddatetime=20250618T00%3A00-0000&anc_type=ALL&anc_region=ALL,200,cache,2026-07-25T08:16:21-04:00,234091,2fa59b636775675a33e7f12a0a3c79ff98ba93030a3e02b87ab49ad724c16067,as_requirement_20250521_20250618_anc_region-all_anc_type-all.zip,20250520_20250617_AS_REQ_DAM_20260725_05_07_04_v1.csv,20250520_20250617_AS_REQ_DAM_20260725_05_07_04_v1.csv=580afa8b6771450836b3c0aaec429a854f61e04d0a4cfc260cb16bd2fc890cd4
as_requirement,Ancillary-service requirements,AS_REQ,1,DAM,2025-06-18T00:00:00+00:00,2025-07-16T00:00:00+00:00,https://oasis.caiso.com/oasisapi/SingleZip?resultformat=6&queryname=AS_REQ&version=1&market_run_id=DAM&startdatetime=20250618T00%3A00-0000&enddatetime=20250716T00%3A00-0000&anc_type=ALL&anc_region=ALL,200,cache,2026-07-25T08:16:21-04:00,234746,984d54dab648ebd624a3d975635db46f16c52b04130ac22f20f47f40cbec730f,as_requirement_20250618_20250716_anc_region-all_anc_type-all.zip,20250617_20250715_AS_REQ_DAM_20260725_05_07_29_v1.csv,20250617_20250715_AS_REQ_DAM_20260725_05_07_29_v1.csv=4802a275cb9a01acce4ce393645621b8e10eefc02560c2c2bcac62a3d0fd3cbe
as_requirement,Ancillary-service requirements,AS_REQ,1,DAM,2025-07-16T00:00:00+00:00,2025-08-13T00:00:00+00:00,https://oasis.caiso.com/oasisapi/SingleZip?resultformat=6&queryname=AS_REQ&version=1&market_run_id=DAM&startdatetime=20250716T00%3A00-0000&enddatetime=20250813T00%3A00-0000&anc_type=ALL&anc_region=ALL,200,cache,2026-07-25T08:16:21-04:00,235219,5db0897bb343d397be0555a423d9bef87dff2623d61acece96b4b0af67865df0,as_requirement_20250716_20250813_anc_region-all_anc_type-all.zip,20250715_20250812_AS_REQ_DAM_20260725_05_07_43_v1.csv,20250715_20250812_AS_REQ_DAM_20260725_05_07_43_v1.csv=82198d25a4d66dbe47856c1cb7c0b1cc023d4bce233e8bf2e24a3393c9a18c40
as_requirement,Ancillary-service requirements,AS_REQ,1,DAM,2025-08-13T00:00:00+00:00,2025-09-10T00:00:00+00:00,https://oasis.caiso.com/oasisapi/SingleZip?resultformat=6&queryname=AS_REQ&version=1&market_run_id=DAM&startdatetime=20250813T00%3A00-0000&enddatetime=20250910T00%3A00-0000&anc_type=ALL&anc_region=ALL,200,cache,2026-07-25T08:16:21-04:00,237751,2b2f7afe196e0e90754478ad6186682d48d3a156839d9994f1044d03b9fc953e,as_requirement_20250813_20250910_anc_region-all_anc_type-all.zip,20250812_20250909_AS_REQ_DAM_20260725_05_08_14_v1.csv,20250812_20250909_AS_REQ_DAM_20260725_05_08_14_v1.csv=150a61a0f7971b4c4fc68f1ee662833f7aa7b0c7827bb7a8cbee3fc1166a2a61
as_requirement,Ancillary-service requirements,AS_REQ,1,DAM,2025-09-10T00:00:00+00:00,2025-10-08T00:00:00+00:00,https://oasis.caiso.com/oasisapi/SingleZip?resultformat=6&queryname=AS_REQ&version=1&market_run_id=DAM&startdatetime=20250910T00%3A00-0000&enddatetime=20251008T00%3A00-0000&anc_type=ALL&anc_region=ALL,200,cache,2026-07-25T08:16:21-04:00,237309,abf2daf1283de63093ac416f8e64483e6c7ad3e100a34eede610368ea53a1263,as_requirement_20250910_20251008_anc_region-all_anc_type-all.zip,20250909_20251007_AS_REQ_DAM_20260725_05_08_24_v1.csv,20250909_20251007_AS_REQ_DAM_20260725_05_08_24_v1.csv=f6d3f1c8d0cd63ec202ad594f5f469079c944b3f92e84c9ce995ea3c04c25c3d
as_requirement,Ancillary-service requirements,AS_REQ,1,DAM,2025-10-08T00:00:00+00:00,2025-11-05T00:00:00+00:00,https://oasis.caiso.com/oasisapi/SingleZip?resultformat=6&queryname=AS_REQ&version=1&market_run_id=DAM&startdatetime=20251008T00%3A00-0000&enddatetime=20251105T00%3A00-0000&anc_type=ALL&anc_region=ALL,200,cache,2026-07-25T08:16:21-04:00,235011,e5f38459e19e51cac90b5b56bfd4db400d81a108ee3db3396b86372e50cd7a0c,as_requirement_20251008_20251105_anc_region-all_anc_type-all.zip,20251007_20251104_AS_REQ_DAM_20260725_05_08_32_v1.csv,20251007_20251104_AS_REQ_DAM_20260725_05_08_32_v1.csv=22084f0330052d67011ae8079e4a2416b372384aa63d37bbae835ed139860a19
as_requirement,Ancillary-service requirements,AS_REQ,1,DAM,2025-11-05T00:00:00+00:00,2025-12-03T00:00:00+00:00,https://oasis.caiso.com/oasisapi/SingleZip?resultformat=6&queryname=AS_REQ&version=1&market_run_id=DAM&startdatetime=20251105T00%3A00-0000&enddatetime=20251203T00%3A00-0000&anc_type=ALL&anc_region=ALL,200,cache,2026-07-25T08:16:21-04:00,235075,497ac5222aa25336de2a0022ec2153aa0cc8178f53793ac3f66d90044057e5a0,as_requirement_20251105_20251203_anc_region-all_anc_type-all.zip,20251104_20251202_AS_REQ_DAM_20260725_05_08_42_v1.csv,20251104_20251202_AS_REQ_DAM_20260725_05_08_42_v1.csv=4dc9b30b5f23689917ad5a2489b8e87884e1727e63f6f5ae4766b64e3cd401c1
as_requirement,Ancillary-service requirements,AS_REQ,1,DAM,2025-12-03T00:00:00+00:00,2025-12-31T00:00:00+00:00,https://oasis.caiso.com/oasisapi/SingleZip?resultformat=6&queryname=AS_REQ&version=1&market_run_id=DAM&startdatetime=20251203T00%3A00-0000&enddatetime=20251231T00%3A00-0000&anc_type=ALL&anc_region=ALL,200,cache,2026-07-25T08:16:21-04:00,234573,9f578c578725f9173efc82f25406251451476cb440d17668107beedbc2c71851,as_requirement_20251203_20251231_anc_region-all_anc_type-all.zip,20251202_20251230_AS_REQ_DAM_20260725_05_08_52_v1.csv,20251202_20251230_AS_REQ_DAM_20260725_05_08_52_v1.csv=4baed4f3efcf3b0bb1b077691d68ca5e64187364ef6106cda84e97104a708347
as_requirement,Ancillary-service requirements,AS_REQ,1,DAM,2025-12-31T00:00:00+00:00,2026-01-01T00:00:00+00:00,https://oasis.caiso.com/oasisapi/SingleZip?resultformat=6&queryname=AS_REQ&version=1&market_run_id=DAM&startdatetime=20251231T00%3A00-0000&enddatetime=20260101T00%3A00-0000&anc_type=ALL&anc_region=ALL,200,cache,2026-07-25T08:16:21-04:00,8666,ad92b22f48441a44c11ecc8fc926a01c84c2b42b66c2add121735069d54a9a03,as_requirement_20251231_20260101_anc_region-all_anc_type-all.zip,20251230_20251231_AS_REQ_DAM_20260725_05_09_02_v1.csv,20251230_20251231_AS_REQ_DAM_20260725_05_09_02_v1.csv=9f0c6dcf867fc005c07fef305976110e5a722d2f40906ef7f4b8c712b6c019fa
as_price,Ancillary-service clearing prices,PRC_AS,12,DAM,2024-12-31T08:00:00+00:00,2025-01-31T08:00:00+00:00,https://oasis.caiso.com/oasisapi/SingleZip?resultformat=6&queryname=PRC_AS&version=12&startdatetime=20241231T08%3A00-0000&enddatetime=20250131T08%3A00-0000&market_run_id=DAM&anc_region=ALL&anc_type=NR,200,cache,2026-07-25T21:25:01+08:00,22639,c308e1ad1b1aebf9c4ca7a3653131def267eb90b8cffa6c39489dc5c1469de6a,as_price_20241231_20250131_anc_region-all_anc_type-nr.zip,20241231_20250131_PRC_AS_DAM_20260725_06_03_31_v12.csv,20241231_20250131_PRC_AS_DAM_20260725_06_03_31_v12.csv=001aebc20d7bf59c8ff2aab72fe84cc7e0faeb8786d68974a2acac194dd209f8
as_price,Ancillary-service clearing prices,PRC_AS,12,DAM,2025-01-31T08:00:00+00:00,2025-03-03T08:00:00+00:00,https://oasis.caiso.com/oasisapi/SingleZip?resultformat=6&queryname=PRC_AS&version=12&startdatetime=20250131T08%3A00-0000&enddatetime=20250303T08%3A00-0000&market_run_id=DAM&anc_region=ALL&anc_type=NR,200,cache,2026-07-25T21:25:01+08:00,22650,3be362ae9e710af3685f147f917fc9da907568c0a8993f116c4d95cf71ebac75,as_price_20250131_20250303_anc_region-all_anc_type-nr.zip,20250131_20250303_PRC_AS_DAM_20260725_06_03_36_v12.csv,20250131_20250303_PRC_AS_DAM_20260725_06_03_36_v12.csv=c39092bfcb064bed0962f35d3e39ff531b65c33e352c2e9d2d23a9382e045541
as_price,Ancillary-service clearing prices,PRC_AS,12,DAM,2025-03-03T08:00:00+00:00,2025-04-03T07:00:00+00:00,https://oasis.caiso.com/oasisapi/SingleZip?resultformat=6&queryname=PRC_AS&version=12&startdatetime=20250303T08%3A00-0000&enddatetime=20250403T07%3A00-0000&market_run_id=DAM&anc_region=ALL&anc_type=NR,200,cache,2026-07-25T21:25:01+08:00,22511,3da3b8f66c3ef2c763a1e6d13359b49993111aad45187d496468e20ebce6f7d3,as_price_20250303_20250403_anc_region-all_anc_type-nr.zip,20250303_20250403_PRC_AS_DAM_20260725_06_03_42_v12.csv,20250303_20250403_PRC_AS_DAM_20260725_06_03_42_v12.csv=9ef74faeebd701ff35d397ce9d85bcf3878311a96a2a1fd949577cdb68b0a720
as_price,Ancillary-service clearing prices,PRC_AS,12,DAM,2025-04-03T07:00:00+00:00,2025-05-04T07:00:00+00:00,https://oasis.caiso.com/oasisapi/SingleZip?resultformat=6&queryname=PRC_AS&version=12&startdatetime=20250403T07%3A00-0000&enddatetime=20250504T07%3A00-0000&market_run_id=DAM&anc_region=ALL&anc_type=NR,200,cache,2026-07-25T21:25:01+08:00,22443,97de160116d33046df933c382915f051da5034a0a9b5faf6e1c9294e79b489f0,as_price_20250403_20250504_anc_region-all_anc_type-nr.zip,20250403_20250504_PRC_AS_DAM_20260725_06_03_47_v12.csv,20250403_20250504_PRC_AS_DAM_20260725_06_03_47_v12.csv=b6ced37d7394c3895606103cbd1c5278cce23a29a1813971df01e307ba8cdf7a
as_price,Ancillary-service clearing prices,PRC_AS,12,DAM,2025-05-04T07:00:00+00:00,2025-06-04T07:00:00+00:00,https://oasis.caiso.com/oasisapi/SingleZip?resultformat=6&queryname=PRC_AS&version=12&startdatetime=20250504T07%3A00-0000&enddatetime=20250604T07%3A00-0000&market_run_id=DAM&anc_region=ALL&anc_type=NR,200,cache,2026-07-25T21:25:01+08:00,21972,c8ea13692c025546a75f099c2d3682c1c8740ddd9d848e5e2b8f7455f6ea416e,as_price_20250504_20250604_anc_region-all_anc_type-nr.zip,20250504_20250604_PRC_AS_DAM_20260725_06_03_53_v12.csv,20250504_20250604_PRC_AS_DAM_20260725_06_03_53_v12.csv=61b13bf9f45d9395c10a83c10351f021cf65f38b9d81b252386262cde3117035
as_price,Ancillary-service clearing prices,PRC_AS,12,DAM,2025-06-04T07:00:00+00:00,2025-07-05T07:00:00+00:00,https://oasis.caiso.com/oasisapi/SingleZip?resultformat=6&queryname=PRC_AS&version=12&startdatetime=20250604T07%3A00-0000&enddatetime=20250705T07%3A00-0000&market_run_id=DAM&anc_region=ALL&anc_type=NR,200,cache,2026-07-25T21:25:02+08:00,22082,a0b994b0b1353951109dd85ec80dbc96b5e1a31f84158b9c1c80fb944d79550c,as_price_20250604_20250705_anc_region-all_anc_type-nr.zip,20250604_20250705_PRC_AS_DAM_20260725_06_03_58_v12.csv,20250604_20250705_PRC_AS_DAM_20260725_06_03_58_v12.csv=09e61ddbf520984f2ec65e4f787ff577477e61d00de2703d665b398108ab0817
as_price,Ancillary-service clearing prices,PRC_AS,12,DAM,2025-07-05T07:00:00+00:00,2025-08-05T07:00:00+00:00,https://oasis.caiso.com/oasisapi/SingleZip?resultformat=6&queryname=PRC_AS&version=12&startdatetime=20250705T07%3A00-0000&enddatetime=20250805T07%3A00-0000&market_run_id=DAM&anc_region=ALL&anc_type=NR,200,cache,2026-07-25T21:25:02+08:00,22399,2bc1ec932acf694c9f33d4b4f0986aeb2daadfa5806543c84ffc4ff979ee5304,as_price_20250705_20250805_anc_region-all_anc_type-nr.zip,20250705_20250805_PRC_AS_DAM_20260725_06_04_04_v12.csv,20250705_20250805_PRC_AS_DAM_20260725_06_04_04_v12.csv=c7b0c77012e078fa885c8394a73ddfc02a951c5cdf398d6b311538be76b32b6a
as_price,Ancillary-service clearing prices,PRC_AS,12,DAM,2025-08-05T07:00:00+00:00,2025-09-05T07:00:00+00:00,https://oasis.caiso.com/oasisapi/SingleZip?resultformat=6&queryname=PRC_AS&version=12&startdatetime=20250805T07%3A00-0000&enddatetime=20250905T07%3A00-0000&market_run_id=DAM&anc_region=ALL&anc_type=NR,200,cache,2026-07-25T21:25:02+08:00,23264,b0f379f6402c95261b992c12898293b05b4c53a8856cbb1bf4ff0cf0341f242b,as_price_20250805_20250905_anc_region-all_anc_type-nr.zip,20250805_20250905_PRC_AS_DAM_20260725_06_04_10_v12.csv,20250805_20250905_PRC_AS_DAM_20260725_06_04_10_v12.csv=794ff223ac930d702276d499a66174600738c9ae79e9ee5144acb456031c12d3
as_price,Ancillary-service clearing prices,PRC_AS,12,DAM,2025-09-05T07:00:00+00:00,2025-10-06T07:00:00+00:00,https://oasis.caiso.com/oasisapi/SingleZip?resultformat=6&queryname=PRC_AS&version=12&startdatetime=20250905T07%3A00-0000&enddatetime=20251006T07%3A00-0000&market_run_id=DAM&anc_region=ALL&anc_type=NR,200,cache,2026-07-25T21:25:02+08:00,22840,cd7b436c650266e5d1249ef6c7cd53b2bdabb35a25cb67b1d05fd9786b9e2d71,as_price_20250905_20251006_anc_region-all_anc_type-nr.zip,20250905_20251006_PRC_AS_DAM_20260725_06_04_15_v12.csv,20250905_20251006_PRC_AS_DAM_20260725_06_04_15_v12.csv=adf2088105b106297a08a8ff3eb43458d02ed8c17e9cc0d8277fa446061807f2
as_price,Ancillary-service clearing prices,PRC_AS,12,DAM,2025-10-06T07:00:00+00:00,2025-11-06T08:00:00+00:00,https://oasis.caiso.com/oasisapi/SingleZip?resultformat=6&queryname=PRC_AS&version=12&startdatetime=20251006T07%3A00-0000&enddatetime=20251106T08%3A00-0000&market_run_id=DAM&anc_region=ALL&anc_type=NR,200,cache,2026-07-25T21:25:02+08:00,22990,c4905c3c36b3f6325e9600dce56d4c02807a44d5289e37b3187bafbfd22d1556,as_price_20251006_20251106_anc_region-all_anc_type-nr.zip,20251006_20251106_PRC_AS_DAM_20260725_06_04_21_v12.csv,20251006_20251106_PRC_AS_DAM_20260725_06_04_21_v12.csv=3a1ef44e28fd9240429d39ed9b8919b16a03fd56f61f4e92cdbec45069083d6f
as_price,Ancillary-service clearing prices,PRC_AS,12,DAM,2025-11-06T08:00:00+00:00,2025-12-07T08:00:00+00:00,https://oasis.caiso.com/oasisapi/SingleZip?resultformat=6&queryname=PRC_AS&version=12&startdatetime=20251106T08%3A00-0000&enddatetime=20251207T08%3A00-0000&market_run_id=DAM&anc_region=ALL&anc_type=NR,200,cache,2026-07-25T21:25:02+08:00,23863,46293b86b547b52528b7b7556a187633987aaf375a1a59293ee88df7ad9e3cc0,as_price_20251106_20251207_anc_region-all_anc_type-nr.zip,20251106_20251207_PRC_AS_DAM_20260725_06_04_27_v12.csv,20251106_20251207_PRC_AS_DAM_20260725_06_04_27_v12.csv=acafba1795fd5b232b5b545132f477423fe5e2e73db6224c91ca5e496b3bc763
as_price,Ancillary-service clearing prices,PRC_AS,12,DAM,2025-12-07T08:00:00+00:00,2026-01-01T08:00:00+00:00,https://oasis.caiso.com/oasisapi/SingleZip?resultformat=6&queryname=PRC_AS&version=12&startdatetime=20251207T08%3A00-0000&enddatetime=20260101T08%3A00-0000&market_run_id=DAM&anc_region=ALL&anc_type=NR,200,cache,2026-07-25T21:25:02+08:00,19463,d1433f3f7cef717b0c51160dcab5da446c554824ecb2f9aaa81e58b68a6fa746,as_price_20251207_20260101_anc_region-all_anc_type-nr.zip,20251207_20260101_PRC_AS_DAM_20260725_06_04_32_v12.csv,20251207_20260101_PRC_AS_DAM_20260725_06_04_32_v12.csv=cde491800525be4237f00151cf677308eb793594eb2f1690a615bf88a90bb252
as_price,Ancillary-service clearing prices,PRC_AS,12,DAM,2024-12-31T08:00:00+00:00,2025-01-31T08:00:00+00:00,https://oasis.caiso.com/oasisapi/SingleZip?resultformat=6&queryname=PRC_AS&version=12&startdatetime=20241231T08%3A00-0000&enddatetime=20250131T08%3A00-0000&market_run_id=DAM&anc_region=ALL&anc_type=RD,200,cache,2026-07-25T21:25:02+08:00,26824,283063b568192516d7c57a18ff4ff6e7aa8834bde4d9baec9ca22d1c1df4eb61,as_price_20241231_20250131_anc_region-all_anc_type-rd.zip,20241231_20250131_PRC_AS_DAM_20260725_06_04_38_v12.csv,20241231_20250131_PRC_AS_DAM_20260725_06_04_38_v12.csv=452e284ae335ef2aa64507ac2f192150261b401f71db7afe976b77e99773adeb
as_price,Ancillary-service clearing prices,PRC_AS,12,DAM,2025-01-31T08:00:00+00:00,2025-03-03T08:00:00+00:00,https://oasis.caiso.com/oasisapi/SingleZip?resultformat=6&queryname=PRC_AS&version=12&startdatetime=20250131T08%3A00-0000&enddatetime=20250303T08%3A00-0000&market_run_id=DAM&anc_region=ALL&anc_type=RD,200,cache,2026-07-25T21:25:02+08:00,27449,1d41cce0d44e95a89666bb94b083011ec43007871c6e78f46075d7302c8d4ee4,as_price_20250131_20250303_anc_region-all_anc_type-rd.zip,20250131_20250303_PRC_AS_DAM_20260725_06_04_44_v12.csv,20250131_20250303_PRC_AS_DAM_20260725_06_04_44_v12.csv=14c487141ca0d03b14b4a57f442ab939313fb4bc127ab131b42960870138284d
as_price,Ancillary-service clearing prices,PRC_AS,12,DAM,2025-03-03T08:00:00+00:00,2025-04-03T07:00:00+00:00,https://oasis.caiso.com/oasisapi/SingleZip?resultformat=6&queryname=PRC_AS&version=12&startdatetime=20250303T08%3A00-0000&enddatetime=20250403T07%3A00-0000&market_run_id=DAM&anc_region=ALL&anc_type=RD,200,cache,2026-07-25T21:25:02+08:00,27589,02ab38f207a8b84ed8571210e2f95f46d65c24a11735636a8a2feb1e0ed1a260,as_price_20250303_20250403_anc_region-all_anc_type-rd.zip,20250303_20250403_PRC_AS_DAM_20260725_06_04_49_v12.csv,20250303_20250403_PRC_AS_DAM_20260725_06_04_49_v12.csv=80fc2de8bbb00456c2e75ee226548f34e2efe97af5ddd5a8fa485f7c46f26b35
as_price,Ancillary-service clearing prices,PRC_AS,12,DAM,2025-04-03T07:00:00+00:00,2025-05-04T07:00:00+00:00,https://oasis.caiso.com/oasisapi/SingleZip?resultformat=6&queryname=PRC_AS&version=12&startdatetime=20250403T07%3A00-0000&enddatetime=20250504T07%3A00-0000&market_run_id=DAM&anc_region=ALL&anc_type=RD,200,cache,2026-07-25T21:25:02+08:00,27316,9951ba990fa6d4fd9cf7fcdabb6ab543e9667e81afa5d18b06e5aee4eb1df2e9,as_price_20250403_20250504_anc_region-all_anc_type-rd.zip,20250403_20250504_PRC_AS_DAM_20260725_06_04_54_v12.csv,20250403_20250504_PRC_AS_DAM_20260725_06_04_54_v12.csv=84e06e0da051b509809d3abc477ec282fa4532c689f25aa54d5b935a56a7b1f2
as_price,Ancillary-service clearing prices,PRC_AS,12,DAM,2025-05-04T07:00:00+00:00,2025-06-04T07:00:00+00:00,https://oasis.caiso.com/oasisapi/SingleZip?resultformat=6&queryname=PRC_AS&version=12&startdatetime=20250504T07%3A00-0000&enddatetime=20250604T07%3A00-0000&market_run_id=DAM&anc_region=ALL&anc_type=RD,200,cache,2026-07-25T21:25:02+08:00,27053,c7294998ce1c2508eadfd8f2a648b82b6eb5d7bd42a4bf09103dfe41a60c4799,as_price_20250504_20250604_anc_region-all_anc_type-rd.zip,20250504_20250604_PRC_AS_DAM_20260725_06_05_00_v12.csv,20250504_20250604_PRC_AS_DAM_20260725_06_05_00_v12.csv=020ade46076d874385d7b99ecc326cbeeb31ad57c9b5e66bc3d8fd6b087d77ce
as_price,Ancillary-service clearing prices,PRC_AS,12,DAM,2025-06-04T07:00:00+00:00,2025-07-05T07:00:00+00:00,https://oasis.caiso.com/oasisapi/SingleZip?resultformat=6&queryname=PRC_AS&version=12&startdatetime=20250604T07%3A00-0000&enddatetime=20250705T07%3A00-0000&market_run_id=DAM&anc_region=ALL&anc_type=RD,200,cache,2026-07-25T21:25:02+08:00,27035,bf13ef17caaf59dae3682a7e3f06bc43a78859aa3183b447fdfebfedf9f399ed,as_price_20250604_20250705_anc_region-all_anc_type-rd.zip,20250604_20250705_PRC_AS_DAM_20260725_06_05_06_v12.csv,20250604_20250705_PRC_AS_DAM_20260725_06_05_06_v12.csv=96736d6e80d763b095194587b434bd4e3c7e55fe987844ace7024e1dbb39113f
as_price,Ancillary-service clearing prices,PRC_AS,12,DAM,2025-07-05T07:00:00+00:00,2025-08-05T07:00:00+00:00,https://oasis.caiso.com/oasisapi/SingleZip?resultformat=6&queryname=PRC_AS&version=12&startdatetime=20250705T07%3A00-0000&enddatetime=20250805T07%3A00-0000&market_run_id=DAM&anc_region=ALL&anc_type=RD,200,cache,2026-07-25T21:25:02+08:00,26429,2b7d3da125a25f622d781a30b6577ed67e8084cb64e65208911690c36e7de948,as_price_20250705_20250805_anc_region-all_anc_type-rd.zip,20250705_20250805_PRC_AS_DAM_20260725_06_05_11_v12.csv,20250705_20250805_PRC_AS_DAM_20260725_06_05_11_v12.csv=36dcf5c781580e6e353fb1a873da1e5709a1c9aca9c799fea6a222b44b22e3b7
as_price,Ancillary-service clearing prices,PRC_AS,12,DAM,2025-08-05T07:00:00+00:00,2025-09-05T07:00:00+00:00,https://oasis.caiso.com/oasisapi/SingleZip?resultformat=6&queryname=PRC_AS&version=12&startdatetime=20250805T07%3A00-0000&enddatetime=20250905T07%3A00-0000&market_run_id=DAM&anc_region=ALL&anc_type=RD,200,cache,2026-07-25T21:25:02+08:00,25819,c017f7ca354996900448ec0ca2f4ff9b348d9a22a84771594fec76af974a997e,as_price_20250805_20250905_anc_region-all_anc_type-rd.zip,20250805_20250905_PRC_AS_DAM_20260725_06_05_17_v12.csv,20250805_20250905_PRC_AS_DAM_20260725_06_05_17_v12.csv=6c439031ebbddc50301864d0c53751f9daacd5956da3682f8403749ec102eaad
as_price,Ancillary-service clearing prices,PRC_AS,12,DAM,2025-09-05T07:00:00+00:00,2025-10-06T07:00:00+00:00,https://oasis.caiso.com/oasisapi/SingleZip?resultformat=6&queryname=PRC_AS&version=12&startdatetime=20250905T07%3A00-0000&enddatetime=20251006T07%3A00-0000&market_run_id=DAM&anc_region=ALL&anc_type=RD,200,cache,2026-07-25T21:25:02+08:00,25998,c0d82c07a14fbcc9400ccd42fafe0a00a3f341835ab443a5772eec131cb20be8,as_price_20250905_20251006_anc_region-all_anc_type-rd.zip,20250905_20251006_PRC_AS_DAM_20260725_06_05_22_v12.csv,20250905_20251006_PRC_AS_DAM_20260725_06_05_22_v12.csv=8081ba8c9942f05ddce1ac73570e9292a078dc1b95330fe90d394b3843bc07d1
as_price,Ancillary-service clearing prices,PRC_AS,12,DAM,2025-10-06T07:00:00+00:00,2025-11-06T08:00:00+00:00,https://oasis.caiso.com/oasisapi/SingleZip?resultformat=6&queryname=PRC_AS&version=12&startdatetime=20251006T07%3A00-0000&enddatetime=20251106T08%3A00-0000&market_run_id=DAM&anc_region=ALL&anc_type=RD,200,cache,2026-07-25T21:25:02+08:00,26334,e4cb6cf392066f01474f0a2f690a664f47c55154782506e9693f8827f566c7f9,as_price_20251006_20251106_anc_region-all_anc_type-rd.zip,20251006_20251106_PRC_AS_DAM_20260725_06_05_28_v12.csv,20251006_20251106_PRC_AS_DAM_20260725_06_05_28_v12.csv=58ca8da33a89243f1a5e5be045880ca76c05f77c8f2dab4ce71290844580cbf5
as_price,Ancillary-service clearing prices,PRC_AS,12,DAM,2025-11-06T08:00:00+00:00,2025-12-07T08:00:00+00:00,https://oasis.caiso.com/oasisapi/SingleZip?resultformat=6&queryname=PRC_AS&version=12&startdatetime=20251106T08%3A00-0000&enddatetime=20251207T08%3A00-0000&market_run_id=DAM&anc_region=ALL&anc_type=RD,200,cache,2026-07-25T21:25:02+08:00,27022,4a4dbbee881aa4854da7ea890d181b1e32e796911259bcf297b263928482cfc7,as_price_20251106_20251207_anc_region-all_anc_type-rd.zip,20251106_20251207_PRC_AS_DAM_20260725_06_05_33_v12.csv,20251106_20251207_PRC_AS_DAM_20260725_06_05_33_v12.csv=4acccc332e53a4b095296d2dff3315c866e6f1792b5eefb82e7e5b6207524aac
as_price,Ancillary-service clearing prices,PRC_AS,12,DAM,2025-12-07T08:00:00+00:00,2026-01-01T08:00:00+00:00,https://oasis.caiso.com/oasisapi/SingleZip?resultformat=6&queryname=PRC_AS&version=12&startdatetime=20251207T08%3A00-0000&enddatetime=20260101T08%3A00-0000&market_run_id=DAM&anc_region=ALL&anc_type=RD,200,cache,2026-07-25T21:25:02+08:00,21992,e2f7b48dc446b259d94c94fb6ff5fef3a82961ebff5c81dea3fb47eed521095a,as_price_20251207_20260101_anc_region-all_anc_type-rd.zip,20251207_20260101_PRC_AS_DAM_20260725_06_05_39_v12.csv,20251207_20260101_PRC_AS_DAM_20260725_06_05_39_v12.csv=1bb8d787e9fc14d9441d4d7ed9c4ea0175547dfd960fce4176e77d01ea6e7df8
as_price,Ancillary-service clearing prices,PRC_AS,12,DAM,2024-12-31T08:00:00+00:00,2025-01-31T08:00:00+00:00,https://oasis.caiso.com/oasisapi/SingleZip?resultformat=6&queryname=PRC_AS&version=12&startdatetime=20241231T08%3A00-0000&enddatetime=20250131T08%3A00-0000&market_run_id=DAM&anc_region=ALL&anc_type=RMD,200,cache,2026-07-25T21:25:02+08:00,7246,c2b2c6674516ca13688911a41e6d1e622602a4c83ad5774933cfec46f06c483f,as_price_20241231_20250131_anc_region-all_anc_type-rmd.zip,20241231_20250131_PRC_AS_DAM_20260725_06_05_45_v12.csv,20241231_20250131_PRC_AS_DAM_20260725_06_05_45_v12.csv=a00855a8bbb6fc70ef68ba9f933801d13cc95fb7561ffe54a04612d4a7255eaa
as_price,Ancillary-service clearing prices,PRC_AS,12,DAM,2025-01-31T08:00:00+00:00,2025-03-03T08:00:00+00:00,https://oasis.caiso.com/oasisapi/SingleZip?resultformat=6&queryname=PRC_AS&version=12&startdatetime=20250131T08%3A00-0000&enddatetime=20250303T08%3A00-0000&market_run_id=DAM&anc_region=ALL&anc_type=RMD,200,cache,2026-07-25T21:25:02+08:00,7156,94f1ac4c7e397bddf4f64c168963b26c146a71eb78d2fb83f250f9c3108dd172,as_price_20250131_20250303_anc_region-all_anc_type-rmd.zip,20250131_20250303_PRC_AS_DAM_20260725_06_05_50_v12.csv,20250131_20250303_PRC_AS_DAM_20260725_06_05_50_v12.csv=e094c6a44fb4d08317512a75f49cf9ce7252c851124a0d208659a5c76c76d0c2
as_price,Ancillary-service clearing prices,PRC_AS,12,DAM,2025-03-03T08:00:00+00:00,2025-04-03T07:00:00+00:00,https://oasis.caiso.com/oasisapi/SingleZip?resultformat=6&queryname=PRC_AS&version=12&startdatetime=20250303T08%3A00-0000&enddatetime=20250403T07%3A00-0000&market_run_id=DAM&anc_region=ALL&anc_type=RMD,200,cache,2026-07-25T21:25:02+08:00,7139,2be17f7aa1637408449b902cd4e2dbe42305718ef2e3dae7be41b1e7ab9802f7,as_price_20250303_20250403_anc_region-all_anc_type-rmd.zip,20250303_20250403_PRC_AS_DAM_20260725_06_05_55_v12.csv,20250303_20250403_PRC_AS_DAM_20260725_06_05_55_v12.csv=c7e6d458bca7de7c1dcde7c8b0465b4d71d3eec87ff7d80a7d002649daab80e0
as_price,Ancillary-service clearing prices,PRC_AS,12,DAM,2025-04-03T07:00:00+00:00,2025-05-04T07:00:00+00:00,https://oasis.caiso.com/oasisapi/SingleZip?resultformat=6&queryname=PRC_AS&version=12&startdatetime=20250403T07%3A00-0000&enddatetime=20250504T07%3A00-0000&market_run_id=DAM&anc_region=ALL&anc_type=RMD,200,cache,2026-07-25T21:25:02+08:00,7154,ee75c106c9094e3d7a24dc965ae088c0b50d398edfd4e5b127b3c26532cec0fc,as_price_20250403_20250504_anc_region-all_anc_type-rmd.zip,20250403_20250504_PRC_AS_DAM_20260725_06_06_01_v12.csv,20250403_20250504_PRC_AS_DAM_20260725_06_06_01_v12.csv=7833de33025e69fb2bdea2c582ef3101a0786beca9b9f4d035108086201133c6
as_price,Ancillary-service clearing prices,PRC_AS,12,DAM,2025-05-04T07:00:00+00:00,2025-06-04T07:00:00+00:00,https://oasis.caiso.com/oasisapi/SingleZip?resultformat=6&queryname=PRC_AS&version=12&startdatetime=20250504T07%3A00-0000&enddatetime=20250604T07%3A00-0000&market_run_id=DAM&anc_region=ALL&anc_type=RMD,200,cache,2026-07-25T21:25:02+08:00,7135,51b4eda88a8f82eb3f9c7209008ee84a6aa21b2d6e7ac86402c7fa8392acc849,as_price_20250504_20250604_anc_region-all_anc_type-rmd.zip,20250504_20250604_PRC_AS_DAM_20260725_06_06_07_v12.csv,20250504_20250604_PRC_AS_DAM_20260725_06_06_07_v12.csv=21436676fff3dfc7079ad10223c550b09af5ce0cdcc7bfd5a4ce08bedefa860f
as_price,Ancillary-service clearing prices,PRC_AS,12,DAM,2025-06-04T07:00:00+00:00,2025-07-05T07:00:00+00:00,https://oasis.caiso.com/oasisapi/SingleZip?resultformat=6&queryname=PRC_AS&version=12&startdatetime=20250604T07%3A00-0000&enddatetime=20250705T07%3A00-0000&market_run_id=DAM&anc_region=ALL&anc_type=RMD,200,cache,2026-07-25T21:25:02+08:00,7171,c81ee2347ed478e93e8328c25a5c7ee656a80441d3526ab0cba32e8cd9b1eb0a,as_price_20250604_20250705_anc_region-all_anc_type-rmd.zip,20250604_20250705_PRC_AS_DAM_20260725_06_06_12_v12.csv,20250604_20250705_PRC_AS_DAM_20260725_06_06_12_v12.csv=f34454914042581aef37b3df2f2dc0104fce16aa21b0b07851e632ab78c20597
as_price,Ancillary-service clearing prices,PRC_AS,12,DAM,2025-07-05T07:00:00+00:00,2025-08-05T07:00:00+00:00,https://oasis.caiso.com/oasisapi/SingleZip?resultformat=6&queryname=PRC_AS&version=12&startdatetime=20250705T07%3A00-0000&enddatetime=20250805T07%3A00-0000&market_run_id=DAM&anc_region=ALL&anc_type=RMD,200,cache,2026-07-25T21:25:02+08:00,7155,af98a5d4a11b1f894508067661b9a82167977cc72e84ec469fe6d64eb9f80df0,as_price_20250705_20250805_anc_region-all_anc_type-rmd.zip,20250705_20250805_PRC_AS_DAM_20260725_06_06_17_v12.csv,20250705_20250805_PRC_AS_DAM_20260725_06_06_17_v12.csv=b204d746b2405b63ada50b3ff5363dcd98800df51bd90a179e4887c2ee05d1ca
as_price,Ancillary-service clearing prices,PRC_AS,12,DAM,2025-08-05T07:00:00+00:00,2025-09-05T07:00:00+00:00,https://oasis.caiso.com/oasisapi/SingleZip?resultformat=6&queryname=PRC_AS&version=12&startdatetime=20250805T07%3A00-0000&enddatetime=20250905T07%3A00-0000&market_run_id=DAM&anc_region=ALL&anc_type=RMD,200,cache,2026-07-25T21:25:02+08:00,7137,30d7e5b46768156c05a47dd9eb5d14d684d276213ed0c0858715c3a8bcf66a7c,as_price_20250805_20250905_anc_region-all_anc_type-rmd.zip,20250805_20250905_PRC_AS_DAM_20260725_06_06_23_v12.csv,20250805_20250905_PRC_AS_DAM_20260725_06_06_23_v12.csv=de7080f5279865bf48b8f9f78f62844c0ee73b41b613dfc16e3c41e2b804b5ce
as_price,Ancillary-service clearing prices,PRC_AS,12,DAM,2025-09-05T07:00:00+00:00,2025-10-06T07:00:00+00:00,https://oasis.caiso.com/oasisapi/SingleZip?resultformat=6&queryname=PRC_AS&version=12&startdatetime=20250905T07%3A00-0000&enddatetime=20251006T07%3A00-0000&market_run_id=DAM&anc_region=ALL&anc_type=RMD,200,cache,2026-07-25T21:25:02+08:00,7182,038e50d05a7bc51e594120ff8da8d354b511a916d741d4739501d9195b71b44e,as_price_20250905_20251006_anc_region-all_anc_type-rmd.zip,20250905_20251006_PRC_AS_DAM_20260725_06_06_28_v12.csv,20250905_20251006_PRC_AS_DAM_20260725_06_06_28_v12.csv=138ca818f542ff4e1376abdd3a075ad8b8dcba95ec7ec79dcbf0c6c3249abc63
as_price,Ancillary-service clearing prices,PRC_AS,12,DAM,2025-10-06T07:00:00+00:00,2025-11-06T08:00:00+00:00,https://oasis.caiso.com/oasisapi/SingleZip?resultformat=6&queryname=PRC_AS&version=12&startdatetime=20251006T07%3A00-0000&enddatetime=20251106T08%3A00-0000&market_run_id=DAM&anc_region=ALL&anc_type=RMD,200,cache,2026-07-25T21:25:02+08:00,7232,04338acab006c2ca71683031711b97760c6624cb8d2618b4961ac1f7e6538277,as_price_20251006_20251106_anc_region-all_anc_type-rmd.zip,20251006_20251106_PRC_AS_DAM_20260725_06_06_33_v12.csv,20251006_20251106_PRC_AS_DAM_20260725_06_06_33_v12.csv=9bb256c145a5eb50d2fa4d7580efb0bf36f934b23c24e4f26355c17a8f3778d6
as_price,Ancillary-service clearing prices,PRC_AS,12,DAM,2025-11-06T08:00:00+00:00,2025-12-07T08:00:00+00:00,https://oasis.caiso.com/oasisapi/SingleZip?resultformat=6&queryname=PRC_AS&version=12&startdatetime=20251106T08%3A00-0000&enddatetime=20251207T08%3A00-0000&market_run_id=DAM&anc_region=ALL&anc_type=RMD,200,cache,2026-07-25T21:25:02+08:00,7232,e30838b171e0dd29579615f8f32d45b0e91b6d4b30fe7f8e8da6a92e757d7fbb,as_price_20251106_20251207_anc_region-all_anc_type-rmd.zip,20251106_20251207_PRC_AS_DAM_20260725_06_06_39_v12.csv,20251106_20251207_PRC_AS_DAM_20260725_06_06_39_v12.csv=aae1373aae3775e8a09ebc0cc05c317a370ccbc401b1dcb4f1edebb6632a9432
as_price,Ancillary-service clearing prices,PRC_AS,12,DAM,2025-12-07T08:00:00+00:00,2026-01-01T08:00:00+00:00,https://oasis.caiso.com/oasisapi/SingleZip?resultformat=6&queryname=PRC_AS&version=12&startdatetime=20251207T08%3A00-0000&enddatetime=20260101T08%3A00-0000&market_run_id=DAM&anc_region=ALL&anc_type=RMD,200,cache,2026-07-25T21:25:02+08:00,5916,a4c19f516bc20240881cabb7ba2ddb817feddc4ce4e2a4af2574629763fdc4a8,as_price_20251207_20260101_anc_region-all_anc_type-rmd.zip,20251207_20260101_PRC_AS_DAM_20260725_06_06_44_v12.csv,20251207_20260101_PRC_AS_DAM_20260725_06_06_44_v12.csv=14ef042d3a7c79461bca2c9797f6cdaccab460cc78b9c3657190c358058dee63
as_price,Ancillary-service clearing prices,PRC_AS,12,DAM,2024-12-31T08:00:00+00:00,2025-01-31T08:00:00+00:00,https://oasis.caiso.com/oasisapi/SingleZip?resultformat=6&queryname=PRC_AS&version=12&startdatetime=20241231T08%3A00-0000&enddatetime=20250131T08%3A00-0000&market_run_id=DAM&anc_region=ALL&anc_type=RMU,200,cache,2026-07-25T21:25:02+08:00,7180,e708145d113575dcca1ff077b185feba8d6480acf3e53a2eb217ce2c38363b56,as_price_20241231_20250131_anc_region-all_anc_type-rmu.zip,20241231_20250131_PRC_AS_DAM_20260725_06_06_49_v12.csv,20241231_20250131_PRC_AS_DAM_20260725_06_06_49_v12.csv=bf90812a62f59b739f708b737c3d3133805077bbab96505e86a789d02ccc5e5b
as_price,Ancillary-service clearing prices,PRC_AS,12,DAM,2025-01-31T08:00:00+00:00,2025-03-03T08:00:00+00:00,https://oasis.caiso.com/oasisapi/SingleZip?resultformat=6&queryname=PRC_AS&version=12&startdatetime=20250131T08%3A00-0000&enddatetime=20250303T08%3A00-0000&market_run_id=DAM&anc_region=ALL&anc_type=RMU,200,cache,2026-07-25T21:25:02+08:00,7209,4024aada27c18bc0502121f426fedf39b89c9aa3d252db61152635e9d5e084e3,as_price_20250131_20250303_anc_region-all_anc_type-rmu.zip,20250131_20250303_PRC_AS_DAM_20260725_06_06_55_v12.csv,20250131_20250303_PRC_AS_DAM_20260725_06_06_55_v12.csv=34427829a35729e80eac56307a852ee58a177c55b42f93caf798f47fb1b42de2
as_price,Ancillary-service clearing prices,PRC_AS,12,DAM,2025-03-03T08:00:00+00:00,2025-04-03T07:00:00+00:00,https://oasis.caiso.com/oasisapi/SingleZip?resultformat=6&queryname=PRC_AS&version=12&startdatetime=20250303T08%3A00-0000&enddatetime=20250403T07%3A00-0000&market_run_id=DAM&anc_region=ALL&anc_type=RMU,200,cache,2026-07-25T21:25:02+08:00,7156,0ef7b104c544cdf2d4f7431696d0f7ef0e5dd88783079ec1382ef7f6c412cf5f,as_price_20250303_20250403_anc_region-all_anc_type-rmu.zip,20250303_20250403_PRC_AS_DAM_20260725_06_07_00_v12.csv,20250303_20250403_PRC_AS_DAM_20260725_06_07_00_v12.csv=e6a5d0d66d30e8c9594e3f2e210258488970eb99bb3d1ccd9049a766e6ddaba2
as_price,Ancillary-service clearing prices,PRC_AS,12,DAM,2025-04-03T07:00:00+00:00,2025-05-04T07:00:00+00:00,https://oasis.caiso.com/oasisapi/SingleZip?resultformat=6&queryname=PRC_AS&version=12&startdatetime=20250403T07%3A00-0000&enddatetime=20250504T07%3A00-0000&market_run_id=DAM&anc_region=ALL&anc_type=RMU,200,cache,2026-07-25T21:25:02+08:00,7100,0f97617a4c806f6ee6462095e0f36876139ae8a31c6e3b67304cbf3d1027e089,as_price_20250403_20250504_anc_region-all_anc_type-rmu.zip,20250403_20250504_PRC_AS_DAM_20260725_06_07_06_v12.csv,20250403_20250504_PRC_AS_DAM_20260725_06_07_06_v12.csv=b8c064cc918d3f506679be09e0fab121633b8f797a9eab78a00f90a5abec2766
as_price,Ancillary-service clearing prices,PRC_AS,12,DAM,2025-05-04T07:00:00+00:00,2025-06-04T07:00:00+00:00,https://oasis.caiso.com/oasisapi/SingleZip?resultformat=6&queryname=PRC_AS&version=12&startdatetime=20250504T07%3A00-0000&enddatetime=20250604T07%3A00-0000&market_run_id=DAM&anc_region=ALL&anc_type=RMU,200,cache,2026-07-25T21:25:02+08:00,7150,16f0451d43f7abfdb5545d5dfce2c9b09b6b6de93a54e6c7b2653f724a2c3b8b,as_price_20250504_20250604_anc_region-all_anc_type-rmu.zip,20250504_20250604_PRC_AS_DAM_20260725_06_07_11_v12.csv,20250504_20250604_PRC_AS_DAM_20260725_06_07_11_v12.csv=44a038518c5fee6ac49cb2ee9c9f8a89e39c049ae8d85c6f94c4377dc62b88a6
as_price,Ancillary-service clearing prices,PRC_AS,12,DAM,2025-06-04T07:00:00+00:00,2025-07-05T07:00:00+00:00,https://oasis.caiso.com/oasisapi/SingleZip?resultformat=6&queryname=PRC_AS&version=12&startdatetime=20250604T07%3A00-0000&enddatetime=20250705T07%3A00-0000&market_run_id=DAM&anc_region=ALL&anc_type=RMU,200,cache,2026-07-25T21:25:02+08:00,7174,6b3aedc72970842186f690b9ee2a12fa07eb5798fac03b696bce401cda296b01,as_price_20250604_20250705_anc_region-all_anc_type-rmu.zip,20250604_20250705_PRC_AS_DAM_20260725_06_07_16_v12.csv,20250604_20250705_PRC_AS_DAM_20260725_06_07_16_v12.csv=14d2ea5c1fb18a8d73b99635a51e264baadf6cd1f9a1b99d2d84189d4eb49121
as_price,Ancillary-service clearing prices,PRC_AS,12,DAM,2025-07-05T07:00:00+00:00,2025-08-05T07:00:00+00:00,https://oasis.caiso.com/oasisapi/SingleZip?resultformat=6&queryname=PRC_AS&version=12&startdatetime=20250705T07%3A00-0000&enddatetime=20250805T07%3A00-0000&market_run_id=DAM&anc_region=ALL&anc_type=RMU,200,cache,2026-07-25T21:25:02+08:00,7114,97845e87c0d2477833ad11bff5b25243c521d35e83911adb7bf12d7acb2b5b8b,as_price_20250705_20250805_anc_region-all_anc_type-rmu.zip,20250705_20250805_PRC_AS_DAM_20260725_06_07_24_v12.csv,20250705_20250805_PRC_AS_DAM_20260725_06_07_24_v12.csv=c30bdfad7ac65d5e675447d393642ee9119eb5e40b1ad8f6478c52964c0d459f
as_price,Ancillary-service clearing prices,PRC_AS,12,DAM,2025-08-05T07:00:00+00:00,2025-09-05T07:00:00+00:00,https://oasis.caiso.com/oasisapi/SingleZip?resultformat=6&queryname=PRC_AS&version=12&startdatetime=20250805T07%3A00-0000&enddatetime=20250905T07%3A00-0000&market_run_id=DAM&anc_region=ALL&anc_type=RMU,200,cache,2026-07-25T21:25:02+08:00,7137,dcd132a1e17314343136e79c66a8d9c42a5720d8737dcc0129c6619bda56d5c2,as_price_20250805_20250905_anc_region-all_anc_type-rmu.zip,20250805_20250905_PRC_AS_DAM_20260725_06_07_30_v12.csv,20250805_20250905_PRC_AS_DAM_20260725_06_07_30_v12.csv=f6c1a458f93dcfe944895ea5347fe433b17bc77ce4166dcfbc31ed86e64d06d9
as_price,Ancillary-service clearing prices,PRC_AS,12,DAM,2025-09-05T07:00:00+00:00,2025-10-06T07:00:00+00:00,https://oasis.caiso.com/oasisapi/SingleZip?resultformat=6&queryname=PRC_AS&version=12&startdatetime=20250905T07%3A00-0000&enddatetime=20251006T07%3A00-0000&market_run_id=DAM&anc_region=ALL&anc_type=RMU,200,cache,2026-07-25T21:25:02+08:00,7212,645a4344f32dca8d6a539f932fdc0319f56d44860e2308f3e55a33574fc17b7d,as_price_20250905_20251006_anc_region-all_anc_type-rmu.zip,20250905_20251006_PRC_AS_DAM_20260725_06_07_35_v12.csv,20250905_20251006_PRC_AS_DAM_20260725_06_07_35_v12.csv=241abbda8644af7f71a345750678ea93722350a9ac68615ea632150e6187ce8e
as_price,Ancillary-service clearing prices,PRC_AS,12,DAM,2025-10-06T07:00:00+00:00,2025-11-06T08:00:00+00:00,https://oasis.caiso.com/oasisapi/SingleZip?resultformat=6&queryname=PRC_AS&version=12&startdatetime=20251006T07%3A00-0000&enddatetime=20251106T08%3A00-0000&market_run_id=DAM&anc_region=ALL&anc_type=RMU,200,cache,2026-07-25T21:25:02+08:00,7158,d8077f941ddf89cb2fdb9394cfa2b4daf55e050eac365f671de35c919d2640ad,as_price_20251006_20251106_anc_region-all_anc_type-rmu.zip,20251006_20251106_PRC_AS_DAM_20260725_06_07_41_v12.csv,20251006_20251106_PRC_AS_DAM_20260725_06_07_41_v12.csv=b318a14517fabe7a74a38df79ffa3cdc42dc703933d083cfa792b1e1f76d480c
as_price,Ancillary-service clearing prices,PRC_AS,12,DAM,2025-11-06T08:00:00+00:00,2025-12-07T08:00:00+00:00,https://oasis.caiso.com/oasisapi/SingleZip?resultformat=6&queryname=PRC_AS&version=12&startdatetime=20251106T08%3A00-0000&enddatetime=20251207T08%3A00-0000&market_run_id=DAM&anc_region=ALL&anc_type=RMU,200,cache,2026-07-25T21:25:02+08:00,7190,6d87aa37ab25017cc7f76ab0958a73ba6f1597d7f8c625d74b784c3cd3703280,as_price_20251106_20251207_anc_region-all_anc_type-rmu.zip,20251106_20251207_PRC_AS_DAM_20260725_06_07_46_v12.csv,20251106_20251207_PRC_AS_DAM_20260725_06_07_46_v12.csv=fff4f9da600e06053ada82fd9bc4cdc7ac4c4e34e59f3e58c83c4a1477fd3407
as_price,Ancillary-service clearing prices,PRC_AS,12,DAM,2025-12-07T08:00:00+00:00,2026-01-01T08:00:00+00:00,https://oasis.caiso.com/oasisapi/SingleZip?resultformat=6&queryname=PRC_AS&version=12&startdatetime=20251207T08%3A00-0000&enddatetime=20260101T08%3A00-0000&market_run_id=DAM&anc_region=ALL&anc_type=RMU,200,cache,2026-07-25T21:25:02+08:00,5860,6e4c88f360571b220ffdec66ee94e45fc5ebebdc1b0803f18cc7c61d6cf0399d,as_price_20251207_20260101_anc_region-all_anc_type-rmu.zip,20251207_20260101_PRC_AS_DAM_20260725_06_07_51_v12.csv,20251207_20260101_PRC_AS_DAM_20260725_06_07_51_v12.csv=feb7f204a18af6f607f59e9f160a40eb5b648f2aa16e231ed1a1a8a0821586c6
as_price,Ancillary-service clearing prices,PRC_AS,12,DAM,2024-12-31T08:00:00+00:00,2025-01-31T08:00:00+00:00,https://oasis.caiso.com/oasisapi/SingleZip?resultformat=6&queryname=PRC_AS&version=12&startdatetime=20241231T08%3A00-0000&enddatetime=20250131T08%3A00-0000&market_run_id=DAM&anc_region=ALL&anc_type=RU,200,cache,2026-07-25T21:25:02+08:00,26491,5c85cb82b282ec464eac4b360ca8435e71293f6bcdd1a26a751aab5f08583aff,as_price_20241231_20250131_anc_region-all_anc_type-ru.zip,20241231_20250131_PRC_AS_DAM_20260725_06_07_57_v12.csv,20241231_20250131_PRC_AS_DAM_20260725_06_07_57_v12.csv=b702240b0e7b2bca65e410872b135f2d97a950773d3ed97b4b01d22e1e75aa37
as_price,Ancillary-service clearing prices,PRC_AS,12,DAM,2025-01-31T08:00:00+00:00,2025-03-03T08:00:00+00:00,https://oasis.caiso.com/oasisapi/SingleZip?resultformat=6&queryname=PRC_AS&version=12&startdatetime=20250131T08%3A00-0000&enddatetime=20250303T08%3A00-0000&market_run_id=DAM&anc_region=ALL&anc_type=RU,200,cache,2026-07-25T21:25:02+08:00,27552,15f06203a9d876f31a338300068fe00755183c18c2aa4f988d198c68cba54183,as_price_20250131_20250303_anc_region-all_anc_type-ru.zip,20250131_20250303_PRC_AS_DAM_20260725_06_08_02_v12.csv,20250131_20250303_PRC_AS_DAM_20260725_06_08_02_v12.csv=01b049cf00c58919a42e9bcefab301b09a7764fd586f5a25bc8d16aa62f4092a
as_price,Ancillary-service clearing prices,PRC_AS,12,DAM,2025-03-03T08:00:00+00:00,2025-04-03T07:00:00+00:00,https://oasis.caiso.com/oasisapi/SingleZip?resultformat=6&queryname=PRC_AS&version=12&startdatetime=20250303T08%3A00-0000&enddatetime=20250403T07%3A00-0000&market_run_id=DAM&anc_region=ALL&anc_type=RU,200,cache,2026-07-25T21:25:02+08:00,27283,598c1ef4e6b964c328f42a362c4ca1406efba40b03d9e663385dbee44348a8ee,as_price_20250303_20250403_anc_region-all_anc_type-ru.zip,20250303_20250403_PRC_AS_DAM_20260725_06_08_08_v12.csv,20250303_20250403_PRC_AS_DAM_20260725_06_08_08_v12.csv=a4b97347b134df1e7768716ba035ceed1a6516d6707a20a1570ca3d4d1f92269
as_price,Ancillary-service clearing prices,PRC_AS,12,DAM,2025-04-03T07:00:00+00:00,2025-05-04T07:00:00+00:00,https://oasis.caiso.com/oasisapi/SingleZip?resultformat=6&queryname=PRC_AS&version=12&startdatetime=20250403T07%3A00-0000&enddatetime=20250504T07%3A00-0000&market_run_id=DAM&anc_region=ALL&anc_type=RU,200,cache,2026-07-25T21:25:02+08:00,27182,fa98add6050aa3b6a83347324f9ad57351636da27d698d3af0f68a5b5306f786,as_price_20250403_20250504_anc_region-all_anc_type-ru.zip,20250403_20250504_PRC_AS_DAM_20260725_06_08_14_v12.csv,20250403_20250504_PRC_AS_DAM_20260725_06_08_14_v12.csv=1edb2307fec30cde03482f22b988cc2d90ba7ca726d57bddc4823247016a6938
as_price,Ancillary-service clearing prices,PRC_AS,12,DAM,2025-05-04T07:00:00+00:00,2025-06-04T07:00:00+00:00,https://oasis.caiso.com/oasisapi/SingleZip?resultformat=6&queryname=PRC_AS&version=12&startdatetime=20250504T07%3A00-0000&enddatetime=20250604T07%3A00-0000&market_run_id=DAM&anc_region=ALL&anc_type=RU,200,cache,2026-07-25T21:25:02+08:00,27246,d69c38c9b8e39036a6ca1cb45d2abcb2eca839ff6ae031f8d3430dc91b6b78e0,as_price_20250504_20250604_anc_region-all_anc_type-ru.zip,20250504_20250604_PRC_AS_DAM_20260725_06_08_19_v12.csv,20250504_20250604_PRC_AS_DAM_20260725_06_08_19_v12.csv=bcd558978a639f7d890eb0080b0b943353eb82c8ecad1533f2750fa9fead2d29
as_price,Ancillary-service clearing prices,PRC_AS,12,DAM,2025-06-04T07:00:00+00:00,2025-07-05T07:00:00+00:00,https://oasis.caiso.com/oasisapi/SingleZip?resultformat=6&queryname=PRC_AS&version=12&startdatetime=20250604T07%3A00-0000&enddatetime=20250705T07%3A00-0000&market_run_id=DAM&anc_region=ALL&anc_type=RU,200,cache,2026-07-25T21:25:02+08:00,27215,cb71ffc0c7dd6772a4d8c7481ce36308f25df8949522e03f36e2e3cb177f2fdc,as_price_20250604_20250705_anc_region-all_anc_type-ru.zip,20250604_20250705_PRC_AS_DAM_20260725_06_08_24_v12.csv,20250604_20250705_PRC_AS_DAM_20260725_06_08_24_v12.csv=085762ee2365e81bb89eae95080ebd86f656c0fb4e48f6f41a2cf63667595538
as_price,Ancillary-service clearing prices,PRC_AS,12,DAM,2025-07-05T07:00:00+00:00,2025-08-05T07:00:00+00:00,https://oasis.caiso.com/oasisapi/SingleZip?resultformat=6&queryname=PRC_AS&version=12&startdatetime=20250705T07%3A00-0000&enddatetime=20250805T07%3A00-0000&market_run_id=DAM&anc_region=ALL&anc_type=RU,200,cache,2026-07-25T21:25:02+08:00,27441,bff2070a919550577d6e324bd5aba9fd167ca10a923fc668fb2aec74cf32a8d8,as_price_20250705_20250805_anc_region-all_anc_type-ru.zip,20250705_20250805_PRC_AS_DAM_20260725_06_08_30_v12.csv,20250705_20250805_PRC_AS_DAM_20260725_06_08_30_v12.csv=08e7627ae934202885dd1360d3da00e14d5891f64d95d5ca07c2185b9d263ede
as_price,Ancillary-service clearing prices,PRC_AS,12,DAM,2025-08-05T07:00:00+00:00,2025-09-05T07:00:00+00:00,https://oasis.caiso.com/oasisapi/SingleZip?resultformat=6&queryname=PRC_AS&version=12&startdatetime=20250805T07%3A00-0000&enddatetime=20250905T07%3A00-0000&market_run_id=DAM&anc_region=ALL&anc_type=RU,200,cache,2026-07-25T21:25:02+08:00,27003,18c6ff633d691f3fb3cc556726d6336289313b79b428ecfbf3b46c4a9f04cbcb,as_price_20250805_20250905_anc_region-all_anc_type-ru.zip,20250805_20250905_PRC_AS_DAM_20260725_06_08_36_v12.csv,20250805_20250905_PRC_AS_DAM_20260725_06_08_36_v12.csv=db77254868506d807cf318f0c1954677f35beab19c9eea6e591bf86e0e96988a
as_price,Ancillary-service clearing prices,PRC_AS,12,DAM,2025-09-05T07:00:00+00:00,2025-10-06T07:00:00+00:00,https://oasis.caiso.com/oasisapi/SingleZip?resultformat=6&queryname=PRC_AS&version=12&startdatetime=20250905T07%3A00-0000&enddatetime=20251006T07%3A00-0000&market_run_id=DAM&anc_region=ALL&anc_type=RU,200,cache,2026-07-25T21:25:02+08:00,26839,b3ba97e7bb9698bba9ff1b86981373037442075cd3bdbb413ba9257f0451bc98,as_price_20250905_20251006_anc_region-all_anc_type-ru.zip,20250905_20251006_PRC_AS_DAM_20260725_06_08_41_v12.csv,20250905_20251006_PRC_AS_DAM_20260725_06_08_41_v12.csv=fbd3db29ae2bf065de781b58c8d2a26dedf7a19bfefb898714ae0674065ca645
as_price,Ancillary-service clearing prices,PRC_AS,12,DAM,2025-10-06T07:00:00+00:00,2025-11-06T08:00:00+00:00,https://oasis.caiso.com/oasisapi/SingleZip?resultformat=6&queryname=PRC_AS&version=12&startdatetime=20251006T07%3A00-0000&enddatetime=20251106T08%3A00-0000&market_run_id=DAM&anc_region=ALL&anc_type=RU,200,cache,2026-07-25T21:25:02+08:00,26459,6b64a66cabf13218628ed2e63ab96fb536a55cf8f75f06808b1ccb805c21cad6,as_price_20251006_20251106_anc_region-all_anc_type-ru.zip,20251006_20251106_PRC_AS_DAM_20260725_06_08_46_v12.csv,20251006_20251106_PRC_AS_DAM_20260725_06_08_46_v12.csv=cc0bdc0b4f34300c83e6cf7cde7be7b516121419df943fca47ae5a0d5c321779
as_price,Ancillary-service clearing prices,PRC_AS,12,DAM,2025-11-06T08:00:00+00:00,2025-12-07T08:00:00+00:00,https://oasis.caiso.com/oasisapi/SingleZip?resultformat=6&queryname=PRC_AS&version=12&startdatetime=20251106T08%3A00-0000&enddatetime=20251207T08%3A00-0000&market_run_id=DAM&anc_region=ALL&anc_type=RU,200,cache,2026-07-25T21:25:02+08:00,26937,c02439cb32beb780ad254ca36f29e656703fce2787e066bb8c744664910008c2,as_price_20251106_20251207_anc_region-all_anc_type-ru.zip,20251106_20251207_PRC_AS_DAM_20260725_06_08_52_v12.csv,20251106_20251207_PRC_AS_DAM_20260725_06_08_52_v12.csv=0d616eddf2bf0dbed7ea2d18bdf625af1460dcd51055750cda08dfcd93997289
as_price,Ancillary-service clearing prices,PRC_AS,12,DAM,2025-12-07T08:00:00+00:00,2026-01-01T08:00:00+00:00,https://oasis.caiso.com/oasisapi/SingleZip?resultformat=6&queryname=PRC_AS&version=12&startdatetime=20251207T08%3A00-0000&enddatetime=20260101T08%3A00-0000&market_run_id=DAM&anc_region=ALL&anc_type=RU,200,cache,2026-07-25T21:25:02+08:00,21083,6d74fc243786fdbffade73f8f3908d0063c5424f32640fd5afd45a2d05ae03f6,as_price_20251207_20260101_anc_region-all_anc_type-ru.zip,20251207_20260101_PRC_AS_DAM_20260725_06_08_57_v12.csv,20251207_20260101_PRC_AS_DAM_20260725_06_08_57_v12.csv=dcb7974138e4c10de64edaa118f052b7af133ec632e54581df83399d2b84cc02
as_price,Ancillary-service clearing prices,PRC_AS,12,DAM,2024-12-31T08:00:00+00:00,2025-01-31T08:00:00+00:00,https://oasis.caiso.com/oasisapi/SingleZip?resultformat=6&queryname=PRC_AS&version=12&startdatetime=20241231T08%3A00-0000&enddatetime=20250131T08%3A00-0000&market_run_id=DAM&anc_region=ALL&anc_type=SR,200,cache,2026-07-25T21:25:02+08:00,23348,d53ff4491b200c2d3190e464fa061b50f457d75f9dc9bf1b118a334aba5b8e9b,as_price_20241231_20250131_anc_region-all_anc_type-sr.zip,20241231_20250131_PRC_AS_DAM_20260725_06_09_03_v12.csv,20241231_20250131_PRC_AS_DAM_20260725_06_09_03_v12.csv=b4f539abe3c9c43d33add2ad1c6b99269aa0dd7537d36c973ed5680debcb7809
as_price,Ancillary-service clearing prices,PRC_AS,12,DAM,2025-01-31T08:00:00+00:00,2025-03-03T08:00:00+00:00,https://oasis.caiso.com/oasisapi/SingleZip?resultformat=6&queryname=PRC_AS&version=12&startdatetime=20250131T08%3A00-0000&enddatetime=20250303T08%3A00-0000&market_run_id=DAM&anc_region=ALL&anc_type=SR,200,cache,2026-07-25T21:25:02+08:00,23519,d73ab5495ad7bed2a1a0ba87ec2733f0ec8618f11cc1ef1f0f05ae56412fc132,as_price_20250131_20250303_anc_region-all_anc_type-sr.zip,20250131_20250303_PRC_AS_DAM_20260725_06_09_08_v12.csv,20250131_20250303_PRC_AS_DAM_20260725_06_09_08_v12.csv=5d90351bdf557e7a8ff554bb0f05be57b2de76e39b536eb84134b99470c01167
as_price,Ancillary-service clearing prices,PRC_AS,12,DAM,2025-03-03T08:00:00+00:00,2025-04-03T07:00:00+00:00,https://oasis.caiso.com/oasisapi/SingleZip?resultformat=6&queryname=PRC_AS&version=12&startdatetime=20250303T08%3A00-0000&enddatetime=20250403T07%3A00-0000&market_run_id=DAM&anc_region=ALL&anc_type=SR,200,cache,2026-07-25T21:25:02+08:00,22943,c19ea5be542b72e784c7ece935e72f6d93f0797d6900eefb4f871fadabe28b9d,as_price_20250303_20250403_anc_region-all_anc_type-sr.zip,20250303_20250403_PRC_AS_DAM_20260725_06_09_14_v12.csv,20250303_20250403_PRC_AS_DAM_20260725_06_09_14_v12.csv=cbf607f4e33e2c53f9162786d45192ffb0d5faa0d3e508109cc71a2610994ed7
as_price,Ancillary-service clearing prices,PRC_AS,12,DAM,2025-04-03T07:00:00+00:00,2025-05-04T07:00:00+00:00,https://oasis.caiso.com/oasisapi/SingleZip?resultformat=6&queryname=PRC_AS&version=12&startdatetime=20250403T07%3A00-0000&enddatetime=20250504T07%3A00-0000&market_run_id=DAM&anc_region=ALL&anc_type=SR,200,cache,2026-07-25T21:25:02+08:00,23112,943fac1c829a2b9d7256b042d29810576fbc139e5caae74154f36d6c95b87c46,as_price_20250403_20250504_anc_region-all_anc_type-sr.zip,20250403_20250504_PRC_AS_DAM_20260725_06_09_19_v12.csv,20250403_20250504_PRC_AS_DAM_20260725_06_09_19_v12.csv=ad281cf81e5299aa60fe9812f3f1079cb5be1f555be3dc5864cbf754bd9815b1
as_price,Ancillary-service clearing prices,PRC_AS,12,DAM,2025-05-04T07:00:00+00:00,2025-06-04T07:00:00+00:00,https://oasis.caiso.com/oasisapi/SingleZip?resultformat=6&queryname=PRC_AS&version=12&startdatetime=20250504T07%3A00-0000&enddatetime=20250604T07%3A00-0000&market_run_id=DAM&anc_region=ALL&anc_type=SR,200,cache,2026-07-25T21:25:02+08:00,22230,d6f6abdb816483220da14553641857c05d5dc492c71ec15f117d6107e5b75b77,as_price_20250504_20250604_anc_region-all_anc_type-sr.zip,20250504_20250604_PRC_AS_DAM_20260725_06_09_25_v12.csv,20250504_20250604_PRC_AS_DAM_20260725_06_09_25_v12.csv=9650e07739fb1f0e14fbb5b770ac784465ee4ff9ad0b75be93e57580ad268229
as_price,Ancillary-service clearing prices,PRC_AS,12,DAM,2025-06-04T07:00:00+00:00,2025-07-05T07:00:00+00:00,https://oasis.caiso.com/oasisapi/SingleZip?resultformat=6&queryname=PRC_AS&version=12&startdatetime=20250604T07%3A00-0000&enddatetime=20250705T07%3A00-0000&market_run_id=DAM&anc_region=ALL&anc_type=SR,200,cache,2026-07-25T21:25:02+08:00,22115,335b603e3b1c9bf8ed0ac3ee9f4da742aface98ea24d13caf3237253359f7532,as_price_20250604_20250705_anc_region-all_anc_type-sr.zip,20250604_20250705_PRC_AS_DAM_20260725_06_09_30_v12.csv,20250604_20250705_PRC_AS_DAM_20260725_06_09_30_v12.csv=178706050f0d6c5cba9b96db7081007d08b422dab32622b36732686eafb467cf
as_price,Ancillary-service clearing prices,PRC_AS,12,DAM,2025-07-05T07:00:00+00:00,2025-08-05T07:00:00+00:00,https://oasis.caiso.com/oasisapi/SingleZip?resultformat=6&queryname=PRC_AS&version=12&startdatetime=20250705T07%3A00-0000&enddatetime=20250805T07%3A00-0000&market_run_id=DAM&anc_region=ALL&anc_type=SR,200,cache,2026-07-25T21:25:02+08:00,22408,8b57b1be5304fcb1c7fdd82dc26b9a08ddbe43bb012e78099919b8fe6878825c,as_price_20250705_20250805_anc_region-all_anc_type-sr.zip,20250705_20250805_PRC_AS_DAM_20260725_06_09_35_v12.csv,20250705_20250805_PRC_AS_DAM_20260725_06_09_35_v12.csv=7fc03a36310285ce0158f9ef4745972572cb7cf727ea28795e2129ba7cd03a27
as_price,Ancillary-service clearing prices,PRC_AS,12,DAM,2025-08-05T07:00:00+00:00,2025-09-05T07:00:00+00:00,https://oasis.caiso.com/oasisapi/SingleZip?resultformat=6&queryname=PRC_AS&version=12&startdatetime=20250805T07%3A00-0000&enddatetime=20250905T07%3A00-0000&market_run_id=DAM&anc_region=ALL&anc_type=SR,200,cache,2026-07-25T21:25:02+08:00,23383,f6e69894071cac10af8a2d057d477bc2eb8ad9c51c83258b363b038100c34876,as_price_20250805_20250905_anc_region-all_anc_type-sr.zip,20250805_20250905_PRC_AS_DAM_20260725_06_09_41_v12.csv,20250805_20250905_PRC_AS_DAM_20260725_06_09_41_v12.csv=6912a9de819690e6ee8ec35c23c8f7ef2c21ad4b32f6cb822a793fb5c94da2ee
as_price,Ancillary-service clearing prices,PRC_AS,12,DAM,2025-09-05T07:00:00+00:00,2025-10-06T07:00:00+00:00,https://oasis.caiso.com/oasisapi/SingleZip?resultformat=6&queryname=PRC_AS&version=12&startdatetime=20250905T07%3A00-0000&enddatetime=20251006T07%3A00-0000&market_run_id=DAM&anc_region=ALL&anc_type=SR,200,cache,2026-07-25T21:25:02+08:00,23007,dcf9b2b012e5ac61f2498d1d89eddf6352c0d52536ed6cb28b3f6e458e4c319f,as_price_20250905_20251006_anc_region-all_anc_type-sr.zip,20250905_20251006_PRC_AS_DAM_20260725_06_09_47_v12.csv,20250905_20251006_PRC_AS_DAM_20260725_06_09_47_v12.csv=1a57101309bb56510b50ccf72906042584ab840ecf0f72d1d02094999b8665e4
as_price,Ancillary-service clearing prices,PRC_AS,12,DAM,2025-10-06T07:00:00+00:00,2025-11-06T08:00:00+00:00,https://oasis.caiso.com/oasisapi/SingleZip?resultformat=6&queryname=PRC_AS&version=12&startdatetime=20251006T07%3A00-0000&enddatetime=20251106T08%3A00-0000&market_run_id=DAM&anc_region=ALL&anc_type=SR,200,cache,2026-07-25T21:25:02+08:00,23026,b39441bce70014c0a5016180f73841cfed55266432c00dcde9e45218cceff9e8,as_price_20251006_20251106_anc_region-all_anc_type-sr.zip,20251006_20251106_PRC_AS_DAM_20260725_06_09_53_v12.csv,20251006_20251106_PRC_AS_DAM_20260725_06_09_53_v12.csv=28234c4ded27dd6b9b8663326b8ee537f3547891856de34021667c857be9e425
as_price,Ancillary-service clearing prices,PRC_AS,12,DAM,2025-11-06T08:00:00+00:00,2025-12-07T08:00:00+00:00,https://oasis.caiso.com/oasisapi/SingleZip?resultformat=6&queryname=PRC_AS&version=12&startdatetime=20251106T08%3A00-0000&enddatetime=20251207T08%3A00-0000&market_run_id=DAM&anc_region=ALL&anc_type=SR,200,cache,2026-07-25T21:25:02+08:00,23845,c9e0311d98fe36b0b06a6f1013a70d0c2400ddccfbb2184731cd2eda1183e71b,as_price_20251106_20251207_anc_region-all_anc_type-sr.zip,20251106_20251207_PRC_AS_DAM_20260725_06_09_58_v12.csv,20251106_20251207_PRC_AS_DAM_20260725_06_09_58_v12.csv=8a63c43450e46ae8b8aae05d1fbe55c1c37087fc8b4de3dca0a366ce0e2adc51
as_price,Ancillary-service clearing prices,PRC_AS,12,DAM,2025-12-07T08:00:00+00:00,2026-01-01T08:00:00+00:00,https://oasis.caiso.com/oasisapi/SingleZip?resultformat=6&queryname=PRC_AS&version=12&startdatetime=20251207T08%3A00-0000&enddatetime=20260101T08%3A00-0000&market_run_id=DAM&anc_region=ALL&anc_type=SR,200,cache,2026-07-25T21:25:02+08:00,19616,56119daf9ecf5e850d97d2c2e10cc6f89200c9c40cd19306ad5808890d1d5bb0,as_price_20251207_20260101_anc_region-all_anc_type-sr.zip,20251207_20260101_PRC_AS_DAM_20260725_06_10_04_v12.csv,20251207_20260101_PRC_AS_DAM_20260725_06_10_04_v12.csv=23b3c73928a95036cf1bbbe041db2297ac2dbf3e5617ed99ea29de6e5249065f
as_result,Ancillary-service results,AS_RESULTS,1,DAM,2024-12-31T08:00:00+00:00,2025-01-31T08:00:00+00:00,https://oasis.caiso.com/oasisapi/SingleZip?resultformat=6&queryname=AS_RESULTS&version=1&startdatetime=20241231T08%3A00-0000&enddatetime=20250131T08%3A00-0000&market_run_id=DAM&anc_type=ALL&anc_region=ALL,200,cache,2026-07-25T21:25:02+08:00,487318,6b5947799bdb1e2a0bb24465ddc08d41a4698bed5944079d7910e2a50239a1fa,as_result_20241231_20250131_anc_region-all_anc_type-all.zip,20241231_20250131_AS_RESULTS_DAM_20260725_06_10_09_v1.csv,20241231_20250131_AS_RESULTS_DAM_20260725_06_10_09_v1.csv=040f3067c5d46df5bc285544ca529c452b3c140920bd69894efec82caef732b3
as_result,Ancillary-service results,AS_RESULTS,1,DAM,2025-01-31T08:00:00+00:00,2025-03-03T08:00:00+00:00,https://oasis.caiso.com/oasisapi/SingleZip?resultformat=6&queryname=AS_RESULTS&version=1&startdatetime=20250131T08%3A00-0000&enddatetime=20250303T08%3A00-0000&market_run_id=DAM&anc_type=ALL&anc_region=ALL,200,cache,2026-07-25T21:25:02+08:00,484018,ef4c12248124748113a0f97ce4e75a787f1ea042ddaad647638e40c57ab962fe,as_result_20250131_20250303_anc_region-all_anc_type-all.zip,20250131_20250303_AS_RESULTS_DAM_20260725_06_10_18_v1.csv,20250131_20250303_AS_RESULTS_DAM_20260725_06_10_18_v1.csv=bece31af6339bedfb935820261bfb2bf20794378904c7a1f9cb0c6c94b9f2eca
as_result,Ancillary-service results,AS_RESULTS,1,DAM,2025-03-03T08:00:00+00:00,2025-04-03T07:00:00+00:00,https://oasis.caiso.com/oasisapi/SingleZip?resultformat=6&queryname=AS_RESULTS&version=1&startdatetime=20250303T08%3A00-0000&enddatetime=20250403T07%3A00-0000&market_run_id=DAM&anc_type=ALL&anc_region=ALL,200,cache,2026-07-25T21:25:02+08:00,485895,1aac244ffa50e9f409c2892bb1233345e6f93dafdbc04aece1dbb4cc07bfdd87,as_result_20250303_20250403_anc_region-all_anc_type-all.zip,20250303_20250403_AS_RESULTS_DAM_20260725_06_10_27_v1.csv,20250303_20250403_AS_RESULTS_DAM_20260725_06_10_27_v1.csv=f01d65eccabd5426c69db233856b62d1f6bf48c51a96338762b71c936a253a6a
as_result,Ancillary-service results,AS_RESULTS,1,DAM,2025-04-03T07:00:00+00:00,2025-05-04T07:00:00+00:00,https://oasis.caiso.com/oasisapi/SingleZip?resultformat=6&queryname=AS_RESULTS&version=1&startdatetime=20250403T07%3A00-0000&enddatetime=20250504T07%3A00-0000&market_run_id=DAM&anc_type=ALL&anc_region=ALL,200,cache,2026-07-25T21:25:02+08:00,492526,50013c823f57173f964d491bfc03d82714bda544dd012d17064c73cfcdb7c5e8,as_result_20250403_20250504_anc_region-all_anc_type-all.zip,20250403_20250504_AS_RESULTS_DAM_20260725_06_10_36_v1.csv,20250403_20250504_AS_RESULTS_DAM_20260725_06_10_36_v1.csv=0c2ea754ba6c089c5334612560a08508748ebe626a9d7c8359898d00533c8fae
as_result,Ancillary-service results,AS_RESULTS,1,DAM,2025-05-04T07:00:00+00:00,2025-06-04T07:00:00+00:00,https://oasis.caiso.com/oasisapi/SingleZip?resultformat=6&queryname=AS_RESULTS&version=1&startdatetime=20250504T07%3A00-0000&enddatetime=20250604T07%3A00-0000&market_run_id=DAM&anc_type=ALL&anc_region=ALL,200,cache,2026-07-25T21:25:02+08:00,485864,3c12cc4fcfdcdc26f6d6979e5c011a27dda22ffb482091680646a9314acc2a89,as_result_20250504_20250604_anc_region-all_anc_type-all.zip,20250504_20250604_AS_RESULTS_DAM_20260725_06_10_45_v1.csv,20250504_20250604_AS_RESULTS_DAM_20260725_06_10_45_v1.csv=79d08e2997939e0657d926552a79a5e5a066cec4d6aadc4e0f11aa8bb426ced8
as_result,Ancillary-service results,AS_RESULTS,1,DAM,2025-06-04T07:00:00+00:00,2025-07-05T07:00:00+00:00,https://oasis.caiso.com/oasisapi/SingleZip?resultformat=6&queryname=AS_RESULTS&version=1&startdatetime=20250604T07%3A00-0000&enddatetime=20250705T07%3A00-0000&market_run_id=DAM&anc_type=ALL&anc_region=ALL,200,cache,2026-07-25T21:25:02+08:00,483739,547d4319e7f6a2d9d014a2cfab4a777ae2b1ba2ff6b5cdfb7e3ad604d0d2b298,as_result_20250604_20250705_anc_region-all_anc_type-all.zip,20250604_20250705_AS_RESULTS_DAM_20260725_06_10_53_v1.csv,20250604_20250705_AS_RESULTS_DAM_20260725_06_10_53_v1.csv=bc0dff56047c333841440775f95ab2438274c8750643cc7c585bd3076f795c4f
as_result,Ancillary-service results,AS_RESULTS,1,DAM,2025-07-05T07:00:00+00:00,2025-08-05T07:00:00+00:00,https://oasis.caiso.com/oasisapi/SingleZip?resultformat=6&queryname=AS_RESULTS&version=1&startdatetime=20250705T07%3A00-0000&enddatetime=20250805T07%3A00-0000&market_run_id=DAM&anc_type=ALL&anc_region=ALL,200,cache,2026-07-25T21:25:02+08:00,484662,37a40e36092b32a211842ff9ef8d63a89aaa7581001c678a3775b276296c9235,as_result_20250705_20250805_anc_region-all_anc_type-all.zip,20250705_20250805_AS_RESULTS_DAM_20260725_06_11_02_v1.csv,20250705_20250805_AS_RESULTS_DAM_20260725_06_11_02_v1.csv=f153aae72aaf74616ebf5dd06a3a55fc2075e659dfba8792d4dc28f344b94112
as_result,Ancillary-service results,AS_RESULTS,1,DAM,2025-08-05T07:00:00+00:00,2025-09-05T07:00:00+00:00,https://oasis.caiso.com/oasisapi/SingleZip?resultformat=6&queryname=AS_RESULTS&version=1&startdatetime=20250805T07%3A00-0000&enddatetime=20250905T07%3A00-0000&market_run_id=DAM&anc_type=ALL&anc_region=ALL,200,cache,2026-07-25T21:25:02+08:00,495059,98b9da660919da520d0948bdcdf9041539f4d6539441d570a463aed9147f7e54,as_result_20250805_20250905_anc_region-all_anc_type-all.zip,20250805_20250905_AS_RESULTS_DAM_20260725_06_11_11_v1.csv,20250805_20250905_AS_RESULTS_DAM_20260725_06_11_11_v1.csv=b5b5ecff79a2beba39f62a266501dfff9b7ef3917253355034cd0ea95237a7eb
as_result,Ancillary-service results,AS_RESULTS,1,DAM,2025-09-05T07:00:00+00:00,2025-10-06T07:00:00+00:00,https://oasis.caiso.com/oasisapi/SingleZip?resultformat=6&queryname=AS_RESULTS&version=1&startdatetime=20250905T07%3A00-0000&enddatetime=20251006T07%3A00-0000&market_run_id=DAM&anc_type=ALL&anc_region=ALL,200,cache,2026-07-25T21:25:02+08:00,495978,9700a6ee18e37e550fd921cc0ba470dd6addfc4b68dc553f11e3f8c8829e8cfb,as_result_20250905_20251006_anc_region-all_anc_type-all.zip,20250905_20251006_AS_RESULTS_DAM_20260725_06_11_19_v1.csv,20250905_20251006_AS_RESULTS_DAM_20260725_06_11_19_v1.csv=2424b1b9e979ccff8b1556a349d61f711cff76dbf04e44b938e5a6ad8107c040
as_result,Ancillary-service results,AS_RESULTS,1,DAM,2025-10-06T07:00:00+00:00,2025-11-06T08:00:00+00:00,https://oasis.caiso.com/oasisapi/SingleZip?resultformat=6&queryname=AS_RESULTS&version=1&startdatetime=20251006T07%3A00-0000&enddatetime=20251106T08%3A00-0000&market_run_id=DAM&anc_type=ALL&anc_region=ALL,200,cache,2026-07-25T21:25:02+08:00,495131,178cff777428b01b10d8b4e992d51f893617f7b94f45ff341cb9a51929eed749,as_result_20251006_20251106_anc_region-all_anc_type-all.zip,20251006_20251106_AS_RESULTS_DAM_20260725_06_11_28_v1.csv,20251006_20251106_AS_RESULTS_DAM_20260725_06_11_28_v1.csv=7af617de97efda48ba02db5d79f2653910c9ce90715cb5e095afcb123fd33b88
as_result,Ancillary-service results,AS_RESULTS,1,DAM,2025-11-06T08:00:00+00:00,2025-12-07T08:00:00+00:00,https://oasis.caiso.com/oasisapi/SingleZip?resultformat=6&queryname=AS_RESULTS&version=1&startdatetime=20251106T08%3A00-0000&enddatetime=20251207T08%3A00-0000&market_run_id=DAM&anc_type=ALL&anc_region=ALL,200,cache,2026-07-25T21:25:02+08:00,498983,c5d51d544aa6e4375a1fa81ea19b1617d6de95e1fd14304c426c5a95bb576876,as_result_20251106_20251207_anc_region-all_anc_type-all.zip,20251106_20251207_AS_RESULTS_DAM_20260725_06_11_37_v1.csv,20251106_20251207_AS_RESULTS_DAM_20260725_06_11_37_v1.csv=a6dfd5dd2bed113071184a31f3facad73cc249fbb4fe00ca2c7392eb5b0de942
as_result,Ancillary-service results,AS_RESULTS,1,DAM,2025-12-07T08:00:00+00:00,2026-01-01T08:00:00+00:00,https://oasis.caiso.com/oasisapi/SingleZip?resultformat=6&queryname=AS_RESULTS&version=1&startdatetime=20251207T08%3A00-0000&enddatetime=20260101T08%3A00-0000&market_run_id=DAM&anc_type=ALL&anc_region=ALL,200,cache,2026-07-25T21:25:02+08:00,404029,f9b5ed2f8a2da1c9dc4d1b9ed2691ffd8d80b646db4851521a5c2de5333e3e8d,as_result_20251207_20260101_anc_region-all_anc_type-all.zip,20251207_20260101_AS_RESULTS_DAM_20260725_06_11_46_v1.csv,20251207_20260101_AS_RESULTS_DAM_20260725_06_11_46_v1.csv=3a2b35c493201d009dc7e453162421baad80d8e32f31b14557b3ece772d63088
slrs,Supply and load resource schedules,ENE_SLRS,1,DAM,2024-12-31T08:00:00+00:00,2025-01-31T08:00:00+00:00,https://oasis.caiso.com/oasisapi/SingleZip?resultformat=6&queryname=ENE_SLRS&version=1&startdatetime=20241231T08%3A00-0000&enddatetime=20250131T08%3A00-0000&market_run_id=DAM,200,cache,2026-07-25T21:25:02+08:00,147706,8febbc395fb5adab4720c172fd8b609ccd9dc28cd05a8e491ec77aac299a3675,slrs_20241231_20250131.zip,20241231_20250131_ENE_SLRS_DAM_20260725_06_11_56_v1.csv,20241231_20250131_ENE_SLRS_DAM_20260725_06_11_56_v1.csv=50b015e6681ed707746edfb1137271c4de369534bcc6cc57136811c4ba2acb62
slrs,Supply and load resource schedules,ENE_SLRS,1,DAM,2025-01-31T08:00:00+00:00,2025-03-03T08:00:00+00:00,https://oasis.caiso.com/oasisapi/SingleZip?resultformat=6&queryname=ENE_SLRS&version=1&startdatetime=20250131T08%3A00-0000&enddatetime=20250303T08%3A00-0000&market_run_id=DAM,200,cache,2026-07-25T21:25:02+08:00,149885,4d032100d98fe614b70693784de1227a7d962a29da66c557939460f1afe18d44,slrs_20250131_20250303.zip,20250131_20250303_ENE_SLRS_DAM_20260725_06_12_02_v1.csv,20250131_20250303_ENE_SLRS_DAM_20260725_06_12_02_v1.csv=30b20369000e8a39b87b9c6e7a4d8499f06322cd01ad926dafd4b568f4be5a49
slrs,Supply and load resource schedules,ENE_SLRS,1,DAM,2025-03-03T08:00:00+00:00,2025-04-03T07:00:00+00:00,https://oasis.caiso.com/oasisapi/SingleZip?resultformat=6&queryname=ENE_SLRS&version=1&startdatetime=20250303T08%3A00-0000&enddatetime=20250403T07%3A00-0000&market_run_id=DAM,200,cache,2026-07-25T21:25:02+08:00,147679,eac2347ae81c24bbb5d6b4d665454b02760bd9920b2a53a4aad5705042ce2f14,slrs_20250303_20250403.zip,20250303_20250403_ENE_SLRS_DAM_20260725_06_12_08_v1.csv,20250303_20250403_ENE_SLRS_DAM_20260725_06_12_08_v1.csv=5d1c45bbf5664804f5e4b11025faf20b5ac77a5d539050638693d0309ec70929
slrs,Supply and load resource schedules,ENE_SLRS,1,DAM,2025-04-03T07:00:00+00:00,2025-05-04T07:00:00+00:00,https://oasis.caiso.com/oasisapi/SingleZip?resultformat=6&queryname=ENE_SLRS&version=1&startdatetime=20250403T07%3A00-0000&enddatetime=20250504T07%3A00-0000&market_run_id=DAM,200,cache,2026-07-25T21:25:02+08:00,148045,6a81f282f9acf5237fc485ee276357e547d33cd492564e98352df7a1367ffe1c,slrs_20250403_20250504.zip,20250403_20250504_ENE_SLRS_DAM_20260725_06_12_14_v1.csv,20250403_20250504_ENE_SLRS_DAM_20260725_06_12_14_v1.csv=dd7eda6e146de7dcd8eef4bd1a1e13c25f75e8f930af8b879a6d32aac6329cde
slrs,Supply and load resource schedules,ENE_SLRS,1,DAM,2025-05-04T07:00:00+00:00,2025-06-04T07:00:00+00:00,https://oasis.caiso.com/oasisapi/SingleZip?resultformat=6&queryname=ENE_SLRS&version=1&startdatetime=20250504T07%3A00-0000&enddatetime=20250604T07%3A00-0000&market_run_id=DAM,200,cache,2026-07-25T21:25:02+08:00,149132,e577045d6a3db4a7998f0c9df94b359151e2364c907a4515da232cbefe4d0849,slrs_20250504_20250604.zip,20250504_20250604_ENE_SLRS_DAM_20260725_06_12_21_v1.csv,20250504_20250604_ENE_SLRS_DAM_20260725_06_12_21_v1.csv=7b4ece152892f9fed51011e085a9f769f093f4027741a2a1d517b30afd9ddf89
slrs,Supply and load resource schedules,ENE_SLRS,1,DAM,2025-06-04T07:00:00+00:00,2025-07-05T07:00:00+00:00,https://oasis.caiso.com/oasisapi/SingleZip?resultformat=6&queryname=ENE_SLRS&version=1&startdatetime=20250604T07%3A00-0000&enddatetime=20250705T07%3A00-0000&market_run_id=DAM,200,cache,2026-07-25T21:25:02+08:00,150944,4d8cf61ba09e24f45041c5960fff330f30c4d68fb576064c58d660428a610501,slrs_20250604_20250705.zip,20250604_20250705_ENE_SLRS_DAM_20260725_06_12_27_v1.csv,20250604_20250705_ENE_SLRS_DAM_20260725_06_12_27_v1.csv=80f7290d54319136778b3e8cfa1d4d79a859b458f7d42f55e55f3021c67e54f1
slrs,Supply and load resource schedules,ENE_SLRS,1,DAM,2025-07-05T07:00:00+00:00,2025-08-05T07:00:00+00:00,https://oasis.caiso.com/oasisapi/SingleZip?resultformat=6&queryname=ENE_SLRS&version=1&startdatetime=20250705T07%3A00-0000&enddatetime=20250805T07%3A00-0000&market_run_id=DAM,200,cache,2026-07-25T21:25:02+08:00,150570,a0d90c1ca4d04f7b20242e22f0266a8adb813a8106d1ccace4ad9851dcc87d99,slrs_20250705_20250805.zip,20250705_20250805_ENE_SLRS_DAM_20260725_06_12_33_v1.csv,20250705_20250805_ENE_SLRS_DAM_20260725_06_12_33_v1.csv=4f3efbbe68d56fa0c10cc2304b8c68ee2b61949b5d76f46d967835492ec183b8
slrs,Supply and load resource schedules,ENE_SLRS,1,DAM,2025-08-05T07:00:00+00:00,2025-09-05T07:00:00+00:00,https://oasis.caiso.com/oasisapi/SingleZip?resultformat=6&queryname=ENE_SLRS&version=1&startdatetime=20250805T07%3A00-0000&enddatetime=20250905T07%3A00-0000&market_run_id=DAM,200,cache,2026-07-25T21:25:02+08:00,151198,c450a220e7f853d96ac96d8fac4fc4b06cf48443b1ad3275ecc7ccf7c0dbf4fc,slrs_20250805_20250905.zip,20250805_20250905_ENE_SLRS_DAM_20260725_06_12_40_v1.csv,20250805_20250905_ENE_SLRS_DAM_20260725_06_12_40_v1.csv=0ae5b3374df36a1a3ca787620ba11c18216eca19e0c222e0be3e67a411d59e7e
slrs,Supply and load resource schedules,ENE_SLRS,1,DAM,2025-09-05T07:00:00+00:00,2025-10-06T07:00:00+00:00,https://oasis.caiso.com/oasisapi/SingleZip?resultformat=6&queryname=ENE_SLRS&version=1&startdatetime=20250905T07%3A00-0000&enddatetime=20251006T07%3A00-0000&market_run_id=DAM,200,cache,2026-07-25T21:25:02+08:00,150553,48994110d1f0268f9f38ea4a7c195fb4bce29d273930699a88f2c33e8bad99d8,slrs_20250905_20251006.zip,20250905_20251006_ENE_SLRS_DAM_20260725_06_12_46_v1.csv,20250905_20251006_ENE_SLRS_DAM_20260725_06_12_46_v1.csv=f008b0766bf5a2736d726b499a6b67f4e6bd481047b3e1441288240b43a7a2f8
slrs,Supply and load resource schedules,ENE_SLRS,1,DAM,2025-10-06T07:00:00+00:00,2025-11-06T08:00:00+00:00,https://oasis.caiso.com/oasisapi/SingleZip?resultformat=6&queryname=ENE_SLRS&version=1&startdatetime=20251006T07%3A00-0000&enddatetime=20251106T08%3A00-0000&market_run_id=DAM,200,cache,2026-07-25T21:25:02+08:00,148408,51458c45d94897cfdc4e20194f2f01f0a822e8f4553a802be5acdb532eeb9460,slrs_20251006_20251106.zip,20251006_20251106_ENE_SLRS_DAM_20260725_06_12_53_v1.csv,20251006_20251106_ENE_SLRS_DAM_20260725_06_12_53_v1.csv=d459b15e870a989b2c65089ad73d7fa777cfcb344c888e01058553eb6b268f4c
slrs,Supply and load resource schedules,ENE_SLRS,1,DAM,2025-11-06T08:00:00+00:00,2025-12-07T08:00:00+00:00,https://oasis.caiso.com/oasisapi/SingleZip?resultformat=6&queryname=ENE_SLRS&version=1&startdatetime=20251106T08%3A00-0000&enddatetime=20251207T08%3A00-0000&market_run_id=DAM,200,cache,2026-07-25T21:25:02+08:00,148055,ef371a17a36b5f2a01c339f9e679d28168ed1e0be9fc4378f90e28bbdf0300b5,slrs_20251106_20251207.zip,20251106_20251207_ENE_SLRS_DAM_20260725_06_13_00_v1.csv,20251106_20251207_ENE_SLRS_DAM_20260725_06_13_00_v1.csv=63a92545277a1f4292f4434db3b1fa41c290e7194f82dbe99d55f9f8fa931e88
slrs,Supply and load resource schedules,ENE_SLRS,1,DAM,2025-12-07T08:00:00+00:00,2026-01-01T08:00:00+00:00,https://oasis.caiso.com/oasisapi/SingleZip?resultformat=6&queryname=ENE_SLRS&version=1&startdatetime=20251207T08%3A00-0000&enddatetime=20260101T08%3A00-0000&market_run_id=DAM,200,cache,2026-07-25T21:25:02+08:00,119010,f7117eb452172f1f2f81d98f03020d9e656490b022ae2784118ef94b06c09c40,slrs_20251207_20260101.zip,20251207_20260101_ENE_SLRS_DAM_20260725_06_13_06_v1.csv,20251207_20260101_ENE_SLRS_DAM_20260725_06_13_06_v1.csv=1f71e5816ab14e7291ad311562dc7bec3f1b7f982820863d3bf14da9b92ad7f1
tie,EIM transfer by tie,ENE_EIM_TRANSFER_TIE,4,RTPD,2024-12-31T08:00:00+00:00,2025-01-31T08:00:00+00:00,https://oasis.caiso.com/oasisapi/SingleZip?resultformat=6&queryname=ENE_EIM_TRANSFER_TIE&version=4&startdatetime=20241231T08%3A00-0000&enddatetime=20250131T08%3A00-0000&market_run_id=RTPD&baa_grp_id=CISO,200,cache,2026-07-25T21:25:02+08:00,1000105,2cba11999e473cc5df3c864df79b4c172dcd592a2d7bc27f09419414c6327bd3,tie_20241231_20250131_baa_grp_id-ciso.zip,20241231_20250131_ENE_EIM_TRANSFER_TIE_RTPD_20260725_06_17_37_v4.csv,20241231_20250131_ENE_EIM_TRANSFER_TIE_RTPD_20260725_06_17_37_v4.csv=7e9f38fc26eafeda60dbdf2e77a33dd163126f9f006d408bf7138e1811c2a5b0
tie,EIM transfer by tie,ENE_EIM_TRANSFER_TIE,4,RTPD,2025-01-31T08:00:00+00:00,2025-03-03T08:00:00+00:00,https://oasis.caiso.com/oasisapi/SingleZip?resultformat=6&queryname=ENE_EIM_TRANSFER_TIE&version=4&startdatetime=20250131T08%3A00-0000&enddatetime=20250303T08%3A00-0000&market_run_id=RTPD&baa_grp_id=CISO,200,cache,2026-07-25T21:25:02+08:00,1007158,a8fe95f88106b3fd306e1036a116bd5ff58196c6b4430fa61449d6f3e02abfe3,tie_20250131_20250303_baa_grp_id-ciso.zip,20250131_20250303_ENE_EIM_TRANSFER_TIE_RTPD_20260725_06_17_52_v4.csv,20250131_20250303_ENE_EIM_TRANSFER_TIE_RTPD_20260725_06_17_52_v4.csv=e4275fc1e15b6a243c5c92860222d0cfc0d0b31baa1cace7b3eb2d6e83cf236a
tie,EIM transfer by tie,ENE_EIM_TRANSFER_TIE,4,RTPD,2025-03-03T08:00:00+00:00,2025-04-03T07:00:00+00:00,https://oasis.caiso.com/oasisapi/SingleZip?resultformat=6&queryname=ENE_EIM_TRANSFER_TIE&version=4&startdatetime=20250303T08%3A00-0000&enddatetime=20250403T07%3A00-0000&market_run_id=RTPD&baa_grp_id=CISO,200,cache,2026-07-25T21:25:03+08:00,1009165,3f9aa25ce25ace4d02bc81af6993f959816b3bbccf6342846eaa808d554910fb,tie_20250303_20250403_baa_grp_id-ciso.zip,20250303_20250403_ENE_EIM_TRANSFER_TIE_RTPD_20260725_06_18_11_v4.csv,20250303_20250403_ENE_EIM_TRANSFER_TIE_RTPD_20260725_06_18_11_v4.csv=813111e76d1218ec63a04d367c9cd7af29cc51418714d87e1f1d848e6866a860
tie,EIM transfer by tie,ENE_EIM_TRANSFER_TIE,4,RTPD,2025-04-03T07:00:00+00:00,2025-05-04T07:00:00+00:00,https://oasis.caiso.com/oasisapi/SingleZip?resultformat=6&queryname=ENE_EIM_TRANSFER_TIE&version=4&startdatetime=20250403T07%3A00-0000&enddatetime=20250504T07%3A00-0000&market_run_id=RTPD&baa_grp_id=CISO,200,cache,2026-07-25T21:25:03+08:00,995955,118b6f8652d592c752716664536275d735d18e56a59e22822f8aab4cb16ca76d,tie_20250403_20250504_baa_grp_id-ciso.zip,20250403_20250504_ENE_EIM_TRANSFER_TIE_RTPD_20260725_06_18_32_v4.csv,20250403_20250504_ENE_EIM_TRANSFER_TIE_RTPD_20260725_06_18_32_v4.csv=6e037fc2a95f327796941727a3f5eeb740119a486035474f73b0bed2d9494b5a
tie,EIM transfer by tie,ENE_EIM_TRANSFER_TIE,4,RTPD,2025-05-04T07:00:00+00:00,2025-06-04T07:00:00+00:00,https://oasis.caiso.com/oasisapi/SingleZip?resultformat=6&queryname=ENE_EIM_TRANSFER_TIE&version=4&startdatetime=20250504T07%3A00-0000&enddatetime=20250604T07%3A00-0000&market_run_id=RTPD&baa_grp_id=CISO,200,cache,2026-07-25T21:25:03+08:00,1002976,48d183ce9c79b5c28e732e33a79c89f46c7eee169c87ee873d5b7cb8a64f0f63,tie_20250504_20250604_baa_grp_id-ciso.zip,20250504_20250604_ENE_EIM_TRANSFER_TIE_RTPD_20260725_06_18_55_v4.csv,20250504_20250604_ENE_EIM_TRANSFER_TIE_RTPD_20260725_06_18_55_v4.csv=a020910790321bd929bac5912333a6fe2c33345af726691aef11d374d489af71
tie,EIM transfer by tie,ENE_EIM_TRANSFER_TIE,4,RTPD,2025-06-04T07:00:00+00:00,2025-07-05T07:00:00+00:00,https://oasis.caiso.com/oasisapi/SingleZip?resultformat=6&queryname=ENE_EIM_TRANSFER_TIE&version=4&startdatetime=20250604T07%3A00-0000&enddatetime=20250705T07%3A00-0000&market_run_id=RTPD&baa_grp_id=CISO,200,cache,2026-07-25T21:25:03+08:00,1012976,6729fa944ff1cd2355a74e1c28a63c86d563392612afce752fe3ac0cdfea23cb,tie_20250604_20250705_baa_grp_id-ciso.zip,20250604_20250705_ENE_EIM_TRANSFER_TIE_RTPD_20260725_06_19_15_v4.csv,20250604_20250705_ENE_EIM_TRANSFER_TIE_RTPD_20260725_06_19_15_v4.csv=e7ff8d9cdd1234248b116d3b7aa8be20089f0d4d19a8adfefedba9361fa30a2c
tie,EIM transfer by tie,ENE_EIM_TRANSFER_TIE,4,RTPD,2025-07-05T07:00:00+00:00,2025-08-05T07:00:00+00:00,https://oasis.caiso.com/oasisapi/SingleZip?resultformat=6&queryname=ENE_EIM_TRANSFER_TIE&version=4&startdatetime=20250705T07%3A00-0000&enddatetime=20250805T07%3A00-0000&market_run_id=RTPD&baa_grp_id=CISO,200,cache,2026-07-25T21:25:03+08:00,1000084,e36c4d87466116867e6e98a91ce4a0bbb584e608acdb5c35b7e18d0f865e55ea,tie_20250705_20250805_baa_grp_id-ciso.zip,20250705_20250805_ENE_EIM_TRANSFER_TIE_RTPD_20260725_06_19_38_v4.csv,20250705_20250805_ENE_EIM_TRANSFER_TIE_RTPD_20260725_06_19_38_v4.csv=9187432c01143b5355a6605aaa8399aad339c8016284d84bc52fc3b4a44b5ba0
tie,EIM transfer by tie,ENE_EIM_TRANSFER_TIE,4,RTPD,2025-08-05T07:00:00+00:00,2025-09-05T07:00:00+00:00,https://oasis.caiso.com/oasisapi/SingleZip?resultformat=6&queryname=ENE_EIM_TRANSFER_TIE&version=4&startdatetime=20250805T07%3A00-0000&enddatetime=20250905T07%3A00-0000&market_run_id=RTPD&baa_grp_id=CISO,200,cache,2026-07-25T21:25:03+08:00,998417,7949e28f8aaf1a7b400411e5cec5d5b4460b18feafb9def84873299913a40c42,tie_20250805_20250905_baa_grp_id-ciso.zip,20250805_20250905_ENE_EIM_TRANSFER_TIE_RTPD_20260725_06_19_58_v4.csv,20250805_20250905_ENE_EIM_TRANSFER_TIE_RTPD_20260725_06_19_58_v4.csv=279f9aa4232132522173df7d9f711464ef40fc021e950327c0df9ee4b3da1daa
tie,EIM transfer by tie,ENE_EIM_TRANSFER_TIE,4,RTPD,2025-09-05T07:00:00+00:00,2025-10-06T07:00:00+00:00,https://oasis.caiso.com/oasisapi/SingleZip?resultformat=6&queryname=ENE_EIM_TRANSFER_TIE&version=4&startdatetime=20250905T07%3A00-0000&enddatetime=20251006T07%3A00-0000&market_run_id=RTPD&baa_grp_id=CISO,200,cache,2026-07-25T21:25:04+08:00,1001619,99236742d214d44a7859d88cb36df8148723ca490691b3a6a87b783e3828c2ab,tie_20250905_20251006_baa_grp_id-ciso.zip,20250905_20251006_ENE_EIM_TRANSFER_TIE_RTPD_20260725_06_20_16_v4.csv,20250905_20251006_ENE_EIM_TRANSFER_TIE_RTPD_20260725_06_20_16_v4.csv=ab0dd7000c1d85922134a3be22263b4cff94b2dfeae1729f7adb2dfada1b7e95
tie,EIM transfer by tie,ENE_EIM_TRANSFER_TIE,4,RTPD,2025-10-06T07:00:00+00:00,2025-11-06T08:00:00+00:00,https://oasis.caiso.com/oasisapi/SingleZip?resultformat=6&queryname=ENE_EIM_TRANSFER_TIE&version=4&startdatetime=20251006T07%3A00-0000&enddatetime=20251106T08%3A00-0000&market_run_id=RTPD&baa_grp_id=CISO,200,cache,2026-07-25T21:25:04+08:00,999702,eb98a98a4c8c41505705183e3064a34af3ad88f6b26c064f116f6030f3fac092,tie_20251006_20251106_baa_grp_id-ciso.zip,20251006_20251106_ENE_EIM_TRANSFER_TIE_RTPD_20260725_06_20_35_v4.csv,20251006_20251106_ENE_EIM_TRANSFER_TIE_RTPD_20260725_06_20_35_v4.csv=256587660bd05d85b58589cf7278c305236799cd62418fc6fc3fe5d34e8c8754
tie,EIM transfer by tie,ENE_EIM_TRANSFER_TIE,4,RTPD,2025-11-06T08:00:00+00:00,2025-12-07T08:00:00+00:00,https://oasis.caiso.com/oasisapi/SingleZip?resultformat=6&queryname=ENE_EIM_TRANSFER_TIE&version=4&startdatetime=20251106T08%3A00-0000&enddatetime=20251207T08%3A00-0000&market_run_id=RTPD&baa_grp_id=CISO,200,cache,2026-07-25T21:25:04+08:00,990103,3566242f0ec3d5de30386bdf077d4be014075f3d2d6a73f251e2e097d4d029d6,tie_20251106_20251207_baa_grp_id-ciso.zip,20251106_20251207_ENE_EIM_TRANSFER_TIE_RTPD_20260725_06_20_57_v4.csv,20251106_20251207_ENE_EIM_TRANSFER_TIE_RTPD_20260725_06_20_57_v4.csv=5e42bd2c49657aa8ad01e4816999bc36955e94fe2252106cd2163b19c64a6dcd
tie,EIM transfer by tie,ENE_EIM_TRANSFER_TIE,4,RTPD,2025-12-07T08:00:00+00:00,2026-01-01T08:00:00+00:00,https://oasis.caiso.com/oasisapi/SingleZip?resultformat=6&queryname=ENE_EIM_TRANSFER_TIE&version=4&startdatetime=20251207T08%3A00-0000&enddatetime=20260101T08%3A00-0000&market_run_id=RTPD&baa_grp_id=CISO,200,cache,2026-07-25T21:25:04+08:00,771559,6b0858e9792827bc5a539896dad6b77e64e7f3d239237d69bf224409bd212a87,tie_20251207_20260101_baa_grp_id-ciso.zip,20251207_20260101_ENE_EIM_TRANSFER_TIE_RTPD_20260725_06_21_16_v4.csv,20251207_20260101_ENE_EIM_TRANSFER_TIE_RTPD_20260725_06_21_16_v4.csv=f6c5d704a813cf5fe47eab02d9d49429129098cca4e55611ba55166e79f04e9c
