S,size,conf,v_audit,v_full
"(2,)",1,actual_load__mw__ca_iso_tac,0.49817365407943726,0.49573618173599243
"(2,)",1,dam_schedule__mw__generation__caiso_totals,0.44572651386260986,0.45853108167648315
"(2,)",1,dam_schedule__mw__import__caiso_totals,0.2417687177658081,0.25371938943862915
"(2,)",1,dam_schedule__mw__export__caiso_totals,0.2003827691078186,0.20253920555114746
"(2,)",1,dam_lmp__lmp_usd_per_mwh__th_sp15_gen_apnd,0.5954891443252563,0.6170434355735779
"(2,)",1,dam_lmp__congestion_usd_per_mwh__th_sp15_gen_apnd,0.18619918823242188,0.21039873361587524
"(2,)",1,dam_lmp__loss_usd_per_mwh__th_sp15_gen_apnd,0.3030092120170593,0.3010411262512207
"(2,)",1,rt15_lmp_hourly_mean__congestion_usd_per_mwh__th_sp15_gen_apnd,0.1747691035270691,0.19732439517974854
"(2,)",1,dam_as_total_procured__mw__ru__as_caiso,0.1133459210395813,0.10148924589157104
"(2,)",1,dam_as_total_procured__mw__rd__as_caiso,0.2528025507926941,0.248424232006073
"(2,)",1,dam_as_total_procured__mw__sr__as_caiso,0.052709758281707764,0.06514406204223633
"(2,)",1,dam_as_total_procured__mw__nr__as_caiso,0.1395202875137329,0.14385837316513062
"(6,)",1,actual_load__mw__ca_iso_tac,0.602130115032196,0.6277793645858765
"(6,)",1,dam_schedule__mw__generation__caiso_totals,0.6786681413650513,0.6904792785644531
"(6,)",1,dam_schedule__mw__import__caiso_totals,0.11455345153808594,0.10735422372817993
"(6,)",1,dam_schedule__mw__export__caiso_totals,0.5215058922767639,0.5045807957649231
"(6,)",1,dam_lmp__lmp_usd_per_mwh__th_sp15_gen_apnd,0.2569296360015869,0.2739498019218445
"(6,)",1,dam_lmp__congestion_usd_per_mwh__th_sp15_gen_apnd,0.1731007695198059,0.16991406679153442
"(6,)",1,dam_lmp__loss_usd_per_mwh__th_sp15_gen_apnd,0.12893760204315186,0.143521249294281
"(6,)",1,rt15_lmp_hourly_mean__congestion_usd_per_mwh__th_sp15_gen_apnd,0.15897607803344727,0.17592298984527588
"(6,)",1,dam_as_total_procured__mw__ru__as_caiso,0.06378579139709473,0.0711018443107605
"(6,)",1,dam_as_total_procured__mw__rd__as_caiso,0.10863858461380005,0.11387211084365845
"(6,)",1,dam_as_total_procured__mw__sr__as_caiso,0.06641417741775513,0.09036964178085327
"(6,)",1,dam_as_total_procured__mw__nr__as_caiso,0.1441015601158142,0.1425371766090393
"(10,)",1,actual_load__mw__ca_iso_tac,0.0,0.0
"(10,)",1,dam_schedule__mw__generation__caiso_totals,0.006583511829376221,0.005241990089416504
"(10,)",1,dam_schedule__mw__import__caiso_totals,0.018191277980804443,0.015299618244171143
"(10,)",1,dam_schedule__mw__export__caiso_totals,0.020313620567321777,0.018911123275756836
"(10,)",1,dam_lmp__lmp_usd_per_mwh__th_sp15_gen_apnd,0.009297966957092285,0.008710503578186035
"(10,)",1,dam_lmp__congestion_usd_per_mwh__th_sp15_gen_apnd,0.011272609233856201,0.008710205554962158
"(10,)",1,dam_lmp__loss_usd_per_mwh__th_sp15_gen_apnd,0.005255162715911865,0.004355251789093018
"(10,)",1,rt15_lmp_hourly_mean__congestion_usd_per_mwh__th_sp15_gen_apnd,0.0010337233543395996,0.0047487616539001465
"(10,)",1,dam_as_total_procured__mw__ru__as_caiso,0.018329739570617676,0.014475524425506592
"(10,)",1,dam_as_total_procured__mw__rd__as_caiso,0.016581714153289795,0.017924189567565918
"(10,)",1,dam_as_total_procured__mw__sr__as_caiso,0.0,0.0
"(10,)",1,dam_as_total_procured__mw__nr__as_caiso,0.01918429136276245,0.018579185009002686
"(14,)",1,actual_load__mw__ca_iso_tac,0.05665314197540283,0.04814857244491577
"(14,)",1,dam_schedule__mw__generation__caiso_totals,0.06769639253616333,0.05672323703765869
"(14,)",1,dam_schedule__mw__import__caiso_totals,0.005924046039581299,0.005787372589111328
"(14,)",1,dam_schedule__mw__export__caiso_totals,0.04943567514419556,0.054413795471191406
"(14,)",1,dam_lmp__lmp_usd_per_mwh__th_sp15_gen_apnd,0.01712566614151001,0.015289545059204102
"(14,)",1,dam_lmp__congestion_usd_per_mwh__th_sp15_gen_apnd,0.044736266136169434,0.04804110527038574
"(14,)",1,dam_lmp__loss_usd_per_mwh__th_sp15_gen_apnd,0.008939206600189209,0.009469151496887207
"(14,)",1,rt15_lmp_hourly_mean__congestion_usd_per_mwh__th_sp15_gen_apnd,0.015570640563964844,0.022652089595794678
"(14,)",1,dam_as_total_procured__mw__ru__as_caiso,0.030164599418640137,0.025310754776000977
"(14,)",1,dam_as_total_procured__mw__rd__as_caiso,0.02144378423690796,0.02745187282562256
"(14,)",1,dam_as_total_procured__mw__sr__as_caiso,0.005850315093994141,0.006731986999511719
"(14,)",1,dam_as_total_procured__mw__nr__as_caiso,0.028564155101776123,0.026472389698028564
"(18,)",1,actual_load__mw__ca_iso_tac,0.008775115013122559,0.011092126369476318
"(18,)",1,dam_schedule__mw__generation__caiso_totals,0.00818479061126709,0.006974697113037109
"(18,)",1,dam_schedule__mw__import__caiso_totals,0.02130192518234253,0.017837226390838623
"(18,)",1,dam_schedule__mw__export__caiso_totals,0.0,0.00017243623733520508
"(18,)",1,dam_lmp__lmp_usd_per_mwh__th_sp15_gen_apnd,0.023705661296844482,0.0187605619430542
"(18,)",1,dam_lmp__congestion_usd_per_mwh__th_sp15_gen_apnd,0.0034641623497009277,0.002027153968811035
"(18,)",1,dam_lmp__loss_usd_per_mwh__th_sp15_gen_apnd,0.00658947229385376,0.007534921169281006
"(18,)",1,rt15_lmp_hourly_mean__congestion_usd_per_mwh__th_sp15_gen_apnd,0.0019068717956542969,0.0019780397415161133
"(18,)",1,dam_as_total_procured__mw__ru__as_caiso,0.00585097074508667,0.0024500489234924316
"(18,)",1,dam_as_total_procured__mw__rd__as_caiso,0.006455063819885254,0.0051299333572387695
"(18,)",1,dam_as_total_procured__mw__sr__as_caiso,0.0,0.002167642116546631
"(18,)",1,dam_as_total_procured__mw__nr__as_caiso,0.005996108055114746,0.006790339946746826
"(22,)",1,actual_load__mw__ca_iso_tac,0.07042336463928223,0.07848984003067017
"(22,)",1,dam_schedule__mw__generation__caiso_totals,0.06989026069641113,0.07677733898162842
"(22,)",1,dam_schedule__mw__import__caiso_totals,0.09988409280776978,0.10439270734786987
"(22,)",1,dam_schedule__mw__export__caiso_totals,0.02484995126724243,0.028777599334716797
"(22,)",1,dam_lmp__lmp_usd_per_mwh__th_sp15_gen_apnd,0.5130596160888672,0.5376273393630981
"(22,)",1,dam_lmp__congestion_usd_per_mwh__th_sp15_gen_apnd,0.054071903228759766,0.05034846067428589
"(22,)",1,dam_lmp__loss_usd_per_mwh__th_sp15_gen_apnd,0.2846665382385254,0.3169535994529724
"(22,)",1,rt15_lmp_hourly_mean__congestion_usd_per_mwh__th_sp15_gen_apnd,0.04725480079650879,0.03552621603012085
"(22,)",1,dam_as_total_procured__mw__ru__as_caiso,0.10001248121261597,0.09003424644470215
"(22,)",1,dam_as_total_procured__mw__rd__as_caiso,0.13572674989700317,0.15102893114089966
"(22,)",1,dam_as_total_procured__mw__sr__as_caiso,0.003839850425720215,0.008573770523071289
"(22,)",1,dam_as_total_procured__mw__nr__as_caiso,0.006688833236694336,0.009605050086975098
"(26,)",1,actual_load__mw__ca_iso_tac,0.12062525749206543,0.11817717552185059
"(26,)",1,dam_schedule__mw__generation__caiso_totals,0.15419423580169678,0.14985942840576172
"(26,)",1,dam_schedule__mw__import__caiso_totals,0.018437504768371582,0.021438777446746826
"(26,)",1,dam_schedule__mw__export__caiso_totals,0.13543051481246948,0.13435381650924683
"(26,)",1,dam_lmp__lmp_usd_per_mwh__th_sp15_gen_apnd,0.04397439956665039,0.058066725730895996
"(26,)",1,dam_lmp__congestion_usd_per_mwh__th_sp15_gen_apnd,0.06973528861999512,0.07387691736221313
"(26,)",1,dam_lmp__loss_usd_per_mwh__th_sp15_gen_apnd,0.13647371530532837,0.1352156400680542
"(26,)",1,rt15_lmp_hourly_mean__congestion_usd_per_mwh__th_sp15_gen_apnd,0.031662702560424805,0.03268510103225708
"(26,)",1,dam_as_total_procured__mw__ru__as_caiso,0.0847211480140686,0.0918232798576355
"(26,)",1,dam_as_total_procured__mw__rd__as_caiso,0.15760624408721924,0.16458725929260254
"(26,)",1,dam_as_total_procured__mw__sr__as_caiso,0.0,0.0015082955360412598
"(26,)",1,dam_as_total_procured__mw__nr__as_caiso,0.029577136039733887,0.024939119815826416
"(30,)",1,actual_load__mw__ca_iso_tac,0.0,0.0
"(30,)",1,dam_schedule__mw__generation__caiso_totals,0.0,0.0
"(30,)",1,dam_schedule__mw__import__caiso_totals,0.0,0.0
"(30,)",1,dam_schedule__mw__export__caiso_totals,0.0,0.0
"(30,)",1,dam_lmp__lmp_usd_per_mwh__th_sp15_gen_apnd,0.0,1.5974044799804688e-05
"(30,)",1,dam_lmp__congestion_usd_per_mwh__th_sp15_gen_apnd,3.7610530853271484e-05,9.822845458984375e-05
"(30,)",1,dam_lmp__loss_usd_per_mwh__th_sp15_gen_apnd,0.0,0.0
"(30,)",1,rt15_lmp_hourly_mean__congestion_usd_per_mwh__th_sp15_gen_apnd,0.0,3.88026237487793e-05
"(30,)",1,dam_as_total_procured__mw__ru__as_caiso,0.0012836456298828125,0.0006421208381652832
"(30,)",1,dam_as_total_procured__mw__rd__as_caiso,0.0,0.0
"(30,)",1,dam_as_total_procured__mw__sr__as_caiso,0.0,7.748603820800781e-05
"(30,)",1,dam_as_total_procured__mw__nr__as_caiso,0.0,0.0
"(34,)",1,actual_load__mw__ca_iso_tac,0.08033889532089233,0.07648831605911255
"(34,)",1,dam_schedule__mw__generation__caiso_totals,0.10716986656188965,0.10449367761611938
"(34,)",1,dam_schedule__mw__import__caiso_totals,0.12911123037338257,0.12873834371566772
"(34,)",1,dam_schedule__mw__export__caiso_totals,0.12496048212051392,0.12420904636383057
"(34,)",1,dam_lmp__lmp_usd_per_mwh__th_sp15_gen_apnd,0.27380645275115967,0.23971092700958252
"(34,)",1,dam_lmp__congestion_usd_per_mwh__th_sp15_gen_apnd,0.2511942386627197,0.22484594583511353
"(34,)",1,dam_lmp__loss_usd_per_mwh__th_sp15_gen_apnd,0.00985652208328247,0.010151207447052002
"(34,)",1,rt15_lmp_hourly_mean__congestion_usd_per_mwh__th_sp15_gen_apnd,0.144467294216156,0.13733690977096558
"(34,)",1,dam_as_total_procured__mw__ru__as_caiso,0.837721586227417,0.8308666348457336
"(34,)",1,dam_as_total_procured__mw__rd__as_caiso,0.6314149498939514,0.6098477244377136
"(34,)",1,dam_as_total_procured__mw__sr__as_caiso,0.027042508125305176,0.03587532043457031
"(34,)",1,dam_as_total_procured__mw__nr__as_caiso,0.016743183135986328,0.017453491687774658
"(38,)",1,actual_load__mw__ca_iso_tac,0.040112197399139404,0.04467141628265381
"(38,)",1,dam_schedule__mw__generation__caiso_totals,0.0336877703666687,0.03479409217834473
"(38,)",1,dam_schedule__mw__import__caiso_totals,0.22974568605422974,0.22448217868804932
"(38,)",1,dam_schedule__mw__export__caiso_totals,0.049880802631378174,0.051854729652404785
"(38,)",1,dam_lmp__lmp_usd_per_mwh__th_sp15_gen_apnd,0.39164358377456665,0.41228365898132324
"(38,)",1,dam_lmp__congestion_usd_per_mwh__th_sp15_gen_apnd,0.2419642210006714,0.23789256811141968
"(38,)",1,dam_lmp__loss_usd_per_mwh__th_sp15_gen_apnd,0.10828930139541626,0.11440819501876831
"(38,)",1,rt15_lmp_hourly_mean__congestion_usd_per_mwh__th_sp15_gen_apnd,0.12340378761291504,0.12468838691711426
"(38,)",1,dam_as_total_procured__mw__ru__as_caiso,0.12192094326019287,0.10611993074417114
"(38,)",1,dam_as_total_procured__mw__rd__as_caiso,0.36388325691223145,0.3555753827095032
"(38,)",1,dam_as_total_procured__mw__sr__as_caiso,0.03883880376815796,0.05430901050567627
"(38,)",1,dam_as_total_procured__mw__nr__as_caiso,0.02947068214416504,0.02432262897491455
"(42,)",1,actual_load__mw__ca_iso_tac,0.036631226539611816,0.050696372985839844
"(42,)",1,dam_schedule__mw__generation__caiso_totals,0.03806161880493164,0.048660337924957275
"(42,)",1,dam_schedule__mw__import__caiso_totals,0.025307297706604004,0.03565281629562378
"(42,)",1,dam_schedule__mw__export__caiso_totals,0.0456085205078125,0.04945558309555054
"(42,)",1,dam_lmp__lmp_usd_per_mwh__th_sp15_gen_apnd,0.22376495599746704,0.23629093170166016
"(42,)",1,dam_lmp__congestion_usd_per_mwh__th_sp15_gen_apnd,0.08791565895080566,0.09226411581039429
"(42,)",1,dam_lmp__loss_usd_per_mwh__th_sp15_gen_apnd,0.02704906463623047,0.02486884593963623
"(42,)",1,rt15_lmp_hourly_mean__congestion_usd_per_mwh__th_sp15_gen_apnd,0.0788235068321228,0.08309632539749146
"(42,)",1,dam_as_total_procured__mw__ru__as_caiso,0.049054861068725586,0.0470888614654541
"(42,)",1,dam_as_total_procured__mw__rd__as_caiso,0.09069406986236572,0.10736626386642456
"(42,)",1,dam_as_total_procured__mw__sr__as_caiso,0.0,0.00933903455734253
"(42,)",1,dam_as_total_procured__mw__nr__as_caiso,0.014073073863983154,0.011948466300964355
"(0, 3)",2,actual_load__mw__ca_iso_tac,0.8397716879844666,0.8389148712158203
"(0, 3)",2,dam_schedule__mw__generation__caiso_totals,0.7992920279502869,0.8057056069374084
"(0, 3)",2,dam_schedule__mw__import__caiso_totals,0.2633497714996338,0.25886523723602295
"(0, 3)",2,dam_schedule__mw__export__caiso_totals,0.45319825410842896,0.45546871423721313
"(0, 3)",2,dam_lmp__lmp_usd_per_mwh__th_sp15_gen_apnd,0.5326880216598511,0.5649757385253906
"(0, 3)",2,dam_lmp__congestion_usd_per_mwh__th_sp15_gen_apnd,0.1789265275001526,0.19220519065856934
"(0, 3)",2,dam_lmp__loss_usd_per_mwh__th_sp15_gen_apnd,0.3983824849128723,0.3872455954551697
"(0, 3)",2,rt15_lmp_hourly_mean__congestion_usd_per_mwh__th_sp15_gen_apnd,0.13139218091964722,0.16742855310440063
"(0, 3)",2,dam_as_total_procured__mw__ru__as_caiso,0.1779736876487732,0.16464799642562866
"(0, 3)",2,dam_as_total_procured__mw__rd__as_caiso,0.30966830253601074,0.31294864416122437
"(0, 3)",2,dam_as_total_procured__mw__sr__as_caiso,0.12121021747589111,0.14306765794754028
"(0, 3)",2,dam_as_total_procured__mw__nr__as_caiso,0.21801012754440308,0.2208395004272461
"(0, 7)",2,actual_load__mw__ca_iso_tac,0.869229793548584,0.8605481386184692
"(0, 7)",2,dam_schedule__mw__generation__caiso_totals,0.8440748453140259,0.8495802879333496
"(0, 7)",2,dam_schedule__mw__import__caiso_totals,0.3807969093322754,0.3802177309989929
"(0, 7)",2,dam_schedule__mw__export__caiso_totals,0.568450927734375,0.5671787261962891
"(0, 7)",2,dam_lmp__lmp_usd_per_mwh__th_sp15_gen_apnd,0.7198809385299683,0.7454149723052979
"(0, 7)",2,dam_lmp__congestion_usd_per_mwh__th_sp15_gen_apnd,0.42184340953826904,0.4190596342086792
"(0, 7)",2,dam_lmp__loss_usd_per_mwh__th_sp15_gen_apnd,0.40748316049575806,0.39424580335617065
"(0, 7)",2,rt15_lmp_hourly_mean__congestion_usd_per_mwh__th_sp15_gen_apnd,0.3020573854446411,0.3126847743988037
"(0, 7)",2,dam_as_total_procured__mw__ru__as_caiso,0.3474477529525757,0.3360532522201538
"(0, 7)",2,dam_as_total_procured__mw__rd__as_caiso,0.7191340923309326,0.7140307426452637
"(0, 7)",2,dam_as_total_procured__mw__sr__as_caiso,0.11810261011123657,0.1573898196220398
"(0, 7)",2,dam_as_total_procured__mw__nr__as_caiso,0.2196270227432251,0.2234012484550476
"(0, 11)",2,actual_load__mw__ca_iso_tac,0.8866297006607056,0.8822543621063232
"(0, 11)",2,dam_schedule__mw__generation__caiso_totals,0.850031852722168,0.8543511033058167
"(0, 11)",2,dam_schedule__mw__import__caiso_totals,0.38309407234191895,0.3819560408592224
"(0, 11)",2,dam_schedule__mw__export__caiso_totals,0.5644658803939819,0.5620648860931396
"(0, 11)",2,dam_lmp__lmp_usd_per_mwh__th_sp15_gen_apnd,0.729865550994873,0.750359296798706
"(0, 11)",2,dam_lmp__congestion_usd_per_mwh__th_sp15_gen_apnd,0.43838852643966675,0.4290392994880676
"(0, 11)",2,dam_lmp__loss_usd_per_mwh__th_sp15_gen_apnd,0.4102488160133362,0.3980119824409485
"(0, 11)",2,rt15_lmp_hourly_mean__congestion_usd_per_mwh__th_sp15_gen_apnd,0.29714465141296387,0.2977982759475708
"(0, 11)",2,dam_as_total_procured__mw__ru__as_caiso,0.39733797311782837,0.38067567348480225
"(0, 11)",2,dam_as_total_procured__mw__rd__as_caiso,0.7660150527954102,0.7586138248443604
"(0, 11)",2,dam_as_total_procured__mw__sr__as_caiso,0.12702935934066772,0.16360658407211304
"(0, 11)",2,dam_as_total_procured__mw__nr__as_caiso,0.21738111972808838,0.22624844312667847
"(0, 15)",2,actual_load__mw__ca_iso_tac,0.8756330013275146,0.8791515231132507
"(0, 15)",2,dam_schedule__mw__generation__caiso_totals,0.8321729898452759,0.8411402702331543
"(0, 15)",2,dam_schedule__mw__import__caiso_totals,0.3861883282661438,0.38494324684143066
"(0, 15)",2,dam_schedule__mw__export__caiso_totals,0.5509480834007263,0.5490046739578247
"(0, 15)",2,dam_lmp__lmp_usd_per_mwh__th_sp15_gen_apnd,0.7633037567138672,0.7779908776283264
"(0, 15)",2,dam_lmp__congestion_usd_per_mwh__th_sp15_gen_apnd,0.4756368398666382,0.47050046920776367
"(0, 15)",2,dam_lmp__loss_usd_per_mwh__th_sp15_gen_apnd,0.41689252853393555,0.40518897771835327
"(0, 15)",2,rt15_lmp_hourly_mean__congestion_usd_per_mwh__th_sp15_gen_apnd,0.30288881063461304,0.3000856637954712
"(0, 15)",2,dam_as_total_procured__mw__ru__as_caiso,0.41895002126693726,0.4039049744606018
"(0, 15)",2,dam_as_total_procured__mw__rd__as_caiso,0.783356249332428,0.7741400003433228
"(0, 15)",2,dam_as_total_procured__mw__sr__as_caiso,0.1269538402557373,0.1638641357421875
"(0, 15)",2,dam_as_total_procured__mw__nr__as_caiso,0.24233508110046387,0.24611389636993408
"(0, 19)",2,actual_load__mw__ca_iso_tac,0.7250374555587769,0.7249271869659424
"(0, 19)",2,dam_schedule__mw__generation__caiso_totals,0.6647960543632507,0.676437497138977
"(0, 19)",2,dam_schedule__mw__import__caiso_totals,0.2890510559082031,0.29665660858154297
"(0, 19)",2,dam_schedule__mw__export__caiso_totals,0.41337960958480835,0.4039607644081116
"(0, 19)",2,dam_lmp__lmp_usd_per_mwh__th_sp15_gen_apnd,0.9590104222297668,0.957789957523346
"(0, 19)",2,dam_lmp__congestion_usd_per_mwh__th_sp15_gen_apnd,0.35783958435058594,0.3385726809501648
"(0, 19)",2,dam_lmp__loss_usd_per_mwh__th_sp15_gen_apnd,0.4776308536529541,0.4775286912918091
"(0, 19)",2,rt15_lmp_hourly_mean__congestion_usd_per_mwh__th_sp15_gen_apnd,0.319827675819397,0.278131365776062
"(0, 19)",2,dam_as_total_procured__mw__ru__as_caiso,0.19449013471603394,0.17176342010498047
"(0, 19)",2,dam_as_total_procured__mw__rd__as_caiso,0.4272274971008301,0.4281628727912903
"(0, 19)",2,dam_as_total_procured__mw__sr__as_caiso,0.109963059425354,0.11702966690063477
"(0, 19)",2,dam_as_total_procured__mw__nr__as_caiso,0.2316218614578247,0.2329227328300476
"(0, 23)",2,actual_load__mw__ca_iso_tac,0.7066723108291626,0.7055784463882446
"(0, 23)",2,dam_schedule__mw__generation__caiso_totals,0.6459923982620239,0.6541039347648621
"(0, 23)",2,dam_schedule__mw__import__caiso_totals,0.28203052282333374,0.283932626247406
"(0, 23)",2,dam_schedule__mw__export__caiso_totals,0.38120484352111816,0.37158679962158203
"(0, 23)",2,dam_lmp__lmp_usd_per_mwh__th_sp15_gen_apnd,0.8767088055610657,0.8822931051254272
"(0, 23)",2,dam_lmp__congestion_usd_per_mwh__th_sp15_gen_apnd,0.46847647428512573,0.4582700729370117
"(0, 23)",2,dam_lmp__loss_usd_per_mwh__th_sp15_gen_apnd,0.41738831996917725,0.41578376293182373
"(0, 23)",2,rt15_lmp_hourly_mean__congestion_usd_per_mwh__th_sp15_gen_apnd,0.5255845785140991,0.5122122764587402
"(0, 23)",2,dam_as_total_procured__mw__ru__as_caiso,0.1935785412788391,0.17570006847381592
"(0, 23)",2,dam_as_total_procured__mw__rd__as_caiso,0.43022584915161133,0.4337666630744934
"(0, 23)",2,dam_as_total_procured__mw__sr__as_caiso,0.08030855655670166,0.09175682067871094
"(0, 23)",2,dam_as_total_procured__mw__nr__as_caiso,0.22736430168151855,0.23062437772750854
"(0, 27)",2,actual_load__mw__ca_iso_tac,0.6961857080459595,0.6952979564666748
"(0, 27)",2,dam_schedule__mw__generation__caiso_totals,0.6454372406005859,0.6561475992202759
"(0, 27)",2,dam_schedule__mw__import__caiso_totals,0.2498219609260559,0.247702956199646
"(0, 27)",2,dam_schedule__mw__export__caiso_totals,0.3873494863510132,0.3765968084335327
"(0, 27)",2,dam_lmp__lmp_usd_per_mwh__th_sp15_gen_apnd,0.5192795395851135,0.5430033206939697
"(0, 27)",2,dam_lmp__congestion_usd_per_mwh__th_sp15_gen_apnd,0.1723378300666809,0.18376249074935913
"(0, 27)",2,dam_lmp__loss_usd_per_mwh__th_sp15_gen_apnd,0.38463807106018066,0.3775750994682312
"(0, 27)",2,rt15_lmp_hourly_mean__congestion_usd_per_mwh__th_sp15_gen_apnd,0.13716232776641846,0.1615639328956604
"(0, 27)",2,dam_as_total_procured__mw__ru__as_caiso,0.13899379968643188,0.1243436336517334
"(0, 27)",2,dam_as_total_procured__mw__rd__as_caiso,0.2678046226501465,0.2720075845718384
"(0, 27)",2,dam_as_total_procured__mw__sr__as_caiso,0.0667681097984314,0.08214741945266724
"(0, 27)",2,dam_as_total_procured__mw__nr__as_caiso,0.212024986743927,0.21893036365509033
"(0, 31)",2,actual_load__mw__ca_iso_tac,0.6228456497192383,0.6202386617660522
"(0, 31)",2,dam_schedule__mw__generation__caiso_totals,0.5635743141174316,0.5800179243087769
"(0, 31)",2,dam_schedule__mw__import__caiso_totals,0.2120690941810608,0.2117394208908081
"(0, 31)",2,dam_schedule__mw__export__caiso_totals,0.29439055919647217,0.2900427579879761
"(0, 31)",2,dam_lmp__lmp_usd_per_mwh__th_sp15_gen_apnd,0.45682454109191895,0.4851701259613037
"(0, 31)",2,dam_lmp__congestion_usd_per_mwh__th_sp15_gen_apnd,0.08188039064407349,0.08810150623321533
"(0, 31)",2,dam_lmp__loss_usd_per_mwh__th_sp15_gen_apnd,0.36526554822921753,0.3609502911567688
"(0, 31)",2,rt15_lmp_hourly_mean__congestion_usd_per_mwh__th_sp15_gen_apnd,0.08883082866668701,0.10008835792541504
"(0, 31)",2,dam_as_total_procured__mw__ru__as_caiso,0.07247406244277954,0.06351304054260254
"(0, 31)",2,dam_as_total_procured__mw__rd__as_caiso,0.12903010845184326,0.1332545280456543
"(0, 31)",2,dam_as_total_procured__mw__sr__as_caiso,0.038955867290496826,0.048805296421051025
"(0, 31)",2,dam_as_total_procured__mw__nr__as_caiso,0.199618399143219,0.20944517850875854
"(0, 35)",2,actual_load__mw__ca_iso_tac,0.7858705520629883,0.7917892932891846
"(0, 35)",2,dam_schedule__mw__generation__caiso_totals,0.736423909664154,0.75176602602005
"(0, 35)",2,dam_schedule__mw__import__caiso_totals,0.3716576099395752,0.37027132511138916
"(0, 35)",2,dam_schedule__mw__export__caiso_totals,0.4390491843223572,0.44325023889541626
"(0, 35)",2,dam_lmp__lmp_usd_per_mwh__th_sp15_gen_apnd,0.6822687387466431,0.6967468857765198
"(0, 35)",2,dam_lmp__congestion_usd_per_mwh__th_sp15_gen_apnd,0.42794281244277954,0.40320438146591187
"(0, 35)",2,dam_lmp__loss_usd_per_mwh__th_sp15_gen_apnd,0.39919400215148926,0.3998728394508362
"(0, 35)",2,rt15_lmp_hourly_mean__congestion_usd_per_mwh__th_sp15_gen_apnd,0.2609212398529053,0.2655143737792969
"(0, 35)",2,dam_as_total_procured__mw__ru__as_caiso,0.4086432456970215,0.41555994749069214
"(0, 35)",2,dam_as_total_procured__mw__rd__as_caiso,0.9783368706703186,0.9766061305999756
"(0, 35)",2,dam_as_total_procured__mw__sr__as_caiso,0.09192389249801636,0.123349130153656
"(0, 35)",2,dam_as_total_procured__mw__nr__as_caiso,0.20714372396469116,0.2090509533882141
"(0, 39)",2,actual_load__mw__ca_iso_tac,0.6403958797454834,0.6404087543487549
"(0, 39)",2,dam_schedule__mw__generation__caiso_totals,0.5911003351211548,0.608424186706543
"(0, 39)",2,dam_schedule__mw__import__caiso_totals,0.22017842531204224,0.22473174333572388
"(0, 39)",2,dam_schedule__mw__export__caiso_totals,0.33243948221206665,0.3236262798309326
"(0, 39)",2,dam_lmp__lmp_usd_per_mwh__th_sp15_gen_apnd,0.49222302436828613,0.5255242586135864
"(0, 39)",2,dam_lmp__congestion_usd_per_mwh__th_sp15_gen_apnd,0.1300208568572998,0.13795483112335205
"(0, 39)",2,dam_lmp__loss_usd_per_mwh__th_sp15_gen_apnd,0.38062238693237305,0.3810977339744568
"(0, 39)",2,rt15_lmp_hourly_mean__congestion_usd_per_mwh__th_sp15_gen_apnd,0.1218913197517395,0.13476049900054932
"(0, 39)",2,dam_as_total_procured__mw__ru__as_caiso,0.13743656873703003,0.12183278799057007
"(0, 39)",2,dam_as_total_procured__mw__rd__as_caiso,0.19035524129867554,0.2024770975112915
"(0, 39)",2,dam_as_total_procured__mw__sr__as_caiso,0.058339715003967285,0.06615573167800903
"(0, 39)",2,dam_as_total_procured__mw__nr__as_caiso,0.21315443515777588,0.21888911724090576
"(0, 43)",2,actual_load__mw__ca_iso_tac,0.7342247366905212,0.7288452386856079
"(0, 43)",2,dam_schedule__mw__generation__caiso_totals,0.697166919708252,0.6982885599136353
"(0, 43)",2,dam_schedule__mw__import__caiso_totals,0.28847062587738037,0.28349602222442627
"(0, 43)",2,dam_schedule__mw__export__caiso_totals,0.37991756200790405,0.37892860174179077
"(0, 43)",2,dam_lmp__lmp_usd_per_mwh__th_sp15_gen_apnd,0.5497147440910339,0.5755576491355896
"(0, 43)",2,dam_lmp__congestion_usd_per_mwh__th_sp15_gen_apnd,0.19361960887908936,0.19419068098068237
"(0, 43)",2,dam_lmp__loss_usd_per_mwh__th_sp15_gen_apnd,0.3726179599761963,0.36352694034576416
"(0, 43)",2,rt15_lmp_hourly_mean__congestion_usd_per_mwh__th_sp15_gen_apnd,0.15017640590667725,0.16706621646881104
"(0, 43)",2,dam_as_total_procured__mw__ru__as_caiso,0.10108327865600586,0.09430563449859619
"(0, 43)",2,dam_as_total_procured__mw__rd__as_caiso,0.2566295266151428,0.27498704195022583
"(0, 43)",2,dam_as_total_procured__mw__sr__as_caiso,0.061287105083465576,0.08209443092346191
"(0, 43)",2,dam_as_total_procured__mw__nr__as_caiso,0.21186822652816772,0.2189883589744568
"(1, 5)",2,actual_load__mw__ca_iso_tac,0.8310062885284424,0.8335275650024414
"(1, 5)",2,dam_schedule__mw__generation__caiso_totals,0.8351688385009766,0.836504340171814
"(1, 5)",2,dam_schedule__mw__import__caiso_totals,0.14541345834732056,0.13882946968078613
"(1, 5)",2,dam_schedule__mw__export__caiso_totals,0.5752893686294556,0.5455641150474548
"(1, 5)",2,dam_lmp__lmp_usd_per_mwh__th_sp15_gen_apnd,0.37447911500930786,0.36803531646728516
"(1, 5)",2,dam_lmp__congestion_usd_per_mwh__th_sp15_gen_apnd,0.12369269132614136,0.11215007305145264
"(1, 5)",2,dam_lmp__loss_usd_per_mwh__th_sp15_gen_apnd,0.31349754333496094,0.30947667360305786
"(1, 5)",2,rt15_lmp_hourly_mean__congestion_usd_per_mwh__th_sp15_gen_apnd,0.10812681913375854,0.10534608364105225
"(1, 5)",2,dam_as_total_procured__mw__ru__as_caiso,0.10846501588821411,0.11046022176742554
"(1, 5)",2,dam_as_total_procured__mw__rd__as_caiso,0.17478036880493164,0.1701391339302063
"(1, 5)",2,dam_as_total_procured__mw__sr__as_caiso,0.11102622747421265,0.12525689601898193
"(1, 5)",2,dam_as_total_procured__mw__nr__as_caiso,0.1925792694091797,0.19143861532211304
"(1, 9)",2,actual_load__mw__ca_iso_tac,0.8944597244262695,0.8936023116111755
"(1, 9)",2,dam_schedule__mw__generation__caiso_totals,0.876727283000946,0.8744914531707764
"(1, 9)",2,dam_schedule__mw__import__caiso_totals,0.34683096408843994,0.3529507517814636
"(1, 9)",2,dam_schedule__mw__export__caiso_totals,0.552324652671814,0.555086612701416
"(1, 9)",2,dam_lmp__lmp_usd_per_mwh__th_sp15_gen_apnd,0.7659685611724854,0.7761854529380798
"(1, 9)",2,dam_lmp__congestion_usd_per_mwh__th_sp15_gen_apnd,0.46640533208847046,0.4657495617866516
"(1, 9)",2,dam_lmp__loss_usd_per_mwh__th_sp15_gen_apnd,0.3384284973144531,0.32316696643829346
"(1, 9)",2,rt15_lmp_hourly_mean__congestion_usd_per_mwh__th_sp15_gen_apnd,0.3057647943496704,0.3244239091873169
"(1, 9)",2,dam_as_total_procured__mw__ru__as_caiso,0.40977615118026733,0.39287394285202026
"(1, 9)",2,dam_as_total_procured__mw__rd__as_caiso,0.783666729927063,0.7740793228149414
"(1, 9)",2,dam_as_total_procured__mw__sr__as_caiso,0.1404096484184265,0.17626339197158813
"(1, 9)",2,dam_as_total_procured__mw__nr__as_caiso,0.21882760524749756,0.2195659875869751
"(1, 13)",2,actual_load__mw__ca_iso_tac,0.8840352296829224,0.8819438219070435
"(1, 13)",2,dam_schedule__mw__generation__caiso_totals,0.8775659203529358,0.8754704594612122
"(1, 13)",2,dam_schedule__mw__import__caiso_totals,0.39687204360961914,0.399428129196167
"(1, 13)",2,dam_schedule__mw__export__caiso_totals,0.5694520473480225,0.5720926523208618
"(1, 13)",2,dam_lmp__lmp_usd_per_mwh__th_sp15_gen_apnd,0.7700555324554443,0.78529292345047
"(1, 13)",2,dam_lmp__congestion_usd_per_mwh__th_sp15_gen_apnd,0.4652324914932251,0.4642612934112549
"(1, 13)",2,dam_lmp__loss_usd_per_mwh__th_sp15_gen_apnd,0.39276909828186035,0.37919193506240845
"(1, 13)",2,rt15_lmp_hourly_mean__congestion_usd_per_mwh__th_sp15_gen_apnd,0.31574416160583496,0.31603026390075684
"(1, 13)",2,dam_as_total_procured__mw__ru__as_caiso,0.38355422019958496,0.36638665199279785
"(1, 13)",2,dam_as_total_procured__mw__rd__as_caiso,0.7688094973564148,0.7595748901367188
"(1, 13)",2,dam_as_total_procured__mw__sr__as_caiso,0.13995569944381714,0.1740155816078186
"(1, 13)",2,dam_as_total_procured__mw__nr__as_caiso,0.2321305274963379,0.23829078674316406
"(1, 17)",2,actual_load__mw__ca_iso_tac,0.8892449736595154,0.8870447874069214
"(1, 17)",2,dam_schedule__mw__generation__caiso_totals,0.8775608539581299,0.8751261234283447
"(1, 17)",2,dam_schedule__mw__import__caiso_totals,0.37690311670303345,0.38274312019348145
"(1, 17)",2,dam_schedule__mw__export__caiso_totals,0.5583906769752502,0.5604028701782227
"(1, 17)",2,dam_lmp__lmp_usd_per_mwh__th_sp15_gen_apnd,0.7707148194313049,0.7866068482398987
"(1, 17)",2,dam_lmp__congestion_usd_per_mwh__th_sp15_gen_apnd,0.46377813816070557,0.46232831478118896
"(1, 17)",2,dam_lmp__loss_usd_per_mwh__th_sp15_gen_apnd,0.38422679901123047,0.37138915061950684
"(1, 17)",2,rt15_lmp_hourly_mean__congestion_usd_per_mwh__th_sp15_gen_apnd,0.2983444929122925,0.3075289726257324
"(1, 17)",2,dam_as_total_procured__mw__ru__as_caiso,0.40909862518310547,0.38936126232147217
"(1, 17)",2,dam_as_total_procured__mw__rd__as_caiso,0.7821083068847656,0.7734033465385437
"(1, 17)",2,dam_as_total_procured__mw__sr__as_caiso,0.14496326446533203,0.1807982325553894
"(1, 17)",2,dam_as_total_procured__mw__nr__as_caiso,0.2306995391845703,0.23895514011383057
"(1, 21)",2,actual_load__mw__ca_iso_tac,0.8728702664375305,0.8722301125526428
"(1, 21)",2,dam_schedule__mw__generation__caiso_totals,0.8664209246635437,0.8673152327537537
"(1, 21)",2,dam_schedule__mw__import__caiso_totals,0.3016243577003479,0.3291195034980774
"(1, 21)",2,dam_schedule__mw__export__caiso_totals,0.5548454523086548,0.545600175857544
"(1, 21)",2,dam_lmp__lmp_usd_per_mwh__th_sp15_gen_apnd,0.9599434733390808,0.9645256996154785
"(1, 21)",2,dam_lmp__congestion_usd_per_mwh__th_sp15_gen_apnd,0.45926612615585327,0.4556163549423218
"(1, 21)",2,dam_lmp__loss_usd_per_mwh__th_sp15_gen_apnd,0.41346263885498047,0.41322648525238037
"(1, 21)",2,rt15_lmp_hourly_mean__congestion_usd_per_mwh__th_sp15_gen_apnd,0.36926501989364624,0.33749455213546753
"(1, 21)",2,dam_as_total_procured__mw__ru__as_caiso,0.22696399688720703,0.21359306573867798
"(1, 21)",2,dam_as_total_procured__mw__rd__as_caiso,0.5283349752426147,0.5276813507080078
"(1, 21)",2,dam_as_total_procured__mw__sr__as_caiso,0.16845673322677612,0.18573707342147827
"(1, 21)",2,dam_as_total_procured__mw__nr__as_caiso,0.22724413871765137,0.22043132781982422
"(1, 25)",2,actual_load__mw__ca_iso_tac,0.8634307384490967,0.8605704307556152
"(1, 25)",2,dam_schedule__mw__generation__caiso_totals,0.8477977514266968,0.8488603830337524
"(1, 25)",2,dam_schedule__mw__import__caiso_totals,0.20261210203170776,0.20252156257629395
"(1, 25)",2,dam_schedule__mw__export__caiso_totals,0.4715802073478699,0.4747213125228882
"(1, 25)",2,dam_lmp__lmp_usd_per_mwh__th_sp15_gen_apnd,0.4461402893066406,0.45554274320602417
"(1, 25)",2,dam_lmp__congestion_usd_per_mwh__th_sp15_gen_apnd,0.2620850205421448,0.25557124614715576
"(1, 25)",2,dam_lmp__loss_usd_per_mwh__th_sp15_gen_apnd,0.31186485290527344,0.3173542022705078
"(1, 25)",2,rt15_lmp_hourly_mean__congestion_usd_per_mwh__th_sp15_gen_apnd,0.23351502418518066,0.23551273345947266
"(1, 25)",2,dam_as_total_procured__mw__ru__as_caiso,0.1781367063522339,0.16655540466308594
"(1, 25)",2,dam_as_total_procured__mw__rd__as_caiso,0.4041309356689453,0.3995007276535034
"(1, 25)",2,dam_as_total_procured__mw__sr__as_caiso,0.09531188011169434,0.1191510558128357
"(1, 25)",2,dam_as_total_procured__mw__nr__as_caiso,0.20610803365707397,0.20883691310882568
"(1, 29)",2,actual_load__mw__ca_iso_tac,0.8649228811264038,0.8680273294448853
"(1, 29)",2,dam_schedule__mw__generation__caiso_totals,0.8444701433181763,0.8460046648979187
"(1, 29)",2,dam_schedule__mw__import__caiso_totals,0.3123171925544739,0.32002025842666626
"(1, 29)",2,dam_schedule__mw__export__caiso_totals,0.5494502782821655,0.5475708842277527
"(1, 29)",2,dam_lmp__lmp_usd_per_mwh__th_sp15_gen_apnd,0.6706295013427734,0.693065881729126
"(1, 29)",2,dam_lmp__congestion_usd_per_mwh__th_sp15_gen_apnd,0.28055518865585327,0.3009483814239502
"(1, 29)",2,dam_lmp__loss_usd_per_mwh__th_sp15_gen_apnd,0.36324137449264526,0.36184412240982056
"(1, 29)",2,rt15_lmp_hourly_mean__congestion_usd_per_mwh__th_sp15_gen_apnd,0.20112693309783936,0.22493451833724976
"(1, 29)",2,dam_as_total_procured__mw__ru__as_caiso,0.15795642137527466,0.14951938390731812
"(1, 29)",2,dam_as_total_procured__mw__rd__as_caiso,0.40834617614746094,0.4178926348686218
"(1, 29)",2,dam_as_total_procured__mw__sr__as_caiso,0.12867331504821777,0.16736942529678345
"(1, 29)",2,dam_as_total_procured__mw__nr__as_caiso,0.21937769651412964,0.2271251082420349
"(1, 33)",2,actual_load__mw__ca_iso_tac,0.8679099082946777,0.8655736446380615
"(1, 33)",2,dam_schedule__mw__generation__caiso_totals,0.8519333004951477,0.853560745716095
"(1, 33)",2,dam_schedule__mw__import__caiso_totals,0.2716858983039856,0.2768901586532593
"(1, 33)",2,dam_schedule__mw__export__caiso_totals,0.4858309030532837,0.48501598834991455
"(1, 33)",2,dam_lmp__lmp_usd_per_mwh__th_sp15_gen_apnd,0.56378173828125,0.5723224878311157
"(1, 33)",2,dam_lmp__congestion_usd_per_mwh__th_sp15_gen_apnd,0.3410030007362366,0.3310273289680481
"(1, 33)",2,dam_lmp__loss_usd_per_mwh__th_sp15_gen_apnd,0.2491655945777893,0.2483082413673401
"(1, 33)",2,rt15_lmp_hourly_mean__congestion_usd_per_mwh__th_sp15_gen_apnd,0.2513425946235657,0.2598891258239746
"(1, 33)",2,dam_as_total_procured__mw__ru__as_caiso,0.3233107924461365,0.30880337953567505
"(1, 33)",2,dam_as_total_procured__mw__rd__as_caiso,0.7421185970306396,0.738184928894043
"(1, 33)",2,dam_as_total_procured__mw__sr__as_caiso,0.11547333002090454,0.13981974124908447
"(1, 33)",2,dam_as_total_procured__mw__nr__as_caiso,0.19612270593643188,0.19489675760269165
"(1, 37)",2,actual_load__mw__ca_iso_tac,0.8732249736785889,0.8755031228065491
"(1, 37)",2,dam_schedule__mw__generation__caiso_totals,0.8233311176300049,0.8293083906173706
"(1, 37)",2,dam_schedule__mw__import__caiso_totals,0.1802818775177002,0.17868423461914062
"(1, 37)",2,dam_schedule__mw__export__caiso_totals,0.44781506061553955,0.45018213987350464
"(1, 37)",2,dam_lmp__lmp_usd_per_mwh__th_sp15_gen_apnd,0.4367442727088928,0.4538227319717407
"(1, 37)",2,dam_lmp__congestion_usd_per_mwh__th_sp15_gen_apnd,0.14836770296096802,0.15786898136138916
"(1, 37)",2,dam_lmp__loss_usd_per_mwh__th_sp15_gen_apnd,0.32384467124938965,0.30803585052490234
"(1, 37)",2,rt15_lmp_hourly_mean__congestion_usd_per_mwh__th_sp15_gen_apnd,0.1185230016708374,0.1387481689453125
"(1, 37)",2,dam_as_total_procured__mw__ru__as_caiso,0.13080686330795288,0.1281590461730957
"(1, 37)",2,dam_as_total_procured__mw__rd__as_caiso,0.21214765310287476,0.22479331493377686
"(1, 37)",2,dam_as_total_procured__mw__sr__as_caiso,0.1721019744873047,0.1874678134918213
"(1, 37)",2,dam_as_total_procured__mw__nr__as_caiso,0.4732860326766968,0.47017353773117065
"(1, 41)",2,actual_load__mw__ca_iso_tac,0.8470544815063477,0.8465878367424011
"(1, 41)",2,dam_schedule__mw__generation__caiso_totals,0.845425546169281,0.8462897539138794
"(1, 41)",2,dam_schedule__mw__import__caiso_totals,0.2112751603126526,0.21792948246002197
"(1, 41)",2,dam_schedule__mw__export__caiso_totals,0.5277595520019531,0.5229705572128296
"(1, 41)",2,dam_lmp__lmp_usd_per_mwh__th_sp15_gen_apnd,0.6551382541656494,0.6592742204666138
"(1, 41)",2,dam_lmp__congestion_usd_per_mwh__th_sp15_gen_apnd,0.2928772568702698,0.29705381393432617
"(1, 41)",2,dam_lmp__loss_usd_per_mwh__th_sp15_gen_apnd,0.32794058322906494,0.3141322731971741
"(1, 41)",2,rt15_lmp_hourly_mean__congestion_usd_per_mwh__th_sp15_gen_apnd,0.2457183599472046,0.2469397783279419
"(1, 41)",2,dam_as_total_procured__mw__ru__as_caiso,0.18671995401382446,0.17720907926559448
"(1, 41)",2,dam_as_total_procured__mw__rd__as_caiso,0.40185320377349854,0.40281540155410767
"(1, 41)",2,dam_as_total_procured__mw__sr__as_caiso,0.11068069934844971,0.12747102975845337
"(1, 41)",2,dam_as_total_procured__mw__nr__as_caiso,0.19791710376739502,0.19741588830947876
"(2, 4)",2,actual_load__mw__ca_iso_tac,0.735588550567627,0.7399395704269409
"(2, 4)",2,dam_schedule__mw__generation__caiso_totals,0.7827162742614746,0.7837437391281128
"(2, 4)",2,dam_schedule__mw__import__caiso_totals,0.28326940536499023,0.29259592294692993
"(2, 4)",2,dam_schedule__mw__export__caiso_totals,0.6316620111465454,0.6191551685333252
"(2, 4)",2,dam_lmp__lmp_usd_per_mwh__th_sp15_gen_apnd,0.6192063093185425,0.655204176902771
"(2, 4)",2,dam_lmp__congestion_usd_per_mwh__th_sp15_gen_apnd,0.25413215160369873,0.2981422543525696
"(2, 4)",2,dam_lmp__loss_usd_per_mwh__th_sp15_gen_apnd,0.346377432346344,0.3454134464263916
"(2, 4)",2,rt15_lmp_hourly_mean__congestion_usd_per_mwh__th_sp15_gen_apnd,0.22238337993621826,0.2556886076927185
"(2, 4)",2,dam_as_total_procured__mw__ru__as_caiso,0.215395987033844,0.19656622409820557
"(2, 4)",2,dam_as_total_procured__mw__rd__as_caiso,0.4031376242637634,0.4096308946609497
"(2, 4)",2,dam_as_total_procured__mw__sr__as_caiso,0.08562308549880981,0.11168080568313599
"(2, 4)",2,dam_as_total_procured__mw__nr__as_caiso,0.19479840993881226,0.19015371799468994
"(2, 8)",2,actual_load__mw__ca_iso_tac,0.5277827978134155,0.5253982543945312
"(2, 8)",2,dam_schedule__mw__generation__caiso_totals,0.48517847061157227,0.49110841751098633
"(2, 8)",2,dam_schedule__mw__import__caiso_totals,0.24732255935668945,0.25787580013275146
"(2, 8)",2,dam_schedule__mw__export__caiso_totals,0.2790801525115967,0.2738591432571411
"(2, 8)",2,dam_lmp__lmp_usd_per_mwh__th_sp15_gen_apnd,0.6085128784179688,0.6261215209960938
"(2, 8)",2,dam_lmp__congestion_usd_per_mwh__th_sp15_gen_apnd,0.20919418334960938,0.23347258567810059
"(2, 8)",2,dam_lmp__loss_usd_per_mwh__th_sp15_gen_apnd,0.33647656440734863,0.3366296887397766
"(2, 8)",2,rt15_lmp_hourly_mean__congestion_usd_per_mwh__th_sp15_gen_apnd,0.17900627851486206,0.20067739486694336
"(2, 8)",2,dam_as_total_procured__mw__ru__as_caiso,0.12929874658584595,0.12036538124084473
"(2, 8)",2,dam_as_total_procured__mw__rd__as_caiso,0.2572186589241028,0.2565022110939026
"(2, 8)",2,dam_as_total_procured__mw__sr__as_caiso,0.07389158010482788,0.08182716369628906
"(2, 8)",2,dam_as_total_procured__mw__nr__as_caiso,0.16592848300933838,0.16806095838546753
"(2, 12)",2,actual_load__mw__ca_iso_tac,0.51537024974823,0.5124002695083618
"(2, 12)",2,dam_schedule__mw__generation__caiso_totals,0.4632211923599243,0.47146111726760864
"(2, 12)",2,dam_schedule__mw__import__caiso_totals,0.25857222080230713,0.2673479914665222
"(2, 12)",2,dam_schedule__mw__export__caiso_totals,0.21220296621322632,0.21491914987564087
"(2, 12)",2,dam_lmp__lmp_usd_per_mwh__th_sp15_gen_apnd,0.6137735247612,0.6315873861312866
"(2, 12)",2,dam_lmp__congestion_usd_per_mwh__th_sp15_gen_apnd,0.19375348091125488,0.21764129400253296
"(2, 12)",2,dam_lmp__loss_usd_per_mwh__th_sp15_gen_apnd,0.32794189453125,0.32091832160949707
"(2, 12)",2,rt15_lmp_hourly_mean__congestion_usd_per_mwh__th_sp15_gen_apnd,0.1835097074508667,0.20589929819107056
"(2, 12)",2,dam_as_total_procured__mw__ru__as_caiso,0.12440711259841919,0.10974258184432983
"(2, 12)",2,dam_as_total_procured__mw__rd__as_caiso,0.26103222370147705,0.2571287155151367
"(2, 12)",2,dam_as_total_procured__mw__sr__as_caiso,0.06100839376449585,0.07431095838546753
"(2, 12)",2,dam_as_total_procured__mw__nr__as_caiso,0.14337414503097534,0.14912229776382446
"(2, 16)",2,actual_load__mw__ca_iso_tac,0.5248624682426453,0.5168294906616211
"(2, 16)",2,dam_schedule__mw__generation__caiso_totals,0.4701423645019531,0.47786831855773926
"(2, 16)",2,dam_schedule__mw__import__caiso_totals,0.26453155279159546,0.27154433727264404
"(2, 16)",2,dam_schedule__mw__export__caiso_totals,0.25805556774139404,0.24753451347351074
"(2, 16)",2,dam_lmp__lmp_usd_per_mwh__th_sp15_gen_apnd,0.6353487968444824,0.651056170463562
"(2, 16)",2,dam_lmp__congestion_usd_per_mwh__th_sp15_gen_apnd,0.19290924072265625,0.217948317527771
"(2, 16)",2,dam_lmp__loss_usd_per_mwh__th_sp15_gen_apnd,0.34822696447372437,0.3361833095550537
"(2, 16)",2,rt15_lmp_hourly_mean__congestion_usd_per_mwh__th_sp15_gen_apnd,0.17919933795928955,0.19870275259017944
"(2, 16)",2,dam_as_total_procured__mw__ru__as_caiso,0.13528263568878174,0.12707966566085815
"(2, 16)",2,dam_as_total_procured__mw__rd__as_caiso,0.2685135006904602,0.2649109363555908
"(2, 16)",2,dam_as_total_procured__mw__sr__as_caiso,0.05658924579620361,0.0772172212600708
"(2, 16)",2,dam_as_total_procured__mw__nr__as_caiso,0.17484831809997559,0.17782092094421387
"(2, 20)",2,actual_load__mw__ca_iso_tac,0.5640767812728882,0.5730669498443604
"(2, 20)",2,dam_schedule__mw__generation__caiso_totals,0.47308599948883057,0.48716676235198975
"(2, 20)",2,dam_schedule__mw__import__caiso_totals,0.2849191427230835,0.30407458543777466
"(2, 20)",2,dam_schedule__mw__export__caiso_totals,0.2357277274131775,0.2435678243637085
"(2, 20)",2,dam_lmp__lmp_usd_per_mwh__th_sp15_gen_apnd,0.8251733183860779,0.8356698751449585
"(2, 20)",2,dam_lmp__congestion_usd_per_mwh__th_sp15_gen_apnd,0.23673951625823975,0.27143043279647827
"(2, 20)",2,dam_lmp__loss_usd_per_mwh__th_sp15_gen_apnd,0.46406036615371704,0.4684408903121948
"(2, 20)",2,rt15_lmp_hourly_mean__congestion_usd_per_mwh__th_sp15_gen_apnd,0.1903577446937561,0.2162799835205078
"(2, 20)",2,dam_as_total_procured__mw__ru__as_caiso,0.17146062850952148,0.16790145635604858
"(2, 20)",2,dam_as_total_procured__mw__rd__as_caiso,0.32322239875793457,0.343472421169281
"(2, 20)",2,dam_as_total_procured__mw__sr__as_caiso,0.10750603675842285,0.12031179666519165
"(2, 20)",2,dam_as_total_procured__mw__nr__as_caiso,0.1747177243232727,0.17527002096176147
"(2, 24)",2,actual_load__mw__ca_iso_tac,0.5903054475784302,0.5922160148620605
"(2, 24)",2,dam_schedule__mw__generation__caiso_totals,0.5122305154800415,0.5227272510528564
"(2, 24)",2,dam_schedule__mw__import__caiso_totals,0.28912055492401123,0.30997365713119507
"(2, 24)",2,dam_schedule__mw__export__caiso_totals,0.2539994716644287,0.2639276385307312
"(2, 24)",2,dam_lmp__lmp_usd_per_mwh__th_sp15_gen_apnd,0.8432452082633972,0.8548231720924377
"(2, 24)",2,dam_lmp__congestion_usd_per_mwh__th_sp15_gen_apnd,0.3898472785949707,0.39586496353149414
"(2, 24)",2,dam_lmp__loss_usd_per_mwh__th_sp15_gen_apnd,0.3667840361595154,0.381536066532135
"(2, 24)",2,rt15_lmp_hourly_mean__congestion_usd_per_mwh__th_sp15_gen_apnd,0.3946506977081299,0.3974109888076782
"(2, 24)",2,dam_as_total_procured__mw__ru__as_caiso,0.19273674488067627,0.18160688877105713
"(2, 24)",2,dam_as_total_procured__mw__rd__as_caiso,0.42512303590774536,0.43445420265197754
"(2, 24)",2,dam_as_total_procured__mw__sr__as_caiso,0.07913374900817871,0.09415644407272339
"(2, 24)",2,dam_as_total_procured__mw__nr__as_caiso,0.18398350477218628,0.17921024560928345
"(2, 28)",2,actual_load__mw__ca_iso_tac,0.8583396077156067,0.8588130474090576
"(2, 28)",2,dam_schedule__mw__generation__caiso_totals,0.8448892831802368,0.8505520820617676
"(2, 28)",2,dam_schedule__mw__import__caiso_totals,0.27426648139953613,0.28900396823883057
"(2, 28)",2,dam_schedule__mw__export__caiso_totals,0.5463201999664307,0.5446110963821411
"(2, 28)",2,dam_lmp__lmp_usd_per_mwh__th_sp15_gen_apnd,0.6605935096740723,0.6806721091270447
"(2, 28)",2,dam_lmp__congestion_usd_per_mwh__th_sp15_gen_apnd,0.25253385305404663,0.27990972995758057
"(2, 28)",2,dam_lmp__loss_usd_per_mwh__th_sp15_gen_apnd,0.3499640226364136,0.3514857292175293
"(2, 28)",2,rt15_lmp_hourly_mean__congestion_usd_per_mwh__th_sp15_gen_apnd,0.238858163356781,0.2599608302116394
"(2, 28)",2,dam_as_total_procured__mw__ru__as_caiso,0.1977602243423462,0.18235939741134644
"(2, 28)",2,dam_as_total_procured__mw__rd__as_caiso,0.39936792850494385,0.3969857692718506
"(2, 28)",2,dam_as_total_procured__mw__sr__as_caiso,0.13833630084991455,0.16753172874450684
"(2, 28)",2,dam_as_total_procured__mw__nr__as_caiso,0.20581543445587158,0.20393621921539307
"(2, 32)",2,actual_load__mw__ca_iso_tac,0.5596640706062317,0.546916127204895
"(2, 32)",2,dam_schedule__mw__generation__caiso_totals,0.520940899848938,0.5269041657447815
"(2, 32)",2,dam_schedule__mw__import__caiso_totals,0.27662986516952515,0.2891300320625305
"(2, 32)",2,dam_schedule__mw__export__caiso_totals,0.23977726697921753,0.24305200576782227
"(2, 32)",2,dam_lmp__lmp_usd_per_mwh__th_sp15_gen_apnd,0.6612579822540283,0.6702859401702881
"(2, 32)",2,dam_lmp__congestion_usd_per_mwh__th_sp15_gen_apnd,0.2785094380378723,0.28399473428726196
"(2, 32)",2,dam_lmp__loss_usd_per_mwh__th_sp15_gen_apnd,0.32224220037460327,0.3207474946975708
"(2, 32)",2,rt15_lmp_hourly_mean__congestion_usd_per_mwh__th_sp15_gen_apnd,0.2289695143699646,0.2413882613182068
"(2, 32)",2,dam_as_total_procured__mw__ru__as_caiso,0.40138745307922363,0.39738595485687256
"(2, 32)",2,dam_as_total_procured__mw__rd__as_caiso,0.47769349813461304,0.466281533241272
"(2, 32)",2,dam_as_total_procured__mw__sr__as_caiso,0.06180685758590698,0.08353781700134277
"(2, 32)",2,dam_as_total_procured__mw__nr__as_caiso,0.15751302242279053,0.16293716430664062
"(2, 36)",2,actual_load__mw__ca_iso_tac,0.7154171466827393,0.734007716178894
"(2, 36)",2,dam_schedule__mw__generation__caiso_totals,0.618546724319458,0.647417426109314
"(2, 36)",2,dam_schedule__mw__import__caiso_totals,0.308624804019928,0.3120814561843872
"(2, 36)",2,dam_schedule__mw__export__caiso_totals,0.3977450132369995,0.40476423501968384
"(2, 36)",2,dam_lmp__lmp_usd_per_mwh__th_sp15_gen_apnd,0.6595032215118408,0.6820726990699768
"(2, 36)",2,dam_lmp__congestion_usd_per_mwh__th_sp15_gen_apnd,0.25182241201400757,0.2770928144454956
"(2, 36)",2,dam_lmp__loss_usd_per_mwh__th_sp15_gen_apnd,0.31240832805633545,0.32081103324890137
"(2, 36)",2,rt15_lmp_hourly_mean__congestion_usd_per_mwh__th_sp15_gen_apnd,0.21168756484985352,0.24104100465774536
"(2, 36)",2,dam_as_total_procured__mw__ru__as_caiso,0.19142425060272217,0.16873067617416382
"(2, 36)",2,dam_as_total_procured__mw__rd__as_caiso,0.3399519920349121,0.3492676019668579
"(2, 36)",2,dam_as_total_procured__mw__sr__as_caiso,0.16774576902389526,0.18072855472564697
"(2, 36)",2,dam_as_total_procured__mw__nr__as_caiso,0.47215014696121216,0.46484994888305664
"(2, 40)",2,actual_load__mw__ca_iso_tac,0.5100787878036499,0.5128881931304932
"(2, 40)",2,dam_schedule__mw__generation__caiso_totals,0.4671822190284729,0.4846994876861572
"(2, 40)",2,dam_schedule__mw__import__caiso_totals,0.2457256317138672,0.26098763942718506
"(2, 40)",2,dam_schedule__mw__export__caiso_totals,0.21999794244766235,0.21725863218307495
"(2, 40)",2,dam_lmp__lmp_usd_per_mwh__th_sp15_gen_apnd,0.6279221773147583,0.647013783454895
"(2, 40)",2,dam_lmp__congestion_usd_per_mwh__th_sp15_gen_apnd,0.20269757509231567,0.2246558666229248
"(2, 40)",2,dam_lmp__loss_usd_per_mwh__th_sp15_gen_apnd,0.30481046438217163,0.3000859022140503
"(2, 40)",2,rt15_lmp_hourly_mean__congestion_usd_per_mwh__th_sp15_gen_apnd,0.18660682439804077,0.204636812210083
"(2, 40)",2,dam_as_total_procured__mw__ru__as_caiso,0.12486755847930908,0.11240124702453613
"(2, 40)",2,dam_as_total_procured__mw__rd__as_caiso,0.2583211660385132,0.26538777351379395
"(2, 40)",2,dam_as_total_procured__mw__sr__as_caiso,0.060684382915496826,0.07544755935668945
"(2, 40)",2,dam_as_total_procured__mw__nr__as_caiso,0.15079617500305176,0.14910584688186646
"(3, 4)",2,actual_load__mw__ca_iso_tac,0.8176008462905884,0.8222733736038208
"(3, 4)",2,dam_schedule__mw__generation__caiso_totals,0.8318238258361816,0.8370417952537537
"(3, 4)",2,dam_schedule__mw__import__caiso_totals,0.22963786125183105,0.23229146003723145
"(3, 4)",2,dam_schedule__mw__export__caiso_totals,0.6174217462539673,0.60600745677948
"(3, 4)",2,dam_lmp__lmp_usd_per_mwh__th_sp15_gen_apnd,0.48330122232437134,0.5085766315460205
"(3, 4)",2,dam_lmp__congestion_usd_per_mwh__th_sp15_gen_apnd,0.15440499782562256,0.18874454498291016
"(3, 4)",2,dam_lmp__loss_usd_per_mwh__th_sp15_gen_apnd,0.3542404770851135,0.3524724245071411
"(3, 4)",2,rt15_lmp_hourly_mean__congestion_usd_per_mwh__th_sp15_gen_apnd,0.14759451150894165,0.17065268754959106
"(3, 4)",2,dam_as_total_procured__mw__ru__as_caiso,0.15312623977661133,0.1409982442855835
"(3, 4)",2,dam_as_total_procured__mw__rd__as_caiso,0.2702787518501282,0.2752533555030823
"(3, 4)",2,dam_as_total_procured__mw__sr__as_caiso,0.07530617713928223,0.09737217426300049
"(3, 4)",2,dam_as_total_procured__mw__nr__as_caiso,0.22042691707611084,0.21812069416046143
"(3, 8)",2,actual_load__mw__ca_iso_tac,0.767473578453064,0.764456033706665
"(3, 8)",2,dam_schedule__mw__generation__caiso_totals,0.7250122427940369,0.7344348430633545
"(3, 8)",2,dam_schedule__mw__import__caiso_totals,0.17462271451950073,0.17062675952911377
"(3, 8)",2,dam_schedule__mw__export__caiso_totals,0.3945607542991638,0.39679890871047974
"(3, 8)",2,dam_lmp__lmp_usd_per_mwh__th_sp15_gen_apnd,0.4356042146682739,0.4459124803543091
"(3, 8)",2,dam_lmp__congestion_usd_per_mwh__th_sp15_gen_apnd,0.09656459093093872,0.09919965267181396
"(3, 8)",2,dam_lmp__loss_usd_per_mwh__th_sp15_gen_apnd,0.3899003863334656,0.3876420855522156
"(3, 8)",2,rt15_lmp_hourly_mean__congestion_usd_per_mwh__th_sp15_gen_apnd,0.09044957160949707,0.10984808206558228
"(3, 8)",2,dam_as_total_procured__mw__ru__as_caiso,0.09925389289855957,0.09863650798797607
"(3, 8)",2,dam_as_total_procured__mw__rd__as_caiso,0.12030136585235596,0.13118314743041992
"(3, 8)",2,dam_as_total_procured__mw__sr__as_caiso,0.07276302576065063,0.0763891339302063
"(3, 8)",2,dam_as_total_procured__mw__nr__as_caiso,0.21927881240844727,0.22444218397140503
"(3, 12)",2,actual_load__mw__ca_iso_tac,0.7749807238578796,0.7712247967720032
"(3, 12)",2,dam_schedule__mw__generation__caiso_totals,0.7336825132369995,0.7404937744140625
"(3, 12)",2,dam_schedule__mw__import__caiso_totals,0.1826266050338745,0.17989295721054077
"(3, 12)",2,dam_schedule__mw__export__caiso_totals,0.38121354579925537,0.37400317192077637
"(3, 12)",2,dam_lmp__lmp_usd_per_mwh__th_sp15_gen_apnd,0.4215123653411865,0.4331521987915039
"(3, 12)",2,dam_lmp__congestion_usd_per_mwh__th_sp15_gen_apnd,0.08139574527740479,0.08257979154586792
"(3, 12)",2,dam_lmp__loss_usd_per_mwh__th_sp15_gen_apnd,0.3411198854446411,0.33162885904312134
"(3, 12)",2,rt15_lmp_hourly_mean__congestion_usd_per_mwh__th_sp15_gen_apnd,0.09594482183456421,0.11331689357757568
"(3, 12)",2,dam_as_total_procured__mw__ru__as_caiso,0.08865821361541748,0.07781773805618286
"(3, 12)",2,dam_as_total_procured__mw__rd__as_caiso,0.12421905994415283,0.12496691942214966
"(3, 12)",2,dam_as_total_procured__mw__sr__as_caiso,0.06887412071228027,0.0773269534111023
"(3, 12)",2,dam_as_total_procured__mw__nr__as_caiso,0.21195268630981445,0.21529680490493774
"(3, 16)",2,actual_load__mw__ca_iso_tac,0.7810724973678589,0.7757126092910767
"(3, 16)",2,dam_schedule__mw__generation__caiso_totals,0.7304221987724304,0.7382715344429016
"(3, 16)",2,dam_schedule__mw__import__caiso_totals,0.18041586875915527,0.17620384693145752
"(3, 16)",2,dam_schedule__mw__export__caiso_totals,0.40176618099212646,0.38828372955322266
"(3, 16)",2,dam_lmp__lmp_usd_per_mwh__th_sp15_gen_apnd,0.44599080085754395,0.46079570055007935
"(3, 16)",2,dam_lmp__congestion_usd_per_mwh__th_sp15_gen_apnd,0.0862169861793518,0.0842519998550415
"(3, 16)",2,dam_lmp__loss_usd_per_mwh__th_sp15_gen_apnd,0.35966968536376953,0.35146933794021606
"(3, 16)",2,rt15_lmp_hourly_mean__congestion_usd_per_mwh__th_sp15_gen_apnd,0.09296649694442749,0.10761797428131104
"(3, 16)",2,dam_as_total_procured__mw__ru__as_caiso,0.10632413625717163,0.1010083556175232
"(3, 16)",2,dam_as_total_procured__mw__rd__as_caiso,0.13814163208007812,0.14374011754989624
"(3, 16)",2,dam_as_total_procured__mw__sr__as_caiso,0.06842315196990967,0.08150452375411987
"(3, 16)",2,dam_as_total_procured__mw__nr__as_caiso,0.22271567583084106,0.22627687454223633
"(3, 20)",2,actual_load__mw__ca_iso_tac,0.8155750036239624,0.8111783862113953
"(3, 20)",2,dam_schedule__mw__generation__caiso_totals,0.8006460666656494,0.8068547248840332
"(3, 20)",2,dam_schedule__mw__import__caiso_totals,0.2405509352684021,0.25165873765945435
"(3, 20)",2,dam_schedule__mw__export__caiso_totals,0.5001929998397827,0.4946547746658325
"(3, 20)",2,dam_lmp__lmp_usd_per_mwh__th_sp15_gen_apnd,0.8005914688110352,0.7997347712516785
"(3, 20)",2,dam_lmp__congestion_usd_per_mwh__th_sp15_gen_apnd,0.18788141012191772,0.169985830783844
"(3, 20)",2,dam_lmp__loss_usd_per_mwh__th_sp15_gen_apnd,0.48808974027633667,0.49227064847946167
"(3, 20)",2,rt15_lmp_hourly_mean__congestion_usd_per_mwh__th_sp15_gen_apnd,0.1663077473640442,0.15921181440353394
"(3, 20)",2,dam_as_total_procured__mw__ru__as_caiso,0.16051268577575684,0.15486115217208862
"(3, 20)",2,dam_as_total_procured__mw__rd__as_caiso,0.28898918628692627,0.30451124906539917
"(3, 20)",2,dam_as_total_procured__mw__sr__as_caiso,0.12574517726898193,0.13058406114578247
"(3, 20)",2,dam_as_total_procured__mw__nr__as_caiso,0.24869859218597412,0.24318289756774902
"(3, 24)",2,actual_load__mw__ca_iso_tac,0.8418567180633545,0.8395020365715027
"(3, 24)",2,dam_schedule__mw__generation__caiso_totals,0.8134989738464355,0.8188278675079346
"(3, 24)",2,dam_schedule__mw__import__caiso_totals,0.2566867470741272,0.2680965065956116
"(3, 24)",2,dam_schedule__mw__export__caiso_totals,0.48352742195129395,0.4831840395927429
"(3, 24)",2,dam_lmp__lmp_usd_per_mwh__th_sp15_gen_apnd,0.8267279863357544,0.8410241007804871
"(3, 24)",2,dam_lmp__congestion_usd_per_mwh__th_sp15_gen_apnd,0.392109751701355,0.3957263231277466
"(3, 24)",2,dam_lmp__loss_usd_per_mwh__th_sp15_gen_apnd,0.390519380569458,0.39784038066864014
"(3, 24)",2,rt15_lmp_hourly_mean__congestion_usd_per_mwh__th_sp15_gen_apnd,0.4016505479812622,0.3952248692512512
"(3, 24)",2,dam_as_total_procured__mw__ru__as_caiso,0.1735791563987732,0.1645393967628479
"(3, 24)",2,dam_as_total_procured__mw__rd__as_caiso,0.3915952444076538,0.4075620770454407
"(3, 24)",2,dam_as_total_procured__mw__sr__as_caiso,0.10999274253845215,0.12003469467163086
"(3, 24)",2,dam_as_total_procured__mw__nr__as_caiso,0.24485599994659424,0.23951077461242676
"(3, 28)",2,actual_load__mw__ca_iso_tac,0.8399723172187805,0.8378019332885742
"(3, 28)",2,dam_schedule__mw__generation__caiso_totals,0.8279281854629517,0.8319312930107117
"(3, 28)",2,dam_schedule__mw__import__caiso_totals,0.2622377276420593,0.2561195492744446
"(3, 28)",2,dam_schedule__mw__export__caiso_totals,0.47154027223587036,0.4792931079864502
"(3, 28)",2,dam_lmp__lmp_usd_per_mwh__th_sp15_gen_apnd,0.5673393607139587,0.5853198766708374
"(3, 28)",2,dam_lmp__congestion_usd_per_mwh__th_sp15_gen_apnd,0.1898820996284485,0.18240255117416382
"(3, 28)",2,dam_lmp__loss_usd_per_mwh__th_sp15_gen_apnd,0.4009246230125427,0.38796108961105347
"(3, 28)",2,rt15_lmp_hourly_mean__congestion_usd_per_mwh__th_sp15_gen_apnd,0.14164388179779053,0.16179049015045166
"(3, 28)",2,dam_as_total_procured__mw__ru__as_caiso,0.16498678922653198,0.15976279973983765
"(3, 28)",2,dam_as_total_procured__mw__rd__as_caiso,0.33469170331954956,0.32206499576568604
"(3, 28)",2,dam_as_total_procured__mw__sr__as_caiso,0.14270490407943726,0.16223400831222534
"(3, 28)",2,dam_as_total_procured__mw__nr__as_caiso,0.2289494276046753,0.2310745120048523
"(3, 32)",2,actual_load__mw__ca_iso_tac,0.784360408782959,0.7776973247528076
"(3, 32)",2,dam_schedule__mw__generation__caiso_totals,0.7544347047805786,0.7575379014015198
"(3, 32)",2,dam_schedule__mw__import__caiso_totals,0.21170830726623535,0.21558666229248047
"(3, 32)",2,dam_schedule__mw__export__caiso_totals,0.3999279737472534,0.38477760553359985
"(3, 32)",2,dam_lmp__lmp_usd_per_mwh__th_sp15_gen_apnd,0.5274173021316528,0.5286040306091309
"(3, 32)",2,dam_lmp__congestion_usd_per_mwh__th_sp15_gen_apnd,0.1952306628227234,0.17353683710098267
"(3, 32)",2,dam_lmp__loss_usd_per_mwh__th_sp15_gen_apnd,0.3529253602027893,0.3443678021430969
"(3, 32)",2,rt15_lmp_hourly_mean__congestion_usd_per_mwh__th_sp15_gen_apnd,0.15745288133621216,0.1627482771873474
"(3, 32)",2,dam_as_total_procured__mw__ru__as_caiso,0.38358932733535767,0.38169634342193604
"(3, 32)",2,dam_as_total_procured__mw__rd__as_caiso,0.38029271364212036,0.3717750906944275
"(3, 32)",2,dam_as_total_procured__mw__sr__as_caiso,0.08285868167877197,0.09375488758087158
"(3, 32)",2,dam_as_total_procured__mw__nr__as_caiso,0.2198183536529541,0.22401833534240723
"(3, 36)",2,actual_load__mw__ca_iso_tac,0.8468227982521057,0.8530694246292114
"(3, 36)",2,dam_schedule__mw__generation__caiso_totals,0.7651535272598267,0.777882993221283
"(3, 36)",2,dam_schedule__mw__import__caiso_totals,0.24983882904052734,0.251303493976593
"(3, 36)",2,dam_schedule__mw__export__caiso_totals,0.4305286407470703,0.42838406562805176
"(3, 36)",2,dam_lmp__lmp_usd_per_mwh__th_sp15_gen_apnd,0.5426332950592041,0.5818614959716797
"(3, 36)",2,dam_lmp__congestion_usd_per_mwh__th_sp15_gen_apnd,0.168914794921875,0.19804632663726807
"(3, 36)",2,dam_lmp__loss_usd_per_mwh__th_sp15_gen_apnd,0.3745385408401489,0.3676329255104065
"(3, 36)",2,rt15_lmp_hourly_mean__congestion_usd_per_mwh__th_sp15_gen_apnd,0.1278868317604065,0.16063135862350464
"(3, 36)",2,dam_as_total_procured__mw__ru__as_caiso,0.15573513507843018,0.1384810209274292
"(3, 36)",2,dam_as_total_procured__mw__rd__as_caiso,0.24408048391342163,0.26820600032806396
"(3, 36)",2,dam_as_total_procured__mw__sr__as_caiso,0.18539828062057495,0.19734400510787964
"(3, 36)",2,dam_as_total_procured__mw__nr__as_caiso,0.4795430898666382,0.4759514331817627
"(3, 40)",2,actual_load__mw__ca_iso_tac,0.7737178206443787,0.7748122215270996
"(3, 40)",2,dam_schedule__mw__generation__caiso_totals,0.7389754056930542,0.7528492212295532
"(3, 40)",2,dam_schedule__mw__import__caiso_totals,0.1644487977027893,0.18359267711639404
"(3, 40)",2,dam_schedule__mw__export__caiso_totals,0.3952404856681824,0.384609580039978
"(3, 40)",2,dam_lmp__lmp_usd_per_mwh__th_sp15_gen_apnd,0.5171973705291748,0.5382531881332397
"(3, 40)",2,dam_lmp__congestion_usd_per_mwh__th_sp15_gen_apnd,0.12066912651062012,0.12642788887023926
"(3, 40)",2,dam_lmp__loss_usd_per_mwh__th_sp15_gen_apnd,0.35582906007766724,0.34837502241134644
"(3, 40)",2,rt15_lmp_hourly_mean__congestion_usd_per_mwh__th_sp15_gen_apnd,0.1183936595916748,0.13754403591156006
"(3, 40)",2,dam_as_total_procured__mw__ru__as_caiso,0.10248881578445435,0.0926101803779602
"(3, 40)",2,dam_as_total_procured__mw__rd__as_caiso,0.13359105587005615,0.15886682271957397
"(3, 40)",2,dam_as_total_procured__mw__sr__as_caiso,0.06789475679397583,0.0864253044128418
"(3, 40)",2,dam_as_total_procured__mw__nr__as_caiso,0.22291499376296997,0.21837067604064941
"(4, 5)",2,actual_load__mw__ca_iso_tac,0.6753486394882202,0.6834472417831421
"(4, 5)",2,dam_schedule__mw__generation__caiso_totals,0.7417705059051514,0.739190936088562
"(4, 5)",2,dam_schedule__mw__import__caiso_totals,0.10376638174057007,0.10011094808578491
"(4, 5)",2,dam_schedule__mw__export__caiso_totals,0.5988179445266724,0.5793662071228027
"(4, 5)",2,dam_lmp__lmp_usd_per_mwh__th_sp15_gen_apnd,0.26265043020248413,0.2839926481246948
"(4, 5)",2,dam_lmp__congestion_usd_per_mwh__th_sp15_gen_apnd,0.21278828382492065,0.24152177572250366
"(4, 5)",2,dam_lmp__loss_usd_per_mwh__th_sp15_gen_apnd,0.23117071390151978,0.2411746382713318
"(4, 5)",2,rt15_lmp_hourly_mean__congestion_usd_per_mwh__th_sp15_gen_apnd,0.19148725271224976,0.19659674167633057
"(4, 5)",2,dam_as_total_procured__mw__ru__as_caiso,0.10162729024887085,0.10601848363876343
"(4, 5)",2,dam_as_total_procured__mw__rd__as_caiso,0.22797638177871704,0.23363304138183594
"(4, 5)",2,dam_as_total_procured__mw__sr__as_caiso,0.09780293703079224,0.11857640743255615
"(4, 5)",2,dam_as_total_procured__mw__nr__as_caiso,0.15753787755966187,0.1558316946029663
"(4, 9)",2,actual_load__mw__ca_iso_tac,0.5629352331161499,0.5748305916786194
"(4, 9)",2,dam_schedule__mw__generation__caiso_totals,0.660504937171936,0.661812424659729
"(4, 9)",2,dam_schedule__mw__import__caiso_totals,0.3629034161567688,0.3558899164199829
"(4, 9)",2,dam_schedule__mw__export__caiso_totals,0.6521953344345093,0.634036660194397
"(4, 9)",2,dam_lmp__lmp_usd_per_mwh__th_sp15_gen_apnd,0.70005202293396,0.7187920808792114
"(4, 9)",2,dam_lmp__congestion_usd_per_mwh__th_sp15_gen_apnd,0.45692211389541626,0.46803802251815796
"(4, 9)",2,dam_lmp__loss_usd_per_mwh__th_sp15_gen_apnd,0.2734708786010742,0.27840399742126465
"(4, 9)",2,rt15_lmp_hourly_mean__congestion_usd_per_mwh__th_sp15_gen_apnd,0.270918071269989,0.2961268424987793
"(4, 9)",2,dam_as_total_procured__mw__ru__as_caiso,0.40882909297943115,0.3966696858406067
"(4, 9)",2,dam_as_total_procured__mw__rd__as_caiso,0.7711897492408752,0.7591769099235535
"(4, 9)",2,dam_as_total_procured__mw__sr__as_caiso,0.09053540229797363,0.12696397304534912
"(4, 9)",2,dam_as_total_procured__mw__nr__as_caiso,0.14464563131332397,0.13755160570144653
"(4, 13)",2,actual_load__mw__ca_iso_tac,0.5676950216293335,0.5747549533843994
"(4, 13)",2,dam_schedule__mw__generation__caiso_totals,0.6623884439468384,0.6603838205337524
"(4, 13)",2,dam_schedule__mw__import__caiso_totals,0.40291672945022583,0.39530307054519653
"(4, 13)",2,dam_schedule__mw__export__caiso_totals,0.6720994114875793,0.6520546674728394
"(4, 13)",2,dam_lmp__lmp_usd_per_mwh__th_sp15_gen_apnd,0.6975002884864807,0.7137893438339233
"(4, 13)",2,dam_lmp__congestion_usd_per_mwh__th_sp15_gen_apnd,0.4513062834739685,0.44860565662384033
"(4, 13)",2,dam_lmp__loss_usd_per_mwh__th_sp15_gen_apnd,0.35659259557724,0.34787654876708984
"(4, 13)",2,rt15_lmp_hourly_mean__congestion_usd_per_mwh__th_sp15_gen_apnd,0.27786028385162354,0.2731512188911438
"(4, 13)",2,dam_as_total_procured__mw__ru__as_caiso,0.3918461799621582,0.3798545002937317
"(4, 13)",2,dam_as_total_procured__mw__rd__as_caiso,0.7558985948562622,0.743093729019165
"(4, 13)",2,dam_as_total_procured__mw__sr__as_caiso,0.08927559852600098,0.13201135396957397
"(4, 13)",2,dam_as_total_procured__mw__nr__as_caiso,0.1575678586959839,0.15278643369674683
"(4, 17)",2,actual_load__mw__ca_iso_tac,0.5611783266067505,0.5705521106719971
"(4, 17)",2,dam_schedule__mw__generation__caiso_totals,0.6576811075210571,0.6563001871109009
"(4, 17)",2,dam_schedule__mw__import__caiso_totals,0.39023834466934204,0.3867107629776001
"(4, 17)",2,dam_schedule__mw__export__caiso_totals,0.6630946397781372,0.6423823237419128
"(4, 17)",2,dam_lmp__lmp_usd_per_mwh__th_sp15_gen_apnd,0.715879499912262,0.736426591873169
"(4, 17)",2,dam_lmp__congestion_usd_per_mwh__th_sp15_gen_apnd,0.4485725164413452,0.4545488953590393
"(4, 17)",2,dam_lmp__loss_usd_per_mwh__th_sp15_gen_apnd,0.35897165536880493,0.35425037145614624
"(4, 17)",2,rt15_lmp_hourly_mean__congestion_usd_per_mwh__th_sp15_gen_apnd,0.2644757628440857,0.27494776248931885
"(4, 17)",2,dam_as_total_procured__mw__ru__as_caiso,0.4110586643218994,0.3953547477722168
"(4, 17)",2,dam_as_total_procured__mw__rd__as_caiso,0.7649686932563782,0.7539714574813843
"(4, 17)",2,dam_as_total_procured__mw__sr__as_caiso,0.0969001054763794,0.13370871543884277
"(4, 17)",2,dam_as_total_procured__mw__nr__as_caiso,0.15811169147491455,0.1559152603149414
"(4, 21)",2,actual_load__mw__ca_iso_tac,0.621737003326416,0.6246132254600525
"(4, 21)",2,dam_schedule__mw__generation__caiso_totals,0.6912416219711304,0.6945711374282837
"(4, 21)",2,dam_schedule__mw__import__caiso_totals,0.31661903858184814,0.33859944343566895
"(4, 21)",2,dam_schedule__mw__export__caiso_totals,0.6701360940933228,0.6475975513458252
"(4, 21)",2,dam_lmp__lmp_usd_per_mwh__th_sp15_gen_apnd,0.9580274820327759,0.9638772010803223
"(4, 21)",2,dam_lmp__congestion_usd_per_mwh__th_sp15_gen_apnd,0.4742036461830139,0.48252880573272705
"(4, 21)",2,dam_lmp__loss_usd_per_mwh__th_sp15_gen_apnd,0.43707549571990967,0.44093841314315796
"(4, 21)",2,rt15_lmp_hourly_mean__congestion_usd_per_mwh__th_sp15_gen_apnd,0.3992587924003601,0.35941970348358154
"(4, 21)",2,dam_as_total_procured__mw__ru__as_caiso,0.2784019708633423,0.2501668334007263
"(4, 21)",2,dam_as_total_procured__mw__rd__as_caiso,0.5725797414779663,0.5579350590705872
"(4, 21)",2,dam_as_total_procured__mw__sr__as_caiso,0.1113925576210022,0.1293993592262268
"(4, 21)",2,dam_as_total_procured__mw__nr__as_caiso,0.15964502096176147,0.15305912494659424
"(4, 25)",2,actual_load__mw__ca_iso_tac,0.5675255060195923,0.5813040733337402
"(4, 25)",2,dam_schedule__mw__generation__caiso_totals,0.6653445363044739,0.6644611358642578
"(4, 25)",2,dam_schedule__mw__import__caiso_totals,0.1729673147201538,0.17246830463409424
"(4, 25)",2,dam_schedule__mw__export__caiso_totals,0.6128016114234924,0.5943737030029297
"(4, 25)",2,dam_lmp__lmp_usd_per_mwh__th_sp15_gen_apnd,0.31350165605545044,0.3218899369239807
"(4, 25)",2,dam_lmp__congestion_usd_per_mwh__th_sp15_gen_apnd,0.24430781602859497,0.24295061826705933
"(4, 25)",2,dam_lmp__loss_usd_per_mwh__th_sp15_gen_apnd,0.16748911142349243,0.1824079155921936
"(4, 25)",2,rt15_lmp_hourly_mean__congestion_usd_per_mwh__th_sp15_gen_apnd,0.1712017059326172,0.17683154344558716
"(4, 25)",2,dam_as_total_procured__mw__ru__as_caiso,0.17150801420211792,0.16191303730010986
"(4, 25)",2,dam_as_total_procured__mw__rd__as_caiso,0.41100990772247314,0.40152108669281006
"(4, 25)",2,dam_as_total_procured__mw__sr__as_caiso,0.060111403465270996,0.07930654287338257
"(4, 25)",2,dam_as_total_procured__mw__nr__as_caiso,0.14462804794311523,0.14495885372161865
"(4, 29)",2,actual_load__mw__ca_iso_tac,0.6666322946548462,0.6833204030990601
"(4, 29)",2,dam_schedule__mw__generation__caiso_totals,0.7313394546508789,0.7332860231399536
"(4, 29)",2,dam_schedule__mw__import__caiso_totals,0.3184193968772888,0.32568788528442383
"(4, 29)",2,dam_schedule__mw__export__caiso_totals,0.6472876667976379,0.6307199597358704
"(4, 29)",2,dam_lmp__lmp_usd_per_mwh__th_sp15_gen_apnd,0.6605674028396606,0.6861848831176758
"(4, 29)",2,dam_lmp__congestion_usd_per_mwh__th_sp15_gen_apnd,0.2886250615119934,0.31122851371765137
"(4, 29)",2,dam_lmp__loss_usd_per_mwh__th_sp15_gen_apnd,0.3676724433898926,0.3661230206489563
"(4, 29)",2,rt15_lmp_hourly_mean__congestion_usd_per_mwh__th_sp15_gen_apnd,0.23466181755065918,0.23674285411834717
"(4, 29)",2,dam_as_total_procured__mw__ru__as_caiso,0.20565307140350342,0.18597978353500366
"(4, 29)",2,dam_as_total_procured__mw__rd__as_caiso,0.4396265745162964,0.44344985485076904
"(4, 29)",2,dam_as_total_procured__mw__sr__as_caiso,0.08798229694366455,0.1071355938911438
"(4, 29)",2,dam_as_total_procured__mw__nr__as_caiso,0.21411246061325073,0.2051846981048584
"(4, 33)",2,actual_load__mw__ca_iso_tac,0.571132481098175,0.5775614976882935
"(4, 33)",2,dam_schedule__mw__generation__caiso_totals,0.6682347059249878,0.6654627919197083
"(4, 33)",2,dam_schedule__mw__import__caiso_totals,0.22866815328598022,0.22345483303070068
"(4, 33)",2,dam_schedule__mw__export__caiso_totals,0.6201515197753906,0.6041247844696045
"(4, 33)",2,dam_lmp__lmp_usd_per_mwh__th_sp15_gen_apnd,0.36781102418899536,0.3900947570800781
"(4, 33)",2,dam_lmp__congestion_usd_per_mwh__th_sp15_gen_apnd,0.2828274965286255,0.2850562334060669
"(4, 33)",2,dam_lmp__loss_usd_per_mwh__th_sp15_gen_apnd,0.14213651418685913,0.1644963026046753
"(4, 33)",2,rt15_lmp_hourly_mean__congestion_usd_per_mwh__th_sp15_gen_apnd,0.18297016620635986,0.19075125455856323
"(4, 33)",2,dam_as_total_procured__mw__ru__as_caiso,0.2901538014411926,0.2854343056678772
"(4, 33)",2,dam_as_total_procured__mw__rd__as_caiso,0.7184324264526367,0.7208036780357361
"(4, 33)",2,dam_as_total_procured__mw__sr__as_caiso,0.07605034112930298,0.102286696434021
"(4, 33)",2,dam_as_total_procured__mw__nr__as_caiso,0.12266749143600464,0.10994666814804077
"(4, 37)",2,actual_load__mw__ca_iso_tac,0.7623751759529114,0.7728250026702881
"(4, 37)",2,dam_schedule__mw__generation__caiso_totals,0.7609816789627075,0.7721291780471802
"(4, 37)",2,dam_schedule__mw__import__caiso_totals,0.12500709295272827,0.13365709781646729
"(4, 37)",2,dam_schedule__mw__export__caiso_totals,0.5907425284385681,0.5818896889686584
"(4, 37)",2,dam_lmp__lmp_usd_per_mwh__th_sp15_gen_apnd,0.13297665119171143,0.1637095808982849
"(4, 37)",2,dam_lmp__congestion_usd_per_mwh__th_sp15_gen_apnd,0.06920665502548218,0.08570235967636108
"(4, 37)",2,dam_lmp__loss_usd_per_mwh__th_sp15_gen_apnd,0.15320193767547607,0.16366493701934814
"(4, 37)",2,rt15_lmp_hourly_mean__congestion_usd_per_mwh__th_sp15_gen_apnd,0.03837496042251587,0.04617267847061157
"(4, 37)",2,dam_as_total_procured__mw__ru__as_caiso,0.06954944133758545,0.08061230182647705
"(4, 37)",2,dam_as_total_procured__mw__rd__as_caiso,0.1661854386329651,0.17944186925888062
"(4, 37)",2,dam_as_total_procured__mw__sr__as_caiso,0.1691252589225769,0.18097013235092163
"(4, 37)",2,dam_as_total_procured__mw__nr__as_caiso,0.4755539894104004,0.47053712606430054
"(4, 41)",2,actual_load__mw__ca_iso_tac,0.5643123388290405,0.5708076357841492
"(4, 41)",2,dam_schedule__mw__generation__caiso_totals,0.6473673582077026,0.6468818187713623
"(4, 41)",2,dam_schedule__mw__import__caiso_totals,0.18595284223556519,0.19576400518417358
"(4, 41)",2,dam_schedule__mw__export__caiso_totals,0.6452317237854004,0.6233302354812622
"(4, 41)",2,dam_lmp__lmp_usd_per_mwh__th_sp15_gen_apnd,0.5731421709060669,0.5933796167373657
"(4, 41)",2,dam_lmp__congestion_usd_per_mwh__th_sp15_gen_apnd,0.29368317127227783,0.3091261386871338
"(4, 41)",2,dam_lmp__loss_usd_per_mwh__th_sp15_gen_apnd,0.29222655296325684,0.2914520502090454
"(4, 41)",2,rt15_lmp_hourly_mean__congestion_usd_per_mwh__th_sp15_gen_apnd,0.2075634002685547,0.2230706810951233
"(4, 41)",2,dam_as_total_procured__mw__ru__as_caiso,0.2111896276473999,0.19561266899108887
"(4, 41)",2,dam_as_total_procured__mw__rd__as_caiso,0.4094526767730713,0.41048747301101685
"(4, 41)",2,dam_as_total_procured__mw__sr__as_caiso,0.06146836280822754,0.07831811904907227
"(4, 41)",2,dam_as_total_procured__mw__nr__as_caiso,0.12329471111297607,0.117442786693573
"(5, 7)",2,actual_load__mw__ca_iso_tac,0.6867344379425049,0.693283200263977
"(5, 7)",2,dam_schedule__mw__generation__caiso_totals,0.749178409576416,0.7462435364723206
"(5, 7)",2,dam_schedule__mw__import__caiso_totals,0.3536209464073181,0.3537396788597107
"(5, 7)",2,dam_schedule__mw__export__caiso_totals,0.6523008346557617,0.6194214820861816
"(5, 7)",2,dam_lmp__lmp_usd_per_mwh__th_sp15_gen_apnd,0.6699651479721069,0.6929726600646973
"(5, 7)",2,dam_lmp__congestion_usd_per_mwh__th_sp15_gen_apnd,0.45982974767684937,0.45138901472091675
"(5, 7)",2,dam_lmp__loss_usd_per_mwh__th_sp15_gen_apnd,0.27891218662261963,0.2837167978286743
"(5, 7)",2,rt15_lmp_hourly_mean__congestion_usd_per_mwh__th_sp15_gen_apnd,0.3079550862312317,0.32508671283721924
"(5, 7)",2,dam_as_total_procured__mw__ru__as_caiso,0.3579588532447815,0.35161858797073364
"(5, 7)",2,dam_as_total_procured__mw__rd__as_caiso,0.7241443395614624,0.722520112991333
"(5, 7)",2,dam_as_total_procured__mw__sr__as_caiso,0.12945258617401123,0.16537392139434814
"(5, 7)",2,dam_as_total_procured__mw__nr__as_caiso,0.17531216144561768,0.18063974380493164
"(5, 11)",2,actual_load__mw__ca_iso_tac,0.6955647468566895,0.7022533416748047
"(5, 11)",2,dam_schedule__mw__generation__caiso_totals,0.7532951235771179,0.7500935792922974
"(5, 11)",2,dam_schedule__mw__import__caiso_totals,0.3529663681983948,0.34987086057662964
"(5, 11)",2,dam_schedule__mw__export__caiso_totals,0.6439695954322815,0.6135758757591248
"(5, 11)",2,dam_lmp__lmp_usd_per_mwh__th_sp15_gen_apnd,0.6666842699050903,0.6861718893051147
"(5, 11)",2,dam_lmp__congestion_usd_per_mwh__th_sp15_gen_apnd,0.47092205286026,0.46564000844955444
"(5, 11)",2,dam_lmp__loss_usd_per_mwh__th_sp15_gen_apnd,0.24645280838012695,0.2508074641227722
"(5, 11)",2,rt15_lmp_hourly_mean__congestion_usd_per_mwh__th_sp15_gen_apnd,0.29876041412353516,0.31827789545059204
"(5, 11)",2,dam_as_total_procured__mw__ru__as_caiso,0.40298235416412354,0.3964660167694092
"(5, 11)",2,dam_as_total_procured__mw__rd__as_caiso,0.7692407369613647,0.765648603439331
"(5, 11)",2,dam_as_total_procured__mw__sr__as_caiso,0.1339314579963684,0.17111176252365112
"(5, 11)",2,dam_as_total_procured__mw__nr__as_caiso,0.174660325050354,0.17809611558914185
"(5, 15)",2,actual_load__mw__ca_iso_tac,0.7039512395858765,0.7079298496246338
"(5, 15)",2,dam_schedule__mw__generation__caiso_totals,0.7584251165390015,0.7527405619621277
"(5, 15)",2,dam_schedule__mw__import__caiso_totals,0.3600453734397888,0.3574100136756897
"(5, 15)",2,dam_schedule__mw__export__caiso_totals,0.6499137282371521,0.6170322299003601
"(5, 15)",2,dam_lmp__lmp_usd_per_mwh__th_sp15_gen_apnd,0.7378711104393005,0.7499125599861145
"(5, 15)",2,dam_lmp__congestion_usd_per_mwh__th_sp15_gen_apnd,0.5211226940155029,0.5176652669906616
"(5, 15)",2,dam_lmp__loss_usd_per_mwh__th_sp15_gen_apnd,0.3184782862663269,0.3137744665145874
"(5, 15)",2,rt15_lmp_hourly_mean__congestion_usd_per_mwh__th_sp15_gen_apnd,0.3316059112548828,0.346229612827301
"(5, 15)",2,dam_as_total_procured__mw__ru__as_caiso,0.4144372344017029,0.40874719619750977
"(5, 15)",2,dam_as_total_procured__mw__rd__as_caiso,0.7857424020767212,0.776790976524353
"(5, 15)",2,dam_as_total_procured__mw__sr__as_caiso,0.1348589062690735,0.17286771535873413
"(5, 15)",2,dam_as_total_procured__mw__nr__as_caiso,0.17670178413391113,0.18059903383255005
"(5, 19)",2,actual_load__mw__ca_iso_tac,0.7417184114456177,0.7477529048919678
"(5, 19)",2,dam_schedule__mw__generation__caiso_totals,0.777796745300293,0.7838886976242065
"(5, 19)",2,dam_schedule__mw__import__caiso_totals,0.2843111753463745,0.29858165979385376
"(5, 19)",2,dam_schedule__mw__export__caiso_totals,0.6533355116844177,0.623246431350708
"(5, 19)",2,dam_lmp__lmp_usd_per_mwh__th_sp15_gen_apnd,0.9575649499893188,0.9581483602523804
"(5, 19)",2,dam_lmp__congestion_usd_per_mwh__th_sp15_gen_apnd,0.36575812101364136,0.3616940975189209
"(5, 19)",2,dam_lmp__loss_usd_per_mwh__th_sp15_gen_apnd,0.4525349736213684,0.46279376745224
"(5, 19)",2,rt15_lmp_hourly_mean__congestion_usd_per_mwh__th_sp15_gen_apnd,0.30658942461013794,0.29398632049560547
"(5, 19)",2,dam_as_total_procured__mw__ru__as_caiso,0.22598212957382202,0.21261221170425415
"(5, 19)",2,dam_as_total_procured__mw__rd__as_caiso,0.4037206768989563,0.4135723114013672
"(5, 19)",2,dam_as_total_procured__mw__sr__as_caiso,0.1326093077659607,0.14317834377288818
"(5, 19)",2,dam_as_total_procured__mw__nr__as_caiso,0.20238173007965088,0.19808655977249146
"(5, 23)",2,actual_load__mw__ca_iso_tac,0.7120081782341003,0.7133216857910156
"(5, 23)",2,dam_schedule__mw__generation__caiso_totals,0.7510471343994141,0.7540114521980286
"(5, 23)",2,dam_schedule__mw__import__caiso_totals,0.2420867681503296,0.25219231843948364
"(5, 23)",2,dam_schedule__mw__export__caiso_totals,0.6304730176925659,0.6033189296722412
"(5, 23)",2,dam_lmp__lmp_usd_per_mwh__th_sp15_gen_apnd,0.8682829141616821,0.8705908060073853
"(5, 23)",2,dam_lmp__congestion_usd_per_mwh__th_sp15_gen_apnd,0.3999764919281006,0.3964923620223999
"(5, 23)",2,dam_lmp__loss_usd_per_mwh__th_sp15_gen_apnd,0.35748642683029175,0.3633538484573364
"(5, 23)",2,rt15_lmp_hourly_mean__congestion_usd_per_mwh__th_sp15_gen_apnd,0.43929779529571533,0.4365507960319519
"(5, 23)",2,dam_as_total_procured__mw__ru__as_caiso,0.22358858585357666,0.21148890256881714
"(5, 23)",2,dam_as_total_procured__mw__rd__as_caiso,0.4158185124397278,0.4265592098236084
"(5, 23)",2,dam_as_total_procured__mw__sr__as_caiso,0.11258399486541748,0.13452523946762085
"(5, 23)",2,dam_as_total_procured__mw__nr__as_caiso,0.17668241262435913,0.1656516194343567
"(5, 27)",2,actual_load__mw__ca_iso_tac,0.7608608603477478,0.7668392062187195
"(5, 27)",2,dam_schedule__mw__generation__caiso_totals,0.784713089466095,0.7892763018608093
"(5, 27)",2,dam_schedule__mw__import__caiso_totals,0.26886093616485596,0.26382744312286377
"(5, 27)",2,dam_schedule__mw__export__caiso_totals,0.6034043431282043,0.577599287033081
"(5, 27)",2,dam_lmp__lmp_usd_per_mwh__th_sp15_gen_apnd,0.488297700881958,0.49788177013397217
"(5, 27)",2,dam_lmp__congestion_usd_per_mwh__th_sp15_gen_apnd,0.13677775859832764,0.12269967794418335
"(5, 27)",2,dam_lmp__loss_usd_per_mwh__th_sp15_gen_apnd,0.42247647047042847,0.41791826486587524
"(5, 27)",2,rt15_lmp_hourly_mean__congestion_usd_per_mwh__th_sp15_gen_apnd,0.12873291969299316,0.12033665180206299
"(5, 27)",2,dam_as_total_procured__mw__ru__as_caiso,0.13127988576889038,0.12794703245162964
"(5, 27)",2,dam_as_total_procured__mw__rd__as_caiso,0.22183191776275635,0.21174097061157227
"(5, 27)",2,dam_as_total_procured__mw__sr__as_caiso,0.09996747970581055,0.11731290817260742
"(5, 27)",2,dam_as_total_procured__mw__nr__as_caiso,0.1962173581123352,0.19801819324493408
"(5, 31)",2,actual_load__mw__ca_iso_tac,0.6250044107437134,0.6346085071563721
"(5, 31)",2,dam_schedule__mw__generation__caiso_totals,0.7004299163818359,0.6981619000434875
"(5, 31)",2,dam_schedule__mw__import__caiso_totals,0.03669315576553345,0.03659170866012573
"(5, 31)",2,dam_schedule__mw__export__caiso_totals,0.5399463176727295,0.5088268518447876
"(5, 31)",2,dam_lmp__lmp_usd_per_mwh__th_sp15_gen_apnd,0.1224597692489624,0.1378706693649292
"(5, 31)",2,dam_lmp__congestion_usd_per_mwh__th_sp15_gen_apnd,0.04469621181488037,0.040926575660705566
"(5, 31)",2,dam_lmp__loss_usd_per_mwh__th_sp15_gen_apnd,0.12998104095458984,0.14161056280136108
"(5, 31)",2,rt15_lmp_hourly_mean__congestion_usd_per_mwh__th_sp15_gen_apnd,0.04984927177429199,0.05625993013381958
"(5, 31)",2,dam_as_total_procured__mw__ru__as_caiso,0.035257816314697266,0.042034268379211426
"(5, 31)",2,dam_as_total_procured__mw__rd__as_caiso,0.015255570411682129,0.017423272132873535
"(5, 31)",2,dam_as_total_procured__mw__sr__as_caiso,0.0842483639717102,0.10006153583526611
"(5, 31)",2,dam_as_total_procured__mw__nr__as_caiso,0.14565163850784302,0.1433824896812439
"(5, 35)",2,actual_load__mw__ca_iso_tac,0.7003073692321777,0.7051830291748047
"(5, 35)",2,dam_schedule__mw__generation__caiso_totals,0.7683975696563721,0.7670177221298218
"(5, 35)",2,dam_schedule__mw__import__caiso_totals,0.2749958038330078,0.2683274745941162
"(5, 35)",2,dam_schedule__mw__export__caiso_totals,0.6422423124313354,0.6177686452865601
"(5, 35)",2,dam_lmp__lmp_usd_per_mwh__th_sp15_gen_apnd,0.520982027053833,0.521418571472168
"(5, 35)",2,dam_lmp__congestion_usd_per_mwh__th_sp15_gen_apnd,0.4362979531288147,0.4097963571548462
"(5, 35)",2,dam_lmp__loss_usd_per_mwh__th_sp15_gen_apnd,0.18775492906570435,0.19925355911254883
"(5, 35)",2,rt15_lmp_hourly_mean__congestion_usd_per_mwh__th_sp15_gen_apnd,0.27805179357528687,0.29015231132507324
"(5, 35)",2,dam_as_total_procured__mw__ru__as_caiso,0.437097430229187,0.44364863634109497
"(5, 35)",2,dam_as_total_procured__mw__rd__as_caiso,0.9777214527130127,0.976548433303833
"(5, 35)",2,dam_as_total_procured__mw__sr__as_caiso,0.12191438674926758,0.15522360801696777
"(5, 35)",2,dam_as_total_procured__mw__nr__as_caiso,0.16676169633865356,0.1616077423095703
"(5, 39)",2,actual_load__mw__ca_iso_tac,0.6435254812240601,0.6528401970863342
"(5, 39)",2,dam_schedule__mw__generation__caiso_totals,0.7033445835113525,0.7048417329788208
"(5, 39)",2,dam_schedule__mw__import__caiso_totals,0.05664265155792236,0.05934089422225952
"(5, 39)",2,dam_schedule__mw__export__caiso_totals,0.5538609027862549,0.5206893682479858
"(5, 39)",2,dam_lmp__lmp_usd_per_mwh__th_sp15_gen_apnd,0.20298844575881958,0.22655826807022095
"(5, 39)",2,dam_lmp__congestion_usd_per_mwh__th_sp15_gen_apnd,0.08557981252670288,0.09073948860168457
"(5, 39)",2,dam_lmp__loss_usd_per_mwh__th_sp15_gen_apnd,0.159512460231781,0.17047607898712158
"(5, 39)",2,rt15_lmp_hourly_mean__congestion_usd_per_mwh__th_sp15_gen_apnd,0.062158048152923584,0.07109850645065308
"(5, 39)",2,dam_as_total_procured__mw__ru__as_caiso,0.09919220209121704,0.09955966472625732
"(5, 39)",2,dam_as_total_procured__mw__rd__as_caiso,0.09521323442459106,0.1106988787651062
"(5, 39)",2,dam_as_total_procured__mw__sr__as_caiso,0.10221844911575317,0.11741411685943604
"(5, 39)",2,dam_as_total_procured__mw__nr__as_caiso,0.15854698419570923,0.156383216381073
"(5, 43)",2,actual_load__mw__ca_iso_tac,0.6478400230407715,0.6581454277038574
"(5, 43)",2,dam_schedule__mw__generation__caiso_totals,0.7194094657897949,0.7185062170028687
"(5, 43)",2,dam_schedule__mw__import__caiso_totals,0.21293848752975464,0.20072728395462036
"(5, 43)",2,dam_schedule__mw__export__caiso_totals,0.5720090866088867,0.5477027297019958
"(5, 43)",2,dam_lmp__lmp_usd_per_mwh__th_sp15_gen_apnd,0.3675849437713623,0.39320701360702515
"(5, 43)",2,dam_lmp__congestion_usd_per_mwh__th_sp15_gen_apnd,0.20496559143066406,0.19901633262634277
"(5, 43)",2,dam_lmp__loss_usd_per_mwh__th_sp15_gen_apnd,0.18972039222717285,0.20161455869674683
"(5, 43)",2,rt15_lmp_hourly_mean__congestion_usd_per_mwh__th_sp15_gen_apnd,0.12054222822189331,0.12055861949920654
"(5, 43)",2,dam_as_total_procured__mw__ru__as_caiso,0.08199548721313477,0.09265804290771484
"(5, 43)",2,dam_as_total_procured__mw__rd__as_caiso,0.18328756093978882,0.21246469020843506
"(5, 43)",2,dam_as_total_procured__mw__sr__as_caiso,0.09357470273971558,0.115825355052948
"(5, 43)",2,dam_as_total_procured__mw__nr__as_caiso,0.16134488582611084,0.1560487151145935
"(6, 10)",2,actual_load__mw__ca_iso_tac,0.6363420486450195,0.6621142625808716
"(6, 10)",2,dam_schedule__mw__generation__caiso_totals,0.7040926218032837,0.7164013385772705
"(6, 10)",2,dam_schedule__mw__import__caiso_totals,0.14532709121704102,0.129804790019989
"(6, 10)",2,dam_schedule__mw__export__caiso_totals,0.536654531955719,0.5218034982681274
"(6, 10)",2,dam_lmp__lmp_usd_per_mwh__th_sp15_gen_apnd,0.2784798741340637,0.2938370704650879
"(6, 10)",2,dam_lmp__congestion_usd_per_mwh__th_sp15_gen_apnd,0.19169050455093384,0.18476498126983643
"(6, 10)",2,dam_lmp__loss_usd_per_mwh__th_sp15_gen_apnd,0.14387446641921997,0.15725135803222656
"(6, 10)",2,rt15_lmp_hourly_mean__congestion_usd_per_mwh__th_sp15_gen_apnd,0.1673545241355896,0.18213528394699097
"(6, 10)",2,dam_as_total_procured__mw__ru__as_caiso,0.09007954597473145,0.09529924392700195
"(6, 10)",2,dam_as_total_procured__mw__rd__as_caiso,0.13794434070587158,0.14360207319259644
"(6, 10)",2,dam_as_total_procured__mw__sr__as_caiso,0.07735216617584229,0.10482388734817505
"(6, 10)",2,dam_as_total_procured__mw__nr__as_caiso,0.1606878638267517,0.16177713871002197
"(6, 14)",2,actual_load__mw__ca_iso_tac,0.6168372631072998,0.6532160043716431
"(6, 14)",2,dam_schedule__mw__generation__caiso_totals,0.6893905401229858,0.7066062688827515
"(6, 14)",2,dam_schedule__mw__import__caiso_totals,0.13989996910095215,0.1258257031440735
"(6, 14)",2,dam_schedule__mw__export__caiso_totals,0.5288888216018677,0.5209060907363892
"(6, 14)",2,dam_lmp__lmp_usd_per_mwh__th_sp15_gen_apnd,0.28337544202804565,0.30057621002197266
"(6, 14)",2,dam_lmp__congestion_usd_per_mwh__th_sp15_gen_apnd,0.20592784881591797,0.21141386032104492
"(6, 14)",2,dam_lmp__loss_usd_per_mwh__th_sp15_gen_apnd,0.16742455959320068,0.18659967184066772
"(6, 14)",2,rt15_lmp_hourly_mean__congestion_usd_per_mwh__th_sp15_gen_apnd,0.1715608835220337,0.18811798095703125
"(6, 14)",2,dam_as_total_procured__mw__ru__as_caiso,0.08880901336669922,0.09875333309173584
"(6, 14)",2,dam_as_total_procured__mw__rd__as_caiso,0.1425337791442871,0.15899914503097534
"(6, 14)",2,dam_as_total_procured__mw__sr__as_caiso,0.07540678977966309,0.10823845863342285
"(6, 14)",2,dam_as_total_procured__mw__nr__as_caiso,0.15864723920822144,0.1588091254234314
"(6, 18)",2,actual_load__mw__ca_iso_tac,0.6277353167533875,0.6517513990402222
"(6, 18)",2,dam_schedule__mw__generation__caiso_totals,0.7018557190895081,0.7095180749893188
"(6, 18)",2,dam_schedule__mw__import__caiso_totals,0.1377190351486206,0.12396025657653809
"(6, 18)",2,dam_schedule__mw__export__caiso_totals,0.5398743152618408,0.5188329219818115
"(6, 18)",2,dam_lmp__lmp_usd_per_mwh__th_sp15_gen_apnd,0.27608591318130493,0.2905672788619995
"(6, 18)",2,dam_lmp__congestion_usd_per_mwh__th_sp15_gen_apnd,0.18114495277404785,0.17501556873321533
"(6, 18)",2,dam_lmp__loss_usd_per_mwh__th_sp15_gen_apnd,0.13991230726242065,0.15686404705047607
"(6, 18)",2,rt15_lmp_hourly_mean__congestion_usd_per_mwh__th_sp15_gen_apnd,0.17065811157226562,0.18357807397842407
"(6, 18)",2,dam_as_total_procured__mw__ru__as_caiso,0.08294802904129028,0.08742737770080566
"(6, 18)",2,dam_as_total_procured__mw__rd__as_caiso,0.12687146663665771,0.1326693892478943
"(6, 18)",2,dam_as_total_procured__mw__sr__as_caiso,0.08418244123458862,0.10242307186126709
"(6, 18)",2,dam_as_total_procured__mw__nr__as_caiso,0.1534939408302307,0.14718419313430786
"(6, 22)",2,actual_load__mw__ca_iso_tac,0.6610269546508789,0.6843599081039429
"(6, 22)",2,dam_schedule__mw__generation__caiso_totals,0.7307848930358887,0.7454280853271484
"(6, 22)",2,dam_schedule__mw__import__caiso_totals,0.2166566252708435,0.2110307216644287
"(6, 22)",2,dam_schedule__mw__export__caiso_totals,0.5641432404518127,0.5520470142364502
"(6, 22)",2,dam_lmp__lmp_usd_per_mwh__th_sp15_gen_apnd,0.6229705810546875,0.6466549038887024
"(6, 22)",2,dam_lmp__congestion_usd_per_mwh__th_sp15_gen_apnd,0.23078668117523193,0.22765427827835083
"(6, 22)",2,dam_lmp__loss_usd_per_mwh__th_sp15_gen_apnd,0.3231794834136963,0.3567866086959839
"(6, 22)",2,rt15_lmp_hourly_mean__congestion_usd_per_mwh__th_sp15_gen_apnd,0.21382230520248413,0.2152659296989441
"(6, 22)",2,dam_as_total_procured__mw__ru__as_caiso,0.1590765118598938,0.16040122509002686
"(6, 22)",2,dam_as_total_procured__mw__rd__as_caiso,0.23590636253356934,0.25000232458114624
"(6, 22)",2,dam_as_total_procured__mw__sr__as_caiso,0.09337812662124634,0.11263024806976318
"(6, 22)",2,dam_as_total_procured__mw__nr__as_caiso,0.1824643611907959,0.1823328733444214
"(6, 26)",2,actual_load__mw__ca_iso_tac,0.6835598945617676,0.6967185735702515
"(6, 26)",2,dam_schedule__mw__generation__caiso_totals,0.7758785486221313,0.7782045602798462
"(6, 26)",2,dam_schedule__mw__import__caiso_totals,0.15521377325057983,0.14778226613998413
"(6, 26)",2,dam_schedule__mw__export__caiso_totals,0.6627589464187622,0.6537922024726868
"(6, 26)",2,dam_lmp__lmp_usd_per_mwh__th_sp15_gen_apnd,0.3649771213531494,0.3907720446586609
"(6, 26)",2,dam_lmp__congestion_usd_per_mwh__th_sp15_gen_apnd,0.30249953269958496,0.30164557695388794
"(6, 26)",2,dam_lmp__loss_usd_per_mwh__th_sp15_gen_apnd,0.2976289391517639,0.30916476249694824
"(6, 26)",2,rt15_lmp_hourly_mean__congestion_usd_per_mwh__th_sp15_gen_apnd,0.252810537815094,0.26282215118408203
"(6, 26)",2,dam_as_total_procured__mw__ru__as_caiso,0.15101313591003418,0.16218841075897217
"(6, 26)",2,dam_as_total_procured__mw__rd__as_caiso,0.3137655258178711,0.3194870948791504
"(6, 26)",2,dam_as_total_procured__mw__sr__as_caiso,0.07998955249786377,0.10086023807525635
"(6, 26)",2,dam_as_total_procured__mw__nr__as_caiso,0.17729288339614868,0.16795134544372559
"(6, 30)",2,actual_load__mw__ca_iso_tac,0.6012942790985107,0.627007246017456
"(6, 30)",2,dam_schedule__mw__generation__caiso_totals,0.6776803731918335,0.6896668076515198
"(6, 30)",2,dam_schedule__mw__import__caiso_totals,0.11497217416763306,0.10718166828155518
"(6, 30)",2,dam_schedule__mw__export__caiso_totals,0.5216473340988159,0.5043872594833374
"(6, 30)",2,dam_lmp__lmp_usd_per_mwh__th_sp15_gen_apnd,0.25628799200057983,0.27265501022338867
"(6, 30)",2,dam_lmp__congestion_usd_per_mwh__th_sp15_gen_apnd,0.17499786615371704,0.1715347170829773
"(6, 30)",2,dam_lmp__loss_usd_per_mwh__th_sp15_gen_apnd,0.12948334217071533,0.1426231861114502
"(6, 30)",2,rt15_lmp_hourly_mean__congestion_usd_per_mwh__th_sp15_gen_apnd,0.15932780504226685,0.1761413812637329
"(6, 30)",2,dam_as_total_procured__mw__ru__as_caiso,0.06667816638946533,0.07303756475448608
"(6, 30)",2,dam_as_total_procured__mw__rd__as_caiso,0.10944509506225586,0.1141013503074646
"(6, 30)",2,dam_as_total_procured__mw__sr__as_caiso,0.06772160530090332,0.0897139310836792
"(6, 30)",2,dam_as_total_procured__mw__nr__as_caiso,0.14405769109725952,0.14302760362625122
"(6, 34)",2,actual_load__mw__ca_iso_tac,0.6708540916442871,0.6839925646781921
"(6, 34)",2,dam_schedule__mw__generation__caiso_totals,0.7293379902839661,0.734449028968811
"(6, 34)",2,dam_schedule__mw__import__caiso_totals,0.22838431596755981,0.21734631061553955
"(6, 34)",2,dam_schedule__mw__export__caiso_totals,0.5696389675140381,0.547652542591095
"(6, 34)",2,dam_lmp__lmp_usd_per_mwh__th_sp15_gen_apnd,0.4596899151802063,0.4454151391983032
"(6, 34)",2,dam_lmp__congestion_usd_per_mwh__th_sp15_gen_apnd,0.3782927989959717,0.3478440046310425
"(6, 34)",2,dam_lmp__loss_usd_per_mwh__th_sp15_gen_apnd,0.13434773683547974,0.14618152379989624
"(6, 34)",2,rt15_lmp_hourly_mean__congestion_usd_per_mwh__th_sp15_gen_apnd,0.2600163221359253,0.26720553636550903
"(6, 34)",2,dam_as_total_procured__mw__ru__as_caiso,0.8444582223892212,0.838036060333252
"(6, 34)",2,dam_as_total_procured__mw__rd__as_caiso,0.6818838119506836,0.6631130576133728
"(6, 34)",2,dam_as_total_procured__mw__sr__as_caiso,0.09572601318359375,0.12586772441864014
"(6, 34)",2,dam_as_total_procured__mw__nr__as_caiso,0.15488100051879883,0.16123861074447632
"(6, 38)",2,actual_load__mw__ca_iso_tac,0.6607626676559448,0.6836972236633301
"(6, 38)",2,dam_schedule__mw__generation__caiso_totals,0.7159807682037354,0.7298306226730347
"(6, 38)",2,dam_schedule__mw__import__caiso_totals,0.289132297039032,0.2826548218727112
"(6, 38)",2,dam_schedule__mw__export__caiso_totals,0.5686403512954712,0.5597116947174072
"(6, 38)",2,dam_lmp__lmp_usd_per_mwh__th_sp15_gen_apnd,0.5130403637886047,0.5445053577423096
"(6, 38)",2,dam_lmp__congestion_usd_per_mwh__th_sp15_gen_apnd,0.34423238039016724,0.3337857127189636
"(6, 38)",2,dam_lmp__loss_usd_per_mwh__th_sp15_gen_apnd,0.1828595995903015,0.20297902822494507
"(6, 38)",2,rt15_lmp_hourly_mean__congestion_usd_per_mwh__th_sp15_gen_apnd,0.2319590449333191,0.26092612743377686
"(6, 38)",2,dam_as_total_procured__mw__ru__as_caiso,0.1872802972793579,0.1925276517868042
"(6, 38)",2,dam_as_total_procured__mw__rd__as_caiso,0.4312623143196106,0.43912655115127563
"(6, 38)",2,dam_as_total_procured__mw__sr__as_caiso,0.11175566911697388,0.14065098762512207
"(6, 38)",2,dam_as_total_procured__mw__nr__as_caiso,0.17087996006011963,0.16312360763549805
"(6, 42)",2,actual_load__mw__ca_iso_tac,0.6153278350830078,0.6398764252662659
"(6, 42)",2,dam_schedule__mw__generation__caiso_totals,0.6844791173934937,0.6937663555145264
"(6, 42)",2,dam_schedule__mw__import__caiso_totals,0.1328180432319641,0.12938380241394043
"(6, 42)",2,dam_schedule__mw__export__caiso_totals,0.5366268157958984,0.5182387828826904
"(6, 42)",2,dam_lmp__lmp_usd_per_mwh__th_sp15_gen_apnd,0.4182894229888916,0.4375333786010742
"(6, 42)",2,dam_lmp__congestion_usd_per_mwh__th_sp15_gen_apnd,0.22853630781173706,0.22883695363998413
"(6, 42)",2,dam_lmp__loss_usd_per_mwh__th_sp15_gen_apnd,0.14512962102890015,0.16389381885528564
"(6, 42)",2,rt15_lmp_hourly_mean__congestion_usd_per_mwh__th_sp15_gen_apnd,0.22249168157577515,0.23678463697433472
"(6, 42)",2,dam_as_total_procured__mw__ru__as_caiso,0.10795527696609497,0.11462485790252686
"(6, 42)",2,dam_as_total_procured__mw__rd__as_caiso,0.18070757389068604,0.19879579544067383
"(6, 42)",2,dam_as_total_procured__mw__sr__as_caiso,0.06743389368057251,0.09425169229507446
"(6, 42)",2,dam_as_total_procured__mw__nr__as_caiso,0.16383540630340576,0.15260326862335205
"(7, 10)",2,actual_load__mw__ca_iso_tac,0.22587859630584717,0.22701925039291382
"(7, 10)",2,dam_schedule__mw__generation__caiso_totals,0.2682521343231201,0.2654033899307251
"(7, 10)",2,dam_schedule__mw__import__caiso_totals,0.2792244553565979,0.27393561601638794
"(7, 10)",2,dam_schedule__mw__export__caiso_totals,0.35111844539642334,0.351622998714447
"(7, 10)",2,dam_lmp__lmp_usd_per_mwh__th_sp15_gen_apnd,0.5417975187301636,0.5494408011436462
"(7, 10)",2,dam_lmp__congestion_usd_per_mwh__th_sp15_gen_apnd,0.3914356231689453,0.3852548599243164
"(7, 10)",2,dam_lmp__loss_usd_per_mwh__th_sp15_gen_apnd,0.16833621263504028,0.15273517370224
"(7, 10)",2,rt15_lmp_hourly_mean__congestion_usd_per_mwh__th_sp15_gen_apnd,0.2685568928718567,0.2711464762687683
"(7, 10)",2,dam_as_total_procured__mw__ru__as_caiso,0.3557015657424927,0.3436517119407654
"(7, 10)",2,dam_as_total_procured__mw__rd__as_caiso,0.6877937316894531,0.6827720403671265
"(7, 10)",2,dam_as_total_procured__mw__sr__as_caiso,0.06964230537414551,0.1117708683013916
"(7, 10)",2,dam_as_total_procured__mw__nr__as_caiso,0.05804741382598877,0.061695396900177
"(7, 14)",2,actual_load__mw__ca_iso_tac,0.27196991443634033,0.2622012495994568
"(7, 14)",2,dam_schedule__mw__generation__caiso_totals,0.3178027272224426,0.30007439851760864
"(7, 14)",2,dam_schedule__mw__import__caiso_totals,0.2879473567008972,0.2820212244987488
"(7, 14)",2,dam_schedule__mw__export__caiso_totals,0.3958551287651062,0.3912029266357422
"(7, 14)",2,dam_lmp__lmp_usd_per_mwh__th_sp15_gen_apnd,0.523942768573761,0.5349894165992737
"(7, 14)",2,dam_lmp__congestion_usd_per_mwh__th_sp15_gen_apnd,0.428727924823761,0.424227774143219
"(7, 14)",2,dam_lmp__loss_usd_per_mwh__th_sp15_gen_apnd,0.19912827014923096,0.19225084781646729
"(7, 14)",2,rt15_lmp_hourly_mean__congestion_usd_per_mwh__th_sp15_gen_apnd,0.2991701364517212,0.2979641556739807
"(7, 14)",2,dam_as_total_procured__mw__ru__as_caiso,0.35119056701660156,0.3429822325706482
"(7, 14)",2,dam_as_total_procured__mw__rd__as_caiso,0.6911202669143677,0.6859949827194214
"(7, 14)",2,dam_as_total_procured__mw__sr__as_caiso,0.09560316801071167,0.1301235556602478
"(7, 14)",2,dam_as_total_procured__mw__nr__as_caiso,0.05964440107345581,0.05919867753982544
"(7, 18)",2,actual_load__mw__ca_iso_tac,0.23702800273895264,0.23844558000564575
"(7, 18)",2,dam_schedule__mw__generation__caiso_totals,0.25337862968444824,0.2552333474159241
"(7, 18)",2,dam_schedule__mw__import__caiso_totals,0.27548879384994507,0.2768280506134033
"(7, 18)",2,dam_schedule__mw__export__caiso_totals,0.3024095296859741,0.3154374361038208
"(7, 18)",2,dam_lmp__lmp_usd_per_mwh__th_sp15_gen_apnd,0.549229085445404,0.5521389842033386
"(7, 18)",2,dam_lmp__congestion_usd_per_mwh__th_sp15_gen_apnd,0.37943214178085327,0.37123292684555054
"(7, 18)",2,dam_lmp__loss_usd_per_mwh__th_sp15_gen_apnd,0.17182278633117676,0.15409249067306519
"(7, 18)",2,rt15_lmp_hourly_mean__congestion_usd_per_mwh__th_sp15_gen_apnd,0.269714891910553,0.2650153636932373
"(7, 18)",2,dam_as_total_procured__mw__ru__as_caiso,0.33471840620040894,0.32236844301223755
"(7, 18)",2,dam_as_total_procured__mw__rd__as_caiso,0.6803828477859497,0.6733256578445435
"(7, 18)",2,dam_as_total_procured__mw__sr__as_caiso,0.07852202653884888,0.11350494623184204
"(7, 18)",2,dam_as_total_procured__mw__nr__as_caiso,0.04595822095870972,0.04625052213668823
"(7, 22)",2,actual_load__mw__ca_iso_tac,0.41797685623168945,0.43406540155410767
"(7, 22)",2,dam_schedule__mw__generation__caiso_totals,0.4633600115776062,0.4728483557701111
"(7, 22)",2,dam_schedule__mw__import__caiso_totals,0.33317893743515015,0.3452005386352539
"(7, 22)",2,dam_schedule__mw__export__caiso_totals,0.34817302227020264,0.3645073175430298
"(7, 22)",2,dam_lmp__lmp_usd_per_mwh__th_sp15_gen_apnd,0.7070059776306152,0.7220653295516968
"(7, 22)",2,dam_lmp__congestion_usd_per_mwh__th_sp15_gen_apnd,0.4027755856513977,0.3930066227912903
"(7, 22)",2,dam_lmp__loss_usd_per_mwh__th_sp15_gen_apnd,0.3433736562728882,0.3631390929222107
"(7, 22)",2,rt15_lmp_hourly_mean__congestion_usd_per_mwh__th_sp15_gen_apnd,0.32162195444107056,0.3024965524673462
"(7, 22)",2,dam_as_total_procured__mw__ru__as_caiso,0.3316424489021301,0.32330185174942017
"(7, 22)",2,dam_as_total_procured__mw__rd__as_caiso,0.6908299922943115,0.6928324103355408
"(7, 22)",2,dam_as_total_procured__mw__sr__as_caiso,0.07599520683288574,0.12378138303756714
"(7, 22)",2,dam_as_total_procured__mw__nr__as_caiso,0.06540292501449585,0.06502634286880493
"(7, 26)",2,actual_load__mw__ca_iso_tac,0.30385005474090576,0.31119436025619507
"(7, 26)",2,dam_schedule__mw__generation__caiso_totals,0.3759416937828064,0.38380682468414307
"(7, 26)",2,dam_schedule__mw__import__caiso_totals,0.29568761587142944,0.30004990100860596
"(7, 26)",2,dam_schedule__mw__export__caiso_totals,0.4384113550186157,0.4457128643989563
"(7, 26)",2,dam_lmp__lmp_usd_per_mwh__th_sp15_gen_apnd,0.5645086765289307,0.5778870582580566
"(7, 26)",2,dam_lmp__congestion_usd_per_mwh__th_sp15_gen_apnd,0.40907907485961914,0.4082139730453491
"(7, 26)",2,dam_lmp__loss_usd_per_mwh__th_sp15_gen_apnd,0.31623733043670654,0.29699188470840454
"(7, 26)",2,rt15_lmp_hourly_mean__congestion_usd_per_mwh__th_sp15_gen_apnd,0.2796586751937866,0.2834552526473999
"(7, 26)",2,dam_as_total_procured__mw__ru__as_caiso,0.3495261073112488,0.3393706679344177
"(7, 26)",2,dam_as_total_procured__mw__rd__as_caiso,0.7040939331054688,0.6985063552856445
"(7, 26)",2,dam_as_total_procured__mw__sr__as_caiso,0.09085983037948608,0.12396621704101562
"(7, 26)",2,dam_as_total_procured__mw__nr__as_caiso,0.06648516654968262,0.0676722526550293
"(7, 30)",2,actual_load__mw__ca_iso_tac,0.2188549041748047,0.21940487623214722
"(7, 30)",2,dam_schedule__mw__generation__caiso_totals,0.2504722476005554,0.25170189142227173
"(7, 30)",2,dam_schedule__mw__import__caiso_totals,0.2659412622451782,0.26478445529937744
"(7, 30)",2,dam_schedule__mw__export__caiso_totals,0.2978816628456116,0.3103581666946411
"(7, 30)",2,dam_lmp__lmp_usd_per_mwh__th_sp15_gen_apnd,0.5010318160057068,0.5110222697257996
"(7, 30)",2,dam_lmp__congestion_usd_per_mwh__th_sp15_gen_apnd,0.37727057933807373,0.3724325895309448
"(7, 30)",2,dam_lmp__loss_usd_per_mwh__th_sp15_gen_apnd,0.1486249566078186,0.12787765264511108
"(7, 30)",2,rt15_lmp_hourly_mean__congestion_usd_per_mwh__th_sp15_gen_apnd,0.26778632402420044,0.2664145231246948
"(7, 30)",2,dam_as_total_procured__mw__ru__as_caiso,0.31971675157546997,0.3059326410293579
"(7, 30)",2,dam_as_total_procured__mw__rd__as_caiso,0.6796785593032837,0.6711524128913879
"(7, 30)",2,dam_as_total_procured__mw__sr__as_caiso,0.07154113054275513,0.10542929172515869
"(7, 30)",2,dam_as_total_procured__mw__nr__as_caiso,0.030157148838043213,0.03622090816497803
"(7, 34)",2,actual_load__mw__ca_iso_tac,0.23959726095199585,0.24008607864379883
"(7, 34)",2,dam_schedule__mw__generation__caiso_totals,0.27964359521865845,0.2853136658668518
"(7, 34)",2,dam_schedule__mw__import__caiso_totals,0.27752596139907837,0.27608972787857056
"(7, 34)",2,dam_schedule__mw__export__caiso_totals,0.3329041004180908,0.3481411933898926
"(7, 34)",2,dam_lmp__lmp_usd_per_mwh__th_sp15_gen_apnd,0.5225999355316162,0.5320754051208496
"(7, 34)",2,dam_lmp__congestion_usd_per_mwh__th_sp15_gen_apnd,0.4102124571800232,0.40221911668777466
"(7, 34)",2,dam_lmp__loss_usd_per_mwh__th_sp15_gen_apnd,0.16733306646347046,0.1482868790626526
"(7, 34)",2,rt15_lmp_hourly_mean__congestion_usd_per_mwh__th_sp15_gen_apnd,0.2835639715194702,0.28709810972213745
"(7, 34)",2,dam_as_total_procured__mw__ru__as_caiso,0.8424904346466064,0.8368246555328369
"(7, 34)",2,dam_as_total_procured__mw__rd__as_caiso,0.7609400749206543,0.7523224353790283
"(7, 34)",2,dam_as_total_procured__mw__sr__as_caiso,0.07068377733230591,0.11424225568771362
"(7, 34)",2,dam_as_total_procured__mw__nr__as_caiso,0.05238223075866699,0.06950521469116211
"(7, 38)",2,actual_load__mw__ca_iso_tac,0.29412639141082764,0.2946498394012451
"(7, 38)",2,dam_schedule__mw__generation__caiso_totals,0.3274098038673401,0.33277666568756104
"(7, 38)",2,dam_schedule__mw__import__caiso_totals,0.31010913848876953,0.3061825633049011
"(7, 38)",2,dam_schedule__mw__export__caiso_totals,0.3221297264099121,0.3388427495956421
"(7, 38)",2,dam_lmp__lmp_usd_per_mwh__th_sp15_gen_apnd,0.5581158399581909,0.5747334957122803
"(7, 38)",2,dam_lmp__congestion_usd_per_mwh__th_sp15_gen_apnd,0.4151238203048706,0.40681231021881104
"(7, 38)",2,dam_lmp__loss_usd_per_mwh__th_sp15_gen_apnd,0.2043595314025879,0.19224047660827637
"(7, 38)",2,rt15_lmp_hourly_mean__congestion_usd_per_mwh__th_sp15_gen_apnd,0.29031771421432495,0.2894213795661926
"(7, 38)",2,dam_as_total_procured__mw__ru__as_caiso,0.34233200550079346,0.32659435272216797
"(7, 38)",2,dam_as_total_procured__mw__rd__as_caiso,0.6967558264732361,0.6883916854858398
"(7, 38)",2,dam_as_total_procured__mw__sr__as_caiso,0.0752224326133728,0.12036639451980591
"(7, 38)",2,dam_as_total_procured__mw__nr__as_caiso,0.07890236377716064,0.06807142496109009
"(7, 42)",2,actual_load__mw__ca_iso_tac,0.28890925645828247,0.308161199092865
"(7, 42)",2,dam_schedule__mw__generation__caiso_totals,0.3065817356109619,0.32819080352783203
"(7, 42)",2,dam_schedule__mw__import__caiso_totals,0.27146607637405396,0.2730615735054016
"(7, 42)",2,dam_schedule__mw__export__caiso_totals,0.33921563625335693,0.36205464601516724
"(7, 42)",2,dam_lmp__lmp_usd_per_mwh__th_sp15_gen_apnd,0.5811333656311035,0.5822135210037231
"(7, 42)",2,dam_lmp__congestion_usd_per_mwh__th_sp15_gen_apnd,0.412580668926239,0.40065282583236694
"(7, 42)",2,dam_lmp__loss_usd_per_mwh__th_sp15_gen_apnd,0.166093647480011,0.1390213966369629
"(7, 42)",2,rt15_lmp_hourly_mean__congestion_usd_per_mwh__th_sp15_gen_apnd,0.3071995973587036,0.30251818895339966
"(7, 42)",2,dam_as_total_procured__mw__ru__as_caiso,0.31593793630599976,0.3027021288871765
"(7, 42)",2,dam_as_total_procured__mw__rd__as_caiso,0.6820957660675049,0.6719255447387695
"(7, 42)",2,dam_as_total_procured__mw__sr__as_caiso,0.07870429754257202,0.12098133563995361
"(7, 42)",2,dam_as_total_procured__mw__nr__as_caiso,0.059993088245391846,0.0637047290802002
"(8, 11)",2,actual_load__mw__ca_iso_tac,0.23068857192993164,0.22062087059020996
"(8, 11)",2,dam_schedule__mw__generation__caiso_totals,0.2680310606956482,0.24503564834594727
"(8, 11)",2,dam_schedule__mw__import__caiso_totals,0.2824370265007019,0.2775442600250244
"(8, 11)",2,dam_schedule__mw__export__caiso_totals,0.33528977632522583,0.3299243450164795
"(8, 11)",2,dam_lmp__lmp_usd_per_mwh__th_sp15_gen_apnd,0.5120941996574402,0.5132304430007935
"(8, 11)",2,dam_lmp__congestion_usd_per_mwh__th_sp15_gen_apnd,0.4131814241409302,0.406765878200531
"(8, 11)",2,dam_lmp__loss_usd_per_mwh__th_sp15_gen_apnd,0.10952836275100708,0.11699283123016357
"(8, 11)",2,rt15_lmp_hourly_mean__congestion_usd_per_mwh__th_sp15_gen_apnd,0.25073403120040894,0.25624334812164307
"(8, 11)",2,dam_as_total_procured__mw__ru__as_caiso,0.3883029818534851,0.3728939890861511
"(8, 11)",2,dam_as_total_procured__mw__rd__as_caiso,0.7331454753875732,0.7218759059906006
"(8, 11)",2,dam_as_total_procured__mw__sr__as_caiso,0.08966654539108276,0.12484955787658691
"(8, 11)",2,dam_as_total_procured__mw__nr__as_caiso,0.04132300615310669,0.04021424055099487
"(8, 15)",2,actual_load__mw__ca_iso_tac,0.1796889305114746,0.1609613299369812
"(8, 15)",2,dam_schedule__mw__generation__caiso_totals,0.22546428442001343,0.1979433298110962
"(8, 15)",2,dam_schedule__mw__import__caiso_totals,0.30746108293533325,0.30284518003463745
"(8, 15)",2,dam_schedule__mw__export__caiso_totals,0.33388155698776245,0.32680565118789673
"(8, 15)",2,dam_lmp__lmp_usd_per_mwh__th_sp15_gen_apnd,0.6202666759490967,0.6133555769920349
"(8, 15)",2,dam_lmp__congestion_usd_per_mwh__th_sp15_gen_apnd,0.4748131036758423,0.46488863229751587
"(8, 15)",2,dam_lmp__loss_usd_per_mwh__th_sp15_gen_apnd,0.2187337875366211,0.21725714206695557
"(8, 15)",2,rt15_lmp_hourly_mean__congestion_usd_per_mwh__th_sp15_gen_apnd,0.28118258714675903,0.28009313344955444
"(8, 15)",2,dam_as_total_procured__mw__ru__as_caiso,0.40442657470703125,0.3926123380661011
"(8, 15)",2,dam_as_total_procured__mw__rd__as_caiso,0.7510583996772766,0.7328383922576904
"(8, 15)",2,dam_as_total_procured__mw__sr__as_caiso,0.07924193143844604,0.11182457208633423
"(8, 15)",2,dam_as_total_procured__mw__nr__as_caiso,0.062423884868621826,0.05661356449127197
"(8, 19)",2,actual_load__mw__ca_iso_tac,0.2706477642059326,0.249364972114563
"(8, 19)",2,dam_schedule__mw__generation__caiso_totals,0.26955974102020264,0.24857622385025024
"(8, 19)",2,dam_schedule__mw__import__caiso_totals,0.2821493148803711,0.2877061367034912
"(8, 19)",2,dam_schedule__mw__export__caiso_totals,0.2211586833000183,0.20197206735610962
"(8, 19)",2,dam_lmp__lmp_usd_per_mwh__th_sp15_gen_apnd,0.9566923379898071,0.9574533700942993
"(8, 19)",2,dam_lmp__congestion_usd_per_mwh__th_sp15_gen_apnd,0.35920506715774536,0.35810989141464233
"(8, 19)",2,dam_lmp__loss_usd_per_mwh__th_sp15_gen_apnd,0.43362683057785034,0.4520501494407654
"(8, 19)",2,rt15_lmp_hourly_mean__congestion_usd_per_mwh__th_sp15_gen_apnd,0.3027946352958679,0.28373444080352783
"(8, 19)",2,dam_as_total_procured__mw__ru__as_caiso,0.21704894304275513,0.18553447723388672
"(8, 19)",2,dam_as_total_procured__mw__rd__as_caiso,0.36131948232650757,0.3618435859680176
"(8, 19)",2,dam_as_total_procured__mw__sr__as_caiso,0.03848767280578613,0.04099184274673462
"(8, 19)",2,dam_as_total_procured__mw__nr__as_caiso,0.09248125553131104,0.09717786312103271
"(8, 23)",2,actual_load__mw__ca_iso_tac,0.1701834797859192,0.159529447555542
"(8, 23)",2,dam_schedule__mw__generation__caiso_totals,0.14982551336288452,0.1419329047203064
"(8, 23)",2,dam_schedule__mw__import__caiso_totals,0.2380913496017456,0.2433648705482483
"(8, 23)",2,dam_schedule__mw__export__caiso_totals,0.13038575649261475,0.12484908103942871
"(8, 23)",2,dam_lmp__lmp_usd_per_mwh__th_sp15_gen_apnd,0.8615906238555908,0.8655756711959839
"(8, 23)",2,dam_lmp__congestion_usd_per_mwh__th_sp15_gen_apnd,0.4068635106086731,0.4134448170661926
"(8, 23)",2,dam_lmp__loss_usd_per_mwh__th_sp15_gen_apnd,0.32958823442459106,0.3425753116607666
"(8, 23)",2,rt15_lmp_hourly_mean__congestion_usd_per_mwh__th_sp15_gen_apnd,0.4296266436576843,0.4310399293899536
"(8, 23)",2,dam_as_total_procured__mw__ru__as_caiso,0.21466588973999023,0.1905387043952942
"(8, 23)",2,dam_as_total_procured__mw__rd__as_caiso,0.37981730699539185,0.3822617530822754
"(8, 23)",2,dam_as_total_procured__mw__sr__as_caiso,0.034859299659729004,0.034636735916137695
"(8, 23)",2,dam_as_total_procured__mw__nr__as_caiso,0.042725563049316406,0.04708296060562134
"(8, 27)",2,actual_load__mw__ca_iso_tac,0.6482745409011841,0.6498080492019653
"(8, 27)",2,dam_schedule__mw__generation__caiso_totals,0.6120576858520508,0.6229747533798218
"(8, 27)",2,dam_schedule__mw__import__caiso_totals,0.21456903219223022,0.2088758945465088
"(8, 27)",2,dam_schedule__mw__export__caiso_totals,0.3606356978416443,0.3572348356246948
"(8, 27)",2,dam_lmp__lmp_usd_per_mwh__th_sp15_gen_apnd,0.3925449252128601,0.4092918634414673
"(8, 27)",2,dam_lmp__congestion_usd_per_mwh__th_sp15_gen_apnd,0.07429862022399902,0.07713443040847778
"(8, 27)",2,dam_lmp__loss_usd_per_mwh__th_sp15_gen_apnd,0.39465010166168213,0.3918018937110901
"(8, 27)",2,rt15_lmp_hourly_mean__congestion_usd_per_mwh__th_sp15_gen_apnd,0.0743374228477478,0.08301156759262085
"(8, 27)",2,dam_as_total_procured__mw__ru__as_caiso,0.10942703485488892,0.10695004463195801
"(8, 27)",2,dam_as_total_procured__mw__rd__as_caiso,0.11636638641357422,0.12266820669174194
"(8, 27)",2,dam_as_total_procured__mw__sr__as_caiso,0.048290371894836426,0.053596436977386475
"(8, 27)",2,dam_as_total_procured__mw__nr__as_caiso,0.20387768745422363,0.20659035444259644
"(8, 31)",2,actual_load__mw__ca_iso_tac,0.07203364372253418,0.05466163158416748
"(8, 31)",2,dam_schedule__mw__generation__caiso_totals,0.07652640342712402,0.05673485994338989
"(8, 31)",2,dam_schedule__mw__import__caiso_totals,0.012171268463134766,0.010418176651000977
"(8, 31)",2,dam_schedule__mw__export__caiso_totals,0.053713440895080566,0.04901975393295288
"(8, 31)",2,dam_lmp__lmp_usd_per_mwh__th_sp15_gen_apnd,0.010792911052703857,0.014664828777313232
"(8, 31)",2,dam_lmp__congestion_usd_per_mwh__th_sp15_gen_apnd,0.03583651781082153,0.04236835241317749
"(8, 31)",2,dam_lmp__loss_usd_per_mwh__th_sp15_gen_apnd,0.005677163600921631,0.007117629051208496
"(8, 31)",2,rt15_lmp_hourly_mean__congestion_usd_per_mwh__th_sp15_gen_apnd,0.014822304248809814,0.020744800567626953
"(8, 31)",2,dam_as_total_procured__mw__ru__as_caiso,0.03003835678100586,0.03108978271484375
"(8, 31)",2,dam_as_total_procured__mw__rd__as_caiso,0.013458788394927979,0.023160815238952637
"(8, 31)",2,dam_as_total_procured__mw__sr__as_caiso,0.012318849563598633,0.011793255805969238
"(8, 31)",2,dam_as_total_procured__mw__nr__as_caiso,0.03174698352813721,0.027486681938171387
"(8, 35)",2,actual_load__mw__ca_iso_tac,0.3300839066505432,0.3239850401878357
"(8, 35)",2,dam_schedule__mw__generation__caiso_totals,0.36205846071243286,0.3376966118812561
"(8, 35)",2,dam_schedule__mw__import__caiso_totals,0.24680054187774658,0.2433319091796875
"(8, 35)",2,dam_schedule__mw__export__caiso_totals,0.33592748641967773,0.33544957637786865
"(8, 35)",2,dam_lmp__lmp_usd_per_mwh__th_sp15_gen_apnd,0.4214123487472534,0.40141087770462036
"(8, 35)",2,dam_lmp__congestion_usd_per_mwh__th_sp15_gen_apnd,0.4000875949859619,0.3705005645751953
"(8, 35)",2,dam_lmp__loss_usd_per_mwh__th_sp15_gen_apnd,0.08618581295013428,0.09242075681686401
"(8, 35)",2,rt15_lmp_hourly_mean__congestion_usd_per_mwh__th_sp15_gen_apnd,0.23712211847305298,0.23159480094909668
"(8, 35)",2,dam_as_total_procured__mw__ru__as_caiso,0.42263466119766235,0.4249768853187561
"(8, 35)",2,dam_as_total_procured__mw__rd__as_caiso,0.9783987998962402,0.9768729209899902
"(8, 35)",2,dam_as_total_procured__mw__sr__as_caiso,0.07225334644317627,0.10101515054702759
"(8, 35)",2,dam_as_total_procured__mw__nr__as_caiso,0.09393125772476196,0.07863086462020874
"(8, 39)",2,actual_load__mw__ca_iso_tac,0.10111063718795776,0.09130126237869263
"(8, 39)",2,dam_schedule__mw__generation__caiso_totals,0.13642019033432007,0.12458652257919312
"(8, 39)",2,dam_schedule__mw__import__caiso_totals,0.029473721981048584,0.02996772527694702
"(8, 39)",2,dam_schedule__mw__export__caiso_totals,0.11665225028991699,0.11622381210327148
"(8, 39)",2,dam_lmp__lmp_usd_per_mwh__th_sp15_gen_apnd,0.09072715044021606,0.09239953756332397
"(8, 39)",2,dam_lmp__congestion_usd_per_mwh__th_sp15_gen_apnd,0.06910228729248047,0.07718092203140259
"(8, 39)",2,dam_lmp__loss_usd_per_mwh__th_sp15_gen_apnd,0.043372929096221924,0.03946954011917114
"(8, 39)",2,rt15_lmp_hourly_mean__congestion_usd_per_mwh__th_sp15_gen_apnd,0.021738648414611816,0.02684640884399414
"(8, 39)",2,dam_as_total_procured__mw__ru__as_caiso,0.09600377082824707,0.09341990947723389
"(8, 39)",2,dam_as_total_procured__mw__rd__as_caiso,0.0853913426399231,0.10384321212768555
"(8, 39)",2,dam_as_total_procured__mw__sr__as_caiso,0.030381619930267334,0.030144035816192627
"(8, 39)",2,dam_as_total_procured__mw__nr__as_caiso,0.040851712226867676,0.032460808753967285
"(8, 43)",2,actual_load__mw__ca_iso_tac,0.11571884155273438,0.09384799003601074
"(8, 43)",2,dam_schedule__mw__generation__caiso_totals,0.14601188898086548,0.11762493848800659
"(8, 43)",2,dam_schedule__mw__import__caiso_totals,0.17698293924331665,0.17267048358917236
"(8, 43)",2,dam_schedule__mw__export__caiso_totals,0.15291935205459595,0.14199507236480713
"(8, 43)",2,dam_lmp__lmp_usd_per_mwh__th_sp15_gen_apnd,0.25429224967956543,0.27471351623535156
"(8, 43)",2,dam_lmp__congestion_usd_per_mwh__th_sp15_gen_apnd,0.19236022233963013,0.18912255764007568
"(8, 43)",2,dam_lmp__loss_usd_per_mwh__th_sp15_gen_apnd,0.07186132669448853,0.08205443620681763
"(8, 43)",2,rt15_lmp_hourly_mean__congestion_usd_per_mwh__th_sp15_gen_apnd,0.08961081504821777,0.08111763000488281
"(8, 43)",2,dam_as_total_procured__mw__ru__as_caiso,0.0820733904838562,0.08083951473236084
"(8, 43)",2,dam_as_total_procured__mw__rd__as_caiso,0.1857764720916748,0.21264541149139404
"(8, 43)",2,dam_as_total_procured__mw__sr__as_caiso,0.027089416980743408,0.04184603691101074
"(8, 43)",2,dam_as_total_procured__mw__nr__as_caiso,0.03317391872406006,0.028185725212097168
"(9, 13)",2,actual_load__mw__ca_iso_tac,0.19545918703079224,0.19003546237945557
"(9, 13)",2,dam_schedule__mw__generation__caiso_totals,0.22804617881774902,0.21825873851776123
"(9, 13)",2,dam_schedule__mw__import__caiso_totals,0.33756983280181885,0.325996458530426
"(9, 13)",2,dam_schedule__mw__export__caiso_totals,0.32389944791793823,0.31999051570892334
"(9, 13)",2,dam_lmp__lmp_usd_per_mwh__th_sp15_gen_apnd,0.6093027591705322,0.6027590036392212
"(9, 13)",2,dam_lmp__congestion_usd_per_mwh__th_sp15_gen_apnd,0.4641629457473755,0.462871253490448
"(9, 13)",2,dam_lmp__loss_usd_per_mwh__th_sp15_gen_apnd,0.2278991937637329,0.21129560470581055
"(9, 13)",2,rt15_lmp_hourly_mean__congestion_usd_per_mwh__th_sp15_gen_apnd,0.2877082824707031,0.29332077503204346
"(9, 13)",2,dam_as_total_procured__mw__ru__as_caiso,0.418857216835022,0.4083489179611206
"(9, 13)",2,dam_as_total_procured__mw__rd__as_caiso,0.7631651759147644,0.746052086353302
"(9, 13)",2,dam_as_total_procured__mw__sr__as_caiso,0.07475310564041138,0.11266720294952393
"(9, 13)",2,dam_as_total_procured__mw__nr__as_caiso,0.044284939765930176,0.037065744400024414
"(9, 17)",2,actual_load__mw__ca_iso_tac,0.18853050470352173,0.19062048196792603
"(9, 17)",2,dam_schedule__mw__generation__caiso_totals,0.20691627264022827,0.20047903060913086
"(9, 17)",2,dam_schedule__mw__import__caiso_totals,0.31878066062927246,0.31288808584213257
"(9, 17)",2,dam_schedule__mw__export__caiso_totals,0.27434056997299194,0.27320384979248047
"(9, 17)",2,dam_lmp__lmp_usd_per_mwh__th_sp15_gen_apnd,0.6116700172424316,0.6104484796524048
"(9, 17)",2,dam_lmp__congestion_usd_per_mwh__th_sp15_gen_apnd,0.440208375453949,0.4310183525085449
"(9, 17)",2,dam_lmp__loss_usd_per_mwh__th_sp15_gen_apnd,0.23531383275985718,0.2234436273574829
"(9, 17)",2,rt15_lmp_hourly_mean__congestion_usd_per_mwh__th_sp15_gen_apnd,0.267189085483551,0.26712948083877563
"(9, 17)",2,dam_as_total_procured__mw__ru__as_caiso,0.416559636592865,0.4083022475242615
"(9, 17)",2,dam_as_total_procured__mw__rd__as_caiso,0.7636787295341492,0.748623251914978
"(9, 17)",2,dam_as_total_procured__mw__sr__as_caiso,0.0773349404335022,0.11404186487197876
"(9, 17)",2,dam_as_total_procured__mw__nr__as_caiso,0.03197580575942993,0.0292474627494812
"(9, 21)",2,actual_load__mw__ca_iso_tac,0.4381580352783203,0.46628016233444214
"(9, 21)",2,dam_schedule__mw__generation__caiso_totals,0.451019287109375,0.47822827100753784
"(9, 21)",2,dam_schedule__mw__import__caiso_totals,0.36778968572616577,0.3775642514228821
"(9, 21)",2,dam_schedule__mw__export__caiso_totals,0.34011030197143555,0.35125404596328735
"(9, 21)",2,dam_lmp__lmp_usd_per_mwh__th_sp15_gen_apnd,0.9561436176300049,0.9610382914543152
"(9, 21)",2,dam_lmp__congestion_usd_per_mwh__th_sp15_gen_apnd,0.5091825723648071,0.5039154887199402
"(9, 21)",2,dam_lmp__loss_usd_per_mwh__th_sp15_gen_apnd,0.43523108959198,0.45079100131988525
"(9, 21)",2,rt15_lmp_hourly_mean__congestion_usd_per_mwh__th_sp15_gen_apnd,0.38206082582473755,0.36317330598831177
"(9, 21)",2,dam_as_total_procured__mw__ru__as_caiso,0.40206652879714966,0.38781124353408813
"(9, 21)",2,dam_as_total_procured__mw__rd__as_caiso,0.7591431736946106,0.7495365142822266
"(9, 21)",2,dam_as_total_procured__mw__sr__as_caiso,0.09746110439300537,0.1323196291923523
"(9, 21)",2,dam_as_total_procured__mw__nr__as_caiso,0.06164658069610596,0.06507748365402222
"(9, 25)",2,actual_load__mw__ca_iso_tac,0.24032175540924072,0.27579832077026367
"(9, 25)",2,dam_schedule__mw__generation__caiso_totals,0.2840394377708435,0.31387782096862793
"(9, 25)",2,dam_schedule__mw__import__caiso_totals,0.31307023763656616,0.3185961842536926
"(9, 25)",2,dam_schedule__mw__export__caiso_totals,0.325405478477478,0.34896260499954224
"(9, 25)",2,dam_lmp__lmp_usd_per_mwh__th_sp15_gen_apnd,0.6578325033187866,0.6593320369720459
"(9, 25)",2,dam_lmp__congestion_usd_per_mwh__th_sp15_gen_apnd,0.4716340899467468,0.46072059869766235
"(9, 25)",2,dam_lmp__loss_usd_per_mwh__th_sp15_gen_apnd,0.2573778033256531,0.252455472946167
"(9, 25)",2,rt15_lmp_hourly_mean__congestion_usd_per_mwh__th_sp15_gen_apnd,0.3206997513771057,0.32395923137664795
"(9, 25)",2,dam_as_total_procured__mw__ru__as_caiso,0.40192508697509766,0.38722479343414307
"(9, 25)",2,dam_as_total_procured__mw__rd__as_caiso,0.7654243111610413,0.752648115158081
"(9, 25)",2,dam_as_total_procured__mw__sr__as_caiso,0.08113187551498413,0.12073361873626709
"(9, 25)",2,dam_as_total_procured__mw__nr__as_caiso,0.05212044715881348,0.06158500909805298
"(9, 29)",2,actual_load__mw__ca_iso_tac,0.7132076025009155,0.7317690253257751
"(9, 29)",2,dam_schedule__mw__generation__caiso_totals,0.6609787940979004,0.6735713481903076
"(9, 29)",2,dam_schedule__mw__import__caiso_totals,0.3559020161628723,0.36233097314834595
"(9, 29)",2,dam_schedule__mw__export__caiso_totals,0.3846813440322876,0.3974161148071289
"(9, 29)",2,dam_lmp__lmp_usd_per_mwh__th_sp15_gen_apnd,0.7635306119918823,0.7744061350822449
"(9, 29)",2,dam_lmp__congestion_usd_per_mwh__th_sp15_gen_apnd,0.46244609355926514,0.45569199323654175
"(9, 29)",2,dam_lmp__loss_usd_per_mwh__th_sp15_gen_apnd,0.3789491057395935,0.3759225010871887
"(9, 29)",2,rt15_lmp_hourly_mean__congestion_usd_per_mwh__th_sp15_gen_apnd,0.3066638708114624,0.3101159334182739
"(9, 29)",2,dam_as_total_procured__mw__ru__as_caiso,0.4031810760498047,0.3947756886482239
"(9, 29)",2,dam_as_total_procured__mw__rd__as_caiso,0.7878521680831909,0.7824288010597229
"(9, 29)",2,dam_as_total_procured__mw__sr__as_caiso,0.11080789566040039,0.14765089750289917
"(9, 29)",2,dam_as_total_procured__mw__nr__as_caiso,0.14541256427764893,0.15261346101760864
"(9, 33)",2,actual_load__mw__ca_iso_tac,0.2309228777885437,0.23323959112167358
"(9, 33)",2,dam_schedule__mw__generation__caiso_totals,0.23994874954223633,0.23577165603637695
"(9, 33)",2,dam_schedule__mw__import__caiso_totals,0.2805796265602112,0.2840086817741394
"(9, 33)",2,dam_schedule__mw__export__caiso_totals,0.25026291608810425,0.25651443004608154
"(9, 33)",2,dam_lmp__lmp_usd_per_mwh__th_sp15_gen_apnd,0.5629444122314453,0.5648585557937622
"(9, 33)",2,dam_lmp__congestion_usd_per_mwh__th_sp15_gen_apnd,0.42823755741119385,0.4214679002761841
"(9, 33)",2,dam_lmp__loss_usd_per_mwh__th_sp15_gen_apnd,0.12758201360702515,0.13223481178283691
"(9, 33)",2,rt15_lmp_hourly_mean__congestion_usd_per_mwh__th_sp15_gen_apnd,0.26247674226760864,0.2678380608558655
"(9, 33)",2,dam_as_total_procured__mw__ru__as_caiso,0.40041452646255493,0.385267436504364
"(9, 33)",2,dam_as_total_procured__mw__rd__as_caiso,0.8032580614089966,0.7951259016990662
"(9, 33)",2,dam_as_total_procured__mw__sr__as_caiso,0.06751775741577148,0.09903115034103394
"(9, 33)",2,dam_as_total_procured__mw__nr__as_caiso,0.06336647272109985,0.058406293392181396
"(9, 37)",2,actual_load__mw__ca_iso_tac,0.5082745552062988,0.5403487682342529
"(9, 37)",2,dam_schedule__mw__generation__caiso_totals,0.45031237602233887,0.4914970397949219
"(9, 37)",2,dam_schedule__mw__import__caiso_totals,0.37954187393188477,0.3754676580429077
"(9, 37)",2,dam_schedule__mw__export__caiso_totals,0.3845440149307251,0.39961862564086914
"(9, 37)",2,dam_lmp__lmp_usd_per_mwh__th_sp15_gen_apnd,0.6283932328224182,0.6421986818313599
"(9, 37)",2,dam_lmp__congestion_usd_per_mwh__th_sp15_gen_apnd,0.4672214388847351,0.4599851965904236
"(9, 37)",2,dam_lmp__loss_usd_per_mwh__th_sp15_gen_apnd,0.14326214790344238,0.15022337436676025
"(9, 37)",2,rt15_lmp_hourly_mean__congestion_usd_per_mwh__th_sp15_gen_apnd,0.28318655490875244,0.2996421456336975
"(9, 37)",2,dam_as_total_procured__mw__ru__as_caiso,0.41008812189102173,0.39271456003189087
"(9, 37)",2,dam_as_total_procured__mw__rd__as_caiso,0.7706223130226135,0.7597166299819946
"(9, 37)",2,dam_as_total_procured__mw__sr__as_caiso,0.18551695346832275,0.21115988492965698
"(9, 37)",2,dam_as_total_procured__mw__nr__as_caiso,0.4656541347503662,0.4704868793487549
"(9, 41)",2,actual_load__mw__ca_iso_tac,0.23976802825927734,0.245516836643219
"(9, 41)",2,dam_schedule__mw__generation__caiso_totals,0.19819796085357666,0.19521397352218628
"(9, 41)",2,dam_schedule__mw__import__caiso_totals,0.29171454906463623,0.29391056299209595
"(9, 41)",2,dam_schedule__mw__export__caiso_totals,0.2346177101135254,0.23864704370498657
"(9, 41)",2,dam_lmp__lmp_usd_per_mwh__th_sp15_gen_apnd,0.6588255167007446,0.6582010984420776
"(9, 41)",2,dam_lmp__congestion_usd_per_mwh__th_sp15_gen_apnd,0.4498025178909302,0.4401589035987854
"(9, 41)",2,dam_lmp__loss_usd_per_mwh__th_sp15_gen_apnd,0.20020431280136108,0.1878417730331421
"(9, 41)",2,rt15_lmp_hourly_mean__congestion_usd_per_mwh__th_sp15_gen_apnd,0.28507447242736816,0.29380351305007935
"(9, 41)",2,dam_as_total_procured__mw__ru__as_caiso,0.4090636372566223,0.39451706409454346
"(9, 41)",2,dam_as_total_procured__mw__rd__as_caiso,0.749887228012085,0.735380232334137
"(9, 41)",2,dam_as_total_procured__mw__sr__as_caiso,0.07450014352798462,0.1069602370262146
"(9, 41)",2,dam_as_total_procured__mw__nr__as_caiso,0.02520930767059326,0.0240018367767334
"(10, 12)",2,actual_load__mw__ca_iso_tac,0.015982747077941895,0.01439964771270752
"(10, 12)",2,dam_schedule__mw__generation__caiso_totals,0.033360958099365234,0.025934934616088867
"(10, 12)",2,dam_schedule__mw__import__caiso_totals,0.041370391845703125,0.034490883350372314
"(10, 12)",2,dam_schedule__mw__export__caiso_totals,0.038479506969451904,0.03235822916030884
"(10, 12)",2,dam_lmp__lmp_usd_per_mwh__th_sp15_gen_apnd,0.015489697456359863,0.014075934886932373
"(10, 12)",2,dam_lmp__congestion_usd_per_mwh__th_sp15_gen_apnd,0.014656126499176025,0.01633763313293457
"(10, 12)",2,dam_lmp__loss_usd_per_mwh__th_sp15_gen_apnd,0.011086046695709229,0.008878529071807861
"(10, 12)",2,rt15_lmp_hourly_mean__congestion_usd_per_mwh__th_sp15_gen_apnd,0.0025812387466430664,0.008400142192840576
"(10, 12)",2,dam_as_total_procured__mw__ru__as_caiso,0.01794445514678955,0.013113915920257568
"(10, 12)",2,dam_as_total_procured__mw__rd__as_caiso,0.017824530601501465,0.02068227529525757
"(10, 12)",2,dam_as_total_procured__mw__sr__as_caiso,0.0008072257041931152,0.00909203290939331
"(10, 12)",2,dam_as_total_procured__mw__nr__as_caiso,0.018040239810943604,0.019339561462402344
"(10, 16)",2,actual_load__mw__ca_iso_tac,0.012942016124725342,0.014328181743621826
"(10, 16)",2,dam_schedule__mw__generation__caiso_totals,0.013500690460205078,0.01588428020477295
"(10, 16)",2,dam_schedule__mw__import__caiso_totals,0.0304146409034729,0.023158252239227295
"(10, 16)",2,dam_schedule__mw__export__caiso_totals,0.022190392017364502,0.022370100021362305
"(10, 16)",2,dam_lmp__lmp_usd_per_mwh__th_sp15_gen_apnd,0.07031416893005371,0.05410587787628174
"(10, 16)",2,dam_lmp__congestion_usd_per_mwh__th_sp15_gen_apnd,0.028296172618865967,0.019873082637786865
"(10, 16)",2,dam_lmp__loss_usd_per_mwh__th_sp15_gen_apnd,0.04149508476257324,0.024477064609527588
"(10, 16)",2,rt15_lmp_hourly_mean__congestion_usd_per_mwh__th_sp15_gen_apnd,0.01880723237991333,0.017875254154205322
"(10, 16)",2,dam_as_total_procured__mw__ru__as_caiso,0.03809487819671631,0.02708643674850464
"(10, 16)",2,dam_as_total_procured__mw__rd__as_caiso,0.043745458126068115,0.039426207542419434
"(10, 16)",2,dam_as_total_procured__mw__sr__as_caiso,0.0,0.0027884244918823242
"(10, 16)",2,dam_as_total_procured__mw__nr__as_caiso,0.018653512001037598,0.023276805877685547
"(10, 20)",2,actual_load__mw__ca_iso_tac,0.16078144311904907,0.16335690021514893
"(10, 20)",2,dam_schedule__mw__generation__caiso_totals,0.14988821744918823,0.15299946069717407
"(10, 20)",2,dam_schedule__mw__import__caiso_totals,0.23754191398620605,0.23975521326065063
"(10, 20)",2,dam_schedule__mw__export__caiso_totals,0.15532606840133667,0.1461852788925171
"(10, 20)",2,dam_lmp__lmp_usd_per_mwh__th_sp15_gen_apnd,0.7860866189002991,0.780551552772522
"(10, 20)",2,dam_lmp__congestion_usd_per_mwh__th_sp15_gen_apnd,0.16948843002319336,0.14609771966934204
"(10, 20)",2,dam_lmp__loss_usd_per_mwh__th_sp15_gen_apnd,0.4357386827468872,0.4470348358154297
"(10, 20)",2,rt15_lmp_hourly_mean__congestion_usd_per_mwh__th_sp15_gen_apnd,0.14791977405548096,0.12259429693222046
"(10, 20)",2,dam_as_total_procured__mw__ru__as_caiso,0.19937843084335327,0.1706029176712036
"(10, 20)",2,dam_as_total_procured__mw__rd__as_caiso,0.2982324957847595,0.30028772354125977
"(10, 20)",2,dam_as_total_procured__mw__sr__as_caiso,0.012325406074523926,0.021026194095611572
"(10, 20)",2,dam_as_total_procured__mw__nr__as_caiso,0.05790823698043823,0.06183129549026489
"(10, 24)",2,actual_load__mw__ca_iso_tac,0.12876242399215698,0.12577325105667114
"(10, 24)",2,dam_schedule__mw__generation__caiso_totals,0.09036672115325928,0.09484803676605225
"(10, 24)",2,dam_schedule__mw__import__caiso_totals,0.23082947731018066,0.2381468415260315
"(10, 24)",2,dam_schedule__mw__export__caiso_totals,0.0923604965209961,0.09032374620437622
"(10, 24)",2,dam_lmp__lmp_usd_per_mwh__th_sp15_gen_apnd,0.8053349256515503,0.8171526193618774
"(10, 24)",2,dam_lmp__congestion_usd_per_mwh__th_sp15_gen_apnd,0.3468814492225647,0.3487234115600586
"(10, 24)",2,dam_lmp__loss_usd_per_mwh__th_sp15_gen_apnd,0.3071998357772827,0.31613868474960327
"(10, 24)",2,rt15_lmp_hourly_mean__congestion_usd_per_mwh__th_sp15_gen_apnd,0.33534443378448486,0.3487895131111145
"(10, 24)",2,dam_as_total_procured__mw__ru__as_caiso,0.20383942127227783,0.17478984594345093
"(10, 24)",2,dam_as_total_procured__mw__rd__as_caiso,0.3733229637145996,0.37470126152038574
"(10, 24)",2,dam_as_total_procured__mw__sr__as_caiso,0.01602339744567871,0.028494954109191895
"(10, 24)",2,dam_as_total_procured__mw__nr__as_caiso,0.03444194793701172,0.037632107734680176
"(10, 28)",2,actual_load__mw__ca_iso_tac,0.8113210797309875,0.8124638795852661
"(10, 28)",2,dam_schedule__mw__generation__caiso_totals,0.80671226978302,0.8138960003852844
"(10, 28)",2,dam_schedule__mw__import__caiso_totals,0.12505793571472168,0.11181503534317017
"(10, 28)",2,dam_schedule__mw__export__caiso_totals,0.4293767213821411,0.42797166109085083
"(10, 28)",2,dam_lmp__lmp_usd_per_mwh__th_sp15_gen_apnd,0.2737230658531189,0.2807397246360779
"(10, 28)",2,dam_lmp__congestion_usd_per_mwh__th_sp15_gen_apnd,0.05657011270523071,0.04696005582809448
"(10, 28)",2,dam_lmp__loss_usd_per_mwh__th_sp15_gen_apnd,0.2551565170288086,0.24847549200057983
"(10, 28)",2,rt15_lmp_hourly_mean__congestion_usd_per_mwh__th_sp15_gen_apnd,0.07026034593582153,0.07274943590164185
"(10, 28)",2,dam_as_total_procured__mw__ru__as_caiso,0.07913416624069214,0.07886219024658203
"(10, 28)",2,dam_as_total_procured__mw__rd__as_caiso,0.08553850650787354,0.0889466404914856
"(10, 28)",2,dam_as_total_procured__mw__sr__as_caiso,0.08390289545059204,0.09943026304244995
"(10, 28)",2,dam_as_total_procured__mw__nr__as_caiso,0.19381850957870483,0.19481700658798218
"(10, 32)",2,actual_load__mw__ca_iso_tac,0.059064507484436035,0.05654340982437134
"(10, 32)",2,dam_schedule__mw__generation__caiso_totals,0.08539921045303345,0.0838468074798584
"(10, 32)",2,dam_schedule__mw__import__caiso_totals,0.07870382070541382,0.0655476450920105
"(10, 32)",2,dam_schedule__mw__export__caiso_totals,0.08977407217025757,0.08465927839279175
"(10, 32)",2,dam_lmp__lmp_usd_per_mwh__th_sp15_gen_apnd,0.11953669786453247,0.08297300338745117
"(10, 32)",2,dam_lmp__congestion_usd_per_mwh__th_sp15_gen_apnd,0.12881779670715332,0.09333091974258423
"(10, 32)",2,dam_lmp__loss_usd_per_mwh__th_sp15_gen_apnd,0.01629805564880371,0.009032607078552246
"(10, 32)",2,rt15_lmp_hourly_mean__congestion_usd_per_mwh__th_sp15_gen_apnd,0.07179516553878784,0.05881983041763306
"(10, 32)",2,dam_as_total_procured__mw__ru__as_caiso,0.3520340919494629,0.350128173828125
"(10, 32)",2,dam_as_total_procured__mw__rd__as_caiso,0.3096611499786377,0.28344422578811646
"(10, 32)",2,dam_as_total_procured__mw__sr__as_caiso,0.004417538642883301,0.013593435287475586
"(10, 32)",2,dam_as_total_procured__mw__nr__as_caiso,0.04135274887084961,0.04218792915344238
"(10, 36)",2,actual_load__mw__ca_iso_tac,0.42070621252059937,0.44776564836502075
"(10, 36)",2,dam_schedule__mw__generation__caiso_totals,0.3192172050476074,0.3581932783126831
"(10, 36)",2,dam_schedule__mw__import__caiso_totals,0.11280214786529541,0.11268419027328491
"(10, 36)",2,dam_schedule__mw__export__caiso_totals,0.21742987632751465,0.2363949418067932
"(10, 36)",2,dam_lmp__lmp_usd_per_mwh__th_sp15_gen_apnd,0.10418862104415894,0.11005908250808716
"(10, 36)",2,dam_lmp__congestion_usd_per_mwh__th_sp15_gen_apnd,0.05442458391189575,0.053804874420166016
"(10, 36)",2,dam_lmp__loss_usd_per_mwh__th_sp15_gen_apnd,0.03324705362319946,0.038629353046417236
"(10, 36)",2,rt15_lmp_hourly_mean__congestion_usd_per_mwh__th_sp15_gen_apnd,0.020599663257598877,0.022534966468811035
"(10, 36)",2,dam_as_total_procured__mw__ru__as_caiso,0.03484964370727539,0.03475821018218994
"(10, 36)",2,dam_as_total_procured__mw__rd__as_caiso,0.08624708652496338,0.10188722610473633
"(10, 36)",2,dam_as_total_procured__mw__sr__as_caiso,0.15491396188735962,0.1623721718788147
"(10, 36)",2,dam_as_total_procured__mw__nr__as_caiso,0.4737226366996765,0.46769219636917114
"(10, 40)",2,actual_load__mw__ca_iso_tac,0.012894690036773682,0.007974326610565186
"(10, 40)",2,dam_schedule__mw__generation__caiso_totals,0.016132652759552002,0.009297609329223633
"(10, 40)",2,dam_schedule__mw__import__caiso_totals,0.03812551498413086,0.056995511054992676
"(10, 40)",2,dam_schedule__mw__export__caiso_totals,0.0368691086769104,0.027269303798675537
"(10, 40)",2,dam_lmp__lmp_usd_per_mwh__th_sp15_gen_apnd,0.1907753348350525,0.20139014720916748
"(10, 40)",2,dam_lmp__congestion_usd_per_mwh__th_sp15_gen_apnd,0.0819237232208252,0.08477741479873657
"(10, 40)",2,dam_lmp__loss_usd_per_mwh__th_sp15_gen_apnd,0.06363391876220703,0.05876779556274414
"(10, 40)",2,rt15_lmp_hourly_mean__congestion_usd_per_mwh__th_sp15_gen_apnd,0.049397289752960205,0.05701124668121338
"(10, 40)",2,dam_as_total_procured__mw__ru__as_caiso,0.0652463436126709,0.0552024245262146
"(10, 40)",2,dam_as_total_procured__mw__rd__as_caiso,0.06956559419631958,0.07818740606307983
"(10, 40)",2,dam_as_total_procured__mw__sr__as_caiso,0.00011605024337768555,0.01226872205734253
"(10, 40)",2,dam_as_total_procured__mw__nr__as_caiso,0.02175271511077881,0.02157425880432129
"(11, 12)",2,actual_load__mw__ca_iso_tac,0.1585475206375122,0.16459083557128906
"(11, 12)",2,dam_schedule__mw__generation__caiso_totals,0.17891865968704224,0.17883169651031494
"(11, 12)",2,dam_schedule__mw__import__caiso_totals,0.27379924058914185,0.2713806629180908
"(11, 12)",2,dam_schedule__mw__export__caiso_totals,0.24504411220550537,0.25664037466049194
"(11, 12)",2,dam_lmp__lmp_usd_per_mwh__th_sp15_gen_apnd,0.5275177359580994,0.5229009389877319
"(11, 12)",2,dam_lmp__congestion_usd_per_mwh__th_sp15_gen_apnd,0.39185631275177,0.3800809383392334
"(11, 12)",2,dam_lmp__loss_usd_per_mwh__th_sp15_gen_apnd,0.10825908184051514,0.1003493070602417
"(11, 12)",2,rt15_lmp_hourly_mean__congestion_usd_per_mwh__th_sp15_gen_apnd,0.23687094449996948,0.23938977718353271
"(11, 12)",2,dam_as_total_procured__mw__ru__as_caiso,0.38393014669418335,0.3664205074310303
"(11, 12)",2,dam_as_total_procured__mw__rd__as_caiso,0.7333123087882996,0.7217549681663513
"(11, 12)",2,dam_as_total_procured__mw__sr__as_caiso,0.07685708999633789,0.11013990640640259
"(11, 12)",2,dam_as_total_procured__mw__nr__as_caiso,0.014711081981658936,0.020754218101501465
"(11, 16)",2,actual_load__mw__ca_iso_tac,0.16803282499313354,0.17210453748703003
"(11, 16)",2,dam_schedule__mw__generation__caiso_totals,0.19896578788757324,0.19074583053588867
"(11, 16)",2,dam_schedule__mw__import__caiso_totals,0.27386176586151123,0.2688698172569275
"(11, 16)",2,dam_schedule__mw__export__caiso_totals,0.29936254024505615,0.29480069875717163
"(11, 16)",2,dam_lmp__lmp_usd_per_mwh__th_sp15_gen_apnd,0.5557863712310791,0.5454069375991821
"(11, 16)",2,dam_lmp__congestion_usd_per_mwh__th_sp15_gen_apnd,0.38845694065093994,0.37695711851119995
"(11, 16)",2,dam_lmp__loss_usd_per_mwh__th_sp15_gen_apnd,0.1363147497177124,0.1168980598449707
"(11, 16)",2,rt15_lmp_hourly_mean__congestion_usd_per_mwh__th_sp15_gen_apnd,0.2409672737121582,0.23772025108337402
"(11, 16)",2,dam_as_total_procured__mw__ru__as_caiso,0.39600056409835815,0.3803764581680298
"(11, 16)",2,dam_as_total_procured__mw__rd__as_caiso,0.7323499917984009,0.719854474067688
"(11, 16)",2,dam_as_total_procured__mw__sr__as_caiso,0.07331287860870361,0.10998237133026123
"(11, 16)",2,dam_as_total_procured__mw__nr__as_caiso,0.036547839641571045,0.04600811004638672
"(11, 20)",2,actual_load__mw__ca_iso_tac,0.42416179180145264,0.44720232486724854
"(11, 20)",2,dam_schedule__mw__generation__caiso_totals,0.4623942971229553,0.4778091311454773
"(11, 20)",2,dam_schedule__mw__import__caiso_totals,0.3597196936607361,0.362287700176239
"(11, 20)",2,dam_schedule__mw__export__caiso_totals,0.3470017910003662,0.35436224937438965
"(11, 20)",2,dam_lmp__lmp_usd_per_mwh__th_sp15_gen_apnd,0.8491724729537964,0.8447554111480713
"(11, 20)",2,dam_lmp__congestion_usd_per_mwh__th_sp15_gen_apnd,0.41633760929107666,0.4030073881149292
"(11, 20)",2,dam_lmp__loss_usd_per_mwh__th_sp15_gen_apnd,0.4810710549354553,0.4915635585784912
"(11, 20)",2,rt15_lmp_hourly_mean__congestion_usd_per_mwh__th_sp15_gen_apnd,0.278370201587677,0.2693402171134949
"(11, 20)",2,dam_as_total_procured__mw__ru__as_caiso,0.39153599739074707,0.3752111792564392
"(11, 20)",2,dam_as_total_procured__mw__rd__as_caiso,0.7457889914512634,0.7423944473266602
"(11, 20)",2,dam_as_total_procured__mw__sr__as_caiso,0.09118002653121948,0.1355903148651123
"(11, 20)",2,dam_as_total_procured__mw__nr__as_caiso,0.03130847215652466,0.045736074447631836
"(11, 24)",2,actual_load__mw__ca_iso_tac,0.355660080909729,0.3812795877456665
"(11, 24)",2,dam_schedule__mw__generation__caiso_totals,0.3730542063713074,0.4093252420425415
"(11, 24)",2,dam_schedule__mw__import__caiso_totals,0.3546586036682129,0.3675830364227295
"(11, 24)",2,dam_schedule__mw__export__caiso_totals,0.31053048372268677,0.33597421646118164
"(11, 24)",2,dam_lmp__lmp_usd_per_mwh__th_sp15_gen_apnd,0.8244611024856567,0.8328744173049927
"(11, 24)",2,dam_lmp__congestion_usd_per_mwh__th_sp15_gen_apnd,0.44989579916000366,0.44812148809432983
"(11, 24)",2,dam_lmp__loss_usd_per_mwh__th_sp15_gen_apnd,0.3566288352012634,0.36911535263061523
"(11, 24)",2,rt15_lmp_hourly_mean__congestion_usd_per_mwh__th_sp15_gen_apnd,0.37919527292251587,0.3896411657333374
"(11, 24)",2,dam_as_total_procured__mw__ru__as_caiso,0.3856922388076782,0.36948949098587036
"(11, 24)",2,dam_as_total_procured__mw__rd__as_caiso,0.738818347454071,0.7319786548614502
"(11, 24)",2,dam_as_total_procured__mw__sr__as_caiso,0.10184013843536377,0.13742101192474365
"(11, 24)",2,dam_as_total_procured__mw__nr__as_caiso,0.0333368182182312,0.03922748565673828
"(11, 28)",2,actual_load__mw__ca_iso_tac,0.8821917772293091,0.8806016445159912
"(11, 28)",2,dam_schedule__mw__generation__caiso_totals,0.8820592164993286,0.8834628462791443
"(11, 28)",2,dam_schedule__mw__import__caiso_totals,0.36463654041290283,0.36535292863845825
"(11, 28)",2,dam_schedule__mw__export__caiso_totals,0.5417642593383789,0.5526305437088013
"(11, 28)",2,dam_lmp__lmp_usd_per_mwh__th_sp15_gen_apnd,0.7287078499794006,0.7412018775939941
"(11, 28)",2,dam_lmp__congestion_usd_per_mwh__th_sp15_gen_apnd,0.4482353925704956,0.440639853477478
"(11, 28)",2,dam_lmp__loss_usd_per_mwh__th_sp15_gen_apnd,0.3319510221481323,0.3183075189590454
"(11, 28)",2,rt15_lmp_hourly_mean__congestion_usd_per_mwh__th_sp15_gen_apnd,0.2906070947647095,0.30059200525283813
"(11, 28)",2,dam_as_total_procured__mw__ru__as_caiso,0.4076250195503235,0.38777977228164673
"(11, 28)",2,dam_as_total_procured__mw__rd__as_caiso,0.776303231716156,0.7676547765731812
"(11, 28)",2,dam_as_total_procured__mw__sr__as_caiso,0.1422697901725769,0.17914706468582153
"(11, 28)",2,dam_as_total_procured__mw__nr__as_caiso,0.20188385248184204,0.20830512046813965
"(11, 32)",2,actual_load__mw__ca_iso_tac,0.17524665594100952,0.18523859977722168
"(11, 32)",2,dam_schedule__mw__generation__caiso_totals,0.21839535236358643,0.2262585163116455
"(11, 32)",2,dam_schedule__mw__import__caiso_totals,0.27015334367752075,0.27050548791885376
"(11, 32)",2,dam_schedule__mw__export__caiso_totals,0.263866662979126,0.2771907448768616
"(11, 32)",2,dam_lmp__lmp_usd_per_mwh__th_sp15_gen_apnd,0.49317359924316406,0.5037169456481934
"(11, 32)",2,dam_lmp__congestion_usd_per_mwh__th_sp15_gen_apnd,0.38278019428253174,0.38160812854766846
"(11, 32)",2,dam_lmp__loss_usd_per_mwh__th_sp15_gen_apnd,0.09671622514724731,0.10134422779083252
"(11, 32)",2,rt15_lmp_hourly_mean__congestion_usd_per_mwh__th_sp15_gen_apnd,0.23071891069412231,0.23909270763397217
"(11, 32)",2,dam_as_total_procured__mw__ru__as_caiso,0.4697534441947937,0.4647113084793091
"(11, 32)",2,dam_as_total_procured__mw__rd__as_caiso,0.7379184365272522,0.7273379564285278
"(11, 32)",2,dam_as_total_procured__mw__sr__as_caiso,0.0736241340637207,0.10699355602264404
"(11, 32)",2,dam_as_total_procured__mw__nr__as_caiso,0.026934802532196045,0.04365956783294678
"(11, 36)",2,actual_load__mw__ca_iso_tac,0.5404183864593506,0.5706703662872314
"(11, 36)",2,dam_schedule__mw__generation__caiso_totals,0.49369561672210693,0.5285990238189697
"(11, 36)",2,dam_schedule__mw__import__caiso_totals,0.37655144929885864,0.36908596754074097
"(11, 36)",2,dam_schedule__mw__export__caiso_totals,0.4077407121658325,0.4179629683494568
"(11, 36)",2,dam_lmp__lmp_usd_per_mwh__th_sp15_gen_apnd,0.5774394869804382,0.5930501818656921
"(11, 36)",2,dam_lmp__congestion_usd_per_mwh__th_sp15_gen_apnd,0.427706778049469,0.4178788661956787
"(11, 36)",2,dam_lmp__loss_usd_per_mwh__th_sp15_gen_apnd,0.13619697093963623,0.14113694429397583
"(11, 36)",2,rt15_lmp_hourly_mean__congestion_usd_per_mwh__th_sp15_gen_apnd,0.24388611316680908,0.25848084688186646
"(11, 36)",2,dam_as_total_procured__mw__ru__as_caiso,0.40310508012771606,0.38704347610473633
"(11, 36)",2,dam_as_total_procured__mw__rd__as_caiso,0.7587805390357971,0.7504352331161499
"(11, 36)",2,dam_as_total_procured__mw__sr__as_caiso,0.19302749633789062,0.22220832109451294
"(11, 36)",2,dam_as_total_procured__mw__nr__as_caiso,0.47333472967147827,0.47630560398101807
"(11, 40)",2,actual_load__mw__ca_iso_tac,0.17579752206802368,0.19235634803771973
"(11, 40)",2,dam_schedule__mw__generation__caiso_totals,0.1926947832107544,0.20070183277130127
"(11, 40)",2,dam_schedule__mw__import__caiso_totals,0.27187997102737427,0.2694166898727417
"(11, 40)",2,dam_schedule__mw__export__caiso_totals,0.24404919147491455,0.26200026273727417
"(11, 40)",2,dam_lmp__lmp_usd_per_mwh__th_sp15_gen_apnd,0.5586471557617188,0.5549110174179077
"(11, 40)",2,dam_lmp__congestion_usd_per_mwh__th_sp15_gen_apnd,0.41430532932281494,0.4029920697212219
"(11, 40)",2,dam_lmp__loss_usd_per_mwh__th_sp15_gen_apnd,0.1273983120918274,0.11306869983673096
"(11, 40)",2,rt15_lmp_hourly_mean__congestion_usd_per_mwh__th_sp15_gen_apnd,0.2615385055541992,0.2660725712776184
"(11, 40)",2,dam_as_total_procured__mw__ru__as_caiso,0.3847928047180176,0.365364134311676
"(11, 40)",2,dam_as_total_procured__mw__rd__as_caiso,0.7342489361763,0.722780704498291
"(11, 40)",2,dam_as_total_procured__mw__sr__as_caiso,0.07482147216796875,0.11276280879974365
"(11, 40)",2,dam_as_total_procured__mw__nr__as_caiso,0.018253684043884277,0.02238941192626953
"(12, 13)",2,actual_load__mw__ca_iso_tac,0.1397991180419922,0.13972270488739014
"(12, 13)",2,dam_schedule__mw__generation__caiso_totals,0.15971970558166504,0.15610206127166748
"(12, 13)",2,dam_schedule__mw__import__caiso_totals,0.31878942251205444,0.31225746870040894
"(12, 13)",2,dam_schedule__mw__export__caiso_totals,0.2706136107444763,0.27990472316741943
"(12, 13)",2,dam_lmp__lmp_usd_per_mwh__th_sp15_gen_apnd,0.5697697997093201,0.5575523376464844
"(12, 13)",2,dam_lmp__congestion_usd_per_mwh__th_sp15_gen_apnd,0.41128009557724,0.3970678448677063
"(12, 13)",2,dam_lmp__loss_usd_per_mwh__th_sp15_gen_apnd,0.20806986093521118,0.18185609579086304
"(12, 13)",2,rt15_lmp_hourly_mean__congestion_usd_per_mwh__th_sp15_gen_apnd,0.2625766396522522,0.24526876211166382
"(12, 13)",2,dam_as_total_procured__mw__ru__as_caiso,0.36969149112701416,0.3574141263961792
"(12, 13)",2,dam_as_total_procured__mw__rd__as_caiso,0.7246285676956177,0.712675154209137
"(12, 13)",2,dam_as_total_procured__mw__sr__as_caiso,0.06904417276382446,0.10489004850387573
"(12, 13)",2,dam_as_total_procured__mw__nr__as_caiso,0.03290855884552002,0.03072601556777954
"(12, 17)",2,actual_load__mw__ca_iso_tac,0.13190442323684692,0.13104665279388428
"(12, 17)",2,dam_schedule__mw__generation__caiso_totals,0.14252400398254395,0.13986408710479736
"(12, 17)",2,dam_schedule__mw__import__caiso_totals,0.3078365921974182,0.30349433422088623
"(12, 17)",2,dam_schedule__mw__export__caiso_totals,0.24353575706481934,0.2506944537162781
"(12, 17)",2,dam_lmp__lmp_usd_per_mwh__th_sp15_gen_apnd,0.6010723114013672,0.5881235599517822
"(12, 17)",2,dam_lmp__congestion_usd_per_mwh__th_sp15_gen_apnd,0.4142259359359741,0.39682966470718384
"(12, 17)",2,dam_lmp__loss_usd_per_mwh__th_sp15_gen_apnd,0.2207261323928833,0.1947917342185974
"(12, 17)",2,rt15_lmp_hourly_mean__congestion_usd_per_mwh__th_sp15_gen_apnd,0.24944406747817993,0.23734700679779053
"(12, 17)",2,dam_as_total_procured__mw__ru__as_caiso,0.39634478092193604,0.3812580108642578
"(12, 17)",2,dam_as_total_procured__mw__rd__as_caiso,0.7387568950653076,0.7246526479721069
"(12, 17)",2,dam_as_total_procured__mw__sr__as_caiso,0.0741356611251831,0.10724419355392456
"(12, 17)",2,dam_as_total_procured__mw__nr__as_caiso,0.03897547721862793,0.03417384624481201
"(12, 21)",2,actual_load__mw__ca_iso_tac,0.1351369023323059,0.14007943868637085
"(12, 21)",2,dam_schedule__mw__generation__caiso_totals,0.13066250085830688,0.1298278570175171
"(12, 21)",2,dam_schedule__mw__import__caiso_totals,0.2954419255256653,0.30356138944625854
"(12, 21)",2,dam_schedule__mw__export__caiso_totals,0.10348367691040039,0.10370016098022461
"(12, 21)",2,dam_lmp__lmp_usd_per_mwh__th_sp15_gen_apnd,0.9539471864700317,0.9591192007064819
"(12, 21)",2,dam_lmp__congestion_usd_per_mwh__th_sp15_gen_apnd,0.4297245144844055,0.4237018823623657
"(12, 21)",2,dam_lmp__loss_usd_per_mwh__th_sp15_gen_apnd,0.3647068738937378,0.3779734969139099
"(12, 21)",2,rt15_lmp_hourly_mean__congestion_usd_per_mwh__th_sp15_gen_apnd,0.35612964630126953,0.33301210403442383
"(12, 21)",2,dam_as_total_procured__mw__ru__as_caiso,0.2249302864074707,0.19036495685577393
"(12, 21)",2,dam_as_total_procured__mw__rd__as_caiso,0.44849395751953125,0.439189612865448
"(12, 21)",2,dam_as_total_procured__mw__sr__as_caiso,0.03712946176528931,0.04970496892929077
"(12, 21)",2,dam_as_total_procured__mw__nr__as_caiso,0.024933576583862305,0.03070831298828125
"(12, 25)",2,actual_load__mw__ca_iso_tac,0.020186185836791992,0.0287322998046875
"(12, 25)",2,dam_schedule__mw__generation__caiso_totals,0.025120198726654053,0.027555227279663086
"(12, 25)",2,dam_schedule__mw__import__caiso_totals,0.13242411613464355,0.13719391822814941
"(12, 25)",2,dam_schedule__mw__export__caiso_totals,0.02892845869064331,0.030116915702819824
"(12, 25)",2,dam_lmp__lmp_usd_per_mwh__th_sp15_gen_apnd,0.28631895780563354,0.27852946519851685
"(12, 25)",2,dam_lmp__congestion_usd_per_mwh__th_sp15_gen_apnd,0.23779171705245972,0.21836143732070923
"(12, 25)",2,dam_lmp__loss_usd_per_mwh__th_sp15_gen_apnd,0.07852804660797119,0.08295291662216187
"(12, 25)",2,rt15_lmp_hourly_mean__congestion_usd_per_mwh__th_sp15_gen_apnd,0.1685410737991333,0.1654852032661438
"(12, 25)",2,dam_as_total_procured__mw__ru__as_caiso,0.13396817445755005,0.11185568571090698
"(12, 25)",2,dam_as_total_procured__mw__rd__as_caiso,0.3260125517845154,0.3116196393966675
"(12, 25)",2,dam_as_total_procured__mw__sr__as_caiso,0.003490269184112549,0.014474332332611084
"(12, 25)",2,dam_as_total_procured__mw__nr__as_caiso,0.02076435089111328,0.03881204128265381
"(12, 29)",2,actual_load__mw__ca_iso_tac,0.3338579535484314,0.3423061966896057
"(12, 29)",2,dam_schedule__mw__generation__caiso_totals,0.28710782527923584,0.2991476058959961
"(12, 29)",2,dam_schedule__mw__import__caiso_totals,0.2949478030204773,0.29933059215545654
"(12, 29)",2,dam_schedule__mw__export__caiso_totals,0.13193190097808838,0.14085429906845093
"(12, 29)",2,dam_lmp__lmp_usd_per_mwh__th_sp15_gen_apnd,0.6397848129272461,0.6565771102905273
"(12, 29)",2,dam_lmp__congestion_usd_per_mwh__th_sp15_gen_apnd,0.1815839409828186,0.19270920753479004
"(12, 29)",2,dam_lmp__loss_usd_per_mwh__th_sp15_gen_apnd,0.32779693603515625,0.3211974501609802
"(12, 29)",2,rt15_lmp_hourly_mean__congestion_usd_per_mwh__th_sp15_gen_apnd,0.17163604497909546,0.17599713802337646
"(12, 29)",2,dam_as_total_procured__mw__ru__as_caiso,0.1082773208618164,0.0944669246673584
"(12, 29)",2,dam_as_total_procured__mw__rd__as_caiso,0.23031562566757202,0.23333430290222168
"(12, 29)",2,dam_as_total_procured__mw__sr__as_caiso,0.03137415647506714,0.04373413324356079
"(12, 29)",2,dam_as_total_procured__mw__nr__as_caiso,0.08585721254348755,0.105987548828125
"(12, 33)",2,actual_load__mw__ca_iso_tac,0.19501858949661255,0.18897724151611328
"(12, 33)",2,dam_schedule__mw__generation__caiso_totals,0.19286853075027466,0.18233972787857056
"(12, 33)",2,dam_schedule__mw__import__caiso_totals,0.18688231706619263,0.1872192621231079
"(12, 33)",2,dam_schedule__mw__export__caiso_totals,0.1506967544555664,0.152837872505188
"(12, 33)",2,dam_lmp__lmp_usd_per_mwh__th_sp15_gen_apnd,0.3022060990333557,0.30224692821502686
"(12, 33)",2,dam_lmp__congestion_usd_per_mwh__th_sp15_gen_apnd,0.28406673669815063,0.27273833751678467
"(12, 33)",2,dam_lmp__loss_usd_per_mwh__th_sp15_gen_apnd,0.026233792304992676,0.033301472663879395
"(12, 33)",2,rt15_lmp_hourly_mean__congestion_usd_per_mwh__th_sp15_gen_apnd,0.1787920594215393,0.17465704679489136
"(12, 33)",2,dam_as_total_procured__mw__ru__as_caiso,0.2906923294067383,0.2737528681755066
"(12, 33)",2,dam_as_total_procured__mw__rd__as_caiso,0.6934378743171692,0.6911361217498779
"(12, 33)",2,dam_as_total_procured__mw__sr__as_caiso,0.0396842360496521,0.05873006582260132
"(12, 33)",2,dam_as_total_procured__mw__nr__as_caiso,0.03802067041397095,0.031365394592285156
"(12, 37)",2,actual_load__mw__ca_iso_tac,0.41615980863571167,0.4381350874900818
"(12, 37)",2,dam_schedule__mw__generation__caiso_totals,0.31752145290374756,0.34690821170806885
"(12, 37)",2,dam_schedule__mw__import__caiso_totals,0.13177484273910522,0.12623709440231323
"(12, 37)",2,dam_schedule__mw__export__caiso_totals,0.20053178071975708,0.21351474523544312
"(12, 37)",2,dam_lmp__lmp_usd_per_mwh__th_sp15_gen_apnd,0.08871603012084961,0.09426987171173096
"(12, 37)",2,dam_lmp__congestion_usd_per_mwh__th_sp15_gen_apnd,0.037605464458465576,0.03864860534667969
"(12, 37)",2,dam_lmp__loss_usd_per_mwh__th_sp15_gen_apnd,0.027356386184692383,0.032666563987731934
"(12, 37)",2,rt15_lmp_hourly_mean__congestion_usd_per_mwh__th_sp15_gen_apnd,0.012485802173614502,0.015565216541290283
"(12, 37)",2,dam_as_total_procured__mw__ru__as_caiso,0.021294116973876953,0.018129348754882812
"(12, 37)",2,dam_as_total_procured__mw__rd__as_caiso,0.07466810941696167,0.08364671468734741
"(12, 37)",2,dam_as_total_procured__mw__sr__as_caiso,0.15254557132720947,0.15581268072128296
"(12, 37)",2,dam_as_total_procured__mw__nr__as_caiso,0.4678099751472473,0.45980918407440186
"(12, 41)",2,actual_load__mw__ca_iso_tac,0.010533630847930908,0.009162843227386475
"(12, 41)",2,dam_schedule__mw__generation__caiso_totals,0.016195356845855713,0.010859310626983643
"(12, 41)",2,dam_schedule__mw__import__caiso_totals,0.1883246898651123,0.19405364990234375
"(12, 41)",2,dam_schedule__mw__export__caiso_totals,0.08718609809875488,0.07795143127441406
"(12, 41)",2,dam_lmp__lmp_usd_per_mwh__th_sp15_gen_apnd,0.5282703638076782,0.53475022315979
"(12, 41)",2,dam_lmp__congestion_usd_per_mwh__th_sp15_gen_apnd,0.2728612422943115,0.27302342653274536
"(12, 41)",2,dam_lmp__loss_usd_per_mwh__th_sp15_gen_apnd,0.1558353304862976,0.1432299017906189
"(12, 41)",2,rt15_lmp_hourly_mean__congestion_usd_per_mwh__th_sp15_gen_apnd,0.20041072368621826,0.2107759714126587
"(12, 41)",2,dam_as_total_procured__mw__ru__as_caiso,0.17797738313674927,0.15512120723724365
"(12, 41)",2,dam_as_total_procured__mw__rd__as_caiso,0.32403719425201416,0.32336217164993286
"(12, 41)",2,dam_as_total_procured__mw__sr__as_caiso,0.013535141944885254,0.025646090507507324
"(12, 41)",2,dam_as_total_procured__mw__nr__as_caiso,0.000853121280670166,0.005355656147003174
"(13, 15)",2,actual_load__mw__ca_iso_tac,0.1731475591659546,0.16207444667816162
"(13, 15)",2,dam_schedule__mw__generation__caiso_totals,0.23128670454025269,0.22816568613052368
"(13, 15)",2,dam_schedule__mw__import__caiso_totals,0.3345063328742981,0.322883665561676
"(13, 15)",2,dam_schedule__mw__export__caiso_totals,0.3303713798522949,0.33341366052627563
"(13, 15)",2,dam_lmp__lmp_usd_per_mwh__th_sp15_gen_apnd,0.6288576126098633,0.6219369769096375
"(13, 15)",2,dam_lmp__congestion_usd_per_mwh__th_sp15_gen_apnd,0.5181630849838257,0.5159925222396851
"(13, 15)",2,dam_lmp__loss_usd_per_mwh__th_sp15_gen_apnd,0.23066288232803345,0.2045775055885315
"(13, 15)",2,rt15_lmp_hourly_mean__congestion_usd_per_mwh__th_sp15_gen_apnd,0.30835944414138794,0.31721633672714233
"(13, 15)",2,dam_as_total_procured__mw__ru__as_caiso,0.41553300619125366,0.40764474868774414
"(13, 15)",2,dam_as_total_procured__mw__rd__as_caiso,0.7623720765113831,0.7449027895927429
"(13, 15)",2,dam_as_total_procured__mw__sr__as_caiso,0.07823389768600464,0.11558538675308228
"(13, 15)",2,dam_as_total_procured__mw__nr__as_caiso,0.05809617042541504,0.046705543994903564
"(13, 19)",2,actual_load__mw__ca_iso_tac,0.5013923645019531,0.5256036520004272
"(13, 19)",2,dam_schedule__mw__generation__caiso_totals,0.5752737522125244,0.6084258556365967
"(13, 19)",2,dam_schedule__mw__import__caiso_totals,0.41485995054244995,0.41460734605789185
"(13, 19)",2,dam_schedule__mw__export__caiso_totals,0.4307120442390442,0.4519065022468567
"(13, 19)",2,dam_lmp__lmp_usd_per_mwh__th_sp15_gen_apnd,0.9664748907089233,0.9671379923820496
"(13, 19)",2,dam_lmp__congestion_usd_per_mwh__th_sp15_gen_apnd,0.47873008251190186,0.4841054081916809
"(13, 19)",2,dam_lmp__loss_usd_per_mwh__th_sp15_gen_apnd,0.49961936473846436,0.510443925857544
"(13, 19)",2,rt15_lmp_hourly_mean__congestion_usd_per_mwh__th_sp15_gen_apnd,0.35428744554519653,0.34304845333099365
"(13, 19)",2,dam_as_total_procured__mw__ru__as_caiso,0.3984057307243347,0.3790290951728821
"(13, 19)",2,dam_as_total_procured__mw__rd__as_caiso,0.7441649436950684,0.7378712296485901
"(13, 19)",2,dam_as_total_procured__mw__sr__as_caiso,0.10786181688308716,0.14897185564041138
"(13, 19)",2,dam_as_total_procured__mw__nr__as_caiso,0.09160101413726807,0.0941615104675293
"(13, 23)",2,actual_load__mw__ca_iso_tac,0.3793981075286865,0.4006553888320923
"(13, 23)",2,dam_schedule__mw__generation__caiso_totals,0.39872246980667114,0.4412519335746765
"(13, 23)",2,dam_schedule__mw__import__caiso_totals,0.4016742706298828,0.4135873317718506
"(13, 23)",2,dam_schedule__mw__export__caiso_totals,0.32697081565856934,0.3719073534011841
"(13, 23)",2,dam_lmp__lmp_usd_per_mwh__th_sp15_gen_apnd,0.8796068429946899,0.8844003677368164
"(13, 23)",2,dam_lmp__congestion_usd_per_mwh__th_sp15_gen_apnd,0.5100302696228027,0.5146797895431519
"(13, 23)",2,dam_lmp__loss_usd_per_mwh__th_sp15_gen_apnd,0.3919277787208557,0.3980754613876343
"(13, 23)",2,rt15_lmp_hourly_mean__congestion_usd_per_mwh__th_sp15_gen_apnd,0.47419947385787964,0.49458223581314087
"(13, 23)",2,dam_as_total_procured__mw__ru__as_caiso,0.37556105852127075,0.3628736138343811
"(13, 23)",2,dam_as_total_procured__mw__rd__as_caiso,0.7396870851516724,0.7318424582481384
"(13, 23)",2,dam_as_total_procured__mw__sr__as_caiso,0.09374725818634033,0.13611549139022827
"(13, 23)",2,dam_as_total_procured__mw__nr__as_caiso,0.05406904220581055,0.05416727066040039
"(13, 27)",2,actual_load__mw__ca_iso_tac,0.8428674936294556,0.8469609022140503
"(13, 27)",2,dam_schedule__mw__generation__caiso_totals,0.85169517993927,0.8554384708404541
"(13, 27)",2,dam_schedule__mw__import__caiso_totals,0.4227765202522278,0.42129671573638916
"(13, 27)",2,dam_schedule__mw__export__caiso_totals,0.6176839470863342,0.6095629930496216
"(13, 27)",2,dam_lmp__lmp_usd_per_mwh__th_sp15_gen_apnd,0.7295488119125366,0.7487015724182129
"(13, 27)",2,dam_lmp__congestion_usd_per_mwh__th_sp15_gen_apnd,0.4677162766456604,0.4565291404724121
"(13, 27)",2,dam_lmp__loss_usd_per_mwh__th_sp15_gen_apnd,0.42080140113830566,0.4090753197669983
"(13, 27)",2,rt15_lmp_hourly_mean__congestion_usd_per_mwh__th_sp15_gen_apnd,0.2916489243507385,0.28642672300338745
"(13, 27)",2,dam_as_total_procured__mw__ru__as_caiso,0.40915507078170776,0.388508677482605
"(13, 27)",2,dam_as_total_procured__mw__rd__as_caiso,0.7716333866119385,0.763575553894043
"(13, 27)",2,dam_as_total_procured__mw__sr__as_caiso,0.1225053071975708,0.1610475778579712
"(13, 27)",2,dam_as_total_procured__mw__nr__as_caiso,0.2192555069923401,0.22251182794570923
"(13, 31)",2,actual_load__mw__ca_iso_tac,0.11002850532531738,0.1132708191871643
"(13, 31)",2,dam_schedule__mw__generation__caiso_totals,0.15274906158447266,0.15016990900039673
"(13, 31)",2,dam_schedule__mw__import__caiso_totals,0.3097594380378723,0.3023708462715149
"(13, 31)",2,dam_schedule__mw__export__caiso_totals,0.2691960334777832,0.2771872282028198
"(13, 31)",2,dam_lmp__lmp_usd_per_mwh__th_sp15_gen_apnd,0.5309185981750488,0.5284456014633179
"(13, 31)",2,dam_lmp__congestion_usd_per_mwh__th_sp15_gen_apnd,0.4002682566642761,0.38965320587158203
"(13, 31)",2,dam_lmp__loss_usd_per_mwh__th_sp15_gen_apnd,0.1876976490020752,0.167616069316864
"(13, 31)",2,rt15_lmp_hourly_mean__congestion_usd_per_mwh__th_sp15_gen_apnd,0.25057339668273926,0.23782414197921753
"(13, 31)",2,dam_as_total_procured__mw__ru__as_caiso,0.35658323764801025,0.3422158360481262
"(13, 31)",2,dam_as_total_procured__mw__rd__as_caiso,0.7245931625366211,0.7112204432487488
"(13, 31)",2,dam_as_total_procured__mw__sr__as_caiso,0.06330376863479614,0.09959679841995239
"(13, 31)",2,dam_as_total_procured__mw__nr__as_caiso,0.019653618335723877,0.023601531982421875
"(13, 35)",2,actual_load__mw__ca_iso_tac,0.2962377071380615,0.3082100749015808
"(13, 35)",2,dam_schedule__mw__generation__caiso_totals,0.3023986220359802,0.2955175042152405
"(13, 35)",2,dam_schedule__mw__import__caiso_totals,0.3490371108055115,0.3430367112159729
"(13, 35)",2,dam_schedule__mw__export__caiso_totals,0.31718385219573975,0.32029950618743896
"(13, 35)",2,dam_lmp__lmp_usd_per_mwh__th_sp15_gen_apnd,0.6064763069152832,0.5963106751441956
"(13, 35)",2,dam_lmp__congestion_usd_per_mwh__th_sp15_gen_apnd,0.47161227464675903,0.44351857900619507
"(13, 35)",2,dam_lmp__loss_usd_per_mwh__th_sp15_gen_apnd,0.2941887378692627,0.28426533937454224
"(13, 35)",2,rt15_lmp_hourly_mean__congestion_usd_per_mwh__th_sp15_gen_apnd,0.29334694147109985,0.2751862406730652
"(13, 35)",2,dam_as_total_procured__mw__ru__as_caiso,0.4320625066757202,0.43782830238342285
"(13, 35)",2,dam_as_total_procured__mw__rd__as_caiso,0.9788448810577393,0.9771600365638733
"(13, 35)",2,dam_as_total_procured__mw__sr__as_caiso,0.07627642154693604,0.11666786670684814
"(13, 35)",2,dam_as_total_procured__mw__nr__as_caiso,0.07366710901260376,0.06881934404373169
"(13, 39)",2,actual_load__mw__ca_iso_tac,0.11410212516784668,0.12046068906784058
"(13, 39)",2,dam_schedule__mw__generation__caiso_totals,0.1633661985397339,0.1612708568572998
"(13, 39)",2,dam_schedule__mw__import__caiso_totals,0.3167322278022766,0.30751514434814453
"(13, 39)",2,dam_schedule__mw__export__caiso_totals,0.2845538854598999,0.2872588038444519
"(13, 39)",2,dam_lmp__lmp_usd_per_mwh__th_sp15_gen_apnd,0.5339118242263794,0.5317838788032532
"(13, 39)",2,dam_lmp__congestion_usd_per_mwh__th_sp15_gen_apnd,0.4026327133178711,0.3938862085342407
"(13, 39)",2,dam_lmp__loss_usd_per_mwh__th_sp15_gen_apnd,0.2025091052055359,0.18137586116790771
"(13, 39)",2,rt15_lmp_hourly_mean__congestion_usd_per_mwh__th_sp15_gen_apnd,0.26315438747406006,0.2536497116088867
"(13, 39)",2,dam_as_total_procured__mw__ru__as_caiso,0.3746040463447571,0.3575693964958191
"(13, 39)",2,dam_as_total_procured__mw__rd__as_caiso,0.7276918292045593,0.7150189280509949
"(13, 39)",2,dam_as_total_procured__mw__sr__as_caiso,0.06587612628936768,0.10010421276092529
"(13, 39)",2,dam_as_total_procured__mw__nr__as_caiso,0.0254325270652771,0.02827000617980957
"(13, 43)",2,actual_load__mw__ca_iso_tac,0.12861120700836182,0.1289309859275818
"(13, 43)",2,dam_schedule__mw__generation__caiso_totals,0.17875337600708008,0.18025922775268555
"(13, 43)",2,dam_schedule__mw__import__caiso_totals,0.32027947902679443,0.311664342880249
"(13, 43)",2,dam_schedule__mw__export__caiso_totals,0.3019128441810608,0.30629175901412964
"(13, 43)",2,dam_lmp__lmp_usd_per_mwh__th_sp15_gen_apnd,0.5454460382461548,0.5449053049087524
"(13, 43)",2,dam_lmp__congestion_usd_per_mwh__th_sp15_gen_apnd,0.4132001996040344,0.40337806940078735
"(13, 43)",2,dam_lmp__loss_usd_per_mwh__th_sp15_gen_apnd,0.19864845275878906,0.17976051568984985
"(13, 43)",2,rt15_lmp_hourly_mean__congestion_usd_per_mwh__th_sp15_gen_apnd,0.27120256423950195,0.25067007541656494
"(13, 43)",2,dam_as_total_procured__mw__ru__as_caiso,0.36102086305618286,0.35251379013061523
"(13, 43)",2,dam_as_total_procured__mw__rd__as_caiso,0.7264084219932556,0.7131528854370117
"(13, 43)",2,dam_as_total_procured__mw__sr__as_caiso,0.06603199243545532,0.10226196050643921
"(13, 43)",2,dam_as_total_procured__mw__nr__as_caiso,0.023092925548553467,0.026359140872955322
"(14, 18)",2,actual_load__mw__ca_iso_tac,0.08915001153945923,0.08040964603424072
"(14, 18)",2,dam_schedule__mw__generation__caiso_totals,0.09420233964920044,0.08254384994506836
"(14, 18)",2,dam_schedule__mw__import__caiso_totals,0.034717679023742676,0.027606070041656494
"(14, 18)",2,dam_schedule__mw__export__caiso_totals,0.06526875495910645,0.07447338104248047
"(14, 18)",2,dam_lmp__lmp_usd_per_mwh__th_sp15_gen_apnd,0.05676829814910889,0.04290133714675903
"(14, 18)",2,dam_lmp__congestion_usd_per_mwh__th_sp15_gen_apnd,0.05719035863876343,0.053723692893981934
"(14, 18)",2,dam_lmp__loss_usd_per_mwh__th_sp15_gen_apnd,0.021009325981140137,0.022102534770965576
"(14, 18)",2,rt15_lmp_hourly_mean__congestion_usd_per_mwh__th_sp15_gen_apnd,0.03684192895889282,0.03386235237121582
"(14, 18)",2,dam_as_total_procured__mw__ru__as_caiso,0.037238895893096924,0.02410668134689331
"(14, 18)",2,dam_as_total_procured__mw__rd__as_caiso,0.04486721754074097,0.04055678844451904
"(14, 18)",2,dam_as_total_procured__mw__sr__as_caiso,0.018841803073883057,0.01599729061126709
"(14, 18)",2,dam_as_total_procured__mw__nr__as_caiso,0.03127652406692505,0.0312272310256958
"(14, 22)",2,actual_load__mw__ca_iso_tac,0.1597146987915039,0.15933525562286377
"(14, 22)",2,dam_schedule__mw__generation__caiso_totals,0.17172187566757202,0.1672319769859314
"(14, 22)",2,dam_schedule__mw__import__caiso_totals,0.11360937356948853,0.12110638618469238
"(14, 22)",2,dam_schedule__mw__export__caiso_totals,0.11122024059295654,0.10957974195480347
"(14, 22)",2,dam_lmp__lmp_usd_per_mwh__th_sp15_gen_apnd,0.5404636859893799,0.5657371878623962
"(14, 22)",2,dam_lmp__congestion_usd_per_mwh__th_sp15_gen_apnd,0.12973737716674805,0.13401377201080322
"(14, 22)",2,dam_lmp__loss_usd_per_mwh__th_sp15_gen_apnd,0.287122905254364,0.3251491189002991
"(14, 22)",2,rt15_lmp_hourly_mean__congestion_usd_per_mwh__th_sp15_gen_apnd,0.07957267761230469,0.07607436180114746
"(14, 22)",2,dam_as_total_procured__mw__ru__as_caiso,0.1538599729537964,0.1313346028327942
"(14, 22)",2,dam_as_total_procured__mw__rd__as_caiso,0.16785180568695068,0.18622809648513794
"(14, 22)",2,dam_as_total_procured__mw__sr__as_caiso,0.017919600009918213,0.01585596799850464
"(14, 22)",2,dam_as_total_procured__mw__nr__as_caiso,0.041510045528411865,0.05316579341888428
"(14, 26)",2,actual_load__mw__ca_iso_tac,0.26568782329559326,0.2425881028175354
"(14, 26)",2,dam_schedule__mw__generation__caiso_totals,0.35502517223358154,0.3203282952308655
"(14, 26)",2,dam_schedule__mw__import__caiso_totals,0.03788524866104126,0.036323726177215576
"(14, 26)",2,dam_schedule__mw__export__caiso_totals,0.3958660960197449,0.3650686740875244
"(14, 26)",2,dam_lmp__lmp_usd_per_mwh__th_sp15_gen_apnd,0.06083941459655762,0.07396537065505981
"(14, 26)",2,dam_lmp__congestion_usd_per_mwh__th_sp15_gen_apnd,0.09208333492279053,0.0985184907913208
"(14, 26)",2,dam_lmp__loss_usd_per_mwh__th_sp15_gen_apnd,0.1495073437690735,0.14074552059173584
"(14, 26)",2,rt15_lmp_hourly_mean__congestion_usd_per_mwh__th_sp15_gen_apnd,0.03783154487609863,0.04538446664810181
"(14, 26)",2,dam_as_total_procured__mw__ru__as_caiso,0.0989236831665039,0.10571807622909546
"(14, 26)",2,dam_as_total_procured__mw__rd__as_caiso,0.16611599922180176,0.1751805543899536
"(14, 26)",2,dam_as_total_procured__mw__sr__as_caiso,0.00779193639755249,0.010027170181274414
"(14, 26)",2,dam_as_total_procured__mw__nr__as_caiso,0.10283392667770386,0.08580410480499268
"(14, 30)",2,actual_load__mw__ca_iso_tac,0.05554962158203125,0.04787600040435791
"(14, 30)",2,dam_schedule__mw__generation__caiso_totals,0.06768268346786499,0.057151734828948975
"(14, 30)",2,dam_schedule__mw__import__caiso_totals,0.00621408224105835,0.006393790245056152
"(14, 30)",2,dam_schedule__mw__export__caiso_totals,0.04945170879364014,0.055333614349365234
"(14, 30)",2,dam_lmp__lmp_usd_per_mwh__th_sp15_gen_apnd,0.014713168144226074,0.015176236629486084
"(14, 30)",2,dam_lmp__congestion_usd_per_mwh__th_sp15_gen_apnd,0.04535055160522461,0.048031747341156006
"(14, 30)",2,dam_lmp__loss_usd_per_mwh__th_sp15_gen_apnd,0.008656501770019531,0.009996294975280762
"(14, 30)",2,rt15_lmp_hourly_mean__congestion_usd_per_mwh__th_sp15_gen_apnd,0.01738274097442627,0.02185875177383423
"(14, 30)",2,dam_as_total_procured__mw__ru__as_caiso,0.029278278350830078,0.025504112243652344
"(14, 30)",2,dam_as_total_procured__mw__rd__as_caiso,0.020126819610595703,0.026535749435424805
"(14, 30)",2,dam_as_total_procured__mw__sr__as_caiso,0.008227229118347168,0.006955087184906006
"(14, 30)",2,dam_as_total_procured__mw__nr__as_caiso,0.030868172645568848,0.02507871389389038
"(14, 34)",2,actual_load__mw__ca_iso_tac,0.15406423807144165,0.13706958293914795
"(14, 34)",2,dam_schedule__mw__generation__caiso_totals,0.20608925819396973,0.18312329053878784
"(14, 34)",2,dam_schedule__mw__import__caiso_totals,0.14610588550567627,0.14112478494644165
"(14, 34)",2,dam_schedule__mw__export__caiso_totals,0.22547578811645508,0.21262532472610474
"(14, 34)",2,dam_lmp__lmp_usd_per_mwh__th_sp15_gen_apnd,0.30429327487945557,0.27628594636917114
"(14, 34)",2,dam_lmp__congestion_usd_per_mwh__th_sp15_gen_apnd,0.2914385199546814,0.2715741991996765
"(14, 34)",2,dam_lmp__loss_usd_per_mwh__th_sp15_gen_apnd,0.030466556549072266,0.03807032108306885
"(14, 34)",2,rt15_lmp_hourly_mean__congestion_usd_per_mwh__th_sp15_gen_apnd,0.16324859857559204,0.1615525484085083
"(14, 34)",2,dam_as_total_procured__mw__ru__as_caiso,0.8441687226295471,0.8374939560890198
"(14, 34)",2,dam_as_total_procured__mw__rd__as_caiso,0.6432045698165894,0.6229586601257324
"(14, 34)",2,dam_as_total_procured__mw__sr__as_caiso,0.04906141757965088,0.049500107765197754
"(14, 34)",2,dam_as_total_procured__mw__nr__as_caiso,0.052320778369903564,0.047412991523742676
"(14, 38)",2,actual_load__mw__ca_iso_tac,0.11553603410720825,0.10806059837341309
"(14, 38)",2,dam_schedule__mw__generation__caiso_totals,0.1172836422920227,0.10282093286514282
"(14, 38)",2,dam_schedule__mw__import__caiso_totals,0.23381978273391724,0.22962898015975952
"(14, 38)",2,dam_schedule__mw__export__caiso_totals,0.13059836626052856,0.12346643209457397
"(14, 38)",2,dam_lmp__lmp_usd_per_mwh__th_sp15_gen_apnd,0.4070739150047302,0.4240349531173706
"(14, 38)",2,dam_lmp__congestion_usd_per_mwh__th_sp15_gen_apnd,0.27370357513427734,0.26783114671707153
"(14, 38)",2,dam_lmp__loss_usd_per_mwh__th_sp15_gen_apnd,0.12014967203140259,0.13488668203353882
"(14, 38)",2,rt15_lmp_hourly_mean__congestion_usd_per_mwh__th_sp15_gen_apnd,0.13672584295272827,0.135625958442688
"(14, 38)",2,dam_as_total_procured__mw__ru__as_caiso,0.14437490701675415,0.12621194124221802
"(14, 38)",2,dam_as_total_procured__mw__rd__as_caiso,0.3636177182197571,0.35566937923431396
"(14, 38)",2,dam_as_total_procured__mw__sr__as_caiso,0.055851876735687256,0.06815451383590698
"(14, 38)",2,dam_as_total_procured__mw__nr__as_caiso,0.06353437900543213,0.05775022506713867
"(14, 42)",2,actual_load__mw__ca_iso_tac,0.09980624914169312,0.10477054119110107
"(14, 42)",2,dam_schedule__mw__generation__caiso_totals,0.10825550556182861,0.10290491580963135
"(14, 42)",2,dam_schedule__mw__import__caiso_totals,0.036924123764038086,0.047224462032318115
"(14, 42)",2,dam_schedule__mw__export__caiso_totals,0.101512610912323,0.09808069467544556
"(14, 42)",2,dam_lmp__lmp_usd_per_mwh__th_sp15_gen_apnd,0.2335134744644165,0.2508234977722168
"(14, 42)",2,dam_lmp__congestion_usd_per_mwh__th_sp15_gen_apnd,0.14141273498535156,0.15251344442367554
"(14, 42)",2,dam_lmp__loss_usd_per_mwh__th_sp15_gen_apnd,0.0268937349319458,0.034140706062316895
"(14, 42)",2,rt15_lmp_hourly_mean__congestion_usd_per_mwh__th_sp15_gen_apnd,0.10258722305297852,0.11354351043701172
"(14, 42)",2,dam_as_total_procured__mw__ru__as_caiso,0.07893496751785278,0.07097959518432617
"(14, 42)",2,dam_as_total_procured__mw__rd__as_caiso,0.11624312400817871,0.1362229585647583
"(14, 42)",2,dam_as_total_procured__mw__sr__as_caiso,0.004165351390838623,0.016231834888458252
"(14, 42)",2,dam_as_total_procured__mw__nr__as_caiso,0.044265806674957275,0.040885746479034424
"(15, 18)",2,actual_load__mw__ca_iso_tac,0.12355583906173706,0.12775319814682007
"(15, 18)",2,dam_schedule__mw__generation__caiso_totals,0.1305294632911682,0.12703466415405273
"(15, 18)",2,dam_schedule__mw__import__caiso_totals,0.3027189373970032,0.3027893304824829
"(15, 18)",2,dam_schedule__mw__export__caiso_totals,0.22033476829528809,0.22984009981155396
"(15, 18)",2,dam_lmp__lmp_usd_per_mwh__th_sp15_gen_apnd,0.6629370450973511,0.6518445611000061
"(15, 18)",2,dam_lmp__congestion_usd_per_mwh__th_sp15_gen_apnd,0.4559090733528137,0.4355885982513428
"(15, 18)",2,dam_lmp__loss_usd_per_mwh__th_sp15_gen_apnd,0.23081696033477783,0.21531563997268677
"(15, 18)",2,rt15_lmp_hourly_mean__congestion_usd_per_mwh__th_sp15_gen_apnd,0.2739654779434204,0.263590931892395
"(15, 18)",2,dam_as_total_procured__mw__ru__as_caiso,0.40831881761550903,0.39495813846588135
"(15, 18)",2,dam_as_total_procured__mw__rd__as_caiso,0.7508583068847656,0.7331804037094116
"(15, 18)",2,dam_as_total_procured__mw__sr__as_caiso,0.06990033388137817,0.10043168067932129
"(15, 18)",2,dam_as_total_procured__mw__nr__as_caiso,0.04294741153717041,0.038669705390930176
"(15, 22)",2,actual_load__mw__ca_iso_tac,0.278148353099823,0.30162692070007324
"(15, 22)",2,dam_schedule__mw__generation__caiso_totals,0.30424606800079346,0.3113992214202881
"(15, 22)",2,dam_schedule__mw__import__caiso_totals,0.35614192485809326,0.36002933979034424
"(15, 22)",2,dam_schedule__mw__export__caiso_totals,0.2518869638442993,0.26268523931503296
"(15, 22)",2,dam_lmp__lmp_usd_per_mwh__th_sp15_gen_apnd,0.7581840753555298,0.7647495269775391
"(15, 22)",2,dam_lmp__congestion_usd_per_mwh__th_sp15_gen_apnd,0.4670025110244751,0.4487047791481018
"(15, 22)",2,dam_lmp__loss_usd_per_mwh__th_sp15_gen_apnd,0.3538835048675537,0.3805273771286011
"(15, 22)",2,rt15_lmp_hourly_mean__congestion_usd_per_mwh__th_sp15_gen_apnd,0.3277204632759094,0.29596227407455444
"(15, 22)",2,dam_as_total_procured__mw__ru__as_caiso,0.4124053716659546,0.4002590775489807
"(15, 22)",2,dam_as_total_procured__mw__rd__as_caiso,0.7503263354301453,0.7454010844230652
"(15, 22)",2,dam_as_total_procured__mw__sr__as_caiso,0.0634768009185791,0.10930109024047852
"(15, 22)",2,dam_as_total_procured__mw__nr__as_caiso,0.038198113441467285,0.04047650098800659
"(15, 26)",2,actual_load__mw__ca_iso_tac,0.1677529215812683,0.16621357202529907
"(15, 26)",2,dam_schedule__mw__generation__caiso_totals,0.2314927577972412,0.2233380675315857
"(15, 26)",2,dam_schedule__mw__import__caiso_totals,0.3187238574028015,0.3193804621696472
"(15, 26)",2,dam_schedule__mw__export__caiso_totals,0.3428996205329895,0.3385319709777832
"(15, 26)",2,dam_lmp__lmp_usd_per_mwh__th_sp15_gen_apnd,0.6504524946212769,0.6451232433319092
"(15, 26)",2,dam_lmp__congestion_usd_per_mwh__th_sp15_gen_apnd,0.46829700469970703,0.4601238965988159
"(15, 26)",2,dam_lmp__loss_usd_per_mwh__th_sp15_gen_apnd,0.32910239696502686,0.31175053119659424
"(15, 26)",2,rt15_lmp_hourly_mean__congestion_usd_per_mwh__th_sp15_gen_apnd,0.28669124841690063,0.2875608801841736
"(15, 26)",2,dam_as_total_procured__mw__ru__as_caiso,0.4197600483894348,0.4073795676231384
"(15, 26)",2,dam_as_total_procured__mw__rd__as_caiso,0.7526869177818298,0.7415330410003662
"(15, 26)",2,dam_as_total_procured__mw__sr__as_caiso,0.07502269744873047,0.10325765609741211
"(15, 26)",2,dam_as_total_procured__mw__nr__as_caiso,0.06014657020568848,0.051717519760131836
"(15, 30)",2,actual_load__mw__ca_iso_tac,0.08551990985870361,0.09001195430755615
"(15, 30)",2,dam_schedule__mw__generation__caiso_totals,0.11686384677886963,0.11583739519119263
"(15, 30)",2,dam_schedule__mw__import__caiso_totals,0.2931615710258484,0.29143720865249634
"(15, 30)",2,dam_schedule__mw__export__caiso_totals,0.2179960012435913,0.22743719816207886
"(15, 30)",2,dam_lmp__lmp_usd_per_mwh__th_sp15_gen_apnd,0.5962125062942505,0.5915133357048035
"(15, 30)",2,dam_lmp__congestion_usd_per_mwh__th_sp15_gen_apnd,0.44507497549057007,0.43041545152664185
"(15, 30)",2,dam_lmp__loss_usd_per_mwh__th_sp15_gen_apnd,0.17995470762252808,0.16679346561431885
"(15, 30)",2,rt15_lmp_hourly_mean__congestion_usd_per_mwh__th_sp15_gen_apnd,0.25801002979278564,0.2556907534599304
"(15, 30)",2,dam_as_total_procured__mw__ru__as_caiso,0.3939276337623596,0.378974974155426
"(15, 30)",2,dam_as_total_procured__mw__rd__as_caiso,0.7453516721725464,0.728568434715271
"(15, 30)",2,dam_as_total_procured__mw__sr__as_caiso,0.06101781129837036,0.09343713521957397
"(15, 30)",2,dam_as_total_procured__mw__nr__as_caiso,0.026079118251800537,0.0274965763092041
"(15, 34)",2,actual_load__mw__ca_iso_tac,0.13797777891159058,0.1387176513671875
"(15, 34)",2,dam_schedule__mw__generation__caiso_totals,0.15376710891723633,0.14684367179870605
"(15, 34)",2,dam_schedule__mw__import__caiso_totals,0.3112752437591553,0.30887919664382935
"(15, 34)",2,dam_schedule__mw__export__caiso_totals,0.23863065242767334,0.24892878532409668
"(15, 34)",2,dam_lmp__lmp_usd_per_mwh__th_sp15_gen_apnd,0.6249806880950928,0.6160933971405029
"(15, 34)",2,dam_lmp__congestion_usd_per_mwh__th_sp15_gen_apnd,0.4516204595565796,0.4379204511642456
"(15, 34)",2,dam_lmp__loss_usd_per_mwh__th_sp15_gen_apnd,0.21342486143112183,0.19876772165298462
"(15, 34)",2,rt15_lmp_hourly_mean__congestion_usd_per_mwh__th_sp15_gen_apnd,0.2709926962852478,0.26656442880630493
"(15, 34)",2,dam_as_total_procured__mw__ru__as_caiso,0.8427424430847168,0.8366729617118835
"(15, 34)",2,dam_as_total_procured__mw__rd__as_caiso,0.7792842984199524,0.7714486718177795
"(15, 34)",2,dam_as_total_procured__mw__sr__as_caiso,0.0671011209487915,0.10842561721801758
"(15, 34)",2,dam_as_total_procured__mw__nr__as_caiso,0.044415175914764404,0.05396932363510132
"(15, 38)",2,actual_load__mw__ca_iso_tac,0.1644805669784546,0.17079085111618042
"(15, 38)",2,dam_schedule__mw__generation__caiso_totals,0.19155752658843994,0.18998950719833374
"(15, 38)",2,dam_schedule__mw__import__caiso_totals,0.3255341053009033,0.32131361961364746
"(15, 38)",2,dam_schedule__mw__export__caiso_totals,0.24682939052581787,0.25838857889175415
"(15, 38)",2,dam_lmp__lmp_usd_per_mwh__th_sp15_gen_apnd,0.6235771179199219,0.6232199668884277
"(15, 38)",2,dam_lmp__congestion_usd_per_mwh__th_sp15_gen_apnd,0.45441734790802,0.44189488887786865
"(15, 38)",2,dam_lmp__loss_usd_per_mwh__th_sp15_gen_apnd,0.2217245101928711,0.2084636092185974
"(15, 38)",2,rt15_lmp_hourly_mean__congestion_usd_per_mwh__th_sp15_gen_apnd,0.2602471709251404,0.2622165083885193
"(15, 38)",2,dam_as_total_procured__mw__ru__as_caiso,0.40389662981033325,0.38957732915878296
"(15, 38)",2,dam_as_total_procured__mw__rd__as_caiso,0.7542129158973694,0.7390103340148926
"(15, 38)",2,dam_as_total_procured__mw__sr__as_caiso,0.064453125,0.10479247570037842
"(15, 38)",2,dam_as_total_procured__mw__nr__as_caiso,0.0820847749710083,0.06736403703689575
"(15, 42)",2,actual_load__mw__ca_iso_tac,0.16780245304107666,0.19085830450057983
"(15, 42)",2,dam_schedule__mw__generation__caiso_totals,0.1786283254623413,0.19533568620681763
"(15, 42)",2,dam_schedule__mw__import__caiso_totals,0.29551762342453003,0.2960871458053589
"(15, 42)",2,dam_schedule__mw__export__caiso_totals,0.2598108649253845,0.2781502604484558
"(15, 42)",2,dam_lmp__lmp_usd_per_mwh__th_sp15_gen_apnd,0.639424204826355,0.638908326625824
"(15, 42)",2,dam_lmp__congestion_usd_per_mwh__th_sp15_gen_apnd,0.4643421769142151,0.4488033056259155
"(15, 42)",2,dam_lmp__loss_usd_per_mwh__th_sp15_gen_apnd,0.19384253025054932,0.17757993936538696
"(15, 42)",2,rt15_lmp_hourly_mean__congestion_usd_per_mwh__th_sp15_gen_apnd,0.2862812280654907,0.2849721908569336
"(15, 42)",2,dam_as_total_procured__mw__ru__as_caiso,0.4046071171760559,0.3883221745491028
"(15, 42)",2,dam_as_total_procured__mw__rd__as_caiso,0.7507573366165161,0.7331544160842896
"(15, 42)",2,dam_as_total_procured__mw__sr__as_caiso,0.07841956615447998,0.1132434606552124
"(15, 42)",2,dam_as_total_procured__mw__nr__as_caiso,0.04592996835708618,0.04840981960296631
"(16, 19)",2,actual_load__mw__ca_iso_tac,0.2241290807723999,0.22708195447921753
"(16, 19)",2,dam_schedule__mw__generation__caiso_totals,0.20910727977752686,0.20870572328567505
"(16, 19)",2,dam_schedule__mw__import__caiso_totals,0.2944996953010559,0.29375624656677246
"(16, 19)",2,dam_schedule__mw__export__caiso_totals,0.18814754486083984,0.17153751850128174
"(16, 19)",2,dam_lmp__lmp_usd_per_mwh__th_sp15_gen_apnd,0.9576977491378784,0.9582085609436035
"(16, 19)",2,dam_lmp__congestion_usd_per_mwh__th_sp15_gen_apnd,0.34981775283813477,0.3450937867164612
"(16, 19)",2,dam_lmp__loss_usd_per_mwh__th_sp15_gen_apnd,0.4362128973007202,0.44554197788238525
"(16, 19)",2,rt15_lmp_hourly_mean__congestion_usd_per_mwh__th_sp15_gen_apnd,0.29345405101776123,0.2721404433250427
"(16, 19)",2,dam_as_total_procured__mw__ru__as_caiso,0.2416667938232422,0.2053302526473999
"(16, 19)",2,dam_as_total_procured__mw__rd__as_caiso,0.4109650254249573,0.41065478324890137
"(16, 19)",2,dam_as_total_procured__mw__sr__as_caiso,0.025626659393310547,0.030270159244537354
"(16, 19)",2,dam_as_total_procured__mw__nr__as_caiso,0.08246129751205444,0.08987891674041748
"(16, 23)",2,actual_load__mw__ca_iso_tac,0.11923825740814209,0.1280602216720581
"(16, 23)",2,dam_schedule__mw__generation__caiso_totals,0.08024859428405762,0.094524085521698
"(16, 23)",2,dam_schedule__mw__import__caiso_totals,0.2416970133781433,0.24562698602676392
"(16, 23)",2,dam_schedule__mw__export__caiso_totals,0.0825468897819519,0.08306235074996948
"(16, 23)",2,dam_lmp__lmp_usd_per_mwh__th_sp15_gen_apnd,0.8663343787193298,0.8696956038475037
"(16, 23)",2,dam_lmp__congestion_usd_per_mwh__th_sp15_gen_apnd,0.40965622663497925,0.40248167514801025
"(16, 23)",2,dam_lmp__loss_usd_per_mwh__th_sp15_gen_apnd,0.3149246573448181,0.31890052556991577
"(16, 23)",2,rt15_lmp_hourly_mean__congestion_usd_per_mwh__th_sp15_gen_apnd,0.44564419984817505,0.4437018036842346
"(16, 23)",2,dam_as_total_procured__mw__ru__as_caiso,0.2427545189857483,0.20765793323516846
"(16, 23)",2,dam_as_total_procured__mw__rd__as_caiso,0.42453283071517944,0.41551679372787476
"(16, 23)",2,dam_as_total_procured__mw__sr__as_caiso,0.018979787826538086,0.027966320514678955
"(16, 23)",2,dam_as_total_procured__mw__nr__as_caiso,0.022887825965881348,0.039148569107055664
"(16, 27)",2,actual_load__mw__ca_iso_tac,0.6644628047943115,0.6629818081855774
"(16, 27)",2,dam_schedule__mw__generation__caiso_totals,0.6178619861602783,0.6288828253746033
"(16, 27)",2,dam_schedule__mw__import__caiso_totals,0.2127334475517273,0.21146512031555176
"(16, 27)",2,dam_schedule__mw__export__caiso_totals,0.3588200807571411,0.3405897617340088
"(16, 27)",2,dam_lmp__lmp_usd_per_mwh__th_sp15_gen_apnd,0.41097456216812134,0.4269118905067444
"(16, 27)",2,dam_lmp__congestion_usd_per_mwh__th_sp15_gen_apnd,0.06307011842727661,0.06126624345779419
"(16, 27)",2,dam_lmp__loss_usd_per_mwh__th_sp15_gen_apnd,0.3527141809463501,0.3446938991546631
"(16, 27)",2,rt15_lmp_hourly_mean__congestion_usd_per_mwh__th_sp15_gen_apnd,0.07269072532653809,0.07476437091827393
"(16, 27)",2,dam_as_total_procured__mw__ru__as_caiso,0.1061927080154419,0.10222852230072021
"(16, 27)",2,dam_as_total_procured__mw__rd__as_caiso,0.12446552515029907,0.1242339015007019
"(16, 27)",2,dam_as_total_procured__mw__sr__as_caiso,0.042729198932647705,0.0540698766708374
"(16, 27)",2,dam_as_total_procured__mw__nr__as_caiso,0.19819152355194092,0.20375114679336548
"(16, 31)",2,actual_load__mw__ca_iso_tac,0.0007342696189880371,0.0033122897148132324
"(16, 31)",2,dam_schedule__mw__generation__caiso_totals,0.006961941719055176,0.007308065891265869
"(16, 31)",2,dam_schedule__mw__import__caiso_totals,0.011266469955444336,0.009633421897888184
"(16, 31)",2,dam_schedule__mw__export__caiso_totals,0.020034432411193848,0.01711404323577881
"(16, 31)",2,dam_lmp__lmp_usd_per_mwh__th_sp15_gen_apnd,0.02201145887374878,0.0222165584564209
"(16, 31)",2,dam_lmp__congestion_usd_per_mwh__th_sp15_gen_apnd,0.00048023462295532227,0.001719057559967041
"(16, 31)",2,dam_lmp__loss_usd_per_mwh__th_sp15_gen_apnd,0.016018152236938477,0.010931849479675293
"(16, 31)",2,rt15_lmp_hourly_mean__congestion_usd_per_mwh__th_sp15_gen_apnd,0.0,0.0006365776062011719
"(16, 31)",2,dam_as_total_procured__mw__ru__as_caiso,0.015876710414886475,0.012708008289337158
"(16, 31)",2,dam_as_total_procured__mw__rd__as_caiso,0.01351839303970337,0.014935851097106934
"(16, 31)",2,dam_as_total_procured__mw__sr__as_caiso,0.0,0.0013350248336791992
"(16, 31)",2,dam_as_total_procured__mw__nr__as_caiso,0.01827341318130493,0.021673917770385742
"(16, 35)",2,actual_load__mw__ca_iso_tac,0.28781068325042725,0.291093111038208
"(16, 35)",2,dam_schedule__mw__generation__caiso_totals,0.2998172640800476,0.2859727144241333
"(16, 35)",2,dam_schedule__mw__import__caiso_totals,0.25943106412887573,0.25238341093063354
"(16, 35)",2,dam_schedule__mw__export__caiso_totals,0.26424944400787354,0.2597041130065918
"(16, 35)",2,dam_lmp__lmp_usd_per_mwh__th_sp15_gen_apnd,0.4740442633628845,0.4443098306655884
"(16, 35)",2,dam_lmp__congestion_usd_per_mwh__th_sp15_gen_apnd,0.3928043842315674,0.3559994697570801
"(16, 35)",2,dam_lmp__loss_usd_per_mwh__th_sp15_gen_apnd,0.11905479431152344,0.10974764823913574
"(16, 35)",2,rt15_lmp_hourly_mean__congestion_usd_per_mwh__th_sp15_gen_apnd,0.23488849401474,0.22422075271606445
"(16, 35)",2,dam_as_total_procured__mw__ru__as_caiso,0.42573702335357666,0.42598193883895874
"(16, 35)",2,dam_as_total_procured__mw__rd__as_caiso,0.9775332808494568,0.9755603671073914
"(16, 35)",2,dam_as_total_procured__mw__sr__as_caiso,0.05700606107711792,0.08598387241363525
"(16, 35)",2,dam_as_total_procured__mw__nr__as_caiso,0.09253197908401489,0.08263599872589111
"(16, 39)",2,actual_load__mw__ca_iso_tac,0.038152217864990234,0.04302263259887695
"(16, 39)",2,dam_schedule__mw__generation__caiso_totals,0.07255184650421143,0.07504761219024658
"(16, 39)",2,dam_schedule__mw__import__caiso_totals,0.036385536193847656,0.03724086284637451
"(16, 39)",2,dam_schedule__mw__export__caiso_totals,0.08006840944290161,0.08004319667816162
"(16, 39)",2,dam_lmp__lmp_usd_per_mwh__th_sp15_gen_apnd,0.10993146896362305,0.10556298494338989
"(16, 39)",2,dam_lmp__congestion_usd_per_mwh__th_sp15_gen_apnd,0.04543566703796387,0.0444871187210083
"(16, 39)",2,dam_lmp__loss_usd_per_mwh__th_sp15_gen_apnd,0.057753145694732666,0.0434727668762207
"(16, 39)",2,rt15_lmp_hourly_mean__congestion_usd_per_mwh__th_sp15_gen_apnd,0.008296489715576172,0.007530868053436279
"(16, 39)",2,dam_as_total_procured__mw__ru__as_caiso,0.0969352126121521,0.08853286504745483
"(16, 39)",2,dam_as_total_procured__mw__rd__as_caiso,0.09456175565719604,0.10283803939819336
"(16, 39)",2,dam_as_total_procured__mw__sr__as_caiso,0.013702094554901123,0.02148514986038208
"(16, 39)",2,dam_as_total_procured__mw__nr__as_caiso,0.01854795217514038,0.022268712520599365
"(16, 43)",2,actual_load__mw__ca_iso_tac,0.06620585918426514,0.061168551445007324
"(16, 43)",2,dam_schedule__mw__generation__caiso_totals,0.09745180606842041,0.08257681131362915
"(16, 43)",2,dam_schedule__mw__import__caiso_totals,0.16992402076721191,0.16510862112045288
"(16, 43)",2,dam_schedule__mw__export__caiso_totals,0.12145048379898071,0.10697704553604126
"(16, 43)",2,dam_lmp__lmp_usd_per_mwh__th_sp15_gen_apnd,0.2907388210296631,0.3085649609565735
"(16, 43)",2,dam_lmp__congestion_usd_per_mwh__th_sp15_gen_apnd,0.14377683401107788,0.14934122562408447
"(16, 43)",2,dam_lmp__loss_usd_per_mwh__th_sp15_gen_apnd,0.10374921560287476,0.09760439395904541
"(16, 43)",2,rt15_lmp_hourly_mean__congestion_usd_per_mwh__th_sp15_gen_apnd,0.06969696283340454,0.06516534090042114
"(16, 43)",2,dam_as_total_procured__mw__ru__as_caiso,0.06983858346939087,0.07130539417266846
"(16, 43)",2,dam_as_total_procured__mw__rd__as_caiso,0.18028980493545532,0.205081045627594
"(16, 43)",2,dam_as_total_procured__mw__sr__as_caiso,0.014367520809173584,0.03022986650466919
"(16, 43)",2,dam_as_total_procured__mw__nr__as_caiso,0.018294334411621094,0.023637354373931885
"(17, 21)",2,actual_load__mw__ca_iso_tac,0.45514219999313354,0.4835816025733948
"(17, 21)",2,dam_schedule__mw__generation__caiso_totals,0.512039065361023,0.5459573268890381
"(17, 21)",2,dam_schedule__mw__import__caiso_totals,0.3864021301269531,0.39380133152008057
"(17, 21)",2,dam_schedule__mw__export__caiso_totals,0.3905487656593323,0.40812885761260986
"(17, 21)",2,dam_lmp__lmp_usd_per_mwh__th_sp15_gen_apnd,0.957865834236145,0.9632954597473145
"(17, 21)",2,dam_lmp__congestion_usd_per_mwh__th_sp15_gen_apnd,0.518903911113739,0.5141392946243286
"(17, 21)",2,dam_lmp__loss_usd_per_mwh__th_sp15_gen_apnd,0.44568341970443726,0.45697176456451416
"(17, 21)",2,rt15_lmp_hourly_mean__congestion_usd_per_mwh__th_sp15_gen_apnd,0.39115267992019653,0.36942899227142334
"(17, 21)",2,dam_as_total_procured__mw__ru__as_caiso,0.3959733843803406,0.38129889965057373
"(17, 21)",2,dam_as_total_procured__mw__rd__as_caiso,0.7589282393455505,0.7501972317695618
"(17, 21)",2,dam_as_total_procured__mw__sr__as_caiso,0.1193729043006897,0.1574884057044983
"(17, 21)",2,dam_as_total_procured__mw__nr__as_caiso,0.07763099670410156,0.07916921377182007
"(17, 25)",2,actual_load__mw__ca_iso_tac,0.2120630145072937,0.24132680892944336
"(17, 25)",2,dam_schedule__mw__generation__caiso_totals,0.2636057138442993,0.2919806241989136
"(17, 25)",2,dam_schedule__mw__import__caiso_totals,0.3421584367752075,0.34683889150619507
"(17, 25)",2,dam_schedule__mw__export__caiso_totals,0.3347974419593811,0.35270923376083374
"(17, 25)",2,dam_lmp__lmp_usd_per_mwh__th_sp15_gen_apnd,0.6490561962127686,0.6494678854942322
"(17, 25)",2,dam_lmp__congestion_usd_per_mwh__th_sp15_gen_apnd,0.4554824233055115,0.44213736057281494
"(17, 25)",2,dam_lmp__loss_usd_per_mwh__th_sp15_gen_apnd,0.29561930894851685,0.2803153395652771
"(17, 25)",2,rt15_lmp_hourly_mean__congestion_usd_per_mwh__th_sp15_gen_apnd,0.2976917028427124,0.29432177543640137
"(17, 25)",2,dam_as_total_procured__mw__ru__as_caiso,0.3962879180908203,0.3807745575904846
"(17, 25)",2,dam_as_total_procured__mw__rd__as_caiso,0.7564546465873718,0.7438147664070129
"(17, 25)",2,dam_as_total_procured__mw__sr__as_caiso,0.0880119800567627,0.12821298837661743
"(17, 25)",2,dam_as_total_procured__mw__nr__as_caiso,0.05715680122375488,0.0679316520690918
"(17, 29)",2,actual_load__mw__ca_iso_tac,0.6935895681381226,0.7081646919250488
"(17, 29)",2,dam_schedule__mw__generation__caiso_totals,0.6770830154418945,0.6895415782928467
"(17, 29)",2,dam_schedule__mw__import__caiso_totals,0.37117302417755127,0.3776828646659851
"(17, 29)",2,dam_schedule__mw__export__caiso_totals,0.4038984775543213,0.41916918754577637
"(17, 29)",2,dam_lmp__lmp_usd_per_mwh__th_sp15_gen_apnd,0.7590389847755432,0.7716992497444153
"(17, 29)",2,dam_lmp__congestion_usd_per_mwh__th_sp15_gen_apnd,0.4498148560523987,0.4416503310203552
"(17, 29)",2,dam_lmp__loss_usd_per_mwh__th_sp15_gen_apnd,0.38374412059783936,0.37837809324264526
"(17, 29)",2,rt15_lmp_hourly_mean__congestion_usd_per_mwh__th_sp15_gen_apnd,0.2926708459854126,0.29324352741241455
"(17, 29)",2,dam_as_total_procured__mw__ru__as_caiso,0.4059041142463684,0.3875737190246582
"(17, 29)",2,dam_as_total_procured__mw__rd__as_caiso,0.778387188911438,0.7723103165626526
"(17, 29)",2,dam_as_total_procured__mw__sr__as_caiso,0.12155234813690186,0.15837174654006958
"(17, 29)",2,dam_as_total_procured__mw__nr__as_caiso,0.15202629566192627,0.1617690920829773
"(17, 33)",2,actual_load__mw__ca_iso_tac,0.19970446825027466,0.20276415348052979
"(17, 33)",2,dam_schedule__mw__generation__caiso_totals,0.20813339948654175,0.2100096344947815
"(17, 33)",2,dam_schedule__mw__import__caiso_totals,0.2992623448371887,0.3028786778450012
"(17, 33)",2,dam_schedule__mw__export__caiso_totals,0.25952672958374023,0.2673377990722656
"(17, 33)",2,dam_lmp__lmp_usd_per_mwh__th_sp15_gen_apnd,0.5579479932785034,0.5569890737533569
"(17, 33)",2,dam_lmp__congestion_usd_per_mwh__th_sp15_gen_apnd,0.4091718792915344,0.3958793878555298
"(17, 33)",2,dam_lmp__loss_usd_per_mwh__th_sp15_gen_apnd,0.2022538185119629,0.19499075412750244
"(17, 33)",2,rt15_lmp_hourly_mean__congestion_usd_per_mwh__th_sp15_gen_apnd,0.2554923892021179,0.24208199977874756
"(17, 33)",2,dam_as_total_procured__mw__ru__as_caiso,0.3853710889816284,0.3713762164115906
"(17, 33)",2,dam_as_total_procured__mw__rd__as_caiso,0.7948960065841675,0.7864721417427063
"(17, 33)",2,dam_as_total_procured__mw__sr__as_caiso,0.0717955231666565,0.10567736625671387
"(17, 33)",2,dam_as_total_procured__mw__nr__as_caiso,0.06509202718734741,0.06406736373901367
"(17, 37)",2,actual_load__mw__ca_iso_tac,0.5577626824378967,0.5825685262680054
"(17, 37)",2,dam_schedule__mw__generation__caiso_totals,0.4813758134841919,0.5177568197250366
"(17, 37)",2,dam_schedule__mw__import__caiso_totals,0.42403721809387207,0.41802358627319336
"(17, 37)",2,dam_schedule__mw__export__caiso_totals,0.40857994556427,0.4209073781967163
"(17, 37)",2,dam_lmp__lmp_usd_per_mwh__th_sp15_gen_apnd,0.6717709302902222,0.6806355118751526
"(17, 37)",2,dam_lmp__congestion_usd_per_mwh__th_sp15_gen_apnd,0.4562026262283325,0.4444350600242615
"(17, 37)",2,dam_lmp__loss_usd_per_mwh__th_sp15_gen_apnd,0.2705426812171936,0.26149487495422363
"(17, 37)",2,rt15_lmp_hourly_mean__congestion_usd_per_mwh__th_sp15_gen_apnd,0.2799891233444214,0.28084778785705566
"(17, 37)",2,dam_as_total_procured__mw__ru__as_caiso,0.4177451729774475,0.3999106287956238
"(17, 37)",2,dam_as_total_procured__mw__rd__as_caiso,0.7690613865852356,0.7605240941047668
"(17, 37)",2,dam_as_total_procured__mw__sr__as_caiso,0.19680827856063843,0.2249162793159485
"(17, 37)",2,dam_as_total_procured__mw__nr__as_caiso,0.47650182247161865,0.4798004627227783
"(17, 41)",2,actual_load__mw__ca_iso_tac,0.17947757244110107,0.18928933143615723
"(17, 41)",2,dam_schedule__mw__generation__caiso_totals,0.17183291912078857,0.17836034297943115
"(17, 41)",2,dam_schedule__mw__import__caiso_totals,0.30740320682525635,0.3088154196739197
"(17, 41)",2,dam_schedule__mw__export__caiso_totals,0.24675673246383667,0.2577199339866638
"(17, 41)",2,dam_lmp__lmp_usd_per_mwh__th_sp15_gen_apnd,0.6347674131393433,0.6322587728500366
"(17, 41)",2,dam_lmp__congestion_usd_per_mwh__th_sp15_gen_apnd,0.4313303232192993,0.4212383031845093
"(17, 41)",2,dam_lmp__loss_usd_per_mwh__th_sp15_gen_apnd,0.24040687084197998,0.21671557426452637
"(17, 41)",2,rt15_lmp_hourly_mean__congestion_usd_per_mwh__th_sp15_gen_apnd,0.2655087113380432,0.26656103134155273
"(17, 41)",2,dam_as_total_procured__mw__ru__as_caiso,0.39258289337158203,0.3776552677154541
"(17, 41)",2,dam_as_total_procured__mw__rd__as_caiso,0.7375996112823486,0.7258486747741699
"(17, 41)",2,dam_as_total_procured__mw__sr__as_caiso,0.08433026075363159,0.11848318576812744
"(17, 41)",2,dam_as_total_procured__mw__nr__as_caiso,0.03363877534866333,0.03442680835723877
"(18, 20)",2,actual_load__mw__ca_iso_tac,0.12472128868103027,0.13277095556259155
"(18, 20)",2,dam_schedule__mw__generation__caiso_totals,0.12173938751220703,0.1286141276359558
"(18, 20)",2,dam_schedule__mw__import__caiso_totals,0.2452360987663269,0.2457459568977356
"(18, 20)",2,dam_schedule__mw__export__caiso_totals,0.11071509122848511,0.10839629173278809
"(18, 20)",2,dam_lmp__lmp_usd_per_mwh__th_sp15_gen_apnd,0.7819273471832275,0.776530385017395
"(18, 20)",2,dam_lmp__congestion_usd_per_mwh__th_sp15_gen_apnd,0.14942705631256104,0.12933886051177979
"(18, 20)",2,dam_lmp__loss_usd_per_mwh__th_sp15_gen_apnd,0.43984270095825195,0.44800472259521484
"(18, 20)",2,rt15_lmp_hourly_mean__congestion_usd_per_mwh__th_sp15_gen_apnd,0.1507287621498108,0.11978238821029663
"(18, 20)",2,dam_as_total_procured__mw__ru__as_caiso,0.14903169870376587,0.13274145126342773
"(18, 20)",2,dam_as_total_procured__mw__rd__as_caiso,0.2698221206665039,0.27166444063186646
"(18, 20)",2,dam_as_total_procured__mw__sr__as_caiso,0.023015379905700684,0.027252554893493652
"(18, 20)",2,dam_as_total_procured__mw__nr__as_caiso,0.031339824199676514,0.03656727075576782
"(18, 24)",2,actual_load__mw__ca_iso_tac,0.10539770126342773,0.11172378063201904
"(18, 24)",2,dam_schedule__mw__generation__caiso_totals,0.07840800285339355,0.0851125717163086
"(18, 24)",2,dam_schedule__mw__import__caiso_totals,0.23742103576660156,0.24120807647705078
"(18, 24)",2,dam_schedule__mw__export__caiso_totals,0.07191717624664307,0.07523643970489502
"(18, 24)",2,dam_lmp__lmp_usd_per_mwh__th_sp15_gen_apnd,0.8050001263618469,0.8170639872550964
"(18, 24)",2,dam_lmp__congestion_usd_per_mwh__th_sp15_gen_apnd,0.33990269899368286,0.3465399742126465
"(18, 24)",2,dam_lmp__loss_usd_per_mwh__th_sp15_gen_apnd,0.3064051866531372,0.31950390338897705
"(18, 24)",2,rt15_lmp_hourly_mean__congestion_usd_per_mwh__th_sp15_gen_apnd,0.34108757972717285,0.3573611378669739
"(18, 24)",2,dam_as_total_procured__mw__ru__as_caiso,0.1823045015335083,0.15927284955978394
"(18, 24)",2,dam_as_total_procured__mw__rd__as_caiso,0.3643137216567993,0.36677223443984985
"(18, 24)",2,dam_as_total_procured__mw__sr__as_caiso,0.021954834461212158,0.03204619884490967
"(18, 24)",2,dam_as_total_procured__mw__nr__as_caiso,0.01869732141494751,0.022170960903167725
"(18, 28)",2,actual_load__mw__ca_iso_tac,0.8136237859725952,0.8168535232543945
"(18, 28)",2,dam_schedule__mw__generation__caiso_totals,0.8102395534515381,0.8162642121315002
"(18, 28)",2,dam_schedule__mw__import__caiso_totals,0.11549180746078491,0.10770392417907715
"(18, 28)",2,dam_schedule__mw__export__caiso_totals,0.4124408960342407,0.4146888256072998
"(18, 28)",2,dam_lmp__lmp_usd_per_mwh__th_sp15_gen_apnd,0.2672814726829529,0.27505600452423096
"(18, 28)",2,dam_lmp__congestion_usd_per_mwh__th_sp15_gen_apnd,0.04751807451248169,0.03809547424316406
"(18, 28)",2,dam_lmp__loss_usd_per_mwh__th_sp15_gen_apnd,0.24848860502243042,0.24563753604888916
"(18, 28)",2,rt15_lmp_hourly_mean__congestion_usd_per_mwh__th_sp15_gen_apnd,0.07354295253753662,0.07562267780303955
"(18, 28)",2,dam_as_total_procured__mw__ru__as_caiso,0.07663416862487793,0.07177495956420898
"(18, 28)",2,dam_as_total_procured__mw__rd__as_caiso,0.07312536239624023,0.07350265979766846
"(18, 28)",2,dam_as_total_procured__mw__sr__as_caiso,0.09266191720962524,0.10070830583572388
"(18, 28)",2,dam_as_total_procured__mw__nr__as_caiso,0.18935257196426392,0.18589985370635986
"(18, 32)",2,actual_load__mw__ca_iso_tac,0.071552574634552,0.07322275638580322
"(18, 32)",2,dam_schedule__mw__generation__caiso_totals,0.09215503931045532,0.0916944146156311
"(18, 32)",2,dam_schedule__mw__import__caiso_totals,0.08067446947097778,0.0708087682723999
"(18, 32)",2,dam_schedule__mw__export__caiso_totals,0.07221311330795288,0.06638777256011963
"(18, 32)",2,dam_lmp__lmp_usd_per_mwh__th_sp15_gen_apnd,0.1344655156135559,0.09437638521194458
"(18, 32)",2,dam_lmp__congestion_usd_per_mwh__th_sp15_gen_apnd,0.1326359510421753,0.09569460153579712
"(18, 32)",2,dam_lmp__loss_usd_per_mwh__th_sp15_gen_apnd,0.0206071138381958,0.020341992378234863
"(18, 32)",2,rt15_lmp_hourly_mean__congestion_usd_per_mwh__th_sp15_gen_apnd,0.07474935054779053,0.05958545207977295
"(18, 32)",2,dam_as_total_procured__mw__ru__as_caiso,0.33980387449264526,0.33872663974761963
"(18, 32)",2,dam_as_total_procured__mw__rd__as_caiso,0.30834972858428955,0.279979944229126
"(18, 32)",2,dam_as_total_procured__mw__sr__as_caiso,0.010798394680023193,0.016643166542053223
"(18, 32)",2,dam_as_total_procured__mw__nr__as_caiso,0.02341175079345703,0.029696285724639893
"(18, 36)",2,actual_load__mw__ca_iso_tac,0.44154804944992065,0.46585720777511597
"(18, 36)",2,dam_schedule__mw__generation__caiso_totals,0.34597283601760864,0.37863993644714355
"(18, 36)",2,dam_schedule__mw__import__caiso_totals,0.12606900930404663,0.1223064661026001
"(18, 36)",2,dam_schedule__mw__export__caiso_totals,0.20594638586044312,0.22300714254379272
"(18, 36)",2,dam_lmp__lmp_usd_per_mwh__th_sp15_gen_apnd,0.10937821865081787,0.10812938213348389
"(18, 36)",2,dam_lmp__congestion_usd_per_mwh__th_sp15_gen_apnd,0.04294419288635254,0.04167020320892334
"(18, 36)",2,dam_lmp__loss_usd_per_mwh__th_sp15_gen_apnd,0.03310859203338623,0.03690439462661743
"(18, 36)",2,rt15_lmp_hourly_mean__congestion_usd_per_mwh__th_sp15_gen_apnd,0.016154348850250244,0.015376031398773193
"(18, 36)",2,dam_as_total_procured__mw__ru__as_caiso,0.025619924068450928,0.02434903383255005
"(18, 36)",2,dam_as_total_procured__mw__rd__as_caiso,0.08137792348861694,0.09014099836349487
"(18, 36)",2,dam_as_total_procured__mw__sr__as_caiso,0.151364266872406,0.15524005889892578
"(18, 36)",2,dam_as_total_procured__mw__nr__as_caiso,0.4680734872817993,0.45934373140335083
"(18, 40)",2,actual_load__mw__ca_iso_tac,0.015642881393432617,0.015469908714294434
"(18, 40)",2,dam_schedule__mw__generation__caiso_totals,0.014081358909606934,0.008751630783081055
"(18, 40)",2,dam_schedule__mw__import__caiso_totals,0.029515862464904785,0.05371904373168945
"(18, 40)",2,dam_schedule__mw__export__caiso_totals,0.012680530548095703,0.00486069917678833
"(18, 40)",2,dam_lmp__lmp_usd_per_mwh__th_sp15_gen_apnd,0.19574153423309326,0.20377761125564575
"(18, 40)",2,dam_lmp__congestion_usd_per_mwh__th_sp15_gen_apnd,0.06503170728683472,0.07004135847091675
"(18, 40)",2,dam_lmp__loss_usd_per_mwh__th_sp15_gen_apnd,0.06458306312561035,0.06317692995071411
"(18, 40)",2,rt15_lmp_hourly_mean__congestion_usd_per_mwh__th_sp15_gen_apnd,0.03866666555404663,0.04760289192199707
"(18, 40)",2,dam_as_total_procured__mw__ru__as_caiso,0.04791557788848877,0.03966730833053589
"(18, 40)",2,dam_as_total_procured__mw__rd__as_caiso,0.04546600580215454,0.05403280258178711
"(18, 40)",2,dam_as_total_procured__mw__sr__as_caiso,0.005591750144958496,0.016428232192993164
"(18, 40)",2,dam_as_total_procured__mw__nr__as_caiso,0.005939483642578125,0.007839858531951904
"(19, 20)",2,actual_load__mw__ca_iso_tac,0.23640573024749756,0.25013160705566406
"(19, 20)",2,dam_schedule__mw__generation__caiso_totals,0.2226678729057312,0.23985260725021362
"(19, 20)",2,dam_schedule__mw__import__caiso_totals,0.3561221957206726,0.35569190979003906
"(19, 20)",2,dam_schedule__mw__export__caiso_totals,0.12319892644882202,0.136335551738739
"(19, 20)",2,dam_lmp__lmp_usd_per_mwh__th_sp15_gen_apnd,0.9790975451469421,0.9781537652015686
"(19, 20)",2,dam_lmp__congestion_usd_per_mwh__th_sp15_gen_apnd,0.6832551956176758,0.6729974746704102
"(19, 20)",2,dam_lmp__loss_usd_per_mwh__th_sp15_gen_apnd,0.5409682393074036,0.5504213571548462
"(19, 20)",2,rt15_lmp_hourly_mean__congestion_usd_per_mwh__th_sp15_gen_apnd,0.4576260447502136,0.4678601622581482
"(19, 20)",2,dam_as_total_procured__mw__ru__as_caiso,0.24230718612670898,0.20784401893615723
"(19, 20)",2,dam_as_total_procured__mw__rd__as_caiso,0.5104812383651733,0.4929577708244324
"(19, 20)",2,dam_as_total_procured__mw__sr__as_caiso,0.04290366172790527,0.04719585180282593
"(19, 20)",2,dam_as_total_procured__mw__nr__as_caiso,0.06587570905685425,0.07861113548278809
"(19, 24)",2,actual_load__mw__ca_iso_tac,0.17722851037979126,0.19257748126983643
"(19, 24)",2,dam_schedule__mw__generation__caiso_totals,0.18210762739181519,0.20326191186904907
"(19, 24)",2,dam_schedule__mw__import__caiso_totals,0.27030301094055176,0.2841686010360718
"(19, 24)",2,dam_schedule__mw__export__caiso_totals,0.12761074304580688,0.14509940147399902
"(19, 24)",2,dam_lmp__lmp_usd_per_mwh__th_sp15_gen_apnd,0.9625901579856873,0.9640035033226013
"(19, 24)",2,dam_lmp__congestion_usd_per_mwh__th_sp15_gen_apnd,0.4123868942260742,0.43185627460479736
"(19, 24)",2,dam_lmp__loss_usd_per_mwh__th_sp15_gen_apnd,0.43625491857528687,0.45502328872680664
"(19, 24)",2,rt15_lmp_hourly_mean__congestion_usd_per_mwh__th_sp15_gen_apnd,0.42627400159835815,0.46306735277175903
"(19, 24)",2,dam_as_total_procured__mw__ru__as_caiso,0.1914839744567871,0.1818234920501709
"(19, 24)",2,dam_as_total_procured__mw__rd__as_caiso,0.38377875089645386,0.39503347873687744
"(19, 24)",2,dam_as_total_procured__mw__sr__as_caiso,0.024516582489013672,0.03079533576965332
"(19, 24)",2,dam_as_total_procured__mw__nr__as_caiso,0.07228672504425049,0.07558608055114746
"(19, 28)",2,actual_load__mw__ca_iso_tac,0.8553788065910339,0.8564250469207764
"(19, 28)",2,dam_schedule__mw__generation__caiso_totals,0.8599805235862732,0.8647513389587402
"(19, 28)",2,dam_schedule__mw__import__caiso_totals,0.2894270420074463,0.3050932288169861
"(19, 28)",2,dam_schedule__mw__export__caiso_totals,0.5463782548904419,0.5434828996658325
"(19, 28)",2,dam_lmp__lmp_usd_per_mwh__th_sp15_gen_apnd,0.957233726978302,0.9563884735107422
"(19, 28)",2,dam_lmp__congestion_usd_per_mwh__th_sp15_gen_apnd,0.3481758236885071,0.33641481399536133
"(19, 28)",2,dam_lmp__loss_usd_per_mwh__th_sp15_gen_apnd,0.4580445885658264,0.46352267265319824
"(19, 28)",2,rt15_lmp_hourly_mean__congestion_usd_per_mwh__th_sp15_gen_apnd,0.3088482618331909,0.27915459871292114
"(19, 28)",2,dam_as_total_procured__mw__ru__as_caiso,0.2097461223602295,0.19563031196594238
"(19, 28)",2,dam_as_total_procured__mw__rd__as_caiso,0.4362781047821045,0.4413077235221863
"(19, 28)",2,dam_as_total_procured__mw__sr__as_caiso,0.1589038372039795,0.1722198724746704
"(19, 28)",2,dam_as_total_procured__mw__nr__as_caiso,0.22252535820007324,0.21867775917053223
"(19, 32)",2,actual_load__mw__ca_iso_tac,0.2324877381324768,0.2419273853302002
"(19, 32)",2,dam_schedule__mw__generation__caiso_totals,0.24130761623382568,0.25571322441101074
"(19, 32)",2,dam_schedule__mw__import__caiso_totals,0.2619413137435913,0.2698911428451538
"(19, 32)",2,dam_schedule__mw__export__caiso_totals,0.13833582401275635,0.13987255096435547
"(19, 32)",2,dam_lmp__lmp_usd_per_mwh__th_sp15_gen_apnd,0.9578518271446228,0.9576690793037415
"(19, 32)",2,dam_lmp__congestion_usd_per_mwh__th_sp15_gen_apnd,0.3462775945663452,0.33648931980133057
"(19, 32)",2,dam_lmp__loss_usd_per_mwh__th_sp15_gen_apnd,0.45476752519607544,0.47173863649368286
"(19, 32)",2,rt15_lmp_hourly_mean__congestion_usd_per_mwh__th_sp15_gen_apnd,0.28654152154922485,0.26539790630340576
"(19, 32)",2,dam_as_total_procured__mw__ru__as_caiso,0.3945927619934082,0.39233070611953735
"(19, 32)",2,dam_as_total_procured__mw__rd__as_caiso,0.4978214502334595,0.4974481463432312
"(19, 32)",2,dam_as_total_procured__mw__sr__as_caiso,0.04575467109680176,0.061451077461242676
"(19, 32)",2,dam_as_total_procured__mw__nr__as_caiso,0.04615581035614014,0.05997180938720703
"(19, 36)",2,actual_load__mw__ca_iso_tac,0.6468108892440796,0.6638118028640747
"(19, 36)",2,dam_schedule__mw__generation__caiso_totals,0.5299549698829651,0.560105562210083
"(19, 36)",2,dam_schedule__mw__import__caiso_totals,0.3149346709251404,0.31822723150253296
"(19, 36)",2,dam_schedule__mw__export__caiso_totals,0.37027764320373535,0.3697168231010437
"(19, 36)",2,dam_lmp__lmp_usd_per_mwh__th_sp15_gen_apnd,0.9581518769264221,0.9579957127571106
"(19, 36)",2,dam_lmp__congestion_usd_per_mwh__th_sp15_gen_apnd,0.3567257523536682,0.3503491282463074
"(19, 36)",2,dam_lmp__loss_usd_per_mwh__th_sp15_gen_apnd,0.4563412070274353,0.46094387769699097
"(19, 36)",2,rt15_lmp_hourly_mean__congestion_usd_per_mwh__th_sp15_gen_apnd,0.3122022747993469,0.28270387649536133
"(19, 36)",2,dam_as_total_procured__mw__ru__as_caiso,0.2374190092086792,0.21749663352966309
"(19, 36)",2,dam_as_total_procured__mw__rd__as_caiso,0.4260985255241394,0.4338950514793396
"(19, 36)",2,dam_as_total_procured__mw__sr__as_caiso,0.18348920345306396,0.18814772367477417
"(19, 36)",2,dam_as_total_procured__mw__nr__as_caiso,0.4755787253379822,0.4705348610877991
"(19, 40)",2,actual_load__mw__ca_iso_tac,0.1486496925354004,0.15232956409454346
"(19, 40)",2,dam_schedule__mw__generation__caiso_totals,0.15123754739761353,0.16083747148513794
"(19, 40)",2,dam_schedule__mw__import__caiso_totals,0.2626878023147583,0.2681041359901428
"(19, 40)",2,dam_schedule__mw__export__caiso_totals,0.10661113262176514,0.10049194097518921
"(19, 40)",2,dam_lmp__lmp_usd_per_mwh__th_sp15_gen_apnd,0.9553036689758301,0.9553017020225525
"(19, 40)",2,dam_lmp__congestion_usd_per_mwh__th_sp15_gen_apnd,0.319696843624115,0.31398874521255493
"(19, 40)",2,dam_lmp__loss_usd_per_mwh__th_sp15_gen_apnd,0.41501855850219727,0.4294092059135437
"(19, 40)",2,rt15_lmp_hourly_mean__congestion_usd_per_mwh__th_sp15_gen_apnd,0.2883129119873047,0.26282745599746704
"(19, 40)",2,dam_as_total_procured__mw__ru__as_caiso,0.16743111610412598,0.14577752351760864
"(19, 40)",2,dam_as_total_procured__mw__rd__as_caiso,0.3511883616447449,0.34958475828170776
"(19, 40)",2,dam_as_total_procured__mw__sr__as_caiso,0.03397399187088013,0.030976951122283936
"(19, 40)",2,dam_as_total_procured__mw__nr__as_caiso,0.03357189893722534,0.04115796089172363
"(20, 21)",2,actual_load__mw__ca_iso_tac,0.32348060607910156,0.33609235286712646
"(20, 21)",2,dam_schedule__mw__generation__caiso_totals,0.31393963098526,0.32601553201675415
"(20, 21)",2,dam_schedule__mw__import__caiso_totals,0.3754182457923889,0.38723427057266235
"(20, 21)",2,dam_schedule__mw__export__caiso_totals,0.19593578577041626,0.19611090421676636
"(20, 21)",2,dam_lmp__lmp_usd_per_mwh__th_sp15_gen_apnd,0.9556358456611633,0.9609875082969666
"(20, 21)",2,dam_lmp__congestion_usd_per_mwh__th_sp15_gen_apnd,0.7192569971084595,0.735120952129364
"(20, 21)",2,dam_lmp__loss_usd_per_mwh__th_sp15_gen_apnd,0.6070716381072998,0.6191740036010742
"(20, 21)",2,rt15_lmp_hourly_mean__congestion_usd_per_mwh__th_sp15_gen_apnd,0.4652009606361389,0.47371047735214233
"(20, 21)",2,dam_as_total_procured__mw__ru__as_caiso,0.2965501546859741,0.2648632526397705
"(20, 21)",2,dam_as_total_procured__mw__rd__as_caiso,0.5962785482406616,0.5944803953170776
"(20, 21)",2,dam_as_total_procured__mw__sr__as_caiso,0.07011270523071289,0.08682423830032349
"(20, 21)",2,dam_as_total_procured__mw__nr__as_caiso,0.0338435173034668,0.04362595081329346
"(20, 25)",2,actual_load__mw__ca_iso_tac,0.15113139152526855,0.16142600774765015
"(20, 25)",2,dam_schedule__mw__generation__caiso_totals,0.14325851202011108,0.153681218624115
"(20, 25)",2,dam_schedule__mw__import__caiso_totals,0.2711338400840759,0.27786916494369507
"(20, 25)",2,dam_schedule__mw__export__caiso_totals,0.11743283271789551,0.12387758493423462
"(20, 25)",2,dam_lmp__lmp_usd_per_mwh__th_sp15_gen_apnd,0.8447965979576111,0.8395895957946777
"(20, 25)",2,dam_lmp__congestion_usd_per_mwh__th_sp15_gen_apnd,0.30969494581222534,0.2874491214752197
"(20, 25)",2,dam_lmp__loss_usd_per_mwh__th_sp15_gen_apnd,0.5297932624816895,0.5355032682418823
"(20, 25)",2,rt15_lmp_hourly_mean__congestion_usd_per_mwh__th_sp15_gen_apnd,0.24895668029785156,0.22583937644958496
"(20, 25)",2,dam_as_total_procured__mw__ru__as_caiso,0.2116703987121582,0.18094581365585327
"(20, 25)",2,dam_as_total_procured__mw__rd__as_caiso,0.4642113447189331,0.4502316117286682
"(20, 25)",2,dam_as_total_procured__mw__sr__as_caiso,0.013930201530456543,0.02491849660873413
"(20, 25)",2,dam_as_total_procured__mw__nr__as_caiso,0.028602421283721924,0.053861796855926514
"(20, 29)",2,actual_load__mw__ca_iso_tac,0.3670210838317871,0.3822230100631714
"(20, 29)",2,dam_schedule__mw__generation__caiso_totals,0.2975584864616394,0.31027525663375854
"(20, 29)",2,dam_schedule__mw__import__caiso_totals,0.32976818084716797,0.35393857955932617
"(20, 29)",2,dam_schedule__mw__export__caiso_totals,0.15454775094985962,0.15977329015731812
"(20, 29)",2,dam_lmp__lmp_usd_per_mwh__th_sp15_gen_apnd,0.8165246248245239,0.8231866359710693
"(20, 29)",2,dam_lmp__congestion_usd_per_mwh__th_sp15_gen_apnd,0.24702394008636475,0.25868070125579834
"(20, 29)",2,dam_lmp__loss_usd_per_mwh__th_sp15_gen_apnd,0.435050904750824,0.44635146856307983
"(20, 29)",2,rt15_lmp_hourly_mean__congestion_usd_per_mwh__th_sp15_gen_apnd,0.19612425565719604,0.19853729009628296
"(20, 29)",2,dam_as_total_procured__mw__ru__as_caiso,0.14927387237548828,0.15052038431167603
"(20, 29)",2,dam_as_total_procured__mw__rd__as_caiso,0.2738330364227295,0.29347920417785645
"(20, 29)",2,dam_as_total_procured__mw__sr__as_caiso,0.07695895433425903,0.08252626657485962
"(20, 29)",2,dam_as_total_procured__mw__nr__as_caiso,0.10420507192611694,0.12029427289962769
"(20, 33)",2,actual_load__mw__ca_iso_tac,0.3544859290122986,0.3612937927246094
"(20, 33)",2,dam_schedule__mw__generation__caiso_totals,0.34320318698883057,0.3443160057067871
"(20, 33)",2,dam_schedule__mw__import__caiso_totals,0.31479376554489136,0.32206398248672485
"(20, 33)",2,dam_schedule__mw__export__caiso_totals,0.20042234659194946,0.20092743635177612
"(20, 33)",2,dam_lmp__lmp_usd_per_mwh__th_sp15_gen_apnd,0.8140414953231812,0.8153635263442993
"(20, 33)",2,dam_lmp__congestion_usd_per_mwh__th_sp15_gen_apnd,0.3143853545188904,0.3049691319465637
"(20, 33)",2,dam_lmp__loss_usd_per_mwh__th_sp15_gen_apnd,0.4585903286933899,0.47379636764526367
"(20, 33)",2,rt15_lmp_hourly_mean__congestion_usd_per_mwh__th_sp15_gen_apnd,0.23569047451019287,0.21341180801391602
"(20, 33)",2,dam_as_total_procured__mw__ru__as_caiso,0.31181901693344116,0.29199808835983276
"(20, 33)",2,dam_as_total_procured__mw__rd__as_caiso,0.7428771257400513,0.742913007736206
"(20, 33)",2,dam_as_total_procured__mw__sr__as_caiso,0.04940885305404663,0.0694686770439148
"(20, 33)",2,dam_as_total_procured__mw__nr__as_caiso,0.059820711612701416,0.06482434272766113
"(20, 37)",2,actual_load__mw__ca_iso_tac,0.6235979199409485,0.6466310024261475
"(20, 37)",2,dam_schedule__mw__generation__caiso_totals,0.5085647106170654,0.545045018196106
"(20, 37)",2,dam_schedule__mw__import__caiso_totals,0.27029216289520264,0.274380087852478
"(20, 37)",2,dam_schedule__mw__export__caiso_totals,0.3560047149658203,0.36244475841522217
"(20, 37)",2,dam_lmp__lmp_usd_per_mwh__th_sp15_gen_apnd,0.7879186272621155,0.7852751016616821
"(20, 37)",2,dam_lmp__congestion_usd_per_mwh__th_sp15_gen_apnd,0.15764087438583374,0.13900232315063477
"(20, 37)",2,dam_lmp__loss_usd_per_mwh__th_sp15_gen_apnd,0.4581577181816101,0.4645894169807434
"(20, 37)",2,rt15_lmp_hourly_mean__congestion_usd_per_mwh__th_sp15_gen_apnd,0.1618756651878357,0.1267225742340088
"(20, 37)",2,dam_as_total_procured__mw__ru__as_caiso,0.19289112091064453,0.18229389190673828
"(20, 37)",2,dam_as_total_procured__mw__rd__as_caiso,0.30543869733810425,0.3245677947998047
"(20, 37)",2,dam_as_total_procured__mw__sr__as_caiso,0.16864126920700073,0.17612510919570923
"(20, 37)",2,dam_as_total_procured__mw__nr__as_caiso,0.4722711443901062,0.46644049882888794
"(20, 41)",2,actual_load__mw__ca_iso_tac,0.1287406086921692,0.13366031646728516
"(20, 41)",2,dam_schedule__mw__generation__caiso_totals,0.15969222784042358,0.16492360830307007
"(20, 41)",2,dam_schedule__mw__import__caiso_totals,0.224778950214386,0.2382602095603943
"(20, 41)",2,dam_schedule__mw__export__caiso_totals,0.12724274396896362,0.12398236989974976
"(20, 41)",2,dam_lmp__lmp_usd_per_mwh__th_sp15_gen_apnd,0.8303900361061096,0.8324611783027649
"(20, 41)",2,dam_lmp__congestion_usd_per_mwh__th_sp15_gen_apnd,0.3168414235115051,0.32300662994384766
"(20, 41)",2,dam_lmp__loss_usd_per_mwh__th_sp15_gen_apnd,0.4350202679634094,0.4471069574356079
"(20, 41)",2,rt15_lmp_hourly_mean__congestion_usd_per_mwh__th_sp15_gen_apnd,0.2321452498435974,0.23726880550384521
"(20, 41)",2,dam_as_total_procured__mw__ru__as_caiso,0.1735091209411621,0.15714812278747559
"(20, 41)",2,dam_as_total_procured__mw__rd__as_caiso,0.33692467212677,0.3470368981361389
"(20, 41)",2,dam_as_total_procured__mw__sr__as_caiso,0.0224306583404541,0.029158353805541992
"(20, 41)",2,dam_as_total_procured__mw__nr__as_caiso,0.016940534114837646,0.02362722158432007
"(21, 23)",2,actual_load__mw__ca_iso_tac,0.14125168323516846,0.15451550483703613
"(21, 23)",2,dam_schedule__mw__generation__caiso_totals,0.13447654247283936,0.15385651588439941
"(21, 23)",2,dam_schedule__mw__import__caiso_totals,0.29061394929885864,0.31159913539886475
"(21, 23)",2,dam_schedule__mw__export__caiso_totals,0.10428953170776367,0.11655586957931519
"(21, 23)",2,dam_lmp__lmp_usd_per_mwh__th_sp15_gen_apnd,0.9636483788490295,0.9665385484695435
"(21, 23)",2,dam_lmp__congestion_usd_per_mwh__th_sp15_gen_apnd,0.455239474773407,0.45435935258865356
"(21, 23)",2,dam_lmp__loss_usd_per_mwh__th_sp15_gen_apnd,0.3730994462966919,0.38378721475601196
"(21, 23)",2,rt15_lmp_hourly_mean__congestion_usd_per_mwh__th_sp15_gen_apnd,0.42375320196151733,0.450819194316864
"(21, 23)",2,dam_as_total_procured__mw__ru__as_caiso,0.20930349826812744,0.1928676962852478
"(21, 23)",2,dam_as_total_procured__mw__rd__as_caiso,0.44488221406936646,0.4491405487060547
"(21, 23)",2,dam_as_total_procured__mw__sr__as_caiso,0.03544425964355469,0.05152183771133423
"(21, 23)",2,dam_as_total_procured__mw__nr__as_caiso,0.033949077129364014,0.03687804937362671
"(21, 27)",2,actual_load__mw__ca_iso_tac,0.758959949016571,0.7670344114303589
"(21, 27)",2,dam_schedule__mw__generation__caiso_totals,0.7407100200653076,0.7487936019897461
"(21, 27)",2,dam_schedule__mw__import__caiso_totals,0.3309837579727173,0.34665393829345703
"(21, 27)",2,dam_schedule__mw__export__caiso_totals,0.49587482213974,0.48545295000076294
"(21, 27)",2,dam_lmp__lmp_usd_per_mwh__th_sp15_gen_apnd,0.9568625688552856,0.9623013734817505
"(21, 27)",2,dam_lmp__congestion_usd_per_mwh__th_sp15_gen_apnd,0.5217655897140503,0.5229443907737732
"(21, 27)",2,dam_lmp__loss_usd_per_mwh__th_sp15_gen_apnd,0.4467610716819763,0.4456954598426819
"(21, 27)",2,rt15_lmp_hourly_mean__congestion_usd_per_mwh__th_sp15_gen_apnd,0.42420172691345215,0.37768006324768066
"(21, 27)",2,dam_as_total_procured__mw__ru__as_caiso,0.22184908390045166,0.20610982179641724
"(21, 27)",2,dam_as_total_procured__mw__rd__as_caiso,0.505477786064148,0.5041577816009521
"(21, 27)",2,dam_as_total_procured__mw__sr__as_caiso,0.11437058448791504,0.1309102177619934
"(21, 27)",2,dam_as_total_procured__mw__nr__as_caiso,0.2148868441581726,0.21189212799072266
"(21, 31)",2,actual_load__mw__ca_iso_tac,0.10376375913619995,0.10984140634536743
"(21, 31)",2,dam_schedule__mw__generation__caiso_totals,0.10603207349777222,0.10985267162322998
"(21, 31)",2,dam_schedule__mw__import__caiso_totals,0.271584153175354,0.28655052185058594
"(21, 31)",2,dam_schedule__mw__export__caiso_totals,0.08677023649215698,0.0839497447013855
"(21, 31)",2,dam_lmp__lmp_usd_per_mwh__th_sp15_gen_apnd,0.9532514214515686,0.9582631587982178
"(21, 31)",2,dam_lmp__congestion_usd_per_mwh__th_sp15_gen_apnd,0.4231058955192566,0.41716110706329346
"(21, 31)",2,dam_lmp__loss_usd_per_mwh__th_sp15_gen_apnd,0.35744529962539673,0.37217646837234497
"(21, 31)",2,rt15_lmp_hourly_mean__congestion_usd_per_mwh__th_sp15_gen_apnd,0.35357046127319336,0.32736045122146606
"(21, 31)",2,dam_as_total_procured__mw__ru__as_caiso,0.18434405326843262,0.15956079959869385
"(21, 31)",2,dam_as_total_procured__mw__rd__as_caiso,0.4246176481246948,0.4208683967590332
"(21, 31)",2,dam_as_total_procured__mw__sr__as_caiso,0.03209257125854492,0.04189938306808472
"(21, 31)",2,dam_as_total_procured__mw__nr__as_caiso,0.013382375240325928,0.02052396535873413
"(21, 35)",2,actual_load__mw__ca_iso_tac,0.3978431224822998,0.41516226530075073
"(21, 35)",2,dam_schedule__mw__generation__caiso_totals,0.3985704183578491,0.4085562229156494
"(21, 35)",2,dam_schedule__mw__import__caiso_totals,0.3592589497566223,0.3680349588394165
"(21, 35)",2,dam_schedule__mw__export__caiso_totals,0.24302536249160767,0.25091105699539185
"(21, 35)",2,dam_lmp__lmp_usd_per_mwh__th_sp15_gen_apnd,0.9554309248924255,0.9607294201850891
"(21, 35)",2,dam_lmp__congestion_usd_per_mwh__th_sp15_gen_apnd,0.5042409300804138,0.49013054370880127
"(21, 35)",2,dam_lmp__loss_usd_per_mwh__th_sp15_gen_apnd,0.47250235080718994,0.4857286214828491
"(21, 35)",2,rt15_lmp_hourly_mean__congestion_usd_per_mwh__th_sp15_gen_apnd,0.38123953342437744,0.3586563467979431
"(21, 35)",2,dam_as_total_procured__mw__ru__as_caiso,0.4185967445373535,0.42395836114883423
"(21, 35)",2,dam_as_total_procured__mw__rd__as_caiso,0.9794613718986511,0.9779433608055115
"(21, 35)",2,dam_as_total_procured__mw__sr__as_caiso,0.0638432502746582,0.09650838375091553
"(21, 35)",2,dam_as_total_procured__mw__nr__as_caiso,0.0704430341720581,0.06816321611404419
"(21, 39)",2,actual_load__mw__ca_iso_tac,0.16908591985702515,0.18507146835327148
"(21, 39)",2,dam_schedule__mw__generation__caiso_totals,0.18551403284072876,0.20495730638504028
"(21, 39)",2,dam_schedule__mw__import__caiso_totals,0.28129494190216064,0.29812002182006836
"(21, 39)",2,dam_schedule__mw__export__caiso_totals,0.14071714878082275,0.14085423946380615
"(21, 39)",2,dam_lmp__lmp_usd_per_mwh__th_sp15_gen_apnd,0.9517178535461426,0.9571690559387207
"(21, 39)",2,dam_lmp__congestion_usd_per_mwh__th_sp15_gen_apnd,0.46374863386154175,0.45677149295806885
"(21, 39)",2,dam_lmp__loss_usd_per_mwh__th_sp15_gen_apnd,0.39294135570526123,0.4065953493118286
"(21, 39)",2,rt15_lmp_hourly_mean__congestion_usd_per_mwh__th_sp15_gen_apnd,0.4265061020851135,0.40176910161972046
"(21, 39)",2,dam_as_total_procured__mw__ru__as_caiso,0.23697108030319214,0.20871573686599731
"(21, 39)",2,dam_as_total_procured__mw__rd__as_caiso,0.4649242162704468,0.46037107706069946
"(21, 39)",2,dam_as_total_procured__mw__sr__as_caiso,0.049834609031677246,0.05762714147567749
"(21, 39)",2,dam_as_total_procured__mw__nr__as_caiso,0.012894213199615479,0.024248480796813965
"(21, 43)",2,actual_load__mw__ca_iso_tac,0.19488990306854248,0.19205915927886963
"(21, 43)",2,dam_schedule__mw__generation__caiso_totals,0.2286638617515564,0.21500974893569946
"(21, 43)",2,dam_schedule__mw__import__caiso_totals,0.3165329694747925,0.3239668011665344
"(21, 43)",2,dam_schedule__mw__export__caiso_totals,0.1562720537185669,0.14550381898880005
"(21, 43)",2,dam_lmp__lmp_usd_per_mwh__th_sp15_gen_apnd,0.9537566900253296,0.9593148827552795
"(21, 43)",2,dam_lmp__congestion_usd_per_mwh__th_sp15_gen_apnd,0.442064106464386,0.43502306938171387
"(21, 43)",2,dam_lmp__loss_usd_per_mwh__th_sp15_gen_apnd,0.36336737871170044,0.37706589698791504
"(21, 43)",2,rt15_lmp_hourly_mean__congestion_usd_per_mwh__th_sp15_gen_apnd,0.39989709854125977,0.37165653705596924
"(21, 43)",2,dam_as_total_procured__mw__ru__as_caiso,0.21409541368484497,0.18701964616775513
"(21, 43)",2,dam_as_total_procured__mw__rd__as_caiso,0.47232794761657715,0.47166305780410767
"(21, 43)",2,dam_as_total_procured__mw__sr__as_caiso,0.04589325189590454,0.054721057415008545
"(21, 43)",2,dam_as_total_procured__mw__nr__as_caiso,0.018133342266082764,0.02288687229156494
"(22, 26)",2,actual_load__mw__ca_iso_tac,0.20075732469558716,0.205511212348938
"(22, 26)",2,dam_schedule__mw__generation__caiso_totals,0.21513968706130981,0.21605175733566284
"(22, 26)",2,dam_schedule__mw__import__caiso_totals,0.1291394829750061,0.13647449016571045
"(22, 26)",2,dam_schedule__mw__export__caiso_totals,0.18241846561431885,0.18083584308624268
"(22, 26)",2,dam_lmp__lmp_usd_per_mwh__th_sp15_gen_apnd,0.5397428274154663,0.5653320550918579
"(22, 26)",2,dam_lmp__congestion_usd_per_mwh__th_sp15_gen_apnd,0.13893532752990723,0.1424785852432251
"(22, 26)",2,dam_lmp__loss_usd_per_mwh__th_sp15_gen_apnd,0.3676697611808777,0.38837915658950806
"(22, 26)",2,rt15_lmp_hourly_mean__congestion_usd_per_mwh__th_sp15_gen_apnd,0.10407364368438721,0.09382277727127075
"(22, 26)",2,dam_as_total_procured__mw__ru__as_caiso,0.18486452102661133,0.18733376264572144
"(22, 26)",2,dam_as_total_procured__mw__rd__as_caiso,0.2993258237838745,0.3169623613357544
"(22, 26)",2,dam_as_total_procured__mw__sr__as_caiso,0.017597079277038574,0.020297229290008545
"(22, 26)",2,dam_as_total_procured__mw__nr__as_caiso,0.060092151165008545,0.05299943685531616
"(22, 30)",2,actual_load__mw__ca_iso_tac,0.06925880908966064,0.07793575525283813
"(22, 30)",2,dam_schedule__mw__generation__caiso_totals,0.06999146938323975,0.07751590013504028
"(22, 30)",2,dam_schedule__mw__import__caiso_totals,0.10288208723068237,0.10549038648605347
"(22, 30)",2,dam_schedule__mw__export__caiso_totals,0.026014089584350586,0.029296398162841797
"(22, 30)",2,dam_lmp__lmp_usd_per_mwh__th_sp15_gen_apnd,0.5195553302764893,0.541752815246582
"(22, 30)",2,dam_lmp__congestion_usd_per_mwh__th_sp15_gen_apnd,0.05698597431182861,0.052590787410736084
"(22, 30)",2,dam_lmp__loss_usd_per_mwh__th_sp15_gen_apnd,0.28242313861846924,0.31555938720703125
"(22, 30)",2,rt15_lmp_hourly_mean__congestion_usd_per_mwh__th_sp15_gen_apnd,0.0479731559753418,0.03592890501022339
"(22, 30)",2,dam_as_total_procured__mw__ru__as_caiso,0.10212200880050659,0.09146571159362793
"(22, 30)",2,dam_as_total_procured__mw__rd__as_caiso,0.14077627658843994,0.15509635210037231
"(22, 30)",2,dam_as_total_procured__mw__sr__as_caiso,0.00690770149230957,0.008718013763427734
"(22, 30)",2,dam_as_total_procured__mw__nr__as_caiso,0.006064236164093018,0.00946742296218872
"(22, 34)",2,actual_load__mw__ca_iso_tac,0.1902562379837036,0.19259721040725708
"(22, 34)",2,dam_schedule__mw__generation__caiso_totals,0.2054154872894287,0.2108670473098755
"(22, 34)",2,dam_schedule__mw__import__caiso_totals,0.19159692525863647,0.19390618801116943
"(22, 34)",2,dam_schedule__mw__export__caiso_totals,0.1371198296546936,0.14274650812149048
"(22, 34)",2,dam_lmp__lmp_usd_per_mwh__th_sp15_gen_apnd,0.6284705400466919,0.6358203291893005
"(22, 34)",2,dam_lmp__congestion_usd_per_mwh__th_sp15_gen_apnd,0.26757699251174927,0.23975718021392822
"(22, 34)",2,dam_lmp__loss_usd_per_mwh__th_sp15_gen_apnd,0.2917686700820923,0.327450692653656
"(22, 34)",2,rt15_lmp_hourly_mean__congestion_usd_per_mwh__th_sp15_gen_apnd,0.1783408522605896,0.1544455885887146
"(22, 34)",2,dam_as_total_procured__mw__ru__as_caiso,0.8379755020141602,0.8304511308670044
"(22, 34)",2,dam_as_total_procured__mw__rd__as_caiso,0.6387606859207153,0.6295863389968872
"(22, 34)",2,dam_as_total_procured__mw__sr__as_caiso,0.030208170413970947,0.05063676834106445
"(22, 34)",2,dam_as_total_procured__mw__nr__as_caiso,0.03161334991455078,0.029754579067230225
"(22, 38)",2,actual_load__mw__ca_iso_tac,0.14731663465499878,0.17350810766220093
"(22, 38)",2,dam_schedule__mw__generation__caiso_totals,0.1527743935585022,0.16530919075012207
"(22, 38)",2,dam_schedule__mw__import__caiso_totals,0.28136956691741943,0.2855437397956848
"(22, 38)",2,dam_schedule__mw__export__caiso_totals,0.08775883913040161,0.09566330909729004
"(22, 38)",2,dam_lmp__lmp_usd_per_mwh__th_sp15_gen_apnd,0.6204525232315063,0.6532660126686096
"(22, 38)",2,dam_lmp__congestion_usd_per_mwh__th_sp15_gen_apnd,0.2651938199996948,0.2574734687805176
"(22, 38)",2,dam_lmp__loss_usd_per_mwh__th_sp15_gen_apnd,0.30044782161712646,0.33304357528686523
"(22, 38)",2,rt15_lmp_hourly_mean__congestion_usd_per_mwh__th_sp15_gen_apnd,0.1827830672264099,0.17939543724060059
"(22, 38)",2,dam_as_total_procured__mw__ru__as_caiso,0.164828360080719,0.14888900518417358
"(22, 38)",2,dam_as_total_procured__mw__rd__as_caiso,0.3884328007698059,0.3947778344154358
"(22, 38)",2,dam_as_total_procured__mw__sr__as_caiso,0.03942328691482544,0.057872235774993896
"(22, 38)",2,dam_as_total_procured__mw__nr__as_caiso,0.03977334499359131,0.039098143577575684
"(22, 42)",2,actual_load__mw__ca_iso_tac,0.11210817098617554,0.13288986682891846
"(22, 42)",2,dam_schedule__mw__generation__caiso_totals,0.12057077884674072,0.13706058263778687
"(22, 42)",2,dam_schedule__mw__import__caiso_totals,0.11438679695129395,0.12199997901916504
"(22, 42)",2,dam_schedule__mw__export__caiso_totals,0.07773411273956299,0.08642470836639404
"(22, 42)",2,dam_lmp__lmp_usd_per_mwh__th_sp15_gen_apnd,0.5577232241630554,0.5837873220443726
"(22, 42)",2,dam_lmp__congestion_usd_per_mwh__th_sp15_gen_apnd,0.10781562328338623,0.10671001672744751
"(22, 42)",2,dam_lmp__loss_usd_per_mwh__th_sp15_gen_apnd,0.28407788276672363,0.3200947046279907
"(22, 42)",2,rt15_lmp_hourly_mean__congestion_usd_per_mwh__th_sp15_gen_apnd,0.11126953363418579,0.10116779804229736
"(22, 42)",2,dam_as_total_procured__mw__ru__as_caiso,0.11448460817337036,0.10789304971694946
"(22, 42)",2,dam_as_total_procured__mw__rd__as_caiso,0.1783127784729004,0.2014608383178711
"(22, 42)",2,dam_as_total_procured__mw__sr__as_caiso,0.0073133111000061035,0.015520751476287842
"(22, 42)",2,dam_as_total_procured__mw__nr__as_caiso,0.023804843425750732,0.02402132749557495
"(23, 26)",2,actual_load__mw__ca_iso_tac,0.22303253412246704,0.2205635905265808
"(23, 26)",2,dam_schedule__mw__generation__caiso_totals,0.21600067615509033,0.22142070531845093
"(23, 26)",2,dam_schedule__mw__import__caiso_totals,0.23307585716247559,0.2446727156639099
"(23, 26)",2,dam_schedule__mw__export__caiso_totals,0.1896677017211914,0.18655753135681152
"(23, 26)",2,dam_lmp__lmp_usd_per_mwh__th_sp15_gen_apnd,0.8678479790687561,0.8714410066604614
"(23, 26)",2,dam_lmp__congestion_usd_per_mwh__th_sp15_gen_apnd,0.47417980432510376,0.4807026982307434
"(23, 26)",2,dam_lmp__loss_usd_per_mwh__th_sp15_gen_apnd,0.45081979036331177,0.44744354486465454
"(23, 26)",2,rt15_lmp_hourly_mean__congestion_usd_per_mwh__th_sp15_gen_apnd,0.5071610808372498,0.5179249048233032
"(23, 26)",2,dam_as_total_procured__mw__ru__as_caiso,0.2486565113067627,0.22973287105560303
"(23, 26)",2,dam_as_total_procured__mw__rd__as_caiso,0.48908179998397827,0.4815938472747803
"(23, 26)",2,dam_as_total_procured__mw__sr__as_caiso,0.0293809175491333,0.03113877773284912
"(23, 26)",2,dam_as_total_procured__mw__nr__as_caiso,0.06219625473022461,0.05685609579086304
"(23, 30)",2,actual_load__mw__ca_iso_tac,0.07894927263259888,0.0863845944404602
"(23, 30)",2,dam_schedule__mw__generation__caiso_totals,0.05523478984832764,0.07003110647201538
"(23, 30)",2,dam_schedule__mw__import__caiso_totals,0.21909672021865845,0.22293144464492798
"(23, 30)",2,dam_schedule__mw__export__caiso_totals,0.044935405254364014,0.04999440908432007
"(23, 30)",2,dam_lmp__lmp_usd_per_mwh__th_sp15_gen_apnd,0.8626115322113037,0.8662778735160828
"(23, 30)",2,dam_lmp__congestion_usd_per_mwh__th_sp15_gen_apnd,0.38449233770370483,0.38382792472839355
"(23, 30)",2,dam_lmp__loss_usd_per_mwh__th_sp15_gen_apnd,0.3101349472999573,0.315334677696228
"(23, 30)",2,rt15_lmp_hourly_mean__congestion_usd_per_mwh__th_sp15_gen_apnd,0.4276469945907593,0.42771321535110474
"(23, 30)",2,dam_as_total_procured__mw__ru__as_caiso,0.17755752801895142,0.15435510873794556
"(23, 30)",2,dam_as_total_procured__mw__rd__as_caiso,0.36737024784088135,0.3674653172492981
"(23, 30)",2,dam_as_total_procured__mw__sr__as_caiso,0.012607753276824951,0.01927417516708374
"(23, 30)",2,dam_as_total_procured__mw__nr__as_caiso,0.004304349422454834,0.008304595947265625
"(23, 34)",2,actual_load__mw__ca_iso_tac,0.22792720794677734,0.22886043787002563
"(23, 34)",2,dam_schedule__mw__generation__caiso_totals,0.21653878688812256,0.2346678376197815
"(23, 34)",2,dam_schedule__mw__import__caiso_totals,0.26733285188674927,0.2717368006706238
"(23, 34)",2,dam_schedule__mw__export__caiso_totals,0.13918942213058472,0.14784979820251465
"(23, 34)",2,dam_lmp__lmp_usd_per_mwh__th_sp15_gen_apnd,0.8697174787521362,0.871871829032898
"(23, 34)",2,dam_lmp__congestion_usd_per_mwh__th_sp15_gen_apnd,0.44381511211395264,0.44160687923431396
"(23, 34)",2,dam_lmp__loss_usd_per_mwh__th_sp15_gen_apnd,0.35206639766693115,0.35960572957992554
"(23, 34)",2,rt15_lmp_hourly_mean__congestion_usd_per_mwh__th_sp15_gen_apnd,0.4292769432067871,0.4331684708595276
"(23, 34)",2,dam_as_total_procured__mw__ru__as_caiso,0.8389363884925842,0.8330739140510559
"(23, 34)",2,dam_as_total_procured__mw__rd__as_caiso,0.6870732307434082,0.6828294992446899
"(23, 34)",2,dam_as_total_procured__mw__sr__as_caiso,0.0399014949798584,0.06152963638305664
"(23, 34)",2,dam_as_total_procured__mw__nr__as_caiso,0.0403590202331543,0.04365372657775879
"(23, 38)",2,actual_load__mw__ca_iso_tac,0.1506158709526062,0.1587296724319458
"(23, 38)",2,dam_schedule__mw__generation__caiso_totals,0.12947869300842285,0.13943099975585938
"(23, 38)",2,dam_schedule__mw__import__caiso_totals,0.32602208852767944,0.31837111711502075
"(23, 38)",2,dam_schedule__mw__export__caiso_totals,0.08147186040878296,0.09147858619689941
"(23, 38)",2,dam_lmp__lmp_usd_per_mwh__th_sp15_gen_apnd,0.8734857439994812,0.8766717910766602
"(23, 38)",2,dam_lmp__congestion_usd_per_mwh__th_sp15_gen_apnd,0.4425109624862671,0.4238154888153076
"(23, 38)",2,dam_lmp__loss_usd_per_mwh__th_sp15_gen_apnd,0.32241398096084595,0.3257827162742615
"(23, 38)",2,rt15_lmp_hourly_mean__congestion_usd_per_mwh__th_sp15_gen_apnd,0.47410231828689575,0.475979208946228
"(23, 38)",2,dam_as_total_procured__mw__ru__as_caiso,0.23212677240371704,0.2029758095741272
"(23, 38)",2,dam_as_total_procured__mw__rd__as_caiso,0.5039392709732056,0.4923681616783142
"(23, 38)",2,dam_as_total_procured__mw__sr__as_caiso,0.04265177249908447,0.05585825443267822
"(23, 38)",2,dam_as_total_procured__mw__nr__as_caiso,0.034534752368927,0.0323030948638916
"(23, 42)",2,actual_load__mw__ca_iso_tac,0.12237262725830078,0.1409304141998291
"(23, 42)",2,dam_schedule__mw__generation__caiso_totals,0.10392105579376221,0.12423872947692871
"(23, 42)",2,dam_schedule__mw__import__caiso_totals,0.22203892469406128,0.2300335168838501
"(23, 42)",2,dam_schedule__mw__export__caiso_totals,0.10140222311019897,0.10922884941101074
"(23, 42)",2,dam_lmp__lmp_usd_per_mwh__th_sp15_gen_apnd,0.863255500793457,0.869077742099762
"(23, 42)",2,dam_lmp__congestion_usd_per_mwh__th_sp15_gen_apnd,0.38636940717697144,0.3895086646080017
"(23, 42)",2,dam_lmp__loss_usd_per_mwh__th_sp15_gen_apnd,0.319238543510437,0.32582879066467285
"(23, 42)",2,rt15_lmp_hourly_mean__congestion_usd_per_mwh__th_sp15_gen_apnd,0.43497079610824585,0.43320876359939575
"(23, 42)",2,dam_as_total_procured__mw__ru__as_caiso,0.17876076698303223,0.15774184465408325
"(23, 42)",2,dam_as_total_procured__mw__rd__as_caiso,0.3700220584869385,0.3747798800468445
"(23, 42)",2,dam_as_total_procured__mw__sr__as_caiso,0.016185104846954346,0.028643250465393066
"(23, 42)",2,dam_as_total_procured__mw__nr__as_caiso,0.018531441688537598,0.022512316703796387
"(24, 27)",2,actual_load__mw__ca_iso_tac,0.728601336479187,0.7314534187316895
"(24, 27)",2,dam_schedule__mw__generation__caiso_totals,0.6960124969482422,0.7003506422042847
"(24, 27)",2,dam_schedule__mw__import__caiso_totals,0.29451507329940796,0.29938435554504395
"(24, 27)",2,dam_schedule__mw__export__caiso_totals,0.4506632685661316,0.4408429265022278
"(24, 27)",2,dam_lmp__lmp_usd_per_mwh__th_sp15_gen_apnd,0.8373790979385376,0.8483095765113831
"(24, 27)",2,dam_lmp__congestion_usd_per_mwh__th_sp15_gen_apnd,0.39814502000808716,0.4084708094596863
"(24, 27)",2,dam_lmp__loss_usd_per_mwh__th_sp15_gen_apnd,0.4202480912208557,0.4220212697982788
"(24, 27)",2,rt15_lmp_hourly_mean__congestion_usd_per_mwh__th_sp15_gen_apnd,0.40849602222442627,0.417369544506073
"(24, 27)",2,dam_as_total_procured__mw__ru__as_caiso,0.18098974227905273,0.16528159379959106
"(24, 27)",2,dam_as_total_procured__mw__rd__as_caiso,0.39662259817123413,0.4059349298477173
"(24, 27)",2,dam_as_total_procured__mw__sr__as_caiso,0.07984888553619385,0.09195739030838013
"(24, 27)",2,dam_as_total_procured__mw__nr__as_caiso,0.22716212272644043,0.2188994288444519
"(24, 31)",2,actual_load__mw__ca_iso_tac,0.07311075925827026,0.0768822431564331
"(24, 31)",2,dam_schedule__mw__generation__caiso_totals,0.05372136831283569,0.06354022026062012
"(24, 31)",2,dam_schedule__mw__import__caiso_totals,0.20710957050323486,0.21724534034729004
"(24, 31)",2,dam_schedule__mw__export__caiso_totals,0.053854286670684814,0.057799577713012695
"(24, 31)",2,dam_lmp__lmp_usd_per_mwh__th_sp15_gen_apnd,0.7985649108886719,0.8119201064109802
"(24, 31)",2,dam_lmp__congestion_usd_per_mwh__th_sp15_gen_apnd,0.3280765414237976,0.3344483971595764
"(24, 31)",2,dam_lmp__loss_usd_per_mwh__th_sp15_gen_apnd,0.2989944815635681,0.3109785318374634
"(24, 31)",2,rt15_lmp_hourly_mean__congestion_usd_per_mwh__th_sp15_gen_apnd,0.3333498239517212,0.3465954065322876
"(24, 31)",2,dam_as_total_procured__mw__ru__as_caiso,0.15457183122634888,0.13102561235427856
"(24, 31)",2,dam_as_total_procured__mw__rd__as_caiso,0.3332556486129761,0.34114551544189453
"(24, 31)",2,dam_as_total_procured__mw__sr__as_caiso,0.014620363712310791,0.025347232818603516
"(24, 31)",2,dam_as_total_procured__mw__nr__as_caiso,0.0044904351234436035,0.008026838302612305
"(24, 35)",2,actual_load__mw__ca_iso_tac,0.37727677822113037,0.3905354142189026
"(24, 35)",2,dam_schedule__mw__generation__caiso_totals,0.3589978814125061,0.37203699350357056
"(24, 35)",2,dam_schedule__mw__import__caiso_totals,0.3296997547149658,0.3410496115684509
"(24, 35)",2,dam_schedule__mw__export__caiso_totals,0.22161471843719482,0.2325541377067566
"(24, 35)",2,dam_lmp__lmp_usd_per_mwh__th_sp15_gen_apnd,0.8371960520744324,0.8444467782974243
"(24, 35)",2,dam_lmp__congestion_usd_per_mwh__th_sp15_gen_apnd,0.4653201103210449,0.45337265729904175
"(24, 35)",2,dam_lmp__loss_usd_per_mwh__th_sp15_gen_apnd,0.38372695446014404,0.39819830656051636
"(24, 35)",2,rt15_lmp_hourly_mean__congestion_usd_per_mwh__th_sp15_gen_apnd,0.373577356338501,0.3826380968093872
"(24, 35)",2,dam_as_total_procured__mw__ru__as_caiso,0.4063653349876404,0.4134920835494995
"(24, 35)",2,dam_as_total_procured__mw__rd__as_caiso,0.9792336225509644,0.9779210686683655
"(24, 35)",2,dam_as_total_procured__mw__sr__as_caiso,0.05248302221298218,0.08497214317321777
"(24, 35)",2,dam_as_total_procured__mw__nr__as_caiso,0.06887292861938477,0.06532955169677734
"(24, 39)",2,actual_load__mw__ca_iso_tac,0.135728120803833,0.15016281604766846
"(24, 39)",2,dam_schedule__mw__generation__caiso_totals,0.1326526403427124,0.15895795822143555
"(24, 39)",2,dam_schedule__mw__import__caiso_totals,0.21410304307937622,0.22791355848312378
"(24, 39)",2,dam_schedule__mw__export__caiso_totals,0.10094130039215088,0.1061021089553833
"(24, 39)",2,dam_lmp__lmp_usd_per_mwh__th_sp15_gen_apnd,0.796508252620697,0.8121542930603027
"(24, 39)",2,dam_lmp__congestion_usd_per_mwh__th_sp15_gen_apnd,0.3707830309867859,0.37259846925735474
"(24, 39)",2,dam_lmp__loss_usd_per_mwh__th_sp15_gen_apnd,0.32984524965286255,0.34691572189331055
"(24, 39)",2,rt15_lmp_hourly_mean__congestion_usd_per_mwh__th_sp15_gen_apnd,0.41672343015670776,0.4332330822944641
"(24, 39)",2,dam_as_total_procured__mw__ru__as_caiso,0.1988862156867981,0.17176955938339233
"(24, 39)",2,dam_as_total_procured__mw__rd__as_caiso,0.36825549602508545,0.3777468204498291
"(24, 39)",2,dam_as_total_procured__mw__sr__as_caiso,0.027277767658233643,0.038684308528900146
"(24, 39)",2,dam_as_total_procured__mw__nr__as_caiso,0.006834626197814941,0.011030077934265137
"(24, 43)",2,actual_load__mw__ca_iso_tac,0.16422343254089355,0.16205435991287231
"(24, 43)",2,dam_schedule__mw__generation__caiso_totals,0.16914969682693481,0.16912966966629028
"(24, 43)",2,dam_schedule__mw__import__caiso_totals,0.26880931854248047,0.2723279595375061
"(24, 43)",2,dam_schedule__mw__export__caiso_totals,0.11151301860809326,0.11889541149139404
"(24, 43)",2,dam_lmp__lmp_usd_per_mwh__th_sp15_gen_apnd,0.8044533133506775,0.8186718225479126
"(24, 43)",2,dam_lmp__congestion_usd_per_mwh__th_sp15_gen_apnd,0.36551958322525024,0.3668903112411499
"(24, 43)",2,dam_lmp__loss_usd_per_mwh__th_sp15_gen_apnd,0.30158179998397827,0.31546568870544434
"(24, 43)",2,rt15_lmp_hourly_mean__congestion_usd_per_mwh__th_sp15_gen_apnd,0.3669169545173645,0.39264976978302
"(24, 43)",2,dam_as_total_procured__mw__ru__as_caiso,0.17744797468185425,0.1555628776550293
"(24, 43)",2,dam_as_total_procured__mw__rd__as_caiso,0.38549888134002686,0.40278875827789307
"(24, 43)",2,dam_as_total_procured__mw__sr__as_caiso,0.023093104362487793,0.04044622182846069
"(24, 43)",2,dam_as_total_procured__mw__nr__as_caiso,0.005674779415130615,0.007366359233856201
"(25, 29)",2,actual_load__mw__ca_iso_tac,0.3991418480873108,0.4041655659675598
"(25, 29)",2,dam_schedule__mw__generation__caiso_totals,0.35698336362838745,0.3638373017311096
"(25, 29)",2,dam_schedule__mw__import__caiso_totals,0.3527388572692871,0.35622739791870117
"(25, 29)",2,dam_schedule__mw__export__caiso_totals,0.18688130378723145,0.20456767082214355
"(25, 29)",2,dam_lmp__lmp_usd_per_mwh__th_sp15_gen_apnd,0.7214289307594299,0.7267215251922607
"(25, 29)",2,dam_lmp__congestion_usd_per_mwh__th_sp15_gen_apnd,0.3778812289237976,0.3603740334510803
"(25, 29)",2,dam_lmp__loss_usd_per_mwh__th_sp15_gen_apnd,0.40430015325546265,0.4109853506088257
"(25, 29)",2,rt15_lmp_hourly_mean__congestion_usd_per_mwh__th_sp15_gen_apnd,0.28920215368270874,0.2821207046508789
"(25, 29)",2,dam_as_total_procured__mw__ru__as_caiso,0.1895449161529541,0.16272014379501343
"(25, 29)",2,dam_as_total_procured__mw__rd__as_caiso,0.4886172413825989,0.4670364260673523
"(25, 29)",2,dam_as_total_procured__mw__sr__as_caiso,0.042902231216430664,0.05018484592437744
"(25, 29)",2,dam_as_total_procured__mw__nr__as_caiso,0.10277765989303589,0.1268060803413391
"(25, 33)",2,actual_load__mw__ca_iso_tac,0.25837552547454834,0.28160005807876587
"(25, 33)",2,dam_schedule__mw__generation__caiso_totals,0.2626521587371826,0.27986353635787964
"(25, 33)",2,dam_schedule__mw__import__caiso_totals,0.23186147212982178,0.24807405471801758
"(25, 33)",2,dam_schedule__mw__export__caiso_totals,0.18770509958267212,0.20757901668548584
"(25, 33)",2,dam_lmp__lmp_usd_per_mwh__th_sp15_gen_apnd,0.451866090297699,0.4535199999809265
"(25, 33)",2,dam_lmp__congestion_usd_per_mwh__th_sp15_gen_apnd,0.35335713624954224,0.33670371770858765
"(25, 33)",2,dam_lmp__loss_usd_per_mwh__th_sp15_gen_apnd,0.11923682689666748,0.13672727346420288
"(25, 33)",2,rt15_lmp_hourly_mean__congestion_usd_per_mwh__th_sp15_gen_apnd,0.2474396824836731,0.24624931812286377
"(25, 33)",2,dam_as_total_procured__mw__ru__as_caiso,0.29708999395370483,0.2812730073928833
"(25, 33)",2,dam_as_total_procured__mw__rd__as_caiso,0.7421241998672485,0.7357341051101685
"(25, 33)",2,dam_as_total_procured__mw__sr__as_caiso,0.04192709922790527,0.06198084354400635
"(25, 33)",2,dam_as_total_procured__mw__nr__as_caiso,0.07884383201599121,0.08523255586624146
"(25, 37)",2,actual_load__mw__ca_iso_tac,0.4591907262802124,0.4741401672363281
"(25, 37)",2,dam_schedule__mw__generation__caiso_totals,0.37089335918426514,0.3916933536529541
"(25, 37)",2,dam_schedule__mw__import__caiso_totals,0.19558924436569214,0.19216018915176392
"(25, 37)",2,dam_schedule__mw__export__caiso_totals,0.27586132287979126,0.2923705577850342
"(25, 37)",2,dam_lmp__lmp_usd_per_mwh__th_sp15_gen_apnd,0.3236956000328064,0.31357240676879883
"(25, 37)",2,dam_lmp__congestion_usd_per_mwh__th_sp15_gen_apnd,0.25190240144729614,0.235529363155365
"(25, 37)",2,dam_lmp__loss_usd_per_mwh__th_sp15_gen_apnd,0.11297768354415894,0.11099749803543091
"(25, 37)",2,rt15_lmp_hourly_mean__congestion_usd_per_mwh__th_sp15_gen_apnd,0.17600923776626587,0.17062896490097046
"(25, 37)",2,dam_as_total_procured__mw__ru__as_caiso,0.15467780828475952,0.13607871532440186
"(25, 37)",2,dam_as_total_procured__mw__rd__as_caiso,0.37045031785964966,0.36336737871170044
"(25, 37)",2,dam_as_total_procured__mw__sr__as_caiso,0.1580166220664978,0.16813594102859497
"(25, 37)",2,dam_as_total_procured__mw__nr__as_caiso,0.4666075110435486,0.4626273512840271
"(25, 41)",2,actual_load__mw__ca_iso_tac,0.01929926872253418,0.02460426092147827
"(25, 41)",2,dam_schedule__mw__generation__caiso_totals,0.029701530933380127,0.03417688608169556
"(25, 41)",2,dam_schedule__mw__import__caiso_totals,0.2306767702102661,0.24027246236801147
"(25, 41)",2,dam_schedule__mw__export__caiso_totals,0.08541125059127808,0.08581036329269409
"(25, 41)",2,dam_lmp__lmp_usd_per_mwh__th_sp15_gen_apnd,0.5891661643981934,0.5879970788955688
"(25, 41)",2,dam_lmp__congestion_usd_per_mwh__th_sp15_gen_apnd,0.3562113046646118,0.34638261795043945
"(25, 41)",2,dam_lmp__loss_usd_per_mwh__th_sp15_gen_apnd,0.25230860710144043,0.24874305725097656
"(25, 41)",2,rt15_lmp_hourly_mean__congestion_usd_per_mwh__th_sp15_gen_apnd,0.25885528326034546,0.26462292671203613
"(25, 41)",2,dam_as_total_procured__mw__ru__as_caiso,0.20198184251785278,0.1776553988456726
"(25, 41)",2,dam_as_total_procured__mw__rd__as_caiso,0.46769845485687256,0.45413827896118164
"(25, 41)",2,dam_as_total_procured__mw__sr__as_caiso,0.008661031723022461,0.02291405200958252
"(25, 41)",2,dam_as_total_procured__mw__nr__as_caiso,0.019675135612487793,0.036580443382263184
"(26, 28)",2,actual_load__mw__ca_iso_tac,0.8255321383476257,0.8277532458305359
"(26, 28)",2,dam_schedule__mw__generation__caiso_totals,0.8465258479118347,0.850976824760437
"(26, 28)",2,dam_schedule__mw__import__caiso_totals,0.12162673473358154,0.12344998121261597
"(26, 28)",2,dam_schedule__mw__export__caiso_totals,0.5851223468780518,0.574718713760376
"(26, 28)",2,dam_lmp__lmp_usd_per_mwh__th_sp15_gen_apnd,0.3044309616088867,0.33605021238327026
"(26, 28)",2,dam_lmp__congestion_usd_per_mwh__th_sp15_gen_apnd,0.13826477527618408,0.14763057231903076
"(26, 28)",2,dam_lmp__loss_usd_per_mwh__th_sp15_gen_apnd,0.35724329948425293,0.36154991388320923
"(26, 28)",2,rt15_lmp_hourly_mean__congestion_usd_per_mwh__th_sp15_gen_apnd,0.12746572494506836,0.1386464238166809
"(26, 28)",2,dam_as_total_procured__mw__ru__as_caiso,0.13726109266281128,0.14790725708007812
"(26, 28)",2,dam_as_total_procured__mw__rd__as_caiso,0.2024809718132019,0.21683645248413086
"(26, 28)",2,dam_as_total_procured__mw__sr__as_caiso,0.08837169408798218,0.10008049011230469
"(26, 28)",2,dam_as_total_procured__mw__nr__as_caiso,0.19805943965911865,0.19600188732147217
"(26, 32)",2,actual_load__mw__ca_iso_tac,0.14106357097625732,0.1415235996246338
"(26, 32)",2,dam_schedule__mw__generation__caiso_totals,0.1801215410232544,0.18193840980529785
"(26, 32)",2,dam_schedule__mw__import__caiso_totals,0.07914531230926514,0.07345157861709595
"(26, 32)",2,dam_schedule__mw__export__caiso_totals,0.16600143909454346,0.1638759970664978
"(26, 32)",2,dam_lmp__lmp_usd_per_mwh__th_sp15_gen_apnd,0.1650329828262329,0.1408444046974182
"(26, 32)",2,dam_lmp__congestion_usd_per_mwh__th_sp15_gen_apnd,0.1563413143157959,0.1338059902191162
"(26, 32)",2,dam_lmp__loss_usd_per_mwh__th_sp15_gen_apnd,0.15711361169815063,0.1403367519378662
"(26, 32)",2,rt15_lmp_hourly_mean__congestion_usd_per_mwh__th_sp15_gen_apnd,0.09501665830612183,0.07902204990386963
"(26, 32)",2,dam_as_total_procured__mw__ru__as_caiso,0.36362719535827637,0.374595046043396
"(26, 32)",2,dam_as_total_procured__mw__rd__as_caiso,0.36593151092529297,0.3543105125427246
"(26, 32)",2,dam_as_total_procured__mw__sr__as_caiso,0.02226167917251587,0.03114086389541626
"(26, 32)",2,dam_as_total_procured__mw__nr__as_caiso,0.038329899311065674,0.036935389041900635
"(26, 36)",2,actual_load__mw__ca_iso_tac,0.5953369140625,0.625846266746521
"(26, 36)",2,dam_schedule__mw__generation__caiso_totals,0.5403435230255127,0.584831714630127
"(26, 36)",2,dam_schedule__mw__import__caiso_totals,0.14806240797042847,0.14924407005310059
"(26, 36)",2,dam_schedule__mw__export__caiso_totals,0.469776451587677,0.4847431182861328
"(26, 36)",2,dam_lmp__lmp_usd_per_mwh__th_sp15_gen_apnd,0.15175336599349976,0.17647993564605713
"(26, 36)",2,dam_lmp__congestion_usd_per_mwh__th_sp15_gen_apnd,0.10501521825790405,0.11321514844894409
"(26, 36)",2,dam_lmp__loss_usd_per_mwh__th_sp15_gen_apnd,0.17948848009109497,0.184817373752594
"(26, 36)",2,rt15_lmp_hourly_mean__congestion_usd_per_mwh__th_sp15_gen_apnd,0.05088764429092407,0.062286376953125
"(26, 36)",2,dam_as_total_procured__mw__ru__as_caiso,0.10486984252929688,0.10998070240020752
"(26, 36)",2,dam_as_total_procured__mw__rd__as_caiso,0.21921181678771973,0.22992032766342163
"(26, 36)",2,dam_as_total_procured__mw__sr__as_caiso,0.1657586693763733,0.17293155193328857
"(26, 36)",2,dam_as_total_procured__mw__nr__as_caiso,0.47088199853897095,0.46399128437042236
"(26, 40)",2,actual_load__mw__ca_iso_tac,0.12553679943084717,0.12302839756011963
"(26, 40)",2,dam_schedule__mw__generation__caiso_totals,0.16104167699813843,0.15967559814453125
"(26, 40)",2,dam_schedule__mw__import__caiso_totals,0.03041541576385498,0.06054013967514038
"(26, 40)",2,dam_schedule__mw__export__caiso_totals,0.15030592679977417,0.14845943450927734
"(26, 40)",2,dam_lmp__lmp_usd_per_mwh__th_sp15_gen_apnd,0.2376067042350769,0.259644091129303
"(26, 40)",2,dam_lmp__congestion_usd_per_mwh__th_sp15_gen_apnd,0.14620822668075562,0.15927231311798096
"(26, 40)",2,dam_lmp__loss_usd_per_mwh__th_sp15_gen_apnd,0.18984448909759521,0.18210595846176147
"(26, 40)",2,rt15_lmp_hourly_mean__congestion_usd_per_mwh__th_sp15_gen_apnd,0.0802960991859436,0.09232819080352783
"(26, 40)",2,dam_as_total_procured__mw__ru__as_caiso,0.12228715419769287,0.1276281476020813
"(26, 40)",2,dam_as_total_procured__mw__rd__as_caiso,0.20398324728012085,0.22128844261169434
"(26, 40)",2,dam_as_total_procured__mw__sr__as_caiso,0.001856684684753418,0.012718915939331055
"(26, 40)",2,dam_as_total_procured__mw__nr__as_caiso,0.03772085905075073,0.032661259174346924
"(27, 28)",2,actual_load__mw__ca_iso_tac,0.8249108195304871,0.8263776302337646
"(27, 28)",2,dam_schedule__mw__generation__caiso_totals,0.8222261667251587,0.8294378519058228
"(27, 28)",2,dam_schedule__mw__import__caiso_totals,0.27485519647598267,0.27445560693740845
"(27, 28)",2,dam_schedule__mw__export__caiso_totals,0.47748029232025146,0.48358219861984253
"(27, 28)",2,dam_lmp__lmp_usd_per_mwh__th_sp15_gen_apnd,0.4537147879600525,0.4712478518486023
"(27, 28)",2,dam_lmp__congestion_usd_per_mwh__th_sp15_gen_apnd,0.10031801462173462,0.09251821041107178
"(27, 28)",2,dam_lmp__loss_usd_per_mwh__th_sp15_gen_apnd,0.418234646320343,0.4063106179237366
"(27, 28)",2,rt15_lmp_hourly_mean__congestion_usd_per_mwh__th_sp15_gen_apnd,0.1046798825263977,0.1072009801864624
"(27, 28)",2,dam_as_total_procured__mw__ru__as_caiso,0.14363491535186768,0.1457187533378601
"(27, 28)",2,dam_as_total_procured__mw__rd__as_caiso,0.22831225395202637,0.2324843406677246
"(27, 28)",2,dam_as_total_procured__mw__sr__as_caiso,0.1437234878540039,0.15270894765853882
"(27, 28)",2,dam_as_total_procured__mw__nr__as_caiso,0.20346558094024658,0.20353341102600098
"(27, 32)",2,actual_load__mw__ca_iso_tac,0.6784518957138062,0.6720668077468872
"(27, 32)",2,dam_schedule__mw__generation__caiso_totals,0.6559501886367798,0.6607059836387634
"(27, 32)",2,dam_schedule__mw__import__caiso_totals,0.26161009073257446,0.2631014585494995
"(27, 32)",2,dam_schedule__mw__export__caiso_totals,0.3800002932548523,0.36332738399505615
"(27, 32)",2,dam_lmp__lmp_usd_per_mwh__th_sp15_gen_apnd,0.49653106927871704,0.49870413541793823
"(27, 32)",2,dam_lmp__congestion_usd_per_mwh__th_sp15_gen_apnd,0.1901305913925171,0.15901970863342285
"(27, 32)",2,dam_lmp__loss_usd_per_mwh__th_sp15_gen_apnd,0.3516271710395813,0.3466019034385681
"(27, 32)",2,rt15_lmp_hourly_mean__congestion_usd_per_mwh__th_sp15_gen_apnd,0.13288217782974243,0.12892144918441772
"(27, 32)",2,dam_as_total_procured__mw__ru__as_caiso,0.39305490255355835,0.3882395625114441
"(27, 32)",2,dam_as_total_procured__mw__rd__as_caiso,0.38923072814941406,0.3735535144805908
"(27, 32)",2,dam_as_total_procured__mw__sr__as_caiso,0.06196385622024536,0.06922006607055664
"(27, 32)",2,dam_as_total_procured__mw__nr__as_caiso,0.19522619247436523,0.1972978711128235
"(27, 36)",2,actual_load__mw__ca_iso_tac,0.8024133443832397,0.8143362998962402
"(27, 36)",2,dam_schedule__mw__generation__caiso_totals,0.7064851522445679,0.7271214723587036
"(27, 36)",2,dam_schedule__mw__import__caiso_totals,0.2790703773498535,0.27967482805252075
"(27, 36)",2,dam_schedule__mw__export__caiso_totals,0.4185323119163513,0.41857242584228516
"(27, 36)",2,dam_lmp__lmp_usd_per_mwh__th_sp15_gen_apnd,0.4845014810562134,0.5167344212532043
"(27, 36)",2,dam_lmp__congestion_usd_per_mwh__th_sp15_gen_apnd,0.14076948165893555,0.1588992476463318
"(27, 36)",2,dam_lmp__loss_usd_per_mwh__th_sp15_gen_apnd,0.3877224326133728,0.3839963674545288
"(27, 36)",2,rt15_lmp_hourly_mean__congestion_usd_per_mwh__th_sp15_gen_apnd,0.09241467714309692,0.11829233169555664
"(27, 36)",2,dam_as_total_procured__mw__ru__as_caiso,0.16158908605575562,0.149216890335083
"(27, 36)",2,dam_as_total_procured__mw__rd__as_caiso,0.23453718423843384,0.25322049856185913
"(27, 36)",2,dam_as_total_procured__mw__sr__as_caiso,0.18489080667495728,0.19115114212036133
"(27, 36)",2,dam_as_total_procured__mw__nr__as_caiso,0.47849172353744507,0.4727279543876648
"(27, 40)",2,actual_load__mw__ca_iso_tac,0.6563391089439392,0.6608542203903198
"(27, 40)",2,dam_schedule__mw__generation__caiso_totals,0.6284648180007935,0.64311683177948
"(27, 40)",2,dam_schedule__mw__import__caiso_totals,0.212235689163208,0.22578734159469604
"(27, 40)",2,dam_schedule__mw__export__caiso_totals,0.36900413036346436,0.3519238829612732
"(27, 40)",2,dam_lmp__lmp_usd_per_mwh__th_sp15_gen_apnd,0.48625630140304565,0.5041359663009644
"(27, 40)",2,dam_lmp__congestion_usd_per_mwh__th_sp15_gen_apnd,0.10075730085372925,0.10330754518508911
"(27, 40)",2,dam_lmp__loss_usd_per_mwh__th_sp15_gen_apnd,0.36723238229751587,0.3539164662361145
"(27, 40)",2,rt15_lmp_hourly_mean__congestion_usd_per_mwh__th_sp15_gen_apnd,0.09547513723373413,0.10355240106582642
"(27, 40)",2,dam_as_total_procured__mw__ru__as_caiso,0.10618430376052856,0.09219211339950562
"(27, 40)",2,dam_as_total_procured__mw__rd__as_caiso,0.13040852546691895,0.14630019664764404
"(27, 40)",2,dam_as_total_procured__mw__sr__as_caiso,0.0433732271194458,0.060543715953826904
"(27, 40)",2,dam_as_total_procured__mw__nr__as_caiso,0.19584238529205322,0.19392049312591553
"(28, 29)",2,actual_load__mw__ca_iso_tac,0.8512808084487915,0.8579420447349548
"(28, 29)",2,dam_schedule__mw__generation__caiso_totals,0.8481316566467285,0.8535568714141846
"(28, 29)",2,dam_schedule__mw__import__caiso_totals,0.31948596239089966,0.3268123269081116
"(28, 29)",2,dam_schedule__mw__export__caiso_totals,0.5520909428596497,0.5552651882171631
"(28, 29)",2,dam_lmp__lmp_usd_per_mwh__th_sp15_gen_apnd,0.6725903749465942,0.6916813850402832
"(28, 29)",2,dam_lmp__congestion_usd_per_mwh__th_sp15_gen_apnd,0.25718575716018677,0.27324140071868896
"(28, 29)",2,dam_lmp__loss_usd_per_mwh__th_sp15_gen_apnd,0.3616616725921631,0.3653010129928589
"(28, 29)",2,rt15_lmp_hourly_mean__congestion_usd_per_mwh__th_sp15_gen_apnd,0.2113116979598999,0.2228291630744934
"(28, 29)",2,dam_as_total_procured__mw__ru__as_caiso,0.15664714574813843,0.145971417427063
"(28, 29)",2,dam_as_total_procured__mw__rd__as_caiso,0.377383828163147,0.38473355770111084
"(28, 29)",2,dam_as_total_procured__mw__sr__as_caiso,0.13744771480560303,0.16906285285949707
"(28, 29)",2,dam_as_total_procured__mw__nr__as_caiso,0.21300876140594482,0.21811485290527344
"(28, 33)",2,actual_load__mw__ca_iso_tac,0.8597028255462646,0.857450008392334
"(28, 33)",2,dam_schedule__mw__generation__caiso_totals,0.858552098274231,0.8619657158851624
"(28, 33)",2,dam_schedule__mw__import__caiso_totals,0.27956265211105347,0.28204745054244995
"(28, 33)",2,dam_schedule__mw__export__caiso_totals,0.4811100363731384,0.4866538643836975
"(28, 33)",2,dam_lmp__lmp_usd_per_mwh__th_sp15_gen_apnd,0.5558211207389832,0.569572925567627
"(28, 33)",2,dam_lmp__congestion_usd_per_mwh__th_sp15_gen_apnd,0.3378642201423645,0.330604612827301
"(28, 33)",2,dam_lmp__loss_usd_per_mwh__th_sp15_gen_apnd,0.24776875972747803,0.24742507934570312
"(28, 33)",2,rt15_lmp_hourly_mean__congestion_usd_per_mwh__th_sp15_gen_apnd,0.2432725429534912,0.25118690729141235
"(28, 33)",2,dam_as_total_procured__mw__ru__as_caiso,0.33099645376205444,0.3180431127548218
"(28, 33)",2,dam_as_total_procured__mw__rd__as_caiso,0.748956024646759,0.745269775390625
"(28, 33)",2,dam_as_total_procured__mw__sr__as_caiso,0.11533886194229126,0.13956964015960693
"(28, 33)",2,dam_as_total_procured__mw__nr__as_caiso,0.18973404169082642,0.19057071208953857
"(28, 37)",2,actual_load__mw__ca_iso_tac,0.8699386119842529,0.8748431205749512
"(28, 37)",2,dam_schedule__mw__generation__caiso_totals,0.8252068161964417,0.8332403898239136
"(28, 37)",2,dam_schedule__mw__import__caiso_totals,0.1836952567100525,0.17957466840744019
"(28, 37)",2,dam_schedule__mw__export__caiso_totals,0.44296836853027344,0.4517814517021179
"(28, 37)",2,dam_lmp__lmp_usd_per_mwh__th_sp15_gen_apnd,0.4250558614730835,0.4504358768463135
"(28, 37)",2,dam_lmp__congestion_usd_per_mwh__th_sp15_gen_apnd,0.144781231880188,0.15336447954177856
"(28, 37)",2,dam_lmp__loss_usd_per_mwh__th_sp15_gen_apnd,0.30877602100372314,0.3010578155517578
"(28, 37)",2,rt15_lmp_hourly_mean__congestion_usd_per_mwh__th_sp15_gen_apnd,0.1076250672340393,0.1312628984451294
"(28, 37)",2,dam_as_total_procured__mw__ru__as_caiso,0.14366042613983154,0.14177733659744263
"(28, 37)",2,dam_as_total_procured__mw__rd__as_caiso,0.2247973084449768,0.24253380298614502
"(28, 37)",2,dam_as_total_procured__mw__sr__as_caiso,0.17022186517715454,0.18908607959747314
"(28, 37)",2,dam_as_total_procured__mw__nr__as_caiso,0.46768033504486084,0.47011494636535645
"(28, 41)",2,actual_load__mw__ca_iso_tac,0.8298743367195129,0.8307475447654724
"(28, 41)",2,dam_schedule__mw__generation__caiso_totals,0.843184232711792,0.8482472896575928
"(28, 41)",2,dam_schedule__mw__import__caiso_totals,0.21994274854660034,0.22167879343032837
"(28, 41)",2,dam_schedule__mw__export__caiso_totals,0.5210908651351929,0.5208961963653564
"(28, 41)",2,dam_lmp__lmp_usd_per_mwh__th_sp15_gen_apnd,0.6570053696632385,0.66325843334198
"(28, 41)",2,dam_lmp__congestion_usd_per_mwh__th_sp15_gen_apnd,0.28803783655166626,0.2945401072502136
"(28, 41)",2,dam_lmp__loss_usd_per_mwh__th_sp15_gen_apnd,0.3251636028289795,0.31235671043395996
"(28, 41)",2,rt15_lmp_hourly_mean__congestion_usd_per_mwh__th_sp15_gen_apnd,0.2485969066619873,0.24715912342071533
"(28, 41)",2,dam_as_total_procured__mw__ru__as_caiso,0.18412119150161743,0.1777682900428772
"(28, 41)",2,dam_as_total_procured__mw__rd__as_caiso,0.3808104395866394,0.3848986029624939
"(28, 41)",2,dam_as_total_procured__mw__sr__as_caiso,0.10502856969833374,0.12250405550003052
"(28, 41)",2,dam_as_total_procured__mw__nr__as_caiso,0.19327431917190552,0.19444549083709717
"(29, 31)",2,actual_load__mw__ca_iso_tac,0.3101963400840759,0.32120048999786377
"(29, 31)",2,dam_schedule__mw__generation__caiso_totals,0.270260751247406,0.28647083044052124
"(29, 31)",2,dam_schedule__mw__import__caiso_totals,0.2764735817909241,0.2860901355743408
"(29, 31)",2,dam_schedule__mw__export__caiso_totals,0.1244349479675293,0.13389229774475098
"(29, 31)",2,dam_lmp__lmp_usd_per_mwh__th_sp15_gen_apnd,0.6241022348403931,0.644394040107727
"(29, 31)",2,dam_lmp__congestion_usd_per_mwh__th_sp15_gen_apnd,0.18175703287124634,0.19145065546035767
"(29, 31)",2,dam_lmp__loss_usd_per_mwh__th_sp15_gen_apnd,0.31291043758392334,0.31026697158813477
"(29, 31)",2,rt15_lmp_hourly_mean__congestion_usd_per_mwh__th_sp15_gen_apnd,0.16118991374969482,0.1670246720314026
"(29, 31)",2,dam_as_total_procured__mw__ru__as_caiso,0.08379244804382324,0.07669436931610107
"(29, 31)",2,dam_as_total_procured__mw__rd__as_caiso,0.2267792820930481,0.23163235187530518
"(29, 31)",2,dam_as_total_procured__mw__sr__as_caiso,0.02363872528076172,0.03779035806655884
"(29, 31)",2,dam_as_total_procured__mw__nr__as_caiso,0.08287578821182251,0.10088348388671875
"(29, 35)",2,actual_load__mw__ca_iso_tac,0.559950590133667,0.5762227773666382
"(29, 35)",2,dam_schedule__mw__generation__caiso_totals,0.5098077058792114,0.5227858424186707
"(29, 35)",2,dam_schedule__mw__import__caiso_totals,0.3610345721244812,0.36936020851135254
"(29, 35)",2,dam_schedule__mw__export__caiso_totals,0.2695397734642029,0.28673839569091797
"(29, 35)",2,dam_lmp__lmp_usd_per_mwh__th_sp15_gen_apnd,0.7267259955406189,0.7378432750701904
"(29, 35)",2,dam_lmp__congestion_usd_per_mwh__th_sp15_gen_apnd,0.44060343503952026,0.41774696111679077
"(29, 35)",2,dam_lmp__loss_usd_per_mwh__th_sp15_gen_apnd,0.36885350942611694,0.37312912940979004
"(29, 35)",2,rt15_lmp_hourly_mean__congestion_usd_per_mwh__th_sp15_gen_apnd,0.28415447473526,0.28546732664108276
"(29, 35)",2,dam_as_total_procured__mw__ru__as_caiso,0.41019123792648315,0.4178759455680847
"(29, 35)",2,dam_as_total_procured__mw__rd__as_caiso,0.9781423807144165,0.9769960641860962
"(29, 35)",2,dam_as_total_procured__mw__sr__as_caiso,0.08276188373565674,0.10326629877090454
"(29, 35)",2,dam_as_total_procured__mw__nr__as_caiso,0.14039826393127441,0.14442378282546997
"(29, 39)",2,actual_load__mw__ca_iso_tac,0.37316447496414185,0.3876439929008484
"(29, 39)",2,dam_schedule__mw__generation__caiso_totals,0.34311479330062866,0.36284512281417847
"(29, 39)",2,dam_schedule__mw__import__caiso_totals,0.27785027027130127,0.2901651859283447
"(29, 39)",2,dam_schedule__mw__export__caiso_totals,0.19490545988082886,0.1988440752029419
"(29, 39)",2,dam_lmp__lmp_usd_per_mwh__th_sp15_gen_apnd,0.6462056040763855,0.6688106060028076
"(29, 39)",2,dam_lmp__congestion_usd_per_mwh__th_sp15_gen_apnd,0.21760135889053345,0.2336043119430542
"(29, 39)",2,dam_lmp__loss_usd_per_mwh__th_sp15_gen_apnd,0.3284681439399719,0.32725852727890015
"(29, 39)",2,rt15_lmp_hourly_mean__congestion_usd_per_mwh__th_sp15_gen_apnd,0.19591158628463745,0.21019697189331055
"(29, 39)",2,dam_as_total_procured__mw__ru__as_caiso,0.14529109001159668,0.13344639539718628
"(29, 39)",2,dam_as_total_procured__mw__rd__as_caiso,0.28813785314559937,0.3044986128807068
"(29, 39)",2,dam_as_total_procured__mw__sr__as_caiso,0.054089486598968506,0.06509077548980713
"(29, 39)",2,dam_as_total_procured__mw__nr__as_caiso,0.08652806282043457,0.10912823677062988
"(29, 43)",2,actual_load__mw__ca_iso_tac,0.4165647029876709,0.42234283685684204
"(29, 43)",2,dam_schedule__mw__generation__caiso_totals,0.4007686972618103,0.39786583185195923
"(29, 43)",2,dam_schedule__mw__import__caiso_totals,0.33270376920700073,0.3330042362213135
"(29, 43)",2,dam_schedule__mw__export__caiso_totals,0.20101773738861084,0.20398098230361938
"(29, 43)",2,dam_lmp__lmp_usd_per_mwh__th_sp15_gen_apnd,0.6703972816467285,0.6854088306427002
"(29, 43)",2,dam_lmp__congestion_usd_per_mwh__th_sp15_gen_apnd,0.2636033296585083,0.2639607787132263
"(29, 43)",2,dam_lmp__loss_usd_per_mwh__th_sp15_gen_apnd,0.31980466842651367,0.31753259897232056
"(29, 43)",2,rt15_lmp_hourly_mean__congestion_usd_per_mwh__th_sp15_gen_apnd,0.2373179793357849,0.2396332025527954
"(29, 43)",2,dam_as_total_procured__mw__ru__as_caiso,0.1303805112838745,0.1213914155960083
"(29, 43)",2,dam_as_total_procured__mw__rd__as_caiso,0.3302688002586365,0.347700297832489
"(29, 43)",2,dam_as_total_procured__mw__sr__as_caiso,0.051335155963897705,0.06379365921020508
"(29, 43)",2,dam_as_total_procured__mw__nr__as_caiso,0.08999711275100708,0.10816603899002075
"(30, 34)",2,actual_load__mw__ca_iso_tac,0.07843387126922607,0.07626235485076904
"(30, 34)",2,dam_schedule__mw__generation__caiso_totals,0.1037951111793518,0.10344117879867554
"(30, 34)",2,dam_schedule__mw__import__caiso_totals,0.13013321161270142,0.12941384315490723
"(30, 34)",2,dam_schedule__mw__export__caiso_totals,0.12360799312591553,0.12396937608718872
"(30, 34)",2,dam_lmp__lmp_usd_per_mwh__th_sp15_gen_apnd,0.2739145755767822,0.23954707384109497
"(30, 34)",2,dam_lmp__congestion_usd_per_mwh__th_sp15_gen_apnd,0.2519010305404663,0.22583448886871338
"(30, 34)",2,dam_lmp__loss_usd_per_mwh__th_sp15_gen_apnd,0.007531285285949707,0.008686423301696777
"(30, 34)",2,rt15_lmp_hourly_mean__congestion_usd_per_mwh__th_sp15_gen_apnd,0.14655882120132446,0.1397877335548401
"(30, 34)",2,dam_as_total_procured__mw__ru__as_caiso,0.8399896621704102,0.8331922292709351
"(30, 34)",2,dam_as_total_procured__mw__rd__as_caiso,0.6328355669975281,0.6112974882125854
"(30, 34)",2,dam_as_total_procured__mw__sr__as_caiso,0.03099757432937622,0.03613048791885376
"(30, 34)",2,dam_as_total_procured__mw__nr__as_caiso,0.016962647438049316,0.017475366592407227
"(30, 38)",2,actual_load__mw__ca_iso_tac,0.03931295871734619,0.04433608055114746
"(30, 38)",2,dam_schedule__mw__generation__caiso_totals,0.032342731952667236,0.03373157978057861
"(30, 38)",2,dam_schedule__mw__import__caiso_totals,0.2288804054260254,0.22395581007003784
"(30, 38)",2,dam_schedule__mw__export__caiso_totals,0.048301756381988525,0.05079692602157593
"(30, 38)",2,dam_lmp__lmp_usd_per_mwh__th_sp15_gen_apnd,0.39294636249542236,0.4128347635269165
"(30, 38)",2,dam_lmp__congestion_usd_per_mwh__th_sp15_gen_apnd,0.24293100833892822,0.23778319358825684
"(30, 38)",2,dam_lmp__loss_usd_per_mwh__th_sp15_gen_apnd,0.10886389017105103,0.11487168073654175
"(30, 38)",2,rt15_lmp_hourly_mean__congestion_usd_per_mwh__th_sp15_gen_apnd,0.12426972389221191,0.12430405616760254
"(30, 38)",2,dam_as_total_procured__mw__ru__as_caiso,0.12145847082138062,0.1056169867515564
"(30, 38)",2,dam_as_total_procured__mw__rd__as_caiso,0.36275333166122437,0.3543238043785095
"(30, 38)",2,dam_as_total_procured__mw__sr__as_caiso,0.039040207862854004,0.05417889356613159
"(30, 38)",2,dam_as_total_procured__mw__nr__as_caiso,0.029538869857788086,0.024162709712982178
"(30, 42)",2,actual_load__mw__ca_iso_tac,0.03675264120101929,0.050953209400177
"(30, 42)",2,dam_schedule__mw__generation__caiso_totals,0.03775304555892944,0.04856055974960327
"(30, 42)",2,dam_schedule__mw__import__caiso_totals,0.024543166160583496,0.03544032573699951
"(30, 42)",2,dam_schedule__mw__export__caiso_totals,0.04626190662384033,0.04995381832122803
"(30, 42)",2,dam_lmp__lmp_usd_per_mwh__th_sp15_gen_apnd,0.2209128737449646,0.23397356271743774
"(30, 42)",2,dam_lmp__congestion_usd_per_mwh__th_sp15_gen_apnd,0.08829545974731445,0.0921630859375
"(30, 42)",2,dam_lmp__loss_usd_per_mwh__th_sp15_gen_apnd,0.026105940341949463,0.02474921941757202
"(30, 42)",2,rt15_lmp_hourly_mean__congestion_usd_per_mwh__th_sp15_gen_apnd,0.07884317636489868,0.08267349004745483
"(30, 42)",2,dam_as_total_procured__mw__ru__as_caiso,0.05093872547149658,0.04806387424468994
"(30, 42)",2,dam_as_total_procured__mw__rd__as_caiso,0.09104877710342407,0.10726594924926758
"(30, 42)",2,dam_as_total_procured__mw__sr__as_caiso,0.0,0.009663999080657959
"(30, 42)",2,dam_as_total_procured__mw__nr__as_caiso,0.013948023319244385,0.01175767183303833
"(31, 34)",2,actual_load__mw__ca_iso_tac,0.08006364107131958,0.07638537883758545
"(31, 34)",2,dam_schedule__mw__generation__caiso_totals,0.10436707735061646,0.10334068536758423
"(31, 34)",2,dam_schedule__mw__import__caiso_totals,0.12921559810638428,0.12858492136001587
"(31, 34)",2,dam_schedule__mw__export__caiso_totals,0.1197100281715393,0.12160259485244751
"(31, 34)",2,dam_lmp__lmp_usd_per_mwh__th_sp15_gen_apnd,0.27416253089904785,0.2395871877670288
"(31, 34)",2,dam_lmp__congestion_usd_per_mwh__th_sp15_gen_apnd,0.25158822536468506,0.22473996877670288
"(31, 34)",2,dam_lmp__loss_usd_per_mwh__th_sp15_gen_apnd,0.011380136013031006,0.011573374271392822
"(31, 34)",2,rt15_lmp_hourly_mean__congestion_usd_per_mwh__th_sp15_gen_apnd,0.14702218770980835,0.13956093788146973
"(31, 34)",2,dam_as_total_procured__mw__ru__as_caiso,0.837776243686676,0.8305578231811523
"(31, 34)",2,dam_as_total_procured__mw__rd__as_caiso,0.6305731534957886,0.6097627878189087
"(31, 34)",2,dam_as_total_procured__mw__sr__as_caiso,0.02809673547744751,0.03614729642868042
"(31, 34)",2,dam_as_total_procured__mw__nr__as_caiso,0.016733884811401367,0.018541991710662842
"(31, 38)",2,actual_load__mw__ca_iso_tac,0.03897124528884888,0.04439502954483032
"(31, 38)",2,dam_schedule__mw__generation__caiso_totals,0.03243696689605713,0.033886730670928955
"(31, 38)",2,dam_schedule__mw__import__caiso_totals,0.22876203060150146,0.22382009029388428
"(31, 38)",2,dam_schedule__mw__export__caiso_totals,0.04838550090789795,0.05088651180267334
"(31, 38)",2,dam_lmp__lmp_usd_per_mwh__th_sp15_gen_apnd,0.3936534523963928,0.4136251211166382
"(31, 38)",2,dam_lmp__congestion_usd_per_mwh__th_sp15_gen_apnd,0.24335968494415283,0.23814576864242554
"(31, 38)",2,dam_lmp__loss_usd_per_mwh__th_sp15_gen_apnd,0.10965156555175781,0.11534267663955688
"(31, 38)",2,rt15_lmp_hourly_mean__congestion_usd_per_mwh__th_sp15_gen_apnd,0.12446677684783936,0.12442165613174438
"(31, 38)",2,dam_as_total_procured__mw__ru__as_caiso,0.12210571765899658,0.10571807622909546
"(31, 38)",2,dam_as_total_procured__mw__rd__as_caiso,0.36587023735046387,0.35702401399612427
"(31, 38)",2,dam_as_total_procured__mw__sr__as_caiso,0.03957551717758179,0.05466330051422119
"(31, 38)",2,dam_as_total_procured__mw__nr__as_caiso,0.02917945384979248,0.024509847164154053
"(31, 42)",2,actual_load__mw__ca_iso_tac,0.036418378353118896,0.05088818073272705
"(31, 42)",2,dam_schedule__mw__generation__caiso_totals,0.037287771701812744,0.048456430435180664
"(31, 42)",2,dam_schedule__mw__import__caiso_totals,0.02460503578186035,0.03523510694503784
"(31, 42)",2,dam_schedule__mw__export__caiso_totals,0.04589104652404785,0.04976087808609009
"(31, 42)",2,dam_lmp__lmp_usd_per_mwh__th_sp15_gen_apnd,0.2223779559135437,0.2353348731994629
"(31, 42)",2,dam_lmp__congestion_usd_per_mwh__th_sp15_gen_apnd,0.08933323621749878,0.09307229518890381
"(31, 42)",2,dam_lmp__loss_usd_per_mwh__th_sp15_gen_apnd,0.027968227863311768,0.025655031204223633
"(31, 42)",2,rt15_lmp_hourly_mean__congestion_usd_per_mwh__th_sp15_gen_apnd,0.07913786172866821,0.08305501937866211
"(31, 42)",2,dam_as_total_procured__mw__ru__as_caiso,0.05163383483886719,0.048243165016174316
"(31, 42)",2,dam_as_total_procured__mw__rd__as_caiso,0.09732407331466675,0.11217319965362549
"(31, 42)",2,dam_as_total_procured__mw__sr__as_caiso,0.0,0.010440826416015625
"(31, 42)",2,dam_as_total_procured__mw__nr__as_caiso,0.01344674825668335,0.01198667287826538
"(32, 35)",2,actual_load__mw__ca_iso_tac,0.27780771255493164,0.28321927785873413
"(32, 35)",2,dam_schedule__mw__generation__caiso_totals,0.2909940481185913,0.2854282259941101
"(32, 35)",2,dam_schedule__mw__import__caiso_totals,0.23231184482574463,0.23549950122833252
"(32, 35)",2,dam_schedule__mw__export__caiso_totals,0.21919947862625122,0.230133056640625
"(32, 35)",2,dam_lmp__lmp_usd_per_mwh__th_sp15_gen_apnd,0.4055019021034241,0.38894200325012207
"(32, 35)",2,dam_lmp__congestion_usd_per_mwh__th_sp15_gen_apnd,0.3799675703048706,0.3525981307029724
"(32, 35)",2,dam_lmp__loss_usd_per_mwh__th_sp15_gen_apnd,0.07122814655303955,0.07452130317687988
"(32, 35)",2,rt15_lmp_hourly_mean__congestion_usd_per_mwh__th_sp15_gen_apnd,0.22884678840637207,0.22274553775787354
"(32, 35)",2,dam_as_total_procured__mw__ru__as_caiso,0.5081043839454651,0.5158717632293701
"(32, 35)",2,dam_as_total_procured__mw__rd__as_caiso,0.9788661599159241,0.9770169258117676
"(32, 35)",2,dam_as_total_procured__mw__sr__as_caiso,0.05173534154891968,0.08636665344238281
"(32, 35)",2,dam_as_total_procured__mw__nr__as_caiso,0.07185494899749756,0.06601017713546753
"(32, 39)",2,actual_load__mw__ca_iso_tac,0.06972461938858032,0.07611572742462158
"(32, 39)",2,dam_schedule__mw__generation__caiso_totals,0.10288703441619873,0.11217695474624634
"(32, 39)",2,dam_schedule__mw__import__caiso_totals,0.06081950664520264,0.05949854850769043
"(32, 39)",2,dam_schedule__mw__export__caiso_totals,0.10607266426086426,0.09988337755203247
"(32, 39)",2,dam_lmp__lmp_usd_per_mwh__th_sp15_gen_apnd,0.15179657936096191,0.13191264867782593
"(32, 39)",2,dam_lmp__congestion_usd_per_mwh__th_sp15_gen_apnd,0.13909417390823364,0.11982661485671997
"(32, 39)",2,dam_lmp__loss_usd_per_mwh__th_sp15_gen_apnd,0.028993189334869385,0.01988309621810913
"(32, 39)",2,rt15_lmp_hourly_mean__congestion_usd_per_mwh__th_sp15_gen_apnd,0.0763545036315918,0.061572492122650146
"(32, 39)",2,dam_as_total_procured__mw__ru__as_caiso,0.3696443438529968,0.3720133304595947
"(32, 39)",2,dam_as_total_procured__mw__rd__as_caiso,0.3400881290435791,0.3272970914840698
"(32, 39)",2,dam_as_total_procured__mw__sr__as_caiso,0.022114157676696777,0.029707252979278564
"(32, 39)",2,dam_as_total_procured__mw__nr__as_caiso,0.02583479881286621,0.02570265531539917
"(32, 43)",2,actual_load__mw__ca_iso_tac,0.08655565977096558,0.08927929401397705
"(32, 43)",2,dam_schedule__mw__generation__caiso_totals,0.1265140175819397,0.12670212984085083
"(32, 43)",2,dam_schedule__mw__import__caiso_totals,0.19204926490783691,0.18410509824752808
"(32, 43)",2,dam_schedule__mw__export__caiso_totals,0.13879573345184326,0.13509613275527954
"(32, 43)",2,dam_lmp__lmp_usd_per_mwh__th_sp15_gen_apnd,0.310646653175354,0.31254875659942627
"(32, 43)",2,dam_lmp__congestion_usd_per_mwh__th_sp15_gen_apnd,0.23667657375335693,0.21414047479629517
"(32, 43)",2,dam_lmp__loss_usd_per_mwh__th_sp15_gen_apnd,0.0724261999130249,0.07565474510192871
"(32, 43)",2,rt15_lmp_hourly_mean__congestion_usd_per_mwh__th_sp15_gen_apnd,0.13517898321151733,0.11483597755432129
"(32, 43)",2,dam_as_total_procured__mw__ru__as_caiso,0.3478066921234131,0.35364872217178345
"(32, 43)",2,dam_as_total_procured__mw__rd__as_caiso,0.40552395582199097,0.4124922752380371
"(32, 43)",2,dam_as_total_procured__mw__sr__as_caiso,0.02221459150314331,0.03899550437927246
"(32, 43)",2,dam_as_total_procured__mw__nr__as_caiso,0.01348036527633667,0.019724488258361816
"(33, 37)",2,actual_load__mw__ca_iso_tac,0.5595624446868896,0.5941968560218811
"(33, 37)",2,dam_schedule__mw__generation__caiso_totals,0.49862927198410034,0.5341683030128479
"(33, 37)",2,dam_schedule__mw__import__caiso_totals,0.28716927766799927,0.2850140929222107
"(33, 37)",2,dam_schedule__mw__export__caiso_totals,0.32840317487716675,0.3467886447906494
"(33, 37)",2,dam_lmp__lmp_usd_per_mwh__th_sp15_gen_apnd,0.37393808364868164,0.38677310943603516
"(33, 37)",2,dam_lmp__congestion_usd_per_mwh__th_sp15_gen_apnd,0.3107033967971802,0.2949559688568115
"(33, 37)",2,dam_lmp__loss_usd_per_mwh__th_sp15_gen_apnd,0.031086623668670654,0.05377715826034546
"(33, 37)",2,rt15_lmp_hourly_mean__congestion_usd_per_mwh__th_sp15_gen_apnd,0.1923518180847168,0.19108867645263672
"(33, 37)",2,dam_as_total_procured__mw__ru__as_caiso,0.30335307121276855,0.2934865951538086
"(33, 37)",2,dam_as_total_procured__mw__rd__as_caiso,0.714866042137146,0.71511310338974
"(33, 37)",2,dam_as_total_procured__mw__sr__as_caiso,0.16604405641555786,0.18038886785507202
"(33, 37)",2,dam_as_total_procured__mw__nr__as_caiso,0.46936410665512085,0.4628973603248596
"(33, 41)",2,actual_load__mw__ca_iso_tac,0.22227317094802856,0.2215195894241333
"(33, 41)",2,dam_schedule__mw__generation__caiso_totals,0.19468951225280762,0.18845880031585693
"(33, 41)",2,dam_schedule__mw__import__caiso_totals,0.23893558979034424,0.24889397621154785
"(33, 41)",2,dam_schedule__mw__export__caiso_totals,0.16201311349868774,0.16435933113098145
"(33, 41)",2,dam_lmp__lmp_usd_per_mwh__th_sp15_gen_apnd,0.5747939944267273,0.5753686428070068
"(33, 41)",2,dam_lmp__congestion_usd_per_mwh__th_sp15_gen_apnd,0.3818092942237854,0.37269091606140137
"(33, 41)",2,dam_lmp__loss_usd_per_mwh__th_sp15_gen_apnd,0.17641472816467285,0.16847831010818481
"(33, 41)",2,rt15_lmp_hourly_mean__congestion_usd_per_mwh__th_sp15_gen_apnd,0.2602652907371521,0.25516462326049805
"(33, 41)",2,dam_as_total_procured__mw__ru__as_caiso,0.3002079129219055,0.28220975399017334
"(33, 41)",2,dam_as_total_procured__mw__rd__as_caiso,0.7310562133789062,0.7299031019210815
"(33, 41)",2,dam_as_total_procured__mw__sr__as_caiso,0.03156644105911255,0.05970358848571777
"(33, 41)",2,dam_as_total_procured__mw__nr__as_caiso,0.037555158138275146,0.03429305553436279
"(34, 36)",2,actual_load__mw__ca_iso_tac,0.4620887041091919,0.49193912744522095
"(34, 36)",2,dam_schedule__mw__generation__caiso_totals,0.3970932364463806,0.43249619007110596
"(34, 36)",2,dam_schedule__mw__import__caiso_totals,0.24608957767486572,0.2435699701309204
"(34, 36)",2,dam_schedule__mw__export__caiso_totals,0.29932063817977905,0.3163396716117859
"(34, 36)",2,dam_lmp__lmp_usd_per_mwh__th_sp15_gen_apnd,0.3793896436691284,0.3526848554611206
"(34, 36)",2,dam_lmp__congestion_usd_per_mwh__th_sp15_gen_apnd,0.29986417293548584,0.2654328942298889
"(34, 36)",2,dam_lmp__loss_usd_per_mwh__th_sp15_gen_apnd,0.05659860372543335,0.06033647060394287
"(34, 36)",2,rt15_lmp_hourly_mean__congestion_usd_per_mwh__th_sp15_gen_apnd,0.17179149389266968,0.16791176795959473
"(34, 36)",2,dam_as_total_procured__mw__ru__as_caiso,0.8493611812591553,0.8389240503311157
"(34, 36)",2,dam_as_total_procured__mw__rd__as_caiso,0.6760261654853821,0.662536084651947
"(34, 36)",2,dam_as_total_procured__mw__sr__as_caiso,0.17428511381149292,0.18267256021499634
"(34, 36)",2,dam_as_total_procured__mw__nr__as_caiso,0.4721496105194092,0.4661736488342285
"(34, 40)",2,actual_load__mw__ca_iso_tac,0.09340173006057739,0.0896347165107727
"(34, 40)",2,dam_schedule__mw__generation__caiso_totals,0.11708039045333862,0.11210626363754272
"(34, 40)",2,dam_schedule__mw__import__caiso_totals,0.13416826725006104,0.14822787046432495
"(34, 40)",2,dam_schedule__mw__export__caiso_totals,0.14401161670684814,0.13424831628799438
"(34, 40)",2,dam_lmp__lmp_usd_per_mwh__th_sp15_gen_apnd,0.38257527351379395,0.36258769035339355
"(34, 40)",2,dam_lmp__congestion_usd_per_mwh__th_sp15_gen_apnd,0.2858685255050659,0.26773661375045776
"(34, 40)",2,dam_lmp__loss_usd_per_mwh__th_sp15_gen_apnd,0.060659706592559814,0.057342708110809326
"(34, 40)",2,rt15_lmp_hourly_mean__congestion_usd_per_mwh__th_sp15_gen_apnd,0.16972440481185913,0.17032510042190552
"(34, 40)",2,dam_as_total_procured__mw__ru__as_caiso,0.8395445942878723,0.8329514265060425
"(34, 40)",2,dam_as_total_procured__mw__rd__as_caiso,0.6269981265068054,0.613654375076294
"(34, 40)",2,dam_as_total_procured__mw__sr__as_caiso,0.03730565309524536,0.048865318298339844
"(34, 40)",2,dam_as_total_procured__mw__nr__as_caiso,0.01995152235031128,0.021461308002471924
"(35, 36)",2,actual_load__mw__ca_iso_tac,0.6020146012306213,0.6357133388519287
"(35, 36)",2,dam_schedule__mw__generation__caiso_totals,0.5611020922660828,0.5965365171432495
"(35, 36)",2,dam_schedule__mw__import__caiso_totals,0.3336201310157776,0.32357972860336304
"(35, 36)",2,dam_schedule__mw__export__caiso_totals,0.4063665270805359,0.4257590174674988
"(35, 36)",2,dam_lmp__lmp_usd_per_mwh__th_sp15_gen_apnd,0.47906118631362915,0.47451668977737427
"(35, 36)",2,dam_lmp__congestion_usd_per_mwh__th_sp15_gen_apnd,0.39774876832962036,0.36820071935653687
"(35, 36)",2,dam_lmp__loss_usd_per_mwh__th_sp15_gen_apnd,0.09951591491699219,0.11111629009246826
"(35, 36)",2,rt15_lmp_hourly_mean__congestion_usd_per_mwh__th_sp15_gen_apnd,0.22531068325042725,0.2263973355293274
"(35, 36)",2,dam_as_total_procured__mw__ru__as_caiso,0.42410486936569214,0.4263109564781189
"(35, 36)",2,dam_as_total_procured__mw__rd__as_caiso,0.977094292640686,0.9759819507598877
"(35, 36)",2,dam_as_total_procured__mw__sr__as_caiso,0.17738652229309082,0.1958666443824768
"(35, 36)",2,dam_as_total_procured__mw__nr__as_caiso,0.4693465828895569,0.46617239713668823
"(35, 40)",2,actual_load__mw__ca_iso_tac,0.2670367956161499,0.2782442569732666
"(35, 40)",2,dam_schedule__mw__generation__caiso_totals,0.27270352840423584,0.2690776586532593
"(35, 40)",2,dam_schedule__mw__import__caiso_totals,0.23520570993423462,0.24164223670959473
"(35, 40)",2,dam_schedule__mw__export__caiso_totals,0.2196110486984253,0.22315311431884766
"(35, 40)",2,dam_lmp__lmp_usd_per_mwh__th_sp15_gen_apnd,0.5159492492675781,0.5041689872741699
"(35, 40)",2,dam_lmp__congestion_usd_per_mwh__th_sp15_gen_apnd,0.41562509536743164,0.3892326354980469
"(35, 40)",2,dam_lmp__loss_usd_per_mwh__th_sp15_gen_apnd,0.11774951219558716,0.12196248769760132
"(35, 40)",2,rt15_lmp_hourly_mean__congestion_usd_per_mwh__th_sp15_gen_apnd,0.2518129348754883,0.2521849274635315
"(35, 40)",2,dam_as_total_procured__mw__ru__as_caiso,0.4078218340873718,0.4116858243942261
"(35, 40)",2,dam_as_total_procured__mw__rd__as_caiso,0.9771638512611389,0.9754267334938049
"(35, 40)",2,dam_as_total_procured__mw__sr__as_caiso,0.0576213002204895,0.08653914928436279
"(35, 40)",2,dam_as_total_procured__mw__nr__as_caiso,0.06304717063903809,0.05331254005432129
"(36, 37)",2,actual_load__mw__ca_iso_tac,0.39638423919677734,0.4233516454696655
"(36, 37)",2,dam_schedule__mw__generation__caiso_totals,0.2895379066467285,0.32486480474472046
"(36, 37)",2,dam_schedule__mw__import__caiso_totals,0.09487980604171753,0.09475332498550415
"(36, 37)",2,dam_schedule__mw__export__caiso_totals,0.1897154450416565,0.20764225721359253
"(36, 37)",2,dam_lmp__lmp_usd_per_mwh__th_sp15_gen_apnd,0.08087688684463501,0.08486676216125488
"(36, 37)",2,dam_lmp__congestion_usd_per_mwh__th_sp15_gen_apnd,0.03718006610870361,0.03569692373275757
"(36, 37)",2,dam_lmp__loss_usd_per_mwh__th_sp15_gen_apnd,0.02669668197631836,0.028262972831726074
"(36, 37)",2,rt15_lmp_hourly_mean__congestion_usd_per_mwh__th_sp15_gen_apnd,0.010817885398864746,0.01305168867111206
"(36, 37)",2,dam_as_total_procured__mw__ru__as_caiso,0.012572288513183594,0.012778520584106445
"(36, 37)",2,dam_as_total_procured__mw__rd__as_caiso,0.06404346227645874,0.07456058263778687
"(36, 37)",2,dam_as_total_procured__mw__sr__as_caiso,0.1470586657524109,0.15136831998825073
"(36, 37)",2,dam_as_total_procured__mw__nr__as_caiso,0.4638611078262329,0.4572450518608093
"(36, 41)",2,actual_load__mw__ca_iso_tac,0.4080957770347595,0.4355059266090393
"(36, 41)",2,dam_schedule__mw__generation__caiso_totals,0.30346494913101196,0.33475255966186523
"(36, 41)",2,dam_schedule__mw__import__caiso_totals,0.23350965976715088,0.23490160703659058
"(36, 41)",2,dam_schedule__mw__export__caiso_totals,0.27538275718688965,0.281630277633667
"(36, 41)",2,dam_lmp__lmp_usd_per_mwh__th_sp15_gen_apnd,0.5439357161521912,0.5523648262023926
"(36, 41)",2,dam_lmp__congestion_usd_per_mwh__th_sp15_gen_apnd,0.3086196184158325,0.30902552604675293
"(36, 41)",2,dam_lmp__loss_usd_per_mwh__th_sp15_gen_apnd,0.17190498113632202,0.16599398851394653
"(36, 41)",2,rt15_lmp_hourly_mean__congestion_usd_per_mwh__th_sp15_gen_apnd,0.2194758653640747,0.22911304235458374
"(36, 41)",2,dam_as_total_procured__mw__ru__as_caiso,0.19223707914352417,0.17779821157455444
"(36, 41)",2,dam_as_total_procured__mw__rd__as_caiso,0.3704946041107178,0.3776358366012573
"(36, 41)",2,dam_as_total_procured__mw__sr__as_caiso,0.15987491607666016,0.16391444206237793
"(36, 41)",2,dam_as_total_procured__mw__nr__as_caiso,0.46807563304901123,0.4588695168495178
"(37, 39)",2,actual_load__mw__ca_iso_tac,0.4435279369354248,0.4706369638442993
"(37, 39)",2,dam_schedule__mw__generation__caiso_totals,0.3592156767845154,0.39544063806533813
"(37, 39)",2,dam_schedule__mw__import__caiso_totals,0.11177575588226318,0.11735540628433228
"(37, 39)",2,dam_schedule__mw__export__caiso_totals,0.24297833442687988,0.255776047706604
"(37, 39)",2,dam_lmp__lmp_usd_per_mwh__th_sp15_gen_apnd,0.15302318334579468,0.16376447677612305
"(37, 39)",2,dam_lmp__congestion_usd_per_mwh__th_sp15_gen_apnd,0.0796884298324585,0.08381259441375732
"(37, 39)",2,dam_lmp__loss_usd_per_mwh__th_sp15_gen_apnd,0.06807368993759155,0.06841349601745605
"(37, 39)",2,rt15_lmp_hourly_mean__congestion_usd_per_mwh__th_sp15_gen_apnd,0.023712337017059326,0.02507883310317993
"(37, 39)",2,dam_as_total_procured__mw__ru__as_caiso,0.09603333473205566,0.088795006275177
"(37, 39)",2,dam_as_total_procured__mw__rd__as_caiso,0.14579176902770996,0.16106581687927246
"(37, 39)",2,dam_as_total_procured__mw__sr__as_caiso,0.1626264452934265,0.16756856441497803
"(37, 39)",2,dam_as_total_procured__mw__nr__as_caiso,0.4748309254646301,0.4667828679084778
"(37, 43)",2,actual_load__mw__ca_iso_tac,0.46406060457229614,0.49263978004455566
"(37, 43)",2,dam_schedule__mw__generation__caiso_totals,0.39515936374664307,0.4258626699447632
"(37, 43)",2,dam_schedule__mw__import__caiso_totals,0.2654343247413635,0.24352747201919556
"(37, 43)",2,dam_schedule__mw__export__caiso_totals,0.2952747344970703,0.30520886182785034
"(37, 43)",2,dam_lmp__lmp_usd_per_mwh__th_sp15_gen_apnd,0.28342026472091675,0.30546432733535767
"(37, 43)",2,dam_lmp__congestion_usd_per_mwh__th_sp15_gen_apnd,0.18910646438598633,0.1829645037651062
"(37, 43)",2,dam_lmp__loss_usd_per_mwh__th_sp15_gen_apnd,0.08526331186294556,0.09317249059677124
"(37, 43)",2,rt15_lmp_hourly_mean__congestion_usd_per_mwh__th_sp15_gen_apnd,0.08240532875061035,0.07719719409942627
"(37, 43)",2,dam_as_total_procured__mw__ru__as_caiso,0.07137429714202881,0.0740121603012085
"(37, 43)",2,dam_as_total_procured__mw__rd__as_caiso,0.22192877531051636,0.244473397731781
"(37, 43)",2,dam_as_total_procured__mw__sr__as_caiso,0.17106586694717407,0.17976677417755127
"(37, 43)",2,dam_as_total_procured__mw__nr__as_caiso,0.46762311458587646,0.4628828763961792
"(38, 42)",2,actual_load__mw__ca_iso_tac,0.07984250783920288,0.098976731300354
"(38, 42)",2,dam_schedule__mw__generation__caiso_totals,0.07114905118942261,0.08689099550247192
"(38, 42)",2,dam_schedule__mw__import__caiso_totals,0.23128724098205566,0.22782927751541138
"(38, 42)",2,dam_schedule__mw__export__caiso_totals,0.08518141508102417,0.0932912826538086
"(38, 42)",2,dam_lmp__lmp_usd_per_mwh__th_sp15_gen_apnd,0.49015045166015625,0.5048260688781738
"(38, 42)",2,dam_lmp__congestion_usd_per_mwh__th_sp15_gen_apnd,0.2699693441390991,0.26229679584503174
"(38, 42)",2,dam_lmp__loss_usd_per_mwh__th_sp15_gen_apnd,0.11932605504989624,0.11940568685531616
"(38, 42)",2,rt15_lmp_hourly_mean__congestion_usd_per_mwh__th_sp15_gen_apnd,0.1635364294052124,0.16142135858535767
"(38, 42)",2,dam_as_total_procured__mw__ru__as_caiso,0.13509827852249146,0.11873245239257812
"(38, 42)",2,dam_as_total_procured__mw__rd__as_caiso,0.3864177465438843,0.3802937865257263
"(38, 42)",2,dam_as_total_procured__mw__sr__as_caiso,0.043399930000305176,0.060658037662506104
"(38, 42)",2,dam_as_total_procured__mw__nr__as_caiso,0.04424053430557251,0.03909999132156372
"(39, 42)",2,actual_load__mw__ca_iso_tac,0.044786691665649414,0.07352930307388306
"(39, 42)",2,dam_schedule__mw__generation__caiso_totals,0.06207764148712158,0.08959007263183594
"(39, 42)",2,dam_schedule__mw__import__caiso_totals,0.03245842456817627,0.045684218406677246
"(39, 42)",2,dam_schedule__mw__export__caiso_totals,0.07572180032730103,0.08399224281311035
"(39, 42)",2,dam_lmp__lmp_usd_per_mwh__th_sp15_gen_apnd,0.2573893070220947,0.2703567147254944
"(39, 42)",2,dam_lmp__congestion_usd_per_mwh__th_sp15_gen_apnd,0.10881578922271729,0.11515939235687256
"(39, 42)",2,dam_lmp__loss_usd_per_mwh__th_sp15_gen_apnd,0.04427677392959595,0.03809875249862671
"(39, 42)",2,rt15_lmp_hourly_mean__congestion_usd_per_mwh__th_sp15_gen_apnd,0.08175903558731079,0.08381795883178711
"(39, 42)",2,dam_as_total_procured__mw__ru__as_caiso,0.11165255308151245,0.10293656587600708
"(39, 42)",2,dam_as_total_procured__mw__rd__as_caiso,0.15424323081970215,0.17015177011489868
"(39, 42)",2,dam_as_total_procured__mw__sr__as_caiso,0.0154799222946167,0.026860415935516357
"(39, 42)",2,dam_as_total_procured__mw__nr__as_caiso,0.01142948865890503,0.016064226627349854
"(40, 43)",2,actual_load__mw__ca_iso_tac,0.05273008346557617,0.04836249351501465
"(40, 43)",2,dam_schedule__mw__generation__caiso_totals,0.0871623158454895,0.07266652584075928
"(40, 43)",2,dam_schedule__mw__import__caiso_totals,0.1591549515724182,0.16443729400634766
"(40, 43)",2,dam_schedule__mw__export__caiso_totals,0.10511624813079834,0.09022992849349976
"(40, 43)",2,dam_lmp__lmp_usd_per_mwh__th_sp15_gen_apnd,0.33394771814346313,0.3606179356575012
"(40, 43)",2,dam_lmp__congestion_usd_per_mwh__th_sp15_gen_apnd,0.18065136671066284,0.17984211444854736
"(40, 43)",2,dam_lmp__loss_usd_per_mwh__th_sp15_gen_apnd,0.08793270587921143,0.09208464622497559
"(40, 43)",2,rt15_lmp_hourly_mean__congestion_usd_per_mwh__th_sp15_gen_apnd,0.08976173400878906,0.08627867698669434
"(40, 43)",2,dam_as_total_procured__mw__ru__as_caiso,0.06671804189682007,0.06422942876815796
"(40, 43)",2,dam_as_total_procured__mw__rd__as_caiso,0.18159639835357666,0.20951014757156372
"(40, 43)",2,dam_as_total_procured__mw__sr__as_caiso,0.01591426134109497,0.03304320573806763
"(40, 43)",2,dam_as_total_procured__mw__nr__as_caiso,0.0,0.0
