S,size,conf,v_audit,v_full
"(3,)",1,actual_load__mw__ca_iso_tac,0.7646777033805847,0.7615562677383423
"(3,)",1,dam_schedule__mw__generation__caiso_totals,0.723778486251831,0.732674241065979
"(3,)",1,dam_schedule__mw__import__caiso_totals,0.1577278971672058,0.16061514616012573
"(3,)",1,dam_schedule__mw__export__caiso_totals,0.37341493368148804,0.3656579852104187
"(3,)",1,dam_lmp__lmp_usd_per_mwh__th_sp15_gen_apnd,0.41817736625671387,0.4313792586326599
"(3,)",1,dam_lmp__congestion_usd_per_mwh__th_sp15_gen_apnd,0.07361578941345215,0.07256454229354858
"(3,)",1,dam_lmp__loss_usd_per_mwh__th_sp15_gen_apnd,0.3364015221595764,0.3286832571029663
"(3,)",1,rt15_lmp_hourly_mean__congestion_usd_per_mwh__th_sp15_gen_apnd,0.08902186155319214,0.10404670238494873
"(3,)",1,dam_as_total_procured__mw__ru__as_caiso,0.071952223777771,0.06713682413101196
"(3,)",1,dam_as_total_procured__mw__rd__as_caiso,0.10862797498703003,0.11330288648605347
"(3,)",1,dam_as_total_procured__mw__sr__as_caiso,0.06079387664794922,0.06918859481811523
"(3,)",1,dam_as_total_procured__mw__nr__as_caiso,0.2088388204574585,0.21225911378860474
"(7,)",1,actual_load__mw__ca_iso_tac,0.2192399501800537,0.22093987464904785
"(7,)",1,dam_schedule__mw__generation__caiso_totals,0.25129520893096924,0.25362247228622437
"(7,)",1,dam_schedule__mw__import__caiso_totals,0.264815092086792,0.26446157693862915
"(7,)",1,dam_schedule__mw__export__caiso_totals,0.2988475561141968,0.31230878829956055
"(7,)",1,dam_lmp__lmp_usd_per_mwh__th_sp15_gen_apnd,0.5043009519577026,0.5138134956359863
"(7,)",1,dam_lmp__congestion_usd_per_mwh__th_sp15_gen_apnd,0.3781823515892029,0.3739693760871887
"(7,)",1,dam_lmp__loss_usd_per_mwh__th_sp15_gen_apnd,0.15143805742263794,0.13010722398757935
"(7,)",1,rt15_lmp_hourly_mean__congestion_usd_per_mwh__th_sp15_gen_apnd,0.2724462151527405,0.2708871364593506
"(7,)",1,dam_as_total_procured__mw__ru__as_caiso,0.31958335638046265,0.30694764852523804
"(7,)",1,dam_as_total_procured__mw__rd__as_caiso,0.6808812022209167,0.6732063293457031
"(7,)",1,dam_as_total_procured__mw__sr__as_caiso,0.06902426481246948,0.10786360502243042
"(7,)",1,dam_as_total_procured__mw__nr__as_caiso,0.03553414344787598,0.038174211978912354
"(11,)",1,actual_load__mw__ca_iso_tac,0.1398274302482605,0.14805752038955688
"(11,)",1,dam_schedule__mw__generation__caiso_totals,0.17315208911895752,0.17421483993530273
"(11,)",1,dam_schedule__mw__import__caiso_totals,0.2644016146659851,0.2624947428703308
"(11,)",1,dam_schedule__mw__export__caiso_totals,0.24044108390808105,0.2518160343170166
"(11,)",1,dam_lmp__lmp_usd_per_mwh__th_sp15_gen_apnd,0.4920167922973633,0.4938998818397522
"(11,)",1,dam_lmp__congestion_usd_per_mwh__th_sp15_gen_apnd,0.38653630018234253,0.3759165406227112
"(11,)",1,dam_lmp__loss_usd_per_mwh__th_sp15_gen_apnd,0.08745020627975464,0.08316034078598022
"(11,)",1,rt15_lmp_hourly_mean__congestion_usd_per_mwh__th_sp15_gen_apnd,0.23031765222549438,0.23296350240707397
"(11,)",1,dam_as_total_procured__mw__ru__as_caiso,0.3766970634460449,0.35922831296920776
"(11,)",1,dam_as_total_procured__mw__rd__as_caiso,0.7325098514556885,0.7209010124206543
"(11,)",1,dam_as_total_procured__mw__sr__as_caiso,0.0744888186454773,0.10684531927108765
"(11,)",1,dam_as_total_procured__mw__nr__as_caiso,0.0069075822830200195,0.015382349491119385
"(15,)",1,actual_load__mw__ca_iso_tac,0.08553266525268555,0.08990907669067383
"(15,)",1,dam_schedule__mw__generation__caiso_totals,0.11757230758666992,0.11607807874679565
"(15,)",1,dam_schedule__mw__import__caiso_totals,0.292797327041626,0.29107993841171265
"(15,)",1,dam_schedule__mw__export__caiso_totals,0.22002315521240234,0.2289438247680664
"(15,)",1,dam_lmp__lmp_usd_per_mwh__th_sp15_gen_apnd,0.5967786312103271,0.592361330986023
"(15,)",1,dam_lmp__congestion_usd_per_mwh__th_sp15_gen_apnd,0.44522392749786377,0.4305657744407654
"(15,)",1,dam_lmp__loss_usd_per_mwh__th_sp15_gen_apnd,0.1801348328590393,0.1670573353767395
"(15,)",1,rt15_lmp_hourly_mean__congestion_usd_per_mwh__th_sp15_gen_apnd,0.2581527829170227,0.25591403245925903
"(15,)",1,dam_as_total_procured__mw__ru__as_caiso,0.39416003227233887,0.3790242671966553
"(15,)",1,dam_as_total_procured__mw__rd__as_caiso,0.7449157238006592,0.7281657457351685
"(15,)",1,dam_as_total_procured__mw__sr__as_caiso,0.06348109245300293,0.09323912858963013
"(15,)",1,dam_as_total_procured__mw__nr__as_caiso,0.02725154161453247,0.027985870838165283
"(19,)",1,actual_load__mw__ca_iso_tac,0.12771570682525635,0.1396123766899109
"(19,)",1,dam_schedule__mw__generation__caiso_totals,0.12447667121887207,0.14178311824798584
"(19,)",1,dam_schedule__mw__import__caiso_totals,0.24943089485168457,0.2571403384208679
"(19,)",1,dam_schedule__mw__export__caiso_totals,0.08754867315292358,0.08844953775405884
"(19,)",1,dam_lmp__lmp_usd_per_mwh__th_sp15_gen_apnd,0.9568653702735901,0.9567927122116089
"(19,)",1,dam_lmp__congestion_usd_per_mwh__th_sp15_gen_apnd,0.3177824020385742,0.31440114974975586
"(19,)",1,dam_lmp__loss_usd_per_mwh__th_sp15_gen_apnd,0.4202159643173218,0.4348505139350891
"(19,)",1,rt15_lmp_hourly_mean__congestion_usd_per_mwh__th_sp15_gen_apnd,0.2809475064277649,0.2583951950073242
"(19,)",1,dam_as_total_procured__mw__ru__as_caiso,0.1635761857032776,0.14145857095718384
"(19,)",1,dam_as_total_procured__mw__rd__as_caiso,0.34300798177719116,0.344632625579834
"(19,)",1,dam_as_total_procured__mw__sr__as_caiso,0.024863779544830322,0.026726603507995605
"(19,)",1,dam_as_total_procured__mw__nr__as_caiso,0.0247839093208313,0.03628629446029663
"(23,)",1,actual_load__mw__ca_iso_tac,0.07972639799118042,0.08697491884231567
"(23,)",1,dam_schedule__mw__generation__caiso_totals,0.054605066776275635,0.06964588165283203
"(23,)",1,dam_schedule__mw__import__caiso_totals,0.21900922060012817,0.22362172603607178
"(23,)",1,dam_schedule__mw__export__caiso_totals,0.04489237070083618,0.05054515600204468
"(23,)",1,dam_lmp__lmp_usd_per_mwh__th_sp15_gen_apnd,0.8612933158874512,0.8663904070854187
"(23,)",1,dam_lmp__congestion_usd_per_mwh__th_sp15_gen_apnd,0.3845457434654236,0.3853347897529602
"(23,)",1,dam_lmp__loss_usd_per_mwh__th_sp15_gen_apnd,0.3110743761062622,0.3158310651779175
"(23,)",1,rt15_lmp_hourly_mean__congestion_usd_per_mwh__th_sp15_gen_apnd,0.4289676547050476,0.4284207820892334
"(23,)",1,dam_as_total_procured__mw__ru__as_caiso,0.1735171675682068,0.15234637260437012
"(23,)",1,dam_as_total_procured__mw__rd__as_caiso,0.36781740188598633,0.37108170986175537
"(23,)",1,dam_as_total_procured__mw__sr__as_caiso,0.014968037605285645,0.02046126127243042
"(23,)",1,dam_as_total_procured__mw__nr__as_caiso,0.003565669059753418,0.008373260498046875
"(27,)",1,actual_load__mw__ca_iso_tac,0.6440239548683167,0.6442970037460327
"(27,)",1,dam_schedule__mw__generation__caiso_totals,0.607823371887207,0.6174164414405823
"(27,)",1,dam_schedule__mw__import__caiso_totals,0.20553749799728394,0.2045167088508606
"(27,)",1,dam_schedule__mw__export__caiso_totals,0.3420550227165222,0.3297901749610901
"(27,)",1,dam_lmp__lmp_usd_per_mwh__th_sp15_gen_apnd,0.3832433223724365,0.4006565809249878
"(27,)",1,dam_lmp__congestion_usd_per_mwh__th_sp15_gen_apnd,0.05242711305618286,0.04919785261154175
"(27,)",1,dam_lmp__loss_usd_per_mwh__th_sp15_gen_apnd,0.345763623714447,0.33755701780319214
"(27,)",1,rt15_lmp_hourly_mean__congestion_usd_per_mwh__th_sp15_gen_apnd,0.06275564432144165,0.06791746616363525
"(27,)",1,dam_as_total_procured__mw__ru__as_caiso,0.07950735092163086,0.070931077003479
"(27,)",1,dam_as_total_procured__mw__rd__as_caiso,0.10675656795501709,0.10383868217468262
"(27,)",1,dam_as_total_procured__mw__sr__as_caiso,0.03616654872894287,0.04269373416900635
"(27,)",1,dam_as_total_procured__mw__nr__as_caiso,0.18720680475234985,0.19065117835998535
"(31,)",1,actual_load__mw__ca_iso_tac,0.0,0.0
"(31,)",1,dam_schedule__mw__generation__caiso_totals,0.0,0.0
"(31,)",1,dam_schedule__mw__import__caiso_totals,0.0,0.0
"(31,)",1,dam_schedule__mw__export__caiso_totals,0.0,0.0
"(31,)",1,dam_lmp__lmp_usd_per_mwh__th_sp15_gen_apnd,0.00021076202392578125,0.0002523064613342285
"(31,)",1,dam_lmp__congestion_usd_per_mwh__th_sp15_gen_apnd,0.00013631582260131836,0.0003376603126525879
"(31,)",1,dam_lmp__loss_usd_per_mwh__th_sp15_gen_apnd,0.0005164742469787598,0.0
"(31,)",1,rt15_lmp_hourly_mean__congestion_usd_per_mwh__th_sp15_gen_apnd,0.0,0.0
"(31,)",1,dam_as_total_procured__mw__ru__as_caiso,0.0003927946090698242,0.0
"(31,)",1,dam_as_total_procured__mw__rd__as_caiso,0.002221345901489258,0.002586960792541504
"(31,)",1,dam_as_total_procured__mw__sr__as_caiso,0.0,0.0006120800971984863
"(31,)",1,dam_as_total_procured__mw__nr__as_caiso,0.0,0.0005121827125549316
"(35,)",1,actual_load__mw__ca_iso_tac,0.2591668367385864,0.26793599128723145
"(35,)",1,dam_schedule__mw__generation__caiso_totals,0.27105891704559326,0.26563072204589844
"(35,)",1,dam_schedule__mw__import__caiso_totals,0.23111361265182495,0.2284550666809082
"(35,)",1,dam_schedule__mw__export__caiso_totals,0.20106089115142822,0.21250027418136597
"(35,)",1,dam_lmp__lmp_usd_per_mwh__th_sp15_gen_apnd,0.4099663496017456,0.38933390378952026
"(35,)",1,dam_lmp__congestion_usd_per_mwh__th_sp15_gen_apnd,0.3850463628768921,0.3522300720214844
"(35,)",1,dam_lmp__loss_usd_per_mwh__th_sp15_gen_apnd,0.0639076828956604,0.06692487001419067
"(35,)",1,rt15_lmp_hourly_mean__congestion_usd_per_mwh__th_sp15_gen_apnd,0.22483575344085693,0.2206527590751648
"(35,)",1,dam_as_total_procured__mw__ru__as_caiso,0.4086577296257019,0.4099615216255188
"(35,)",1,dam_as_total_procured__mw__rd__as_caiso,0.9790879487991333,0.9775118231773376
"(35,)",1,dam_as_total_procured__mw__sr__as_caiso,0.05062103271484375,0.08114904165267944
"(35,)",1,dam_as_total_procured__mw__nr__as_caiso,0.04859435558319092,0.044865310192108154
"(39,)",1,actual_load__mw__ca_iso_tac,0.013016879558563232,0.026253163814544678
"(39,)",1,dam_schedule__mw__generation__caiso_totals,0.03280073404312134,0.04751008749008179
"(39,)",1,dam_schedule__mw__import__caiso_totals,0.009329915046691895,0.012798309326171875
"(39,)",1,dam_schedule__mw__export__caiso_totals,0.04169416427612305,0.04611140489578247
"(39,)",1,dam_lmp__lmp_usd_per_mwh__th_sp15_gen_apnd,0.06930285692214966,0.06956124305725098
"(39,)",1,dam_lmp__congestion_usd_per_mwh__th_sp15_gen_apnd,0.03559595346450806,0.039518773555755615
"(39,)",1,dam_lmp__loss_usd_per_mwh__th_sp15_gen_apnd,0.021708905696868896,0.01731950044631958
"(39,)",1,rt15_lmp_hourly_mean__congestion_usd_per_mwh__th_sp15_gen_apnd,0.009110808372497559,0.008823871612548828
"(39,)",1,dam_as_total_procured__mw__ru__as_caiso,0.07690632343292236,0.07132863998413086
"(39,)",1,dam_as_total_procured__mw__rd__as_caiso,0.0803520679473877,0.08939176797866821
"(39,)",1,dam_as_total_procured__mw__sr__as_caiso,0.015839874744415283,0.02194315195083618
"(39,)",1,dam_as_total_procured__mw__nr__as_caiso,0.0,0.0017430782318115234
"(43,)",1,actual_load__mw__ca_iso_tac,0.047999441623687744,0.045193612575531006
"(43,)",1,dam_schedule__mw__generation__caiso_totals,0.08179354667663574,0.07100528478622437
"(43,)",1,dam_schedule__mw__import__caiso_totals,0.15944522619247437,0.15599602460861206
"(43,)",1,dam_schedule__mw__export__caiso_totals,0.09377872943878174,0.08571100234985352
"(43,)",1,dam_lmp__lmp_usd_per_mwh__th_sp15_gen_apnd,0.24407249689102173,0.26498204469680786
"(43,)",1,dam_lmp__congestion_usd_per_mwh__th_sp15_gen_apnd,0.15509146451950073,0.15203124284744263
"(43,)",1,dam_lmp__loss_usd_per_mwh__th_sp15_gen_apnd,0.06180167198181152,0.06543326377868652
"(43,)",1,rt15_lmp_hourly_mean__congestion_usd_per_mwh__th_sp15_gen_apnd,0.07233238220214844,0.06350058317184448
"(43,)",1,dam_as_total_procured__mw__ru__as_caiso,0.048350632190704346,0.04886060953140259
"(43,)",1,dam_as_total_procured__mw__rd__as_caiso,0.17107462882995605,0.195872962474823
"(43,)",1,dam_as_total_procured__mw__sr__as_caiso,0.01739668846130371,0.0313987135887146
"(43,)",1,dam_as_total_procured__mw__nr__as_caiso,0.0,0.0
"(0, 4)",2,actual_load__mw__ca_iso_tac,0.7582446336746216,0.7644988894462585
"(0, 4)",2,dam_schedule__mw__generation__caiso_totals,0.7801846265792847,0.78807532787323
"(0, 4)",2,dam_schedule__mw__import__caiso_totals,0.28000408411026,0.27676624059677124
"(0, 4)",2,dam_schedule__mw__export__caiso_totals,0.6278737783432007,0.6138414740562439
"(0, 4)",2,dam_lmp__lmp_usd_per_mwh__th_sp15_gen_apnd,0.503469705581665,0.5404318571090698
"(0, 4)",2,dam_lmp__congestion_usd_per_mwh__th_sp15_gen_apnd,0.14803463220596313,0.18071657419204712
"(0, 4)",2,dam_lmp__loss_usd_per_mwh__th_sp15_gen_apnd,0.38000035285949707,0.3785628080368042
"(0, 4)",2,rt15_lmp_hourly_mean__congestion_usd_per_mwh__th_sp15_gen_apnd,0.13771378993988037,0.1528969407081604
"(0, 4)",2,dam_as_total_procured__mw__ru__as_caiso,0.14617878198623657,0.1391046643257141
"(0, 4)",2,dam_as_total_procured__mw__rd__as_caiso,0.29674386978149414,0.3035860061645508
"(0, 4)",2,dam_as_total_procured__mw__sr__as_caiso,0.06996166706085205,0.09525197744369507
"(0, 4)",2,dam_as_total_procured__mw__nr__as_caiso,0.2183493971824646,0.22004848718643188
"(0, 8)",2,actual_load__mw__ca_iso_tac,0.6285143494606018,0.626854419708252
"(0, 8)",2,dam_schedule__mw__generation__caiso_totals,0.572506308555603,0.5898910760879517
"(0, 8)",2,dam_schedule__mw__import__caiso_totals,0.22582322359085083,0.21990501880645752
"(0, 8)",2,dam_schedule__mw__export__caiso_totals,0.3212568163871765,0.3247150182723999
"(0, 8)",2,dam_lmp__lmp_usd_per_mwh__th_sp15_gen_apnd,0.4785963296890259,0.4996548295021057
"(0, 8)",2,dam_lmp__congestion_usd_per_mwh__th_sp15_gen_apnd,0.11084997653961182,0.11641734838485718
"(0, 8)",2,dam_lmp__loss_usd_per_mwh__th_sp15_gen_apnd,0.42106711864471436,0.4258168935775757
"(0, 8)",2,rt15_lmp_hourly_mean__congestion_usd_per_mwh__th_sp15_gen_apnd,0.09695392847061157,0.11333447694778442
"(0, 8)",2,dam_as_total_procured__mw__ru__as_caiso,0.09417480230331421,0.09072518348693848
"(0, 8)",2,dam_as_total_procured__mw__rd__as_caiso,0.1409105658531189,0.14889919757843018
"(0, 8)",2,dam_as_total_procured__mw__sr__as_caiso,0.05180644989013672,0.058585405349731445
"(0, 8)",2,dam_as_total_procured__mw__nr__as_caiso,0.21578484773635864,0.2271365523338318
"(0, 12)",2,actual_load__mw__ca_iso_tac,0.6364732980728149,0.6320316195487976
"(0, 12)",2,dam_schedule__mw__generation__caiso_totals,0.5769938230514526,0.591009259223938
"(0, 12)",2,dam_schedule__mw__import__caiso_totals,0.23275399208068848,0.23107165098190308
"(0, 12)",2,dam_schedule__mw__export__caiso_totals,0.30280601978302,0.29957276582717896
"(0, 12)",2,dam_lmp__lmp_usd_per_mwh__th_sp15_gen_apnd,0.463742733001709,0.49016350507736206
"(0, 12)",2,dam_lmp__congestion_usd_per_mwh__th_sp15_gen_apnd,0.08624738454818726,0.09203106164932251
"(0, 12)",2,dam_lmp__loss_usd_per_mwh__th_sp15_gen_apnd,0.3727360963821411,0.3671342134475708
"(0, 12)",2,rt15_lmp_hourly_mean__congestion_usd_per_mwh__th_sp15_gen_apnd,0.09465289115905762,0.10832995176315308
"(0, 12)",2,dam_as_total_procured__mw__ru__as_caiso,0.09355592727661133,0.08029192686080933
"(0, 12)",2,dam_as_total_procured__mw__rd__as_caiso,0.1447993516921997,0.14813482761383057
"(0, 12)",2,dam_as_total_procured__mw__sr__as_caiso,0.04841679334640503,0.055027663707733154
"(0, 12)",2,dam_as_total_procured__mw__nr__as_caiso,0.20438450574874878,0.21150153875350952
"(0, 16)",2,actual_load__mw__ca_iso_tac,0.6404898166656494,0.6371408104896545
"(0, 16)",2,dam_schedule__mw__generation__caiso_totals,0.5704567432403564,0.5891232490539551
"(0, 16)",2,dam_schedule__mw__import__caiso_totals,0.21973443031311035,0.2181236743927002
"(0, 16)",2,dam_schedule__mw__export__caiso_totals,0.3191699981689453,0.3065904974937439
"(0, 16)",2,dam_lmp__lmp_usd_per_mwh__th_sp15_gen_apnd,0.4943004846572876,0.5239514112472534
"(0, 16)",2,dam_lmp__congestion_usd_per_mwh__th_sp15_gen_apnd,0.09312552213668823,0.10511231422424316
"(0, 16)",2,dam_lmp__loss_usd_per_mwh__th_sp15_gen_apnd,0.38408058881759644,0.3810619115829468
"(0, 16)",2,rt15_lmp_hourly_mean__congestion_usd_per_mwh__th_sp15_gen_apnd,0.09279763698577881,0.10645520687103271
"(0, 16)",2,dam_as_total_procured__mw__ru__as_caiso,0.10811662673950195,0.1043083667755127
"(0, 16)",2,dam_as_total_procured__mw__rd__as_caiso,0.1493416428565979,0.16010087728500366
"(0, 16)",2,dam_as_total_procured__mw__sr__as_caiso,0.04602259397506714,0.060641586780548096
"(0, 16)",2,dam_as_total_procured__mw__nr__as_caiso,0.2128881812095642,0.22159749269485474
"(0, 20)",2,actual_load__mw__ca_iso_tac,0.690642237663269,0.6832990646362305
"(0, 20)",2,dam_schedule__mw__generation__caiso_totals,0.6343410015106201,0.6452410221099854
"(0, 20)",2,dam_schedule__mw__import__caiso_totals,0.2610914707183838,0.2661970257759094
"(0, 20)",2,dam_schedule__mw__export__caiso_totals,0.39566171169281006,0.3884351849555969
"(0, 20)",2,dam_lmp__lmp_usd_per_mwh__th_sp15_gen_apnd,0.7970598936080933,0.7973612546920776
"(0, 20)",2,dam_lmp__congestion_usd_per_mwh__th_sp15_gen_apnd,0.17481935024261475,0.16310721635818481
"(0, 20)",2,dam_lmp__loss_usd_per_mwh__th_sp15_gen_apnd,0.48637938499450684,0.48980069160461426
"(0, 20)",2,rt15_lmp_hourly_mean__congestion_usd_per_mwh__th_sp15_gen_apnd,0.15413737297058105,0.1401371955871582
"(0, 20)",2,dam_as_total_procured__mw__ru__as_caiso,0.15384310483932495,0.14172053337097168
"(0, 20)",2,dam_as_total_procured__mw__rd__as_caiso,0.28645890951156616,0.29670602083206177
"(0, 20)",2,dam_as_total_procured__mw__sr__as_caiso,0.09341549873352051,0.0982242226600647
"(0, 20)",2,dam_as_total_procured__mw__nr__as_caiso,0.24450135231018066,0.2434178590774536
"(0, 24)",2,actual_load__mw__ca_iso_tac,0.7249252200126648,0.7233234643936157
"(0, 24)",2,dam_schedule__mw__generation__caiso_totals,0.6662483215332031,0.6761282682418823
"(0, 24)",2,dam_schedule__mw__import__caiso_totals,0.28074634075164795,0.28476953506469727
"(0, 24)",2,dam_schedule__mw__export__caiso_totals,0.39321279525756836,0.3915511965751648
"(0, 24)",2,dam_lmp__lmp_usd_per_mwh__th_sp15_gen_apnd,0.8250303864479065,0.8407407999038696
"(0, 24)",2,dam_lmp__congestion_usd_per_mwh__th_sp15_gen_apnd,0.4081791639328003,0.4073653817176819
"(0, 24)",2,dam_lmp__loss_usd_per_mwh__th_sp15_gen_apnd,0.4058191180229187,0.41353845596313477
"(0, 24)",2,rt15_lmp_hourly_mean__congestion_usd_per_mwh__th_sp15_gen_apnd,0.4217594861984253,0.4184284806251526
"(0, 24)",2,dam_as_total_procured__mw__ru__as_caiso,0.1706288456916809,0.15368008613586426
"(0, 24)",2,dam_as_total_procured__mw__rd__as_caiso,0.3887956738471985,0.3990212082862854
"(0, 24)",2,dam_as_total_procured__mw__sr__as_caiso,0.08394169807434082,0.09227889776229858
"(0, 24)",2,dam_as_total_procured__mw__nr__as_caiso,0.24269640445709229,0.2369067668914795
"(0, 28)",2,actual_load__mw__ca_iso_tac,0.851594865322113,0.8487340211868286
"(0, 28)",2,dam_schedule__mw__generation__caiso_totals,0.832787036895752,0.838821291923523
"(0, 28)",2,dam_schedule__mw__import__caiso_totals,0.2810991406440735,0.2741627097129822
"(0, 28)",2,dam_schedule__mw__export__caiso_totals,0.4832937717437744,0.49129021167755127
"(0, 28)",2,dam_lmp__lmp_usd_per_mwh__th_sp15_gen_apnd,0.560912013053894,0.5823826789855957
"(0, 28)",2,dam_lmp__congestion_usd_per_mwh__th_sp15_gen_apnd,0.2084828019142151,0.20465564727783203
"(0, 28)",2,dam_lmp__loss_usd_per_mwh__th_sp15_gen_apnd,0.4114985466003418,0.39914149045944214
"(0, 28)",2,rt15_lmp_hourly_mean__congestion_usd_per_mwh__th_sp15_gen_apnd,0.14150989055633545,0.161548912525177
"(0, 28)",2,dam_as_total_procured__mw__ru__as_caiso,0.1869320273399353,0.17225313186645508
"(0, 28)",2,dam_as_total_procured__mw__rd__as_caiso,0.3599083423614502,0.346440851688385
"(0, 28)",2,dam_as_total_procured__mw__sr__as_caiso,0.13674873113632202,0.1588461995124817
"(0, 28)",2,dam_as_total_procured__mw__nr__as_caiso,0.2217087745666504,0.22412365674972534
"(0, 32)",2,actual_load__mw__ca_iso_tac,0.6577027440071106,0.648851215839386
"(0, 32)",2,dam_schedule__mw__generation__caiso_totals,0.6174942255020142,0.6260536909103394
"(0, 32)",2,dam_schedule__mw__import__caiso_totals,0.26307588815689087,0.26264381408691406
"(0, 32)",2,dam_schedule__mw__export__caiso_totals,0.33474016189575195,0.32438749074935913
"(0, 32)",2,dam_lmp__lmp_usd_per_mwh__th_sp15_gen_apnd,0.557022213935852,0.569005012512207
"(0, 32)",2,dam_lmp__congestion_usd_per_mwh__th_sp15_gen_apnd,0.2057613730430603,0.1861780285835266
"(0, 32)",2,dam_lmp__loss_usd_per_mwh__th_sp15_gen_apnd,0.3812369704246521,0.377621054649353
"(0, 32)",2,rt15_lmp_hourly_mean__congestion_usd_per_mwh__th_sp15_gen_apnd,0.15443170070648193,0.15357178449630737
"(0, 32)",2,dam_as_total_procured__mw__ru__as_caiso,0.3820874094963074,0.3794712424278259
"(0, 32)",2,dam_as_total_procured__mw__rd__as_caiso,0.40109527111053467,0.3881545662879944
"(0, 32)",2,dam_as_total_procured__mw__sr__as_caiso,0.0691940188407898,0.07821398973464966
"(0, 32)",2,dam_as_total_procured__mw__nr__as_caiso,0.2104983925819397,0.21659821271896362
"(0, 36)",2,actual_load__mw__ca_iso_tac,0.7667673230171204,0.7825600504875183
"(0, 36)",2,dam_schedule__mw__generation__caiso_totals,0.6620005965232849,0.6931934356689453
"(0, 36)",2,dam_schedule__mw__import__caiso_totals,0.2760297656059265,0.275193989276886
"(0, 36)",2,dam_schedule__mw__export__caiso_totals,0.3874686360359192,0.39382970333099365
"(0, 36)",2,dam_lmp__lmp_usd_per_mwh__th_sp15_gen_apnd,0.5472924709320068,0.5865298509597778
"(0, 36)",2,dam_lmp__congestion_usd_per_mwh__th_sp15_gen_apnd,0.15239566564559937,0.18318861722946167
"(0, 36)",2,dam_lmp__loss_usd_per_mwh__th_sp15_gen_apnd,0.4029410481452942,0.39088261127471924
"(0, 36)",2,rt15_lmp_hourly_mean__congestion_usd_per_mwh__th_sp15_gen_apnd,0.12191575765609741,0.1383013129234314
"(0, 36)",2,dam_as_total_procured__mw__ru__as_caiso,0.16270732879638672,0.15948259830474854
"(0, 36)",2,dam_as_total_procured__mw__rd__as_caiso,0.24027657508850098,0.2691447138786316
"(0, 36)",2,dam_as_total_procured__mw__sr__as_caiso,0.1894221305847168,0.19625282287597656
"(0, 36)",2,dam_as_total_procured__mw__nr__as_caiso,0.4852752685546875,0.4783526659011841
"(0, 40)",2,actual_load__mw__ca_iso_tac,0.6322637796401978,0.6338541507720947
"(0, 40)",2,dam_schedule__mw__generation__caiso_totals,0.5828350782394409,0.6035638451576233
"(0, 40)",2,dam_schedule__mw__import__caiso_totals,0.21513229608535767,0.22805601358413696
"(0, 40)",2,dam_schedule__mw__export__caiso_totals,0.31697118282318115,0.30748629570007324
"(0, 40)",2,dam_lmp__lmp_usd_per_mwh__th_sp15_gen_apnd,0.5377157926559448,0.5669127106666565
"(0, 40)",2,dam_lmp__congestion_usd_per_mwh__th_sp15_gen_apnd,0.11420893669128418,0.13042700290679932
"(0, 40)",2,dam_lmp__loss_usd_per_mwh__th_sp15_gen_apnd,0.3809266686439514,0.3716925382614136
"(0, 40)",2,rt15_lmp_hourly_mean__congestion_usd_per_mwh__th_sp15_gen_apnd,0.11170846223831177,0.12585097551345825
"(0, 40)",2,dam_as_total_procured__mw__ru__as_caiso,0.0944821834564209,0.08072018623352051
"(0, 40)",2,dam_as_total_procured__mw__rd__as_caiso,0.14109855890274048,0.16637617349624634
"(0, 40)",2,dam_as_total_procured__mw__sr__as_caiso,0.04398530721664429,0.06311887502670288
"(0, 40)",2,dam_as_total_procured__mw__nr__as_caiso,0.20858675241470337,0.2109748125076294
"(1, 2)",2,actual_load__mw__ca_iso_tac,0.8800650835037231,0.8792733550071716
"(1, 2)",2,dam_schedule__mw__generation__caiso_totals,0.8480924367904663,0.8500353097915649
"(1, 2)",2,dam_schedule__mw__import__caiso_totals,0.28324127197265625,0.2952764630317688
"(1, 2)",2,dam_schedule__mw__export__caiso_totals,0.5544267892837524,0.5466299057006836
"(1, 2)",2,dam_lmp__lmp_usd_per_mwh__th_sp15_gen_apnd,0.6682888865470886,0.6885680556297302
"(1, 2)",2,dam_lmp__congestion_usd_per_mwh__th_sp15_gen_apnd,0.2887991666793823,0.3085915446281433
"(1, 2)",2,dam_lmp__loss_usd_per_mwh__th_sp15_gen_apnd,0.33879584074020386,0.3431914448738098
"(1, 2)",2,rt15_lmp_hourly_mean__congestion_usd_per_mwh__th_sp15_gen_apnd,0.2453550100326538,0.26470643281936646
"(1, 2)",2,dam_as_total_procured__mw__ru__as_caiso,0.20343512296676636,0.1855374574661255
"(1, 2)",2,dam_as_total_procured__mw__rd__as_caiso,0.4328082203865051,0.43745940923690796
"(1, 2)",2,dam_as_total_procured__mw__sr__as_caiso,0.14200890064239502,0.17309951782226562
"(1, 2)",2,dam_as_total_procured__mw__nr__as_caiso,0.20970135927200317,0.2098669409751892
"(1, 6)",2,actual_load__mw__ca_iso_tac,0.8421534299850464,0.844447135925293
"(1, 6)",2,dam_schedule__mw__generation__caiso_totals,0.8311890959739685,0.8345818519592285
"(1, 6)",2,dam_schedule__mw__import__caiso_totals,0.17889893054962158,0.1733343005180359
"(1, 6)",2,dam_schedule__mw__export__caiso_totals,0.5394060611724854,0.5230515003204346
"(1, 6)",2,dam_lmp__lmp_usd_per_mwh__th_sp15_gen_apnd,0.40963536500930786,0.42435938119888306
"(1, 6)",2,dam_lmp__congestion_usd_per_mwh__th_sp15_gen_apnd,0.2836726903915405,0.2745044231414795
"(1, 6)",2,dam_lmp__loss_usd_per_mwh__th_sp15_gen_apnd,0.3071788549423218,0.3107377886772156
"(1, 6)",2,rt15_lmp_hourly_mean__congestion_usd_per_mwh__th_sp15_gen_apnd,0.19132214784622192,0.20670384168624878
"(1, 6)",2,dam_as_total_procured__mw__ru__as_caiso,0.12028074264526367,0.13497620820999146
"(1, 6)",2,dam_as_total_procured__mw__rd__as_caiso,0.2719117999076843,0.2722475528717041
"(1, 6)",2,dam_as_total_procured__mw__sr__as_caiso,0.09533345699310303,0.12041854858398438
"(1, 6)",2,dam_as_total_procured__mw__nr__as_caiso,0.1978527307510376,0.19655996561050415
"(1, 10)",2,actual_load__mw__ca_iso_tac,0.8300994634628296,0.830877423286438
"(1, 10)",2,dam_schedule__mw__generation__caiso_totals,0.808073103427887,0.813181459903717
"(1, 10)",2,dam_schedule__mw__import__caiso_totals,0.11334651708602905,0.10483217239379883
"(1, 10)",2,dam_schedule__mw__export__caiso_totals,0.4388711452484131,0.4321901798248291
"(1, 10)",2,dam_lmp__lmp_usd_per_mwh__th_sp15_gen_apnd,0.27758777141571045,0.2744152545928955
"(1, 10)",2,dam_lmp__congestion_usd_per_mwh__th_sp15_gen_apnd,0.059053122997283936,0.049130141735076904
"(1, 10)",2,dam_lmp__loss_usd_per_mwh__th_sp15_gen_apnd,0.2582240700721741,0.24552547931671143
"(1, 10)",2,rt15_lmp_hourly_mean__congestion_usd_per_mwh__th_sp15_gen_apnd,0.06852889060974121,0.07503002882003784
"(1, 10)",2,dam_as_total_procured__mw__ru__as_caiso,0.07819753885269165,0.07284778356552124
"(1, 10)",2,dam_as_total_procured__mw__rd__as_caiso,0.10361117124557495,0.10126906633377075
"(1, 10)",2,dam_as_total_procured__mw__sr__as_caiso,0.0929802656173706,0.10418945550918579
"(1, 10)",2,dam_as_total_procured__mw__nr__as_caiso,0.19999480247497559,0.1984463334083557
"(1, 14)",2,actual_load__mw__ca_iso_tac,0.8256478309631348,0.8292240500450134
"(1, 14)",2,dam_schedule__mw__generation__caiso_totals,0.8054906725883484,0.8116083145141602
"(1, 14)",2,dam_schedule__mw__import__caiso_totals,0.09628337621688843,0.09178709983825684
"(1, 14)",2,dam_schedule__mw__export__caiso_totals,0.45159274339675903,0.4556805491447449
"(1, 14)",2,dam_lmp__lmp_usd_per_mwh__th_sp15_gen_apnd,0.2665995955467224,0.2664341926574707
"(1, 14)",2,dam_lmp__congestion_usd_per_mwh__th_sp15_gen_apnd,0.07491755485534668,0.07218146324157715
"(1, 14)",2,dam_lmp__loss_usd_per_mwh__th_sp15_gen_apnd,0.2943211793899536,0.2878495454788208
"(1, 14)",2,rt15_lmp_hourly_mean__congestion_usd_per_mwh__th_sp15_gen_apnd,0.06819570064544678,0.07755953073501587
"(1, 14)",2,dam_as_total_procured__mw__ru__as_caiso,0.08107888698577881,0.0767444372177124
"(1, 14)",2,dam_as_total_procured__mw__rd__as_caiso,0.10040277242660522,0.10258311033248901
"(1, 14)",2,dam_as_total_procured__mw__sr__as_caiso,0.09297823905944824,0.10733598470687866
"(1, 14)",2,dam_as_total_procured__mw__nr__as_caiso,0.19337087869644165,0.1935468316078186
"(1, 18)",2,actual_load__mw__ca_iso_tac,0.82957524061203,0.8322145938873291
"(1, 18)",2,dam_schedule__mw__generation__caiso_totals,0.8076738715171814,0.8128626942634583
"(1, 18)",2,dam_schedule__mw__import__caiso_totals,0.1070968508720398,0.10417544841766357
"(1, 18)",2,dam_schedule__mw__export__caiso_totals,0.4152754545211792,0.4150180220603943
"(1, 18)",2,dam_lmp__lmp_usd_per_mwh__th_sp15_gen_apnd,0.27238649129867554,0.27082693576812744
"(1, 18)",2,dam_lmp__congestion_usd_per_mwh__th_sp15_gen_apnd,0.05314075946807861,0.04082757234573364
"(1, 18)",2,dam_lmp__loss_usd_per_mwh__th_sp15_gen_apnd,0.25907713174819946,0.24808990955352783
"(1, 18)",2,rt15_lmp_hourly_mean__congestion_usd_per_mwh__th_sp15_gen_apnd,0.07286626100540161,0.07668191194534302
"(1, 18)",2,dam_as_total_procured__mw__ru__as_caiso,0.06722378730773926,0.062102675437927246
"(1, 18)",2,dam_as_total_procured__mw__rd__as_caiso,0.09082674980163574,0.0866747498512268
"(1, 18)",2,dam_as_total_procured__mw__sr__as_caiso,0.09573334455490112,0.105019211769104
"(1, 18)",2,dam_as_total_procured__mw__nr__as_caiso,0.197567880153656,0.19194960594177246
"(1, 22)",2,actual_load__mw__ca_iso_tac,0.833206295967102,0.8353510499000549
"(1, 22)",2,dam_schedule__mw__generation__caiso_totals,0.8214274644851685,0.8270339965820312
"(1, 22)",2,dam_schedule__mw__import__caiso_totals,0.1495456099510193,0.15024393796920776
"(1, 22)",2,dam_schedule__mw__export__caiso_totals,0.4742923378944397,0.4765114188194275
"(1, 22)",2,dam_lmp__lmp_usd_per_mwh__th_sp15_gen_apnd,0.578415036201477,0.5970193147659302
"(1, 22)",2,dam_lmp__congestion_usd_per_mwh__th_sp15_gen_apnd,0.11866682767868042,0.09953373670578003
"(1, 22)",2,dam_lmp__loss_usd_per_mwh__th_sp15_gen_apnd,0.3728809356689453,0.38803762197494507
"(1, 22)",2,rt15_lmp_hourly_mean__congestion_usd_per_mwh__th_sp15_gen_apnd,0.1141510009765625,0.10801070928573608
"(1, 22)",2,dam_as_total_procured__mw__ru__as_caiso,0.13505452871322632,0.1307051181793213
"(1, 22)",2,dam_as_total_procured__mw__rd__as_caiso,0.21964383125305176,0.23298609256744385
"(1, 22)",2,dam_as_total_procured__mw__sr__as_caiso,0.11544442176818848,0.12488812208175659
"(1, 22)",2,dam_as_total_procured__mw__nr__as_caiso,0.22784262895584106,0.21951276063919067
"(1, 26)",2,actual_load__mw__ca_iso_tac,0.8329923152923584,0.8357658386230469
"(1, 26)",2,dam_schedule__mw__generation__caiso_totals,0.8401603102684021,0.8442124128341675
"(1, 26)",2,dam_schedule__mw__import__caiso_totals,0.10907185077667236,0.11166501045227051
"(1, 26)",2,dam_schedule__mw__export__caiso_totals,0.5784030556678772,0.5681772232055664
"(1, 26)",2,dam_lmp__lmp_usd_per_mwh__th_sp15_gen_apnd,0.2852799892425537,0.30992913246154785
"(1, 26)",2,dam_lmp__congestion_usd_per_mwh__th_sp15_gen_apnd,0.12470275163650513,0.1348748803138733
"(1, 26)",2,dam_lmp__loss_usd_per_mwh__th_sp15_gen_apnd,0.3502272367477417,0.34922707080841064
"(1, 26)",2,rt15_lmp_hourly_mean__congestion_usd_per_mwh__th_sp15_gen_apnd,0.11861062049865723,0.13378065824508667
"(1, 26)",2,dam_as_total_procured__mw__ru__as_caiso,0.13251382112503052,0.13767457008361816
"(1, 26)",2,dam_as_total_procured__mw__rd__as_caiso,0.19520998001098633,0.20508801937103271
"(1, 26)",2,dam_as_total_procured__mw__sr__as_caiso,0.0994604229927063,0.10455107688903809
"(1, 26)",2,dam_as_total_procured__mw__nr__as_caiso,0.20266443490982056,0.19631445407867432
"(1, 30)",2,actual_load__mw__ca_iso_tac,0.8212426900863647,0.824079692363739
"(1, 30)",2,dam_schedule__mw__generation__caiso_totals,0.8012491464614868,0.8075612783432007
"(1, 30)",2,dam_schedule__mw__import__caiso_totals,0.07527273893356323,0.07469308376312256
"(1, 30)",2,dam_schedule__mw__export__caiso_totals,0.4059765934944153,0.40571361780166626
"(1, 30)",2,dam_lmp__lmp_usd_per_mwh__th_sp15_gen_apnd,0.2428634762763977,0.24671310186386108
"(1, 30)",2,dam_lmp__congestion_usd_per_mwh__th_sp15_gen_apnd,0.04422813653945923,0.03540146350860596
"(1, 30)",2,dam_lmp__loss_usd_per_mwh__th_sp15_gen_apnd,0.2317218780517578,0.22563791275024414
"(1, 30)",2,rt15_lmp_hourly_mean__congestion_usd_per_mwh__th_sp15_gen_apnd,0.06697297096252441,0.07052671909332275
"(1, 30)",2,dam_as_total_procured__mw__ru__as_caiso,0.05568361282348633,0.053213536739349365
"(1, 30)",2,dam_as_total_procured__mw__rd__as_caiso,0.06861907243728638,0.06860435009002686
"(1, 30)",2,dam_as_total_procured__mw__sr__as_caiso,0.08753043413162231,0.09680914878845215
"(1, 30)",2,dam_as_total_procured__mw__nr__as_caiso,0.18715941905975342,0.1832241415977478
"(1, 34)",2,actual_load__mw__ca_iso_tac,0.8540138006210327,0.8522474765777588
"(1, 34)",2,dam_schedule__mw__generation__caiso_totals,0.8445867300033569,0.8448385000228882
"(1, 34)",2,dam_schedule__mw__import__caiso_totals,0.20674562454223633,0.20779168605804443
"(1, 34)",2,dam_schedule__mw__export__caiso_totals,0.47700726985931396,0.4741101861000061
"(1, 34)",2,dam_lmp__lmp_usd_per_mwh__th_sp15_gen_apnd,0.5274847745895386,0.5037350058555603
"(1, 34)",2,dam_lmp__congestion_usd_per_mwh__th_sp15_gen_apnd,0.2947847843170166,0.26729917526245117
"(1, 34)",2,dam_lmp__loss_usd_per_mwh__th_sp15_gen_apnd,0.2621268033981323,0.2496235966682434
"(1, 34)",2,rt15_lmp_hourly_mean__congestion_usd_per_mwh__th_sp15_gen_apnd,0.20451831817626953,0.20883703231811523
"(1, 34)",2,dam_as_total_procured__mw__ru__as_caiso,0.846592366695404,0.839231014251709
"(1, 34)",2,dam_as_total_procured__mw__rd__as_caiso,0.6752949953079224,0.6568498611450195
"(1, 34)",2,dam_as_total_procured__mw__sr__as_caiso,0.11521118879318237,0.12622106075286865
"(1, 34)",2,dam_as_total_procured__mw__nr__as_caiso,0.20515203475952148,0.20408624410629272
"(1, 38)",2,actual_load__mw__ca_iso_tac,0.859665036201477,0.857677698135376
"(1, 38)",2,dam_schedule__mw__generation__caiso_totals,0.8379320502281189,0.8390752673149109
"(1, 38)",2,dam_schedule__mw__import__caiso_totals,0.2688677906990051,0.26581478118896484
"(1, 38)",2,dam_schedule__mw__export__caiso_totals,0.4899206757545471,0.49169766902923584
"(1, 38)",2,dam_lmp__lmp_usd_per_mwh__th_sp15_gen_apnd,0.5252346992492676,0.5595147609710693
"(1, 38)",2,dam_lmp__congestion_usd_per_mwh__th_sp15_gen_apnd,0.2837311029434204,0.27731645107269287
"(1, 38)",2,dam_lmp__loss_usd_per_mwh__th_sp15_gen_apnd,0.27860021591186523,0.28671348094940186
"(1, 38)",2,rt15_lmp_hourly_mean__congestion_usd_per_mwh__th_sp15_gen_apnd,0.15723490715026855,0.17960494756698608
"(1, 38)",2,dam_as_total_procured__mw__ru__as_caiso,0.17175865173339844,0.1632106900215149
"(1, 38)",2,dam_as_total_procured__mw__rd__as_caiso,0.43090760707855225,0.42714637517929077
"(1, 38)",2,dam_as_total_procured__mw__sr__as_caiso,0.13921433687210083,0.15500211715698242
"(1, 38)",2,dam_as_total_procured__mw__nr__as_caiso,0.20731163024902344,0.20171606540679932
"(1, 42)",2,actual_load__mw__ca_iso_tac,0.8301492929458618,0.8338659405708313
"(1, 42)",2,dam_schedule__mw__generation__caiso_totals,0.8101142644882202,0.8160280585289001
"(1, 42)",2,dam_schedule__mw__import__caiso_totals,0.10646295547485352,0.11056315898895264
"(1, 42)",2,dam_schedule__mw__export__caiso_totals,0.43629294633865356,0.43693965673446655
"(1, 42)",2,dam_lmp__lmp_usd_per_mwh__th_sp15_gen_apnd,0.420917272567749,0.43305516242980957
"(1, 42)",2,dam_lmp__congestion_usd_per_mwh__th_sp15_gen_apnd,0.11680823564529419,0.1161123514175415
"(1, 42)",2,dam_lmp__loss_usd_per_mwh__th_sp15_gen_apnd,0.25186020135879517,0.24780058860778809
"(1, 42)",2,rt15_lmp_hourly_mean__congestion_usd_per_mwh__th_sp15_gen_apnd,0.13519573211669922,0.14254093170166016
"(1, 42)",2,dam_as_total_procured__mw__ru__as_caiso,0.1024739146232605,0.099101722240448
"(1, 42)",2,dam_as_total_procured__mw__rd__as_caiso,0.1637600064277649,0.18253129720687866
"(1, 42)",2,dam_as_total_procured__mw__sr__as_caiso,0.08709889650344849,0.10703808069229126
"(1, 42)",2,dam_as_total_procured__mw__nr__as_caiso,0.20574218034744263,0.1934235692024231
"(2, 5)",2,actual_load__mw__ca_iso_tac,0.7649073600769043,0.7701341509819031
"(2, 5)",2,dam_schedule__mw__generation__caiso_totals,0.7884413599967957,0.7876538634300232
"(2, 5)",2,dam_schedule__mw__import__caiso_totals,0.2735002040863037,0.2822462320327759
"(2, 5)",2,dam_schedule__mw__export__caiso_totals,0.6157286763191223,0.5794297456741333
"(2, 5)",2,dam_lmp__lmp_usd_per_mwh__th_sp15_gen_apnd,0.6319071054458618,0.6570489406585693
"(2, 5)",2,dam_lmp__congestion_usd_per_mwh__th_sp15_gen_apnd,0.2346642017364502,0.26084983348846436
"(2, 5)",2,dam_lmp__loss_usd_per_mwh__th_sp15_gen_apnd,0.35035693645477295,0.35960572957992554
"(2, 5)",2,rt15_lmp_hourly_mean__congestion_usd_per_mwh__th_sp15_gen_apnd,0.21134358644485474,0.24407386779785156
"(2, 5)",2,dam_as_total_procured__mw__ru__as_caiso,0.18686729669570923,0.1777293086051941
"(2, 5)",2,dam_as_total_procured__mw__rd__as_caiso,0.3423398733139038,0.3417985439300537
"(2, 5)",2,dam_as_total_procured__mw__sr__as_caiso,0.11589276790618896,0.13962340354919434
"(2, 5)",2,dam_as_total_procured__mw__nr__as_caiso,0.19832319021224976,0.19844084978103638
"(2, 9)",2,actual_load__mw__ca_iso_tac,0.8117229342460632,0.8192719221115112
"(2, 9)",2,dam_schedule__mw__generation__caiso_totals,0.7587310671806335,0.7659192681312561
"(2, 9)",2,dam_schedule__mw__import__caiso_totals,0.3388785123825073,0.3474496006965637
"(2, 9)",2,dam_schedule__mw__export__caiso_totals,0.43462318181991577,0.44337576627731323
"(2, 9)",2,dam_lmp__lmp_usd_per_mwh__th_sp15_gen_apnd,0.7564656734466553,0.7690926790237427
"(2, 9)",2,dam_lmp__congestion_usd_per_mwh__th_sp15_gen_apnd,0.4565551280975342,0.45417696237564087
"(2, 9)",2,dam_lmp__loss_usd_per_mwh__th_sp15_gen_apnd,0.3529249429702759,0.3431796431541443
"(2, 9)",2,rt15_lmp_hourly_mean__congestion_usd_per_mwh__th_sp15_gen_apnd,0.3144916892051697,0.3224327564239502
"(2, 9)",2,dam_as_total_procured__mw__ru__as_caiso,0.40262097120285034,0.3874988555908203
"(2, 9)",2,dam_as_total_procured__mw__rd__as_caiso,0.7866103649139404,0.7796444892883301
"(2, 9)",2,dam_as_total_procured__mw__sr__as_caiso,0.12550252676010132,0.16270500421524048
"(2, 9)",2,dam_as_total_procured__mw__nr__as_caiso,0.17810136079788208,0.1763034462928772
"(2, 13)",2,actual_load__mw__ca_iso_tac,0.7562734484672546,0.7609093189239502
"(2, 13)",2,dam_schedule__mw__generation__caiso_totals,0.7495729923248291,0.7592315673828125
"(2, 13)",2,dam_schedule__mw__import__caiso_totals,0.38091158866882324,0.3829820156097412
"(2, 13)",2,dam_schedule__mw__export__caiso_totals,0.46186524629592896,0.47653985023498535
"(2, 13)",2,dam_lmp__lmp_usd_per_mwh__th_sp15_gen_apnd,0.7486218214035034,0.7660456895828247
"(2, 13)",2,dam_lmp__congestion_usd_per_mwh__th_sp15_gen_apnd,0.4517083168029785,0.4594143033027649
"(2, 13)",2,dam_lmp__loss_usd_per_mwh__th_sp15_gen_apnd,0.37302273511886597,0.36577367782592773
"(2, 13)",2,rt15_lmp_hourly_mean__congestion_usd_per_mwh__th_sp15_gen_apnd,0.31589484214782715,0.32769662141799927
"(2, 13)",2,dam_as_total_procured__mw__ru__as_caiso,0.36915677785873413,0.3513593077659607
"(2, 13)",2,dam_as_total_procured__mw__rd__as_caiso,0.7593244314193726,0.7519469857215881
"(2, 13)",2,dam_as_total_procured__mw__sr__as_caiso,0.12359237670898438,0.16010290384292603
"(2, 13)",2,dam_as_total_procured__mw__nr__as_caiso,0.18242335319519043,0.18660569190979004
"(2, 17)",2,actual_load__mw__ca_iso_tac,0.7811386585235596,0.7879545092582703
"(2, 17)",2,dam_schedule__mw__generation__caiso_totals,0.7546701431274414,0.765186071395874
"(2, 17)",2,dam_schedule__mw__import__caiso_totals,0.35938847064971924,0.367358922958374
"(2, 17)",2,dam_schedule__mw__export__caiso_totals,0.4479232430458069,0.46237820386886597
"(2, 17)",2,dam_lmp__lmp_usd_per_mwh__th_sp15_gen_apnd,0.7537213563919067,0.7720628976821899
"(2, 17)",2,dam_lmp__congestion_usd_per_mwh__th_sp15_gen_apnd,0.44973528385162354,0.45115208625793457
"(2, 17)",2,dam_lmp__loss_usd_per_mwh__th_sp15_gen_apnd,0.3676735758781433,0.3623673915863037
"(2, 17)",2,rt15_lmp_hourly_mean__congestion_usd_per_mwh__th_sp15_gen_apnd,0.30145084857940674,0.31099796295166016
"(2, 17)",2,dam_as_total_procured__mw__ru__as_caiso,0.4053131341934204,0.38391757011413574
"(2, 17)",2,dam_as_total_procured__mw__rd__as_caiso,0.779515266418457,0.7721215486526489
"(2, 17)",2,dam_as_total_procured__mw__sr__as_caiso,0.13047665357589722,0.16904401779174805
"(2, 17)",2,dam_as_total_procured__mw__nr__as_caiso,0.18303972482681274,0.19023311138153076
"(2, 21)",2,actual_load__mw__ca_iso_tac,0.6258352398872375,0.6376911997795105
"(2, 21)",2,dam_schedule__mw__generation__caiso_totals,0.5466258525848389,0.5633096694946289
"(2, 21)",2,dam_schedule__mw__import__caiso_totals,0.31512701511383057,0.3389381170272827
"(2, 21)",2,dam_schedule__mw__export__caiso_totals,0.2700522541999817,0.2858319878578186
"(2, 21)",2,dam_lmp__lmp_usd_per_mwh__th_sp15_gen_apnd,0.9566456079483032,0.9620093703269958
"(2, 21)",2,dam_lmp__congestion_usd_per_mwh__th_sp15_gen_apnd,0.4861977696418762,0.47659003734588623
"(2, 21)",2,dam_lmp__loss_usd_per_mwh__th_sp15_gen_apnd,0.4093782901763916,0.41534578800201416
"(2, 21)",2,rt15_lmp_hourly_mean__congestion_usd_per_mwh__th_sp15_gen_apnd,0.3952164053916931,0.35532206296920776
"(2, 21)",2,dam_as_total_procured__mw__ru__as_caiso,0.21470904350280762,0.20747369527816772
"(2, 21)",2,dam_as_total_procured__mw__rd__as_caiso,0.5169118642807007,0.5202840566635132
"(2, 21)",2,dam_as_total_procured__mw__sr__as_caiso,0.12205439805984497,0.14068716764450073
"(2, 21)",2,dam_as_total_procured__mw__nr__as_caiso,0.16532468795776367,0.16471552848815918
"(2, 25)",2,actual_load__mw__ca_iso_tac,0.5530025362968445,0.5468114614486694
"(2, 25)",2,dam_schedule__mw__generation__caiso_totals,0.504651665687561,0.5111759901046753
"(2, 25)",2,dam_schedule__mw__import__caiso_totals,0.3058163523674011,0.3117608428001404
"(2, 25)",2,dam_schedule__mw__export__caiso_totals,0.24091768264770508,0.2520063519477844
"(2, 25)",2,dam_lmp__lmp_usd_per_mwh__th_sp15_gen_apnd,0.6680086851119995,0.6836068630218506
"(2, 25)",2,dam_lmp__congestion_usd_per_mwh__th_sp15_gen_apnd,0.3254598379135132,0.3296312093734741
"(2, 25)",2,dam_lmp__loss_usd_per_mwh__th_sp15_gen_apnd,0.4075877070426941,0.4149617552757263
"(2, 25)",2,rt15_lmp_hourly_mean__congestion_usd_per_mwh__th_sp15_gen_apnd,0.2736665606498718,0.28133082389831543
"(2, 25)",2,dam_as_total_procured__mw__ru__as_caiso,0.19069212675094604,0.16733890771865845
"(2, 25)",2,dam_as_total_procured__mw__rd__as_caiso,0.464604914188385,0.4467763900756836
"(2, 25)",2,dam_as_total_procured__mw__sr__as_caiso,0.059816598892211914,0.07198476791381836
"(2, 25)",2,dam_as_total_procured__mw__nr__as_caiso,0.1580742597579956,0.16491657495498657
"(2, 29)",2,actual_load__mw__ca_iso_tac,0.5423600673675537,0.5584268569946289
"(2, 29)",2,dam_schedule__mw__generation__caiso_totals,0.49727028608322144,0.525847315788269
"(2, 29)",2,dam_schedule__mw__import__caiso_totals,0.3023242950439453,0.3114790916442871
"(2, 29)",2,dam_schedule__mw__export__caiso_totals,0.2632567882537842,0.28778016567230225
"(2, 29)",2,dam_lmp__lmp_usd_per_mwh__th_sp15_gen_apnd,0.6402300596237183,0.6595607399940491
"(2, 29)",2,dam_lmp__congestion_usd_per_mwh__th_sp15_gen_apnd,0.22783386707305908,0.24524080753326416
"(2, 29)",2,dam_lmp__loss_usd_per_mwh__th_sp15_gen_apnd,0.32835859060287476,0.3263915181159973
"(2, 29)",2,rt15_lmp_hourly_mean__congestion_usd_per_mwh__th_sp15_gen_apnd,0.18804723024368286,0.19763660430908203
"(2, 29)",2,dam_as_total_procured__mw__ru__as_caiso,0.1593782901763916,0.13729125261306763
"(2, 29)",2,dam_as_total_procured__mw__rd__as_caiso,0.350180983543396,0.35229194164276123
"(2, 29)",2,dam_as_total_procured__mw__sr__as_caiso,0.07441461086273193,0.09188401699066162
"(2, 29)",2,dam_as_total_procured__mw__nr__as_caiso,0.18641811609268188,0.1932397484779358
"(2, 33)",2,actual_load__mw__ca_iso_tac,0.646079421043396,0.6443114280700684
"(2, 33)",2,dam_schedule__mw__generation__caiso_totals,0.588886022567749,0.5971516370773315
"(2, 33)",2,dam_schedule__mw__import__caiso_totals,0.33094125986099243,0.34388023614883423
"(2, 33)",2,dam_schedule__mw__export__caiso_totals,0.2820965051651001,0.29062193632125854
"(2, 33)",2,dam_lmp__lmp_usd_per_mwh__th_sp15_gen_apnd,0.7031569480895996,0.7200964689254761
"(2, 33)",2,dam_lmp__congestion_usd_per_mwh__th_sp15_gen_apnd,0.3771781921386719,0.3741455078125
"(2, 33)",2,dam_lmp__loss_usd_per_mwh__th_sp15_gen_apnd,0.31634336709976196,0.3164663314819336
"(2, 33)",2,rt15_lmp_hourly_mean__congestion_usd_per_mwh__th_sp15_gen_apnd,0.28102415800094604,0.28826791048049927
"(2, 33)",2,dam_as_total_procured__mw__ru__as_caiso,0.2996717691421509,0.2805381417274475
"(2, 33)",2,dam_as_total_procured__mw__rd__as_caiso,0.7610458731651306,0.7544671297073364
"(2, 33)",2,dam_as_total_procured__mw__sr__as_caiso,0.06917524337768555,0.09362304210662842
"(2, 33)",2,dam_as_total_procured__mw__nr__as_caiso,0.1533726453781128,0.15454649925231934
"(2, 37)",2,actual_load__mw__ca_iso_tac,0.7156370878219604,0.7342371344566345
"(2, 37)",2,dam_schedule__mw__generation__caiso_totals,0.6192225217819214,0.647946834564209
"(2, 37)",2,dam_schedule__mw__import__caiso_totals,0.30959492921829224,0.31247973442077637
"(2, 37)",2,dam_schedule__mw__export__caiso_totals,0.3972082734107971,0.40484172105789185
"(2, 37)",2,dam_lmp__lmp_usd_per_mwh__th_sp15_gen_apnd,0.6593176126480103,0.6819868087768555
"(2, 37)",2,dam_lmp__congestion_usd_per_mwh__th_sp15_gen_apnd,0.25194984674453735,0.27715015411376953
"(2, 37)",2,dam_lmp__loss_usd_per_mwh__th_sp15_gen_apnd,0.3126657009124756,0.321266233921051
"(2, 37)",2,rt15_lmp_hourly_mean__congestion_usd_per_mwh__th_sp15_gen_apnd,0.21155649423599243,0.24101626873016357
"(2, 37)",2,dam_as_total_procured__mw__ru__as_caiso,0.19170492887496948,0.1689608097076416
"(2, 37)",2,dam_as_total_procured__mw__rd__as_caiso,0.3393668532371521,0.34887081384658813
"(2, 37)",2,dam_as_total_procured__mw__sr__as_caiso,0.16743624210357666,0.1807190179824829
"(2, 37)",2,dam_as_total_procured__mw__nr__as_caiso,0.47187554836273193,0.4645913243293762
"(2, 41)",2,actual_load__mw__ca_iso_tac,0.5451734066009521,0.5451385974884033
"(2, 41)",2,dam_schedule__mw__generation__caiso_totals,0.5267415046691895,0.5369114875793457
"(2, 41)",2,dam_schedule__mw__import__caiso_totals,0.25845950841903687,0.27248847484588623
"(2, 41)",2,dam_schedule__mw__export__caiso_totals,0.27626705169677734,0.2746662497520447
"(2, 41)",2,dam_lmp__lmp_usd_per_mwh__th_sp15_gen_apnd,0.7098259925842285,0.7238595485687256
"(2, 41)",2,dam_lmp__congestion_usd_per_mwh__th_sp15_gen_apnd,0.30981945991516113,0.3262147307395935
"(2, 41)",2,dam_lmp__loss_usd_per_mwh__th_sp15_gen_apnd,0.3219999074935913,0.3184683322906494
"(2, 41)",2,rt15_lmp_hourly_mean__congestion_usd_per_mwh__th_sp15_gen_apnd,0.2694218158721924,0.2885574698448181
"(2, 41)",2,dam_as_total_procured__mw__ru__as_caiso,0.18503797054290771,0.17186033725738525
"(2, 41)",2,dam_as_total_procured__mw__rd__as_caiso,0.4042426347732544,0.405814528465271
"(2, 41)",2,dam_as_total_procured__mw__sr__as_caiso,0.06455838680267334,0.07487243413925171
"(2, 41)",2,dam_as_total_procured__mw__nr__as_caiso,0.14643675088882446,0.14952975511550903
"(3, 5)",2,actual_load__mw__ca_iso_tac,0.8176414966583252,0.8148698806762695
"(3, 5)",2,dam_schedule__mw__generation__caiso_totals,0.8222642540931702,0.8233649730682373
"(3, 5)",2,dam_schedule__mw__import__caiso_totals,0.23297327756881714,0.233933687210083
"(3, 5)",2,dam_schedule__mw__export__caiso_totals,0.6061626672744751,0.575788140296936
"(3, 5)",2,dam_lmp__lmp_usd_per_mwh__th_sp15_gen_apnd,0.5519006252288818,0.554044246673584
"(3, 5)",2,dam_lmp__congestion_usd_per_mwh__th_sp15_gen_apnd,0.16781222820281982,0.13931822776794434
"(3, 5)",2,dam_lmp__loss_usd_per_mwh__th_sp15_gen_apnd,0.41303980350494385,0.4134356379508972
"(3, 5)",2,rt15_lmp_hourly_mean__congestion_usd_per_mwh__th_sp15_gen_apnd,0.15052491426467896,0.14814859628677368
"(3, 5)",2,dam_as_total_procured__mw__ru__as_caiso,0.14329159259796143,0.1342657208442688
"(3, 5)",2,dam_as_total_procured__mw__rd__as_caiso,0.257901668548584,0.24409854412078857
"(3, 5)",2,dam_as_total_procured__mw__sr__as_caiso,0.1004834771156311,0.12025856971740723
"(3, 5)",2,dam_as_total_procured__mw__nr__as_caiso,0.216219961643219,0.22099411487579346
"(3, 9)",2,actual_load__mw__ca_iso_tac,0.9264184236526489,0.9258186221122742
"(3, 9)",2,dam_schedule__mw__generation__caiso_totals,0.8914698958396912,0.8915838003158569
"(3, 9)",2,dam_schedule__mw__import__caiso_totals,0.3686143159866333,0.3722909092903137
"(3, 9)",2,dam_schedule__mw__export__caiso_totals,0.5673316717147827,0.565484881401062
"(3, 9)",2,dam_lmp__lmp_usd_per_mwh__th_sp15_gen_apnd,0.7754603624343872,0.7900388836860657
"(3, 9)",2,dam_lmp__congestion_usd_per_mwh__th_sp15_gen_apnd,0.4668790102005005,0.4666818380355835
"(3, 9)",2,dam_lmp__loss_usd_per_mwh__th_sp15_gen_apnd,0.3965228199958801,0.3818471431732178
"(3, 9)",2,rt15_lmp_hourly_mean__congestion_usd_per_mwh__th_sp15_gen_apnd,0.30463773012161255,0.31730419397354126
"(3, 9)",2,dam_as_total_procured__mw__ru__as_caiso,0.40857207775115967,0.39289629459381104
"(3, 9)",2,dam_as_total_procured__mw__rd__as_caiso,0.7844830751419067,0.7752824425697327
"(3, 9)",2,dam_as_total_procured__mw__sr__as_caiso,0.13186776638031006,0.1699191927909851
"(3, 9)",2,dam_as_total_procured__mw__nr__as_caiso,0.2314712405204773,0.23417705297470093
"(3, 13)",2,actual_load__mw__ca_iso_tac,0.9060472846031189,0.9012690782546997
"(3, 13)",2,dam_schedule__mw__generation__caiso_totals,0.9002013802528381,0.8987953066825867
"(3, 13)",2,dam_schedule__mw__import__caiso_totals,0.40261340141296387,0.40390175580978394
"(3, 13)",2,dam_schedule__mw__export__caiso_totals,0.5852196216583252,0.5849957466125488
"(3, 13)",2,dam_lmp__lmp_usd_per_mwh__th_sp15_gen_apnd,0.7614662647247314,0.7802364826202393
"(3, 13)",2,dam_lmp__congestion_usd_per_mwh__th_sp15_gen_apnd,0.46630048751831055,0.4636608958244324
"(3, 13)",2,dam_lmp__loss_usd_per_mwh__th_sp15_gen_apnd,0.41741639375686646,0.4041505455970764
"(3, 13)",2,rt15_lmp_hourly_mean__congestion_usd_per_mwh__th_sp15_gen_apnd,0.30215269327163696,0.30464959144592285
"(3, 13)",2,dam_as_total_procured__mw__ru__as_caiso,0.3887503743171692,0.3703835606575012
"(3, 13)",2,dam_as_total_procured__mw__rd__as_caiso,0.770317792892456,0.7607170343399048
"(3, 13)",2,dam_as_total_procured__mw__sr__as_caiso,0.13260865211486816,0.17034262418746948
"(3, 13)",2,dam_as_total_procured__mw__nr__as_caiso,0.2419530153274536,0.2462732195854187
"(3, 17)",2,actual_load__mw__ca_iso_tac,0.9145973920822144,0.9105868339538574
"(3, 17)",2,dam_schedule__mw__generation__caiso_totals,0.896929919719696,0.8961016535758972
"(3, 17)",2,dam_schedule__mw__import__caiso_totals,0.3862874507904053,0.3901110887527466
"(3, 17)",2,dam_schedule__mw__export__caiso_totals,0.5725112557411194,0.5716988444328308
"(3, 17)",2,dam_lmp__lmp_usd_per_mwh__th_sp15_gen_apnd,0.7633720636367798,0.7822249531745911
"(3, 17)",2,dam_lmp__congestion_usd_per_mwh__th_sp15_gen_apnd,0.46015840768814087,0.4581459164619446
"(3, 17)",2,dam_lmp__loss_usd_per_mwh__th_sp15_gen_apnd,0.4066324830055237,0.39332348108291626
"(3, 17)",2,rt15_lmp_hourly_mean__congestion_usd_per_mwh__th_sp15_gen_apnd,0.2854984998703003,0.2925446629524231
"(3, 17)",2,dam_as_total_procured__mw__ru__as_caiso,0.4149278402328491,0.3941975235939026
"(3, 17)",2,dam_as_total_procured__mw__rd__as_caiso,0.7820820808410645,0.773322582244873
"(3, 17)",2,dam_as_total_procured__mw__sr__as_caiso,0.1412050724029541,0.17784947156906128
"(3, 17)",2,dam_as_total_procured__mw__nr__as_caiso,0.24185973405838013,0.2477089762687683
"(3, 21)",2,actual_load__mw__ca_iso_tac,0.8691627979278564,0.8674976825714111
"(3, 21)",2,dam_schedule__mw__generation__caiso_totals,0.851503849029541,0.8571833968162537
"(3, 21)",2,dam_schedule__mw__import__caiso_totals,0.3056226372718811,0.3289812207221985
"(3, 21)",2,dam_schedule__mw__export__caiso_totals,0.5288015604019165,0.5191395282745361
"(3, 21)",2,dam_lmp__lmp_usd_per_mwh__th_sp15_gen_apnd,0.9559842944145203,0.9608936905860901
"(3, 21)",2,dam_lmp__congestion_usd_per_mwh__th_sp15_gen_apnd,0.49928146600723267,0.4924423098564148
"(3, 21)",2,dam_lmp__loss_usd_per_mwh__th_sp15_gen_apnd,0.4277162551879883,0.4262789487838745
"(3, 21)",2,rt15_lmp_hourly_mean__congestion_usd_per_mwh__th_sp15_gen_apnd,0.4031861424446106,0.3548840880393982
"(3, 21)",2,dam_as_total_procured__mw__ru__as_caiso,0.2232820987701416,0.20954298973083496
"(3, 21)",2,dam_as_total_procured__mw__rd__as_caiso,0.5128398537635803,0.5148457884788513
"(3, 21)",2,dam_as_total_procured__mw__sr__as_caiso,0.15127289295196533,0.1658591628074646
"(3, 21)",2,dam_as_total_procured__mw__nr__as_caiso,0.235093891620636,0.2324378490447998
"(3, 25)",2,actual_load__mw__ca_iso_tac,0.8187031149864197,0.8124009370803833
"(3, 25)",2,dam_schedule__mw__generation__caiso_totals,0.7860512733459473,0.7910486459732056
"(3, 25)",2,dam_schedule__mw__import__caiso_totals,0.26917344331741333,0.26401448249816895
"(3, 25)",2,dam_schedule__mw__export__caiso_totals,0.4315350651741028,0.4290083050727844
"(3, 25)",2,dam_lmp__lmp_usd_per_mwh__th_sp15_gen_apnd,0.5633508563041687,0.5760810375213623
"(3, 25)",2,dam_lmp__congestion_usd_per_mwh__th_sp15_gen_apnd,0.2718929052352905,0.26928967237472534
"(3, 25)",2,dam_lmp__loss_usd_per_mwh__th_sp15_gen_apnd,0.41520434617996216,0.4235469698905945
"(3, 25)",2,rt15_lmp_hourly_mean__congestion_usd_per_mwh__th_sp15_gen_apnd,0.23866647481918335,0.24682289361953735
"(3, 25)",2,dam_as_total_procured__mw__ru__as_caiso,0.17840594053268433,0.16296494007110596
"(3, 25)",2,dam_as_total_procured__mw__rd__as_caiso,0.4164857864379883,0.4098203182220459
"(3, 25)",2,dam_as_total_procured__mw__sr__as_caiso,0.08004015684127808,0.09134489297866821
"(3, 25)",2,dam_as_total_procured__mw__nr__as_caiso,0.22433936595916748,0.23096632957458496
"(3, 29)",2,actual_load__mw__ca_iso_tac,0.857133150100708,0.864497184753418
"(3, 29)",2,dam_schedule__mw__generation__caiso_totals,0.8355147838592529,0.8433724641799927
"(3, 29)",2,dam_schedule__mw__import__caiso_totals,0.3008320927619934,0.31125766038894653
"(3, 29)",2,dam_schedule__mw__export__caiso_totals,0.5606192946434021,0.5540896654129028
"(3, 29)",2,dam_lmp__lmp_usd_per_mwh__th_sp15_gen_apnd,0.6584246158599854,0.6815962791442871
"(3, 29)",2,dam_lmp__congestion_usd_per_mwh__th_sp15_gen_apnd,0.2376936674118042,0.24354374408721924
"(3, 29)",2,dam_lmp__loss_usd_per_mwh__th_sp15_gen_apnd,0.3728460669517517,0.37419939041137695
"(3, 29)",2,rt15_lmp_hourly_mean__congestion_usd_per_mwh__th_sp15_gen_apnd,0.18424421548843384,0.19735872745513916
"(3, 29)",2,dam_as_total_procured__mw__ru__as_caiso,0.12992238998413086,0.1219441294670105
"(3, 29)",2,dam_as_total_procured__mw__rd__as_caiso,0.3560227155685425,0.3703276515007019
"(3, 29)",2,dam_as_total_procured__mw__sr__as_caiso,0.10719496011734009,0.1430971622467041
"(3, 29)",2,dam_as_total_procured__mw__nr__as_caiso,0.2502918243408203,0.25012797117233276
"(3, 33)",2,actual_load__mw__ca_iso_tac,0.8569260835647583,0.8533952832221985
"(3, 33)",2,dam_schedule__mw__generation__caiso_totals,0.8180459141731262,0.8215193748474121
"(3, 33)",2,dam_schedule__mw__import__caiso_totals,0.3278825283050537,0.32972437143325806
"(3, 33)",2,dam_schedule__mw__export__caiso_totals,0.4522237777709961,0.4483322501182556
"(3, 33)",2,dam_lmp__lmp_usd_per_mwh__th_sp15_gen_apnd,0.6470029354095459,0.6630673408508301
"(3, 33)",2,dam_lmp__congestion_usd_per_mwh__th_sp15_gen_apnd,0.34783095121383667,0.3438946008682251
"(3, 33)",2,dam_lmp__loss_usd_per_mwh__th_sp15_gen_apnd,0.344135046005249,0.33869636058807373
"(3, 33)",2,rt15_lmp_hourly_mean__congestion_usd_per_mwh__th_sp15_gen_apnd,0.250093936920166,0.26075077056884766
"(3, 33)",2,dam_as_total_procured__mw__ru__as_caiso,0.31245142221450806,0.29521870613098145
"(3, 33)",2,dam_as_total_procured__mw__rd__as_caiso,0.7445106506347656,0.7398442029953003
"(3, 33)",2,dam_as_total_procured__mw__sr__as_caiso,0.09436458349227905,0.11472058296203613
"(3, 33)",2,dam_as_total_procured__mw__nr__as_caiso,0.20682823657989502,0.21077430248260498
"(3, 37)",2,actual_load__mw__ca_iso_tac,0.8467219471931458,0.8529536128044128
"(3, 37)",2,dam_schedule__mw__generation__caiso_totals,0.7650538682937622,0.7776892781257629
"(3, 37)",2,dam_schedule__mw__import__caiso_totals,0.24994856119155884,0.2513601779937744
"(3, 37)",2,dam_schedule__mw__export__caiso_totals,0.4309152364730835,0.42871206998825073
"(3, 37)",2,dam_lmp__lmp_usd_per_mwh__th_sp15_gen_apnd,0.5422028303146362,0.5817315578460693
"(3, 37)",2,dam_lmp__congestion_usd_per_mwh__th_sp15_gen_apnd,0.16894322633743286,0.19817471504211426
"(3, 37)",2,dam_lmp__loss_usd_per_mwh__th_sp15_gen_apnd,0.3750947117805481,0.3681405186653137
"(3, 37)",2,rt15_lmp_hourly_mean__congestion_usd_per_mwh__th_sp15_gen_apnd,0.12784940004348755,0.16073298454284668
"(3, 37)",2,dam_as_total_procured__mw__ru__as_caiso,0.15583783388137817,0.1385260820388794
"(3, 37)",2,dam_as_total_procured__mw__rd__as_caiso,0.24379795789718628,0.2681214213371277
"(3, 37)",2,dam_as_total_procured__mw__sr__as_caiso,0.185377299785614,0.19756829738616943
"(3, 37)",2,dam_as_total_procured__mw__nr__as_caiso,0.47994738817214966,0.4762715697288513
"(3, 41)",2,actual_load__mw__ca_iso_tac,0.8108980059623718,0.8095796704292297
"(3, 41)",2,dam_schedule__mw__generation__caiso_totals,0.810840368270874,0.8164271116256714
"(3, 41)",2,dam_schedule__mw__import__caiso_totals,0.23578637838363647,0.24400275945663452
"(3, 41)",2,dam_schedule__mw__export__caiso_totals,0.4951179027557373,0.486385703086853
"(3, 41)",2,dam_lmp__lmp_usd_per_mwh__th_sp15_gen_apnd,0.689934492111206,0.7019144296646118
"(3, 41)",2,dam_lmp__congestion_usd_per_mwh__th_sp15_gen_apnd,0.29722732305526733,0.3060256838798523
"(3, 41)",2,dam_lmp__loss_usd_per_mwh__th_sp15_gen_apnd,0.367920458316803,0.35792994499206543
"(3, 41)",2,rt15_lmp_hourly_mean__congestion_usd_per_mwh__th_sp15_gen_apnd,0.2545887231826782,0.26024800539016724
"(3, 41)",2,dam_as_total_procured__mw__ru__as_caiso,0.16855710744857788,0.16119682788848877
"(3, 41)",2,dam_as_total_procured__mw__rd__as_caiso,0.3714061975479126,0.3827860355377197
"(3, 41)",2,dam_as_total_procured__mw__sr__as_caiso,0.08794647455215454,0.10070407390594482
"(3, 41)",2,dam_as_total_procured__mw__nr__as_caiso,0.21485960483551025,0.2198285460472107
"(4, 6)",2,actual_load__mw__ca_iso_tac,0.6833269000053406,0.7021624445915222
"(4, 6)",2,dam_schedule__mw__generation__caiso_totals,0.7469436526298523,0.752047061920166
"(4, 6)",2,dam_schedule__mw__import__caiso_totals,0.1579340696334839,0.1460612416267395
"(4, 6)",2,dam_schedule__mw__export__caiso_totals,0.5979906916618347,0.5863789916038513
"(4, 6)",2,dam_lmp__lmp_usd_per_mwh__th_sp15_gen_apnd,0.32742249965667725,0.3424903154373169
"(4, 6)",2,dam_lmp__congestion_usd_per_mwh__th_sp15_gen_apnd,0.2802191972732544,0.2805832624435425
"(4, 6)",2,dam_lmp__loss_usd_per_mwh__th_sp15_gen_apnd,0.23912322521209717,0.25340747833251953
"(4, 6)",2,rt15_lmp_hourly_mean__congestion_usd_per_mwh__th_sp15_gen_apnd,0.2284010648727417,0.23280835151672363
"(4, 6)",2,dam_as_total_procured__mw__ru__as_caiso,0.13236546516418457,0.14045721292495728
"(4, 6)",2,dam_as_total_procured__mw__rd__as_caiso,0.29490023851394653,0.2939106225967407
"(4, 6)",2,dam_as_total_procured__mw__sr__as_caiso,0.07682591676712036,0.10192805528640747
"(4, 6)",2,dam_as_total_procured__mw__nr__as_caiso,0.17043638229370117,0.16821104288101196
"(4, 10)",2,actual_load__mw__ca_iso_tac,0.5248947143554688,0.5351748466491699
"(4, 10)",2,dam_schedule__mw__generation__caiso_totals,0.6308474540710449,0.6289449334144592
"(4, 10)",2,dam_schedule__mw__import__caiso_totals,0.04170346260070801,0.03812110424041748
"(4, 10)",2,dam_schedule__mw__export__caiso_totals,0.5568408370018005,0.5444108247756958
"(4, 10)",2,dam_lmp__lmp_usd_per_mwh__th_sp15_gen_apnd,0.025821566581726074,0.03795754909515381
"(4, 10)",2,dam_lmp__congestion_usd_per_mwh__th_sp15_gen_apnd,0.0440673828125,0.04625314474105835
"(4, 10)",2,dam_lmp__loss_usd_per_mwh__th_sp15_gen_apnd,0.09600180387496948,0.1100422739982605
"(4, 10)",2,rt15_lmp_hourly_mean__congestion_usd_per_mwh__th_sp15_gen_apnd,0.019334912300109863,0.022632896900177002
"(4, 10)",2,dam_as_total_procured__mw__ru__as_caiso,0.05935484170913696,0.06080436706542969
"(4, 10)",2,dam_as_total_procured__mw__rd__as_caiso,0.12464022636413574,0.12372076511383057
"(4, 10)",2,dam_as_total_procured__mw__sr__as_caiso,0.05216395854949951,0.07199966907501221
"(4, 10)",2,dam_as_total_procured__mw__nr__as_caiso,0.12663602828979492,0.11699748039245605
"(4, 14)",2,actual_load__mw__ca_iso_tac,0.5491316318511963,0.5538370609283447
"(4, 14)",2,dam_schedule__mw__generation__caiso_totals,0.6474227905273438,0.6395853161811829
"(4, 14)",2,dam_schedule__mw__import__caiso_totals,0.03259313106536865,0.02996349334716797
"(4, 14)",2,dam_schedule__mw__export__caiso_totals,0.5821534395217896,0.5666853785514832
"(4, 14)",2,dam_lmp__lmp_usd_per_mwh__th_sp15_gen_apnd,0.03836023807525635,0.047831833362579346
"(4, 14)",2,dam_lmp__congestion_usd_per_mwh__th_sp15_gen_apnd,0.0778268575668335,0.08319085836410522
"(4, 14)",2,dam_lmp__loss_usd_per_mwh__th_sp15_gen_apnd,0.13717252016067505,0.1479160189628601
"(4, 14)",2,rt15_lmp_hourly_mean__congestion_usd_per_mwh__th_sp15_gen_apnd,0.04369223117828369,0.04635649919509888
"(4, 14)",2,dam_as_total_procured__mw__ru__as_caiso,0.07868033647537231,0.0717930793762207
"(4, 14)",2,dam_as_total_procured__mw__rd__as_caiso,0.1442725658416748,0.14065325260162354
"(4, 14)",2,dam_as_total_procured__mw__sr__as_caiso,0.06505244970321655,0.07988166809082031
"(4, 14)",2,dam_as_total_procured__mw__nr__as_caiso,0.12099570035934448,0.10712337493896484
"(4, 18)",2,actual_load__mw__ca_iso_tac,0.5282113552093506,0.5397626757621765
"(4, 18)",2,dam_schedule__mw__generation__caiso_totals,0.6345504522323608,0.6323163509368896
"(4, 18)",2,dam_schedule__mw__import__caiso_totals,0.03659921884536743,0.035197436809539795
"(4, 18)",2,dam_schedule__mw__export__caiso_totals,0.5562366843223572,0.5420721769332886
"(4, 18)",2,dam_lmp__lmp_usd_per_mwh__th_sp15_gen_apnd,0.047202885150909424,0.05162686109542847
"(4, 18)",2,dam_lmp__congestion_usd_per_mwh__th_sp15_gen_apnd,0.040971577167510986,0.039489030838012695
"(4, 18)",2,dam_lmp__loss_usd_per_mwh__th_sp15_gen_apnd,0.10652738809585571,0.11601394414901733
"(4, 18)",2,rt15_lmp_hourly_mean__congestion_usd_per_mwh__th_sp15_gen_apnd,0.026329755783081055,0.02207893133163452
"(4, 18)",2,dam_as_total_procured__mw__ru__as_caiso,0.05507206916809082,0.05391550064086914
"(4, 18)",2,dam_as_total_procured__mw__rd__as_caiso,0.12340933084487915,0.11800521612167358
"(4, 18)",2,dam_as_total_procured__mw__sr__as_caiso,0.05479121208190918,0.07354891300201416
"(4, 18)",2,dam_as_total_procured__mw__nr__as_caiso,0.11599463224411011,0.10231935977935791
"(4, 22)",2,actual_load__mw__ca_iso_tac,0.5845897197723389,0.5958088040351868
"(4, 22)",2,dam_schedule__mw__generation__caiso_totals,0.6785795092582703,0.6815565824508667
"(4, 22)",2,dam_schedule__mw__import__caiso_totals,0.13665521144866943,0.1438617706298828
"(4, 22)",2,dam_schedule__mw__export__caiso_totals,0.6201153993606567,0.6053872108459473
"(4, 22)",2,dam_lmp__lmp_usd_per_mwh__th_sp15_gen_apnd,0.5315217971801758,0.5623581409454346
"(4, 22)",2,dam_lmp__congestion_usd_per_mwh__th_sp15_gen_apnd,0.09568923711776733,0.10645002126693726
"(4, 22)",2,dam_lmp__loss_usd_per_mwh__th_sp15_gen_apnd,0.33129215240478516,0.3594788908958435
"(4, 22)",2,rt15_lmp_hourly_mean__congestion_usd_per_mwh__th_sp15_gen_apnd,0.0750885009765625,0.0680738091468811
"(4, 22)",2,dam_as_total_procured__mw__ru__as_caiso,0.17568331956863403,0.16739898920059204
"(4, 22)",2,dam_as_total_procured__mw__rd__as_caiso,0.2978355288505554,0.3149849772453308
"(4, 22)",2,dam_as_total_procured__mw__sr__as_caiso,0.07349193096160889,0.09294188022613525
"(4, 22)",2,dam_as_total_procured__mw__nr__as_caiso,0.14837580919265747,0.14389467239379883
"(4, 26)",2,actual_load__mw__ca_iso_tac,0.6054186820983887,0.6129175424575806
"(4, 26)",2,dam_schedule__mw__generation__caiso_totals,0.70057213306427,0.6967177987098694
"(4, 26)",2,dam_schedule__mw__import__caiso_totals,0.04240304231643677,0.04972714185714722
"(4, 26)",2,dam_schedule__mw__export__caiso_totals,0.6700141429901123,0.6543149352073669
"(4, 26)",2,dam_lmp__lmp_usd_per_mwh__th_sp15_gen_apnd,0.08578044176101685,0.11161458492279053
"(4, 26)",2,dam_lmp__congestion_usd_per_mwh__th_sp15_gen_apnd,0.08615553379058838,0.10152620077133179
"(4, 26)",2,dam_lmp__loss_usd_per_mwh__th_sp15_gen_apnd,0.17721128463745117,0.18953901529312134
"(4, 26)",2,rt15_lmp_hourly_mean__congestion_usd_per_mwh__th_sp15_gen_apnd,0.0418209433555603,0.057929813861846924
"(4, 26)",2,dam_as_total_procured__mw__ru__as_caiso,0.09829133749008179,0.11477911472320557
"(4, 26)",2,dam_as_total_procured__mw__rd__as_caiso,0.1725413203239441,0.18569880723953247
"(4, 26)",2,dam_as_total_procured__mw__sr__as_caiso,0.08813720941543579,0.10067182779312134
"(4, 26)",2,dam_as_total_procured__mw__nr__as_caiso,0.13481807708740234,0.12579190731048584
"(4, 30)",2,actual_load__mw__ca_iso_tac,0.5209299921989441,0.531529426574707
"(4, 30)",2,dam_schedule__mw__generation__caiso_totals,0.6284044981002808,0.6277714967727661
"(4, 30)",2,dam_schedule__mw__import__caiso_totals,0.01295018196105957,0.014607667922973633
"(4, 30)",2,dam_schedule__mw__export__caiso_totals,0.5545943975448608,0.5407466292381287
"(4, 30)",2,dam_lmp__lmp_usd_per_mwh__th_sp15_gen_apnd,0.01740896701812744,0.026137173175811768
"(4, 30)",2,dam_lmp__congestion_usd_per_mwh__th_sp15_gen_apnd,0.030452609062194824,0.03569996356964111
"(4, 30)",2,dam_lmp__loss_usd_per_mwh__th_sp15_gen_apnd,0.09782373905181885,0.10559695959091187
"(4, 30)",2,rt15_lmp_hourly_mean__congestion_usd_per_mwh__th_sp15_gen_apnd,0.014833271503448486,0.015014588832855225
"(4, 30)",2,dam_as_total_procured__mw__ru__as_caiso,0.04676210880279541,0.047452449798583984
"(4, 30)",2,dam_as_total_procured__mw__rd__as_caiso,0.11162388324737549,0.10639095306396484
"(4, 30)",2,dam_as_total_procured__mw__sr__as_caiso,0.05076485872268677,0.0659751296043396
"(4, 30)",2,dam_as_total_procured__mw__nr__as_caiso,0.10360598564147949,0.09333330392837524
"(4, 34)",2,actual_load__mw__ca_iso_tac,0.5363187789916992,0.547504186630249
"(4, 34)",2,dam_schedule__mw__generation__caiso_totals,0.6400871276855469,0.6399328708648682
"(4, 34)",2,dam_schedule__mw__import__caiso_totals,0.19812774658203125,0.18099766969680786
"(4, 34)",2,dam_schedule__mw__export__caiso_totals,0.6107897758483887,0.5952523946762085
"(4, 34)",2,dam_lmp__lmp_usd_per_mwh__th_sp15_gen_apnd,0.3833733797073364,0.3492014408111572
"(4, 34)",2,dam_lmp__congestion_usd_per_mwh__th_sp15_gen_apnd,0.2790120840072632,0.25706231594085693
"(4, 34)",2,dam_lmp__loss_usd_per_mwh__th_sp15_gen_apnd,0.15709853172302246,0.15230333805084229
"(4, 34)",2,rt15_lmp_hourly_mean__congestion_usd_per_mwh__th_sp15_gen_apnd,0.15883231163024902,0.15268635749816895
"(4, 34)",2,dam_as_total_procured__mw__ru__as_caiso,0.8401849269866943,0.8329269289970398
"(4, 34)",2,dam_as_total_procured__mw__rd__as_caiso,0.6764158010482788,0.6571475267410278
"(4, 34)",2,dam_as_total_procured__mw__sr__as_caiso,0.07291603088378906,0.08970272541046143
"(4, 34)",2,dam_as_total_procured__mw__nr__as_caiso,0.12719416618347168,0.11403864622116089
"(4, 38)",2,actual_load__mw__ca_iso_tac,0.5578480362892151,0.5650937557220459
"(4, 38)",2,dam_schedule__mw__generation__caiso_totals,0.6559690237045288,0.65897536277771
"(4, 38)",2,dam_schedule__mw__import__caiso_totals,0.2627409100532532,0.25338029861450195
"(4, 38)",2,dam_schedule__mw__export__caiso_totals,0.5968766212463379,0.5875082015991211
"(4, 38)",2,dam_lmp__lmp_usd_per_mwh__th_sp15_gen_apnd,0.4464340806007385,0.4717636704444885
"(4, 38)",2,dam_lmp__congestion_usd_per_mwh__th_sp15_gen_apnd,0.26988184452056885,0.266973614692688
"(4, 38)",2,dam_lmp__loss_usd_per_mwh__th_sp15_gen_apnd,0.2438410520553589,0.2569747567176819
"(4, 38)",2,rt15_lmp_hourly_mean__congestion_usd_per_mwh__th_sp15_gen_apnd,0.1384252905845642,0.13598734140396118
"(4, 38)",2,dam_as_total_procured__mw__ru__as_caiso,0.1778959035873413,0.17139816284179688
"(4, 38)",2,dam_as_total_procured__mw__rd__as_caiso,0.4529964327812195,0.4381580352783203
"(4, 38)",2,dam_as_total_procured__mw__sr__as_caiso,0.08670103549957275,0.11037439107894897
"(4, 38)",2,dam_as_total_procured__mw__nr__as_caiso,0.15180766582489014,0.13449186086654663
"(4, 42)",2,actual_load__mw__ca_iso_tac,0.542228102684021,0.5595502853393555
"(4, 42)",2,dam_schedule__mw__generation__caiso_totals,0.6414041519165039,0.6443824768066406
"(4, 42)",2,dam_schedule__mw__import__caiso_totals,0.05625873804092407,0.061852216720581055
"(4, 42)",2,dam_schedule__mw__export__caiso_totals,0.5938717126846313,0.5754712820053101
"(4, 42)",2,dam_lmp__lmp_usd_per_mwh__th_sp15_gen_apnd,0.2566051483154297,0.2760505676269531
"(4, 42)",2,dam_lmp__congestion_usd_per_mwh__th_sp15_gen_apnd,0.12186598777770996,0.13657420873641968
"(4, 42)",2,dam_lmp__loss_usd_per_mwh__th_sp15_gen_apnd,0.13523197174072266,0.1421836018562317
"(4, 42)",2,rt15_lmp_hourly_mean__congestion_usd_per_mwh__th_sp15_gen_apnd,0.10087954998016357,0.10790926218032837
"(4, 42)",2,dam_as_total_procured__mw__ru__as_caiso,0.10513275861740112,0.10359811782836914
"(4, 42)",2,dam_as_total_procured__mw__rd__as_caiso,0.20575624704360962,0.22371476888656616
"(4, 42)",2,dam_as_total_procured__mw__sr__as_caiso,0.04882538318634033,0.07290041446685791
"(4, 42)",2,dam_as_total_procured__mw__nr__as_caiso,0.11903297901153564,0.10694992542266846
"(5, 8)",2,actual_load__mw__ca_iso_tac,0.6395160555839539,0.6574366092681885
"(5, 8)",2,dam_schedule__mw__generation__caiso_totals,0.7168093919754028,0.7193455100059509
"(5, 8)",2,dam_schedule__mw__import__caiso_totals,0.05315929651260376,0.05197465419769287
"(5, 8)",2,dam_schedule__mw__export__caiso_totals,0.545325756072998,0.523059070110321
"(5, 8)",2,dam_lmp__lmp_usd_per_mwh__th_sp15_gen_apnd,0.13513565063476562,0.15642881393432617
"(5, 8)",2,dam_lmp__congestion_usd_per_mwh__th_sp15_gen_apnd,0.07190412282943726,0.07473856210708618
"(5, 8)",2,dam_lmp__loss_usd_per_mwh__th_sp15_gen_apnd,0.1548861265182495,0.1766834259033203
"(5, 8)",2,rt15_lmp_hourly_mean__congestion_usd_per_mwh__th_sp15_gen_apnd,0.06486457586288452,0.07507383823394775
"(5, 8)",2,dam_as_total_procured__mw__ru__as_caiso,0.06309312582015991,0.06894725561141968
"(5, 8)",2,dam_as_total_procured__mw__rd__as_caiso,0.03905302286148071,0.05207186937332153
"(5, 8)",2,dam_as_total_procured__mw__sr__as_caiso,0.08502507209777832,0.10871785879135132
"(5, 8)",2,dam_as_total_procured__mw__nr__as_caiso,0.15525895357131958,0.15247946977615356
"(5, 12)",2,actual_load__mw__ca_iso_tac,0.6406562924385071,0.6500585675239563
"(5, 12)",2,dam_schedule__mw__generation__caiso_totals,0.7129508852958679,0.7089818716049194
"(5, 12)",2,dam_schedule__mw__import__caiso_totals,0.057816386222839355,0.05423867702484131
"(5, 12)",2,dam_schedule__mw__export__caiso_totals,0.5517905950546265,0.5196044445037842
"(5, 12)",2,dam_lmp__lmp_usd_per_mwh__th_sp15_gen_apnd,0.13871550559997559,0.15501755475997925
"(5, 12)",2,dam_lmp__congestion_usd_per_mwh__th_sp15_gen_apnd,0.052983999252319336,0.05040276050567627
"(5, 12)",2,dam_lmp__loss_usd_per_mwh__th_sp15_gen_apnd,0.13919150829315186,0.1516115665435791
"(5, 12)",2,rt15_lmp_hourly_mean__congestion_usd_per_mwh__th_sp15_gen_apnd,0.06500816345214844,0.07175499200820923
"(5, 12)",2,dam_as_total_procured__mw__ru__as_caiso,0.043892502784729004,0.04857432842254639
"(5, 12)",2,dam_as_total_procured__mw__rd__as_caiso,0.0282670259475708,0.0355493426322937
"(5, 12)",2,dam_as_total_procured__mw__sr__as_caiso,0.09572279453277588,0.11065608263015747
"(5, 12)",2,dam_as_total_procured__mw__nr__as_caiso,0.149891197681427,0.14579850435256958
"(5, 16)",2,actual_load__mw__ca_iso_tac,0.6685518026351929,0.6719744801521301
"(5, 16)",2,dam_schedule__mw__generation__caiso_totals,0.7282911539077759,0.722449779510498
"(5, 16)",2,dam_schedule__mw__import__caiso_totals,0.07812732458114624,0.06996142864227295
"(5, 16)",2,dam_schedule__mw__export__caiso_totals,0.5608785152435303,0.5297123193740845
"(5, 16)",2,dam_lmp__lmp_usd_per_mwh__th_sp15_gen_apnd,0.16568201780319214,0.17785799503326416
"(5, 16)",2,dam_lmp__congestion_usd_per_mwh__th_sp15_gen_apnd,0.0569726824760437,0.05236929655075073
"(5, 16)",2,dam_lmp__loss_usd_per_mwh__th_sp15_gen_apnd,0.1564914584159851,0.16185975074768066
"(5, 16)",2,rt15_lmp_hourly_mean__congestion_usd_per_mwh__th_sp15_gen_apnd,0.05522841215133667,0.060688555240631104
"(5, 16)",2,dam_as_total_procured__mw__ru__as_caiso,0.06570380926132202,0.06757223606109619
"(5, 16)",2,dam_as_total_procured__mw__rd__as_caiso,0.046330392360687256,0.04987555742263794
"(5, 16)",2,dam_as_total_procured__mw__sr__as_caiso,0.09797674417495728,0.11995691061019897
"(5, 16)",2,dam_as_total_procured__mw__nr__as_caiso,0.16217643022537231,0.15771055221557617
"(5, 20)",2,actual_load__mw__ca_iso_tac,0.7107352018356323,0.7221181988716125
"(5, 20)",2,dam_schedule__mw__generation__caiso_totals,0.7692850828170776,0.7766976356506348
"(5, 20)",2,dam_schedule__mw__import__caiso_totals,0.23429030179977417,0.2478727102279663
"(5, 20)",2,dam_schedule__mw__export__caiso_totals,0.6387777924537659,0.6086071729660034
"(5, 20)",2,dam_lmp__lmp_usd_per_mwh__th_sp15_gen_apnd,0.7875280380249023,0.7848653793334961
"(5, 20)",2,dam_lmp__congestion_usd_per_mwh__th_sp15_gen_apnd,0.1543896198272705,0.13925421237945557
"(5, 20)",2,dam_lmp__loss_usd_per_mwh__th_sp15_gen_apnd,0.45842885971069336,0.4719809293746948
"(5, 20)",2,rt15_lmp_hourly_mean__congestion_usd_per_mwh__th_sp15_gen_apnd,0.15951454639434814,0.14029711484909058
"(5, 20)",2,dam_as_total_procured__mw__ru__as_caiso,0.18604803085327148,0.18550986051559448
"(5, 20)",2,dam_as_total_procured__mw__rd__as_caiso,0.2604585886001587,0.2787272334098816
"(5, 20)",2,dam_as_total_procured__mw__sr__as_caiso,0.11479437351226807,0.12609881162643433
"(5, 20)",2,dam_as_total_procured__mw__nr__as_caiso,0.2131340503692627,0.21191924810409546
"(5, 24)",2,actual_load__mw__ca_iso_tac,0.7069635391235352,0.7112415432929993
"(5, 24)",2,dam_schedule__mw__generation__caiso_totals,0.7497557401657104,0.7569946646690369
"(5, 24)",2,dam_schedule__mw__import__caiso_totals,0.22861731052398682,0.2462422251701355
"(5, 24)",2,dam_schedule__mw__export__caiso_totals,0.6243504285812378,0.5994625687599182
"(5, 24)",2,dam_lmp__lmp_usd_per_mwh__th_sp15_gen_apnd,0.8135502934455872,0.8265790939331055
"(5, 24)",2,dam_lmp__congestion_usd_per_mwh__th_sp15_gen_apnd,0.3422030210494995,0.3522765636444092
"(5, 24)",2,dam_lmp__loss_usd_per_mwh__th_sp15_gen_apnd,0.33853715658187866,0.35376113653182983
"(5, 24)",2,rt15_lmp_hourly_mean__congestion_usd_per_mwh__th_sp15_gen_apnd,0.3411461114883423,0.356296181678772
"(5, 24)",2,dam_as_total_procured__mw__ru__as_caiso,0.19332820177078247,0.18563753366470337
"(5, 24)",2,dam_as_total_procured__mw__rd__as_caiso,0.36592352390289307,0.38139551877975464
"(5, 24)",2,dam_as_total_procured__mw__sr__as_caiso,0.10933226346969604,0.13327741622924805
"(5, 24)",2,dam_as_total_procured__mw__nr__as_caiso,0.18002712726593018,0.176932692527771
"(5, 28)",2,actual_load__mw__ca_iso_tac,0.8114517331123352,0.8158247470855713
"(5, 28)",2,dam_schedule__mw__generation__caiso_totals,0.8330943584442139,0.8348433971405029
"(5, 28)",2,dam_schedule__mw__import__caiso_totals,0.16963165998458862,0.15611940622329712
"(5, 28)",2,dam_schedule__mw__export__caiso_totals,0.5777112245559692,0.5471806526184082
"(5, 28)",2,dam_lmp__lmp_usd_per_mwh__th_sp15_gen_apnd,0.3693508505821228,0.3687358498573303
"(5, 28)",2,dam_lmp__congestion_usd_per_mwh__th_sp15_gen_apnd,0.09548640251159668,0.08330827951431274
"(5, 28)",2,dam_lmp__loss_usd_per_mwh__th_sp15_gen_apnd,0.3157727122306824,0.31685125827789307
"(5, 28)",2,rt15_lmp_hourly_mean__congestion_usd_per_mwh__th_sp15_gen_apnd,0.11662596464157104,0.10499000549316406
"(5, 28)",2,dam_as_total_procured__mw__ru__as_caiso,0.10437959432601929,0.10427027940750122
"(5, 28)",2,dam_as_total_procured__mw__rd__as_caiso,0.14425629377365112,0.1365722417831421
"(5, 28)",2,dam_as_total_procured__mw__sr__as_caiso,0.10231107473373413,0.12075412273406982
"(5, 28)",2,dam_as_total_procured__mw__nr__as_caiso,0.17977064847946167,0.18140149116516113
"(5, 32)",2,actual_load__mw__ca_iso_tac,0.6451701521873474,0.6547718048095703
"(5, 32)",2,dam_schedule__mw__generation__caiso_totals,0.7257046699523926,0.7229617834091187
"(5, 32)",2,dam_schedule__mw__import__caiso_totals,0.10831713676452637,0.10893219709396362
"(5, 32)",2,dam_schedule__mw__export__caiso_totals,0.576253354549408,0.5377524495124817
"(5, 32)",2,dam_lmp__lmp_usd_per_mwh__th_sp15_gen_apnd,0.2679659128189087,0.26182323694229126
"(5, 32)",2,dam_lmp__congestion_usd_per_mwh__th_sp15_gen_apnd,0.18904191255569458,0.15559154748916626
"(5, 32)",2,dam_lmp__loss_usd_per_mwh__th_sp15_gen_apnd,0.14660662412643433,0.16013503074645996
"(5, 32)",2,rt15_lmp_hourly_mean__congestion_usd_per_mwh__th_sp15_gen_apnd,0.13391947746276855,0.13547027111053467
"(5, 32)",2,dam_as_total_procured__mw__ru__as_caiso,0.3558393716812134,0.3647136688232422
"(5, 32)",2,dam_as_total_procured__mw__rd__as_caiso,0.31379806995391846,0.3050801753997803
"(5, 32)",2,dam_as_total_procured__mw__sr__as_caiso,0.09760290384292603,0.1134955883026123
"(5, 32)",2,dam_as_total_procured__mw__nr__as_caiso,0.16311341524124146,0.15836012363433838
"(5, 36)",2,actual_load__mw__ca_iso_tac,0.793073296546936,0.8066788911819458
"(5, 36)",2,dam_schedule__mw__generation__caiso_totals,0.7975403070449829,0.80672287940979
"(5, 36)",2,dam_schedule__mw__import__caiso_totals,0.16185808181762695,0.1488773226737976
"(5, 36)",2,dam_schedule__mw__export__caiso_totals,0.5670838952064514,0.5464867353439331
"(5, 36)",2,dam_lmp__lmp_usd_per_mwh__th_sp15_gen_apnd,0.29309141635894775,0.311543345451355
"(5, 36)",2,dam_lmp__congestion_usd_per_mwh__th_sp15_gen_apnd,0.16642552614212036,0.1720203161239624
"(5, 36)",2,dam_lmp__loss_usd_per_mwh__th_sp15_gen_apnd,0.18398475646972656,0.20501524209976196
"(5, 36)",2,rt15_lmp_hourly_mean__congestion_usd_per_mwh__th_sp15_gen_apnd,0.11812269687652588,0.1333218812942505
"(5, 36)",2,dam_as_total_procured__mw__ru__as_caiso,0.09561491012573242,0.101482093334198
"(5, 36)",2,dam_as_total_procured__mw__rd__as_caiso,0.15572422742843628,0.1831771731376648
"(5, 36)",2,dam_as_total_procured__mw__sr__as_caiso,0.16699230670928955,0.17528021335601807
"(5, 36)",2,dam_as_total_procured__mw__nr__as_caiso,0.47241055965423584,0.4661110043525696
"(5, 40)",2,actual_load__mw__ca_iso_tac,0.6605705618858337,0.6675591468811035
"(5, 40)",2,dam_schedule__mw__generation__caiso_totals,0.7203774452209473,0.7181142568588257
"(5, 40)",2,dam_schedule__mw__import__caiso_totals,0.06094282865524292,0.08164030313491821
"(5, 40)",2,dam_schedule__mw__export__caiso_totals,0.5530755519866943,0.5250608921051025
"(5, 40)",2,dam_lmp__lmp_usd_per_mwh__th_sp15_gen_apnd,0.3012804388999939,0.3248472213745117
"(5, 40)",2,dam_lmp__congestion_usd_per_mwh__th_sp15_gen_apnd,0.11839723587036133,0.11815786361694336
"(5, 40)",2,dam_lmp__loss_usd_per_mwh__th_sp15_gen_apnd,0.17228543758392334,0.18441414833068848
"(5, 40)",2,rt15_lmp_hourly_mean__congestion_usd_per_mwh__th_sp15_gen_apnd,0.10011190176010132,0.11387771368026733
"(5, 40)",2,dam_as_total_procured__mw__ru__as_caiso,0.08995217084884644,0.08884257078170776
"(5, 40)",2,dam_as_total_procured__mw__rd__as_caiso,0.05594909191131592,0.07444065809249878
"(5, 40)",2,dam_as_total_procured__mw__sr__as_caiso,0.08646893501281738,0.10691630840301514
"(5, 40)",2,dam_as_total_procured__mw__nr__as_caiso,0.16615039110183716,0.15830779075622559
"(6, 7)",2,actual_load__mw__ca_iso_tac,0.6868774890899658,0.6996694803237915
"(6, 7)",2,dam_schedule__mw__generation__caiso_totals,0.7446917295455933,0.7484464645385742
"(6, 7)",2,dam_schedule__mw__import__caiso_totals,0.3566957712173462,0.3569655418395996
"(6, 7)",2,dam_schedule__mw__export__caiso_totals,0.627038836479187,0.6107782125473022
"(6, 7)",2,dam_lmp__lmp_usd_per_mwh__th_sp15_gen_apnd,0.6684281826019287,0.6909466981887817
"(6, 7)",2,dam_lmp__congestion_usd_per_mwh__th_sp15_gen_apnd,0.46791672706604004,0.45787888765335083
"(6, 7)",2,dam_lmp__loss_usd_per_mwh__th_sp15_gen_apnd,0.2694571018218994,0.2625877857208252
"(6, 7)",2,rt15_lmp_hourly_mean__congestion_usd_per_mwh__th_sp15_gen_apnd,0.32571810483932495,0.346805214881897
"(6, 7)",2,dam_as_total_procured__mw__ru__as_caiso,0.3697527050971985,0.3597007393836975
"(6, 7)",2,dam_as_total_procured__mw__rd__as_caiso,0.7266561985015869,0.7204415798187256
"(6, 7)",2,dam_as_total_procured__mw__sr__as_caiso,0.11240357160568237,0.15394824743270874
"(6, 7)",2,dam_as_total_procured__mw__nr__as_caiso,0.16492152214050293,0.17432934045791626
"(6, 11)",2,actual_load__mw__ca_iso_tac,0.6935780048370361,0.7079682350158691
"(6, 11)",2,dam_schedule__mw__generation__caiso_totals,0.7461559772491455,0.7506519556045532
"(6, 11)",2,dam_schedule__mw__import__caiso_totals,0.3613189458847046,0.35700666904449463
"(6, 11)",2,dam_schedule__mw__export__caiso_totals,0.6130163669586182,0.6004422903060913
"(6, 11)",2,dam_lmp__lmp_usd_per_mwh__th_sp15_gen_apnd,0.6633991003036499,0.6800730228424072
"(6, 11)",2,dam_lmp__congestion_usd_per_mwh__th_sp15_gen_apnd,0.4867965579032898,0.47305822372436523
"(6, 11)",2,dam_lmp__loss_usd_per_mwh__th_sp15_gen_apnd,0.23524028062820435,0.23271429538726807
"(6, 11)",2,rt15_lmp_hourly_mean__congestion_usd_per_mwh__th_sp15_gen_apnd,0.32152754068374634,0.33827757835388184
"(6, 11)",2,dam_as_total_procured__mw__ru__as_caiso,0.40101271867752075,0.39324021339416504
"(6, 11)",2,dam_as_total_procured__mw__rd__as_caiso,0.7672039270401001,0.7604203224182129
"(6, 11)",2,dam_as_total_procured__mw__sr__as_caiso,0.11924684047698975,0.16109836101531982
"(6, 11)",2,dam_as_total_procured__mw__nr__as_caiso,0.164911687374115,0.17371726036071777
"(6, 15)",2,actual_load__mw__ca_iso_tac,0.7040387392044067,0.7166780233383179
"(6, 15)",2,dam_schedule__mw__generation__caiso_totals,0.7552670240402222,0.7554275989532471
"(6, 15)",2,dam_schedule__mw__import__caiso_totals,0.3661723732948303,0.3644435405731201
"(6, 15)",2,dam_schedule__mw__export__caiso_totals,0.6273021101951599,0.6089717149734497
"(6, 15)",2,dam_lmp__lmp_usd_per_mwh__th_sp15_gen_apnd,0.7400894165039062,0.7534587979316711
"(6, 15)",2,dam_lmp__congestion_usd_per_mwh__th_sp15_gen_apnd,0.524283766746521,0.5179120302200317
"(6, 15)",2,dam_lmp__loss_usd_per_mwh__th_sp15_gen_apnd,0.3128185272216797,0.30423229932785034
"(6, 15)",2,rt15_lmp_hourly_mean__congestion_usd_per_mwh__th_sp15_gen_apnd,0.35463178157806396,0.3635628819465637
"(6, 15)",2,dam_as_total_procured__mw__ru__as_caiso,0.4180363416671753,0.4094688892364502
"(6, 15)",2,dam_as_total_procured__mw__rd__as_caiso,0.7833390235900879,0.7747936844825745
"(6, 15)",2,dam_as_total_procured__mw__sr__as_caiso,0.11937230825424194,0.16129440069198608
"(6, 15)",2,dam_as_total_procured__mw__nr__as_caiso,0.17464250326156616,0.18276768922805786
"(6, 19)",2,actual_load__mw__ca_iso_tac,0.7034868597984314,0.7201970815658569
"(6, 19)",2,dam_schedule__mw__generation__caiso_totals,0.7532336115837097,0.7667939066886902
"(6, 19)",2,dam_schedule__mw__import__caiso_totals,0.3327335715293884,0.3336207866668701
"(6, 19)",2,dam_schedule__mw__export__caiso_totals,0.6244189739227295,0.6054601669311523
"(6, 19)",2,dam_lmp__lmp_usd_per_mwh__th_sp15_gen_apnd,0.9586895704269409,0.9589548110961914
"(6, 19)",2,dam_lmp__congestion_usd_per_mwh__th_sp15_gen_apnd,0.3799917697906494,0.37952548265457153
"(6, 19)",2,dam_lmp__loss_usd_per_mwh__th_sp15_gen_apnd,0.433610737323761,0.4467949867248535
"(6, 19)",2,rt15_lmp_hourly_mean__congestion_usd_per_mwh__th_sp15_gen_apnd,0.3157910704612732,0.30943262577056885
"(6, 19)",2,dam_as_total_procured__mw__ru__as_caiso,0.2082885503768921,0.19778293371200562
"(6, 19)",2,dam_as_total_procured__mw__rd__as_caiso,0.38233113288879395,0.38638246059417725
"(6, 19)",2,dam_as_total_procured__mw__sr__as_caiso,0.11117887496948242,0.1295289397239685
"(6, 19)",2,dam_as_total_procured__mw__nr__as_caiso,0.1986904740333557,0.19703036546707153
"(6, 23)",2,actual_load__mw__ca_iso_tac,0.6815812587738037,0.6927273273468018
"(6, 23)",2,dam_schedule__mw__generation__caiso_totals,0.7227610349655151,0.7345092296600342
"(6, 23)",2,dam_schedule__mw__import__caiso_totals,0.27724695205688477,0.2808363437652588
"(6, 23)",2,dam_schedule__mw__export__caiso_totals,0.5996205806732178,0.5804780125617981
"(6, 23)",2,dam_lmp__lmp_usd_per_mwh__th_sp15_gen_apnd,0.8700840473175049,0.8737612962722778
"(6, 23)",2,dam_lmp__congestion_usd_per_mwh__th_sp15_gen_apnd,0.4046633243560791,0.4035429358482361
"(6, 23)",2,dam_lmp__loss_usd_per_mwh__th_sp15_gen_apnd,0.33272629976272583,0.34446483850479126
"(6, 23)",2,rt15_lmp_hourly_mean__congestion_usd_per_mwh__th_sp15_gen_apnd,0.4434713125228882,0.4420744776725769
"(6, 23)",2,dam_as_total_procured__mw__ru__as_caiso,0.21814507246017456,0.206099271774292
"(6, 23)",2,dam_as_total_procured__mw__rd__as_caiso,0.4003305435180664,0.40793484449386597
"(6, 23)",2,dam_as_total_procured__mw__sr__as_caiso,0.09557569026947021,0.11901199817657471
"(6, 23)",2,dam_as_total_procured__mw__nr__as_caiso,0.16688412427902222,0.16456902027130127
"(6, 27)",2,actual_load__mw__ca_iso_tac,0.7707186937332153,0.7766152620315552
"(6, 27)",2,dam_schedule__mw__generation__caiso_totals,0.7906852960586548,0.7938136458396912
"(6, 27)",2,dam_schedule__mw__import__caiso_totals,0.3106479048728943,0.29877346754074097
"(6, 27)",2,dam_schedule__mw__export__caiso_totals,0.5953727960586548,0.5772044658660889
"(6, 27)",2,dam_lmp__lmp_usd_per_mwh__th_sp15_gen_apnd,0.5679554343223572,0.5774564743041992
"(6, 27)",2,dam_lmp__congestion_usd_per_mwh__th_sp15_gen_apnd,0.3378021717071533,0.31776362657546997
"(6, 27)",2,dam_lmp__loss_usd_per_mwh__th_sp15_gen_apnd,0.43128424882888794,0.4292483329772949
"(6, 27)",2,rt15_lmp_hourly_mean__congestion_usd_per_mwh__th_sp15_gen_apnd,0.2726852297782898,0.2675970196723938
"(6, 27)",2,dam_as_total_procured__mw__ru__as_caiso,0.15961766242980957,0.1566876769065857
"(6, 27)",2,dam_as_total_procured__mw__rd__as_caiso,0.34241098165512085,0.3288242816925049
"(6, 27)",2,dam_as_total_procured__mw__sr__as_caiso,0.08636558055877686,0.11375337839126587
"(6, 27)",2,dam_as_total_procured__mw__nr__as_caiso,0.1965845227241516,0.19844669103622437
"(6, 31)",2,actual_load__mw__ca_iso_tac,0.6013191938400269,0.6270638704299927
"(6, 31)",2,dam_schedule__mw__generation__caiso_totals,0.6785051822662354,0.6898517608642578
"(6, 31)",2,dam_schedule__mw__import__caiso_totals,0.11502188444137573,0.10707074403762817
"(6, 31)",2,dam_schedule__mw__export__caiso_totals,0.5214394927024841,0.5047316551208496
"(6, 31)",2,dam_lmp__lmp_usd_per_mwh__th_sp15_gen_apnd,0.256217360496521,0.27409636974334717
"(6, 31)",2,dam_lmp__congestion_usd_per_mwh__th_sp15_gen_apnd,0.17526143789291382,0.1725252866744995
"(6, 31)",2,dam_lmp__loss_usd_per_mwh__th_sp15_gen_apnd,0.12991636991500854,0.14266937971115112
"(6, 31)",2,rt15_lmp_hourly_mean__congestion_usd_per_mwh__th_sp15_gen_apnd,0.1590406894683838,0.17633026838302612
"(6, 31)",2,dam_as_total_procured__mw__ru__as_caiso,0.06693911552429199,0.0734325647354126
"(6, 31)",2,dam_as_total_procured__mw__rd__as_caiso,0.11361008882522583,0.11882549524307251
"(6, 31)",2,dam_as_total_procured__mw__sr__as_caiso,0.06852376461029053,0.08996176719665527
"(6, 31)",2,dam_as_total_procured__mw__nr__as_caiso,0.1442071795463562,0.14419317245483398
"(6, 35)",2,actual_load__mw__ca_iso_tac,0.7025634050369263,0.7154161334037781
"(6, 35)",2,dam_schedule__mw__generation__caiso_totals,0.7700231671333313,0.7755182981491089
"(6, 35)",2,dam_schedule__mw__import__caiso_totals,0.2771286368370056,0.2749482989311218
"(6, 35)",2,dam_schedule__mw__export__caiso_totals,0.6112878918647766,0.6020379066467285
"(6, 35)",2,dam_lmp__lmp_usd_per_mwh__th_sp15_gen_apnd,0.5141538381576538,0.5200337767601013
"(6, 35)",2,dam_lmp__congestion_usd_per_mwh__th_sp15_gen_apnd,0.449309766292572,0.42137759923934937
"(6, 35)",2,dam_lmp__loss_usd_per_mwh__th_sp15_gen_apnd,0.1673998236656189,0.18149739503860474
"(6, 35)",2,rt15_lmp_hourly_mean__congestion_usd_per_mwh__th_sp15_gen_apnd,0.2961266040802002,0.31202226877212524
"(6, 35)",2,dam_as_total_procured__mw__ru__as_caiso,0.44013267755508423,0.4455445408821106
"(6, 35)",2,dam_as_total_procured__mw__rd__as_caiso,0.9779253602027893,0.976807177066803
"(6, 35)",2,dam_as_total_procured__mw__sr__as_caiso,0.10213601589202881,0.14286142587661743
"(6, 35)",2,dam_as_total_procured__mw__nr__as_caiso,0.1672154664993286,0.16765284538269043
"(6, 39)",2,actual_load__mw__ca_iso_tac,0.6291797161102295,0.6486661434173584
"(6, 39)",2,dam_schedule__mw__generation__caiso_totals,0.6890195608139038,0.6984410285949707
"(6, 39)",2,dam_schedule__mw__import__caiso_totals,0.1305587887763977,0.126162588596344
"(6, 39)",2,dam_schedule__mw__export__caiso_totals,0.5300770401954651,0.511798620223999
"(6, 39)",2,dam_lmp__lmp_usd_per_mwh__th_sp15_gen_apnd,0.318950355052948,0.3439653515815735
"(6, 39)",2,dam_lmp__congestion_usd_per_mwh__th_sp15_gen_apnd,0.22704923152923584,0.2274838089942932
"(6, 39)",2,dam_lmp__loss_usd_per_mwh__th_sp15_gen_apnd,0.15276563167572021,0.16443055868148804
"(6, 39)",2,rt15_lmp_hourly_mean__congestion_usd_per_mwh__th_sp15_gen_apnd,0.18248909711837769,0.20484083890914917
"(6, 39)",2,dam_as_total_procured__mw__ru__as_caiso,0.1272730827331543,0.1305243968963623
"(6, 39)",2,dam_as_total_procured__mw__rd__as_caiso,0.18368136882781982,0.19963854551315308
"(6, 39)",2,dam_as_total_procured__mw__sr__as_caiso,0.08494025468826294,0.10626304149627686
"(6, 39)",2,dam_as_total_procured__mw__nr__as_caiso,0.16045302152633667,0.16426056623458862
"(6, 43)",2,actual_load__mw__ca_iso_tac,0.6259891986846924,0.6493297219276428
"(6, 43)",2,dam_schedule__mw__generation__caiso_totals,0.7027425765991211,0.7120527029037476
"(6, 43)",2,dam_schedule__mw__import__caiso_totals,0.26278889179229736,0.24888205528259277
"(6, 43)",2,dam_schedule__mw__export__caiso_totals,0.5536910891532898,0.5437524914741516
"(6, 43)",2,dam_lmp__lmp_usd_per_mwh__th_sp15_gen_apnd,0.4608588218688965,0.488078773021698
"(6, 43)",2,dam_lmp__congestion_usd_per_mwh__th_sp15_gen_apnd,0.3127012848854065,0.309348464012146
"(6, 43)",2,dam_lmp__loss_usd_per_mwh__th_sp15_gen_apnd,0.1769995093345642,0.1911557912826538
"(6, 43)",2,rt15_lmp_hourly_mean__congestion_usd_per_mwh__th_sp15_gen_apnd,0.2543744444847107,0.26000720262527466
"(6, 43)",2,dam_as_total_procured__mw__ru__as_caiso,0.11777329444885254,0.1269686222076416
"(6, 43)",2,dam_as_total_procured__mw__rd__as_caiso,0.25947797298431396,0.2872489094734192
"(6, 43)",2,dam_as_total_procured__mw__sr__as_caiso,0.07606649398803711,0.10734885931015015
"(6, 43)",2,dam_as_total_procured__mw__nr__as_caiso,0.15955841541290283,0.1602674126625061
"(7, 11)",2,actual_load__mw__ca_iso_tac,0.2455732822418213,0.2463861107826233
"(7, 11)",2,dam_schedule__mw__generation__caiso_totals,0.26970237493515015,0.2707166075706482
"(7, 11)",2,dam_schedule__mw__import__caiso_totals,0.27968454360961914,0.2766587734222412
"(7, 11)",2,dam_schedule__mw__export__caiso_totals,0.32658785581588745,0.33745622634887695
"(7, 11)",2,dam_lmp__lmp_usd_per_mwh__th_sp15_gen_apnd,0.5422139167785645,0.5395597815513611
"(7, 11)",2,dam_lmp__congestion_usd_per_mwh__th_sp15_gen_apnd,0.4267224073410034,0.4108879566192627
"(7, 11)",2,dam_lmp__loss_usd_per_mwh__th_sp15_gen_apnd,0.1702086329460144,0.1449071764945984
"(7, 11)",2,rt15_lmp_hourly_mean__congestion_usd_per_mwh__th_sp15_gen_apnd,0.28680694103240967,0.28196853399276733
"(7, 11)",2,dam_as_total_procured__mw__ru__as_caiso,0.38128364086151123,0.3641960620880127
"(7, 11)",2,dam_as_total_procured__mw__rd__as_caiso,0.7405733466148376,0.7290710210800171
"(7, 11)",2,dam_as_total_procured__mw__sr__as_caiso,0.07754749059677124,0.11096984148025513
"(7, 11)",2,dam_as_total_procured__mw__nr__as_caiso,0.05126851797103882,0.05319720506668091
"(7, 15)",2,actual_load__mw__ca_iso_tac,0.2736603617668152,0.27070844173431396
"(7, 15)",2,dam_schedule__mw__generation__caiso_totals,0.3055206537246704,0.30895131826400757
"(7, 15)",2,dam_schedule__mw__import__caiso_totals,0.31276094913482666,0.3108305335044861
"(7, 15)",2,dam_schedule__mw__export__caiso_totals,0.3447430729866028,0.3537261486053467
"(7, 15)",2,dam_lmp__lmp_usd_per_mwh__th_sp15_gen_apnd,0.6802380084991455,0.6840744614601135
"(7, 15)",2,dam_lmp__congestion_usd_per_mwh__th_sp15_gen_apnd,0.5264090895652771,0.513603687286377
"(7, 15)",2,dam_lmp__loss_usd_per_mwh__th_sp15_gen_apnd,0.2917073965072632,0.27463120222091675
"(7, 15)",2,rt15_lmp_hourly_mean__congestion_usd_per_mwh__th_sp15_gen_apnd,0.3916012644767761,0.3891363739967346
"(7, 15)",2,dam_as_total_procured__mw__ru__as_caiso,0.40776896476745605,0.39680999517440796
"(7, 15)",2,dam_as_total_procured__mw__rd__as_caiso,0.7656943202018738,0.749438464641571
"(7, 15)",2,dam_as_total_procured__mw__sr__as_caiso,0.08457887172698975,0.12059575319290161
"(7, 15)",2,dam_as_total_procured__mw__nr__as_caiso,0.07095557451248169,0.07449430227279663
"(7, 19)",2,actual_load__mw__ca_iso_tac,0.5456650853157043,0.5600080490112305
"(7, 19)",2,dam_schedule__mw__generation__caiso_totals,0.6052948832511902,0.6329400539398193
"(7, 19)",2,dam_schedule__mw__import__caiso_totals,0.3846661448478699,0.3895431160926819
"(7, 19)",2,dam_schedule__mw__export__caiso_totals,0.45014649629592896,0.4638754725456238
"(7, 19)",2,dam_lmp__lmp_usd_per_mwh__th_sp15_gen_apnd,0.9664711356163025,0.9663270711898804
"(7, 19)",2,dam_lmp__congestion_usd_per_mwh__th_sp15_gen_apnd,0.4673996567726135,0.4586600065231323
"(7, 19)",2,dam_lmp__loss_usd_per_mwh__th_sp15_gen_apnd,0.5143069624900818,0.513459324836731
"(7, 19)",2,rt15_lmp_hourly_mean__congestion_usd_per_mwh__th_sp15_gen_apnd,0.3805481195449829,0.3653779625892639
"(7, 19)",2,dam_as_total_procured__mw__ru__as_caiso,0.3432809114456177,0.3312942385673523
"(7, 19)",2,dam_as_total_procured__mw__rd__as_caiso,0.7051196098327637,0.6990511417388916
"(7, 19)",2,dam_as_total_procured__mw__sr__as_caiso,0.09567761421203613,0.13918733596801758
"(7, 19)",2,dam_as_total_procured__mw__nr__as_caiso,0.10539549589157104,0.10816854238510132
"(7, 23)",2,actual_load__mw__ca_iso_tac,0.42979860305786133,0.44419389963150024
"(7, 23)",2,dam_schedule__mw__generation__caiso_totals,0.4429643750190735,0.4814729690551758
"(7, 23)",2,dam_schedule__mw__import__caiso_totals,0.363228976726532,0.3783659338951111
"(7, 23)",2,dam_schedule__mw__export__caiso_totals,0.3522382378578186,0.39038723707199097
"(7, 23)",2,dam_lmp__lmp_usd_per_mwh__th_sp15_gen_apnd,0.8748555183410645,0.8785199522972107
"(7, 23)",2,dam_lmp__congestion_usd_per_mwh__th_sp15_gen_apnd,0.4720606207847595,0.4617592692375183
"(7, 23)",2,dam_lmp__loss_usd_per_mwh__th_sp15_gen_apnd,0.39140576124191284,0.38771528005599976
"(7, 23)",2,rt15_lmp_hourly_mean__congestion_usd_per_mwh__th_sp15_gen_apnd,0.45720380544662476,0.46252429485321045
"(7, 23)",2,dam_as_total_procured__mw__ru__as_caiso,0.3411778211593628,0.32787954807281494
"(7, 23)",2,dam_as_total_procured__mw__rd__as_caiso,0.6982628703117371,0.6899516582489014
"(7, 23)",2,dam_as_total_procured__mw__sr__as_caiso,0.08603835105895996,0.12794828414916992
"(7, 23)",2,dam_as_total_procured__mw__nr__as_caiso,0.05551886558532715,0.06314408779144287
"(7, 27)",2,actual_load__mw__ca_iso_tac,0.8467142581939697,0.8473013639450073
"(7, 27)",2,dam_schedule__mw__generation__caiso_totals,0.8405405879020691,0.8455713391304016
"(7, 27)",2,dam_schedule__mw__import__caiso_totals,0.395643413066864,0.3974449634552002
"(7, 27)",2,dam_schedule__mw__export__caiso_totals,0.6001489162445068,0.5923337936401367
"(7, 27)",2,dam_lmp__lmp_usd_per_mwh__th_sp15_gen_apnd,0.721264123916626,0.7477462887763977
"(7, 27)",2,dam_lmp__congestion_usd_per_mwh__th_sp15_gen_apnd,0.4331092834472656,0.42975276708602905
"(7, 27)",2,dam_lmp__loss_usd_per_mwh__th_sp15_gen_apnd,0.40268582105636597,0.3943103551864624
"(7, 27)",2,rt15_lmp_hourly_mean__congestion_usd_per_mwh__th_sp15_gen_apnd,0.3009798526763916,0.3112209439277649
"(7, 27)",2,dam_as_total_procured__mw__ru__as_caiso,0.3694133758544922,0.35247886180877686
"(7, 27)",2,dam_as_total_procured__mw__rd__as_caiso,0.7301269769668579,0.7238762378692627
"(7, 27)",2,dam_as_total_procured__mw__sr__as_caiso,0.12083971500396729,0.16093748807907104
"(7, 27)",2,dam_as_total_procured__mw__nr__as_caiso,0.20649796724319458,0.20579230785369873
"(7, 31)",2,actual_load__mw__ca_iso_tac,0.21805870532989502,0.21854615211486816
"(7, 31)",2,dam_schedule__mw__generation__caiso_totals,0.250039279460907,0.2511899471282959
"(7, 31)",2,dam_schedule__mw__import__caiso_totals,0.26603829860687256,0.26492732763290405
"(7, 31)",2,dam_schedule__mw__export__caiso_totals,0.2976604700088501,0.3103429675102234
"(7, 31)",2,dam_lmp__lmp_usd_per_mwh__th_sp15_gen_apnd,0.5008459091186523,0.5113958120346069
"(7, 31)",2,dam_lmp__congestion_usd_per_mwh__th_sp15_gen_apnd,0.3774799108505249,0.3727068305015564
"(7, 31)",2,dam_lmp__loss_usd_per_mwh__th_sp15_gen_apnd,0.14788603782653809,0.127760648727417
"(7, 31)",2,rt15_lmp_hourly_mean__congestion_usd_per_mwh__th_sp15_gen_apnd,0.26774829626083374,0.2664920687675476
"(7, 31)",2,dam_as_total_procured__mw__ru__as_caiso,0.31959980726242065,0.3059496283531189
"(7, 31)",2,dam_as_total_procured__mw__rd__as_caiso,0.6807323694229126,0.6721211671829224
"(7, 31)",2,dam_as_total_procured__mw__sr__as_caiso,0.07190978527069092,0.10544610023498535
"(7, 31)",2,dam_as_total_procured__mw__nr__as_caiso,0.03058403730392456,0.036902546882629395
"(7, 35)",2,actual_load__mw__ca_iso_tac,0.3229283094406128,0.33540159463882446
"(7, 35)",2,dam_schedule__mw__generation__caiso_totals,0.3390396237373352,0.3372282385826111
"(7, 35)",2,dam_schedule__mw__import__caiso_totals,0.30094146728515625,0.299182653427124
"(7, 35)",2,dam_schedule__mw__export__caiso_totals,0.33162808418273926,0.3360784649848938
"(7, 35)",2,dam_lmp__lmp_usd_per_mwh__th_sp15_gen_apnd,0.5655187964439392,0.5677427053451538
"(7, 35)",2,dam_lmp__congestion_usd_per_mwh__th_sp15_gen_apnd,0.4568450450897217,0.4258110523223877
"(7, 35)",2,dam_lmp__loss_usd_per_mwh__th_sp15_gen_apnd,0.22552084922790527,0.22727376222610474
"(7, 35)",2,rt15_lmp_hourly_mean__congestion_usd_per_mwh__th_sp15_gen_apnd,0.3063582181930542,0.29858893156051636
"(7, 35)",2,dam_as_total_procured__mw__ru__as_caiso,0.4269569516181946,0.42947643995285034
"(7, 35)",2,dam_as_total_procured__mw__rd__as_caiso,0.9789001941680908,0.9775078892707825
"(7, 35)",2,dam_as_total_procured__mw__sr__as_caiso,0.07049310207366943,0.11428183317184448
"(7, 35)",2,dam_as_total_procured__mw__nr__as_caiso,0.06552684307098389,0.06257075071334839
"(7, 39)",2,actual_load__mw__ca_iso_tac,0.22415393590927124,0.2313949465751648
"(7, 39)",2,dam_schedule__mw__generation__caiso_totals,0.2674317955970764,0.2722426652908325
"(7, 39)",2,dam_schedule__mw__import__caiso_totals,0.269137442111969,0.2700955271720886
"(7, 39)",2,dam_schedule__mw__export__caiso_totals,0.32380300760269165,0.33014166355133057
"(7, 39)",2,dam_lmp__lmp_usd_per_mwh__th_sp15_gen_apnd,0.5138672590255737,0.5240639448165894
"(7, 39)",2,dam_lmp__congestion_usd_per_mwh__th_sp15_gen_apnd,0.38205665349960327,0.37701255083084106
"(7, 39)",2,dam_lmp__loss_usd_per_mwh__th_sp15_gen_apnd,0.18751943111419678,0.16466617584228516
"(7, 39)",2,rt15_lmp_hourly_mean__congestion_usd_per_mwh__th_sp15_gen_apnd,0.29209357500076294,0.28701072931289673
"(7, 39)",2,dam_as_total_procured__mw__ru__as_caiso,0.33808034658432007,0.32216423749923706
"(7, 39)",2,dam_as_total_procured__mw__rd__as_caiso,0.6880375146865845,0.6806635856628418
"(7, 39)",2,dam_as_total_procured__mw__sr__as_caiso,0.07328414916992188,0.10894948244094849
"(7, 39)",2,dam_as_total_procured__mw__nr__as_caiso,0.03954041004180908,0.04443979263305664
"(7, 43)",2,actual_load__mw__ca_iso_tac,0.23219680786132812,0.23803001642227173
"(7, 43)",2,dam_schedule__mw__generation__caiso_totals,0.27049893140792847,0.27894651889801025
"(7, 43)",2,dam_schedule__mw__import__caiso_totals,0.2794145345687866,0.2779311537742615
"(7, 43)",2,dam_schedule__mw__export__caiso_totals,0.3218039274215698,0.33069270849227905
"(7, 43)",2,dam_lmp__lmp_usd_per_mwh__th_sp15_gen_apnd,0.5211646556854248,0.5369954705238342
"(7, 43)",2,dam_lmp__congestion_usd_per_mwh__th_sp15_gen_apnd,0.3903176188468933,0.3814411759376526
"(7, 43)",2,dam_lmp__loss_usd_per_mwh__th_sp15_gen_apnd,0.16537779569625854,0.15110331773757935
"(7, 43)",2,rt15_lmp_hourly_mean__congestion_usd_per_mwh__th_sp15_gen_apnd,0.2858836054801941,0.278913676738739
"(7, 43)",2,dam_as_total_procured__mw__ru__as_caiso,0.32638221979141235,0.31678956747055054
"(7, 43)",2,dam_as_total_procured__mw__rd__as_caiso,0.6843290328979492,0.6772240400314331
"(7, 43)",2,dam_as_total_procured__mw__sr__as_caiso,0.07122063636779785,0.10767042636871338
"(7, 43)",2,dam_as_total_procured__mw__nr__as_caiso,0.03415226936340332,0.037715375423431396
"(8, 12)",2,actual_load__mw__ca_iso_tac,0.09113442897796631,0.07001841068267822
"(8, 12)",2,dam_schedule__mw__generation__caiso_totals,0.09735113382339478,0.06826722621917725
"(8, 12)",2,dam_schedule__mw__import__caiso_totals,0.0359494686126709,0.030166447162628174
"(8, 12)",2,dam_schedule__mw__export__caiso_totals,0.07108163833618164,0.06044954061508179
"(8, 12)",2,dam_lmp__lmp_usd_per_mwh__th_sp15_gen_apnd,0.01997542381286621,0.022825896739959717
"(8, 12)",2,dam_lmp__congestion_usd_per_mwh__th_sp15_gen_apnd,0.03802865743637085,0.045752525329589844
"(8, 12)",2,dam_lmp__loss_usd_per_mwh__th_sp15_gen_apnd,0.012351155281066895,0.013588190078735352
"(8, 12)",2,rt15_lmp_hourly_mean__congestion_usd_per_mwh__th_sp15_gen_apnd,0.01943337917327881,0.02626556158065796
"(8, 12)",2,dam_as_total_procured__mw__ru__as_caiso,0.03306502103805542,0.03212463855743408
"(8, 12)",2,dam_as_total_procured__mw__rd__as_caiso,0.018879175186157227,0.028077006340026855
"(8, 12)",2,dam_as_total_procured__mw__sr__as_caiso,0.014467358589172363,0.018019378185272217
"(8, 12)",2,dam_as_total_procured__mw__nr__as_caiso,0.03400146961212158,0.029230594635009766
"(8, 16)",2,actual_load__mw__ca_iso_tac,0.09673339128494263,0.07802987098693848
"(8, 16)",2,dam_schedule__mw__generation__caiso_totals,0.092182457447052,0.07000631093978882
"(8, 16)",2,dam_schedule__mw__import__caiso_totals,0.04828321933746338,0.04064697027206421
"(8, 16)",2,dam_schedule__mw__export__caiso_totals,0.0664871335029602,0.061331093311309814
"(8, 16)",2,dam_lmp__lmp_usd_per_mwh__th_sp15_gen_apnd,0.06636267900466919,0.06340771913528442
"(8, 16)",2,dam_lmp__congestion_usd_per_mwh__th_sp15_gen_apnd,0.05687028169631958,0.0571979284286499
"(8, 16)",2,dam_lmp__loss_usd_per_mwh__th_sp15_gen_apnd,0.035434603691101074,0.024704456329345703
"(8, 16)",2,rt15_lmp_hourly_mean__congestion_usd_per_mwh__th_sp15_gen_apnd,0.03218883275985718,0.033033668994903564
"(8, 16)",2,dam_as_total_procured__mw__ru__as_caiso,0.049091637134552,0.04428207874298096
"(8, 16)",2,dam_as_total_procured__mw__rd__as_caiso,0.04632365703582764,0.04973524808883667
"(8, 16)",2,dam_as_total_procured__mw__sr__as_caiso,0.017685294151306152,0.019310712814331055
"(8, 16)",2,dam_as_total_procured__mw__nr__as_caiso,0.039641618728637695,0.038920044898986816
"(8, 20)",2,actual_load__mw__ca_iso_tac,0.2387700080871582,0.21396595239639282
"(8, 20)",2,dam_schedule__mw__generation__caiso_totals,0.24303871393203735,0.2199506163597107
"(8, 20)",2,dam_schedule__mw__import__caiso_totals,0.22586488723754883,0.23354053497314453
"(8, 20)",2,dam_schedule__mw__export__caiso_totals,0.21588289737701416,0.19681406021118164
"(8, 20)",2,dam_lmp__lmp_usd_per_mwh__th_sp15_gen_apnd,0.798824667930603,0.7970384359359741
"(8, 20)",2,dam_lmp__congestion_usd_per_mwh__th_sp15_gen_apnd,0.19437140226364136,0.1861708164215088
"(8, 20)",2,dam_lmp__loss_usd_per_mwh__th_sp15_gen_apnd,0.4315335154533386,0.44837772846221924
"(8, 20)",2,rt15_lmp_hourly_mean__congestion_usd_per_mwh__th_sp15_gen_apnd,0.17721772193908691,0.1593334674835205
"(8, 20)",2,dam_as_total_procured__mw__ru__as_caiso,0.19400262832641602,0.17085498571395874
"(8, 20)",2,dam_as_total_procured__mw__rd__as_caiso,0.2606295943260193,0.27073562145233154
"(8, 20)",2,dam_as_total_procured__mw__sr__as_caiso,0.027274131774902344,0.030624449253082275
"(8, 20)",2,dam_as_total_procured__mw__nr__as_caiso,0.0868920087814331,0.0900617241859436
"(8, 24)",2,actual_load__mw__ca_iso_tac,0.17036491632461548,0.1530439853668213
"(8, 24)",2,dam_schedule__mw__generation__caiso_totals,0.15421658754348755,0.13985097408294678
"(8, 24)",2,dam_schedule__mw__import__caiso_totals,0.2362317442893982,0.24425750970840454
"(8, 24)",2,dam_schedule__mw__export__caiso_totals,0.14215940237045288,0.1321699023246765
"(8, 24)",2,dam_lmp__lmp_usd_per_mwh__th_sp15_gen_apnd,0.8009056448936462,0.8158752918243408
"(8, 24)",2,dam_lmp__congestion_usd_per_mwh__th_sp15_gen_apnd,0.36019307374954224,0.37059664726257324
"(8, 24)",2,dam_lmp__loss_usd_per_mwh__th_sp15_gen_apnd,0.3138161301612854,0.3317175507545471
"(8, 24)",2,rt15_lmp_hourly_mean__congestion_usd_per_mwh__th_sp15_gen_apnd,0.335903525352478,0.35173386335372925
"(8, 24)",2,dam_as_total_procured__mw__ru__as_caiso,0.19748902320861816,0.17468905448913574
"(8, 24)",2,dam_as_total_procured__mw__rd__as_caiso,0.34434378147125244,0.35450804233551025
"(8, 24)",2,dam_as_total_procured__mw__sr__as_caiso,0.03174108266830444,0.03588300943374634
"(8, 24)",2,dam_as_total_procured__mw__nr__as_caiso,0.04640913009643555,0.049825966358184814
"(8, 28)",2,actual_load__mw__ca_iso_tac,0.7999765276908875,0.8038178086280823
"(8, 28)",2,dam_schedule__mw__generation__caiso_totals,0.802240252494812,0.8100845813751221
"(8, 28)",2,dam_schedule__mw__import__caiso_totals,0.10970556735992432,0.09684014320373535
"(8, 28)",2,dam_schedule__mw__export__caiso_totals,0.4311572313308716,0.43794935941696167
"(8, 28)",2,dam_lmp__lmp_usd_per_mwh__th_sp15_gen_apnd,0.26891541481018066,0.2727542519569397
"(8, 28)",2,dam_lmp__congestion_usd_per_mwh__th_sp15_gen_apnd,0.06361424922943115,0.06420528888702393
"(8, 28)",2,dam_lmp__loss_usd_per_mwh__th_sp15_gen_apnd,0.28306907415390015,0.282656192779541
"(8, 28)",2,rt15_lmp_hourly_mean__congestion_usd_per_mwh__th_sp15_gen_apnd,0.07171630859375,0.07807159423828125
"(8, 28)",2,dam_as_total_procured__mw__ru__as_caiso,0.08511394262313843,0.08931952714920044
"(8, 28)",2,dam_as_total_procured__mw__rd__as_caiso,0.07613599300384521,0.08593505620956421
"(8, 28)",2,dam_as_total_procured__mw__sr__as_caiso,0.08738523721694946,0.0992741584777832
"(8, 28)",2,dam_as_total_procured__mw__nr__as_caiso,0.19053739309310913,0.19173520803451538
"(8, 32)",2,actual_load__mw__ca_iso_tac,0.1366613507270813,0.11492633819580078
"(8, 32)",2,dam_schedule__mw__generation__caiso_totals,0.16764318943023682,0.14479202032089233
"(8, 32)",2,dam_schedule__mw__import__caiso_totals,0.07594430446624756,0.06621664762496948
"(8, 32)",2,dam_schedule__mw__export__caiso_totals,0.13875895738601685,0.124350905418396
"(8, 32)",2,dam_lmp__lmp_usd_per_mwh__th_sp15_gen_apnd,0.1257861852645874,0.09523779153823853
"(8, 32)",2,dam_lmp__congestion_usd_per_mwh__th_sp15_gen_apnd,0.1594865322113037,0.1314605474472046
"(8, 32)",2,dam_lmp__loss_usd_per_mwh__th_sp15_gen_apnd,0.0157315731048584,0.01446908712387085
"(8, 32)",2,rt15_lmp_hourly_mean__congestion_usd_per_mwh__th_sp15_gen_apnd,0.08584809303283691,0.07855731248855591
"(8, 32)",2,dam_as_total_procured__mw__ru__as_caiso,0.36453676223754883,0.3634949326515198
"(8, 32)",2,dam_as_total_procured__mw__rd__as_caiso,0.3074108958244324,0.2861754298210144
"(8, 32)",2,dam_as_total_procured__mw__sr__as_caiso,0.02418285608291626,0.025644361972808838
"(8, 32)",2,dam_as_total_procured__mw__nr__as_caiso,0.05016249418258667,0.045488953590393066
"(8, 36)",2,actual_load__mw__ca_iso_tac,0.41648608446121216,0.44051146507263184
"(8, 36)",2,dam_schedule__mw__generation__caiso_totals,0.3290982246398926,0.3550054430961609
"(8, 36)",2,dam_schedule__mw__import__caiso_totals,0.113697350025177,0.11934292316436768
"(8, 36)",2,dam_schedule__mw__export__caiso_totals,0.22476911544799805,0.24496173858642578
"(8, 36)",2,dam_lmp__lmp_usd_per_mwh__th_sp15_gen_apnd,0.09091967344284058,0.10990321636199951
"(8, 36)",2,dam_lmp__congestion_usd_per_mwh__th_sp15_gen_apnd,0.06308215856552124,0.07634544372558594
"(8, 36)",2,dam_lmp__loss_usd_per_mwh__th_sp15_gen_apnd,0.05275428295135498,0.060613274574279785
"(8, 36)",2,rt15_lmp_hourly_mean__congestion_usd_per_mwh__th_sp15_gen_apnd,0.024801790714263916,0.035865068435668945
"(8, 36)",2,dam_as_total_procured__mw__ru__as_caiso,0.05163776874542236,0.04987305402755737
"(8, 36)",2,dam_as_total_procured__mw__rd__as_caiso,0.08049196004867554,0.10437154769897461
"(8, 36)",2,dam_as_total_procured__mw__sr__as_caiso,0.1562764048576355,0.16060733795166016
"(8, 36)",2,dam_as_total_procured__mw__nr__as_caiso,0.46454834938049316,0.459214448928833
"(8, 40)",2,actual_load__mw__ca_iso_tac,0.08923101425170898,0.07037711143493652
"(8, 40)",2,dam_schedule__mw__generation__caiso_totals,0.0903061032295227,0.06568598747253418
"(8, 40)",2,dam_schedule__mw__import__caiso_totals,0.021425962448120117,0.04777497053146362
"(8, 40)",2,dam_schedule__mw__export__caiso_totals,0.06929349899291992,0.059013307094573975
"(8, 40)",2,dam_lmp__lmp_usd_per_mwh__th_sp15_gen_apnd,0.20219147205352783,0.2181030511856079
"(8, 40)",2,dam_lmp__congestion_usd_per_mwh__th_sp15_gen_apnd,0.11300235986709595,0.12749457359313965
"(8, 40)",2,dam_lmp__loss_usd_per_mwh__th_sp15_gen_apnd,0.05215698480606079,0.052810490131378174
"(8, 40)",2,rt15_lmp_hourly_mean__congestion_usd_per_mwh__th_sp15_gen_apnd,0.06095170974731445,0.07528519630432129
"(8, 40)",2,dam_as_total_procured__mw__ru__as_caiso,0.08073902130126953,0.07353723049163818
"(8, 40)",2,dam_as_total_procured__mw__rd__as_caiso,0.054272234439849854,0.07625943422317505
"(8, 40)",2,dam_as_total_procured__mw__sr__as_caiso,0.014079272747039795,0.02027839422225952
"(8, 40)",2,dam_as_total_procured__mw__nr__as_caiso,0.032390058040618896,0.031114161014556885
"(9, 10)",2,actual_load__mw__ca_iso_tac,0.1421651840209961,0.13840138912200928
"(9, 10)",2,dam_schedule__mw__generation__caiso_totals,0.168382465839386,0.1573694348335266
"(9, 10)",2,dam_schedule__mw__import__caiso_totals,0.28129708766937256,0.2788844704627991
"(9, 10)",2,dam_schedule__mw__export__caiso_totals,0.2750563621520996,0.26946955919265747
"(9, 10)",2,dam_lmp__lmp_usd_per_mwh__th_sp15_gen_apnd,0.6162286400794983,0.6042153835296631
"(9, 10)",2,dam_lmp__congestion_usd_per_mwh__th_sp15_gen_apnd,0.4364539384841919,0.4230309724807739
"(9, 10)",2,dam_lmp__loss_usd_per_mwh__th_sp15_gen_apnd,0.14938640594482422,0.1328621506690979
"(9, 10)",2,rt15_lmp_hourly_mean__congestion_usd_per_mwh__th_sp15_gen_apnd,0.2674143314361572,0.2656920552253723
"(9, 10)",2,dam_as_total_procured__mw__ru__as_caiso,0.4162311553955078,0.40156644582748413
"(9, 10)",2,dam_as_total_procured__mw__rd__as_caiso,0.749556303024292,0.7320638298988342
"(9, 10)",2,dam_as_total_procured__mw__sr__as_caiso,0.06153261661529541,0.0963432788848877
"(9, 10)",2,dam_as_total_procured__mw__nr__as_caiso,0.04576188325881958,0.04390740394592285
"(9, 14)",2,actual_load__mw__ca_iso_tac,0.2098454236984253,0.19648772478103638
"(9, 14)",2,dam_schedule__mw__generation__caiso_totals,0.2495286464691162,0.22440683841705322
"(9, 14)",2,dam_schedule__mw__import__caiso_totals,0.289367139339447,0.28553837537765503
"(9, 14)",2,dam_schedule__mw__export__caiso_totals,0.34115445613861084,0.33021241426467896
"(9, 14)",2,dam_lmp__lmp_usd_per_mwh__th_sp15_gen_apnd,0.582056999206543,0.5812532901763916
"(9, 14)",2,dam_lmp__congestion_usd_per_mwh__th_sp15_gen_apnd,0.46159422397613525,0.4567028284072876
"(9, 14)",2,dam_lmp__loss_usd_per_mwh__th_sp15_gen_apnd,0.14546000957489014,0.1526053547859192
"(9, 14)",2,rt15_lmp_hourly_mean__congestion_usd_per_mwh__th_sp15_gen_apnd,0.2786945700645447,0.2871079444885254
"(9, 14)",2,dam_as_total_procured__mw__ru__as_caiso,0.40060240030288696,0.39154112339019775
"(9, 14)",2,dam_as_total_procured__mw__rd__as_caiso,0.7502545118331909,0.7343860864639282
"(9, 14)",2,dam_as_total_procured__mw__sr__as_caiso,0.08294069766998291,0.1139216423034668
"(9, 14)",2,dam_as_total_procured__mw__nr__as_caiso,0.0467568039894104,0.042403221130371094
"(9, 18)",2,actual_load__mw__ca_iso_tac,0.14782637357711792,0.15053778886795044
"(9, 18)",2,dam_schedule__mw__generation__caiso_totals,0.16343927383422852,0.15436577796936035
"(9, 18)",2,dam_schedule__mw__import__caiso_totals,0.2851848602294922,0.2862898111343384
"(9, 18)",2,dam_schedule__mw__export__caiso_totals,0.23449009656906128,0.23811286687850952
"(9, 18)",2,dam_lmp__lmp_usd_per_mwh__th_sp15_gen_apnd,0.6261802911758423,0.6161061525344849
"(9, 18)",2,dam_lmp__congestion_usd_per_mwh__th_sp15_gen_apnd,0.44162338972091675,0.4216086268424988
"(9, 18)",2,dam_lmp__loss_usd_per_mwh__th_sp15_gen_apnd,0.1577022671699524,0.1502634882926941
"(9, 18)",2,rt15_lmp_hourly_mean__congestion_usd_per_mwh__th_sp15_gen_apnd,0.2706543803215027,0.2650999426841736
"(9, 18)",2,dam_as_total_procured__mw__ru__as_caiso,0.40891432762145996,0.3891676068305969
"(9, 18)",2,dam_as_total_procured__mw__rd__as_caiso,0.7490395307540894,0.7310316562652588
"(9, 18)",2,dam_as_total_procured__mw__sr__as_caiso,0.06688493490219116,0.10156267881393433
"(9, 18)",2,dam_as_total_procured__mw__nr__as_caiso,0.03295677900314331,0.029355108737945557
"(9, 22)",2,actual_load__mw__ca_iso_tac,0.3056213855743408,0.32435017824172974
"(9, 22)",2,dam_schedule__mw__generation__caiso_totals,0.33038246631622314,0.33169227838516235
"(9, 22)",2,dam_schedule__mw__import__caiso_totals,0.338731050491333,0.3430444598197937
"(9, 22)",2,dam_schedule__mw__export__caiso_totals,0.26253968477249146,0.2692652940750122
"(9, 22)",2,dam_lmp__lmp_usd_per_mwh__th_sp15_gen_apnd,0.7408944368362427,0.7483166456222534
"(9, 22)",2,dam_lmp__congestion_usd_per_mwh__th_sp15_gen_apnd,0.4503992795944214,0.43509334325790405
"(9, 22)",2,dam_lmp__loss_usd_per_mwh__th_sp15_gen_apnd,0.3250342607498169,0.35296928882598877
"(9, 22)",2,rt15_lmp_hourly_mean__congestion_usd_per_mwh__th_sp15_gen_apnd,0.31221234798431396,0.2941737771034241
"(9, 22)",2,dam_as_total_procured__mw__ru__as_caiso,0.4009048342704773,0.3896328806877136
"(9, 22)",2,dam_as_total_procured__mw__rd__as_caiso,0.7492059469223022,0.7429630756378174
"(9, 22)",2,dam_as_total_procured__mw__sr__as_caiso,0.06096363067626953,0.10611307621002197
"(9, 22)",2,dam_as_total_procured__mw__nr__as_caiso,0.03085273504257202,0.03317892551422119
"(9, 26)",2,actual_load__mw__ca_iso_tac,0.2047601342201233,0.20477229356765747
"(9, 26)",2,dam_schedule__mw__generation__caiso_totals,0.27694255113601685,0.2626298666000366
"(9, 26)",2,dam_schedule__mw__import__caiso_totals,0.3077278733253479,0.3092617988586426
"(9, 26)",2,dam_schedule__mw__export__caiso_totals,0.3621756434440613,0.35204964876174927
"(9, 26)",2,dam_lmp__lmp_usd_per_mwh__th_sp15_gen_apnd,0.6198104619979858,0.6181528568267822
"(9, 26)",2,dam_lmp__congestion_usd_per_mwh__th_sp15_gen_apnd,0.4540523886680603,0.4494425058364868
"(9, 26)",2,dam_lmp__loss_usd_per_mwh__th_sp15_gen_apnd,0.2838137745857239,0.273074209690094
"(9, 26)",2,rt15_lmp_hourly_mean__congestion_usd_per_mwh__th_sp15_gen_apnd,0.2670207619667053,0.28144633769989014
"(9, 26)",2,dam_as_total_procured__mw__ru__as_caiso,0.41367465257644653,0.40269649028778076
"(9, 26)",2,dam_as_total_procured__mw__rd__as_caiso,0.7545971274375916,0.7440394759178162
"(9, 26)",2,dam_as_total_procured__mw__sr__as_caiso,0.07790035009384155,0.10502016544342041
"(9, 26)",2,dam_as_total_procured__mw__nr__as_caiso,0.05896306037902832,0.05064481496810913
"(9, 30)",2,actual_load__mw__ca_iso_tac,0.12383663654327393,0.12589657306671143
"(9, 30)",2,dam_schedule__mw__generation__caiso_totals,0.15468907356262207,0.14822131395339966
"(9, 30)",2,dam_schedule__mw__import__caiso_totals,0.2776561975479126,0.2759138345718384
"(9, 30)",2,dam_schedule__mw__export__caiso_totals,0.22962766885757446,0.23430520296096802
"(9, 30)",2,dam_lmp__lmp_usd_per_mwh__th_sp15_gen_apnd,0.5616813898086548,0.5590473413467407
"(9, 30)",2,dam_lmp__congestion_usd_per_mwh__th_sp15_gen_apnd,0.42843836545944214,0.4182479977607727
"(9, 30)",2,dam_lmp__loss_usd_per_mwh__th_sp15_gen_apnd,0.11629033088684082,0.1092948317527771
"(9, 30)",2,rt15_lmp_hourly_mean__congestion_usd_per_mwh__th_sp15_gen_apnd,0.25501543283462524,0.26168185472488403
"(9, 30)",2,dam_as_total_procured__mw__ru__as_caiso,0.40018409490585327,0.3813496232032776
"(9, 30)",2,dam_as_total_procured__mw__rd__as_caiso,0.7462365627288818,0.7299647927284241
"(9, 30)",2,dam_as_total_procured__mw__sr__as_caiso,0.06401365995407104,0.09587317705154419
"(9, 30)",2,dam_as_total_procured__mw__nr__as_caiso,0.01735067367553711,0.01806873083114624
"(9, 34)",2,actual_load__mw__ca_iso_tac,0.1510058045387268,0.15729230642318726
"(9, 34)",2,dam_schedule__mw__generation__caiso_totals,0.18815737962722778,0.18728399276733398
"(9, 34)",2,dam_schedule__mw__import__caiso_totals,0.28882843255996704,0.2877051830291748
"(9, 34)",2,dam_schedule__mw__export__caiso_totals,0.255452036857605,0.26539891958236694
"(9, 34)",2,dam_lmp__lmp_usd_per_mwh__th_sp15_gen_apnd,0.5685727000236511,0.5691462755203247
"(9, 34)",2,dam_lmp__congestion_usd_per_mwh__th_sp15_gen_apnd,0.43447399139404297,0.4262363910675049
"(9, 34)",2,dam_lmp__loss_usd_per_mwh__th_sp15_gen_apnd,0.12694203853607178,0.12181311845779419
"(9, 34)",2,rt15_lmp_hourly_mean__congestion_usd_per_mwh__th_sp15_gen_apnd,0.25822603702545166,0.2684558033943176
"(9, 34)",2,dam_as_total_procured__mw__ru__as_caiso,0.842937707901001,0.8374152183532715
"(9, 34)",2,dam_as_total_procured__mw__rd__as_caiso,0.7772054672241211,0.7699340581893921
"(9, 34)",2,dam_as_total_procured__mw__sr__as_caiso,0.06776160001754761,0.10896587371826172
"(9, 34)",2,dam_as_total_procured__mw__nr__as_caiso,0.037873685359954834,0.047326862812042236
"(9, 38)",2,actual_load__mw__ca_iso_tac,0.20999687910079956,0.21808075904846191
"(9, 38)",2,dam_schedule__mw__generation__caiso_totals,0.22918260097503662,0.2262212634086609
"(9, 38)",2,dam_schedule__mw__import__caiso_totals,0.3216935396194458,0.31640905141830444
"(9, 38)",2,dam_schedule__mw__export__caiso_totals,0.250752329826355,0.25775545835494995
"(9, 38)",2,dam_lmp__lmp_usd_per_mwh__th_sp15_gen_apnd,0.6170133948326111,0.6213440299034119
"(9, 38)",2,dam_lmp__congestion_usd_per_mwh__th_sp15_gen_apnd,0.45269089937210083,0.4425085783004761
"(9, 38)",2,dam_lmp__loss_usd_per_mwh__th_sp15_gen_apnd,0.18431800603866577,0.18063169717788696
"(9, 38)",2,rt15_lmp_hourly_mean__congestion_usd_per_mwh__th_sp15_gen_apnd,0.26668548583984375,0.2749272584915161
"(9, 38)",2,dam_as_total_procured__mw__ru__as_caiso,0.4148109555244446,0.39648276567459106
"(9, 38)",2,dam_as_total_procured__mw__rd__as_caiso,0.7565261125564575,0.7432851195335388
"(9, 38)",2,dam_as_total_procured__mw__sr__as_caiso,0.06629186868667603,0.10599792003631592
"(9, 38)",2,dam_as_total_procured__mw__nr__as_caiso,0.06318885087966919,0.0519677996635437
"(9, 42)",2,actual_load__mw__ca_iso_tac,0.20930784940719604,0.23521006107330322
"(9, 42)",2,dam_schedule__mw__generation__caiso_totals,0.2205873727798462,0.23506438732147217
"(9, 42)",2,dam_schedule__mw__import__caiso_totals,0.280515193939209,0.28141629695892334
"(9, 42)",2,dam_schedule__mw__export__caiso_totals,0.2730194926261902,0.2881416082382202
"(9, 42)",2,dam_lmp__lmp_usd_per_mwh__th_sp15_gen_apnd,0.6072860956192017,0.6079522371292114
"(9, 42)",2,dam_lmp__congestion_usd_per_mwh__th_sp15_gen_apnd,0.44679009914398193,0.4381820559501648
"(9, 42)",2,dam_lmp__loss_usd_per_mwh__th_sp15_gen_apnd,0.12872445583343506,0.1162148118019104
"(9, 42)",2,rt15_lmp_hourly_mean__congestion_usd_per_mwh__th_sp15_gen_apnd,0.2824195623397827,0.2897459864616394
"(9, 42)",2,dam_as_total_procured__mw__ru__as_caiso,0.3995586633682251,0.3823555111885071
"(9, 42)",2,dam_as_total_procured__mw__rd__as_caiso,0.7506994009017944,0.7346048951148987
"(9, 42)",2,dam_as_total_procured__mw__sr__as_caiso,0.0770753026008606,0.1147339940071106
"(9, 42)",2,dam_as_total_procured__mw__nr__as_caiso,0.04593324661254883,0.04296010732650757
"(10, 13)",2,actual_load__mw__ca_iso_tac,0.12576287984848022,0.12564146518707275
"(10, 13)",2,dam_schedule__mw__generation__caiso_totals,0.16899973154067993,0.1604846715927124
"(10, 13)",2,dam_schedule__mw__import__caiso_totals,0.3181895613670349,0.3085251450538635
"(10, 13)",2,dam_schedule__mw__export__caiso_totals,0.321231484413147,0.3174628019332886
"(10, 13)",2,dam_lmp__lmp_usd_per_mwh__th_sp15_gen_apnd,0.5730653405189514,0.5647973418235779
"(10, 13)",2,dam_lmp__congestion_usd_per_mwh__th_sp15_gen_apnd,0.4093809723854065,0.39918243885040283
"(10, 13)",2,dam_lmp__loss_usd_per_mwh__th_sp15_gen_apnd,0.20231348276138306,0.1807348132133484
"(10, 13)",2,rt15_lmp_hourly_mean__congestion_usd_per_mwh__th_sp15_gen_apnd,0.255487322807312,0.24132561683654785
"(10, 13)",2,dam_as_total_procured__mw__ru__as_caiso,0.3846744894981384,0.3720376491546631
"(10, 13)",2,dam_as_total_procured__mw__rd__as_caiso,0.7238404154777527,0.7110416293144226
"(10, 13)",2,dam_as_total_procured__mw__sr__as_caiso,0.06601637601852417,0.10158795118331909
"(10, 13)",2,dam_as_total_procured__mw__nr__as_caiso,0.05701190233230591,0.053305983543395996
"(10, 17)",2,actual_load__mw__ca_iso_tac,0.11688482761383057,0.1154102087020874
"(10, 17)",2,dam_schedule__mw__generation__caiso_totals,0.14760583639144897,0.13996315002441406
"(10, 17)",2,dam_schedule__mw__import__caiso_totals,0.30321943759918213,0.29893964529037476
"(10, 17)",2,dam_schedule__mw__export__caiso_totals,0.2944125533103943,0.28852206468582153
"(10, 17)",2,dam_lmp__lmp_usd_per_mwh__th_sp15_gen_apnd,0.5986363887786865,0.5900606513023376
"(10, 17)",2,dam_lmp__congestion_usd_per_mwh__th_sp15_gen_apnd,0.40870946645736694,0.39562034606933594
"(10, 17)",2,dam_lmp__loss_usd_per_mwh__th_sp15_gen_apnd,0.21553897857666016,0.19158726930618286
"(10, 17)",2,rt15_lmp_hourly_mean__congestion_usd_per_mwh__th_sp15_gen_apnd,0.2478548288345337,0.23574751615524292
"(10, 17)",2,dam_as_total_procured__mw__ru__as_caiso,0.4068102240562439,0.3895532488822937
"(10, 17)",2,dam_as_total_procured__mw__rd__as_caiso,0.7384909391403198,0.7224252820014954
"(10, 17)",2,dam_as_total_procured__mw__sr__as_caiso,0.06981706619262695,0.10372757911682129
"(10, 17)",2,dam_as_total_procured__mw__nr__as_caiso,0.0587083101272583,0.05502676963806152
"(10, 21)",2,actual_load__mw__ca_iso_tac,0.2151256799697876,0.20891791582107544
"(10, 21)",2,dam_schedule__mw__generation__caiso_totals,0.19498121738433838,0.18052023649215698
"(10, 21)",2,dam_schedule__mw__import__caiso_totals,0.3071414828300476,0.3153532147407532
"(10, 21)",2,dam_schedule__mw__export__caiso_totals,0.17186129093170166,0.15742188692092896
"(10, 21)",2,dam_lmp__lmp_usd_per_mwh__th_sp15_gen_apnd,0.9538843035697937,0.9593371152877808
"(10, 21)",2,dam_lmp__congestion_usd_per_mwh__th_sp15_gen_apnd,0.443120539188385,0.4383992552757263
"(10, 21)",2,dam_lmp__loss_usd_per_mwh__th_sp15_gen_apnd,0.37275511026382446,0.3820682168006897
"(10, 21)",2,rt15_lmp_hourly_mean__congestion_usd_per_mwh__th_sp15_gen_apnd,0.360698938369751,0.33743447065353394
"(10, 21)",2,dam_as_total_procured__mw__ru__as_caiso,0.25510531663894653,0.21988409757614136
"(10, 21)",2,dam_as_total_procured__mw__rd__as_caiso,0.47275060415267944,0.468397319316864
"(10, 21)",2,dam_as_total_procured__mw__sr__as_caiso,0.031550049781799316,0.044744253158569336
"(10, 21)",2,dam_as_total_procured__mw__nr__as_caiso,0.06969666481018066,0.07117754220962524
"(10, 25)",2,actual_load__mw__ca_iso_tac,0.02305382490158081,0.02663111686706543
"(10, 25)",2,dam_schedule__mw__generation__caiso_totals,0.033949315547943115,0.03210926055908203
"(10, 25)",2,dam_schedule__mw__import__caiso_totals,0.13444256782531738,0.1375274658203125
"(10, 25)",2,dam_schedule__mw__export__caiso_totals,0.057821571826934814,0.054908931255340576
"(10, 25)",2,dam_lmp__lmp_usd_per_mwh__th_sp15_gen_apnd,0.2916220426559448,0.28560084104537964
"(10, 25)",2,dam_lmp__congestion_usd_per_mwh__th_sp15_gen_apnd,0.2372627854347229,0.222204327583313
"(10, 25)",2,dam_lmp__loss_usd_per_mwh__th_sp15_gen_apnd,0.07299131155014038,0.07298451662063599
"(10, 25)",2,rt15_lmp_hourly_mean__congestion_usd_per_mwh__th_sp15_gen_apnd,0.16370642185211182,0.16118723154067993
"(10, 25)",2,dam_as_total_procured__mw__ru__as_caiso,0.15081655979156494,0.12387740612030029
"(10, 25)",2,dam_as_total_procured__mw__rd__as_caiso,0.33657675981521606,0.32050514221191406
"(10, 25)",2,dam_as_total_procured__mw__sr__as_caiso,0.001540839672088623,0.011698544025421143
"(10, 25)",2,dam_as_total_procured__mw__nr__as_caiso,0.03762555122375488,0.05022376775741577
"(10, 29)",2,actual_load__mw__ca_iso_tac,0.3483010530471802,0.3542333245277405
"(10, 29)",2,dam_schedule__mw__generation__caiso_totals,0.3008083701133728,0.31142401695251465
"(10, 29)",2,dam_schedule__mw__import__caiso_totals,0.2943798303604126,0.3009300231933594
"(10, 29)",2,dam_schedule__mw__export__caiso_totals,0.18539446592330933,0.18519335985183716
"(10, 29)",2,dam_lmp__lmp_usd_per_mwh__th_sp15_gen_apnd,0.6414156556129456,0.6613473892211914
"(10, 29)",2,dam_lmp__congestion_usd_per_mwh__th_sp15_gen_apnd,0.19152063131332397,0.19863516092300415
"(10, 29)",2,dam_lmp__loss_usd_per_mwh__th_sp15_gen_apnd,0.3350990414619446,0.32619673013687134
"(10, 29)",2,rt15_lmp_hourly_mean__congestion_usd_per_mwh__th_sp15_gen_apnd,0.16758644580841064,0.16928082704544067
"(10, 29)",2,dam_as_total_procured__mw__ru__as_caiso,0.11745548248291016,0.10885500907897949
"(10, 29)",2,dam_as_total_procured__mw__rd__as_caiso,0.24673235416412354,0.25178635120391846
"(10, 29)",2,dam_as_total_procured__mw__sr__as_caiso,0.02597963809967041,0.03878617286682129
"(10, 29)",2,dam_as_total_procured__mw__nr__as_caiso,0.11800539493560791,0.1331998109817505
"(10, 33)",2,actual_load__mw__ca_iso_tac,0.19066476821899414,0.18284672498703003
"(10, 33)",2,dam_schedule__mw__generation__caiso_totals,0.19684839248657227,0.1833498477935791
"(10, 33)",2,dam_schedule__mw__import__caiso_totals,0.18691664934158325,0.18768823146820068
"(10, 33)",2,dam_schedule__mw__export__caiso_totals,0.18423688411712646,0.17763537168502808
"(10, 33)",2,dam_lmp__lmp_usd_per_mwh__th_sp15_gen_apnd,0.31769824028015137,0.3197617530822754
"(10, 33)",2,dam_lmp__congestion_usd_per_mwh__th_sp15_gen_apnd,0.2829357981681824,0.2709476947784424
"(10, 33)",2,dam_lmp__loss_usd_per_mwh__th_sp15_gen_apnd,0.02894216775894165,0.03577810525894165
"(10, 33)",2,rt15_lmp_hourly_mean__congestion_usd_per_mwh__th_sp15_gen_apnd,0.18163645267486572,0.17501896619796753
"(10, 33)",2,dam_as_total_procured__mw__ru__as_caiso,0.2978801131248474,0.28161585330963135
"(10, 33)",2,dam_as_total_procured__mw__rd__as_caiso,0.6962771415710449,0.6940572261810303
"(10, 33)",2,dam_as_total_procured__mw__sr__as_caiso,0.035472750663757324,0.05755966901779175
"(10, 33)",2,dam_as_total_procured__mw__nr__as_caiso,0.05633479356765747,0.04894834756851196
"(10, 37)",2,actual_load__mw__ca_iso_tac,0.42115485668182373,0.44806593656539917
"(10, 37)",2,dam_schedule__mw__generation__caiso_totals,0.3194659352302551,0.35814160108566284
"(10, 37)",2,dam_schedule__mw__import__caiso_totals,0.1130724549293518,0.11245399713516235
"(10, 37)",2,dam_schedule__mw__export__caiso_totals,0.21747326850891113,0.23614943027496338
"(10, 37)",2,dam_lmp__lmp_usd_per_mwh__th_sp15_gen_apnd,0.10489833354949951,0.11066168546676636
"(10, 37)",2,dam_lmp__congestion_usd_per_mwh__th_sp15_gen_apnd,0.05464184284210205,0.053851544857025146
"(10, 37)",2,dam_lmp__loss_usd_per_mwh__th_sp15_gen_apnd,0.03345608711242676,0.038831353187561035
"(10, 37)",2,rt15_lmp_hourly_mean__congestion_usd_per_mwh__th_sp15_gen_apnd,0.020275115966796875,0.02244091033935547
"(10, 37)",2,dam_as_total_procured__mw__ru__as_caiso,0.034392595291137695,0.034392356872558594
"(10, 37)",2,dam_as_total_procured__mw__rd__as_caiso,0.08591407537460327,0.10161101818084717
"(10, 37)",2,dam_as_total_procured__mw__sr__as_caiso,0.15478599071502686,0.16226422786712646
"(10, 37)",2,dam_as_total_procured__mw__nr__as_caiso,0.474185585975647,0.46795451641082764
"(10, 41)",2,actual_load__mw__ca_iso_tac,0.002793550491333008,0.0029239654541015625
"(10, 41)",2,dam_schedule__mw__generation__caiso_totals,0.013953328132629395,0.011013388633728027
"(10, 41)",2,dam_schedule__mw__import__caiso_totals,0.18012630939483643,0.18624764680862427
"(10, 41)",2,dam_schedule__mw__export__caiso_totals,0.09919077157974243,0.09179013967514038
"(10, 41)",2,dam_lmp__lmp_usd_per_mwh__th_sp15_gen_apnd,0.5280839800834656,0.5334960222244263
"(10, 41)",2,dam_lmp__congestion_usd_per_mwh__th_sp15_gen_apnd,0.2834872603416443,0.27749282121658325
"(10, 41)",2,dam_lmp__loss_usd_per_mwh__th_sp15_gen_apnd,0.15550917387008667,0.14196395874023438
"(10, 41)",2,rt15_lmp_hourly_mean__congestion_usd_per_mwh__th_sp15_gen_apnd,0.20045560598373413,0.20753508806228638
"(10, 41)",2,dam_as_total_procured__mw__ru__as_caiso,0.20082664489746094,0.1852511763572693
"(10, 41)",2,dam_as_total_procured__mw__rd__as_caiso,0.3463411331176758,0.34757405519485474
"(10, 41)",2,dam_as_total_procured__mw__sr__as_caiso,0.004955947399139404,0.01936560869216919
"(10, 41)",2,dam_as_total_procured__mw__nr__as_caiso,0.02576422691345215,0.02730536460876465
"(11, 13)",2,actual_load__mw__ca_iso_tac,0.2362581491470337,0.24101710319519043
"(11, 13)",2,dam_schedule__mw__generation__caiso_totals,0.2433212399482727,0.2412627935409546
"(11, 13)",2,dam_schedule__mw__import__caiso_totals,0.340090811252594,0.33370327949523926
"(11, 13)",2,dam_schedule__mw__export__caiso_totals,0.2916366457939148,0.3010970950126648
"(11, 13)",2,dam_lmp__lmp_usd_per_mwh__th_sp15_gen_apnd,0.6421905755996704,0.6432055234909058
"(11, 13)",2,dam_lmp__congestion_usd_per_mwh__th_sp15_gen_apnd,0.42809903621673584,0.42639774084091187
"(11, 13)",2,dam_lmp__loss_usd_per_mwh__th_sp15_gen_apnd,0.2891122102737427,0.27956855297088623
"(11, 13)",2,rt15_lmp_hourly_mean__congestion_usd_per_mwh__th_sp15_gen_apnd,0.3338695168495178,0.31655967235565186
"(11, 13)",2,dam_as_total_procured__mw__ru__as_caiso,0.3922882676124573,0.3748576045036316
"(11, 13)",2,dam_as_total_procured__mw__rd__as_caiso,0.7492996454238892,0.7388308048248291
"(11, 13)",2,dam_as_total_procured__mw__sr__as_caiso,0.07388252019882202,0.112057626247406
"(11, 13)",2,dam_as_total_procured__mw__nr__as_caiso,0.03394758701324463,0.03147006034851074
"(11, 17)",2,actual_load__mw__ca_iso_tac,0.22136729955673218,0.22732436656951904
"(11, 17)",2,dam_schedule__mw__generation__caiso_totals,0.21900194883346558,0.2178698182106018
"(11, 17)",2,dam_schedule__mw__import__caiso_totals,0.3221411108970642,0.31869757175445557
"(11, 17)",2,dam_schedule__mw__export__caiso_totals,0.2547128200531006,0.2619194984436035
"(11, 17)",2,dam_lmp__lmp_usd_per_mwh__th_sp15_gen_apnd,0.6503555774688721,0.6553480625152588
"(11, 17)",2,dam_lmp__congestion_usd_per_mwh__th_sp15_gen_apnd,0.42901575565338135,0.4266301989555359
"(11, 17)",2,dam_lmp__loss_usd_per_mwh__th_sp15_gen_apnd,0.2877471446990967,0.28220176696777344
"(11, 17)",2,rt15_lmp_hourly_mean__congestion_usd_per_mwh__th_sp15_gen_apnd,0.3331693410873413,0.32266533374786377
"(11, 17)",2,dam_as_total_procured__mw__ru__as_caiso,0.39937859773635864,0.3833848834037781
"(11, 17)",2,dam_as_total_procured__mw__rd__as_caiso,0.7534663677215576,0.7421916723251343
"(11, 17)",2,dam_as_total_procured__mw__sr__as_caiso,0.07359057664871216,0.10930389165878296
"(11, 17)",2,dam_as_total_procured__mw__nr__as_caiso,0.034462809562683105,0.03487551212310791
"(11, 21)",2,actual_load__mw__ca_iso_tac,0.4453963041305542,0.4678085446357727
"(11, 21)",2,dam_schedule__mw__generation__caiso_totals,0.5018240213394165,0.5272444486618042
"(11, 21)",2,dam_schedule__mw__import__caiso_totals,0.3663836121559143,0.37761521339416504
"(11, 21)",2,dam_schedule__mw__export__caiso_totals,0.39512962102890015,0.40375667810440063
"(11, 21)",2,dam_lmp__lmp_usd_per_mwh__th_sp15_gen_apnd,0.9588741660118103,0.9634467363357544
"(11, 21)",2,dam_lmp__congestion_usd_per_mwh__th_sp15_gen_apnd,0.5083489418029785,0.4958440065383911
"(11, 21)",2,dam_lmp__loss_usd_per_mwh__th_sp15_gen_apnd,0.4438614845275879,0.45517706871032715
"(11, 21)",2,rt15_lmp_hourly_mean__congestion_usd_per_mwh__th_sp15_gen_apnd,0.4004945158958435,0.37479233741760254
"(11, 21)",2,dam_as_total_procured__mw__ru__as_caiso,0.3841560482978821,0.369106650352478
"(11, 21)",2,dam_as_total_procured__mw__rd__as_caiso,0.7435405254364014,0.7351166009902954
"(11, 21)",2,dam_as_total_procured__mw__sr__as_caiso,0.11279505491256714,0.14654380083084106
"(11, 21)",2,dam_as_total_procured__mw__nr__as_caiso,0.05425792932510376,0.05866807699203491
"(11, 25)",2,actual_load__mw__ca_iso_tac,0.25454938411712646,0.2848958969116211
"(11, 25)",2,dam_schedule__mw__generation__caiso_totals,0.2978001832962036,0.3246155381202698
"(11, 25)",2,dam_schedule__mw__import__caiso_totals,0.30612093210220337,0.313549280166626
"(11, 25)",2,dam_schedule__mw__export__caiso_totals,0.3277609348297119,0.3475584387779236
"(11, 25)",2,dam_lmp__lmp_usd_per_mwh__th_sp15_gen_apnd,0.6205040216445923,0.6265604496002197
"(11, 25)",2,dam_lmp__congestion_usd_per_mwh__th_sp15_gen_apnd,0.4442656636238098,0.43571823835372925
"(11, 25)",2,dam_lmp__loss_usd_per_mwh__th_sp15_gen_apnd,0.23563402891159058,0.2343938946723938
"(11, 25)",2,rt15_lmp_hourly_mean__congestion_usd_per_mwh__th_sp15_gen_apnd,0.30843794345855713,0.3204934000968933
"(11, 25)",2,dam_as_total_procured__mw__ru__as_caiso,0.38502782583236694,0.36839306354522705
"(11, 25)",2,dam_as_total_procured__mw__rd__as_caiso,0.7538741230964661,0.7449499368667603
"(11, 25)",2,dam_as_total_procured__mw__sr__as_caiso,0.09415864944458008,0.13108408451080322
"(11, 25)",2,dam_as_total_procured__mw__nr__as_caiso,0.0408748984336853,0.05798745155334473
"(11, 29)",2,actual_load__mw__ca_iso_tac,0.696103572845459,0.7078054547309875
"(11, 29)",2,dam_schedule__mw__generation__caiso_totals,0.665118396282196,0.6776789426803589
"(11, 29)",2,dam_schedule__mw__import__caiso_totals,0.35899269580841064,0.36351245641708374
"(11, 29)",2,dam_schedule__mw__export__caiso_totals,0.40189796686172485,0.4173394441604614
"(11, 29)",2,dam_lmp__lmp_usd_per_mwh__th_sp15_gen_apnd,0.7676100134849548,0.7799042463302612
"(11, 29)",2,dam_lmp__congestion_usd_per_mwh__th_sp15_gen_apnd,0.46655720472335815,0.45526355504989624
"(11, 29)",2,dam_lmp__loss_usd_per_mwh__th_sp15_gen_apnd,0.39117759466171265,0.38355934619903564
"(11, 29)",2,rt15_lmp_hourly_mean__congestion_usd_per_mwh__th_sp15_gen_apnd,0.3319981098175049,0.32773464918136597
"(11, 29)",2,dam_as_total_procured__mw__ru__as_caiso,0.3865697383880615,0.37338370084762573
"(11, 29)",2,dam_as_total_procured__mw__rd__as_caiso,0.77214115858078,0.7664731740951538
"(11, 29)",2,dam_as_total_procured__mw__sr__as_caiso,0.12328380346298218,0.15663617849349976
"(11, 29)",2,dam_as_total_procured__mw__nr__as_caiso,0.13025271892547607,0.1438051462173462
"(11, 33)",2,actual_load__mw__ca_iso_tac,0.24762636423110962,0.25607073307037354
"(11, 33)",2,dam_schedule__mw__generation__caiso_totals,0.25717324018478394,0.2573522925376892
"(11, 33)",2,dam_schedule__mw__import__caiso_totals,0.2651212215423584,0.2713521122932434
"(11, 33)",2,dam_schedule__mw__export__caiso_totals,0.26098954677581787,0.2702023983001709
"(11, 33)",2,dam_lmp__lmp_usd_per_mwh__th_sp15_gen_apnd,0.5013328790664673,0.5067888498306274
"(11, 33)",2,dam_lmp__congestion_usd_per_mwh__th_sp15_gen_apnd,0.3924185633659363,0.383369505405426
"(11, 33)",2,dam_lmp__loss_usd_per_mwh__th_sp15_gen_apnd,0.09811967611312866,0.10746312141418457
"(11, 33)",2,rt15_lmp_hourly_mean__congestion_usd_per_mwh__th_sp15_gen_apnd,0.24314606189727783,0.2439897060394287
"(11, 33)",2,dam_as_total_procured__mw__ru__as_caiso,0.37823402881622314,0.3620324730873108
"(11, 33)",2,dam_as_total_procured__mw__rd__as_caiso,0.7976042628288269,0.7903292775154114
"(11, 33)",2,dam_as_total_procured__mw__sr__as_caiso,0.07839339971542358,0.11262363195419312
"(11, 33)",2,dam_as_total_procured__mw__nr__as_caiso,0.04656338691711426,0.046895503997802734
"(11, 37)",2,actual_load__mw__ca_iso_tac,0.5407345294952393,0.5698804259300232
"(11, 37)",2,dam_schedule__mw__generation__caiso_totals,0.4902229309082031,0.5260823965072632
"(11, 37)",2,dam_schedule__mw__import__caiso_totals,0.3756498098373413,0.3688631057739258
"(11, 37)",2,dam_schedule__mw__export__caiso_totals,0.40584373474121094,0.41676944494247437
"(11, 37)",2,dam_lmp__lmp_usd_per_mwh__th_sp15_gen_apnd,0.5763562917709351,0.5918371081352234
"(11, 37)",2,dam_lmp__congestion_usd_per_mwh__th_sp15_gen_apnd,0.42627573013305664,0.41651761531829834
"(11, 37)",2,dam_lmp__loss_usd_per_mwh__th_sp15_gen_apnd,0.1304129958152771,0.13644689321517944
"(11, 37)",2,rt15_lmp_hourly_mean__congestion_usd_per_mwh__th_sp15_gen_apnd,0.24305236339569092,0.2567902207374573
"(11, 37)",2,dam_as_total_procured__mw__ru__as_caiso,0.4024791717529297,0.38636523485183716
"(11, 37)",2,dam_as_total_procured__mw__rd__as_caiso,0.7573787569999695,0.7504571080207825
"(11, 37)",2,dam_as_total_procured__mw__sr__as_caiso,0.19353985786437988,0.22079354524612427
"(11, 37)",2,dam_as_total_procured__mw__nr__as_caiso,0.47338253259658813,0.4763302206993103
"(11, 41)",2,actual_load__mw__ca_iso_tac,0.24996596574783325,0.26464128494262695
"(11, 41)",2,dam_schedule__mw__generation__caiso_totals,0.2258172631263733,0.23203670978546143
"(11, 41)",2,dam_schedule__mw__import__caiso_totals,0.28162312507629395,0.2882033586502075
"(11, 41)",2,dam_schedule__mw__export__caiso_totals,0.2538522481918335,0.2658308148384094
"(11, 41)",2,dam_lmp__lmp_usd_per_mwh__th_sp15_gen_apnd,0.6272961497306824,0.6299967765808105
"(11, 41)",2,dam_lmp__congestion_usd_per_mwh__th_sp15_gen_apnd,0.41753089427948,0.4091683626174927
"(11, 41)",2,dam_lmp__loss_usd_per_mwh__th_sp15_gen_apnd,0.2078048586845398,0.19740331172943115
"(11, 41)",2,rt15_lmp_hourly_mean__congestion_usd_per_mwh__th_sp15_gen_apnd,0.27901995182037354,0.2854774594306946
"(11, 41)",2,dam_as_total_procured__mw__ru__as_caiso,0.3785557150840759,0.36175453662872314
"(11, 41)",2,dam_as_total_procured__mw__rd__as_caiso,0.7352347373962402,0.7261286973953247
"(11, 41)",2,dam_as_total_procured__mw__sr__as_caiso,0.08627843856811523,0.12012970447540283
"(11, 41)",2,dam_as_total_procured__mw__nr__as_caiso,0.014364302158355713,0.02022695541381836
"(12, 14)",2,actual_load__mw__ca_iso_tac,0.08152526617050171,0.068187415599823
"(12, 14)",2,dam_schedule__mw__generation__caiso_totals,0.09028249979019165,0.0722084641456604
"(12, 14)",2,dam_schedule__mw__import__caiso_totals,0.03207433223724365,0.02514028549194336
"(12, 14)",2,dam_schedule__mw__export__caiso_totals,0.06815654039382935,0.06975317001342773
"(12, 14)",2,dam_lmp__lmp_usd_per_mwh__th_sp15_gen_apnd,0.024524927139282227,0.024870634078979492
"(12, 14)",2,dam_lmp__congestion_usd_per_mwh__th_sp15_gen_apnd,0.047397613525390625,0.053278207778930664
"(12, 14)",2,dam_lmp__loss_usd_per_mwh__th_sp15_gen_apnd,0.01444786787033081,0.015367448329925537
"(12, 14)",2,rt15_lmp_hourly_mean__congestion_usd_per_mwh__th_sp15_gen_apnd,0.023823142051696777,0.028101682662963867
"(12, 14)",2,dam_as_total_procured__mw__ru__as_caiso,0.03321850299835205,0.024522066116333008
"(12, 14)",2,dam_as_total_procured__mw__rd__as_caiso,0.03130525350570679,0.0364719033241272
"(12, 14)",2,dam_as_total_procured__mw__sr__as_caiso,0.02103203535079956,0.02139681577682495
"(12, 14)",2,dam_as_total_procured__mw__nr__as_caiso,0.03068387508392334,0.029295504093170166
"(12, 18)",2,actual_load__mw__ca_iso_tac,0.021352946758270264,0.02751481533050537
"(12, 18)",2,dam_schedule__mw__generation__caiso_totals,0.022099196910858154,0.02795994281768799
"(12, 18)",2,dam_schedule__mw__import__caiso_totals,0.03950381278991699,0.050571560859680176
"(12, 18)",2,dam_schedule__mw__export__caiso_totals,0.006053149700164795,0.008985340595245361
"(12, 18)",2,dam_lmp__lmp_usd_per_mwh__th_sp15_gen_apnd,0.04043763875961304,0.03640162944793701
"(12, 18)",2,dam_lmp__congestion_usd_per_mwh__th_sp15_gen_apnd,0.010976433753967285,0.009584367275238037
"(12, 18)",2,dam_lmp__loss_usd_per_mwh__th_sp15_gen_apnd,0.018307030200958252,0.021439552307128906
"(12, 18)",2,rt15_lmp_hourly_mean__congestion_usd_per_mwh__th_sp15_gen_apnd,0.013684630393981934,0.013198912143707275
"(12, 18)",2,dam_as_total_procured__mw__ru__as_caiso,0.007746517658233643,0.00521618127822876
"(12, 18)",2,dam_as_total_procured__mw__rd__as_caiso,0.01432192325592041,0.015212416648864746
"(12, 18)",2,dam_as_total_procured__mw__sr__as_caiso,9.965896606445312e-05,0.0095786452293396
"(12, 18)",2,dam_as_total_procured__mw__nr__as_caiso,0.007498681545257568,0.00715261697769165
"(12, 22)",2,actual_load__mw__ca_iso_tac,0.08337181806564331,0.09307461977005005
"(12, 22)",2,dam_schedule__mw__generation__caiso_totals,0.08478677272796631,0.08909928798675537
"(12, 22)",2,dam_schedule__mw__import__caiso_totals,0.13044124841690063,0.12471568584442139
"(12, 22)",2,dam_schedule__mw__export__caiso_totals,0.04075920581817627,0.04107910394668579
"(12, 22)",2,dam_lmp__lmp_usd_per_mwh__th_sp15_gen_apnd,0.5241714715957642,0.5450278520584106
"(12, 22)",2,dam_lmp__congestion_usd_per_mwh__th_sp15_gen_apnd,0.07817751169204712,0.06301099061965942
"(12, 22)",2,dam_lmp__loss_usd_per_mwh__th_sp15_gen_apnd,0.2845306396484375,0.3193732500076294
"(12, 22)",2,rt15_lmp_hourly_mean__congestion_usd_per_mwh__th_sp15_gen_apnd,0.06206965446472168,0.04065817594528198
"(12, 22)",2,dam_as_total_procured__mw__ru__as_caiso,0.11538851261138916,0.09842061996459961
"(12, 22)",2,dam_as_total_procured__mw__rd__as_caiso,0.16248422861099243,0.17009347677230835
"(12, 22)",2,dam_as_total_procured__mw__sr__as_caiso,0.016899168491363525,0.01792055368423462
"(12, 22)",2,dam_as_total_procured__mw__nr__as_caiso,0.012461423873901367,0.01800638437271118
"(12, 26)",2,actual_load__mw__ca_iso_tac,0.12918764352798462,0.12801623344421387
"(12, 26)",2,dam_schedule__mw__generation__caiso_totals,0.15809136629104614,0.15351945161819458
"(12, 26)",2,dam_schedule__mw__import__caiso_totals,0.056625306606292725,0.04807180166244507
"(12, 26)",2,dam_schedule__mw__export__caiso_totals,0.1394747495651245,0.13766586780548096
"(12, 26)",2,dam_lmp__lmp_usd_per_mwh__th_sp15_gen_apnd,0.06345212459564209,0.07725381851196289
"(12, 26)",2,dam_lmp__congestion_usd_per_mwh__th_sp15_gen_apnd,0.07811278104782104,0.08252817392349243
"(12, 26)",2,dam_lmp__loss_usd_per_mwh__th_sp15_gen_apnd,0.14921140670776367,0.14924949407577515
"(12, 26)",2,rt15_lmp_hourly_mean__congestion_usd_per_mwh__th_sp15_gen_apnd,0.04505348205566406,0.03960716724395752
"(12, 26)",2,dam_as_total_procured__mw__ru__as_caiso,0.08651614189147949,0.09460949897766113
"(12, 26)",2,dam_as_total_procured__mw__rd__as_caiso,0.16394108533859253,0.17366403341293335
"(12, 26)",2,dam_as_total_procured__mw__sr__as_caiso,0.0055425167083740234,0.01147925853729248
"(12, 26)",2,dam_as_total_procured__mw__nr__as_caiso,0.04528939723968506,0.038781583309173584
"(12, 30)",2,actual_load__mw__ca_iso_tac,0.006268203258514404,0.006453514099121094
"(12, 30)",2,dam_schedule__mw__generation__caiso_totals,0.006399631500244141,0.004431664943695068
"(12, 30)",2,dam_schedule__mw__import__caiso_totals,0.02104926109313965,0.017133474349975586
"(12, 30)",2,dam_schedule__mw__export__caiso_totals,0.0009829401969909668,0.0005481839179992676
"(12, 30)",2,dam_lmp__lmp_usd_per_mwh__th_sp15_gen_apnd,0.005696892738342285,0.0049707889556884766
"(12, 30)",2,dam_lmp__congestion_usd_per_mwh__th_sp15_gen_apnd,0.002807319164276123,0.002160012722015381
"(12, 30)",2,dam_lmp__loss_usd_per_mwh__th_sp15_gen_apnd,0.004703998565673828,0.004053473472595215
"(12, 30)",2,rt15_lmp_hourly_mean__congestion_usd_per_mwh__th_sp15_gen_apnd,0.0014279484748840332,0.0029821395874023438
"(12, 30)",2,dam_as_total_procured__mw__ru__as_caiso,0.008933186531066895,0.004253745079040527
"(12, 30)",2,dam_as_total_procured__mw__rd__as_caiso,0.006676316261291504,0.006052851676940918
"(12, 30)",2,dam_as_total_procured__mw__sr__as_caiso,0.00026988983154296875,0.006614625453948975
"(12, 30)",2,dam_as_total_procured__mw__nr__as_caiso,0.0021012425422668457,0.003576934337615967
"(12, 34)",2,actual_load__mw__ca_iso_tac,0.09542828798294067,0.09158778190612793
"(12, 34)",2,dam_schedule__mw__generation__caiso_totals,0.11555182933807373,0.10968464612960815
"(12, 34)",2,dam_schedule__mw__import__caiso_totals,0.14640271663665771,0.14740914106369019
"(12, 34)",2,dam_schedule__mw__export__caiso_totals,0.12400072813034058,0.12470287084579468
"(12, 34)",2,dam_lmp__lmp_usd_per_mwh__th_sp15_gen_apnd,0.3067176342010498,0.26556503772735596
"(12, 34)",2,dam_lmp__congestion_usd_per_mwh__th_sp15_gen_apnd,0.2617500424385071,0.2307906150817871
"(12, 34)",2,dam_lmp__loss_usd_per_mwh__th_sp15_gen_apnd,0.03261810541152954,0.03088754415512085
"(12, 34)",2,rt15_lmp_hourly_mean__congestion_usd_per_mwh__th_sp15_gen_apnd,0.15439480543136597,0.14238202571868896
"(12, 34)",2,dam_as_total_procured__mw__ru__as_caiso,0.8414624929428101,0.8331663012504578
"(12, 34)",2,dam_as_total_procured__mw__rd__as_caiso,0.6388484239578247,0.618070125579834
"(12, 34)",2,dam_as_total_procured__mw__sr__as_caiso,0.03527194261550903,0.04345792531967163
"(12, 34)",2,dam_as_total_procured__mw__nr__as_caiso,0.028018951416015625,0.02807551622390747
"(12, 38)",2,actual_load__mw__ca_iso_tac,0.05161792039871216,0.05716657638549805
"(12, 38)",2,dam_schedule__mw__generation__caiso_totals,0.03797030448913574,0.03739213943481445
"(12, 38)",2,dam_schedule__mw__import__caiso_totals,0.2527255415916443,0.24186432361602783
"(12, 38)",2,dam_schedule__mw__export__caiso_totals,0.04656022787094116,0.04751551151275635
"(12, 38)",2,dam_lmp__lmp_usd_per_mwh__th_sp15_gen_apnd,0.4187225103378296,0.43424707651138306
"(12, 38)",2,dam_lmp__congestion_usd_per_mwh__th_sp15_gen_apnd,0.2465265989303589,0.2393583059310913
"(12, 38)",2,dam_lmp__loss_usd_per_mwh__th_sp15_gen_apnd,0.13074982166290283,0.13425087928771973
"(12, 38)",2,rt15_lmp_hourly_mean__congestion_usd_per_mwh__th_sp15_gen_apnd,0.12938743829727173,0.12810122966766357
"(12, 38)",2,dam_as_total_procured__mw__ru__as_caiso,0.14036208391189575,0.12416058778762817
"(12, 38)",2,dam_as_total_procured__mw__rd__as_caiso,0.36702120304107666,0.3568130135536194
"(12, 38)",2,dam_as_total_procured__mw__sr__as_caiso,0.040800631046295166,0.05785655975341797
"(12, 38)",2,dam_as_total_procured__mw__nr__as_caiso,0.03644752502441406,0.0274774432182312
"(12, 42)",2,actual_load__mw__ca_iso_tac,0.04823821783065796,0.06101870536804199
"(12, 42)",2,dam_schedule__mw__generation__caiso_totals,0.04848277568817139,0.0558817982673645
"(12, 42)",2,dam_schedule__mw__import__caiso_totals,0.04950159788131714,0.053472936153411865
"(12, 42)",2,dam_schedule__mw__export__caiso_totals,0.0489233136177063,0.05033320188522339
"(12, 42)",2,dam_lmp__lmp_usd_per_mwh__th_sp15_gen_apnd,0.2292710542678833,0.24125659465789795
"(12, 42)",2,dam_lmp__congestion_usd_per_mwh__th_sp15_gen_apnd,0.09370255470275879,0.09511566162109375
"(12, 42)",2,dam_lmp__loss_usd_per_mwh__th_sp15_gen_apnd,0.03581351041793823,0.03556537628173828
"(12, 42)",2,rt15_lmp_hourly_mean__congestion_usd_per_mwh__th_sp15_gen_apnd,0.085243821144104,0.08838945627212524
"(12, 42)",2,dam_as_total_procured__mw__ru__as_caiso,0.05920755863189697,0.05241513252258301
"(12, 42)",2,dam_as_total_procured__mw__rd__as_caiso,0.1036025881767273,0.11660337448120117
"(12, 42)",2,dam_as_total_procured__mw__sr__as_caiso,0.0,0.01524585485458374
"(12, 42)",2,dam_as_total_procured__mw__nr__as_caiso,0.01847970485687256,0.01604539155960083
"(13, 16)",2,actual_load__mw__ca_iso_tac,0.14761173725128174,0.1449580192565918
"(13, 16)",2,dam_schedule__mw__generation__caiso_totals,0.1820032000541687,0.17078149318695068
"(13, 16)",2,dam_schedule__mw__import__caiso_totals,0.32109934091567993,0.31097710132598877
"(13, 16)",2,dam_schedule__mw__export__caiso_totals,0.32835036516189575,0.3205753564834595
"(13, 16)",2,dam_lmp__lmp_usd_per_mwh__th_sp15_gen_apnd,0.5860822200775146,0.5738126039505005
"(13, 16)",2,dam_lmp__congestion_usd_per_mwh__th_sp15_gen_apnd,0.40199172496795654,0.390361487865448
"(13, 16)",2,dam_lmp__loss_usd_per_mwh__th_sp15_gen_apnd,0.22210973501205444,0.19057327508926392
"(13, 16)",2,rt15_lmp_hourly_mean__congestion_usd_per_mwh__th_sp15_gen_apnd,0.25672751665115356,0.2413608431816101
"(13, 16)",2,dam_as_total_procured__mw__ru__as_caiso,0.39441561698913574,0.3811571002006531
"(13, 16)",2,dam_as_total_procured__mw__rd__as_caiso,0.7262009382247925,0.7111757397651672
"(13, 16)",2,dam_as_total_procured__mw__sr__as_caiso,0.06651651859283447,0.10477292537689209
"(13, 16)",2,dam_as_total_procured__mw__nr__as_caiso,0.06604355573654175,0.059889256954193115
"(13, 20)",2,actual_load__mw__ca_iso_tac,0.4310534596443176,0.4627872109413147
"(13, 20)",2,dam_schedule__mw__generation__caiso_totals,0.5061802864074707,0.5337209701538086
"(13, 20)",2,dam_schedule__mw__import__caiso_totals,0.3958725333213806,0.3933495283126831
"(13, 20)",2,dam_schedule__mw__export__caiso_totals,0.40006887912750244,0.4149319529533386
"(13, 20)",2,dam_lmp__lmp_usd_per_mwh__th_sp15_gen_apnd,0.8517594337463379,0.8505844473838806
"(13, 20)",2,dam_lmp__congestion_usd_per_mwh__th_sp15_gen_apnd,0.437566876411438,0.4227902889251709
"(13, 20)",2,dam_lmp__loss_usd_per_mwh__th_sp15_gen_apnd,0.48019301891326904,0.49230682849884033
"(13, 20)",2,rt15_lmp_hourly_mean__congestion_usd_per_mwh__th_sp15_gen_apnd,0.2782847285270691,0.263466477394104
"(13, 20)",2,dam_as_total_procured__mw__ru__as_caiso,0.391299843788147,0.3753657341003418
"(13, 20)",2,dam_as_total_procured__mw__rd__as_caiso,0.7407676577568054,0.737193763256073
"(13, 20)",2,dam_as_total_procured__mw__sr__as_caiso,0.08878910541534424,0.13727456331253052
"(13, 20)",2,dam_as_total_procured__mw__nr__as_caiso,0.061613619327545166,0.07273489236831665
"(13, 24)",2,actual_load__mw__ca_iso_tac,0.35509049892425537,0.38331228494644165
"(13, 24)",2,dam_schedule__mw__generation__caiso_totals,0.3873394727706909,0.4342713952064514
"(13, 24)",2,dam_schedule__mw__import__caiso_totals,0.39313727617263794,0.40206485986709595
"(13, 24)",2,dam_schedule__mw__export__caiso_totals,0.32825952768325806,0.3682103753089905
"(13, 24)",2,dam_lmp__lmp_usd_per_mwh__th_sp15_gen_apnd,0.8304192423820496,0.8387837409973145
"(13, 24)",2,dam_lmp__congestion_usd_per_mwh__th_sp15_gen_apnd,0.4819021224975586,0.48811376094818115
"(13, 24)",2,dam_lmp__loss_usd_per_mwh__th_sp15_gen_apnd,0.36329543590545654,0.37893450260162354
"(13, 24)",2,rt15_lmp_hourly_mean__congestion_usd_per_mwh__th_sp15_gen_apnd,0.3983706831932068,0.4351987838745117
"(13, 24)",2,dam_as_total_procured__mw__ru__as_caiso,0.3761274218559265,0.36012208461761475
"(13, 24)",2,dam_as_total_procured__mw__rd__as_caiso,0.7331631183624268,0.7274725437164307
"(13, 24)",2,dam_as_total_procured__mw__sr__as_caiso,0.08314335346221924,0.12611639499664307
"(13, 24)",2,dam_as_total_procured__mw__nr__as_caiso,0.0475308895111084,0.052953243255615234
"(13, 28)",2,actual_load__mw__ca_iso_tac,0.877976655960083,0.8787569999694824
"(13, 28)",2,dam_schedule__mw__generation__caiso_totals,0.8842355608940125,0.8857769966125488
"(13, 28)",2,dam_schedule__mw__import__caiso_totals,0.4034728407859802,0.40542203187942505
"(13, 28)",2,dam_schedule__mw__export__caiso_totals,0.5690007209777832,0.5771018862724304
"(13, 28)",2,dam_lmp__lmp_usd_per_mwh__th_sp15_gen_apnd,0.7645021080970764,0.7798935770988464
"(13, 28)",2,dam_lmp__congestion_usd_per_mwh__th_sp15_gen_apnd,0.4676719903945923,0.4640662670135498
"(13, 28)",2,dam_lmp__loss_usd_per_mwh__th_sp15_gen_apnd,0.3945755958557129,0.38179534673690796
"(13, 28)",2,rt15_lmp_hourly_mean__congestion_usd_per_mwh__th_sp15_gen_apnd,0.3151034116744995,0.31391316652297974
"(13, 28)",2,dam_as_total_procured__mw__ru__as_caiso,0.384398877620697,0.3710392713546753
"(13, 28)",2,dam_as_total_procured__mw__rd__as_caiso,0.7725386619567871,0.765680193901062
"(13, 28)",2,dam_as_total_procured__mw__sr__as_caiso,0.1333516240119934,0.17506104707717896
"(13, 28)",2,dam_as_total_procured__mw__nr__as_caiso,0.22694408893585205,0.22755491733551025
"(13, 32)",2,actual_load__mw__ca_iso_tac,0.1433182954788208,0.15362483263015747
"(13, 32)",2,dam_schedule__mw__generation__caiso_totals,0.18522632122039795,0.19442301988601685
"(13, 32)",2,dam_schedule__mw__import__caiso_totals,0.312433660030365,0.3104932904243469
"(13, 32)",2,dam_schedule__mw__export__caiso_totals,0.2967655658721924,0.3073790669441223
"(13, 32)",2,dam_lmp__lmp_usd_per_mwh__th_sp15_gen_apnd,0.528897225856781,0.5338081121444702
"(13, 32)",2,dam_lmp__congestion_usd_per_mwh__th_sp15_gen_apnd,0.3913019895553589,0.3956727385520935
"(13, 32)",2,dam_lmp__loss_usd_per_mwh__th_sp15_gen_apnd,0.19976651668548584,0.17973965406417847
"(13, 32)",2,rt15_lmp_hourly_mean__congestion_usd_per_mwh__th_sp15_gen_apnd,0.24175232648849487,0.23395514488220215
"(13, 32)",2,dam_as_total_procured__mw__ru__as_caiso,0.4501156210899353,0.4501346945762634
"(13, 32)",2,dam_as_total_procured__mw__rd__as_caiso,0.7200939655303955,0.7124557495117188
"(13, 32)",2,dam_as_total_procured__mw__sr__as_caiso,0.060957133769989014,0.10041052103042603
"(13, 32)",2,dam_as_total_procured__mw__nr__as_caiso,0.045338451862335205,0.053737521171569824
"(13, 36)",2,actual_load__mw__ca_iso_tac,0.5568182468414307,0.5791640877723694
"(13, 36)",2,dam_schedule__mw__generation__caiso_totals,0.4906501770019531,0.5242944955825806
"(13, 36)",2,dam_schedule__mw__import__caiso_totals,0.4282153844833374,0.4217050075531006
"(13, 36)",2,dam_schedule__mw__export__caiso_totals,0.4312102794647217,0.44163376092910767
"(13, 36)",2,dam_lmp__lmp_usd_per_mwh__th_sp15_gen_apnd,0.6473430395126343,0.6530511975288391
"(13, 36)",2,dam_lmp__congestion_usd_per_mwh__th_sp15_gen_apnd,0.45883309841156006,0.444419264793396
"(13, 36)",2,dam_lmp__loss_usd_per_mwh__th_sp15_gen_apnd,0.24483931064605713,0.23635679483413696
"(13, 36)",2,rt15_lmp_hourly_mean__congestion_usd_per_mwh__th_sp15_gen_apnd,0.28628307580947876,0.27761298418045044
"(13, 36)",2,dam_as_total_procured__mw__ru__as_caiso,0.39840084314346313,0.38521724939346313
"(13, 36)",2,dam_as_total_procured__mw__rd__as_caiso,0.75559401512146,0.7500434517860413
"(13, 36)",2,dam_as_total_procured__mw__sr__as_caiso,0.19344615936279297,0.21965795755386353
"(13, 36)",2,dam_as_total_procured__mw__nr__as_caiso,0.4706929326057434,0.4755128026008606
"(13, 40)",2,actual_load__mw__ca_iso_tac,0.1397949457168579,0.14591962099075317
"(13, 40)",2,dam_schedule__mw__generation__caiso_totals,0.17488914728164673,0.17753058671951294
"(13, 40)",2,dam_schedule__mw__import__caiso_totals,0.32269465923309326,0.31131941080093384
"(13, 40)",2,dam_schedule__mw__export__caiso_totals,0.2693788409233093,0.2864381670951843
"(13, 40)",2,dam_lmp__lmp_usd_per_mwh__th_sp15_gen_apnd,0.5814182162284851,0.5779227018356323
"(13, 40)",2,dam_lmp__congestion_usd_per_mwh__th_sp15_gen_apnd,0.42092734575271606,0.4138762354850769
"(13, 40)",2,dam_lmp__loss_usd_per_mwh__th_sp15_gen_apnd,0.21105033159255981,0.19242465496063232
"(13, 40)",2,rt15_lmp_hourly_mean__congestion_usd_per_mwh__th_sp15_gen_apnd,0.26366716623306274,0.2565229535102844
"(13, 40)",2,dam_as_total_procured__mw__ru__as_caiso,0.36456727981567383,0.34742307662963867
"(13, 40)",2,dam_as_total_procured__mw__rd__as_caiso,0.7225791811943054,0.7098013758659363
"(13, 40)",2,dam_as_total_procured__mw__sr__as_caiso,0.06558698415756226,0.10508191585540771
"(13, 40)",2,dam_as_total_procured__mw__nr__as_caiso,0.02658987045288086,0.02910327911376953
"(14, 15)",2,actual_load__mw__ca_iso_tac,0.18351000547409058,0.16964411735534668
"(14, 15)",2,dam_schedule__mw__generation__caiso_totals,0.22877603769302368,0.2060171365737915
"(14, 15)",2,dam_schedule__mw__import__caiso_totals,0.3032984137535095,0.29911667108535767
"(14, 15)",2,dam_schedule__mw__export__caiso_totals,0.34295910596847534,0.33772557973861694
"(14, 15)",2,dam_lmp__lmp_usd_per_mwh__th_sp15_gen_apnd,0.61676424741745,0.61109858751297
"(14, 15)",2,dam_lmp__congestion_usd_per_mwh__th_sp15_gen_apnd,0.4799145460128784,0.472430944442749
"(14, 15)",2,dam_lmp__loss_usd_per_mwh__th_sp15_gen_apnd,0.22125375270843506,0.21836471557617188
"(14, 15)",2,rt15_lmp_hourly_mean__congestion_usd_per_mwh__th_sp15_gen_apnd,0.28006768226623535,0.28004026412963867
"(14, 15)",2,dam_as_total_procured__mw__ru__as_caiso,0.40126049518585205,0.38996458053588867
"(14, 15)",2,dam_as_total_procured__mw__rd__as_caiso,0.7497624158859253,0.7299234867095947
"(14, 15)",2,dam_as_total_procured__mw__sr__as_caiso,0.08318310976028442,0.11252778768539429
"(14, 15)",2,dam_as_total_procured__mw__nr__as_caiso,0.06004953384399414,0.056935012340545654
"(14, 19)",2,actual_load__mw__ca_iso_tac,0.26574575901031494,0.25594937801361084
"(14, 19)",2,dam_schedule__mw__generation__caiso_totals,0.26447486877441406,0.2512812614440918
"(14, 19)",2,dam_schedule__mw__import__caiso_totals,0.2779521942138672,0.28771477937698364
"(14, 19)",2,dam_schedule__mw__export__caiso_totals,0.23851358890533447,0.21717453002929688
"(14, 19)",2,dam_lmp__lmp_usd_per_mwh__th_sp15_gen_apnd,0.959238588809967,0.960087776184082
"(14, 19)",2,dam_lmp__congestion_usd_per_mwh__th_sp15_gen_apnd,0.3723183870315552,0.37679481506347656
"(14, 19)",2,dam_lmp__loss_usd_per_mwh__th_sp15_gen_apnd,0.43155521154403687,0.4480361342430115
"(14, 19)",2,rt15_lmp_hourly_mean__congestion_usd_per_mwh__th_sp15_gen_apnd,0.3019440770149231,0.2834393382072449
"(14, 19)",2,dam_as_total_procured__mw__ru__as_caiso,0.2235005497932434,0.19068002700805664
"(14, 19)",2,dam_as_total_procured__mw__rd__as_caiso,0.36946773529052734,0.37061750888824463
"(14, 19)",2,dam_as_total_procured__mw__sr__as_caiso,0.03840094804763794,0.03743267059326172
"(14, 19)",2,dam_as_total_procured__mw__nr__as_caiso,0.08832818269729614,0.0993955135345459
"(14, 23)",2,actual_load__mw__ca_iso_tac,0.15595632791519165,0.15912139415740967
"(14, 23)",2,dam_schedule__mw__generation__caiso_totals,0.13771677017211914,0.14158391952514648
"(14, 23)",2,dam_schedule__mw__import__caiso_totals,0.23045164346694946,0.23749685287475586
"(14, 23)",2,dam_schedule__mw__export__caiso_totals,0.12710076570510864,0.12873327732086182
"(14, 23)",2,dam_lmp__lmp_usd_per_mwh__th_sp15_gen_apnd,0.861976146697998,0.8659481406211853
"(14, 23)",2,dam_lmp__congestion_usd_per_mwh__th_sp15_gen_apnd,0.4192063808441162,0.4262481927871704
"(14, 23)",2,dam_lmp__loss_usd_per_mwh__th_sp15_gen_apnd,0.3302445411682129,0.3449763059616089
"(14, 23)",2,rt15_lmp_hourly_mean__congestion_usd_per_mwh__th_sp15_gen_apnd,0.4315926432609558,0.4337437152862549
"(14, 23)",2,dam_as_total_procured__mw__ru__as_caiso,0.21919888257980347,0.194879412651062
"(14, 23)",2,dam_as_total_procured__mw__rd__as_caiso,0.38372355699539185,0.38818514347076416
"(14, 23)",2,dam_as_total_procured__mw__sr__as_caiso,0.02997303009033203,0.030775845050811768
"(14, 23)",2,dam_as_total_procured__mw__nr__as_caiso,0.03605228662490845,0.04506403207778931
"(14, 27)",2,actual_load__mw__ca_iso_tac,0.6531985402107239,0.653304934501648
"(14, 27)",2,dam_schedule__mw__generation__caiso_totals,0.6155837774276733,0.626671552658081
"(14, 27)",2,dam_schedule__mw__import__caiso_totals,0.21233975887298584,0.20830905437469482
"(14, 27)",2,dam_schedule__mw__export__caiso_totals,0.37563377618789673,0.3705856204032898
"(14, 27)",2,dam_lmp__lmp_usd_per_mwh__th_sp15_gen_apnd,0.3959565758705139,0.41282451152801514
"(14, 27)",2,dam_lmp__congestion_usd_per_mwh__th_sp15_gen_apnd,0.08752280473709106,0.08807951211929321
"(14, 27)",2,dam_lmp__loss_usd_per_mwh__th_sp15_gen_apnd,0.3955627679824829,0.3971112370491028
"(14, 27)",2,rt15_lmp_hourly_mean__congestion_usd_per_mwh__th_sp15_gen_apnd,0.07946598529815674,0.08740288019180298
"(14, 27)",2,dam_as_total_procured__mw__ru__as_caiso,0.11595898866653442,0.10840475559234619
"(14, 27)",2,dam_as_total_procured__mw__rd__as_caiso,0.1361461877822876,0.1383202075958252
"(14, 27)",2,dam_as_total_procured__mw__sr__as_caiso,0.04761546850204468,0.05216789245605469
"(14, 27)",2,dam_as_total_procured__mw__nr__as_caiso,0.20291030406951904,0.2046634554862976
"(14, 31)",2,actual_load__mw__ca_iso_tac,0.055721819400787354,0.04828488826751709
"(14, 31)",2,dam_schedule__mw__generation__caiso_totals,0.06707918643951416,0.05682492256164551
"(14, 31)",2,dam_schedule__mw__import__caiso_totals,0.002994239330291748,0.00484311580657959
"(14, 31)",2,dam_schedule__mw__export__caiso_totals,0.05101275444030762,0.056034624576568604
"(14, 31)",2,dam_lmp__lmp_usd_per_mwh__th_sp15_gen_apnd,0.013971149921417236,0.015077054500579834
"(14, 31)",2,dam_lmp__congestion_usd_per_mwh__th_sp15_gen_apnd,0.04247003793716431,0.04724454879760742
"(14, 31)",2,dam_lmp__loss_usd_per_mwh__th_sp15_gen_apnd,0.009375572204589844,0.010621726512908936
"(14, 31)",2,rt15_lmp_hourly_mean__congestion_usd_per_mwh__th_sp15_gen_apnd,0.013571321964263916,0.019810497760772705
"(14, 31)",2,dam_as_total_procured__mw__ru__as_caiso,0.029084742069244385,0.02421325445175171
"(14, 31)",2,dam_as_total_procured__mw__rd__as_caiso,0.01979959011077881,0.027404308319091797
"(14, 31)",2,dam_as_total_procured__mw__sr__as_caiso,0.00845181941986084,0.006943404674530029
"(14, 31)",2,dam_as_total_procured__mw__nr__as_caiso,0.0285947322845459,0.02729266881942749
"(14, 35)",2,actual_load__mw__ca_iso_tac,0.32515037059783936,0.3211429715156555
"(14, 35)",2,dam_schedule__mw__generation__caiso_totals,0.3673073649406433,0.34312325716018677
"(14, 35)",2,dam_schedule__mw__import__caiso_totals,0.2463403344154358,0.24553757905960083
"(14, 35)",2,dam_schedule__mw__export__caiso_totals,0.3465495705604553,0.3450796604156494
"(14, 35)",2,dam_lmp__lmp_usd_per_mwh__th_sp15_gen_apnd,0.41988176107406616,0.39969342947006226
"(14, 35)",2,dam_lmp__congestion_usd_per_mwh__th_sp15_gen_apnd,0.4105227589607239,0.378412663936615
"(14, 35)",2,dam_lmp__loss_usd_per_mwh__th_sp15_gen_apnd,0.08702749013900757,0.09562093019485474
"(14, 35)",2,rt15_lmp_hourly_mean__congestion_usd_per_mwh__th_sp15_gen_apnd,0.240605890750885,0.23638522624969482
"(14, 35)",2,dam_as_total_procured__mw__ru__as_caiso,0.42109596729278564,0.42453140020370483
"(14, 35)",2,dam_as_total_procured__mw__rd__as_caiso,0.9777721762657166,0.9760544896125793
"(14, 35)",2,dam_as_total_procured__mw__sr__as_caiso,0.07635295391082764,0.10366183519363403
"(14, 35)",2,dam_as_total_procured__mw__nr__as_caiso,0.09542691707611084,0.0782766342163086
"(14, 39)",2,actual_load__mw__ca_iso_tac,0.09163397550582886,0.08688861131668091
"(14, 39)",2,dam_schedule__mw__generation__caiso_totals,0.132096529006958,0.12734872102737427
"(14, 39)",2,dam_schedule__mw__import__caiso_totals,0.022385835647583008,0.025043785572052002
"(14, 39)",2,dam_schedule__mw__export__caiso_totals,0.11653703451156616,0.12386298179626465
"(14, 39)",2,dam_lmp__lmp_usd_per_mwh__th_sp15_gen_apnd,0.09284967184066772,0.09325206279754639
"(14, 39)",2,dam_lmp__congestion_usd_per_mwh__th_sp15_gen_apnd,0.07775425910949707,0.08326590061187744
"(14, 39)",2,dam_lmp__loss_usd_per_mwh__th_sp15_gen_apnd,0.04077625274658203,0.038946688175201416
"(14, 39)",2,rt15_lmp_hourly_mean__congestion_usd_per_mwh__th_sp15_gen_apnd,0.025655031204223633,0.029416203498840332
"(14, 39)",2,dam_as_total_procured__mw__ru__as_caiso,0.1015428900718689,0.09050703048706055
"(14, 39)",2,dam_as_total_procured__mw__rd__as_caiso,0.09420394897460938,0.10801351070404053
"(14, 39)",2,dam_as_total_procured__mw__sr__as_caiso,0.030371427536010742,0.03189140558242798
"(14, 39)",2,dam_as_total_procured__mw__nr__as_caiso,0.03281491994857788,0.03087085485458374
"(14, 43)",2,actual_load__mw__ca_iso_tac,0.1123889684677124,0.09850221872329712
"(14, 43)",2,dam_schedule__mw__generation__caiso_totals,0.15122288465499878,0.12688523530960083
"(14, 43)",2,dam_schedule__mw__import__caiso_totals,0.17180359363555908,0.16762948036193848
"(14, 43)",2,dam_schedule__mw__export__caiso_totals,0.15611892938613892,0.14942580461502075
"(14, 43)",2,dam_lmp__lmp_usd_per_mwh__th_sp15_gen_apnd,0.2615813612937927,0.27888238430023193
"(14, 43)",2,dam_lmp__congestion_usd_per_mwh__th_sp15_gen_apnd,0.20246970653533936,0.19963383674621582
"(14, 43)",2,dam_lmp__loss_usd_per_mwh__th_sp15_gen_apnd,0.07795023918151855,0.08780413866043091
"(14, 43)",2,rt15_lmp_hourly_mean__congestion_usd_per_mwh__th_sp15_gen_apnd,0.09076857566833496,0.08418399095535278
"(14, 43)",2,dam_as_total_procured__mw__ru__as_caiso,0.08150327205657959,0.07834458351135254
"(14, 43)",2,dam_as_total_procured__mw__rd__as_caiso,0.1926954984664917,0.21744304895401
"(14, 43)",2,dam_as_total_procured__mw__sr__as_caiso,0.028321027755737305,0.03984200954437256
"(14, 43)",2,dam_as_total_procured__mw__nr__as_caiso,0.029963195323944092,0.027494072914123535
"(15, 19)",2,actual_load__mw__ca_iso_tac,0.500435471534729,0.5342844724655151
"(15, 19)",2,dam_schedule__mw__generation__caiso_totals,0.5170413255691528,0.5541598796844482
"(15, 19)",2,dam_schedule__mw__import__caiso_totals,0.38373827934265137,0.3880442976951599
"(15, 19)",2,dam_schedule__mw__export__caiso_totals,0.3523297905921936,0.37783896923065186
"(15, 19)",2,dam_lmp__lmp_usd_per_mwh__th_sp15_gen_apnd,0.9663509726524353,0.966820240020752
"(15, 19)",2,dam_lmp__congestion_usd_per_mwh__th_sp15_gen_apnd,0.49217522144317627,0.48971545696258545
"(15, 19)",2,dam_lmp__loss_usd_per_mwh__th_sp15_gen_apnd,0.499817430973053,0.5132454633712769
"(15, 19)",2,rt15_lmp_hourly_mean__congestion_usd_per_mwh__th_sp15_gen_apnd,0.3313385248184204,0.3247069716453552
"(15, 19)",2,dam_as_total_procured__mw__ru__as_caiso,0.42000287771224976,0.41036003828048706
"(15, 19)",2,dam_as_total_procured__mw__rd__as_caiso,0.7642974853515625,0.7584899663925171
"(15, 19)",2,dam_as_total_procured__mw__sr__as_caiso,0.10565364360809326,0.15016913414001465
"(15, 19)",2,dam_as_total_procured__mw__nr__as_caiso,0.07850432395935059,0.08980971574783325
"(15, 23)",2,actual_load__mw__ca_iso_tac,0.3732537031173706,0.4023227095603943
"(15, 23)",2,dam_schedule__mw__generation__caiso_totals,0.35405832529067993,0.39870017766952515
"(15, 23)",2,dam_schedule__mw__import__caiso_totals,0.3756421208381653,0.38864344358444214
"(15, 23)",2,dam_schedule__mw__export__caiso_totals,0.2709464430809021,0.31561005115509033
"(15, 23)",2,dam_lmp__lmp_usd_per_mwh__th_sp15_gen_apnd,0.8893991112709045,0.8916811347007751
"(15, 23)",2,dam_lmp__congestion_usd_per_mwh__th_sp15_gen_apnd,0.5057498216629028,0.5024932026863098
"(15, 23)",2,dam_lmp__loss_usd_per_mwh__th_sp15_gen_apnd,0.38205432891845703,0.3917381763458252
"(15, 23)",2,rt15_lmp_hourly_mean__congestion_usd_per_mwh__th_sp15_gen_apnd,0.4478066563606262,0.452669620513916
"(15, 23)",2,dam_as_total_procured__mw__ru__as_caiso,0.4169735312461853,0.4016979932785034
"(15, 23)",2,dam_as_total_procured__mw__rd__as_caiso,0.7643305659294128,0.7515985369682312
"(15, 23)",2,dam_as_total_procured__mw__sr__as_caiso,0.0933026671409607,0.13663208484649658
"(15, 23)",2,dam_as_total_procured__mw__nr__as_caiso,0.05483973026275635,0.06056469678878784
"(15, 27)",2,actual_load__mw__ca_iso_tac,0.8564901351928711,0.864166259765625
"(15, 27)",2,dam_schedule__mw__generation__caiso_totals,0.836727499961853,0.8398580551147461
"(15, 27)",2,dam_schedule__mw__import__caiso_totals,0.3956419825553894,0.39700019359588623
"(15, 27)",2,dam_schedule__mw__export__caiso_totals,0.5896857976913452,0.5789220929145813
"(15, 27)",2,dam_lmp__lmp_usd_per_mwh__th_sp15_gen_apnd,0.7597499489784241,0.7741082310676575
"(15, 27)",2,dam_lmp__congestion_usd_per_mwh__th_sp15_gen_apnd,0.502987265586853,0.49411314725875854
"(15, 27)",2,dam_lmp__loss_usd_per_mwh__th_sp15_gen_apnd,0.41673994064331055,0.4046258330345154
"(15, 27)",2,rt15_lmp_hourly_mean__congestion_usd_per_mwh__th_sp15_gen_apnd,0.31554824113845825,0.30995291471481323
"(15, 27)",2,dam_as_total_procured__mw__ru__as_caiso,0.44533634185791016,0.4284600019454956
"(15, 27)",2,dam_as_total_procured__mw__rd__as_caiso,0.7952785491943359,0.7855408191680908
"(15, 27)",2,dam_as_total_procured__mw__sr__as_caiso,0.12314987182617188,0.16331356763839722
"(15, 27)",2,dam_as_total_procured__mw__nr__as_caiso,0.2266271710395813,0.22814053297042847
"(15, 31)",2,actual_load__mw__ca_iso_tac,0.08567893505096436,0.08963674306869507
"(15, 31)",2,dam_schedule__mw__generation__caiso_totals,0.11737197637557983,0.11567151546478271
"(15, 31)",2,dam_schedule__mw__import__caiso_totals,0.29336923360824585,0.29172849655151367
"(15, 31)",2,dam_schedule__mw__export__caiso_totals,0.21780580282211304,0.22703206539154053
"(15, 31)",2,dam_lmp__lmp_usd_per_mwh__th_sp15_gen_apnd,0.5959933400154114,0.5910511016845703
"(15, 31)",2,dam_lmp__congestion_usd_per_mwh__th_sp15_gen_apnd,0.4446758031845093,0.42987245321273804
"(15, 31)",2,dam_lmp__loss_usd_per_mwh__th_sp15_gen_apnd,0.1803937554359436,0.1667006015777588
"(15, 31)",2,rt15_lmp_hourly_mean__congestion_usd_per_mwh__th_sp15_gen_apnd,0.257706880569458,0.2552837133407593
"(15, 31)",2,dam_as_total_procured__mw__ru__as_caiso,0.39385759830474854,0.37883102893829346
"(15, 31)",2,dam_as_total_procured__mw__rd__as_caiso,0.744259238243103,0.7271410822868347
"(15, 31)",2,dam_as_total_procured__mw__sr__as_caiso,0.06146615743637085,0.09370505809783936
"(15, 31)",2,dam_as_total_procured__mw__nr__as_caiso,0.027229666709899902,0.028585970401763916
"(15, 35)",2,actual_load__mw__ca_iso_tac,0.29876983165740967,0.31138068437576294
"(15, 35)",2,dam_schedule__mw__generation__caiso_totals,0.29730767011642456,0.2954186797142029
"(15, 35)",2,dam_schedule__mw__import__caiso_totals,0.32670414447784424,0.3269469738006592
"(15, 35)",2,dam_schedule__mw__export__caiso_totals,0.27003663778305054,0.2768433690071106
"(15, 35)",2,dam_lmp__lmp_usd_per_mwh__th_sp15_gen_apnd,0.6725211143493652,0.670967698097229
"(15, 35)",2,dam_lmp__congestion_usd_per_mwh__th_sp15_gen_apnd,0.4959006905555725,0.46874409914016724
"(15, 35)",2,dam_lmp__loss_usd_per_mwh__th_sp15_gen_apnd,0.29168808460235596,0.29670000076293945
"(15, 35)",2,rt15_lmp_hourly_mean__congestion_usd_per_mwh__th_sp15_gen_apnd,0.31062382459640503,0.3039666414260864
"(15, 35)",2,dam_as_total_procured__mw__ru__as_caiso,0.451262891292572,0.4600293040275574
"(15, 35)",2,dam_as_total_procured__mw__rd__as_caiso,0.97971111536026,0.9786968231201172
"(15, 35)",2,dam_as_total_procured__mw__sr__as_caiso,0.07317346334457397,0.11109894514083862
"(15, 35)",2,dam_as_total_procured__mw__nr__as_caiso,0.07979434728622437,0.07202589511871338
"(15, 39)",2,actual_load__mw__ca_iso_tac,0.09400427341461182,0.10229462385177612
"(15, 39)",2,dam_schedule__mw__generation__caiso_totals,0.13230466842651367,0.1343897581100464
"(15, 39)",2,dam_schedule__mw__import__caiso_totals,0.30125248432159424,0.29816102981567383
"(15, 39)",2,dam_schedule__mw__export__caiso_totals,0.23638594150543213,0.2393643856048584
"(15, 39)",2,dam_lmp__lmp_usd_per_mwh__th_sp15_gen_apnd,0.6015303134918213,0.5967786312103271
"(15, 39)",2,dam_lmp__congestion_usd_per_mwh__th_sp15_gen_apnd,0.452258825302124,0.4356803297996521
"(15, 39)",2,dam_lmp__loss_usd_per_mwh__th_sp15_gen_apnd,0.20331168174743652,0.189769446849823
"(15, 39)",2,rt15_lmp_hourly_mean__congestion_usd_per_mwh__th_sp15_gen_apnd,0.28386491537094116,0.2805051803588867
"(15, 39)",2,dam_as_total_procured__mw__ru__as_caiso,0.41166430711746216,0.392659068107605
"(15, 39)",2,dam_as_total_procured__mw__rd__as_caiso,0.7498087286949158,0.7323721647262573
"(15, 39)",2,dam_as_total_procured__mw__sr__as_caiso,0.06525558233261108,0.0962173342704773
"(15, 39)",2,dam_as_total_procured__mw__nr__as_caiso,0.02379506826400757,0.030696988105773926
"(15, 43)",2,actual_load__mw__ca_iso_tac,0.10125929117202759,0.10601967573165894
"(15, 43)",2,dam_schedule__mw__generation__caiso_totals,0.14467155933380127,0.14296698570251465
"(15, 43)",2,dam_schedule__mw__import__caiso_totals,0.2997050881385803,0.2978578805923462
"(15, 43)",2,dam_schedule__mw__export__caiso_totals,0.24703890085220337,0.24837833642959595
"(15, 43)",2,dam_lmp__lmp_usd_per_mwh__th_sp15_gen_apnd,0.6022875308990479,0.5995960235595703
"(15, 43)",2,dam_lmp__congestion_usd_per_mwh__th_sp15_gen_apnd,0.4463469386100769,0.4294901490211487
"(15, 43)",2,dam_lmp__loss_usd_per_mwh__th_sp15_gen_apnd,0.19468438625335693,0.18041741847991943
"(15, 43)",2,rt15_lmp_hourly_mean__congestion_usd_per_mwh__th_sp15_gen_apnd,0.27738457918167114,0.2728928327560425
"(15, 43)",2,dam_as_total_procured__mw__ru__as_caiso,0.4020102620124817,0.38329237699508667
"(15, 43)",2,dam_as_total_procured__mw__rd__as_caiso,0.7482789754867554,0.7298017144203186
"(15, 43)",2,dam_as_total_procured__mw__sr__as_caiso,0.0651477575302124,0.09653550386428833
"(15, 43)",2,dam_as_total_procured__mw__nr__as_caiso,0.017198145389556885,0.023826539516448975
"(16, 20)",2,actual_load__mw__ca_iso_tac,0.16908907890319824,0.16763544082641602
"(16, 20)",2,dam_schedule__mw__generation__caiso_totals,0.1574413776397705,0.154812753200531
"(16, 20)",2,dam_schedule__mw__import__caiso_totals,0.23266828060150146,0.23473823070526123
"(16, 20)",2,dam_schedule__mw__export__caiso_totals,0.17010116577148438,0.15310531854629517
"(16, 20)",2,dam_lmp__lmp_usd_per_mwh__th_sp15_gen_apnd,0.7860648036003113,0.7803442478179932
"(16, 20)",2,dam_lmp__congestion_usd_per_mwh__th_sp15_gen_apnd,0.16145139932632446,0.13649851083755493
"(16, 20)",2,dam_lmp__loss_usd_per_mwh__th_sp15_gen_apnd,0.44129669666290283,0.45145875215530396
"(16, 20)",2,rt15_lmp_hourly_mean__congestion_usd_per_mwh__th_sp15_gen_apnd,0.15080398321151733,0.12069147825241089
"(16, 20)",2,dam_as_total_procured__mw__ru__as_caiso,0.19868838787078857,0.17037808895111084
"(16, 20)",2,dam_as_total_procured__mw__rd__as_caiso,0.29394692182540894,0.2960360646247864
"(16, 20)",2,dam_as_total_procured__mw__sr__as_caiso,0.016139566898345947,0.024679064750671387
"(16, 20)",2,dam_as_total_procured__mw__nr__as_caiso,0.05769848823547363,0.06430602073669434
"(16, 24)",2,actual_load__mw__ca_iso_tac,0.12785327434539795,0.12638437747955322
"(16, 24)",2,dam_schedule__mw__generation__caiso_totals,0.09166043996810913,0.09682703018188477
"(16, 24)",2,dam_schedule__mw__import__caiso_totals,0.22934746742248535,0.238467276096344
"(16, 24)",2,dam_schedule__mw__export__caiso_totals,0.10059905052185059,0.09793001413345337
"(16, 24)",2,dam_lmp__lmp_usd_per_mwh__th_sp15_gen_apnd,0.8065189123153687,0.8189685940742493
"(16, 24)",2,dam_lmp__congestion_usd_per_mwh__th_sp15_gen_apnd,0.3490309715270996,0.3523147702217102
"(16, 24)",2,dam_lmp__loss_usd_per_mwh__th_sp15_gen_apnd,0.3093883991241455,0.3185111880302429
"(16, 24)",2,rt15_lmp_hourly_mean__congestion_usd_per_mwh__th_sp15_gen_apnd,0.34851711988449097,0.36052364110946655
"(16, 24)",2,dam_as_total_procured__mw__ru__as_caiso,0.21318817138671875,0.18191128969192505
"(16, 24)",2,dam_as_total_procured__mw__rd__as_caiso,0.378545343875885,0.3783513903617859
"(16, 24)",2,dam_as_total_procured__mw__sr__as_caiso,0.016359806060791016,0.030472517013549805
"(16, 24)",2,dam_as_total_procured__mw__nr__as_caiso,0.03622549772262573,0.04272198677062988
"(16, 28)",2,actual_load__mw__ca_iso_tac,0.8159921169281006,0.8168708086013794
"(16, 28)",2,dam_schedule__mw__generation__caiso_totals,0.8094255328178406,0.8151206970214844
"(16, 28)",2,dam_schedule__mw__import__caiso_totals,0.12504804134368896,0.1108362078666687
"(16, 28)",2,dam_schedule__mw__export__caiso_totals,0.43850064277648926,0.4314234256744385
"(16, 28)",2,dam_lmp__lmp_usd_per_mwh__th_sp15_gen_apnd,0.2891220450401306,0.2939680218696594
"(16, 28)",2,dam_lmp__congestion_usd_per_mwh__th_sp15_gen_apnd,0.04917347431182861,0.04073065519332886
"(16, 28)",2,dam_lmp__loss_usd_per_mwh__th_sp15_gen_apnd,0.26102882623672485,0.2508440613746643
"(16, 28)",2,rt15_lmp_hourly_mean__congestion_usd_per_mwh__th_sp15_gen_apnd,0.07036489248275757,0.07128024101257324
"(16, 28)",2,dam_as_total_procured__mw__ru__as_caiso,0.08885222673416138,0.08677351474761963
"(16, 28)",2,dam_as_total_procured__mw__rd__as_caiso,0.09422445297241211,0.09443265199661255
"(16, 28)",2,dam_as_total_procured__mw__sr__as_caiso,0.08776569366455078,0.1052517294883728
"(16, 28)",2,dam_as_total_procured__mw__nr__as_caiso,0.19112300872802734,0.19679856300354004
"(16, 32)",2,actual_load__mw__ca_iso_tac,0.06556493043899536,0.06346684694290161
"(16, 32)",2,dam_schedule__mw__generation__caiso_totals,0.08983117341995239,0.08841240406036377
"(16, 32)",2,dam_schedule__mw__import__caiso_totals,0.07450687885284424,0.06159210205078125
"(16, 32)",2,dam_schedule__mw__export__caiso_totals,0.08859211206436157,0.0811799168586731
"(16, 32)",2,dam_lmp__lmp_usd_per_mwh__th_sp15_gen_apnd,0.13122296333312988,0.09471917152404785
"(16, 32)",2,dam_lmp__congestion_usd_per_mwh__th_sp15_gen_apnd,0.12255966663360596,0.08904445171356201
"(16, 32)",2,dam_lmp__loss_usd_per_mwh__th_sp15_gen_apnd,0.033048152923583984,0.021131694316864014
"(16, 32)",2,rt15_lmp_hourly_mean__congestion_usd_per_mwh__th_sp15_gen_apnd,0.06828546524047852,0.05653339624404907
"(16, 32)",2,dam_as_total_procured__mw__ru__as_caiso,0.35186314582824707,0.3502776622772217
"(16, 32)",2,dam_as_total_procured__mw__rd__as_caiso,0.31062400341033936,0.2836098074913025
"(16, 32)",2,dam_as_total_procured__mw__sr__as_caiso,0.005907893180847168,0.01497507095336914
"(16, 32)",2,dam_as_total_procured__mw__nr__as_caiso,0.037643373012542725,0.04323703050613403
"(16, 36)",2,actual_load__mw__ca_iso_tac,0.4247010350227356,0.45346230268478394
"(16, 36)",2,dam_schedule__mw__generation__caiso_totals,0.31790608167648315,0.3612062335014343
"(16, 36)",2,dam_schedule__mw__import__caiso_totals,0.11113202571868896,0.11090481281280518
"(16, 36)",2,dam_schedule__mw__export__caiso_totals,0.20898717641830444,0.22681158781051636
"(16, 36)",2,dam_lmp__lmp_usd_per_mwh__th_sp15_gen_apnd,0.12127691507339478,0.12389421463012695
"(16, 36)",2,dam_lmp__congestion_usd_per_mwh__th_sp15_gen_apnd,0.04468435049057007,0.04963403940200806
"(16, 36)",2,dam_lmp__loss_usd_per_mwh__th_sp15_gen_apnd,0.05345958471298218,0.049937427043914795
"(16, 36)",2,rt15_lmp_hourly_mean__congestion_usd_per_mwh__th_sp15_gen_apnd,0.018888473510742188,0.019417941570281982
"(16, 36)",2,dam_as_total_procured__mw__ru__as_caiso,0.03758007287979126,0.03789478540420532
"(16, 36)",2,dam_as_total_procured__mw__rd__as_caiso,0.09028732776641846,0.10584604740142822
"(16, 36)",2,dam_as_total_procured__mw__sr__as_caiso,0.16039514541625977,0.16802352666854858
"(16, 36)",2,dam_as_total_procured__mw__nr__as_caiso,0.474031925201416,0.46936601400375366
"(16, 40)",2,actual_load__mw__ca_iso_tac,0.013406038284301758,0.010987639427185059
"(16, 40)",2,dam_schedule__mw__generation__caiso_totals,0.014678955078125,0.010963678359985352
"(16, 40)",2,dam_schedule__mw__import__caiso_totals,0.026882290840148926,0.048715829849243164
"(16, 40)",2,dam_schedule__mw__export__caiso_totals,0.033410847187042236,0.023836195468902588
"(16, 40)",2,dam_lmp__lmp_usd_per_mwh__th_sp15_gen_apnd,0.1862955093383789,0.201396644115448
"(16, 40)",2,dam_lmp__congestion_usd_per_mwh__th_sp15_gen_apnd,0.06359332799911499,0.0726017951965332
"(16, 40)",2,dam_lmp__loss_usd_per_mwh__th_sp15_gen_apnd,0.06793957948684692,0.06241905689239502
"(16, 40)",2,rt15_lmp_hourly_mean__congestion_usd_per_mwh__th_sp15_gen_apnd,0.037416934967041016,0.04885786771774292
"(16, 40)",2,dam_as_total_procured__mw__ru__as_caiso,0.06137269735336304,0.052020132541656494
"(16, 40)",2,dam_as_total_procured__mw__rd__as_caiso,0.055603981018066406,0.06572377681732178
"(16, 40)",2,dam_as_total_procured__mw__sr__as_caiso,0.00023281574249267578,0.013994872570037842
"(16, 40)",2,dam_as_total_procured__mw__nr__as_caiso,0.022328078746795654,0.02401190996170044
"(17, 18)",2,actual_load__mw__ca_iso_tac,0.14068907499313354,0.14191097021102905
"(17, 18)",2,dam_schedule__mw__generation__caiso_totals,0.14441519975662231,0.14079123735427856
"(17, 18)",2,dam_schedule__mw__import__caiso_totals,0.31060677766799927,0.3091757893562317
"(17, 18)",2,dam_schedule__mw__export__caiso_totals,0.24573981761932373,0.2522679567337036
"(17, 18)",2,dam_lmp__lmp_usd_per_mwh__th_sp15_gen_apnd,0.6165510416030884,0.6035749912261963
"(17, 18)",2,dam_lmp__congestion_usd_per_mwh__th_sp15_gen_apnd,0.410541832447052,0.389975368976593
"(17, 18)",2,dam_lmp__loss_usd_per_mwh__th_sp15_gen_apnd,0.23339229822158813,0.21117347478866577
"(17, 18)",2,rt15_lmp_hourly_mean__congestion_usd_per_mwh__th_sp15_gen_apnd,0.24946123361587524,0.23554736375808716
"(17, 18)",2,dam_as_total_procured__mw__ru__as_caiso,0.4002857804298401,0.38421475887298584
"(17, 18)",2,dam_as_total_procured__mw__rd__as_caiso,0.7371945381164551,0.7226645946502686
"(17, 18)",2,dam_as_total_procured__mw__sr__as_caiso,0.07632863521575928,0.11106109619140625
"(17, 18)",2,dam_as_total_procured__mw__nr__as_caiso,0.03889495134353638,0.03806948661804199
"(17, 22)",2,actual_load__mw__ca_iso_tac,0.30320852994918823,0.3238077163696289
"(17, 22)",2,dam_schedule__mw__generation__caiso_totals,0.341757595539093,0.35155636072158813
"(17, 22)",2,dam_schedule__mw__import__caiso_totals,0.36830049753189087,0.36994850635528564
"(17, 22)",2,dam_schedule__mw__export__caiso_totals,0.2802196145057678,0.2934485673904419
"(17, 22)",2,dam_lmp__lmp_usd_per_mwh__th_sp15_gen_apnd,0.7231886982917786,0.7334209680557251
"(17, 22)",2,dam_lmp__congestion_usd_per_mwh__th_sp15_gen_apnd,0.425778865814209,0.4106956720352173
"(17, 22)",2,dam_lmp__loss_usd_per_mwh__th_sp15_gen_apnd,0.350288987159729,0.3752935528755188
"(17, 22)",2,rt15_lmp_hourly_mean__congestion_usd_per_mwh__th_sp15_gen_apnd,0.2958919405937195,0.2648079991340637
"(17, 22)",2,dam_as_total_procured__mw__ru__as_caiso,0.40832918882369995,0.38906359672546387
"(17, 22)",2,dam_as_total_procured__mw__rd__as_caiso,0.7399072647094727,0.7364476919174194
"(17, 22)",2,dam_as_total_procured__mw__sr__as_caiso,0.07468730211257935,0.12563687562942505
"(17, 22)",2,dam_as_total_procured__mw__nr__as_caiso,0.04481863975524902,0.04528611898422241
"(17, 26)",2,actual_load__mw__ca_iso_tac,0.18732690811157227,0.18835186958312988
"(17, 26)",2,dam_schedule__mw__generation__caiso_totals,0.2533682584762573,0.24798214435577393
"(17, 26)",2,dam_schedule__mw__import__caiso_totals,0.3284595012664795,0.3264070153236389
"(17, 26)",2,dam_schedule__mw__export__caiso_totals,0.36303144693374634,0.3604204058647156
"(17, 26)",2,dam_lmp__lmp_usd_per_mwh__th_sp15_gen_apnd,0.6038508415222168,0.6043482422828674
"(17, 26)",2,dam_lmp__congestion_usd_per_mwh__th_sp15_gen_apnd,0.42232149839401245,0.41525590419769287
"(17, 26)",2,dam_lmp__loss_usd_per_mwh__th_sp15_gen_apnd,0.3368632197380066,0.3189361095428467
"(17, 26)",2,rt15_lmp_hourly_mean__congestion_usd_per_mwh__th_sp15_gen_apnd,0.2496069073677063,0.24760007858276367
"(17, 26)",2,dam_as_total_procured__mw__ru__as_caiso,0.4133647680282593,0.3954882025718689
"(17, 26)",2,dam_as_total_procured__mw__rd__as_caiso,0.7442426681518555,0.7335370779037476
"(17, 26)",2,dam_as_total_procured__mw__sr__as_caiso,0.08487272262573242,0.11499494314193726
"(17, 26)",2,dam_as_total_procured__mw__nr__as_caiso,0.06565409898757935,0.05562537908554077
"(17, 30)",2,actual_load__mw__ca_iso_tac,0.09467726945877075,0.09867072105407715
"(17, 30)",2,dam_schedule__mw__generation__caiso_totals,0.13067978620529175,0.12999534606933594
"(17, 30)",2,dam_schedule__mw__import__caiso_totals,0.29626911878585815,0.2939985394477844
"(17, 30)",2,dam_schedule__mw__export__caiso_totals,0.24088740348815918,0.24658626317977905
"(17, 30)",2,dam_lmp__lmp_usd_per_mwh__th_sp15_gen_apnd,0.551834225654602,0.5487167239189148
"(17, 30)",2,dam_lmp__congestion_usd_per_mwh__th_sp15_gen_apnd,0.4019664525985718,0.38865965604782104
"(17, 30)",2,dam_lmp__loss_usd_per_mwh__th_sp15_gen_apnd,0.19131094217300415,0.17093437910079956
"(17, 30)",2,rt15_lmp_hourly_mean__congestion_usd_per_mwh__th_sp15_gen_apnd,0.2346859574317932,0.22622710466384888
"(17, 30)",2,dam_as_total_procured__mw__ru__as_caiso,0.38410645723342896,0.36738061904907227
"(17, 30)",2,dam_as_total_procured__mw__rd__as_caiso,0.7332780361175537,0.719887912273407
"(17, 30)",2,dam_as_total_procured__mw__sr__as_caiso,0.0656888484954834,0.10168105363845825
"(17, 30)",2,dam_as_total_procured__mw__nr__as_caiso,0.024157822132110596,0.026042282581329346
"(17, 34)",2,actual_load__mw__ca_iso_tac,0.14026767015457153,0.14497917890548706
"(17, 34)",2,dam_schedule__mw__generation__caiso_totals,0.16160404682159424,0.16396677494049072
"(17, 34)",2,dam_schedule__mw__import__caiso_totals,0.3198623061180115,0.3126652240753174
"(17, 34)",2,dam_schedule__mw__export__caiso_totals,0.26584625244140625,0.27962207794189453
"(17, 34)",2,dam_lmp__lmp_usd_per_mwh__th_sp15_gen_apnd,0.5651478171348572,0.5619329214096069
"(17, 34)",2,dam_lmp__congestion_usd_per_mwh__th_sp15_gen_apnd,0.4156898260116577,0.4063735008239746
"(17, 34)",2,dam_lmp__loss_usd_per_mwh__th_sp15_gen_apnd,0.2091718316078186,0.18861496448516846
"(17, 34)",2,rt15_lmp_hourly_mean__congestion_usd_per_mwh__th_sp15_gen_apnd,0.24077725410461426,0.23723584413528442
"(17, 34)",2,dam_as_total_procured__mw__ru__as_caiso,0.8407214283943176,0.8350852727890015
"(17, 34)",2,dam_as_total_procured__mw__rd__as_caiso,0.7684155106544495,0.7584891319274902
"(17, 34)",2,dam_as_total_procured__mw__sr__as_caiso,0.07201337814331055,0.11316049098968506
"(17, 34)",2,dam_as_total_procured__mw__nr__as_caiso,0.043278396129608154,0.05546790361404419
"(17, 38)",2,actual_load__mw__ca_iso_tac,0.1860334873199463,0.19074100255966187
"(17, 38)",2,dam_schedule__mw__generation__caiso_totals,0.22841769456863403,0.22761845588684082
"(17, 38)",2,dam_schedule__mw__import__caiso_totals,0.32861971855163574,0.32645756006240845
"(17, 38)",2,dam_schedule__mw__export__caiso_totals,0.27943938970565796,0.2883988618850708
"(17, 38)",2,dam_lmp__lmp_usd_per_mwh__th_sp15_gen_apnd,0.5808770656585693,0.583655834197998
"(17, 38)",2,dam_lmp__congestion_usd_per_mwh__th_sp15_gen_apnd,0.4355146288871765,0.4232969880104065
"(17, 38)",2,dam_lmp__loss_usd_per_mwh__th_sp15_gen_apnd,0.21828091144561768,0.20444172620773315
"(17, 38)",2,rt15_lmp_hourly_mean__congestion_usd_per_mwh__th_sp15_gen_apnd,0.2575452923774719,0.25276386737823486
"(17, 38)",2,dam_as_total_procured__mw__ru__as_caiso,0.3995036482810974,0.37915194034576416
"(17, 38)",2,dam_as_total_procured__mw__rd__as_caiso,0.7453281283378601,0.7313287258148193
"(17, 38)",2,dam_as_total_procured__mw__sr__as_caiso,0.07257980108261108,0.11641585826873779
"(17, 38)",2,dam_as_total_procured__mw__nr__as_caiso,0.08281773328781128,0.06824851036071777
"(17, 42)",2,actual_load__mw__ca_iso_tac,0.18547987937927246,0.2106761932373047
"(17, 42)",2,dam_schedule__mw__generation__caiso_totals,0.2025623321533203,0.22106802463531494
"(17, 42)",2,dam_schedule__mw__import__caiso_totals,0.3039204478263855,0.3039988875389099
"(17, 42)",2,dam_schedule__mw__export__caiso_totals,0.28977352380752563,0.3037290573120117
"(17, 42)",2,dam_lmp__lmp_usd_per_mwh__th_sp15_gen_apnd,0.6147728562355042,0.6108218431472778
"(17, 42)",2,dam_lmp__congestion_usd_per_mwh__th_sp15_gen_apnd,0.43471938371658325,0.41579365730285645
"(17, 42)",2,dam_lmp__loss_usd_per_mwh__th_sp15_gen_apnd,0.19939744472503662,0.1771262288093567
"(17, 42)",2,rt15_lmp_hourly_mean__congestion_usd_per_mwh__th_sp15_gen_apnd,0.27023178339004517,0.262978196144104
"(17, 42)",2,dam_as_total_procured__mw__ru__as_caiso,0.38899409770965576,0.37114250659942627
"(17, 42)",2,dam_as_total_procured__mw__rd__as_caiso,0.7397564649581909,0.7242012023925781
"(17, 42)",2,dam_as_total_procured__mw__sr__as_caiso,0.08497393131256104,0.12275820970535278
"(17, 42)",2,dam_as_total_procured__mw__nr__as_caiso,0.051512718200683594,0.049785733222961426
"(18, 21)",2,actual_load__mw__ca_iso_tac,0.1579197645187378,0.16426491737365723
"(18, 21)",2,dam_schedule__mw__generation__caiso_totals,0.15218216180801392,0.14883142709732056
"(18, 21)",2,dam_schedule__mw__import__caiso_totals,0.3125249743461609,0.32001203298568726
"(18, 21)",2,dam_schedule__mw__export__caiso_totals,0.12254840135574341,0.12081640958786011
"(18, 21)",2,dam_lmp__lmp_usd_per_mwh__th_sp15_gen_apnd,0.9523007273674011,0.9585092663764954
"(18, 21)",2,dam_lmp__congestion_usd_per_mwh__th_sp15_gen_apnd,0.4328311085700989,0.43191373348236084
"(18, 21)",2,dam_lmp__loss_usd_per_mwh__th_sp15_gen_apnd,0.37270981073379517,0.3836660385131836
"(18, 21)",2,rt15_lmp_hourly_mean__congestion_usd_per_mwh__th_sp15_gen_apnd,0.35977041721343994,0.3393528461456299
"(18, 21)",2,dam_as_total_procured__mw__ru__as_caiso,0.2202622890472412,0.19167345762252808
"(18, 21)",2,dam_as_total_procured__mw__rd__as_caiso,0.4555642604827881,0.4512195587158203
"(18, 21)",2,dam_as_total_procured__mw__sr__as_caiso,0.04059886932373047,0.05014157295227051
"(18, 21)",2,dam_as_total_procured__mw__nr__as_caiso,0.037917256355285645,0.04074704647064209
"(18, 25)",2,actual_load__mw__ca_iso_tac,0.021054327487945557,0.03410613536834717
"(18, 25)",2,dam_schedule__mw__generation__caiso_totals,0.02489537000656128,0.030634045600891113
"(18, 25)",2,dam_schedule__mw__import__caiso_totals,0.13259708881378174,0.13592684268951416
"(18, 25)",2,dam_schedule__mw__export__caiso_totals,0.02902662754058838,0.03262263536453247
"(18, 25)",2,dam_lmp__lmp_usd_per_mwh__th_sp15_gen_apnd,0.3094403147697449,0.2922966480255127
"(18, 25)",2,dam_lmp__congestion_usd_per_mwh__th_sp15_gen_apnd,0.23847126960754395,0.21514403820037842
"(18, 25)",2,dam_lmp__loss_usd_per_mwh__th_sp15_gen_apnd,0.08293825387954712,0.0849500298500061
"(18, 25)",2,rt15_lmp_hourly_mean__congestion_usd_per_mwh__th_sp15_gen_apnd,0.1755719780921936,0.16625064611434937
"(18, 25)",2,dam_as_total_procured__mw__ru__as_caiso,0.1400577425956726,0.11609244346618652
"(18, 25)",2,dam_as_total_procured__mw__rd__as_caiso,0.3314287066459656,0.31280720233917236
"(18, 25)",2,dam_as_total_procured__mw__sr__as_caiso,0.0018063783645629883,0.011896789073944092
"(18, 25)",2,dam_as_total_procured__mw__nr__as_caiso,0.021753549575805664,0.04369586706161499
"(18, 29)",2,actual_load__mw__ca_iso_tac,0.3394872546195984,0.3481936454772949
"(18, 29)",2,dam_schedule__mw__generation__caiso_totals,0.29044270515441895,0.3022052049636841
"(18, 29)",2,dam_schedule__mw__import__caiso_totals,0.30330890417099,0.308183491230011
"(18, 29)",2,dam_schedule__mw__export__caiso_totals,0.14168959856033325,0.1507086157798767
"(18, 29)",2,dam_lmp__lmp_usd_per_mwh__th_sp15_gen_apnd,0.6411818861961365,0.6597907543182373
"(18, 29)",2,dam_lmp__congestion_usd_per_mwh__th_sp15_gen_apnd,0.1814780831336975,0.1914123296737671
"(18, 29)",2,dam_lmp__loss_usd_per_mwh__th_sp15_gen_apnd,0.3347993493080139,0.3302972912788391
"(18, 29)",2,rt15_lmp_hourly_mean__congestion_usd_per_mwh__th_sp15_gen_apnd,0.16749680042266846,0.1701904535293579
"(18, 29)",2,dam_as_total_procured__mw__ru__as_caiso,0.10045349597930908,0.09199470281600952
"(18, 29)",2,dam_as_total_procured__mw__rd__as_caiso,0.23343724012374878,0.23857033252716064
"(18, 29)",2,dam_as_total_procured__mw__sr__as_caiso,0.03063070774078369,0.04273563623428345
"(18, 29)",2,dam_as_total_procured__mw__nr__as_caiso,0.09474337100982666,0.10932236909866333
"(18, 33)",2,actual_load__mw__ca_iso_tac,0.2039620280265808,0.20363420248031616
"(18, 33)",2,dam_schedule__mw__generation__caiso_totals,0.1935604214668274,0.18550699949264526
"(18, 33)",2,dam_schedule__mw__import__caiso_totals,0.18518751859664917,0.19049638509750366
"(18, 33)",2,dam_schedule__mw__export__caiso_totals,0.1492573618888855,0.1511859893798828
"(18, 33)",2,dam_lmp__lmp_usd_per_mwh__th_sp15_gen_apnd,0.3181458115577698,0.3157995343208313
"(18, 33)",2,dam_lmp__congestion_usd_per_mwh__th_sp15_gen_apnd,0.28292858600616455,0.2659204602241516
"(18, 33)",2,dam_lmp__loss_usd_per_mwh__th_sp15_gen_apnd,0.03394871950149536,0.04629117250442505
"(18, 33)",2,rt15_lmp_hourly_mean__congestion_usd_per_mwh__th_sp15_gen_apnd,0.183476984500885,0.1732378602027893
"(18, 33)",2,dam_as_total_procured__mw__ru__as_caiso,0.29392898082733154,0.278808057308197
"(18, 33)",2,dam_as_total_procured__mw__rd__as_caiso,0.6973202228546143,0.6933630704879761
"(18, 33)",2,dam_as_total_procured__mw__sr__as_caiso,0.04350060224533081,0.06467241048812866
"(18, 33)",2,dam_as_total_procured__mw__nr__as_caiso,0.041826069355010986,0.03702378273010254
"(18, 37)",2,actual_load__mw__ca_iso_tac,0.44257551431655884,0.4665352702140808
"(18, 37)",2,dam_schedule__mw__generation__caiso_totals,0.34700310230255127,0.3793753385543823
"(18, 37)",2,dam_schedule__mw__import__caiso_totals,0.12558364868164062,0.1216316819190979
"(18, 37)",2,dam_schedule__mw__export__caiso_totals,0.2068871259689331,0.2233409881591797
"(18, 37)",2,dam_lmp__lmp_usd_per_mwh__th_sp15_gen_apnd,0.11017614603042603,0.10855472087860107
"(18, 37)",2,dam_lmp__congestion_usd_per_mwh__th_sp15_gen_apnd,0.04282945394515991,0.04144519567489624
"(18, 37)",2,dam_lmp__loss_usd_per_mwh__th_sp15_gen_apnd,0.03374934196472168,0.037338078022003174
"(18, 37)",2,rt15_lmp_hourly_mean__congestion_usd_per_mwh__th_sp15_gen_apnd,0.016191959381103516,0.015185832977294922
"(18, 37)",2,dam_as_total_procured__mw__ru__as_caiso,0.02543693780899048,0.024274826049804688
"(18, 37)",2,dam_as_total_procured__mw__rd__as_caiso,0.08163738250732422,0.08998173475265503
"(18, 37)",2,dam_as_total_procured__mw__sr__as_caiso,0.15190404653549194,0.15538781881332397
"(18, 37)",2,dam_as_total_procured__mw__nr__as_caiso,0.4681377410888672,0.4593125581741333
"(18, 41)",2,actual_load__mw__ca_iso_tac,0.013523638248443604,0.013808906078338623
"(18, 41)",2,dam_schedule__mw__generation__caiso_totals,0.018787920475006104,0.013855278491973877
"(18, 41)",2,dam_schedule__mw__import__caiso_totals,0.18815386295318604,0.19791191816329956
"(18, 41)",2,dam_schedule__mw__export__caiso_totals,0.08531999588012695,0.0781099796295166
"(18, 41)",2,dam_lmp__lmp_usd_per_mwh__th_sp15_gen_apnd,0.5344510078430176,0.5392894744873047
"(18, 41)",2,dam_lmp__congestion_usd_per_mwh__th_sp15_gen_apnd,0.27663350105285645,0.27661216259002686
"(18, 41)",2,dam_lmp__loss_usd_per_mwh__th_sp15_gen_apnd,0.1545388102531433,0.14272254705429077
"(18, 41)",2,rt15_lmp_hourly_mean__congestion_usd_per_mwh__th_sp15_gen_apnd,0.20014506578445435,0.20985066890716553
"(18, 41)",2,dam_as_total_procured__mw__ru__as_caiso,0.18013155460357666,0.1613401174545288
"(18, 41)",2,dam_as_total_procured__mw__rd__as_caiso,0.3264806866645813,0.3260698914527893
"(18, 41)",2,dam_as_total_procured__mw__sr__as_caiso,0.011132538318634033,0.023020923137664795
"(18, 41)",2,dam_as_total_procured__mw__nr__as_caiso,0.007932603359222412,0.008774101734161377
"(19, 21)",2,actual_load__mw__ca_iso_tac,0.44711214303970337,0.46580058336257935
"(19, 21)",2,dam_schedule__mw__generation__caiso_totals,0.4640014171600342,0.49325621128082275
"(19, 21)",2,dam_schedule__mw__import__caiso_totals,0.37082749605178833,0.37603795528411865
"(19, 21)",2,dam_schedule__mw__export__caiso_totals,0.2951419949531555,0.30693233013153076
"(19, 21)",2,dam_lmp__lmp_usd_per_mwh__th_sp15_gen_apnd,0.9822885394096375,0.9821551442146301
"(19, 21)",2,dam_lmp__congestion_usd_per_mwh__th_sp15_gen_apnd,0.7264113426208496,0.7182546854019165
"(19, 21)",2,dam_lmp__loss_usd_per_mwh__th_sp15_gen_apnd,0.5227842330932617,0.5318852663040161
"(19, 21)",2,rt15_lmp_hourly_mean__congestion_usd_per_mwh__th_sp15_gen_apnd,0.47268134355545044,0.4390493631362915
"(19, 21)",2,dam_as_total_procured__mw__ru__as_caiso,0.2778208255767822,0.25308769941329956
"(19, 21)",2,dam_as_total_procured__mw__rd__as_caiso,0.6121793985366821,0.6025896072387695
"(19, 21)",2,dam_as_total_procured__mw__sr__as_caiso,0.08083683252334595,0.11464416980743408
"(19, 21)",2,dam_as_total_procured__mw__nr__as_caiso,0.06367897987365723,0.0662076473236084
"(19, 25)",2,actual_load__mw__ca_iso_tac,0.18672502040863037,0.19646936655044556
"(19, 25)",2,dam_schedule__mw__generation__caiso_totals,0.17281079292297363,0.18426024913787842
"(19, 25)",2,dam_schedule__mw__import__caiso_totals,0.3071674704551697,0.3133562207221985
"(19, 25)",2,dam_schedule__mw__export__caiso_totals,0.115603506565094,0.1245688796043396
"(19, 25)",2,dam_lmp__lmp_usd_per_mwh__th_sp15_gen_apnd,0.963655412197113,0.9622169733047485
"(19, 25)",2,dam_lmp__congestion_usd_per_mwh__th_sp15_gen_apnd,0.39953261613845825,0.38570767641067505
"(19, 25)",2,dam_lmp__loss_usd_per_mwh__th_sp15_gen_apnd,0.5759479999542236,0.5819549560546875
"(19, 25)",2,rt15_lmp_hourly_mean__congestion_usd_per_mwh__th_sp15_gen_apnd,0.3308727741241455,0.3133034110069275
"(19, 25)",2,dam_as_total_procured__mw__ru__as_caiso,0.22752922773361206,0.19383031129837036
"(19, 25)",2,dam_as_total_procured__mw__rd__as_caiso,0.5054998397827148,0.4898596405982971
"(19, 25)",2,dam_as_total_procured__mw__sr__as_caiso,0.02218341827392578,0.029260694980621338
"(19, 25)",2,dam_as_total_procured__mw__nr__as_caiso,0.03326648473739624,0.06059044599533081
"(19, 29)",2,actual_load__mw__ca_iso_tac,0.39999860525131226,0.41332268714904785
"(19, 29)",2,dam_schedule__mw__generation__caiso_totals,0.33013349771499634,0.34223681688308716
"(19, 29)",2,dam_schedule__mw__import__caiso_totals,0.3301919102668762,0.3534563183784485
"(19, 29)",2,dam_schedule__mw__export__caiso_totals,0.1734100580215454,0.17750942707061768
"(19, 29)",2,dam_lmp__lmp_usd_per_mwh__th_sp15_gen_apnd,0.9536964297294617,0.9543166160583496
"(19, 29)",2,dam_lmp__congestion_usd_per_mwh__th_sp15_gen_apnd,0.3235090970993042,0.3228011727333069
"(19, 29)",2,dam_lmp__loss_usd_per_mwh__th_sp15_gen_apnd,0.4264347553253174,0.4392129182815552
"(19, 29)",2,rt15_lmp_hourly_mean__congestion_usd_per_mwh__th_sp15_gen_apnd,0.2935371398925781,0.26665598154067993
"(19, 29)",2,dam_as_total_procured__mw__ru__as_caiso,0.18359118700027466,0.17478740215301514
"(19, 29)",2,dam_as_total_procured__mw__rd__as_caiso,0.36611318588256836,0.3735853433609009
"(19, 29)",2,dam_as_total_procured__mw__sr__as_caiso,0.10146653652191162,0.09631848335266113
"(19, 29)",2,dam_as_total_procured__mw__nr__as_caiso,0.09980261325836182,0.11332619190216064
"(19, 33)",2,actual_load__mw__ca_iso_tac,0.40962135791778564,0.4207611083984375
"(19, 33)",2,dam_schedule__mw__generation__caiso_totals,0.3933102488517761,0.4066781997680664
"(19, 33)",2,dam_schedule__mw__import__caiso_totals,0.35056638717651367,0.35471993684768677
"(19, 33)",2,dam_schedule__mw__export__caiso_totals,0.1994580626487732,0.2099713683128357
"(19, 33)",2,dam_lmp__lmp_usd_per_mwh__th_sp15_gen_apnd,0.9628962278366089,0.9628179669380188
"(19, 33)",2,dam_lmp__congestion_usd_per_mwh__th_sp15_gen_apnd,0.4207744598388672,0.40948766469955444
"(19, 33)",2,dam_lmp__loss_usd_per_mwh__th_sp15_gen_apnd,0.4822694659233093,0.49337631464004517
"(19, 33)",2,rt15_lmp_hourly_mean__congestion_usd_per_mwh__th_sp15_gen_apnd,0.34573912620544434,0.31433194875717163
"(19, 33)",2,dam_as_total_procured__mw__ru__as_caiso,0.31294310092926025,0.29171961545944214
"(19, 33)",2,dam_as_total_procured__mw__rd__as_caiso,0.758955180644989,0.7559953331947327
"(19, 33)",2,dam_as_total_procured__mw__sr__as_caiso,0.05554819107055664,0.07464843988418579
"(19, 33)",2,dam_as_total_procured__mw__nr__as_caiso,0.07990086078643799,0.08757549524307251
"(19, 37)",2,actual_load__mw__ca_iso_tac,0.6468801498413086,0.6639404296875
"(19, 37)",2,dam_schedule__mw__generation__caiso_totals,0.5304585695266724,0.5604331493377686
"(19, 37)",2,dam_schedule__mw__import__caiso_totals,0.3147158622741699,0.31806355714797974
"(19, 37)",2,dam_schedule__mw__export__caiso_totals,0.370069682598114,0.369661808013916
"(19, 37)",2,dam_lmp__lmp_usd_per_mwh__th_sp15_gen_apnd,0.958332896232605,0.958137035369873
"(19, 37)",2,dam_lmp__congestion_usd_per_mwh__th_sp15_gen_apnd,0.35748040676116943,0.35098087787628174
"(19, 37)",2,dam_lmp__loss_usd_per_mwh__th_sp15_gen_apnd,0.4562985897064209,0.46070414781570435
"(19, 37)",2,rt15_lmp_hourly_mean__congestion_usd_per_mwh__th_sp15_gen_apnd,0.31201982498168945,0.2826371192932129
"(19, 37)",2,dam_as_total_procured__mw__ru__as_caiso,0.23795336484909058,0.2179790735244751
"(19, 37)",2,dam_as_total_procured__mw__rd__as_caiso,0.4266548156738281,0.4343309998512268
"(19, 37)",2,dam_as_total_procured__mw__sr__as_caiso,0.18309032917022705,0.18835806846618652
"(19, 37)",2,dam_as_total_procured__mw__nr__as_caiso,0.4750533699989319,0.4701067805290222
"(19, 41)",2,actual_load__mw__ca_iso_tac,0.1646551489830017,0.17301040887832642
"(19, 41)",2,dam_schedule__mw__generation__caiso_totals,0.19206279516220093,0.2093714475631714
"(19, 41)",2,dam_schedule__mw__import__caiso_totals,0.25332528352737427,0.2633742094039917
"(19, 41)",2,dam_schedule__mw__export__caiso_totals,0.14058732986450195,0.14353793859481812
"(19, 41)",2,dam_lmp__lmp_usd_per_mwh__th_sp15_gen_apnd,0.9597479104995728,0.9601627588272095
"(19, 41)",2,dam_lmp__congestion_usd_per_mwh__th_sp15_gen_apnd,0.36649149656295776,0.36582767963409424
"(19, 41)",2,dam_lmp__loss_usd_per_mwh__th_sp15_gen_apnd,0.42416471242904663,0.44472736120224
"(19, 41)",2,rt15_lmp_hourly_mean__congestion_usd_per_mwh__th_sp15_gen_apnd,0.3251466155052185,0.3094293475151062
"(19, 41)",2,dam_as_total_procured__mw__ru__as_caiso,0.1815970540046692,0.16382110118865967
"(19, 41)",2,dam_as_total_procured__mw__rd__as_caiso,0.37612754106521606,0.384122371673584
"(19, 41)",2,dam_as_total_procured__mw__sr__as_caiso,0.030257701873779297,0.03416723012924194
"(19, 41)",2,dam_as_total_procured__mw__nr__as_caiso,0.027892708778381348,0.03997558355331421
"(20, 22)",2,actual_load__mw__ca_iso_tac,0.11277425289154053,0.1209765076637268
"(20, 22)",2,dam_schedule__mw__generation__caiso_totals,0.11311906576156616,0.12473911046981812
"(20, 22)",2,dam_schedule__mw__import__caiso_totals,0.23881608247756958,0.25208908319473267
"(20, 22)",2,dam_schedule__mw__export__caiso_totals,0.0784655213356018,0.08297628164291382
"(20, 22)",2,dam_lmp__lmp_usd_per_mwh__th_sp15_gen_apnd,0.7858431339263916,0.7852546572685242
"(20, 22)",2,dam_lmp__congestion_usd_per_mwh__th_sp15_gen_apnd,0.16299396753311157,0.15773224830627441
"(20, 22)",2,dam_lmp__loss_usd_per_mwh__th_sp15_gen_apnd,0.4308124780654907,0.44863659143447876
"(20, 22)",2,rt15_lmp_hourly_mean__congestion_usd_per_mwh__th_sp15_gen_apnd,0.351370632648468,0.28864914178848267
"(20, 22)",2,dam_as_total_procured__mw__ru__as_caiso,0.1645321249961853,0.15196186304092407
"(20, 22)",2,dam_as_total_procured__mw__rd__as_caiso,0.2727176547050476,0.2890188694000244
"(20, 22)",2,dam_as_total_procured__mw__sr__as_caiso,0.02285289764404297,0.026884377002716064
"(20, 22)",2,dam_as_total_procured__mw__nr__as_caiso,0.026716291904449463,0.03387099504470825
"(20, 26)",2,actual_load__mw__ca_iso_tac,0.24345916509628296,0.24217265844345093
"(20, 26)",2,dam_schedule__mw__generation__caiso_totals,0.24011129140853882,0.23813045024871826
"(20, 26)",2,dam_schedule__mw__import__caiso_totals,0.20100975036621094,0.21704035997390747
"(20, 26)",2,dam_schedule__mw__export__caiso_totals,0.21214157342910767,0.20845478773117065
"(20, 26)",2,dam_lmp__lmp_usd_per_mwh__th_sp15_gen_apnd,0.8045514225959778,0.8003817796707153
"(20, 26)",2,dam_lmp__congestion_usd_per_mwh__th_sp15_gen_apnd,0.23334354162216187,0.22053974866867065
"(20, 26)",2,dam_lmp__loss_usd_per_mwh__th_sp15_gen_apnd,0.49368172883987427,0.49878787994384766
"(20, 26)",2,rt15_lmp_hourly_mean__congestion_usd_per_mwh__th_sp15_gen_apnd,0.21149039268493652,0.17546147108078003
"(20, 26)",2,dam_as_total_procured__mw__ru__as_caiso,0.2435293197631836,0.2360004186630249
"(20, 26)",2,dam_as_total_procured__mw__rd__as_caiso,0.42017489671707153,0.42164546251296997
"(20, 26)",2,dam_as_total_procured__mw__sr__as_caiso,0.033684372901916504,0.0325777530670166
"(20, 26)",2,dam_as_total_procured__mw__nr__as_caiso,0.06539881229400635,0.0663040280342102
"(20, 30)",2,actual_load__mw__ca_iso_tac,0.09200769662857056,0.09916949272155762
"(20, 30)",2,dam_schedule__mw__generation__caiso_totals,0.09150093793869019,0.10151541233062744
"(20, 30)",2,dam_schedule__mw__import__caiso_totals,0.19160956144332886,0.20240503549575806
"(20, 30)",2,dam_schedule__mw__export__caiso_totals,0.07260555028915405,0.07092654705047607
"(20, 30)",2,dam_lmp__lmp_usd_per_mwh__th_sp15_gen_apnd,0.7749181389808655,0.7717894911766052
"(20, 30)",2,dam_lmp__congestion_usd_per_mwh__th_sp15_gen_apnd,0.12293350696563721,0.10875582695007324
"(20, 30)",2,dam_lmp__loss_usd_per_mwh__th_sp15_gen_apnd,0.42651230096817017,0.44120103120803833
"(20, 30)",2,rt15_lmp_hourly_mean__congestion_usd_per_mwh__th_sp15_gen_apnd,0.13736283779144287,0.10860419273376465
"(20, 30)",2,dam_as_total_procured__mw__ru__as_caiso,0.1305137276649475,0.11642861366271973
"(20, 30)",2,dam_as_total_procured__mw__rd__as_caiso,0.2255440354347229,0.23548364639282227
"(20, 30)",2,dam_as_total_procured__mw__sr__as_caiso,0.014006316661834717,0.019031405448913574
"(20, 30)",2,dam_as_total_procured__mw__nr__as_caiso,0.014550209045410156,0.02112644910812378
"(20, 34)",2,actual_load__mw__ca_iso_tac,0.23732388019561768,0.242872953414917
"(20, 34)",2,dam_schedule__mw__generation__caiso_totals,0.2541988492012024,0.26476210355758667
"(20, 34)",2,dam_schedule__mw__import__caiso_totals,0.25378209352493286,0.2592400908470154
"(20, 34)",2,dam_schedule__mw__export__caiso_totals,0.18395519256591797,0.18335849046707153
"(20, 34)",2,dam_lmp__lmp_usd_per_mwh__th_sp15_gen_apnd,0.8177897334098816,0.8127844333648682
"(20, 34)",2,dam_lmp__congestion_usd_per_mwh__th_sp15_gen_apnd,0.30063849687576294,0.27356189489364624
"(20, 34)",2,dam_lmp__loss_usd_per_mwh__th_sp15_gen_apnd,0.4603966474533081,0.47407084703445435
"(20, 34)",2,rt15_lmp_hourly_mean__congestion_usd_per_mwh__th_sp15_gen_apnd,0.20879065990447998,0.1882878541946411
"(20, 34)",2,dam_as_total_procured__mw__ru__as_caiso,0.8400875329971313,0.8339115381240845
"(20, 34)",2,dam_as_total_procured__mw__rd__as_caiso,0.6646867990493774,0.6587017178535461
"(20, 34)",2,dam_as_total_procured__mw__sr__as_caiso,0.05754446983337402,0.07040190696716309
"(20, 34)",2,dam_as_total_procured__mw__nr__as_caiso,0.040760576725006104,0.04620087146759033
"(20, 38)",2,actual_load__mw__ca_iso_tac,0.1738201379776001,0.1957552433013916
"(20, 38)",2,dam_schedule__mw__generation__caiso_totals,0.17683112621307373,0.19102048873901367
"(20, 38)",2,dam_schedule__mw__import__caiso_totals,0.316183865070343,0.31276410818099976
"(20, 38)",2,dam_schedule__mw__export__caiso_totals,0.12588465213775635,0.12940585613250732
"(20, 38)",2,dam_lmp__lmp_usd_per_mwh__th_sp15_gen_apnd,0.8185882568359375,0.8167174458503723
"(20, 38)",2,dam_lmp__congestion_usd_per_mwh__th_sp15_gen_apnd,0.2902095913887024,0.27375221252441406
"(20, 38)",2,dam_lmp__loss_usd_per_mwh__th_sp15_gen_apnd,0.44844943284988403,0.4562910199165344
"(20, 38)",2,rt15_lmp_hourly_mean__congestion_usd_per_mwh__th_sp15_gen_apnd,0.2093867063522339,0.1877872347831726
"(20, 38)",2,dam_as_total_procured__mw__ru__as_caiso,0.19438636302947998,0.16793113946914673
"(20, 38)",2,dam_as_total_procured__mw__rd__as_caiso,0.43699854612350464,0.4298980236053467
"(20, 38)",2,dam_as_total_procured__mw__sr__as_caiso,0.04916900396347046,0.062445878982543945
"(20, 38)",2,dam_as_total_procured__mw__nr__as_caiso,0.04847985506057739,0.046673715114593506
"(20, 42)",2,actual_load__mw__ca_iso_tac,0.13556241989135742,0.1556941270828247
"(20, 42)",2,dam_schedule__mw__generation__caiso_totals,0.14266568422317505,0.16189467906951904
"(20, 42)",2,dam_schedule__mw__import__caiso_totals,0.19889682531356812,0.21097832918167114
"(20, 42)",2,dam_schedule__mw__export__caiso_totals,0.13083189725875854,0.12991654872894287
"(20, 42)",2,dam_lmp__lmp_usd_per_mwh__th_sp15_gen_apnd,0.7856281399726868,0.7855279445648193
"(20, 42)",2,dam_lmp__congestion_usd_per_mwh__th_sp15_gen_apnd,0.14735746383666992,0.13846057653427124
"(20, 42)",2,dam_lmp__loss_usd_per_mwh__th_sp15_gen_apnd,0.44444578886032104,0.45880991220474243
"(20, 42)",2,rt15_lmp_hourly_mean__congestion_usd_per_mwh__th_sp15_gen_apnd,0.15935873985290527,0.1355007290840149
"(20, 42)",2,dam_as_total_procured__mw__ru__as_caiso,0.13522082567214966,0.12506049871444702
"(20, 42)",2,dam_as_total_procured__mw__rd__as_caiso,0.24266165494918823,0.26005834341049194
"(20, 42)",2,dam_as_total_procured__mw__sr__as_caiso,0.018947482109069824,0.02710902690887451
"(20, 42)",2,dam_as_total_procured__mw__nr__as_caiso,0.0307883620262146,0.03423112630844116
"(21, 24)",2,actual_load__mw__ca_iso_tac,0.13134509325027466,0.13793450593948364
"(21, 24)",2,dam_schedule__mw__generation__caiso_totals,0.12705177068710327,0.13930284976959229
"(21, 24)",2,dam_schedule__mw__import__caiso_totals,0.2951709032058716,0.31914234161376953
"(21, 24)",2,dam_schedule__mw__export__caiso_totals,0.09461379051208496,0.10667562484741211
"(21, 24)",2,dam_lmp__lmp_usd_per_mwh__th_sp15_gen_apnd,0.9537226557731628,0.9591705203056335
"(21, 24)",2,dam_lmp__congestion_usd_per_mwh__th_sp15_gen_apnd,0.4298980236053467,0.4359714984893799
"(21, 24)",2,dam_lmp__loss_usd_per_mwh__th_sp15_gen_apnd,0.3640590310096741,0.3796040415763855
"(21, 24)",2,rt15_lmp_hourly_mean__congestion_usd_per_mwh__th_sp15_gen_apnd,0.3492063879966736,0.38227975368499756
"(21, 24)",2,dam_as_total_procured__mw__ru__as_caiso,0.2045677900314331,0.19126826524734497
"(21, 24)",2,dam_as_total_procured__mw__rd__as_caiso,0.44128531217575073,0.448941707611084
"(21, 24)",2,dam_as_total_procured__mw__sr__as_caiso,0.035427987575531006,0.044711291790008545
"(21, 24)",2,dam_as_total_procured__mw__nr__as_caiso,0.051103293895721436,0.04844397306442261
"(21, 28)",2,actual_load__mw__ca_iso_tac,0.8626108169555664,0.8629346489906311
"(21, 28)",2,dam_schedule__mw__generation__caiso_totals,0.8682992458343506,0.8737948536872864
"(21, 28)",2,dam_schedule__mw__import__caiso_totals,0.3074934482574463,0.3333451747894287
"(21, 28)",2,dam_schedule__mw__export__caiso_totals,0.5454044342041016,0.5443588495254517
"(21, 28)",2,dam_lmp__lmp_usd_per_mwh__th_sp15_gen_apnd,0.9601336717605591,0.9649599194526672
"(21, 28)",2,dam_lmp__congestion_usd_per_mwh__th_sp15_gen_apnd,0.46360254287719727,0.46089857816696167
"(21, 28)",2,dam_lmp__loss_usd_per_mwh__th_sp15_gen_apnd,0.4122215509414673,0.41432851552963257
"(21, 28)",2,rt15_lmp_hourly_mean__congestion_usd_per_mwh__th_sp15_gen_apnd,0.3783303499221802,0.342720091342926
"(21, 28)",2,dam_as_total_procured__mw__ru__as_caiso,0.2289900779724121,0.2174566388130188
"(21, 28)",2,dam_as_total_procured__mw__rd__as_caiso,0.5093356966972351,0.5111368298530579
"(21, 28)",2,dam_as_total_procured__mw__sr__as_caiso,0.16737836599349976,0.18458610773086548
"(21, 28)",2,dam_as_total_procured__mw__nr__as_caiso,0.2221093773841858,0.21804320812225342
"(21, 32)",2,actual_load__mw__ca_iso_tac,0.19745415449142456,0.2135831117630005
"(21, 32)",2,dam_schedule__mw__generation__caiso_totals,0.21479272842407227,0.227735698223114
"(21, 32)",2,dam_schedule__mw__import__caiso_totals,0.2809447646141052,0.29735487699508667
"(21, 32)",2,dam_schedule__mw__export__caiso_totals,0.1418856978416443,0.14279377460479736
"(21, 32)",2,dam_lmp__lmp_usd_per_mwh__th_sp15_gen_apnd,0.9523099064826965,0.9585733413696289
"(21, 32)",2,dam_lmp__congestion_usd_per_mwh__th_sp15_gen_apnd,0.4376426339149475,0.43288201093673706
"(21, 32)",2,dam_lmp__loss_usd_per_mwh__th_sp15_gen_apnd,0.38791102170944214,0.4085785746574402
"(21, 32)",2,rt15_lmp_hourly_mean__congestion_usd_per_mwh__th_sp15_gen_apnd,0.3595276474952698,0.33304476737976074
"(21, 32)",2,dam_as_total_procured__mw__ru__as_caiso,0.40170735120773315,0.3990260362625122
"(21, 32)",2,dam_as_total_procured__mw__rd__as_caiso,0.5458732843399048,0.5466082096099854
"(21, 32)",2,dam_as_total_procured__mw__sr__as_caiso,0.040929317474365234,0.06595766544342041
"(21, 32)",2,dam_as_total_procured__mw__nr__as_caiso,0.03399413824081421,0.04525744915008545
"(21, 36)",2,actual_load__mw__ca_iso_tac,0.5934942364692688,0.6066926717758179
"(21, 36)",2,dam_schedule__mw__generation__caiso_totals,0.4925146698951721,0.5041882991790771
"(21, 36)",2,dam_schedule__mw__import__caiso_totals,0.339563250541687,0.3466528654098511
"(21, 36)",2,dam_schedule__mw__export__caiso_totals,0.34665703773498535,0.33988523483276367
"(21, 36)",2,dam_lmp__lmp_usd_per_mwh__th_sp15_gen_apnd,0.9562040567398071,0.9613175988197327
"(21, 36)",2,dam_lmp__congestion_usd_per_mwh__th_sp15_gen_apnd,0.45960134267807007,0.4544183015823364
"(21, 36)",2,dam_lmp__loss_usd_per_mwh__th_sp15_gen_apnd,0.3952447772026062,0.40023380517959595
"(21, 36)",2,rt15_lmp_hourly_mean__congestion_usd_per_mwh__th_sp15_gen_apnd,0.38227009773254395,0.3542219400405884
"(21, 36)",2,dam_as_total_procured__mw__ru__as_caiso,0.2487996220588684,0.22529757022857666
"(21, 36)",2,dam_as_total_procured__mw__rd__as_caiso,0.48953282833099365,0.4855870008468628
"(21, 36)",2,dam_as_total_procured__mw__sr__as_caiso,0.17879962921142578,0.18882519006729126
"(21, 36)",2,dam_as_total_procured__mw__nr__as_caiso,0.47639501094818115,0.47173357009887695
"(21, 40)",2,actual_load__mw__ca_iso_tac,0.123801589012146,0.12061464786529541
"(21, 40)",2,dam_schedule__mw__generation__caiso_totals,0.12463545799255371,0.12013238668441772
"(21, 40)",2,dam_schedule__mw__import__caiso_totals,0.2896774411201477,0.3002374768257141
"(21, 40)",2,dam_schedule__mw__export__caiso_totals,0.10428416728973389,0.09868800640106201
"(21, 40)",2,dam_lmp__lmp_usd_per_mwh__th_sp15_gen_apnd,0.9524959921836853,0.9586149454116821
"(21, 40)",2,dam_lmp__congestion_usd_per_mwh__th_sp15_gen_apnd,0.4338909387588501,0.42620062828063965
"(21, 40)",2,dam_lmp__loss_usd_per_mwh__th_sp15_gen_apnd,0.35695672035217285,0.368949294090271
"(21, 40)",2,rt15_lmp_hourly_mean__congestion_usd_per_mwh__th_sp15_gen_apnd,0.35898756980895996,0.33111727237701416
"(21, 40)",2,dam_as_total_procured__mw__ru__as_caiso,0.18176257610321045,0.1592441201210022
"(21, 40)",2,dam_as_total_procured__mw__rd__as_caiso,0.43546533584594727,0.4295157790184021
"(21, 40)",2,dam_as_total_procured__mw__sr__as_caiso,0.036031484603881836,0.040847182273864746
"(21, 40)",2,dam_as_total_procured__mw__nr__as_caiso,0.02202582359313965,0.02665334939956665
"(22, 23)",2,actual_load__mw__ca_iso_tac,0.15705454349517822,0.18441134691238403
"(22, 23)",2,dam_schedule__mw__generation__caiso_totals,0.1388036012649536,0.16423481702804565
"(22, 23)",2,dam_schedule__mw__import__caiso_totals,0.2743494510650635,0.27910012006759644
"(22, 23)",2,dam_schedule__mw__export__caiso_totals,0.06291502714157104,0.08505797386169434
"(22, 23)",2,dam_lmp__lmp_usd_per_mwh__th_sp15_gen_apnd,0.860593855381012,0.8666112422943115
"(22, 23)",2,dam_lmp__congestion_usd_per_mwh__th_sp15_gen_apnd,0.5610707402229309,0.5650642514228821
"(22, 23)",2,dam_lmp__loss_usd_per_mwh__th_sp15_gen_apnd,0.4320557117462158,0.4475829005241394
"(22, 23)",2,rt15_lmp_hourly_mean__congestion_usd_per_mwh__th_sp15_gen_apnd,0.8620905876159668,0.828387439250946
"(22, 23)",2,dam_as_total_procured__mw__ru__as_caiso,0.2104356288909912,0.19570386409759521
"(22, 23)",2,dam_as_total_procured__mw__rd__as_caiso,0.4566715359687805,0.4660978317260742
"(22, 23)",2,dam_as_total_procured__mw__sr__as_caiso,0.019656479358673096,0.02980637550354004
"(22, 23)",2,dam_as_total_procured__mw__nr__as_caiso,0.011853933334350586,0.021036803722381592
"(22, 27)",2,actual_load__mw__ca_iso_tac,0.6749445199966431,0.6762043237686157
"(22, 27)",2,dam_schedule__mw__generation__caiso_totals,0.6386857032775879,0.6472505331039429
"(22, 27)",2,dam_schedule__mw__import__caiso_totals,0.24160361289978027,0.23887479305267334
"(22, 27)",2,dam_schedule__mw__export__caiso_totals,0.39683961868286133,0.38365381956100464
"(22, 27)",2,dam_lmp__lmp_usd_per_mwh__th_sp15_gen_apnd,0.6008067727088928,0.6186389923095703
"(22, 27)",2,dam_lmp__congestion_usd_per_mwh__th_sp15_gen_apnd,0.10506570339202881,0.08541673421859741
"(22, 27)",2,dam_lmp__loss_usd_per_mwh__th_sp15_gen_apnd,0.41787874698638916,0.4286843538284302
"(22, 27)",2,rt15_lmp_hourly_mean__congestion_usd_per_mwh__th_sp15_gen_apnd,0.11815816164016724,0.10292947292327881
"(22, 27)",2,dam_as_total_procured__mw__ru__as_caiso,0.11929982900619507,0.11386090517044067
"(22, 27)",2,dam_as_total_procured__mw__rd__as_caiso,0.18562674522399902,0.1953391432762146
"(22, 27)",2,dam_as_total_procured__mw__sr__as_caiso,0.06852298974990845,0.07331901788711548
"(22, 27)",2,dam_as_total_procured__mw__nr__as_caiso,0.22201073169708252,0.22165608406066895
"(22, 31)",2,actual_load__mw__ca_iso_tac,0.06966137886047363,0.07807213068008423
"(22, 31)",2,dam_schedule__mw__generation__caiso_totals,0.06963229179382324,0.07714027166366577
"(22, 31)",2,dam_schedule__mw__import__caiso_totals,0.10092562437057495,0.10509902238845825
"(22, 31)",2,dam_schedule__mw__export__caiso_totals,0.025187432765960693,0.029244542121887207
"(22, 31)",2,dam_lmp__lmp_usd_per_mwh__th_sp15_gen_apnd,0.518265962600708,0.5410736799240112
"(22, 31)",2,dam_lmp__congestion_usd_per_mwh__th_sp15_gen_apnd,0.05458754301071167,0.05019700527191162
"(22, 31)",2,dam_lmp__loss_usd_per_mwh__th_sp15_gen_apnd,0.2867676615715027,0.3175918459892273
"(22, 31)",2,rt15_lmp_hourly_mean__congestion_usd_per_mwh__th_sp15_gen_apnd,0.049206674098968506,0.03769409656524658
"(22, 31)",2,dam_as_total_procured__mw__ru__as_caiso,0.1013261079788208,0.09089100360870361
"(22, 31)",2,dam_as_total_procured__mw__rd__as_caiso,0.14196079969406128,0.15565913915634155
"(22, 31)",2,dam_as_total_procured__mw__sr__as_caiso,0.006474316120147705,0.009519875049591064
"(22, 31)",2,dam_as_total_procured__mw__nr__as_caiso,0.006779491901397705,0.01001209020614624
"(22, 35)",2,actual_load__mw__ca_iso_tac,0.37288230657577515,0.3852677345275879
"(22, 35)",2,dam_schedule__mw__generation__caiso_totals,0.381367027759552,0.37784677743911743
"(22, 35)",2,dam_schedule__mw__import__caiso_totals,0.28998273611068726,0.2951561212539673
"(22, 35)",2,dam_schedule__mw__export__caiso_totals,0.23138868808746338,0.2401459813117981
"(22, 35)",2,dam_lmp__lmp_usd_per_mwh__th_sp15_gen_apnd,0.698961615562439,0.7041997909545898
"(22, 35)",2,dam_lmp__congestion_usd_per_mwh__th_sp15_gen_apnd,0.4046664834022522,0.3693627715110779
"(22, 35)",2,dam_lmp__loss_usd_per_mwh__th_sp15_gen_apnd,0.3412843346595764,0.37079018354415894
"(22, 35)",2,rt15_lmp_hourly_mean__congestion_usd_per_mwh__th_sp15_gen_apnd,0.2672116160392761,0.2443103790283203
"(22, 35)",2,dam_as_total_procured__mw__ru__as_caiso,0.4048556685447693,0.41073310375213623
"(22, 35)",2,dam_as_total_procured__mw__rd__as_caiso,0.9783727526664734,0.9762932062149048
"(22, 35)",2,dam_as_total_procured__mw__sr__as_caiso,0.05151182413101196,0.08670783042907715
"(22, 35)",2,dam_as_total_procured__mw__nr__as_caiso,0.06809097528457642,0.06684756278991699
"(22, 39)",2,actual_load__mw__ca_iso_tac,0.14080071449279785,0.16516166925430298
"(22, 39)",2,dam_schedule__mw__generation__caiso_totals,0.16549330949783325,0.18984365463256836
"(22, 39)",2,dam_schedule__mw__import__caiso_totals,0.1018991470336914,0.10827219486236572
"(22, 39)",2,dam_schedule__mw__export__caiso_totals,0.08532410860061646,0.09394335746765137
"(22, 39)",2,dam_lmp__lmp_usd_per_mwh__th_sp15_gen_apnd,0.5157162547111511,0.5427312254905701
"(22, 39)",2,dam_lmp__congestion_usd_per_mwh__th_sp15_gen_apnd,0.07477176189422607,0.07484549283981323
"(22, 39)",2,dam_lmp__loss_usd_per_mwh__th_sp15_gen_apnd,0.3125467896461487,0.3462654948234558
"(22, 39)",2,rt15_lmp_hourly_mean__congestion_usd_per_mwh__th_sp15_gen_apnd,0.0556221604347229,0.047805845737457275
"(22, 39)",2,dam_as_total_procured__mw__ru__as_caiso,0.14401918649673462,0.13278597593307495
"(22, 39)",2,dam_as_total_procured__mw__rd__as_caiso,0.18280088901519775,0.20175093412399292
"(22, 39)",2,dam_as_total_procured__mw__sr__as_caiso,0.022442936897277832,0.030183136463165283
"(22, 39)",2,dam_as_total_procured__mw__nr__as_caiso,0.011365890502929688,0.017500877380371094
"(22, 43)",2,actual_load__mw__ca_iso_tac,0.16925889253616333,0.1715061068534851
"(22, 43)",2,dam_schedule__mw__generation__caiso_totals,0.2010577917098999,0.18787288665771484
"(22, 43)",2,dam_schedule__mw__import__caiso_totals,0.21593517065048218,0.2140638828277588
"(22, 43)",2,dam_schedule__mw__export__caiso_totals,0.10944628715515137,0.10589456558227539
"(22, 43)",2,dam_lmp__lmp_usd_per_mwh__th_sp15_gen_apnd,0.5889602899551392,0.6091110706329346
"(22, 43)",2,dam_lmp__congestion_usd_per_mwh__th_sp15_gen_apnd,0.19232916831970215,0.17838603258132935
"(22, 43)",2,dam_lmp__loss_usd_per_mwh__th_sp15_gen_apnd,0.2943252921104431,0.32337963581085205
"(22, 43)",2,rt15_lmp_hourly_mean__congestion_usd_per_mwh__th_sp15_gen_apnd,0.14353370666503906,0.12265104055404663
"(22, 43)",2,dam_as_total_procured__mw__ru__as_caiso,0.12958663702011108,0.12019014358520508
"(22, 43)",2,dam_as_total_procured__mw__rd__as_caiso,0.25305426120758057,0.2816452980041504
"(22, 43)",2,dam_as_total_procured__mw__sr__as_caiso,0.02042919397354126,0.03364163637161255
"(22, 43)",2,dam_as_total_procured__mw__nr__as_caiso,0.009374499320983887,0.01119464635848999
"(23, 27)",2,actual_load__mw__ca_iso_tac,0.7141166925430298,0.7206164598464966
"(23, 27)",2,dam_schedule__mw__generation__caiso_totals,0.6813528537750244,0.6887136697769165
"(23, 27)",2,dam_schedule__mw__import__caiso_totals,0.28726112842559814,0.2918176054954529
"(23, 27)",2,dam_schedule__mw__export__caiso_totals,0.43774664402008057,0.42355436086654663
"(23, 27)",2,dam_lmp__lmp_usd_per_mwh__th_sp15_gen_apnd,0.8814079761505127,0.8845983743667603
"(23, 27)",2,dam_lmp__congestion_usd_per_mwh__th_sp15_gen_apnd,0.44688791036605835,0.45408910512924194
"(23, 27)",2,dam_lmp__loss_usd_per_mwh__th_sp15_gen_apnd,0.4205898642539978,0.4158964157104492
"(23, 27)",2,rt15_lmp_hourly_mean__congestion_usd_per_mwh__th_sp15_gen_apnd,0.5014441609382629,0.4966738820075989
"(23, 27)",2,dam_as_total_procured__mw__ru__as_caiso,0.19116681814193726,0.17339569330215454
"(23, 27)",2,dam_as_total_procured__mw__rd__as_caiso,0.41956764459609985,0.42718732357025146
"(23, 27)",2,dam_as_total_procured__mw__sr__as_caiso,0.08539915084838867,0.09183430671691895
"(23, 27)",2,dam_as_total_procured__mw__nr__as_caiso,0.2138272523880005,0.21053868532180786
"(23, 31)",2,actual_load__mw__ca_iso_tac,0.07931095361709595,0.08635008335113525
"(23, 31)",2,dam_schedule__mw__generation__caiso_totals,0.05359607934951782,0.06881535053253174
"(23, 31)",2,dam_schedule__mw__import__caiso_totals,0.21810609102249146,0.22292977571487427
"(23, 31)",2,dam_schedule__mw__export__caiso_totals,0.04497849941253662,0.04992783069610596
"(23, 31)",2,dam_lmp__lmp_usd_per_mwh__th_sp15_gen_apnd,0.8623369336128235,0.8667298555374146
"(23, 31)",2,dam_lmp__congestion_usd_per_mwh__th_sp15_gen_apnd,0.3857186436653137,0.3851403594017029
"(23, 31)",2,dam_lmp__loss_usd_per_mwh__th_sp15_gen_apnd,0.3108295202255249,0.31566470861434937
"(23, 31)",2,rt15_lmp_hourly_mean__congestion_usd_per_mwh__th_sp15_gen_apnd,0.4282427430152893,0.4276244640350342
"(23, 31)",2,dam_as_total_procured__mw__ru__as_caiso,0.17535388469696045,0.15328717231750488
"(23, 31)",2,dam_as_total_procured__mw__rd__as_caiso,0.37126094102859497,0.3722187280654907
"(23, 31)",2,dam_as_total_procured__mw__sr__as_caiso,0.015597939491271973,0.020468711853027344
"(23, 31)",2,dam_as_total_procured__mw__nr__as_caiso,0.0030655264854431152,0.009443938732147217
"(23, 35)",2,actual_load__mw__ca_iso_tac,0.3875436782836914,0.40308254957199097
"(23, 35)",2,dam_schedule__mw__generation__caiso_totals,0.36931389570236206,0.3939094543457031
"(23, 35)",2,dam_schedule__mw__import__caiso_totals,0.3349800705909729,0.34942805767059326
"(23, 35)",2,dam_schedule__mw__export__caiso_totals,0.22284716367721558,0.2412114143371582
"(23, 35)",2,dam_lmp__lmp_usd_per_mwh__th_sp15_gen_apnd,0.8771415948867798,0.8798596858978271
"(23, 35)",2,dam_lmp__congestion_usd_per_mwh__th_sp15_gen_apnd,0.48118162155151367,0.4715281128883362
"(23, 35)",2,dam_lmp__loss_usd_per_mwh__th_sp15_gen_apnd,0.401650607585907,0.40960603952407837
"(23, 35)",2,rt15_lmp_hourly_mean__congestion_usd_per_mwh__th_sp15_gen_apnd,0.4370976686477661,0.43985116481781006
"(23, 35)",2,dam_as_total_procured__mw__ru__as_caiso,0.4073246121406555,0.4129093289375305
"(23, 35)",2,dam_as_total_procured__mw__rd__as_caiso,0.9789824485778809,0.977301836013794
"(23, 35)",2,dam_as_total_procured__mw__sr__as_caiso,0.05737549066543579,0.08852726221084595
"(23, 35)",2,dam_as_total_procured__mw__nr__as_caiso,0.06426346302032471,0.06710976362228394
"(23, 39)",2,actual_load__mw__ca_iso_tac,0.13307654857635498,0.16015833616256714
"(23, 39)",2,dam_schedule__mw__generation__caiso_totals,0.13335204124450684,0.17105722427368164
"(23, 39)",2,dam_schedule__mw__import__caiso_totals,0.22702592611312866,0.2345244288444519
"(23, 39)",2,dam_schedule__mw__export__caiso_totals,0.10045647621154785,0.1103481650352478
"(23, 39)",2,dam_lmp__lmp_usd_per_mwh__th_sp15_gen_apnd,0.859269917011261,0.865337073802948
"(23, 39)",2,dam_lmp__congestion_usd_per_mwh__th_sp15_gen_apnd,0.41819822788238525,0.4127614498138428
"(23, 39)",2,dam_lmp__loss_usd_per_mwh__th_sp15_gen_apnd,0.340664803981781,0.34893661737442017
"(23, 39)",2,rt15_lmp_hourly_mean__congestion_usd_per_mwh__th_sp15_gen_apnd,0.521945595741272,0.5238471031188965
"(23, 39)",2,dam_as_total_procured__mw__ru__as_caiso,0.21546024084091187,0.1917901635169983
"(23, 39)",2,dam_as_total_procured__mw__rd__as_caiso,0.4019758701324463,0.40660202503204346
"(23, 39)",2,dam_as_total_procured__mw__sr__as_caiso,0.02510780096054077,0.03604835271835327
"(23, 39)",2,dam_as_total_procured__mw__nr__as_caiso,0.005599379539489746,0.013506770133972168
"(23, 43)",2,actual_load__mw__ca_iso_tac,0.17415112257003784,0.17673850059509277
"(23, 43)",2,dam_schedule__mw__generation__caiso_totals,0.18044406175613403,0.1885334849357605
"(23, 43)",2,dam_schedule__mw__import__caiso_totals,0.28802990913391113,0.28585129976272583
"(23, 43)",2,dam_schedule__mw__export__caiso_totals,0.12766820192337036,0.1341513991355896
"(23, 43)",2,dam_lmp__lmp_usd_per_mwh__th_sp15_gen_apnd,0.8679196238517761,0.8710744976997375
"(23, 43)",2,dam_lmp__congestion_usd_per_mwh__th_sp15_gen_apnd,0.41886746883392334,0.41147470474243164
"(23, 43)",2,dam_lmp__loss_usd_per_mwh__th_sp15_gen_apnd,0.31518709659576416,0.3202516436576843
"(23, 43)",2,rt15_lmp_hourly_mean__congestion_usd_per_mwh__th_sp15_gen_apnd,0.4741562604904175,0.49049460887908936
"(23, 43)",2,dam_as_total_procured__mw__ru__as_caiso,0.20723599195480347,0.18451601266860962
"(23, 43)",2,dam_as_total_procured__mw__rd__as_caiso,0.4250272512435913,0.436018705368042
"(23, 43)",2,dam_as_total_procured__mw__sr__as_caiso,0.027415037155151367,0.04161334037780762
"(23, 43)",2,dam_as_total_procured__mw__nr__as_caiso,0.006430923938751221,0.009094655513763428
"(24, 28)",2,actual_load__mw__ca_iso_tac,0.845425009727478,0.8450717926025391
"(24, 28)",2,dam_schedule__mw__generation__caiso_totals,0.8466205596923828,0.854200541973114
"(24, 28)",2,dam_schedule__mw__import__caiso_totals,0.2512857913970947,0.2637932300567627
"(24, 28)",2,dam_schedule__mw__export__caiso_totals,0.5080456733703613,0.5174601078033447
"(24, 28)",2,dam_lmp__lmp_usd_per_mwh__th_sp15_gen_apnd,0.8227686285972595,0.8343944549560547
"(24, 28)",2,dam_lmp__congestion_usd_per_mwh__th_sp15_gen_apnd,0.3678157329559326,0.378395140171051
"(24, 28)",2,dam_lmp__loss_usd_per_mwh__th_sp15_gen_apnd,0.3670048713684082,0.3765924572944641
"(24, 28)",2,rt15_lmp_hourly_mean__congestion_usd_per_mwh__th_sp15_gen_apnd,0.35633307695388794,0.3680962920188904
"(24, 28)",2,dam_as_total_procured__mw__ru__as_caiso,0.18963420391082764,0.17872750759124756
"(24, 28)",2,dam_as_total_procured__mw__rd__as_caiso,0.3996037244796753,0.4108533263206482
"(24, 28)",2,dam_as_total_procured__mw__sr__as_caiso,0.12404364347457886,0.1465495228767395
"(24, 28)",2,dam_as_total_procured__mw__nr__as_caiso,0.22021883726119995,0.21324127912521362
"(24, 32)",2,actual_load__mw__ca_iso_tac,0.15811872482299805,0.1670210361480713
"(24, 32)",2,dam_schedule__mw__generation__caiso_totals,0.15094661712646484,0.16154062747955322
"(24, 32)",2,dam_schedule__mw__import__caiso_totals,0.2261456847190857,0.2330331802368164
"(24, 32)",2,dam_schedule__mw__export__caiso_totals,0.096890389919281,0.10047560930252075
"(24, 32)",2,dam_lmp__lmp_usd_per_mwh__th_sp15_gen_apnd,0.8050620555877686,0.8169921636581421
"(24, 32)",2,dam_lmp__congestion_usd_per_mwh__th_sp15_gen_apnd,0.3565273880958557,0.3565513491630554
"(24, 32)",2,dam_lmp__loss_usd_per_mwh__th_sp15_gen_apnd,0.321047842502594,0.33919447660446167
"(24, 32)",2,rt15_lmp_hourly_mean__congestion_usd_per_mwh__th_sp15_gen_apnd,0.3414309024810791,0.35181885957717896
"(24, 32)",2,dam_as_total_procured__mw__ru__as_caiso,0.3892972469329834,0.3825511932373047
"(24, 32)",2,dam_as_total_procured__mw__rd__as_caiso,0.47790902853012085,0.4809941053390503
"(24, 32)",2,dam_as_total_procured__mw__sr__as_caiso,0.026073932647705078,0.04517495632171631
"(24, 32)",2,dam_as_total_procured__mw__nr__as_caiso,0.02766549587249756,0.03316003084182739
"(24, 36)",2,actual_load__mw__ca_iso_tac,0.5557323098182678,0.586901068687439
"(24, 36)",2,dam_schedule__mw__generation__caiso_totals,0.43885475397109985,0.48206883668899536
"(24, 36)",2,dam_schedule__mw__import__caiso_totals,0.27695345878601074,0.27726757526397705
"(24, 36)",2,dam_schedule__mw__export__caiso_totals,0.3151959776878357,0.32804208993911743
"(24, 36)",2,dam_lmp__lmp_usd_per_mwh__th_sp15_gen_apnd,0.8093074560165405,0.8216707110404968
"(24, 36)",2,dam_lmp__congestion_usd_per_mwh__th_sp15_gen_apnd,0.35440558195114136,0.3659484386444092
"(24, 36)",2,dam_lmp__loss_usd_per_mwh__th_sp15_gen_apnd,0.32824647426605225,0.33564668893814087
"(24, 36)",2,rt15_lmp_hourly_mean__congestion_usd_per_mwh__th_sp15_gen_apnd,0.3460858464241028,0.3650967478752136
"(24, 36)",2,dam_as_total_procured__mw__ru__as_caiso,0.20008742809295654,0.18441760540008545
"(24, 36)",2,dam_as_total_procured__mw__rd__as_caiso,0.38910090923309326,0.4064295291900635
"(24, 36)",2,dam_as_total_procured__mw__sr__as_caiso,0.16753333806991577,0.17512297630310059
"(24, 36)",2,dam_as_total_procured__mw__nr__as_caiso,0.4708130955696106,0.4641317129135132
"(24, 40)",2,actual_load__mw__ca_iso_tac,0.0792386531829834,0.07631099224090576
"(24, 40)",2,dam_schedule__mw__generation__caiso_totals,0.06154835224151611,0.06562089920043945
"(24, 40)",2,dam_schedule__mw__import__caiso_totals,0.210943341255188,0.22078049182891846
"(24, 40)",2,dam_schedule__mw__export__caiso_totals,0.06165719032287598,0.06227606534957886
"(24, 40)",2,dam_lmp__lmp_usd_per_mwh__th_sp15_gen_apnd,0.7990617752075195,0.8143997192382812
"(24, 40)",2,dam_lmp__congestion_usd_per_mwh__th_sp15_gen_apnd,0.33903956413269043,0.34409135580062866
"(24, 40)",2,dam_lmp__loss_usd_per_mwh__th_sp15_gen_apnd,0.2969273328781128,0.3089415431022644
"(24, 40)",2,rt15_lmp_hourly_mean__congestion_usd_per_mwh__th_sp15_gen_apnd,0.35256844758987427,0.36139750480651855
"(24, 40)",2,dam_as_total_procured__mw__ru__as_caiso,0.1542149782180786,0.1310408115386963
"(24, 40)",2,dam_as_total_procured__mw__rd__as_caiso,0.33505260944366455,0.340015709400177
"(24, 40)",2,dam_as_total_procured__mw__sr__as_caiso,0.014540374279022217,0.022566139698028564
"(24, 40)",2,dam_as_total_procured__mw__nr__as_caiso,0.009189903736114502,0.010056138038635254
"(25, 26)",2,actual_load__mw__ca_iso_tac,0.1662747859954834,0.17595291137695312
"(25, 26)",2,dam_schedule__mw__generation__caiso_totals,0.21315640211105347,0.22005951404571533
"(25, 26)",2,dam_schedule__mw__import__caiso_totals,0.17220497131347656,0.18517816066741943
"(25, 26)",2,dam_schedule__mw__export__caiso_totals,0.21574103832244873,0.21843981742858887
"(25, 26)",2,dam_lmp__lmp_usd_per_mwh__th_sp15_gen_apnd,0.3377106785774231,0.36329740285873413
"(25, 26)",2,dam_lmp__congestion_usd_per_mwh__th_sp15_gen_apnd,0.2345075011253357,0.2332022786140442
"(25, 26)",2,dam_lmp__loss_usd_per_mwh__th_sp15_gen_apnd,0.18568503856658936,0.200461745262146
"(25, 26)",2,rt15_lmp_hourly_mean__congestion_usd_per_mwh__th_sp15_gen_apnd,0.16579610109329224,0.17005425691604614
"(25, 26)",2,dam_as_total_procured__mw__ru__as_caiso,0.1663217544555664,0.15921181440353394
"(25, 26)",2,dam_as_total_procured__mw__rd__as_caiso,0.37242305278778076,0.3742055296897888
"(25, 26)",2,dam_as_total_procured__mw__sr__as_caiso,0.0024080276489257812,0.012772142887115479
"(25, 26)",2,dam_as_total_procured__mw__nr__as_caiso,0.08029723167419434,0.09364891052246094
"(25, 30)",2,actual_load__mw__ca_iso_tac,0.008982300758361816,0.01498943567276001
"(25, 30)",2,dam_schedule__mw__generation__caiso_totals,0.01426607370376587,0.01859259605407715
"(25, 30)",2,dam_schedule__mw__import__caiso_totals,0.12041115760803223,0.12718439102172852
"(25, 30)",2,dam_schedule__mw__export__caiso_totals,0.022269725799560547,0.027660012245178223
"(25, 30)",2,dam_lmp__lmp_usd_per_mwh__th_sp15_gen_apnd,0.2699844241142273,0.2676650285720825
"(25, 30)",2,dam_lmp__congestion_usd_per_mwh__th_sp15_gen_apnd,0.22640639543533325,0.21198982000350952
"(25, 30)",2,dam_lmp__loss_usd_per_mwh__th_sp15_gen_apnd,0.07028317451477051,0.0741986632347107
"(25, 30)",2,rt15_lmp_hourly_mean__congestion_usd_per_mwh__th_sp15_gen_apnd,0.1596982479095459,0.1601688265800476
"(25, 30)",2,dam_as_total_procured__mw__ru__as_caiso,0.12874102592468262,0.10767930746078491
"(25, 30)",2,dam_as_total_procured__mw__rd__as_caiso,0.32344114780426025,0.309018075466156
"(25, 30)",2,dam_as_total_procured__mw__sr__as_caiso,0.0,0.007057905197143555
"(25, 30)",2,dam_as_total_procured__mw__nr__as_caiso,0.019084274768829346,0.035824358463287354
"(25, 34)",2,actual_load__mw__ca_iso_tac,0.1327623724937439,0.1482025384902954
"(25, 34)",2,dam_schedule__mw__generation__caiso_totals,0.16945183277130127,0.19133681058883667
"(25, 34)",2,dam_schedule__mw__import__caiso_totals,0.2057439684867859,0.21001440286636353
"(25, 34)",2,dam_schedule__mw__export__caiso_totals,0.16214340925216675,0.18416565656661987
"(25, 34)",2,dam_lmp__lmp_usd_per_mwh__th_sp15_gen_apnd,0.4661238193511963,0.44182348251342773
"(25, 34)",2,dam_lmp__congestion_usd_per_mwh__th_sp15_gen_apnd,0.3730078339576721,0.34697532653808594
"(25, 34)",2,dam_lmp__loss_usd_per_mwh__th_sp15_gen_apnd,0.1231345534324646,0.1285862922668457
"(25, 34)",2,rt15_lmp_hourly_mean__congestion_usd_per_mwh__th_sp15_gen_apnd,0.2509365677833557,0.24574542045593262
"(25, 34)",2,dam_as_total_procured__mw__ru__as_caiso,0.8403200507164001,0.8331320285797119
"(25, 34)",2,dam_as_total_procured__mw__rd__as_caiso,0.71028733253479,0.6947537660598755
"(25, 34)",2,dam_as_total_procured__mw__sr__as_caiso,0.031582415103912354,0.04820531606674194
"(25, 34)",2,dam_as_total_procured__mw__nr__as_caiso,0.060031354427337646,0.0728415846824646
"(25, 38)",2,actual_load__mw__ca_iso_tac,0.07029986381530762,0.08292144536972046
"(25, 38)",2,dam_schedule__mw__generation__caiso_totals,0.07429391145706177,0.0778573751449585
"(25, 38)",2,dam_schedule__mw__import__caiso_totals,0.27353572845458984,0.2706448435783386
"(25, 38)",2,dam_schedule__mw__export__caiso_totals,0.07710486650466919,0.08606809377670288
"(25, 38)",2,dam_lmp__lmp_usd_per_mwh__th_sp15_gen_apnd,0.5021985769271851,0.5118246674537659
"(25, 38)",2,dam_lmp__congestion_usd_per_mwh__th_sp15_gen_apnd,0.3285815119743347,0.31672900915145874
"(25, 38)",2,dam_lmp__loss_usd_per_mwh__th_sp15_gen_apnd,0.2375354766845703,0.23806613683700562
"(25, 38)",2,rt15_lmp_hourly_mean__congestion_usd_per_mwh__th_sp15_gen_apnd,0.2061343789100647,0.21516209840774536
"(25, 38)",2,dam_as_total_procured__mw__ru__as_caiso,0.18998193740844727,0.1632465124130249
"(25, 38)",2,dam_as_total_procured__mw__rd__as_caiso,0.49433696269989014,0.4823574423789978
"(25, 38)",2,dam_as_total_procured__mw__sr__as_caiso,0.04236370325088501,0.059725821018218994
"(25, 38)",2,dam_as_total_procured__mw__nr__as_caiso,0.0381624698638916,0.053781092166900635
"(25, 42)",2,actual_load__mw__ca_iso_tac,0.06328684091567993,0.0826181173324585
"(25, 42)",2,dam_schedule__mw__generation__caiso_totals,0.06743288040161133,0.07983565330505371
"(25, 42)",2,dam_schedule__mw__import__caiso_totals,0.13948076963424683,0.15549498796463013
"(25, 42)",2,dam_schedule__mw__export__caiso_totals,0.08545589447021484,0.09615010023117065
"(25, 42)",2,dam_lmp__lmp_usd_per_mwh__th_sp15_gen_apnd,0.4254533648490906,0.4334745407104492
"(25, 42)",2,dam_lmp__congestion_usd_per_mwh__th_sp15_gen_apnd,0.29003751277923584,0.2749038338661194
"(25, 42)",2,dam_lmp__loss_usd_per_mwh__th_sp15_gen_apnd,0.11397254467010498,0.12374317646026611
"(25, 42)",2,rt15_lmp_hourly_mean__congestion_usd_per_mwh__th_sp15_gen_apnd,0.21756315231323242,0.223069965839386
"(25, 42)",2,dam_as_total_procured__mw__ru__as_caiso,0.164289653301239,0.1403789520263672
"(25, 42)",2,dam_as_total_procured__mw__rd__as_caiso,0.38283705711364746,0.38178128004074097
"(25, 42)",2,dam_as_total_procured__mw__sr__as_caiso,0.005076348781585693,0.022035598754882812
"(25, 42)",2,dam_as_total_procured__mw__nr__as_caiso,0.04266560077667236,0.05103015899658203
"(26, 29)",2,actual_load__mw__ca_iso_tac,0.40199726819992065,0.4092101454734802
"(26, 29)",2,dam_schedule__mw__generation__caiso_totals,0.3732733130455017,0.3849445581436157
"(26, 29)",2,dam_schedule__mw__import__caiso_totals,0.31716740131378174,0.32492005825042725
"(26, 29)",2,dam_schedule__mw__export__caiso_totals,0.22901034355163574,0.23813408613204956
"(26, 29)",2,dam_lmp__lmp_usd_per_mwh__th_sp15_gen_apnd,0.6481764316558838,0.6746953725814819
"(26, 29)",2,dam_lmp__congestion_usd_per_mwh__th_sp15_gen_apnd,0.3257870674133301,0.33597272634506226
"(26, 29)",2,dam_lmp__loss_usd_per_mwh__th_sp15_gen_apnd,0.40760523080825806,0.39997363090515137
"(26, 29)",2,rt15_lmp_hourly_mean__congestion_usd_per_mwh__th_sp15_gen_apnd,0.2696448564529419,0.26572519540786743
"(26, 29)",2,dam_as_total_procured__mw__ru__as_caiso,0.19427353143692017,0.18793684244155884
"(26, 29)",2,dam_as_total_procured__mw__rd__as_caiso,0.40717703104019165,0.41431260108947754
"(26, 29)",2,dam_as_total_procured__mw__sr__as_caiso,0.06576937437057495,0.06585049629211426
"(26, 29)",2,dam_as_total_procured__mw__nr__as_caiso,0.13969814777374268,0.13799422979354858
"(26, 33)",2,actual_load__mw__ca_iso_tac,0.25319039821624756,0.2484501600265503
"(26, 33)",2,dam_schedule__mw__generation__caiso_totals,0.2849419116973877,0.2763546109199524
"(26, 33)",2,dam_schedule__mw__import__caiso_totals,0.2052021026611328,0.2095511555671692
"(26, 33)",2,dam_schedule__mw__export__caiso_totals,0.24364417791366577,0.2418687343597412
"(26, 33)",2,dam_lmp__lmp_usd_per_mwh__th_sp15_gen_apnd,0.33434808254241943,0.34590280055999756
"(26, 33)",2,dam_lmp__congestion_usd_per_mwh__th_sp15_gen_apnd,0.29390132427215576,0.28415465354919434
"(26, 33)",2,dam_lmp__loss_usd_per_mwh__th_sp15_gen_apnd,0.1810891032218933,0.1857370138168335
"(26, 33)",2,rt15_lmp_hourly_mean__congestion_usd_per_mwh__th_sp15_gen_apnd,0.1849151849746704,0.18314129114151
"(26, 33)",2,dam_as_total_procured__mw__ru__as_caiso,0.3050324320793152,0.3010002374649048
"(26, 33)",2,dam_as_total_procured__mw__rd__as_caiso,0.7210098505020142,0.7202783823013306
"(26, 33)",2,dam_as_total_procured__mw__sr__as_caiso,0.06281572580337524,0.07865965366363525
"(26, 33)",2,dam_as_total_procured__mw__nr__as_caiso,0.05751317739486694,0.04956674575805664
"(26, 37)",2,actual_load__mw__ca_iso_tac,0.5956273674964905,0.6259599328041077
"(26, 37)",2,dam_schedule__mw__generation__caiso_totals,0.5402936935424805,0.5847193002700806
"(26, 37)",2,dam_schedule__mw__import__caiso_totals,0.14789575338363647,0.14913040399551392
"(26, 37)",2,dam_schedule__mw__export__caiso_totals,0.46985214948654175,0.48458993434906006
"(26, 37)",2,dam_lmp__lmp_usd_per_mwh__th_sp15_gen_apnd,0.1513526439666748,0.17631793022155762
"(26, 37)",2,dam_lmp__congestion_usd_per_mwh__th_sp15_gen_apnd,0.104320228099823,0.11277306079864502
"(26, 37)",2,dam_lmp__loss_usd_per_mwh__th_sp15_gen_apnd,0.1787031888961792,0.18458038568496704
"(26, 37)",2,rt15_lmp_hourly_mean__congestion_usd_per_mwh__th_sp15_gen_apnd,0.05050969123840332,0.0619085431098938
"(26, 37)",2,dam_as_total_procured__mw__ru__as_caiso,0.10456347465515137,0.10965925455093384
"(26, 37)",2,dam_as_total_procured__mw__rd__as_caiso,0.21843290328979492,0.22938501834869385
"(26, 37)",2,dam_as_total_procured__mw__sr__as_caiso,0.16523092985153198,0.17288297414779663
"(26, 37)",2,dam_as_total_procured__mw__nr__as_caiso,0.47062093019485474,0.4640747308731079
"(26, 41)",2,actual_load__mw__ca_iso_tac,0.13099390268325806,0.12932705879211426
"(26, 41)",2,dam_schedule__mw__generation__caiso_totals,0.16057312488555908,0.15868490934371948
"(26, 41)",2,dam_schedule__mw__import__caiso_totals,0.16874825954437256,0.18422681093215942
"(26, 41)",2,dam_schedule__mw__export__caiso_totals,0.20334452390670776,0.19697856903076172
"(26, 41)",2,dam_lmp__lmp_usd_per_mwh__th_sp15_gen_apnd,0.5355335474014282,0.5522608757019043
"(26, 41)",2,dam_lmp__congestion_usd_per_mwh__th_sp15_gen_apnd,0.3106374740600586,0.3224131464958191
"(26, 41)",2,dam_lmp__loss_usd_per_mwh__th_sp15_gen_apnd,0.3060513138771057,0.2920345664024353
"(26, 41)",2,rt15_lmp_hourly_mean__congestion_usd_per_mwh__th_sp15_gen_apnd,0.2121216058731079,0.23218834400177002
"(26, 41)",2,dam_as_total_procured__mw__ru__as_caiso,0.21144849061965942,0.2006729245185852
"(26, 41)",2,dam_as_total_procured__mw__rd__as_caiso,0.4002627730369568,0.4043036699295044
"(26, 41)",2,dam_as_total_procured__mw__sr__as_caiso,0.015583455562591553,0.023987948894500732
"(26, 41)",2,dam_as_total_procured__mw__nr__as_caiso,0.04335522651672363,0.037990570068359375
"(27, 29)",2,actual_load__mw__ca_iso_tac,0.7510325908660889,0.765893816947937
"(27, 29)",2,dam_schedule__mw__generation__caiso_totals,0.7260309457778931,0.7382709980010986
"(27, 29)",2,dam_schedule__mw__import__caiso_totals,0.31024932861328125,0.3181108832359314
"(27, 29)",2,dam_schedule__mw__export__caiso_totals,0.5322359800338745,0.5258647203445435
"(27, 29)",2,dam_lmp__lmp_usd_per_mwh__th_sp15_gen_apnd,0.6601321697235107,0.6764672994613647
"(27, 29)",2,dam_lmp__congestion_usd_per_mwh__th_sp15_gen_apnd,0.2582743763923645,0.25742989778518677
"(27, 29)",2,dam_lmp__loss_usd_per_mwh__th_sp15_gen_apnd,0.37514209747314453,0.37273460626602173
"(27, 29)",2,rt15_lmp_hourly_mean__congestion_usd_per_mwh__th_sp15_gen_apnd,0.20296943187713623,0.20335924625396729
"(27, 29)",2,dam_as_total_procured__mw__ru__as_caiso,0.1410803198814392,0.12839829921722412
"(27, 29)",2,dam_as_total_procured__mw__rd__as_caiso,0.364998996257782,0.3690031170845032
"(27, 29)",2,dam_as_total_procured__mw__sr__as_caiso,0.06670254468917847,0.0967944860458374
"(27, 29)",2,dam_as_total_procured__mw__nr__as_caiso,0.24331092834472656,0.23926562070846558
"(27, 33)",2,actual_load__mw__ca_iso_tac,0.7606402039527893,0.7637706995010376
"(27, 33)",2,dam_schedule__mw__generation__caiso_totals,0.7255308628082275,0.7310846447944641
"(27, 33)",2,dam_schedule__mw__import__caiso_totals,0.36386221647262573,0.36670082807540894
"(27, 33)",2,dam_schedule__mw__export__caiso_totals,0.43415623903274536,0.4241231679916382
"(27, 33)",2,dam_lmp__lmp_usd_per_mwh__th_sp15_gen_apnd,0.6171064376831055,0.6357582211494446
"(27, 33)",2,dam_lmp__congestion_usd_per_mwh__th_sp15_gen_apnd,0.3419896960258484,0.33379244804382324
"(27, 33)",2,dam_lmp__loss_usd_per_mwh__th_sp15_gen_apnd,0.350227952003479,0.3444710373878479
"(27, 33)",2,rt15_lmp_hourly_mean__congestion_usd_per_mwh__th_sp15_gen_apnd,0.22455501556396484,0.23293715715408325
"(27, 33)",2,dam_as_total_procured__mw__ru__as_caiso,0.3138832449913025,0.2944909334182739
"(27, 33)",2,dam_as_total_procured__mw__rd__as_caiso,0.7473511695861816,0.7422828674316406
"(27, 33)",2,dam_as_total_procured__mw__sr__as_caiso,0.07387447357177734,0.09594523906707764
"(27, 33)",2,dam_as_total_procured__mw__nr__as_caiso,0.19091510772705078,0.19322729110717773
"(27, 37)",2,actual_load__mw__ca_iso_tac,0.8025346994400024,0.8143641352653503
"(27, 37)",2,dam_schedule__mw__generation__caiso_totals,0.7063000798225403,0.7268943786621094
"(27, 37)",2,dam_schedule__mw__import__caiso_totals,0.2790389060974121,0.28025180101394653
"(27, 37)",2,dam_schedule__mw__export__caiso_totals,0.41886240243911743,0.418742835521698
"(27, 37)",2,dam_lmp__lmp_usd_per_mwh__th_sp15_gen_apnd,0.4839509129524231,0.5165593028068542
"(27, 37)",2,dam_lmp__congestion_usd_per_mwh__th_sp15_gen_apnd,0.14069998264312744,0.1591385006904602
"(27, 37)",2,dam_lmp__loss_usd_per_mwh__th_sp15_gen_apnd,0.3871578574180603,0.38344359397888184
"(27, 37)",2,rt15_lmp_hourly_mean__congestion_usd_per_mwh__th_sp15_gen_apnd,0.09193968772888184,0.11808252334594727
"(27, 37)",2,dam_as_total_procured__mw__ru__as_caiso,0.1619231104850769,0.14973211288452148
"(27, 37)",2,dam_as_total_procured__mw__rd__as_caiso,0.23377549648284912,0.25300610065460205
"(27, 37)",2,dam_as_total_procured__mw__sr__as_caiso,0.1847214698791504,0.19131839275360107
"(27, 37)",2,dam_as_total_procured__mw__nr__as_caiso,0.4777728319168091,0.4726746082305908
"(27, 41)",2,actual_load__mw__ca_iso_tac,0.6953864097595215,0.698656439781189
"(27, 41)",2,dam_schedule__mw__generation__caiso_totals,0.7037214636802673,0.7113305330276489
"(27, 41)",2,dam_schedule__mw__import__caiso_totals,0.26457715034484863,0.2702168822288513
"(27, 41)",2,dam_schedule__mw__export__caiso_totals,0.4645336866378784,0.4475269317626953
"(27, 41)",2,dam_lmp__lmp_usd_per_mwh__th_sp15_gen_apnd,0.6590820550918579,0.6726199984550476
"(27, 41)",2,dam_lmp__congestion_usd_per_mwh__th_sp15_gen_apnd,0.28436142206192017,0.2915511727333069
"(27, 41)",2,dam_lmp__loss_usd_per_mwh__th_sp15_gen_apnd,0.3757055997848511,0.36401212215423584
"(27, 41)",2,rt15_lmp_hourly_mean__congestion_usd_per_mwh__th_sp15_gen_apnd,0.2332291603088379,0.23198920488357544
"(27, 41)",2,dam_as_total_procured__mw__ru__as_caiso,0.16824424266815186,0.15480566024780273
"(27, 41)",2,dam_as_total_procured__mw__rd__as_caiso,0.3598315715789795,0.365792453289032
"(27, 41)",2,dam_as_total_procured__mw__sr__as_caiso,0.05473434925079346,0.06947743892669678
"(27, 41)",2,dam_as_total_procured__mw__nr__as_caiso,0.1915721297264099,0.1947234869003296
"(28, 30)",2,actual_load__mw__ca_iso_tac,0.8018989562988281,0.8043255805969238
"(28, 30)",2,dam_schedule__mw__generation__caiso_totals,0.7998142242431641,0.807395339012146
"(28, 30)",2,dam_schedule__mw__import__caiso_totals,0.08923554420471191,0.08084136247634888
"(28, 30)",2,dam_schedule__mw__export__caiso_totals,0.40519964694976807,0.4085598587989807
"(28, 30)",2,dam_lmp__lmp_usd_per_mwh__th_sp15_gen_apnd,0.24846172332763672,0.256131649017334
"(28, 30)",2,dam_lmp__congestion_usd_per_mwh__th_sp15_gen_apnd,0.03712773323059082,0.02852421998977661
"(28, 30)",2,dam_lmp__loss_usd_per_mwh__th_sp15_gen_apnd,0.23038333654403687,0.22703802585601807
"(28, 30)",2,rt15_lmp_hourly_mean__congestion_usd_per_mwh__th_sp15_gen_apnd,0.06424587965011597,0.06535995006561279
"(28, 30)",2,dam_as_total_procured__mw__ru__as_caiso,0.062358200550079346,0.06139552593231201
"(28, 30)",2,dam_as_total_procured__mw__rd__as_caiso,0.05659449100494385,0.05697518587112427
"(28, 30)",2,dam_as_total_procured__mw__sr__as_caiso,0.08218681812286377,0.09171724319458008
"(28, 30)",2,dam_as_total_procured__mw__nr__as_caiso,0.18172520399093628,0.182512104511261
"(28, 34)",2,actual_load__mw__ca_iso_tac,0.8435530662536621,0.8412719964981079
"(28, 34)",2,dam_schedule__mw__generation__caiso_totals,0.8460089564323425,0.8495378494262695
"(28, 34)",2,dam_schedule__mw__import__caiso_totals,0.21599799394607544,0.2159503698348999
"(28, 34)",2,dam_schedule__mw__export__caiso_totals,0.47331684827804565,0.4777607321739197
"(28, 34)",2,dam_lmp__lmp_usd_per_mwh__th_sp15_gen_apnd,0.5234478712081909,0.5027345418930054
"(28, 34)",2,dam_lmp__congestion_usd_per_mwh__th_sp15_gen_apnd,0.2932506799697876,0.26683956384658813
"(28, 34)",2,dam_lmp__loss_usd_per_mwh__th_sp15_gen_apnd,0.2639026641845703,0.25266849994659424
"(28, 34)",2,rt15_lmp_hourly_mean__congestion_usd_per_mwh__th_sp15_gen_apnd,0.1997896432876587,0.20202350616455078
"(28, 34)",2,dam_as_total_procured__mw__ru__as_caiso,0.8468278646469116,0.8395438194274902
"(28, 34)",2,dam_as_total_procured__mw__rd__as_caiso,0.6774265766143799,0.6604651808738708
"(28, 34)",2,dam_as_total_procured__mw__sr__as_caiso,0.11457258462905884,0.12915289402008057
"(28, 34)",2,dam_as_total_procured__mw__nr__as_caiso,0.1997634768486023,0.2025303840637207
"(28, 38)",2,actual_load__mw__ca_iso_tac,0.847393274307251,0.8492752313613892
"(28, 38)",2,dam_schedule__mw__generation__caiso_totals,0.8417513966560364,0.846146285533905
"(28, 38)",2,dam_schedule__mw__import__caiso_totals,0.27486205101013184,0.26657193899154663
"(28, 38)",2,dam_schedule__mw__export__caiso_totals,0.4847537875175476,0.4943632483482361
"(28, 38)",2,dam_lmp__lmp_usd_per_mwh__th_sp15_gen_apnd,0.5212807655334473,0.5535827279090881
"(28, 38)",2,dam_lmp__congestion_usd_per_mwh__th_sp15_gen_apnd,0.27930837869644165,0.2707749009132385
"(28, 38)",2,dam_lmp__loss_usd_per_mwh__th_sp15_gen_apnd,0.2725110650062561,0.2832716107368469
"(28, 38)",2,rt15_lmp_hourly_mean__congestion_usd_per_mwh__th_sp15_gen_apnd,0.15910100936889648,0.17346560955047607
"(28, 38)",2,dam_as_total_procured__mw__ru__as_caiso,0.17575407028198242,0.16963398456573486
"(28, 38)",2,dam_as_total_procured__mw__rd__as_caiso,0.4252750873565674,0.41795217990875244
"(28, 38)",2,dam_as_total_procured__mw__sr__as_caiso,0.1336098313331604,0.15265506505966187
"(28, 38)",2,dam_as_total_procured__mw__nr__as_caiso,0.20060473680496216,0.1966455578804016
"(28, 42)",2,actual_load__mw__ca_iso_tac,0.8127842545509338,0.8159631490707397
"(28, 42)",2,dam_schedule__mw__generation__caiso_totals,0.808978796005249,0.8164587616920471
"(28, 42)",2,dam_schedule__mw__import__caiso_totals,0.12257301807403564,0.12126433849334717
"(28, 42)",2,dam_schedule__mw__export__caiso_totals,0.43338775634765625,0.4367663264274597
"(28, 42)",2,dam_lmp__lmp_usd_per_mwh__th_sp15_gen_apnd,0.42930859327316284,0.4432392716407776
"(28, 42)",2,dam_lmp__congestion_usd_per_mwh__th_sp15_gen_apnd,0.11078566312789917,0.11251240968704224
"(28, 42)",2,dam_lmp__loss_usd_per_mwh__th_sp15_gen_apnd,0.2564040422439575,0.2548826336860657
"(28, 42)",2,rt15_lmp_hourly_mean__congestion_usd_per_mwh__th_sp15_gen_apnd,0.134990394115448,0.14122724533081055
"(28, 42)",2,dam_as_total_procured__mw__ru__as_caiso,0.1113818883895874,0.10977452993392944
"(28, 42)",2,dam_as_total_procured__mw__rd__as_caiso,0.15237337350845337,0.1731935739517212
"(28, 42)",2,dam_as_total_procured__mw__sr__as_caiso,0.08421701192855835,0.10460013151168823
"(28, 42)",2,dam_as_total_procured__mw__nr__as_caiso,0.2023823857307434,0.1923477053642273
"(29, 32)",2,actual_load__mw__ca_iso_tac,0.42484402656555176,0.42075401544570923
"(29, 32)",2,dam_schedule__mw__generation__caiso_totals,0.3905152678489685,0.39972907304763794
"(29, 32)",2,dam_schedule__mw__import__caiso_totals,0.30326294898986816,0.3131254315376282
"(29, 32)",2,dam_schedule__mw__export__caiso_totals,0.1930134892463684,0.1976359486579895
"(29, 32)",2,dam_lmp__lmp_usd_per_mwh__th_sp15_gen_apnd,0.682709813117981,0.6887857913970947
"(29, 32)",2,dam_lmp__congestion_usd_per_mwh__th_sp15_gen_apnd,0.2860780358314514,0.27054041624069214
"(29, 32)",2,dam_lmp__loss_usd_per_mwh__th_sp15_gen_apnd,0.34310847520828247,0.3410406708717346
"(29, 32)",2,rt15_lmp_hourly_mean__congestion_usd_per_mwh__th_sp15_gen_apnd,0.2234322428703308,0.2145562767982483
"(29, 32)",2,dam_as_total_procured__mw__ru__as_caiso,0.3798876404762268,0.37943267822265625
"(29, 32)",2,dam_as_total_procured__mw__rd__as_caiso,0.47494393587112427,0.47135335206985474
"(29, 32)",2,dam_as_total_procured__mw__sr__as_caiso,0.04379475116729736,0.063784658908844
"(29, 32)",2,dam_as_total_procured__mw__nr__as_caiso,0.11027795076370239,0.12729328870773315
"(29, 36)",2,actual_load__mw__ca_iso_tac,0.654363751411438,0.6818751096725464
"(29, 36)",2,dam_schedule__mw__generation__caiso_totals,0.5296266078948975,0.5671602487564087
"(29, 36)",2,dam_schedule__mw__import__caiso_totals,0.33453261852264404,0.3354634642601013
"(29, 36)",2,dam_schedule__mw__export__caiso_totals,0.3522353172302246,0.36546486616134644
"(29, 36)",2,dam_lmp__lmp_usd_per_mwh__th_sp15_gen_apnd,0.6592401266098022,0.6833299398422241
"(29, 36)",2,dam_lmp__congestion_usd_per_mwh__th_sp15_gen_apnd,0.24416273832321167,0.2582806944847107
"(29, 36)",2,dam_lmp__loss_usd_per_mwh__th_sp15_gen_apnd,0.3359587788581848,0.33668196201324463
"(29, 36)",2,rt15_lmp_hourly_mean__congestion_usd_per_mwh__th_sp15_gen_apnd,0.18346959352493286,0.20247113704681396
"(29, 36)",2,dam_as_total_procured__mw__ru__as_caiso,0.1887301206588745,0.1661243438720703
"(29, 36)",2,dam_as_total_procured__mw__rd__as_caiso,0.32609182596206665,0.3415400981903076
"(29, 36)",2,dam_as_total_procured__mw__sr__as_caiso,0.16418147087097168,0.17796212434768677
"(29, 36)",2,dam_as_total_procured__mw__nr__as_caiso,0.4712064862251282,0.4678357243537903
"(29, 40)",2,actual_load__mw__ca_iso_tac,0.3230852484703064,0.33538109064102173
"(29, 40)",2,dam_schedule__mw__generation__caiso_totals,0.2937477231025696,0.3107898235321045
"(29, 40)",2,dam_schedule__mw__import__caiso_totals,0.2830025553703308,0.29133689403533936
"(29, 40)",2,dam_schedule__mw__export__caiso_totals,0.14395642280578613,0.1484120488166809
"(29, 40)",2,dam_lmp__lmp_usd_per_mwh__th_sp15_gen_apnd,0.6491958498954773,0.6669681072235107
"(29, 40)",2,dam_lmp__congestion_usd_per_mwh__th_sp15_gen_apnd,0.1933407187461853,0.20337480306625366
"(29, 40)",2,dam_lmp__loss_usd_per_mwh__th_sp15_gen_apnd,0.31365668773651123,0.30946969985961914
"(29, 40)",2,rt15_lmp_hourly_mean__congestion_usd_per_mwh__th_sp15_gen_apnd,0.17661434412002563,0.1792704463005066
"(29, 40)",2,dam_as_total_procured__mw__ru__as_caiso,0.09434282779693604,0.08563405275344849
"(29, 40)",2,dam_as_total_procured__mw__rd__as_caiso,0.22550815343856812,0.2366940975189209
"(29, 40)",2,dam_as_total_procured__mw__sr__as_caiso,0.03290742635726929,0.04491633176803589
"(29, 40)",2,dam_as_total_procured__mw__nr__as_caiso,0.08855140209197998,0.10087186098098755
"(30, 31)",2,actual_load__mw__ca_iso_tac,0.0,0.0
"(30, 31)",2,dam_schedule__mw__generation__caiso_totals,0.0,0.0
"(30, 31)",2,dam_schedule__mw__import__caiso_totals,0.0,0.0
"(30, 31)",2,dam_schedule__mw__export__caiso_totals,0.0,0.00010544061660766602
"(30, 31)",2,dam_lmp__lmp_usd_per_mwh__th_sp15_gen_apnd,0.00017774105072021484,0.00040906667709350586
"(30, 31)",2,dam_lmp__congestion_usd_per_mwh__th_sp15_gen_apnd,0.0004899501800537109,0.000574946403503418
"(30, 31)",2,dam_lmp__loss_usd_per_mwh__th_sp15_gen_apnd,0.00034624338150024414,0.0
"(30, 31)",2,rt15_lmp_hourly_mean__congestion_usd_per_mwh__th_sp15_gen_apnd,0.00010913610458374023,0.00034606456756591797
"(30, 31)",2,dam_as_total_procured__mw__ru__as_caiso,0.002200007438659668,0.0012664198875427246
"(30, 31)",2,dam_as_total_procured__mw__rd__as_caiso,0.0027777552604675293,0.0030055642127990723
"(30, 31)",2,dam_as_total_procured__mw__sr__as_caiso,0.0,0.0005834102630615234
"(30, 31)",2,dam_as_total_procured__mw__nr__as_caiso,0.0,0.0005410909652709961
"(30, 35)",2,actual_load__mw__ca_iso_tac,0.26150190830230713,0.2704610228538513
"(30, 35)",2,dam_schedule__mw__generation__caiso_totals,0.27331966161727905,0.2678452134132385
"(30, 35)",2,dam_schedule__mw__import__caiso_totals,0.23308616876602173,0.23036789894104004
"(30, 35)",2,dam_schedule__mw__export__caiso_totals,0.20106905698776245,0.215063214302063
"(30, 35)",2,dam_lmp__lmp_usd_per_mwh__th_sp15_gen_apnd,0.40752196311950684,0.3868335485458374
"(30, 35)",2,dam_lmp__congestion_usd_per_mwh__th_sp15_gen_apnd,0.3870062232017517,0.35345524549484253
"(30, 35)",2,dam_lmp__loss_usd_per_mwh__th_sp15_gen_apnd,0.06370210647583008,0.06694364547729492
"(30, 35)",2,rt15_lmp_hourly_mean__congestion_usd_per_mwh__th_sp15_gen_apnd,0.22466081380844116,0.22097355127334595
"(30, 35)",2,dam_as_total_procured__mw__ru__as_caiso,0.40900593996047974,0.4104662537574768
"(30, 35)",2,dam_as_total_procured__mw__rd__as_caiso,0.9789433479309082,0.9774796962738037
"(30, 35)",2,dam_as_total_procured__mw__sr__as_caiso,0.04658496379852295,0.08272302150726318
"(30, 35)",2,dam_as_total_procured__mw__nr__as_caiso,0.05258661508560181,0.04559218883514404
"(30, 39)",2,actual_load__mw__ca_iso_tac,0.013241171836853027,0.026031792163848877
"(30, 39)",2,dam_schedule__mw__generation__caiso_totals,0.03315937519073486,0.04705345630645752
"(30, 39)",2,dam_schedule__mw__import__caiso_totals,0.009833455085754395,0.013241708278656006
"(30, 39)",2,dam_schedule__mw__export__caiso_totals,0.04213505983352661,0.04610544443130493
"(30, 39)",2,dam_lmp__lmp_usd_per_mwh__th_sp15_gen_apnd,0.0694814920425415,0.07001364231109619
"(30, 39)",2,dam_lmp__congestion_usd_per_mwh__th_sp15_gen_apnd,0.035474300384521484,0.039610862731933594
"(30, 39)",2,dam_lmp__loss_usd_per_mwh__th_sp15_gen_apnd,0.021044373512268066,0.01669442653656006
"(30, 39)",2,rt15_lmp_hourly_mean__congestion_usd_per_mwh__th_sp15_gen_apnd,0.009246826171875,0.009202182292938232
"(30, 39)",2,dam_as_total_procured__mw__ru__as_caiso,0.07798212766647339,0.07178515195846558
"(30, 39)",2,dam_as_total_procured__mw__rd__as_caiso,0.08089202642440796,0.08957415819168091
"(30, 39)",2,dam_as_total_procured__mw__sr__as_caiso,0.01568913459777832,0.021950066089630127
"(30, 39)",2,dam_as_total_procured__mw__nr__as_caiso,0.0,0.001982569694519043
"(30, 43)",2,actual_load__mw__ca_iso_tac,0.04566025733947754,0.0438309907913208
"(30, 43)",2,dam_schedule__mw__generation__caiso_totals,0.07788389921188354,0.06893032789230347
"(30, 43)",2,dam_schedule__mw__import__caiso_totals,0.15713131427764893,0.15456247329711914
"(30, 43)",2,dam_schedule__mw__export__caiso_totals,0.09333682060241699,0.08596980571746826
"(30, 43)",2,dam_lmp__lmp_usd_per_mwh__th_sp15_gen_apnd,0.24071496725082397,0.2631285786628723
"(30, 43)",2,dam_lmp__congestion_usd_per_mwh__th_sp15_gen_apnd,0.15446048974990845,0.15177690982818604
"(30, 43)",2,dam_lmp__loss_usd_per_mwh__th_sp15_gen_apnd,0.05805623531341553,0.06336021423339844
"(30, 43)",2,rt15_lmp_hourly_mean__congestion_usd_per_mwh__th_sp15_gen_apnd,0.07208043336868286,0.06367462873458862
"(30, 43)",2,dam_as_total_procured__mw__ru__as_caiso,0.04880499839782715,0.04989689588546753
"(30, 43)",2,dam_as_total_procured__mw__rd__as_caiso,0.17053353786468506,0.1954854130744934
"(30, 43)",2,dam_as_total_procured__mw__sr__as_caiso,0.017723143100738525,0.03138798475265503
"(30, 43)",2,dam_as_total_procured__mw__nr__as_caiso,0.0,0.0
"(31, 35)",2,actual_load__mw__ca_iso_tac,0.26088058948516846,0.268845796585083
"(31, 35)",2,dam_schedule__mw__generation__caiso_totals,0.2725139260292053,0.2657451629638672
"(31, 35)",2,dam_schedule__mw__import__caiso_totals,0.22979915142059326,0.22812098264694214
"(31, 35)",2,dam_schedule__mw__export__caiso_totals,0.20200318098068237,0.21378499269485474
"(31, 35)",2,dam_lmp__lmp_usd_per_mwh__th_sp15_gen_apnd,0.4103353023529053,0.38941383361816406
"(31, 35)",2,dam_lmp__congestion_usd_per_mwh__th_sp15_gen_apnd,0.38664960861206055,0.3527463674545288
"(31, 35)",2,dam_lmp__loss_usd_per_mwh__th_sp15_gen_apnd,0.06590241193771362,0.06882065534591675
"(31, 35)",2,rt15_lmp_hourly_mean__congestion_usd_per_mwh__th_sp15_gen_apnd,0.22339260578155518,0.21981555223464966
"(31, 35)",2,dam_as_total_procured__mw__ru__as_caiso,0.40653783082962036,0.40835487842559814
"(31, 35)",2,dam_as_total_procured__mw__rd__as_caiso,0.9784044623374939,0.9766157269477844
"(31, 35)",2,dam_as_total_procured__mw__sr__as_caiso,0.04969054460525513,0.07996028661727905
"(31, 35)",2,dam_as_total_procured__mw__nr__as_caiso,0.049191296100616455,0.0458301305770874
"(31, 39)",2,actual_load__mw__ca_iso_tac,0.011851668357849121,0.02502453327178955
"(31, 39)",2,dam_schedule__mw__generation__caiso_totals,0.032324790954589844,0.04586130380630493
"(31, 39)",2,dam_schedule__mw__import__caiso_totals,0.00860583782196045,0.012223124504089355
"(31, 39)",2,dam_schedule__mw__export__caiso_totals,0.04292374849319458,0.045571982860565186
"(31, 39)",2,dam_lmp__lmp_usd_per_mwh__th_sp15_gen_apnd,0.06959801912307739,0.07005786895751953
"(31, 39)",2,dam_lmp__congestion_usd_per_mwh__th_sp15_gen_apnd,0.036750078201293945,0.04087352752685547
"(31, 39)",2,dam_lmp__loss_usd_per_mwh__th_sp15_gen_apnd,0.020133554935455322,0.015422523021697998
"(31, 39)",2,rt15_lmp_hourly_mean__congestion_usd_per_mwh__th_sp15_gen_apnd,0.009424746036529541,0.009255468845367432
"(31, 39)",2,dam_as_total_procured__mw__ru__as_caiso,0.07823336124420166,0.07154029607772827
"(31, 39)",2,dam_as_total_procured__mw__rd__as_caiso,0.08395969867706299,0.09239161014556885
"(31, 39)",2,dam_as_total_procured__mw__sr__as_caiso,0.01583075523376465,0.022856056690216064
"(31, 39)",2,dam_as_total_procured__mw__nr__as_caiso,0.0005276799201965332,0.0030493736267089844
"(31, 43)",2,actual_load__mw__ca_iso_tac,0.046603381633758545,0.04412102699279785
"(31, 43)",2,dam_schedule__mw__generation__caiso_totals,0.07923495769500732,0.06921285390853882
"(31, 43)",2,dam_schedule__mw__import__caiso_totals,0.15759789943695068,0.1547774076461792
"(31, 43)",2,dam_schedule__mw__export__caiso_totals,0.09390980005264282,0.08609622716903687
"(31, 43)",2,dam_lmp__lmp_usd_per_mwh__th_sp15_gen_apnd,0.24039608240127563,0.26333922147750854
"(31, 43)",2,dam_lmp__congestion_usd_per_mwh__th_sp15_gen_apnd,0.15459412336349487,0.15181559324264526
"(31, 43)",2,dam_lmp__loss_usd_per_mwh__th_sp15_gen_apnd,0.0586506724357605,0.06370377540588379
"(31, 43)",2,rt15_lmp_hourly_mean__congestion_usd_per_mwh__th_sp15_gen_apnd,0.07227158546447754,0.06382715702056885
"(31, 43)",2,dam_as_total_procured__mw__ru__as_caiso,0.04957735538482666,0.049852967262268066
"(31, 43)",2,dam_as_total_procured__mw__rd__as_caiso,0.1736530065536499,0.1980857253074646
"(31, 43)",2,dam_as_total_procured__mw__sr__as_caiso,0.018373727798461914,0.031926512718200684
"(31, 43)",2,dam_as_total_procured__mw__nr__as_caiso,0.0,0.0
"(32, 36)",2,actual_load__mw__ca_iso_tac,0.47074371576309204,0.4880189299583435
"(32, 36)",2,dam_schedule__mw__generation__caiso_totals,0.3968435525894165,0.4231610894203186
"(32, 36)",2,dam_schedule__mw__import__caiso_totals,0.15893077850341797,0.15989673137664795
"(32, 36)",2,dam_schedule__mw__export__caiso_totals,0.2703510522842407,0.27695512771606445
"(32, 36)",2,dam_lmp__lmp_usd_per_mwh__th_sp15_gen_apnd,0.21456748247146606,0.18917405605316162
"(32, 36)",2,dam_lmp__congestion_usd_per_mwh__th_sp15_gen_apnd,0.17077916860580444,0.1324765682220459
"(32, 36)",2,dam_lmp__loss_usd_per_mwh__th_sp15_gen_apnd,0.03752344846725464,0.03732895851135254
"(32, 36)",2,rt15_lmp_hourly_mean__congestion_usd_per_mwh__th_sp15_gen_apnd,0.09535282850265503,0.08042335510253906
"(32, 36)",2,dam_as_total_procured__mw__ru__as_caiso,0.34458768367767334,0.34774667024612427
"(32, 36)",2,dam_as_total_procured__mw__rd__as_caiso,0.35360556840896606,0.343717098236084
"(32, 36)",2,dam_as_total_procured__mw__sr__as_caiso,0.16727232933044434,0.1692744493484497
"(32, 36)",2,dam_as_total_procured__mw__nr__as_caiso,0.4708467125892639,0.46468818187713623
"(32, 40)",2,actual_load__mw__ca_iso_tac,0.06583470106124878,0.0644577145576477
"(32, 40)",2,dam_schedule__mw__generation__caiso_totals,0.08212161064147949,0.0815267562866211
"(32, 40)",2,dam_schedule__mw__import__caiso_totals,0.0588415265083313,0.07180452346801758
"(32, 40)",2,dam_schedule__mw__export__caiso_totals,0.08315742015838623,0.06753820180892944
"(32, 40)",2,dam_lmp__lmp_usd_per_mwh__th_sp15_gen_apnd,0.2691238522529602,0.24576133489608765
"(32, 40)",2,dam_lmp__congestion_usd_per_mwh__th_sp15_gen_apnd,0.1647680401802063,0.13992184400558472
"(32, 40)",2,dam_lmp__loss_usd_per_mwh__th_sp15_gen_apnd,0.0631527304649353,0.05462712049484253
"(32, 40)",2,rt15_lmp_hourly_mean__congestion_usd_per_mwh__th_sp15_gen_apnd,0.10029524564743042,0.09114992618560791
"(32, 40)",2,dam_as_total_procured__mw__ru__as_caiso,0.35405945777893066,0.3520844578742981
"(32, 40)",2,dam_as_total_procured__mw__rd__as_caiso,0.3079111576080322,0.2894262671470642
"(32, 40)",2,dam_as_total_procured__mw__sr__as_caiso,0.01651608943939209,0.025072693824768066
"(32, 40)",2,dam_as_total_procured__mw__nr__as_caiso,0.019755840301513672,0.024064600467681885
"(33, 34)",2,actual_load__mw__ca_iso_tac,0.19435983896255493,0.20663094520568848
"(33, 34)",2,dam_schedule__mw__generation__caiso_totals,0.2018621563911438,0.1978055238723755
"(33, 34)",2,dam_schedule__mw__import__caiso_totals,0.18618178367614746,0.19277477264404297
"(33, 34)",2,dam_schedule__mw__export__caiso_totals,0.16975319385528564,0.17307931184768677
"(33, 34)",2,dam_lmp__lmp_usd_per_mwh__th_sp15_gen_apnd,0.319643497467041,0.31890445947647095
"(33, 34)",2,dam_lmp__congestion_usd_per_mwh__th_sp15_gen_apnd,0.30781352519989014,0.29704970121383667
"(33, 34)",2,dam_lmp__loss_usd_per_mwh__th_sp15_gen_apnd,0.023022055625915527,0.030471742153167725
"(33, 34)",2,rt15_lmp_hourly_mean__congestion_usd_per_mwh__th_sp15_gen_apnd,0.1898931860923767,0.18747949600219727
"(33, 34)",2,dam_as_total_procured__mw__ru__as_caiso,0.8433887362480164,0.836959719657898
"(33, 34)",2,dam_as_total_procured__mw__rd__as_caiso,0.772467851638794,0.7697234153747559
"(33, 34)",2,dam_as_total_procured__mw__sr__as_caiso,0.04310882091522217,0.06502634286880493
"(33, 34)",2,dam_as_total_procured__mw__nr__as_caiso,0.04680490493774414,0.04908418655395508
"(33, 38)",2,actual_load__mw__ca_iso_tac,0.22777819633483887,0.22312307357788086
"(33, 38)",2,dam_schedule__mw__generation__caiso_totals,0.21708571910858154,0.21302580833435059
"(33, 38)",2,dam_schedule__mw__import__caiso_totals,0.2717106342315674,0.2711215019226074
"(33, 38)",2,dam_schedule__mw__export__caiso_totals,0.14942097663879395,0.15675890445709229
"(33, 38)",2,dam_lmp__lmp_usd_per_mwh__th_sp15_gen_apnd,0.44975757598876953,0.47340530157089233
"(33, 38)",2,dam_lmp__congestion_usd_per_mwh__th_sp15_gen_apnd,0.3334542512893677,0.33364951610565186
"(33, 38)",2,dam_lmp__loss_usd_per_mwh__th_sp15_gen_apnd,0.12600576877593994,0.13923734426498413
"(33, 38)",2,rt15_lmp_hourly_mean__congestion_usd_per_mwh__th_sp15_gen_apnd,0.20084941387176514,0.20864242315292358
"(33, 38)",2,dam_as_total_procured__mw__ru__as_caiso,0.29429805278778076,0.2781551480293274
"(33, 38)",2,dam_as_total_procured__mw__rd__as_caiso,0.7352973818778992,0.7297691702842712
"(33, 38)",2,dam_as_total_procured__mw__sr__as_caiso,0.04628533124923706,0.07667046785354614
"(33, 38)",2,dam_as_total_procured__mw__nr__as_caiso,0.07143580913543701,0.05647832155227661
"(33, 42)",2,actual_load__mw__ca_iso_tac,0.23294216394424438,0.2446994185447693
"(33, 42)",2,dam_schedule__mw__generation__caiso_totals,0.22320908308029175,0.22932249307632446
"(33, 42)",2,dam_schedule__mw__import__caiso_totals,0.18433904647827148,0.19484835863113403
"(33, 42)",2,dam_schedule__mw__export__caiso_totals,0.17960011959075928,0.18672513961791992
"(33, 42)",2,dam_lmp__lmp_usd_per_mwh__th_sp15_gen_apnd,0.4163532257080078,0.4199233651161194
"(33, 42)",2,dam_lmp__congestion_usd_per_mwh__th_sp15_gen_apnd,0.32445091009140015,0.3107730746269226
"(33, 42)",2,dam_lmp__loss_usd_per_mwh__th_sp15_gen_apnd,0.04492664337158203,0.046402156352996826
"(33, 42)",2,rt15_lmp_hourly_mean__congestion_usd_per_mwh__th_sp15_gen_apnd,0.2269037961959839,0.2230028510093689
"(33, 42)",2,dam_as_total_procured__mw__ru__as_caiso,0.28274238109588623,0.26672524213790894
"(33, 42)",2,dam_as_total_procured__mw__rd__as_caiso,0.7007704377174377,0.6980952620506287
"(33, 42)",2,dam_as_total_procured__mw__sr__as_caiso,0.03335928916931152,0.060347020626068115
"(33, 42)",2,dam_as_total_procured__mw__nr__as_caiso,0.0557401180267334,0.052218496799468994
"(34, 37)",2,actual_load__mw__ca_iso_tac,0.46365952491760254,0.4928394556045532
"(34, 37)",2,dam_schedule__mw__generation__caiso_totals,0.39742016792297363,0.43250489234924316
"(34, 37)",2,dam_schedule__mw__import__caiso_totals,0.2467958927154541,0.24406403303146362
"(34, 37)",2,dam_schedule__mw__export__caiso_totals,0.3000856041908264,0.31694936752319336
"(34, 37)",2,dam_lmp__lmp_usd_per_mwh__th_sp15_gen_apnd,0.37956786155700684,0.3525111675262451
"(34, 37)",2,dam_lmp__congestion_usd_per_mwh__th_sp15_gen_apnd,0.29931652545928955,0.26503944396972656
"(34, 37)",2,dam_lmp__loss_usd_per_mwh__th_sp15_gen_apnd,0.056976377964019775,0.06046050786972046
"(34, 37)",2,rt15_lmp_hourly_mean__congestion_usd_per_mwh__th_sp15_gen_apnd,0.17148184776306152,0.16743850708007812
"(34, 37)",2,dam_as_total_procured__mw__ru__as_caiso,0.8489598035812378,0.838623583316803
"(34, 37)",2,dam_as_total_procured__mw__rd__as_caiso,0.6762021780014038,0.6624890565872192
"(34, 37)",2,dam_as_total_procured__mw__sr__as_caiso,0.174515962600708,0.18317019939422607
"(34, 37)",2,dam_as_total_procured__mw__nr__as_caiso,0.47229355573654175,0.4663710594177246
"(34, 41)",2,actual_load__mw__ca_iso_tac,0.12546545267105103,0.11816847324371338
"(34, 41)",2,dam_schedule__mw__generation__caiso_totals,0.123820960521698,0.11992454528808594
"(34, 41)",2,dam_schedule__mw__import__caiso_totals,0.20089709758758545,0.21260160207748413
"(34, 41)",2,dam_schedule__mw__export__caiso_totals,0.15127551555633545,0.1500067114830017
"(34, 41)",2,dam_lmp__lmp_usd_per_mwh__th_sp15_gen_apnd,0.5633797645568848,0.5565743446350098
"(34, 41)",2,dam_lmp__congestion_usd_per_mwh__th_sp15_gen_apnd,0.35074692964553833,0.3441968560218811
"(34, 41)",2,dam_lmp__loss_usd_per_mwh__th_sp15_gen_apnd,0.17892253398895264,0.16707706451416016
"(34, 41)",2,rt15_lmp_hourly_mean__congestion_usd_per_mwh__th_sp15_gen_apnd,0.2304842472076416,0.23395472764968872
"(34, 41)",2,dam_as_total_procured__mw__ru__as_caiso,0.8406058549880981,0.8341408371925354
"(34, 41)",2,dam_as_total_procured__mw__rd__as_caiso,0.6729499101638794,0.6619231104850769
"(34, 41)",2,dam_as_total_procured__mw__sr__as_caiso,0.03066021203994751,0.049773573875427246
"(34, 41)",2,dam_as_total_procured__mw__nr__as_caiso,0.025823116302490234,0.0268557071685791
"(35, 37)",2,actual_load__mw__ca_iso_tac,0.6029706597328186,0.6362053155899048
"(35, 37)",2,dam_schedule__mw__generation__caiso_totals,0.5621770620346069,0.5971832871437073
"(35, 37)",2,dam_schedule__mw__import__caiso_totals,0.33349502086639404,0.3234866261482239
"(35, 37)",2,dam_schedule__mw__export__caiso_totals,0.40863072872161865,0.4267656207084656
"(35, 37)",2,dam_lmp__lmp_usd_per_mwh__th_sp15_gen_apnd,0.47886115312576294,0.4745792746543884
"(35, 37)",2,dam_lmp__congestion_usd_per_mwh__th_sp15_gen_apnd,0.39781326055526733,0.36828166246414185
"(35, 37)",2,dam_lmp__loss_usd_per_mwh__th_sp15_gen_apnd,0.09908157587051392,0.11085903644561768
"(35, 37)",2,rt15_lmp_hourly_mean__congestion_usd_per_mwh__th_sp15_gen_apnd,0.22499173879623413,0.22625136375427246
"(35, 37)",2,dam_as_total_procured__mw__ru__as_caiso,0.42429202795028687,0.4263980984687805
"(35, 37)",2,dam_as_total_procured__mw__rd__as_caiso,0.9771066904067993,0.9760075211524963
"(35, 37)",2,dam_as_total_procured__mw__sr__as_caiso,0.17679226398468018,0.19632238149642944
"(35, 37)",2,dam_as_total_procured__mw__nr__as_caiso,0.46902018785476685,0.46591877937316895
"(35, 41)",2,actual_load__mw__ca_iso_tac,0.29928743839263916,0.3152562975883484
"(35, 41)",2,dam_schedule__mw__generation__caiso_totals,0.28031253814697266,0.2823792099952698
"(35, 41)",2,dam_schedule__mw__import__caiso_totals,0.2666391134262085,0.27246206998825073
"(35, 41)",2,dam_schedule__mw__export__caiso_totals,0.22305071353912354,0.23118692636489868
"(35, 41)",2,dam_lmp__lmp_usd_per_mwh__th_sp15_gen_apnd,0.6175103187561035,0.611748456954956
"(35, 41)",2,dam_lmp__congestion_usd_per_mwh__th_sp15_gen_apnd,0.44368070363998413,0.4166408181190491
"(35, 41)",2,dam_lmp__loss_usd_per_mwh__th_sp15_gen_apnd,0.23579776287078857,0.23146861791610718
"(35, 41)",2,rt15_lmp_hourly_mean__congestion_usd_per_mwh__th_sp15_gen_apnd,0.28420305252075195,0.2806602716445923
"(35, 41)",2,dam_as_total_procured__mw__ru__as_caiso,0.4125800132751465,0.4153221845626831
"(35, 41)",2,dam_as_total_procured__mw__rd__as_caiso,0.9782665967941284,0.9764750003814697
"(35, 41)",2,dam_as_total_procured__mw__sr__as_caiso,0.05109041929244995,0.08540529012680054
"(35, 41)",2,dam_as_total_procured__mw__nr__as_caiso,0.056005239486694336,0.0491335391998291
"(36, 38)",2,actual_load__mw__ca_iso_tac,0.4395768642425537,0.45609235763549805
"(36, 38)",2,dam_schedule__mw__generation__caiso_totals,0.3373500108718872,0.35944777727127075
"(36, 38)",2,dam_schedule__mw__import__caiso_totals,0.2906021475791931,0.277538537979126
"(36, 38)",2,dam_schedule__mw__export__caiso_totals,0.2769644856452942,0.28474265336990356
"(36, 38)",2,dam_lmp__lmp_usd_per_mwh__th_sp15_gen_apnd,0.41348057985305786,0.43313348293304443
"(36, 38)",2,dam_lmp__congestion_usd_per_mwh__th_sp15_gen_apnd,0.2805687189102173,0.2721031904220581
"(36, 38)",2,dam_lmp__loss_usd_per_mwh__th_sp15_gen_apnd,0.13743793964385986,0.14106297492980957
"(36, 38)",2,rt15_lmp_hourly_mean__congestion_usd_per_mwh__th_sp15_gen_apnd,0.12807655334472656,0.12919533252716064
"(36, 38)",2,dam_as_total_procured__mw__ru__as_caiso,0.1575167179107666,0.1482841968536377
"(36, 38)",2,dam_as_total_procured__mw__rd__as_caiso,0.403157114982605,0.39508336782455444
"(36, 38)",2,dam_as_total_procured__mw__sr__as_caiso,0.1775476336479187,0.18225520849227905
"(36, 38)",2,dam_as_total_procured__mw__nr__as_caiso,0.46975284814834595,0.4669453501701355
"(36, 42)",2,actual_load__mw__ca_iso_tac,0.433476984500885,0.4642159938812256
"(36, 42)",2,dam_schedule__mw__generation__caiso_totals,0.33584243059158325,0.3712913990020752
"(36, 42)",2,dam_schedule__mw__import__caiso_totals,0.12822073698043823,0.1272405982017517
"(36, 42)",2,dam_schedule__mw__export__caiso_totals,0.2758575677871704,0.2918267250061035
"(36, 42)",2,dam_lmp__lmp_usd_per_mwh__th_sp15_gen_apnd,0.2807764410972595,0.2977544069290161
"(36, 42)",2,dam_lmp__congestion_usd_per_mwh__th_sp15_gen_apnd,0.12315857410430908,0.12158334255218506
"(36, 42)",2,dam_lmp__loss_usd_per_mwh__th_sp15_gen_apnd,0.05250352621078491,0.06349378824234009
"(36, 42)",2,rt15_lmp_hourly_mean__congestion_usd_per_mwh__th_sp15_gen_apnd,0.09188634157180786,0.09929060935974121
"(36, 42)",2,dam_as_total_procured__mw__ru__as_caiso,0.06679517030715942,0.06565427780151367
"(36, 42)",2,dam_as_total_procured__mw__rd__as_caiso,0.15906214714050293,0.17979776859283447
"(36, 42)",2,dam_as_total_procured__mw__sr__as_caiso,0.14597904682159424,0.15342706441879272
"(36, 42)",2,dam_as_total_procured__mw__nr__as_caiso,0.4643031358718872,0.45847612619400024
"(37, 40)",2,actual_load__mw__ca_iso_tac,0.4514857530593872,0.4599003195762634
"(37, 40)",2,dam_schedule__mw__generation__caiso_totals,0.3528839349746704,0.3677123785018921
"(37, 40)",2,dam_schedule__mw__import__caiso_totals,0.11196327209472656,0.12641817331314087
"(37, 40)",2,dam_schedule__mw__export__caiso_totals,0.2277941107749939,0.23782813549041748
"(37, 40)",2,dam_lmp__lmp_usd_per_mwh__th_sp15_gen_apnd,0.2439439296722412,0.2505665421485901
"(37, 40)",2,dam_lmp__congestion_usd_per_mwh__th_sp15_gen_apnd,0.09679514169692993,0.09816133975982666
"(37, 40)",2,dam_lmp__loss_usd_per_mwh__th_sp15_gen_apnd,0.0863766074180603,0.0832749605178833
"(37, 40)",2,rt15_lmp_hourly_mean__congestion_usd_per_mwh__th_sp15_gen_apnd,0.062064290046691895,0.06608545780181885
"(37, 40)",2,dam_as_total_procured__mw__ru__as_caiso,0.05626434087753296,0.054938316345214844
"(37, 40)",2,dam_as_total_procured__mw__rd__as_caiso,0.10094767808914185,0.12036889791488647
"(37, 40)",2,dam_as_total_procured__mw__sr__as_caiso,0.15560972690582275,0.16276252269744873
"(37, 40)",2,dam_as_total_procured__mw__nr__as_caiso,0.46780091524124146,0.4625137448310852
"(38, 39)",2,actual_load__mw__ca_iso_tac,0.08079564571380615,0.10004383325576782
"(38, 39)",2,dam_schedule__mw__generation__caiso_totals,0.07455164194107056,0.09521341323852539
"(38, 39)",2,dam_schedule__mw__import__caiso_totals,0.23355382680892944,0.2266465425491333
"(38, 39)",2,dam_schedule__mw__export__caiso_totals,0.0836837887763977,0.0958327054977417
"(38, 39)",2,dam_lmp__lmp_usd_per_mwh__th_sp15_gen_apnd,0.41584789752960205,0.43504244089126587
"(38, 39)",2,dam_lmp__congestion_usd_per_mwh__th_sp15_gen_apnd,0.2681651711463928,0.26226693391799927
"(38, 39)",2,dam_lmp__loss_usd_per_mwh__th_sp15_gen_apnd,0.13894599676132202,0.1426742672920227
"(38, 39)",2,rt15_lmp_hourly_mean__congestion_usd_per_mwh__th_sp15_gen_apnd,0.13414698839187622,0.14553171396255493
"(38, 39)",2,dam_as_total_procured__mw__ru__as_caiso,0.16985517740249634,0.15327447652816772
"(38, 39)",2,dam_as_total_procured__mw__rd__as_caiso,0.4044477343559265,0.39534443616867065
"(38, 39)",2,dam_as_total_procured__mw__sr__as_caiso,0.05045706033706665,0.06901514530181885
"(38, 39)",2,dam_as_total_procured__mw__nr__as_caiso,0.03130614757537842,0.026587486267089844
"(38, 43)",2,actual_load__mw__ca_iso_tac,0.09377241134643555,0.09175688028335571
"(38, 43)",2,dam_schedule__mw__generation__caiso_totals,0.11742037534713745,0.10501706600189209
"(38, 43)",2,dam_schedule__mw__import__caiso_totals,0.2763984203338623,0.267422616481781
"(38, 43)",2,dam_schedule__mw__export__caiso_totals,0.1001577377319336,0.09574669599533081
"(38, 43)",2,dam_lmp__lmp_usd_per_mwh__th_sp15_gen_apnd,0.441514790058136,0.45896250009536743
"(38, 43)",2,dam_lmp__congestion_usd_per_mwh__th_sp15_gen_apnd,0.3052704334259033,0.2877635359764099
"(38, 43)",2,dam_lmp__loss_usd_per_mwh__th_sp15_gen_apnd,0.13003003597259521,0.13063788414001465
"(38, 43)",2,rt15_lmp_hourly_mean__congestion_usd_per_mwh__th_sp15_gen_apnd,0.15314805507659912,0.14231353998184204
"(38, 43)",2,dam_as_total_procured__mw__ru__as_caiso,0.14683914184570312,0.12732726335525513
"(38, 43)",2,dam_as_total_procured__mw__rd__as_caiso,0.416034460067749,0.4086453318595886
"(38, 43)",2,dam_as_total_procured__mw__sr__as_caiso,0.04106271266937256,0.0666818618774414
"(38, 43)",2,dam_as_total_procured__mw__nr__as_caiso,0.03701406717300415,0.030337870121002197
"(39, 43)",2,actual_load__mw__ca_iso_tac,0.06680178642272949,0.08545368909835815
"(39, 43)",2,dam_schedule__mw__generation__caiso_totals,0.09723466634750366,0.10885977745056152
"(39, 43)",2,dam_schedule__mw__import__caiso_totals,0.15859240293502808,0.15578138828277588
"(39, 43)",2,dam_schedule__mw__export__caiso_totals,0.12093567848205566,0.11943250894546509
"(39, 43)",2,dam_lmp__lmp_usd_per_mwh__th_sp15_gen_apnd,0.26800400018692017,0.2873217463493347
"(39, 43)",2,dam_lmp__congestion_usd_per_mwh__th_sp15_gen_apnd,0.17127090692520142,0.1663661003112793
"(39, 43)",2,dam_lmp__loss_usd_per_mwh__th_sp15_gen_apnd,0.08719629049301147,0.0937090516090393
"(39, 43)",2,rt15_lmp_hourly_mean__congestion_usd_per_mwh__th_sp15_gen_apnd,0.08696311712265015,0.0729295015335083
"(39, 43)",2,dam_as_total_procured__mw__ru__as_caiso,0.09659165143966675,0.09613382816314697
"(39, 43)",2,dam_as_total_procured__mw__rd__as_caiso,0.20664578676223755,0.2351764440536499
"(39, 43)",2,dam_as_total_procured__mw__sr__as_caiso,0.023343801498413086,0.04628413915634155
"(39, 43)",2,dam_as_total_procured__mw__nr__as_caiso,0.0,0.0
"(41, 42)",2,actual_load__mw__ca_iso_tac,0.043205857276916504,0.052352964878082275
"(41, 42)",2,dam_schedule__mw__generation__caiso_totals,0.04730117321014404,0.05429655313491821
"(41, 42)",2,dam_schedule__mw__import__caiso_totals,0.15594393014907837,0.16859793663024902
"(41, 42)",2,dam_schedule__mw__export__caiso_totals,0.1186022162437439,0.11678695678710938
"(41, 42)",2,dam_lmp__lmp_usd_per_mwh__th_sp15_gen_apnd,0.5528552532196045,0.5608575344085693
"(41, 42)",2,dam_lmp__congestion_usd_per_mwh__th_sp15_gen_apnd,0.2757374048233032,0.27694833278656006
"(41, 42)",2,dam_lmp__loss_usd_per_mwh__th_sp15_gen_apnd,0.15159130096435547,0.1394050121307373
"(41, 42)",2,rt15_lmp_hourly_mean__congestion_usd_per_mwh__th_sp15_gen_apnd,0.2046704888343811,0.2110326886177063
"(41, 42)",2,dam_as_total_procured__mw__ru__as_caiso,0.1545150876045227,0.13956671953201294
"(41, 42)",2,dam_as_total_procured__mw__rd__as_caiso,0.3138923645019531,0.31907594203948975
"(41, 42)",2,dam_as_total_procured__mw__sr__as_caiso,0.010857045650482178,0.025000691413879395
"(41, 42)",2,dam_as_total_procured__mw__nr__as_caiso,0.014436721801757812,0.012399911880493164
