S,size,conf,v_audit,v_full
"(1,)",1,actual_load__mw__ca_iso_tac,0.8223358392715454,0.8248108625411987
"(1,)",1,dam_schedule__mw__generation__caiso_totals,0.8017817735671997,0.8081382513046265
"(1,)",1,dam_schedule__mw__import__caiso_totals,0.07742029428482056,0.07565367221832275
"(1,)",1,dam_schedule__mw__export__caiso_totals,0.40752536058425903,0.40665531158447266
"(1,)",1,dam_lmp__lmp_usd_per_mwh__th_sp15_gen_apnd,0.2446744441986084,0.2481532096862793
"(1,)",1,dam_lmp__congestion_usd_per_mwh__th_sp15_gen_apnd,0.044492483139038086,0.03558826446533203
"(1,)",1,dam_lmp__loss_usd_per_mwh__th_sp15_gen_apnd,0.23313498497009277,0.22597771883010864
"(1,)",1,rt15_lmp_hourly_mean__congestion_usd_per_mwh__th_sp15_gen_apnd,0.06978458166122437,0.07198542356491089
"(1,)",1,dam_as_total_procured__mw__ru__as_caiso,0.054216206073760986,0.051999032497406006
"(1,)",1,dam_as_total_procured__mw__rd__as_caiso,0.07069885730743408,0.07049214839935303
"(1,)",1,dam_as_total_procured__mw__sr__as_caiso,0.08797180652618408,0.09825849533081055
"(1,)",1,dam_as_total_procured__mw__nr__as_caiso,0.18899816274642944,0.18521499633789062
"(5,)",1,actual_load__mw__ca_iso_tac,0.6206960678100586,0.6321257948875427
"(5,)",1,dam_schedule__mw__generation__caiso_totals,0.6975264549255371,0.6962829828262329
"(5,)",1,dam_schedule__mw__import__caiso_totals,0.0379299521446228,0.03806126117706299
"(5,)",1,dam_schedule__mw__export__caiso_totals,0.5385368466377258,0.5062365531921387
"(5,)",1,dam_lmp__lmp_usd_per_mwh__th_sp15_gen_apnd,0.1257120966911316,0.14064091444015503
"(5,)",1,dam_lmp__congestion_usd_per_mwh__th_sp15_gen_apnd,0.04563581943511963,0.04199421405792236
"(5,)",1,dam_lmp__loss_usd_per_mwh__th_sp15_gen_apnd,0.1284368634223938,0.14071303606033325
"(5,)",1,rt15_lmp_hourly_mean__congestion_usd_per_mwh__th_sp15_gen_apnd,0.050316572189331055,0.057028114795684814
"(5,)",1,dam_as_total_procured__mw__ru__as_caiso,0.03673243522644043,0.04327666759490967
"(5,)",1,dam_as_total_procured__mw__rd__as_caiso,0.017106235027313232,0.019701659679412842
"(5,)",1,dam_as_total_procured__mw__sr__as_caiso,0.08267664909362793,0.09988343715667725
"(5,)",1,dam_as_total_procured__mw__nr__as_caiso,0.1465163230895996,0.14188331365585327
"(9,)",1,actual_load__mw__ca_iso_tac,0.12535560131072998,0.12730568647384644
"(9,)",1,dam_schedule__mw__generation__caiso_totals,0.15735918283462524,0.15065300464630127
"(9,)",1,dam_schedule__mw__import__caiso_totals,0.2776699662208557,0.27592211961746216
"(9,)",1,dam_schedule__mw__export__caiso_totals,0.23003816604614258,0.23497390747070312
"(9,)",1,dam_lmp__lmp_usd_per_mwh__th_sp15_gen_apnd,0.564301609992981,0.5613852739334106
"(9,)",1,dam_lmp__congestion_usd_per_mwh__th_sp15_gen_apnd,0.4305798411369324,0.4207029938697815
"(9,)",1,dam_lmp__loss_usd_per_mwh__th_sp15_gen_apnd,0.11995023488998413,0.11162084341049194
"(9,)",1,rt15_lmp_hourly_mean__congestion_usd_per_mwh__th_sp15_gen_apnd,0.25710660219192505,0.26297515630722046
"(9,)",1,dam_as_total_procured__mw__ru__as_caiso,0.399447500705719,0.3814278841018677
"(9,)",1,dam_as_total_procured__mw__rd__as_caiso,0.7463738918304443,0.730165958404541
"(9,)",1,dam_as_total_procured__mw__sr__as_caiso,0.06293559074401855,0.09527432918548584
"(9,)",1,dam_as_total_procured__mw__nr__as_caiso,0.018508195877075195,0.01873016357421875
"(13,)",1,actual_load__mw__ca_iso_tac,0.1119425892829895,0.11483371257781982
"(13,)",1,dam_schedule__mw__generation__caiso_totals,0.15469110012054443,0.15190637111663818
"(13,)",1,dam_schedule__mw__import__caiso_totals,0.31129997968673706,0.30383527278900146
"(13,)",1,dam_schedule__mw__export__caiso_totals,0.27044153213500977,0.2783818244934082
"(13,)",1,dam_lmp__lmp_usd_per_mwh__th_sp15_gen_apnd,0.5321935415267944,0.5299926400184631
"(13,)",1,dam_lmp__congestion_usd_per_mwh__th_sp15_gen_apnd,0.40039676427841187,0.39102357625961304
"(13,)",1,dam_lmp__loss_usd_per_mwh__th_sp15_gen_apnd,0.19020944833755493,0.1697579026222229
"(13,)",1,rt15_lmp_hourly_mean__congestion_usd_per_mwh__th_sp15_gen_apnd,0.25197434425354004,0.23965495824813843
"(13,)",1,dam_as_total_procured__mw__ru__as_caiso,0.35589009523391724,0.3425339460372925
"(13,)",1,dam_as_total_procured__mw__rd__as_caiso,0.7254379391670227,0.7123383283615112
"(13,)",1,dam_as_total_procured__mw__sr__as_caiso,0.06266146898269653,0.09928357601165771
"(13,)",1,dam_as_total_procured__mw__nr__as_caiso,0.021520674228668213,0.023972153663635254
"(17,)",1,actual_load__mw__ca_iso_tac,0.10181325674057007,0.10508614778518677
"(17,)",1,dam_schedule__mw__generation__caiso_totals,0.13536500930786133,0.13341593742370605
"(17,)",1,dam_schedule__mw__import__caiso_totals,0.30025237798690796,0.2965225577354431
"(17,)",1,dam_schedule__mw__export__caiso_totals,0.24275338649749756,0.2479984164237976
"(17,)",1,dam_lmp__lmp_usd_per_mwh__th_sp15_gen_apnd,0.5540387034416199,0.5508332848548889
"(17,)",1,dam_lmp__congestion_usd_per_mwh__th_sp15_gen_apnd,0.4051160216331482,0.39124882221221924
"(17,)",1,dam_lmp__loss_usd_per_mwh__th_sp15_gen_apnd,0.19239181280136108,0.1729412078857422
"(17,)",1,rt15_lmp_hourly_mean__congestion_usd_per_mwh__th_sp15_gen_apnd,0.238941490650177,0.23197054862976074
"(17,)",1,dam_as_total_procured__mw__ru__as_caiso,0.3869856595993042,0.3695181608200073
"(17,)",1,dam_as_total_procured__mw__rd__as_caiso,0.7369836568832397,0.7227803468704224
"(17,)",1,dam_as_total_procured__mw__sr__as_caiso,0.06684333086013794,0.10277241468429565
"(17,)",1,dam_as_total_procured__mw__nr__as_caiso,0.025370001792907715,0.027203142642974854
"(21,)",1,actual_load__mw__ca_iso_tac,0.10805875062942505,0.11153221130371094
"(21,)",1,dam_schedule__mw__generation__caiso_totals,0.10955709218978882,0.11106342077255249
"(21,)",1,dam_schedule__mw__import__caiso_totals,0.26966720819473267,0.28477662801742554
"(21,)",1,dam_schedule__mw__export__caiso_totals,0.08782821893692017,0.08370870351791382
"(21,)",1,dam_lmp__lmp_usd_per_mwh__th_sp15_gen_apnd,0.9507726430892944,0.957378625869751
"(21,)",1,dam_lmp__congestion_usd_per_mwh__th_sp15_gen_apnd,0.4223483204841614,0.4185997247695923
"(21,)",1,dam_lmp__loss_usd_per_mwh__th_sp15_gen_apnd,0.35851341485977173,0.3731943964958191
"(21,)",1,rt15_lmp_hourly_mean__congestion_usd_per_mwh__th_sp15_gen_apnd,0.3517352342605591,0.3268667459487915
"(21,)",1,dam_as_total_procured__mw__ru__as_caiso,0.1801329255104065,0.15766942501068115
"(21,)",1,dam_as_total_procured__mw__rd__as_caiso,0.42118972539901733,0.41954874992370605
"(21,)",1,dam_as_total_procured__mw__sr__as_caiso,0.028667688369750977,0.0402410626411438
"(21,)",1,dam_as_total_procured__mw__nr__as_caiso,0.01391679048538208,0.021191656589508057
"(25,)",1,actual_load__mw__ca_iso_tac,0.011083126068115234,0.015886664390563965
"(25,)",1,dam_schedule__mw__generation__caiso_totals,0.015033066272735596,0.018073737621307373
"(25,)",1,dam_schedule__mw__import__caiso_totals,0.11888253688812256,0.12665337324142456
"(25,)",1,dam_schedule__mw__export__caiso_totals,0.0232999324798584,0.02795100212097168
"(25,)",1,dam_lmp__lmp_usd_per_mwh__th_sp15_gen_apnd,0.27264732122421265,0.27141058444976807
"(25,)",1,dam_lmp__congestion_usd_per_mwh__th_sp15_gen_apnd,0.22868794202804565,0.21507573127746582
"(25,)",1,dam_lmp__loss_usd_per_mwh__th_sp15_gen_apnd,0.07342803478240967,0.07758826017379761
"(25,)",1,rt15_lmp_hourly_mean__congestion_usd_per_mwh__th_sp15_gen_apnd,0.16206049919128418,0.16249406337738037
"(25,)",1,dam_as_total_procured__mw__ru__as_caiso,0.12747907638549805,0.10635215044021606
"(25,)",1,dam_as_total_procured__mw__rd__as_caiso,0.3206748962402344,0.306637704372406
"(25,)",1,dam_as_total_procured__mw__sr__as_caiso,0.0,0.007050573825836182
"(25,)",1,dam_as_total_procured__mw__nr__as_caiso,0.015946924686431885,0.03479212522506714
"(29,)",1,actual_load__mw__ca_iso_tac,0.30993497371673584,0.3214641213417053
"(29,)",1,dam_schedule__mw__generation__caiso_totals,0.2709959149360657,0.28706663846969604
"(29,)",1,dam_schedule__mw__import__caiso_totals,0.276475191116333,0.28656476736068726
"(29,)",1,dam_schedule__mw__export__caiso_totals,0.12412673234939575,0.1340894103050232
"(29,)",1,dam_lmp__lmp_usd_per_mwh__th_sp15_gen_apnd,0.6233014464378357,0.643564760684967
"(29,)",1,dam_lmp__congestion_usd_per_mwh__th_sp15_gen_apnd,0.18024969100952148,0.19034135341644287
"(29,)",1,dam_lmp__loss_usd_per_mwh__th_sp15_gen_apnd,0.31349843740463257,0.3125510811805725
"(29,)",1,rt15_lmp_hourly_mean__congestion_usd_per_mwh__th_sp15_gen_apnd,0.16375136375427246,0.16806316375732422
"(29,)",1,dam_as_total_procured__mw__ru__as_caiso,0.08230358362197876,0.07599061727523804
"(29,)",1,dam_as_total_procured__mw__rd__as_caiso,0.22339046001434326,0.22838956117630005
"(29,)",1,dam_as_total_procured__mw__sr__as_caiso,0.024128973484039307,0.03715246915817261
"(29,)",1,dam_as_total_procured__mw__nr__as_caiso,0.08362382650375366,0.10093140602111816
"(33,)",1,actual_load__mw__ca_iso_tac,0.17627346515655518,0.17212194204330444
"(33,)",1,dam_schedule__mw__generation__caiso_totals,0.184925377368927,0.17707210779190063
"(33,)",1,dam_schedule__mw__import__caiso_totals,0.1740826964378357,0.17730724811553955
"(33,)",1,dam_schedule__mw__export__caiso_totals,0.14871907234191895,0.15114229917526245
"(33,)",1,dam_lmp__lmp_usd_per_mwh__th_sp15_gen_apnd,0.2704521417617798,0.2787012457847595
"(33,)",1,dam_lmp__congestion_usd_per_mwh__th_sp15_gen_apnd,0.2685971260070801,0.26025015115737915
"(33,)",1,dam_lmp__loss_usd_per_mwh__th_sp15_gen_apnd,0.01349729299545288,0.022006213665008545
"(33,)",1,rt15_lmp_hourly_mean__congestion_usd_per_mwh__th_sp15_gen_apnd,0.1718772053718567,0.17013001441955566
"(33,)",1,dam_as_total_procured__mw__ru__as_caiso,0.27705270051956177,0.262895405292511
"(33,)",1,dam_as_total_procured__mw__rd__as_caiso,0.6897975206375122,0.6865066289901733
"(33,)",1,dam_as_total_procured__mw__sr__as_caiso,0.029101848602294922,0.05422317981719971
"(33,)",1,dam_as_total_procured__mw__nr__as_caiso,0.027124226093292236,0.02537602186203003
"(37,)",1,actual_load__mw__ca_iso_tac,0.3994399309158325,0.4248957633972168
"(37,)",1,dam_schedule__mw__generation__caiso_totals,0.29350215196609497,0.3267650008201599
"(37,)",1,dam_schedule__mw__import__caiso_totals,0.09415227174758911,0.0949627161026001
"(37,)",1,dam_schedule__mw__export__caiso_totals,0.19144034385681152,0.2078680396080017
"(37,)",1,dam_lmp__lmp_usd_per_mwh__th_sp15_gen_apnd,0.0805770754814148,0.0856238603591919
"(37,)",1,dam_lmp__congestion_usd_per_mwh__th_sp15_gen_apnd,0.03525596857070923,0.034826815128326416
"(37,)",1,dam_lmp__loss_usd_per_mwh__th_sp15_gen_apnd,0.02429640293121338,0.027405381202697754
"(37,)",1,rt15_lmp_hourly_mean__congestion_usd_per_mwh__th_sp15_gen_apnd,0.010089635848999023,0.01252073049545288
"(37,)",1,dam_as_total_procured__mw__ru__as_caiso,0.010637879371643066,0.010727882385253906
"(37,)",1,dam_as_total_procured__mw__rd__as_caiso,0.06407326459884644,0.07486575841903687
"(37,)",1,dam_as_total_procured__mw__sr__as_caiso,0.14782118797302246,0.1525900959968567
"(37,)",1,dam_as_total_procured__mw__nr__as_caiso,0.464077889919281,0.456728994846344
"(41,)",1,actual_load__mw__ca_iso_tac,0.00016319751739501953,0.0008034706115722656
"(41,)",1,dam_schedule__mw__generation__caiso_totals,0.005040168762207031,0.00473630428314209
"(41,)",1,dam_schedule__mw__import__caiso_totals,0.15818184614181519,0.17031055688858032
"(41,)",1,dam_schedule__mw__export__caiso_totals,0.08240586519241333,0.0780908465385437
"(41,)",1,dam_lmp__lmp_usd_per_mwh__th_sp15_gen_apnd,0.5217214822769165,0.5301368236541748
"(41,)",1,dam_lmp__congestion_usd_per_mwh__th_sp15_gen_apnd,0.2665535807609558,0.2701987028121948
"(41,)",1,dam_lmp__loss_usd_per_mwh__th_sp15_gen_apnd,0.150002121925354,0.1367892026901245
"(41,)",1,rt15_lmp_hourly_mean__congestion_usd_per_mwh__th_sp15_gen_apnd,0.18857145309448242,0.19916856288909912
"(41,)",1,dam_as_total_procured__mw__ru__as_caiso,0.15201610326766968,0.1365969181060791
"(41,)",1,dam_as_total_procured__mw__rd__as_caiso,0.3074069023132324,0.30964386463165283
"(41,)",1,dam_as_total_procured__mw__sr__as_caiso,0.007209956645965576,0.019172370433807373
"(41,)",1,dam_as_total_procured__mw__nr__as_caiso,0.0,0.0012674331665039062
"(0, 2)",2,actual_load__mw__ca_iso_tac,0.7216235399246216,0.7058435678482056
"(0, 2)",2,dam_schedule__mw__generation__caiso_totals,0.6489546895027161,0.6560142040252686
"(0, 2)",2,dam_schedule__mw__import__caiso_totals,0.2763436436653137,0.28387922048568726
"(0, 2)",2,dam_schedule__mw__export__caiso_totals,0.3809773325920105,0.36939316987991333
"(0, 2)",2,dam_lmp__lmp_usd_per_mwh__th_sp15_gen_apnd,0.6429280042648315,0.6635571718215942
"(0, 2)",2,dam_lmp__congestion_usd_per_mwh__th_sp15_gen_apnd,0.23812568187713623,0.2513467073440552
"(0, 2)",2,dam_lmp__loss_usd_per_mwh__th_sp15_gen_apnd,0.37588077783584595,0.37536710500717163
"(0, 2)",2,rt15_lmp_hourly_mean__congestion_usd_per_mwh__th_sp15_gen_apnd,0.19494110345840454,0.21721690893173218
"(0, 2)",2,dam_as_total_procured__mw__ru__as_caiso,0.18019014596939087,0.15716522932052612
"(0, 2)",2,dam_as_total_procured__mw__rd__as_caiso,0.3508821725845337,0.34379273653030396
"(0, 2)",2,dam_as_total_procured__mw__sr__as_caiso,0.08885741233825684,0.0978928804397583
"(0, 2)",2,dam_as_total_procured__mw__nr__as_caiso,0.21122974157333374,0.21608209609985352
"(0, 6)",2,actual_load__mw__ca_iso_tac,0.7781673669815063,0.7830450534820557
"(0, 6)",2,dam_schedule__mw__generation__caiso_totals,0.7847871780395508,0.7922672033309937
"(0, 6)",2,dam_schedule__mw__import__caiso_totals,0.30090588331222534,0.29188281297683716
"(0, 6)",2,dam_schedule__mw__export__caiso_totals,0.5823279619216919,0.5712614059448242
"(0, 6)",2,dam_lmp__lmp_usd_per_mwh__th_sp15_gen_apnd,0.5964350700378418,0.62284916639328
"(0, 6)",2,dam_lmp__congestion_usd_per_mwh__th_sp15_gen_apnd,0.32792383432388306,0.30507445335388184
"(0, 6)",2,dam_lmp__loss_usd_per_mwh__th_sp15_gen_apnd,0.43459999561309814,0.4365122318267822
"(0, 6)",2,rt15_lmp_hourly_mean__congestion_usd_per_mwh__th_sp15_gen_apnd,0.22916054725646973,0.24416738748550415
"(0, 6)",2,dam_as_total_procured__mw__ru__as_caiso,0.16920727491378784,0.15899252891540527
"(0, 6)",2,dam_as_total_procured__mw__rd__as_caiso,0.3423033356666565,0.3383150100708008
"(0, 6)",2,dam_as_total_procured__mw__sr__as_caiso,0.07977497577667236,0.11340254545211792
"(0, 6)",2,dam_as_total_procured__mw__nr__as_caiso,0.21876400709152222,0.22615313529968262
"(0, 10)",2,actual_load__mw__ca_iso_tac,0.6361724138259888,0.6326549053192139
"(0, 10)",2,dam_schedule__mw__generation__caiso_totals,0.5715713500976562,0.5907124280929565
"(0, 10)",2,dam_schedule__mw__import__caiso_totals,0.22190618515014648,0.21984106302261353
"(0, 10)",2,dam_schedule__mw__export__caiso_totals,0.31876373291015625,0.3100340962409973
"(0, 10)",2,dam_lmp__lmp_usd_per_mwh__th_sp15_gen_apnd,0.48856282234191895,0.5173567533493042
"(0, 10)",2,dam_lmp__congestion_usd_per_mwh__th_sp15_gen_apnd,0.09526735544204712,0.10509926080703735
"(0, 10)",2,dam_lmp__loss_usd_per_mwh__th_sp15_gen_apnd,0.38401901721954346,0.3806544542312622
"(0, 10)",2,rt15_lmp_hourly_mean__congestion_usd_per_mwh__th_sp15_gen_apnd,0.09406137466430664,0.10787564516067505
"(0, 10)",2,dam_as_total_procured__mw__ru__as_caiso,0.09972769021987915,0.09608656167984009
"(0, 10)",2,dam_as_total_procured__mw__rd__as_caiso,0.14735764265060425,0.1584133505821228
"(0, 10)",2,dam_as_total_procured__mw__sr__as_caiso,0.045048415660858154,0.05550980567932129
"(0, 10)",2,dam_as_total_procured__mw__nr__as_caiso,0.20812439918518066,0.21773040294647217
"(0, 14)",2,actual_load__mw__ca_iso_tac,0.6322969198226929,0.6296801567077637
"(0, 14)",2,dam_schedule__mw__generation__caiso_totals,0.5771352052688599,0.5915015935897827
"(0, 14)",2,dam_schedule__mw__import__caiso_totals,0.2246270775794983,0.21818780899047852
"(0, 14)",2,dam_schedule__mw__export__caiso_totals,0.3397873044013977,0.33789193630218506
"(0, 14)",2,dam_lmp__lmp_usd_per_mwh__th_sp15_gen_apnd,0.4795895218849182,0.5011638402938843
"(0, 14)",2,dam_lmp__congestion_usd_per_mwh__th_sp15_gen_apnd,0.12416154146194458,0.12875986099243164
"(0, 14)",2,dam_lmp__loss_usd_per_mwh__th_sp15_gen_apnd,0.4223930835723877,0.4313175082206726
"(0, 14)",2,rt15_lmp_hourly_mean__congestion_usd_per_mwh__th_sp15_gen_apnd,0.10394388437271118,0.11800599098205566
"(0, 14)",2,dam_as_total_procured__mw__ru__as_caiso,0.10672444105148315,0.09687471389770508
"(0, 14)",2,dam_as_total_procured__mw__rd__as_caiso,0.15821725130081177,0.16331839561462402
"(0, 14)",2,dam_as_total_procured__mw__sr__as_caiso,0.054453492164611816,0.05790519714355469
"(0, 14)",2,dam_as_total_procured__mw__nr__as_caiso,0.21723926067352295,0.22553342580795288
"(0, 18)",2,actual_load__mw__ca_iso_tac,0.6392269730567932,0.6348539590835571
"(0, 18)",2,dam_schedule__mw__generation__caiso_totals,0.5786551833152771,0.5907127261161804
"(0, 18)",2,dam_schedule__mw__import__caiso_totals,0.2334783673286438,0.23378318548202515
"(0, 18)",2,dam_schedule__mw__export__caiso_totals,0.30428797006607056,0.300032377243042
"(0, 18)",2,dam_lmp__lmp_usd_per_mwh__th_sp15_gen_apnd,0.4691782593727112,0.4968142509460449
"(0, 18)",2,dam_lmp__congestion_usd_per_mwh__th_sp15_gen_apnd,0.08595430850982666,0.09159719944000244
"(0, 18)",2,dam_lmp__loss_usd_per_mwh__th_sp15_gen_apnd,0.3805549144744873,0.37526023387908936
"(0, 18)",2,rt15_lmp_hourly_mean__congestion_usd_per_mwh__th_sp15_gen_apnd,0.09281164407730103,0.10432958602905273
"(0, 18)",2,dam_as_total_procured__mw__ru__as_caiso,0.08767575025558472,0.08070230484008789
"(0, 18)",2,dam_as_total_procured__mw__rd__as_caiso,0.14247941970825195,0.1472083330154419
"(0, 18)",2,dam_as_total_procured__mw__sr__as_caiso,0.04437011480331421,0.05223524570465088
"(0, 18)",2,dam_as_total_procured__mw__nr__as_caiso,0.20814037322998047,0.21359622478485107
"(0, 22)",2,actual_load__mw__ca_iso_tac,0.6480755805969238,0.6484718322753906
"(0, 22)",2,dam_schedule__mw__generation__caiso_totals,0.5856131315231323,0.6049981713294983
"(0, 22)",2,dam_schedule__mw__import__caiso_totals,0.247383713722229,0.24656343460083008
"(0, 22)",2,dam_schedule__mw__export__caiso_totals,0.3330548405647278,0.33265119791030884
"(0, 22)",2,dam_lmp__lmp_usd_per_mwh__th_sp15_gen_apnd,0.6200534105300903,0.6494969129562378
"(0, 22)",2,dam_lmp__congestion_usd_per_mwh__th_sp15_gen_apnd,0.125471830368042,0.11958092451095581
"(0, 22)",2,dam_lmp__loss_usd_per_mwh__th_sp15_gen_apnd,0.4198278784751892,0.43639177083969116
"(0, 22)",2,rt15_lmp_hourly_mean__congestion_usd_per_mwh__th_sp15_gen_apnd,0.17310482263565063,0.1578083634376526
"(0, 22)",2,dam_as_total_procured__mw__ru__as_caiso,0.11603939533233643,0.11009949445724487
"(0, 22)",2,dam_as_total_procured__mw__rd__as_caiso,0.18779510259628296,0.20519232749938965
"(0, 22)",2,dam_as_total_procured__mw__sr__as_caiso,0.06460529565811157,0.07033020257949829
"(0, 22)",2,dam_as_total_procured__mw__nr__as_caiso,0.24338138103485107,0.2434765100479126
"(0, 26)",2,actual_load__mw__ca_iso_tac,0.6704703569412231,0.6695201992988586
"(0, 26)",2,dam_schedule__mw__generation__caiso_totals,0.6358309984207153,0.6499783992767334
"(0, 26)",2,dam_schedule__mw__import__caiso_totals,0.24330800771713257,0.2450811266899109
"(0, 26)",2,dam_schedule__mw__export__caiso_totals,0.45010679960250854,0.4301244020462036
"(0, 26)",2,dam_lmp__lmp_usd_per_mwh__th_sp15_gen_apnd,0.4839513897895813,0.5215365886688232
"(0, 26)",2,dam_lmp__congestion_usd_per_mwh__th_sp15_gen_apnd,0.17370307445526123,0.19971323013305664
"(0, 26)",2,dam_lmp__loss_usd_per_mwh__th_sp15_gen_apnd,0.4511563777923584,0.4544604420661926
"(0, 26)",2,rt15_lmp_hourly_mean__congestion_usd_per_mwh__th_sp15_gen_apnd,0.1529439091682434,0.16778278350830078
"(0, 26)",2,dam_as_total_procured__mw__ru__as_caiso,0.16935676336288452,0.16446328163146973
"(0, 26)",2,dam_as_total_procured__mw__rd__as_caiso,0.27309519052505493,0.28591954708099365
"(0, 26)",2,dam_as_total_procured__mw__sr__as_caiso,0.060714662075042725,0.06323766708374023
"(0, 26)",2,dam_as_total_procured__mw__nr__as_caiso,0.2206515669822693,0.22478502988815308
"(0, 30)",2,actual_load__mw__ca_iso_tac,0.6231510639190674,0.6189165711402893
"(0, 30)",2,dam_schedule__mw__generation__caiso_totals,0.5632345676422119,0.5787636637687683
"(0, 30)",2,dam_schedule__mw__import__caiso_totals,0.21108567714691162,0.21156823635101318
"(0, 30)",2,dam_schedule__mw__export__caiso_totals,0.29473876953125,0.2895028591156006
"(0, 30)",2,dam_lmp__lmp_usd_per_mwh__th_sp15_gen_apnd,0.4588688015937805,0.4847146272659302
"(0, 30)",2,dam_lmp__congestion_usd_per_mwh__th_sp15_gen_apnd,0.08318567276000977,0.088570237159729
"(0, 30)",2,dam_lmp__loss_usd_per_mwh__th_sp15_gen_apnd,0.36676621437072754,0.36173880100250244
"(0, 30)",2,rt15_lmp_hourly_mean__congestion_usd_per_mwh__th_sp15_gen_apnd,0.0880509614944458,0.09865820407867432
"(0, 30)",2,dam_as_total_procured__mw__ru__as_caiso,0.07038795948028564,0.0625690221786499
"(0, 30)",2,dam_as_total_procured__mw__rd__as_caiso,0.12709271907806396,0.13169264793395996
"(0, 30)",2,dam_as_total_procured__mw__sr__as_caiso,0.041079819202423096,0.04884618520736694
"(0, 30)",2,dam_as_total_procured__mw__nr__as_caiso,0.1978808045387268,0.20818889141082764
"(0, 34)",2,actual_load__mw__ca_iso_tac,0.7076363563537598,0.6951173543930054
"(0, 34)",2,dam_schedule__mw__generation__caiso_totals,0.6739204525947571,0.6816335916519165
"(0, 34)",2,dam_schedule__mw__import__caiso_totals,0.3123314380645752,0.30830830335617065
"(0, 34)",2,dam_schedule__mw__export__caiso_totals,0.39688122272491455,0.3884352445602417
"(0, 34)",2,dam_lmp__lmp_usd_per_mwh__th_sp15_gen_apnd,0.6273738741874695,0.6330362558364868
"(0, 34)",2,dam_lmp__congestion_usd_per_mwh__th_sp15_gen_apnd,0.31980568170547485,0.3035385012626648
"(0, 34)",2,dam_lmp__loss_usd_per_mwh__th_sp15_gen_apnd,0.38163459300994873,0.3782631754875183
"(0, 34)",2,rt15_lmp_hourly_mean__congestion_usd_per_mwh__th_sp15_gen_apnd,0.21006262302398682,0.2129678726196289
"(0, 34)",2,dam_as_total_procured__mw__ru__as_caiso,0.8440110683441162,0.8376401662826538
"(0, 34)",2,dam_as_total_procured__mw__rd__as_caiso,0.6752631664276123,0.6580618023872375
"(0, 34)",2,dam_as_total_procured__mw__sr__as_caiso,0.07345551252365112,0.08586925268173218
"(0, 34)",2,dam_as_total_procured__mw__nr__as_caiso,0.21217083930969238,0.21743226051330566
"(0, 38)",2,actual_load__mw__ca_iso_tac,0.7412527799606323,0.7461115121841431
"(0, 38)",2,dam_schedule__mw__generation__caiso_totals,0.6753718852996826,0.69191974401474
"(0, 38)",2,dam_schedule__mw__import__caiso_totals,0.30542218685150146,0.30203360319137573
"(0, 38)",2,dam_schedule__mw__export__caiso_totals,0.38541847467422485,0.38283753395080566
"(0, 38)",2,dam_lmp__lmp_usd_per_mwh__th_sp15_gen_apnd,0.5704920291900635,0.605093240737915
"(0, 38)",2,dam_lmp__congestion_usd_per_mwh__th_sp15_gen_apnd,0.26518362760543823,0.2604483366012573
"(0, 38)",2,dam_lmp__loss_usd_per_mwh__th_sp15_gen_apnd,0.35888969898223877,0.35924410820007324
"(0, 38)",2,rt15_lmp_hourly_mean__congestion_usd_per_mwh__th_sp15_gen_apnd,0.1680198311805725,0.18071246147155762
"(0, 38)",2,dam_as_total_procured__mw__ru__as_caiso,0.1347508430480957,0.12159019708633423
"(0, 38)",2,dam_as_total_procured__mw__rd__as_caiso,0.40567547082901,0.4017524719238281
"(0, 38)",2,dam_as_total_procured__mw__sr__as_caiso,0.08796226978302002,0.10624516010284424
"(0, 38)",2,dam_as_total_procured__mw__nr__as_caiso,0.20848995447158813,0.2136228084564209
"(0, 42)",2,actual_load__mw__ca_iso_tac,0.6359453201293945,0.6396254897117615
"(0, 42)",2,dam_schedule__mw__generation__caiso_totals,0.5832017660140991,0.6029417514801025
"(0, 42)",2,dam_schedule__mw__import__caiso_totals,0.2289080023765564,0.23278379440307617
"(0, 42)",2,dam_schedule__mw__export__caiso_totals,0.3199922442436218,0.3169211149215698
"(0, 42)",2,dam_lmp__lmp_usd_per_mwh__th_sp15_gen_apnd,0.5794913172721863,0.6023632287979126
"(0, 42)",2,dam_lmp__congestion_usd_per_mwh__th_sp15_gen_apnd,0.14072126150131226,0.1493748426437378
"(0, 42)",2,dam_lmp__loss_usd_per_mwh__th_sp15_gen_apnd,0.3843483328819275,0.38248616456985474
"(0, 42)",2,rt15_lmp_hourly_mean__congestion_usd_per_mwh__th_sp15_gen_apnd,0.14425575733184814,0.1534091830253601
"(0, 42)",2,dam_as_total_procured__mw__ru__as_caiso,0.1023755669593811,0.0934184193611145
"(0, 42)",2,dam_as_total_procured__mw__rd__as_caiso,0.1975988745689392,0.21808433532714844
"(0, 42)",2,dam_as_total_procured__mw__sr__as_caiso,0.04399043321609497,0.058503150939941406
"(0, 42)",2,dam_as_total_procured__mw__nr__as_caiso,0.21602708101272583,0.21474963426589966
"(1, 4)",2,actual_load__mw__ca_iso_tac,0.8419463634490967,0.8465051651000977
"(1, 4)",2,dam_schedule__mw__generation__caiso_totals,0.8513377904891968,0.8536530137062073
"(1, 4)",2,dam_schedule__mw__import__caiso_totals,0.13947927951812744,0.13752961158752441
"(1, 4)",2,dam_schedule__mw__export__caiso_totals,0.5899965763092041,0.582050085067749
"(1, 4)",2,dam_lmp__lmp_usd_per_mwh__th_sp15_gen_apnd,0.30538201332092285,0.3078927993774414
"(1, 4)",2,dam_lmp__congestion_usd_per_mwh__th_sp15_gen_apnd,0.11844825744628906,0.12434953451156616
"(1, 4)",2,dam_lmp__loss_usd_per_mwh__th_sp15_gen_apnd,0.2642824649810791,0.26487672328948975
"(1, 4)",2,rt15_lmp_hourly_mean__congestion_usd_per_mwh__th_sp15_gen_apnd,0.11778759956359863,0.12138187885284424
"(1, 4)",2,dam_as_total_procured__mw__ru__as_caiso,0.12070262432098389,0.11299645900726318
"(1, 4)",2,dam_as_total_procured__mw__rd__as_caiso,0.2032986879348755,0.19487029314041138
"(1, 4)",2,dam_as_total_procured__mw__sr__as_caiso,0.0809587836265564,0.10283541679382324
"(1, 4)",2,dam_as_total_procured__mw__nr__as_caiso,0.19708997011184692,0.19677311182022095
"(1, 8)",2,actual_load__mw__ca_iso_tac,0.8217856884002686,0.825394332408905
"(1, 8)",2,dam_schedule__mw__generation__caiso_totals,0.8040953874588013,0.8103364109992981
"(1, 8)",2,dam_schedule__mw__import__caiso_totals,0.09533590078353882,0.09115642309188843
"(1, 8)",2,dam_schedule__mw__export__caiso_totals,0.44149577617645264,0.4451361298561096
"(1, 8)",2,dam_lmp__lmp_usd_per_mwh__th_sp15_gen_apnd,0.26188433170318604,0.2628023624420166
"(1, 8)",2,dam_lmp__congestion_usd_per_mwh__th_sp15_gen_apnd,0.06848341226577759,0.06896018981933594
"(1, 8)",2,dam_lmp__loss_usd_per_mwh__th_sp15_gen_apnd,0.2803088426589966,0.27437227964401245
"(1, 8)",2,rt15_lmp_hourly_mean__congestion_usd_per_mwh__th_sp15_gen_apnd,0.07271414995193481,0.0812196135520935
"(1, 8)",2,dam_as_total_procured__mw__ru__as_caiso,0.07915610074996948,0.08099961280822754
"(1, 8)",2,dam_as_total_procured__mw__rd__as_caiso,0.08822840452194214,0.09633702039718628
"(1, 8)",2,dam_as_total_procured__mw__sr__as_caiso,0.09357845783233643,0.10416924953460693
"(1, 8)",2,dam_as_total_procured__mw__nr__as_caiso,0.19459110498428345,0.19419902563095093
"(1, 12)",2,actual_load__mw__ca_iso_tac,0.8267037272453308,0.8291850090026855
"(1, 12)",2,dam_schedule__mw__generation__caiso_totals,0.8060044050216675,0.8122022747993469
"(1, 12)",2,dam_schedule__mw__import__caiso_totals,0.10199904441833496,0.09623497724533081
"(1, 12)",2,dam_schedule__mw__export__caiso_totals,0.4122697710990906,0.4141361117362976
"(1, 12)",2,dam_lmp__lmp_usd_per_mwh__th_sp15_gen_apnd,0.2561621069908142,0.2544190287590027
"(1, 12)",2,dam_lmp__congestion_usd_per_mwh__th_sp15_gen_apnd,0.050613343715667725,0.04279428720474243
"(1, 12)",2,dam_lmp__loss_usd_per_mwh__th_sp15_gen_apnd,0.24693679809570312,0.23427331447601318
"(1, 12)",2,rt15_lmp_hourly_mean__congestion_usd_per_mwh__th_sp15_gen_apnd,0.07677066326141357,0.08300858736038208
"(1, 12)",2,dam_as_total_procured__mw__ru__as_caiso,0.07055658102035522,0.0590282678604126
"(1, 12)",2,dam_as_total_procured__mw__rd__as_caiso,0.08276700973510742,0.08107799291610718
"(1, 12)",2,dam_as_total_procured__mw__sr__as_caiso,0.09499144554138184,0.10293030738830566
"(1, 12)",2,dam_as_total_procured__mw__nr__as_caiso,0.19260287284851074,0.18732279539108276
"(1, 16)",2,actual_load__mw__ca_iso_tac,0.8319059014320374,0.8324070572853088
"(1, 16)",2,dam_schedule__mw__generation__caiso_totals,0.8086680769920349,0.8128384351730347
"(1, 16)",2,dam_schedule__mw__import__caiso_totals,0.11507272720336914,0.10626029968261719
"(1, 16)",2,dam_schedule__mw__export__caiso_totals,0.44493865966796875,0.4339921474456787
"(1, 16)",2,dam_lmp__lmp_usd_per_mwh__th_sp15_gen_apnd,0.2921079397201538,0.28771883249282837
"(1, 16)",2,dam_lmp__congestion_usd_per_mwh__th_sp15_gen_apnd,0.055451154708862305,0.044782400131225586
"(1, 16)",2,dam_lmp__loss_usd_per_mwh__th_sp15_gen_apnd,0.2651144862174988,0.24951905012130737
"(1, 16)",2,rt15_lmp_hourly_mean__congestion_usd_per_mwh__th_sp15_gen_apnd,0.07146549224853516,0.07638126611709595
"(1, 16)",2,dam_as_total_procured__mw__ru__as_caiso,0.08636480569839478,0.08070695400238037
"(1, 16)",2,dam_as_total_procured__mw__rd__as_caiso,0.11332696676254272,0.10864871740341187
"(1, 16)",2,dam_as_total_procured__mw__sr__as_caiso,0.09516894817352295,0.10931545495986938
"(1, 16)",2,dam_as_total_procured__mw__nr__as_caiso,0.20163577795028687,0.20373135805130005
"(1, 20)",2,actual_load__mw__ca_iso_tac,0.8506742715835571,0.8499194979667664
"(1, 20)",2,dam_schedule__mw__generation__caiso_totals,0.8499094247817993,0.8524447679519653
"(1, 20)",2,dam_schedule__mw__import__caiso_totals,0.23755085468292236,0.2488214373588562
"(1, 20)",2,dam_schedule__mw__export__caiso_totals,0.538340151309967,0.5339979529380798
"(1, 20)",2,dam_lmp__lmp_usd_per_mwh__th_sp15_gen_apnd,0.7949812412261963,0.790052056312561
"(1, 20)",2,dam_lmp__congestion_usd_per_mwh__th_sp15_gen_apnd,0.17287737131118774,0.14645308256149292
"(1, 20)",2,dam_lmp__loss_usd_per_mwh__th_sp15_gen_apnd,0.4809732437133789,0.4821835160255432
"(1, 20)",2,rt15_lmp_hourly_mean__congestion_usd_per_mwh__th_sp15_gen_apnd,0.16068190336227417,0.1433003544807434
"(1, 20)",2,dam_as_total_procured__mw__ru__as_caiso,0.17188215255737305,0.16626417636871338
"(1, 20)",2,dam_as_total_procured__mw__rd__as_caiso,0.31894153356552124,0.33543860912323
"(1, 20)",2,dam_as_total_procured__mw__sr__as_caiso,0.14964944124221802,0.15798479318618774
"(1, 20)",2,dam_as_total_procured__mw__nr__as_caiso,0.2369157075881958,0.23069196939468384
"(1, 24)",2,actual_load__mw__ca_iso_tac,0.8592183589935303,0.8557444214820862
"(1, 24)",2,dam_schedule__mw__generation__caiso_totals,0.8440990447998047,0.8474588394165039
"(1, 24)",2,dam_schedule__mw__import__caiso_totals,0.24321532249450684,0.2591053247451782
"(1, 24)",2,dam_schedule__mw__export__caiso_totals,0.51409512758255,0.5161927938461304
"(1, 24)",2,dam_lmp__lmp_usd_per_mwh__th_sp15_gen_apnd,0.8219634890556335,0.8346334099769592
"(1, 24)",2,dam_lmp__congestion_usd_per_mwh__th_sp15_gen_apnd,0.3691827654838562,0.37653493881225586
"(1, 24)",2,dam_lmp__loss_usd_per_mwh__th_sp15_gen_apnd,0.3678634762763977,0.3756487965583801
"(1, 24)",2,rt15_lmp_hourly_mean__congestion_usd_per_mwh__th_sp15_gen_apnd,0.3541916012763977,0.36171776056289673
"(1, 24)",2,dam_as_total_procured__mw__ru__as_caiso,0.19138628244400024,0.17886430025100708
"(1, 24)",2,dam_as_total_procured__mw__rd__as_caiso,0.4215126633644104,0.4315221309661865
"(1, 24)",2,dam_as_total_procured__mw__sr__as_caiso,0.1260398030281067,0.15017235279083252
"(1, 24)",2,dam_as_total_procured__mw__nr__as_caiso,0.22358816862106323,0.21533489227294922
"(1, 28)",2,actual_load__mw__ca_iso_tac,0.8278398513793945,0.8308919668197632
"(1, 28)",2,dam_schedule__mw__generation__caiso_totals,0.8111690878868103,0.818263828754425
"(1, 28)",2,dam_schedule__mw__import__caiso_totals,0.11411148309707642,0.11007678508758545
"(1, 28)",2,dam_schedule__mw__export__caiso_totals,0.4209727644920349,0.42244046926498413
"(1, 28)",2,dam_lmp__lmp_usd_per_mwh__th_sp15_gen_apnd,0.29206228256225586,0.30337291955947876
"(1, 28)",2,dam_lmp__congestion_usd_per_mwh__th_sp15_gen_apnd,0.0733872652053833,0.07062649726867676
"(1, 28)",2,dam_lmp__loss_usd_per_mwh__th_sp15_gen_apnd,0.24696862697601318,0.2398626208305359
"(1, 28)",2,rt15_lmp_hourly_mean__congestion_usd_per_mwh__th_sp15_gen_apnd,0.0674404501914978,0.08152914047241211
"(1, 28)",2,dam_as_total_procured__mw__ru__as_caiso,0.0978582501411438,0.10462093353271484
"(1, 28)",2,dam_as_total_procured__mw__rd__as_caiso,0.17006653547286987,0.17814552783966064
"(1, 28)",2,dam_as_total_procured__mw__sr__as_caiso,0.09407305717468262,0.10798454284667969
"(1, 28)",2,dam_as_total_procured__mw__nr__as_caiso,0.190840482711792,0.19082915782928467
"(1, 32)",2,actual_load__mw__ca_iso_tac,0.8330456018447876,0.8335652351379395
"(1, 32)",2,dam_schedule__mw__generation__caiso_totals,0.8222737312316895,0.8243098855018616
"(1, 32)",2,dam_schedule__mw__import__caiso_totals,0.13768750429153442,0.1361878514289856
"(1, 32)",2,dam_schedule__mw__export__caiso_totals,0.437852144241333,0.42925816774368286
"(1, 32)",2,dam_lmp__lmp_usd_per_mwh__th_sp15_gen_apnd,0.3861638903617859,0.3620091676712036
"(1, 32)",2,dam_lmp__congestion_usd_per_mwh__th_sp15_gen_apnd,0.17101842164993286,0.13312095403671265
"(1, 32)",2,dam_lmp__loss_usd_per_mwh__th_sp15_gen_apnd,0.25825923681259155,0.24656611680984497
"(1, 32)",2,rt15_lmp_hourly_mean__congestion_usd_per_mwh__th_sp15_gen_apnd,0.13931089639663696,0.13312315940856934
"(1, 32)",2,dam_as_total_procured__mw__ru__as_caiso,0.37044358253479004,0.37151896953582764
"(1, 32)",2,dam_as_total_procured__mw__rd__as_caiso,0.3550664186477661,0.33640116453170776
"(1, 32)",2,dam_as_total_procured__mw__sr__as_caiso,0.10381489992141724,0.11537724733352661
"(1, 32)",2,dam_as_total_procured__mw__nr__as_caiso,0.20414400100708008,0.20310735702514648
"(1, 36)",2,actual_load__mw__ca_iso_tac,0.8736907243728638,0.8759955763816833
"(1, 36)",2,dam_schedule__mw__generation__caiso_totals,0.823842465877533,0.8295791745185852
"(1, 36)",2,dam_schedule__mw__import__caiso_totals,0.17991048097610474,0.17843097448349
"(1, 36)",2,dam_schedule__mw__export__caiso_totals,0.44808220863342285,0.44989752769470215
"(1, 36)",2,dam_lmp__lmp_usd_per_mwh__th_sp15_gen_apnd,0.4367808699607849,0.4543045163154602
"(1, 36)",2,dam_lmp__congestion_usd_per_mwh__th_sp15_gen_apnd,0.14714759588241577,0.15754300355911255
"(1, 36)",2,dam_lmp__loss_usd_per_mwh__th_sp15_gen_apnd,0.3247666358947754,0.30865031480789185
"(1, 36)",2,rt15_lmp_hourly_mean__congestion_usd_per_mwh__th_sp15_gen_apnd,0.11738240718841553,0.13844996690750122
"(1, 36)",2,dam_as_total_procured__mw__ru__as_caiso,0.13106215000152588,0.12865209579467773
"(1, 36)",2,dam_as_total_procured__mw__rd__as_caiso,0.21085143089294434,0.22443652153015137
"(1, 36)",2,dam_as_total_procured__mw__sr__as_caiso,0.17242753505706787,0.18814617395401
"(1, 36)",2,dam_as_total_procured__mw__nr__as_caiso,0.4735121726989746,0.47020411491394043
"(1, 40)",2,actual_load__mw__ca_iso_tac,0.8277038335800171,0.8311233520507812
"(1, 40)",2,dam_schedule__mw__generation__caiso_totals,0.809069037437439,0.8162809610366821
"(1, 40)",2,dam_schedule__mw__import__caiso_totals,0.09297233819961548,0.10927718877792358
"(1, 40)",2,dam_schedule__mw__export__caiso_totals,0.4298490881919861,0.4223670959472656
"(1, 40)",2,dam_lmp__lmp_usd_per_mwh__th_sp15_gen_apnd,0.39883744716644287,0.40793466567993164
"(1, 40)",2,dam_lmp__congestion_usd_per_mwh__th_sp15_gen_apnd,0.10945308208465576,0.10432285070419312
"(1, 40)",2,dam_lmp__loss_usd_per_mwh__th_sp15_gen_apnd,0.27052026987075806,0.2641158699989319
"(1, 40)",2,rt15_lmp_hourly_mean__congestion_usd_per_mwh__th_sp15_gen_apnd,0.11030781269073486,0.11680972576141357
"(1, 40)",2,dam_as_total_procured__mw__ru__as_caiso,0.09620505571365356,0.08741700649261475
"(1, 40)",2,dam_as_total_procured__mw__rd__as_caiso,0.11859798431396484,0.13212203979492188
"(1, 40)",2,dam_as_total_procured__mw__sr__as_caiso,0.09545832872390747,0.11509072780609131
"(1, 40)",2,dam_as_total_procured__mw__nr__as_caiso,0.20160186290740967,0.19299805164337158
"(2, 3)",2,actual_load__mw__ca_iso_tac,0.878302812576294,0.8729251027107239
"(2, 3)",2,dam_schedule__mw__generation__caiso_totals,0.8358354568481445,0.8402083516120911
"(2, 3)",2,dam_schedule__mw__import__caiso_totals,0.270022451877594,0.2806435227394104
"(2, 3)",2,dam_schedule__mw__export__caiso_totals,0.5620583295822144,0.5432193279266357
"(2, 3)",2,dam_lmp__lmp_usd_per_mwh__th_sp15_gen_apnd,0.6624807119369507,0.6802564859390259
"(2, 3)",2,dam_lmp__congestion_usd_per_mwh__th_sp15_gen_apnd,0.2619526982307434,0.2739953398704529
"(2, 3)",2,dam_lmp__loss_usd_per_mwh__th_sp15_gen_apnd,0.3594081401824951,0.3633764982223511
"(2, 3)",2,rt15_lmp_hourly_mean__congestion_usd_per_mwh__th_sp15_gen_apnd,0.22367072105407715,0.24436622858047485
"(2, 3)",2,dam_as_total_procured__mw__ru__as_caiso,0.1729496717453003,0.154141366481781
"(2, 3)",2,dam_as_total_procured__mw__rd__as_caiso,0.38847726583480835,0.3844190835952759
"(2, 3)",2,dam_as_total_procured__mw__sr__as_caiso,0.12039542198181152,0.14476704597473145
"(2, 3)",2,dam_as_total_procured__mw__nr__as_caiso,0.22056788206100464,0.22299981117248535
"(2, 7)",2,actual_load__mw__ca_iso_tac,0.772270917892456,0.7725706696510315
"(2, 7)",2,dam_schedule__mw__generation__caiso_totals,0.7444636821746826,0.7571605443954468
"(2, 7)",2,dam_schedule__mw__import__caiso_totals,0.3455354571342468,0.35422009229660034
"(2, 7)",2,dam_schedule__mw__export__caiso_totals,0.46031200885772705,0.4775351285934448
"(2, 7)",2,dam_lmp__lmp_usd_per_mwh__th_sp15_gen_apnd,0.7589589953422546,0.7794463634490967
"(2, 7)",2,dam_lmp__congestion_usd_per_mwh__th_sp15_gen_apnd,0.4387487769126892,0.43958139419555664
"(2, 7)",2,dam_lmp__loss_usd_per_mwh__th_sp15_gen_apnd,0.3741791248321533,0.36504948139190674
"(2, 7)",2,rt15_lmp_hourly_mean__congestion_usd_per_mwh__th_sp15_gen_apnd,0.3488982319831848,0.36460036039352417
"(2, 7)",2,dam_as_total_procured__mw__ru__as_caiso,0.34018927812576294,0.3243143558502197
"(2, 7)",2,dam_as_total_procured__mw__rd__as_caiso,0.7207189798355103,0.7159079909324646
"(2, 7)",2,dam_as_total_procured__mw__sr__as_caiso,0.11990946531295776,0.16108596324920654
"(2, 7)",2,dam_as_total_procured__mw__nr__as_caiso,0.17224544286727905,0.1762479543685913
"(2, 11)",2,actual_load__mw__ca_iso_tac,0.7849154472351074,0.7924180030822754
"(2, 11)",2,dam_schedule__mw__generation__caiso_totals,0.7468069791793823,0.7589855194091797
"(2, 11)",2,dam_schedule__mw__import__caiso_totals,0.34272217750549316,0.35162442922592163
"(2, 11)",2,dam_schedule__mw__export__caiso_totals,0.4391542673110962,0.45516490936279297
"(2, 11)",2,dam_lmp__lmp_usd_per_mwh__th_sp15_gen_apnd,0.7543992400169373,0.7689919471740723
"(2, 11)",2,dam_lmp__congestion_usd_per_mwh__th_sp15_gen_apnd,0.44288861751556396,0.44431883096694946
"(2, 11)",2,dam_lmp__loss_usd_per_mwh__th_sp15_gen_apnd,0.35934996604919434,0.3481403589248657
"(2, 11)",2,rt15_lmp_hourly_mean__congestion_usd_per_mwh__th_sp15_gen_apnd,0.3244689702987671,0.33269715309143066
"(2, 11)",2,dam_as_total_procured__mw__ru__as_caiso,0.38628989458084106,0.3675454258918762
"(2, 11)",2,dam_as_total_procured__mw__rd__as_caiso,0.7702665328979492,0.7656605839729309
"(2, 11)",2,dam_as_total_procured__mw__sr__as_caiso,0.1350572109222412,0.16737985610961914
"(2, 11)",2,dam_as_total_procured__mw__nr__as_caiso,0.16125822067260742,0.17070239782333374
"(2, 15)",2,actual_load__mw__ca_iso_tac,0.7954749464988708,0.805473268032074
"(2, 15)",2,dam_schedule__mw__generation__caiso_totals,0.7499024868011475,0.7604647278785706
"(2, 15)",2,dam_schedule__mw__import__caiso_totals,0.3450027108192444,0.3542213439941406
"(2, 15)",2,dam_schedule__mw__export__caiso_totals,0.4298338294029236,0.4443051218986511
"(2, 15)",2,dam_lmp__lmp_usd_per_mwh__th_sp15_gen_apnd,0.7582421898841858,0.7734845280647278
"(2, 15)",2,dam_lmp__congestion_usd_per_mwh__th_sp15_gen_apnd,0.483259379863739,0.47252750396728516
"(2, 15)",2,dam_lmp__loss_usd_per_mwh__th_sp15_gen_apnd,0.3544134497642517,0.3505967855453491
"(2, 15)",2,rt15_lmp_hourly_mean__congestion_usd_per_mwh__th_sp15_gen_apnd,0.318420946598053,0.31603819131851196
"(2, 15)",2,dam_as_total_procured__mw__ru__as_caiso,0.4218011498451233,0.40519893169403076
"(2, 15)",2,dam_as_total_procured__mw__rd__as_caiso,0.7945854663848877,0.7846957445144653
"(2, 15)",2,dam_as_total_procured__mw__sr__as_caiso,0.12832510471343994,0.16717439889907837
"(2, 15)",2,dam_as_total_procured__mw__nr__as_caiso,0.18440335988998413,0.18930786848068237
"(2, 19)",2,actual_load__mw__ca_iso_tac,0.6045503616333008,0.6088923811912537
"(2, 19)",2,dam_schedule__mw__generation__caiso_totals,0.4994540214538574,0.5099619626998901
"(2, 19)",2,dam_schedule__mw__import__caiso_totals,0.2951260805130005,0.3146231174468994
"(2, 19)",2,dam_schedule__mw__export__caiso_totals,0.24737095832824707,0.25199609994888306
"(2, 19)",2,dam_lmp__lmp_usd_per_mwh__th_sp15_gen_apnd,0.9585089087486267,0.9583556652069092
"(2, 19)",2,dam_lmp__congestion_usd_per_mwh__th_sp15_gen_apnd,0.3418809175491333,0.33967334032058716
"(2, 19)",2,dam_lmp__loss_usd_per_mwh__th_sp15_gen_apnd,0.46745121479034424,0.47260385751724243
"(2, 19)",2,rt15_lmp_hourly_mean__congestion_usd_per_mwh__th_sp15_gen_apnd,0.30235010385513306,0.281349241733551
"(2, 19)",2,dam_as_total_procured__mw__ru__as_caiso,0.20587706565856934,0.19108110666275024
"(2, 19)",2,dam_as_total_procured__mw__rd__as_caiso,0.437533438205719,0.4410586953163147
"(2, 19)",2,dam_as_total_procured__mw__sr__as_caiso,0.11402249336242676,0.1252073049545288
"(2, 19)",2,dam_as_total_procured__mw__nr__as_caiso,0.15966635942459106,0.16189825534820557
"(2, 23)",2,actual_load__mw__ca_iso_tac,0.5856838226318359,0.5851116180419922
"(2, 23)",2,dam_schedule__mw__generation__caiso_totals,0.5042466521263123,0.5132313966751099
"(2, 23)",2,dam_schedule__mw__import__caiso_totals,0.2881855368614197,0.30533933639526367
"(2, 23)",2,dam_schedule__mw__export__caiso_totals,0.2458336353302002,0.2517343759536743
"(2, 23)",2,dam_lmp__lmp_usd_per_mwh__th_sp15_gen_apnd,0.8840809464454651,0.8890012502670288
"(2, 23)",2,dam_lmp__congestion_usd_per_mwh__th_sp15_gen_apnd,0.42992842197418213,0.43224626779556274
"(2, 23)",2,dam_lmp__loss_usd_per_mwh__th_sp15_gen_apnd,0.3821093440055847,0.3897826075553894
"(2, 23)",2,rt15_lmp_hourly_mean__congestion_usd_per_mwh__th_sp15_gen_apnd,0.4787445664405823,0.47186189889907837
"(2, 23)",2,dam_as_total_procured__mw__ru__as_caiso,0.20133936405181885,0.18867051601409912
"(2, 23)",2,dam_as_total_procured__mw__rd__as_caiso,0.45263582468032837,0.4546523094177246
"(2, 23)",2,dam_as_total_procured__mw__sr__as_caiso,0.08174020051956177,0.09220391511917114
"(2, 23)",2,dam_as_total_procured__mw__nr__as_caiso,0.1674177646636963,0.16591453552246094
"(2, 27)",2,actual_load__mw__ca_iso_tac,0.7563763856887817,0.7537850737571716
"(2, 27)",2,dam_schedule__mw__generation__caiso_totals,0.7145001888275146,0.7209747433662415
"(2, 27)",2,dam_schedule__mw__import__caiso_totals,0.30192655324935913,0.3055434226989746
"(2, 27)",2,dam_schedule__mw__export__caiso_totals,0.4724516272544861,0.4567601680755615
"(2, 27)",2,dam_lmp__lmp_usd_per_mwh__th_sp15_gen_apnd,0.6491114497184753,0.6626365780830383
"(2, 27)",2,dam_lmp__congestion_usd_per_mwh__th_sp15_gen_apnd,0.2696189880371094,0.2832801342010498
"(2, 27)",2,dam_lmp__loss_usd_per_mwh__th_sp15_gen_apnd,0.359652042388916,0.3536476492881775
"(2, 27)",2,rt15_lmp_hourly_mean__congestion_usd_per_mwh__th_sp15_gen_apnd,0.22597646713256836,0.2465134859085083
"(2, 27)",2,dam_as_total_procured__mw__ru__as_caiso,0.19830924272537231,0.17342299222946167
"(2, 27)",2,dam_as_total_procured__mw__rd__as_caiso,0.4066726565361023,0.39615297317504883
"(2, 27)",2,dam_as_total_procured__mw__sr__as_caiso,0.08475959300994873,0.10328453779220581
"(2, 27)",2,dam_as_total_procured__mw__nr__as_caiso,0.20003801584243774,0.1994571089744568
"(2, 31)",2,actual_load__mw__ca_iso_tac,0.4960520267486572,0.4946661591529846
"(2, 31)",2,dam_schedule__mw__generation__caiso_totals,0.4449518322944641,0.4588732123374939
"(2, 31)",2,dam_schedule__mw__import__caiso_totals,0.24115866422653198,0.25367385149002075
"(2, 31)",2,dam_schedule__mw__export__caiso_totals,0.19818341732025146,0.20287537574768066
"(2, 31)",2,dam_lmp__lmp_usd_per_mwh__th_sp15_gen_apnd,0.5930235385894775,0.6151210069656372
"(2, 31)",2,dam_lmp__congestion_usd_per_mwh__th_sp15_gen_apnd,0.18653255701065063,0.21036756038665771
"(2, 31)",2,dam_lmp__loss_usd_per_mwh__th_sp15_gen_apnd,0.2952738404273987,0.2938684821128845
"(2, 31)",2,rt15_lmp_hourly_mean__congestion_usd_per_mwh__th_sp15_gen_apnd,0.17480707168579102,0.19594717025756836
"(2, 31)",2,dam_as_total_procured__mw__ru__as_caiso,0.11328983306884766,0.10215061902999878
"(2, 31)",2,dam_as_total_procured__mw__rd__as_caiso,0.2545021176338196,0.25086885690689087
"(2, 31)",2,dam_as_total_procured__mw__sr__as_caiso,0.05624467134475708,0.06745249032974243
"(2, 31)",2,dam_as_total_procured__mw__nr__as_caiso,0.1392374038696289,0.14327526092529297
"(2, 35)",2,actual_load__mw__ca_iso_tac,0.6767796277999878,0.6899611949920654
"(2, 35)",2,dam_schedule__mw__generation__caiso_totals,0.6254191398620605,0.6406612992286682
"(2, 35)",2,dam_schedule__mw__import__caiso_totals,0.3388185501098633,0.35022157430648804
"(2, 35)",2,dam_schedule__mw__export__caiso_totals,0.32241523265838623,0.34112685918807983
"(2, 35)",2,dam_lmp__lmp_usd_per_mwh__th_sp15_gen_apnd,0.7320574522018433,0.7444238662719727
"(2, 35)",2,dam_lmp__congestion_usd_per_mwh__th_sp15_gen_apnd,0.4403127431869507,0.4240027666091919
"(2, 35)",2,dam_lmp__loss_usd_per_mwh__th_sp15_gen_apnd,0.34828275442123413,0.3508697748184204
"(2, 35)",2,rt15_lmp_hourly_mean__congestion_usd_per_mwh__th_sp15_gen_apnd,0.2981753349304199,0.309902548789978
"(2, 35)",2,dam_as_total_procured__mw__ru__as_caiso,0.408785343170166,0.41477763652801514
"(2, 35)",2,dam_as_total_procured__mw__rd__as_caiso,0.977393627166748,0.9763807654380798
"(2, 35)",2,dam_as_total_procured__mw__sr__as_caiso,0.08447712659835815,0.11313480138778687
"(2, 35)",2,dam_as_total_procured__mw__nr__as_caiso,0.15462976694107056,0.1554585099220276
"(2, 39)",2,actual_load__mw__ca_iso_tac,0.5498337745666504,0.5466295480728149
"(2, 39)",2,dam_schedule__mw__generation__caiso_totals,0.515172004699707,0.5256542563438416
"(2, 39)",2,dam_schedule__mw__import__caiso_totals,0.24081039428710938,0.25757914781570435
"(2, 39)",2,dam_schedule__mw__export__caiso_totals,0.25772911310195923,0.25379472970962524
"(2, 39)",2,dam_lmp__lmp_usd_per_mwh__th_sp15_gen_apnd,0.6085317134857178,0.6366554498672485
"(2, 39)",2,dam_lmp__congestion_usd_per_mwh__th_sp15_gen_apnd,0.21486616134643555,0.24510085582733154
"(2, 39)",2,dam_lmp__loss_usd_per_mwh__th_sp15_gen_apnd,0.32685643434524536,0.3249066472053528
"(2, 39)",2,rt15_lmp_hourly_mean__congestion_usd_per_mwh__th_sp15_gen_apnd,0.20152157545089722,0.23293763399124146
"(2, 39)",2,dam_as_total_procured__mw__ru__as_caiso,0.15652400255203247,0.14571619033813477
"(2, 39)",2,dam_as_total_procured__mw__rd__as_caiso,0.2906608581542969,0.30248206853866577
"(2, 39)",2,dam_as_total_procured__mw__sr__as_caiso,0.07408475875854492,0.08517378568649292
"(2, 39)",2,dam_as_total_procured__mw__nr__as_caiso,0.14860117435455322,0.15267688035964966
"(2, 43)",2,actual_load__mw__ca_iso_tac,0.585428774356842,0.5841654539108276
"(2, 43)",2,dam_schedule__mw__generation__caiso_totals,0.5561920404434204,0.5557609796524048
"(2, 43)",2,dam_schedule__mw__import__caiso_totals,0.29352331161499023,0.2984398603439331
"(2, 43)",2,dam_schedule__mw__export__caiso_totals,0.2612035870552063,0.2677554488182068
"(2, 43)",2,dam_lmp__lmp_usd_per_mwh__th_sp15_gen_apnd,0.641757607460022,0.6618533134460449
"(2, 43)",2,dam_lmp__congestion_usd_per_mwh__th_sp15_gen_apnd,0.2653382420539856,0.2759280204772949
"(2, 43)",2,dam_lmp__loss_usd_per_mwh__th_sp15_gen_apnd,0.3135339021682739,0.3115547299385071
"(2, 43)",2,rt15_lmp_hourly_mean__congestion_usd_per_mwh__th_sp15_gen_apnd,0.24359524250030518,0.2642684578895569
"(2, 43)",2,dam_as_total_procured__mw__ru__as_caiso,0.14841026067733765,0.136766254901886
"(2, 43)",2,dam_as_total_procured__mw__rd__as_caiso,0.3530386686325073,0.3622264862060547
"(2, 43)",2,dam_as_total_procured__mw__sr__as_caiso,0.06517839431762695,0.08512008190155029
"(2, 43)",2,dam_as_total_procured__mw__nr__as_caiso,0.1532660722732544,0.15527701377868652
"(3, 7)",2,actual_load__mw__ca_iso_tac,0.8994930386543274,0.8943915367126465
"(3, 7)",2,dam_schedule__mw__generation__caiso_totals,0.8844122886657715,0.8862448930740356
"(3, 7)",2,dam_schedule__mw__import__caiso_totals,0.3733423948287964,0.3758641481399536
"(3, 7)",2,dam_schedule__mw__export__caiso_totals,0.568138837814331,0.568840742111206
"(3, 7)",2,dam_lmp__lmp_usd_per_mwh__th_sp15_gen_apnd,0.7478269338607788,0.7707433700561523
"(3, 7)",2,dam_lmp__congestion_usd_per_mwh__th_sp15_gen_apnd,0.43140649795532227,0.42740607261657715
"(3, 7)",2,dam_lmp__loss_usd_per_mwh__th_sp15_gen_apnd,0.39360344409942627,0.3797508478164673
"(3, 7)",2,rt15_lmp_hourly_mean__congestion_usd_per_mwh__th_sp15_gen_apnd,0.3040192723274231,0.3187640905380249
"(3, 7)",2,dam_as_total_procured__mw__ru__as_caiso,0.3560267686843872,0.3383515477180481
"(3, 7)",2,dam_as_total_procured__mw__rd__as_caiso,0.725361704826355,0.7185122966766357
"(3, 7)",2,dam_as_total_procured__mw__sr__as_caiso,0.1272781491279602,0.1659126877784729
"(3, 7)",2,dam_as_total_procured__mw__nr__as_caiso,0.22552675008773804,0.22548633813858032
"(3, 11)",2,actual_load__mw__ca_iso_tac,0.9173451662063599,0.9129880666732788
"(3, 11)",2,dam_schedule__mw__generation__caiso_totals,0.891488790512085,0.8914241790771484
"(3, 11)",2,dam_schedule__mw__import__caiso_totals,0.3730800151824951,0.3753455877304077
"(3, 11)",2,dam_schedule__mw__export__caiso_totals,0.5654566287994385,0.5654836893081665
"(3, 11)",2,dam_lmp__lmp_usd_per_mwh__th_sp15_gen_apnd,0.7565622329711914,0.7737546563148499
"(3, 11)",2,dam_lmp__congestion_usd_per_mwh__th_sp15_gen_apnd,0.4507032036781311,0.4447225332260132
"(3, 11)",2,dam_lmp__loss_usd_per_mwh__th_sp15_gen_apnd,0.39588117599487305,0.3814883232116699
"(3, 11)",2,rt15_lmp_hourly_mean__congestion_usd_per_mwh__th_sp15_gen_apnd,0.3039005994796753,0.3097548484802246
"(3, 11)",2,dam_as_total_procured__mw__ru__as_caiso,0.40422892570495605,0.3833472728729248
"(3, 11)",2,dam_as_total_procured__mw__rd__as_caiso,0.7719183564186096,0.7632051110267639
"(3, 11)",2,dam_as_total_procured__mw__sr__as_caiso,0.13714033365249634,0.17328107357025146
"(3, 11)",2,dam_as_total_procured__mw__nr__as_caiso,0.2223256230354309,0.2275547981262207
"(3, 15)",2,actual_load__mw__ca_iso_tac,0.9228009581565857,0.921830415725708
"(3, 15)",2,dam_schedule__mw__generation__caiso_totals,0.8916901350021362,0.8917326927185059
"(3, 15)",2,dam_schedule__mw__import__caiso_totals,0.370430052280426,0.3743358254432678
"(3, 15)",2,dam_schedule__mw__export__caiso_totals,0.5668468475341797,0.566108226776123
"(3, 15)",2,dam_lmp__lmp_usd_per_mwh__th_sp15_gen_apnd,0.7906496524810791,0.8048726320266724
"(3, 15)",2,dam_lmp__congestion_usd_per_mwh__th_sp15_gen_apnd,0.4902571439743042,0.4890184998512268
"(3, 15)",2,dam_lmp__loss_usd_per_mwh__th_sp15_gen_apnd,0.4127076268196106,0.3982137441635132
"(3, 15)",2,rt15_lmp_hourly_mean__congestion_usd_per_mwh__th_sp15_gen_apnd,0.31403809785842896,0.3182433843612671
"(3, 15)",2,dam_as_total_procured__mw__ru__as_caiso,0.42297691106796265,0.4049333333969116
"(3, 15)",2,dam_as_total_procured__mw__rd__as_caiso,0.7912527322769165,0.780159592628479
"(3, 15)",2,dam_as_total_procured__mw__sr__as_caiso,0.1404503583908081,0.17648249864578247
"(3, 15)",2,dam_as_total_procured__mw__nr__as_caiso,0.24375438690185547,0.24841582775115967
"(3, 19)",2,actual_load__mw__ca_iso_tac,0.8493843078613281,0.8481388688087463
"(3, 19)",2,dam_schedule__mw__generation__caiso_totals,0.8297849297523499,0.8336928486824036
"(3, 19)",2,dam_schedule__mw__import__caiso_totals,0.27909982204437256,0.293504536151886
"(3, 19)",2,dam_schedule__mw__export__caiso_totals,0.5249149799346924,0.5110421776771545
"(3, 19)",2,dam_lmp__lmp_usd_per_mwh__th_sp15_gen_apnd,0.956555187702179,0.9562068581581116
"(3, 19)",2,dam_lmp__congestion_usd_per_mwh__th_sp15_gen_apnd,0.3449769616127014,0.33201056718826294
"(3, 19)",2,dam_lmp__loss_usd_per_mwh__th_sp15_gen_apnd,0.470071017742157,0.4725968837738037
"(3, 19)",2,rt15_lmp_hourly_mean__congestion_usd_per_mwh__th_sp15_gen_apnd,0.30591028928756714,0.276003360748291
"(3, 19)",2,dam_as_total_procured__mw__ru__as_caiso,0.202356219291687,0.18694519996643066
"(3, 19)",2,dam_as_total_procured__mw__rd__as_caiso,0.43907153606414795,0.4431431293487549
"(3, 19)",2,dam_as_total_procured__mw__sr__as_caiso,0.13784897327423096,0.14851272106170654
"(3, 19)",2,dam_as_total_procured__mw__nr__as_caiso,0.23503077030181885,0.23279452323913574
"(3, 23)",2,actual_load__mw__ca_iso_tac,0.8348689675331116,0.8343676328659058
"(3, 23)",2,dam_schedule__mw__generation__caiso_totals,0.8057928085327148,0.8090511560440063
"(3, 23)",2,dam_schedule__mw__import__caiso_totals,0.2528298497200012,0.2594960331916809
"(3, 23)",2,dam_schedule__mw__export__caiso_totals,0.48233145475387573,0.47231578826904297
"(3, 23)",2,dam_lmp__lmp_usd_per_mwh__th_sp15_gen_apnd,0.8771607875823975,0.880239725112915
"(3, 23)",2,dam_lmp__congestion_usd_per_mwh__th_sp15_gen_apnd,0.43846434354782104,0.43459922075271606
"(3, 23)",2,dam_lmp__loss_usd_per_mwh__th_sp15_gen_apnd,0.3935592770576477,0.39525121450424194
"(3, 23)",2,rt15_lmp_hourly_mean__congestion_usd_per_mwh__th_sp15_gen_apnd,0.4950922131538391,0.4820559024810791
"(3, 23)",2,dam_as_total_procured__mw__ru__as_caiso,0.1992732286453247,0.18427711725234985
"(3, 23)",2,dam_as_total_procured__mw__rd__as_caiso,0.4333133101463318,0.44227731227874756
"(3, 23)",2,dam_as_total_procured__mw__sr__as_caiso,0.11096316576004028,0.1177513599395752
"(3, 23)",2,dam_as_total_procured__mw__nr__as_caiso,0.2304515242576599,0.2302970290184021
"(3, 27)",2,actual_load__mw__ca_iso_tac,0.7932424545288086,0.7901521921157837
"(3, 27)",2,dam_schedule__mw__generation__caiso_totals,0.7590320110321045,0.7698551416397095
"(3, 27)",2,dam_schedule__mw__import__caiso_totals,0.25954145193099976,0.2610149383544922
"(3, 27)",2,dam_schedule__mw__export__caiso_totals,0.4071637988090515,0.40835022926330566
"(3, 27)",2,dam_lmp__lmp_usd_per_mwh__th_sp15_gen_apnd,0.4907463788986206,0.5041136741638184
"(3, 27)",2,dam_lmp__congestion_usd_per_mwh__th_sp15_gen_apnd,0.1712327003479004,0.16809046268463135
"(3, 27)",2,dam_lmp__loss_usd_per_mwh__th_sp15_gen_apnd,0.40316474437713623,0.39371979236602783
"(3, 27)",2,rt15_lmp_hourly_mean__congestion_usd_per_mwh__th_sp15_gen_apnd,0.15645819902420044,0.16659462451934814
"(3, 27)",2,dam_as_total_procured__mw__ru__as_caiso,0.12412339448928833,0.12569206953048706
"(3, 27)",2,dam_as_total_procured__mw__rd__as_caiso,0.2427496314048767,0.2478504776954651
"(3, 27)",2,dam_as_total_procured__mw__sr__as_caiso,0.11820805072784424,0.12341231107711792
"(3, 27)",2,dam_as_total_procured__mw__nr__as_caiso,0.21057915687561035,0.21837693452835083
"(3, 31)",2,actual_load__mw__ca_iso_tac,0.7663852572441101,0.7621250152587891
"(3, 31)",2,dam_schedule__mw__generation__caiso_totals,0.7224739193916321,0.7301418781280518
"(3, 31)",2,dam_schedule__mw__import__caiso_totals,0.1576094627380371,0.16052860021591187
"(3, 31)",2,dam_schedule__mw__export__caiso_totals,0.37155503034591675,0.363705039024353
"(3, 31)",2,dam_lmp__lmp_usd_per_mwh__th_sp15_gen_apnd,0.4170456528663635,0.43194931745529175
"(3, 31)",2,dam_lmp__congestion_usd_per_mwh__th_sp15_gen_apnd,0.07498669624328613,0.07418465614318848
"(3, 31)",2,dam_lmp__loss_usd_per_mwh__th_sp15_gen_apnd,0.3355752229690552,0.3295510411262512
"(3, 31)",2,rt15_lmp_hourly_mean__congestion_usd_per_mwh__th_sp15_gen_apnd,0.08797317743301392,0.10392975807189941
"(3, 31)",2,dam_as_total_procured__mw__ru__as_caiso,0.07370012998580933,0.06817656755447388
"(3, 31)",2,dam_as_total_procured__mw__rd__as_caiso,0.1125020980834961,0.11630725860595703
"(3, 31)",2,dam_as_total_procured__mw__sr__as_caiso,0.06474524736404419,0.06764483451843262
"(3, 31)",2,dam_as_total_procured__mw__nr__as_caiso,0.207292377948761,0.21210873126983643
"(3, 35)",2,actual_load__mw__ca_iso_tac,0.8689624071121216,0.8678430318832397
"(3, 35)",2,dam_schedule__mw__generation__caiso_totals,0.843034029006958,0.8491897583007812
"(3, 35)",2,dam_schedule__mw__import__caiso_totals,0.33927881717681885,0.3402780294418335
"(3, 35)",2,dam_schedule__mw__export__caiso_totals,0.48958855867385864,0.49275821447372437
"(3, 35)",2,dam_lmp__lmp_usd_per_mwh__th_sp15_gen_apnd,0.6734066605567932,0.6838760375976562
"(3, 35)",2,dam_lmp__congestion_usd_per_mwh__th_sp15_gen_apnd,0.41271597146987915,0.3982192277908325
"(3, 35)",2,dam_lmp__loss_usd_per_mwh__th_sp15_gen_apnd,0.36323195695877075,0.3593919277191162
"(3, 35)",2,rt15_lmp_hourly_mean__congestion_usd_per_mwh__th_sp15_gen_apnd,0.26356685161590576,0.2779531478881836
"(3, 35)",2,dam_as_total_procured__mw__ru__as_caiso,0.4202086329460144,0.4259124994277954
"(3, 35)",2,dam_as_total_procured__mw__rd__as_caiso,0.9782974720001221,0.9765093922615051
"(3, 35)",2,dam_as_total_procured__mw__sr__as_caiso,0.11181402206420898,0.14088797569274902
"(3, 35)",2,dam_as_total_procured__mw__nr__as_caiso,0.21063882112503052,0.21311044692993164
"(3, 39)",2,actual_load__mw__ca_iso_tac,0.7732106447219849,0.7731115818023682
"(3, 39)",2,dam_schedule__mw__generation__caiso_totals,0.740493893623352,0.7508475184440613
"(3, 39)",2,dam_schedule__mw__import__caiso_totals,0.16594332456588745,0.17237389087677002
"(3, 39)",2,dam_schedule__mw__export__caiso_totals,0.39603906869888306,0.3853778839111328
"(3, 39)",2,dam_lmp__lmp_usd_per_mwh__th_sp15_gen_apnd,0.450888991355896,0.47976088523864746
"(3, 39)",2,dam_lmp__congestion_usd_per_mwh__th_sp15_gen_apnd,0.12025183439254761,0.12822943925857544
"(3, 39)",2,dam_lmp__loss_usd_per_mwh__th_sp15_gen_apnd,0.34767740964889526,0.3461470603942871
"(3, 39)",2,rt15_lmp_hourly_mean__congestion_usd_per_mwh__th_sp15_gen_apnd,0.1206364631652832,0.14173930883407593
"(3, 39)",2,dam_as_total_procured__mw__ru__as_caiso,0.1350420117378235,0.12383013963699341
"(3, 39)",2,dam_as_total_procured__mw__rd__as_caiso,0.16121739149093628,0.18061691522598267
"(3, 39)",2,dam_as_total_procured__mw__sr__as_caiso,0.07686638832092285,0.08346915245056152
"(3, 39)",2,dam_as_total_procured__mw__nr__as_caiso,0.22493451833724976,0.2240159511566162
"(3, 43)",2,actual_load__mw__ca_iso_tac,0.8241323828697205,0.8250885009765625
"(3, 43)",2,dam_schedule__mw__generation__caiso_totals,0.8030304908752441,0.8042119145393372
"(3, 43)",2,dam_schedule__mw__import__caiso_totals,0.2691912055015564,0.2617400288581848
"(3, 43)",2,dam_schedule__mw__export__caiso_totals,0.42781126499176025,0.43143266439437866
"(3, 43)",2,dam_lmp__lmp_usd_per_mwh__th_sp15_gen_apnd,0.5477008819580078,0.5666216611862183
"(3, 43)",2,dam_lmp__congestion_usd_per_mwh__th_sp15_gen_apnd,0.20447134971618652,0.20360732078552246
"(3, 43)",2,dam_lmp__loss_usd_per_mwh__th_sp15_gen_apnd,0.3494182229042053,0.3398279547691345
"(3, 43)",2,rt15_lmp_hourly_mean__congestion_usd_per_mwh__th_sp15_gen_apnd,0.15393531322479248,0.17517560720443726
"(3, 43)",2,dam_as_total_procured__mw__ru__as_caiso,0.10969406366348267,0.10339272022247314
"(3, 43)",2,dam_as_total_procured__mw__rd__as_caiso,0.25223565101623535,0.2687326669692993
"(3, 43)",2,dam_as_total_procured__mw__sr__as_caiso,0.07938146591186523,0.10152465105056763
"(3, 43)",2,dam_as_total_procured__mw__nr__as_caiso,0.2183125615119934,0.22498416900634766
"(4, 8)",2,actual_load__mw__ca_iso_tac,0.5430430769920349,0.5486983060836792
"(4, 8)",2,dam_schedule__mw__generation__caiso_totals,0.643067479133606,0.6353982090950012
"(4, 8)",2,dam_schedule__mw__import__caiso_totals,0.03340339660644531,0.029797732830047607
"(4, 8)",2,dam_schedule__mw__export__caiso_totals,0.5727980136871338,0.5629116892814636
"(4, 8)",2,dam_lmp__lmp_usd_per_mwh__th_sp15_gen_apnd,0.025592446327209473,0.04029804468154907
"(4, 8)",2,dam_lmp__congestion_usd_per_mwh__th_sp15_gen_apnd,0.06312185525894165,0.07717251777648926
"(4, 8)",2,dam_lmp__loss_usd_per_mwh__th_sp15_gen_apnd,0.12539249658584595,0.1413404941558838
"(4, 8)",2,rt15_lmp_hourly_mean__congestion_usd_per_mwh__th_sp15_gen_apnd,0.03434079885482788,0.04261791706085205
"(4, 8)",2,dam_as_total_procured__mw__ru__as_caiso,0.0802270770072937,0.08429288864135742
"(4, 8)",2,dam_as_total_procured__mw__rd__as_caiso,0.13185638189315796,0.13854765892028809
"(4, 8)",2,dam_as_total_procured__mw__sr__as_caiso,0.06455576419830322,0.07577216625213623
"(4, 8)",2,dam_as_total_procured__mw__nr__as_caiso,0.12303179502487183,0.10962963104248047
"(4, 12)",2,actual_load__mw__ca_iso_tac,0.5291314721107483,0.5412040948867798
"(4, 12)",2,dam_schedule__mw__generation__caiso_totals,0.6321210265159607,0.6324108839035034
"(4, 12)",2,dam_schedule__mw__import__caiso_totals,0.038323819637298584,0.035303711891174316
"(4, 12)",2,dam_schedule__mw__export__caiso_totals,0.5540725588798523,0.5402497053146362
"(4, 12)",2,dam_lmp__lmp_usd_per_mwh__th_sp15_gen_apnd,0.025916635990142822,0.035288453102111816
"(4, 12)",2,dam_lmp__congestion_usd_per_mwh__th_sp15_gen_apnd,0.0307580828666687,0.03597748279571533
"(4, 12)",2,dam_lmp__loss_usd_per_mwh__th_sp15_gen_apnd,0.10705220699310303,0.1180461049079895
"(4, 12)",2,rt15_lmp_hourly_mean__congestion_usd_per_mwh__th_sp15_gen_apnd,0.01873856782913208,0.02033764123916626
"(4, 12)",2,dam_as_total_procured__mw__ru__as_caiso,0.05333632230758667,0.05152463912963867
"(4, 12)",2,dam_as_total_procured__mw__rd__as_caiso,0.11845791339874268,0.11390107870101929
"(4, 12)",2,dam_as_total_procured__mw__sr__as_caiso,0.05797386169433594,0.0742483139038086
"(4, 12)",2,dam_as_total_procured__mw__nr__as_caiso,0.11205893754959106,0.1026993989944458
"(4, 16)",2,actual_load__mw__ca_iso_tac,0.5329922437667847,0.5409030914306641
"(4, 16)",2,dam_schedule__mw__generation__caiso_totals,0.6352922320365906,0.6313998699188232
"(4, 16)",2,dam_schedule__mw__import__caiso_totals,0.04678589105606079,0.04004544019699097
"(4, 16)",2,dam_schedule__mw__export__caiso_totals,0.5617870092391968,0.5460700988769531
"(4, 16)",2,dam_lmp__lmp_usd_per_mwh__th_sp15_gen_apnd,0.05039125680923462,0.05551880598068237
"(4, 16)",2,dam_lmp__congestion_usd_per_mwh__th_sp15_gen_apnd,0.03128838539123535,0.038004279136657715
"(4, 16)",2,dam_lmp__loss_usd_per_mwh__th_sp15_gen_apnd,0.11354702711105347,0.11917155981063843
"(4, 16)",2,rt15_lmp_hourly_mean__congestion_usd_per_mwh__th_sp15_gen_apnd,0.016364634037017822,0.018519937992095947
"(4, 16)",2,dam_as_total_procured__mw__ru__as_caiso,0.06614130735397339,0.06477957963943481
"(4, 16)",2,dam_as_total_procured__mw__rd__as_caiso,0.12957298755645752,0.12540769577026367
"(4, 16)",2,dam_as_total_procured__mw__sr__as_caiso,0.05455732345581055,0.07762384414672852
"(4, 16)",2,dam_as_total_procured__mw__nr__as_caiso,0.1324315071105957,0.12358945608139038
"(4, 20)",2,actual_load__mw__ca_iso_tac,0.6051483154296875,0.6146860122680664
"(4, 20)",2,dam_schedule__mw__generation__caiso_totals,0.6865779161453247,0.6949911713600159
"(4, 20)",2,dam_schedule__mw__import__caiso_totals,0.23516243696212769,0.25831764936447144
"(4, 20)",2,dam_schedule__mw__export__caiso_totals,0.6750545501708984,0.653058648109436
"(4, 20)",2,dam_lmp__lmp_usd_per_mwh__th_sp15_gen_apnd,0.790332019329071,0.7921318411827087
"(4, 20)",2,dam_lmp__congestion_usd_per_mwh__th_sp15_gen_apnd,0.17785745859146118,0.17730391025543213
"(4, 20)",2,dam_lmp__loss_usd_per_mwh__th_sp15_gen_apnd,0.4667118191719055,0.47488951683044434
"(4, 20)",2,rt15_lmp_hourly_mean__congestion_usd_per_mwh__th_sp15_gen_apnd,0.17707598209381104,0.1512587070465088
"(4, 20)",2,dam_as_total_procured__mw__ru__as_caiso,0.2191813588142395,0.20562845468521118
"(4, 20)",2,dam_as_total_procured__mw__rd__as_caiso,0.40456056594848633,0.4123329520225525
"(4, 20)",2,dam_as_total_procured__mw__sr__as_caiso,0.09786587953567505,0.11256659030914307
"(4, 20)",2,dam_as_total_procured__mw__nr__as_caiso,0.16420525312423706,0.16041553020477295
"(4, 24)",2,actual_load__mw__ca_iso_tac,0.608683705329895,0.6137419939041138
"(4, 24)",2,dam_schedule__mw__generation__caiso_totals,0.6750810146331787,0.6833518743515015
"(4, 24)",2,dam_schedule__mw__import__caiso_totals,0.24602800607681274,0.2633911371231079
"(4, 24)",2,dam_schedule__mw__export__caiso_totals,0.6462899446487427,0.6289920806884766
"(4, 24)",2,dam_lmp__lmp_usd_per_mwh__th_sp15_gen_apnd,0.8112202882766724,0.8258523344993591
"(4, 24)",2,dam_lmp__congestion_usd_per_mwh__th_sp15_gen_apnd,0.37719959020614624,0.4023117423057556
"(4, 24)",2,dam_lmp__loss_usd_per_mwh__th_sp15_gen_apnd,0.38013988733291626,0.388945996761322
"(4, 24)",2,rt15_lmp_hourly_mean__congestion_usd_per_mwh__th_sp15_gen_apnd,0.375335156917572,0.3932368755340576
"(4, 24)",2,dam_as_total_procured__mw__ru__as_caiso,0.22563636302947998,0.2031133770942688
"(4, 24)",2,dam_as_total_procured__mw__rd__as_caiso,0.4698185920715332,0.4702865481376648
"(4, 24)",2,dam_as_total_procured__mw__sr__as_caiso,0.08241486549377441,0.10525596141815186
"(4, 24)",2,dam_as_total_procured__mw__nr__as_caiso,0.15039730072021484,0.1496734619140625
"(4, 28)",2,actual_load__mw__ca_iso_tac,0.8274429440498352,0.8333965539932251
"(4, 28)",2,dam_schedule__mw__generation__caiso_totals,0.846594512462616,0.8515028953552246
"(4, 28)",2,dam_schedule__mw__import__caiso_totals,0.15390020608901978,0.14507615566253662
"(4, 28)",2,dam_schedule__mw__export__caiso_totals,0.5817989706993103,0.5777551531791687
"(4, 28)",2,dam_lmp__lmp_usd_per_mwh__th_sp15_gen_apnd,0.3170100450515747,0.3297916054725647
"(4, 28)",2,dam_lmp__congestion_usd_per_mwh__th_sp15_gen_apnd,0.12893229722976685,0.1400025486946106
"(4, 28)",2,dam_lmp__loss_usd_per_mwh__th_sp15_gen_apnd,0.266288697719574,0.273032546043396
"(4, 28)",2,rt15_lmp_hourly_mean__congestion_usd_per_mwh__th_sp15_gen_apnd,0.13378095626831055,0.13696777820587158
"(4, 28)",2,dam_as_total_procured__mw__ru__as_caiso,0.14097964763641357,0.13139259815216064
"(4, 28)",2,dam_as_total_procured__mw__rd__as_caiso,0.21536105871200562,0.21055257320404053
"(4, 28)",2,dam_as_total_procured__mw__sr__as_caiso,0.0809621810913086,0.10114872455596924
"(4, 28)",2,dam_as_total_procured__mw__nr__as_caiso,0.19558221101760864,0.192166268825531
"(4, 32)",2,actual_load__mw__ca_iso_tac,0.5272278785705566,0.5361415147781372
"(4, 32)",2,dam_schedule__mw__generation__caiso_totals,0.6374022960662842,0.6365636587142944
"(4, 32)",2,dam_schedule__mw__import__caiso_totals,0.08236241340637207,0.07624727487564087
"(4, 32)",2,dam_schedule__mw__export__caiso_totals,0.5730539560317993,0.5579062700271606
"(4, 32)",2,dam_lmp__lmp_usd_per_mwh__th_sp15_gen_apnd,0.167952299118042,0.14264583587646484
"(4, 32)",2,dam_lmp__congestion_usd_per_mwh__th_sp15_gen_apnd,0.1484231948852539,0.12145239114761353
"(4, 32)",2,dam_lmp__loss_usd_per_mwh__th_sp15_gen_apnd,0.11092162132263184,0.11161202192306519
"(4, 32)",2,rt15_lmp_hourly_mean__congestion_usd_per_mwh__th_sp15_gen_apnd,0.07990920543670654,0.07151538133621216
"(4, 32)",2,dam_as_total_procured__mw__ru__as_caiso,0.3540250062942505,0.3547895550727844
"(4, 32)",2,dam_as_total_procured__mw__rd__as_caiso,0.35759294033050537,0.33310145139694214
"(4, 32)",2,dam_as_total_procured__mw__sr__as_caiso,0.06039947271347046,0.07904958724975586
"(4, 32)",2,dam_as_total_procured__mw__nr__as_caiso,0.11480951309204102,0.11086839437484741
"(4, 36)",2,actual_load__mw__ca_iso_tac,0.7622244358062744,0.7727802395820618
"(4, 36)",2,dam_schedule__mw__generation__caiso_totals,0.7606698274612427,0.7717559933662415
"(4, 36)",2,dam_schedule__mw__import__caiso_totals,0.12478071451187134,0.13334083557128906
"(4, 36)",2,dam_schedule__mw__export__caiso_totals,0.5900245904922485,0.5813260078430176
"(4, 36)",2,dam_lmp__lmp_usd_per_mwh__th_sp15_gen_apnd,0.13322293758392334,0.1640802025794983
"(4, 36)",2,dam_lmp__congestion_usd_per_mwh__th_sp15_gen_apnd,0.0692628026008606,0.08614516258239746
"(4, 36)",2,dam_lmp__loss_usd_per_mwh__th_sp15_gen_apnd,0.1509045958518982,0.16201746463775635
"(4, 36)",2,rt15_lmp_hourly_mean__congestion_usd_per_mwh__th_sp15_gen_apnd,0.03868579864501953,0.04654514789581299
"(4, 36)",2,dam_as_total_procured__mw__ru__as_caiso,0.06889504194259644,0.08053398132324219
"(4, 36)",2,dam_as_total_procured__mw__rd__as_caiso,0.16587549448013306,0.1795911192893982
"(4, 36)",2,dam_as_total_procured__mw__sr__as_caiso,0.16835099458694458,0.17995798587799072
"(4, 36)",2,dam_as_total_procured__mw__nr__as_caiso,0.4755570888519287,0.4702675938606262
"(4, 40)",2,actual_load__mw__ca_iso_tac,0.5490545630455017,0.5569336414337158
"(4, 40)",2,dam_schedule__mw__generation__caiso_totals,0.6462633609771729,0.6465054750442505
"(4, 40)",2,dam_schedule__mw__import__caiso_totals,0.03653305768966675,0.05638307332992554
"(4, 40)",2,dam_schedule__mw__export__caiso_totals,0.5706993341445923,0.5622155666351318
"(4, 40)",2,dam_lmp__lmp_usd_per_mwh__th_sp15_gen_apnd,0.22103840112686157,0.24414372444152832
"(4, 40)",2,dam_lmp__congestion_usd_per_mwh__th_sp15_gen_apnd,0.09480035305023193,0.11128950119018555
"(4, 40)",2,dam_lmp__loss_usd_per_mwh__th_sp15_gen_apnd,0.1668105125427246,0.18060189485549927
"(4, 40)",2,rt15_lmp_hourly_mean__congestion_usd_per_mwh__th_sp15_gen_apnd,0.057404160499572754,0.07003819942474365
"(4, 40)",2,dam_as_total_procured__mw__ru__as_caiso,0.09189146757125854,0.08811986446380615
"(4, 40)",2,dam_as_total_procured__mw__rd__as_caiso,0.1445605754852295,0.1538793444633484
"(4, 40)",2,dam_as_total_procured__mw__sr__as_caiso,0.05690157413482666,0.07629406452178955
"(4, 40)",2,dam_as_total_procured__mw__nr__as_caiso,0.12582898139953613,0.11365854740142822
"(5, 6)",2,actual_load__mw__ca_iso_tac,0.6556270122528076,0.6709722280502319
"(5, 6)",2,dam_schedule__mw__generation__caiso_totals,0.7239935398101807,0.7276387214660645
"(5, 6)",2,dam_schedule__mw__import__caiso_totals,0.13932794332504272,0.13189178705215454
"(5, 6)",2,dam_schedule__mw__export__caiso_totals,0.5768382549285889,0.5521367192268372
"(5, 6)",2,dam_lmp__lmp_usd_per_mwh__th_sp15_gen_apnd,0.30061620473861694,0.3150278329849243
"(5, 6)",2,dam_lmp__congestion_usd_per_mwh__th_sp15_gen_apnd,0.2162618637084961,0.21227741241455078
"(5, 6)",2,dam_lmp__loss_usd_per_mwh__th_sp15_gen_apnd,0.15995317697525024,0.17407011985778809
"(5, 6)",2,rt15_lmp_hourly_mean__congestion_usd_per_mwh__th_sp15_gen_apnd,0.1869715452194214,0.20274269580841064
"(5, 6)",2,dam_as_total_procured__mw__ru__as_caiso,0.09919047355651855,0.10880374908447266
"(5, 6)",2,dam_as_total_procured__mw__rd__as_caiso,0.2065628170967102,0.20897012948989868
"(5, 6)",2,dam_as_total_procured__mw__sr__as_caiso,0.09921520948410034,0.11567139625549316
"(5, 6)",2,dam_as_total_procured__mw__nr__as_caiso,0.1589655876159668,0.15035873651504517
"(5, 10)",2,actual_load__mw__ca_iso_tac,0.6588956117630005,0.6655942797660828
"(5, 10)",2,dam_schedule__mw__generation__caiso_totals,0.7229825258255005,0.7200677990913391
"(5, 10)",2,dam_schedule__mw__import__caiso_totals,0.06928485631942749,0.06424158811569214
"(5, 10)",2,dam_schedule__mw__export__caiso_totals,0.5598939657211304,0.5311969518661499
"(5, 10)",2,dam_lmp__lmp_usd_per_mwh__th_sp15_gen_apnd,0.14044439792633057,0.15784132480621338
"(5, 10)",2,dam_lmp__congestion_usd_per_mwh__th_sp15_gen_apnd,0.06606191396713257,0.05958092212677002
"(5, 10)",2,dam_lmp__loss_usd_per_mwh__th_sp15_gen_apnd,0.1358414888381958,0.1502053141593933
"(5, 10)",2,rt15_lmp_hourly_mean__congestion_usd_per_mwh__th_sp15_gen_apnd,0.05340933799743652,0.06453162431716919
"(5, 10)",2,dam_as_total_procured__mw__ru__as_caiso,0.05907618999481201,0.06258785724639893
"(5, 10)",2,dam_as_total_procured__mw__rd__as_caiso,0.043459177017211914,0.04678237438201904
"(5, 10)",2,dam_as_total_procured__mw__sr__as_caiso,0.09123736619949341,0.1126631498336792
"(5, 10)",2,dam_as_total_procured__mw__nr__as_caiso,0.1613195538520813,0.15772885084152222
"(5, 14)",2,actual_load__mw__ca_iso_tac,0.6544175148010254,0.6721262335777283
"(5, 14)",2,dam_schedule__mw__generation__caiso_totals,0.7234995365142822,0.7258126735687256
"(5, 14)",2,dam_schedule__mw__import__caiso_totals,0.05665355920791626,0.05416220426559448
"(5, 14)",2,dam_schedule__mw__export__caiso_totals,0.5551087856292725,0.5331041812896729
"(5, 14)",2,dam_lmp__lmp_usd_per_mwh__th_sp15_gen_apnd,0.14450031518936157,0.1642552614212036
"(5, 14)",2,dam_lmp__congestion_usd_per_mwh__th_sp15_gen_apnd,0.08675634860992432,0.09097182750701904
"(5, 14)",2,dam_lmp__loss_usd_per_mwh__th_sp15_gen_apnd,0.16603589057922363,0.18492919206619263
"(5, 14)",2,rt15_lmp_hourly_mean__congestion_usd_per_mwh__th_sp15_gen_apnd,0.07371050119400024,0.08300024271011353
"(5, 14)",2,dam_as_total_procured__mw__ru__as_caiso,0.06373172998428345,0.06582188606262207
"(5, 14)",2,dam_as_total_procured__mw__rd__as_caiso,0.05298858880996704,0.06480836868286133
"(5, 14)",2,dam_as_total_procured__mw__sr__as_caiso,0.09378284215927124,0.11626756191253662
"(5, 14)",2,dam_as_total_procured__mw__nr__as_caiso,0.1547006368637085,0.152340829372406
"(5, 18)",2,actual_load__mw__ca_iso_tac,0.647834837436676,0.6565940380096436
"(5, 18)",2,dam_schedule__mw__generation__caiso_totals,0.7188596725463867,0.7137011885643005
"(5, 18)",2,dam_schedule__mw__import__caiso_totals,0.0622023344039917,0.05782210826873779
"(5, 18)",2,dam_schedule__mw__export__caiso_totals,0.5544219017028809,0.5223442316055298
"(5, 18)",2,dam_lmp__lmp_usd_per_mwh__th_sp15_gen_apnd,0.152459979057312,0.16296470165252686
"(5, 18)",2,dam_lmp__congestion_usd_per_mwh__th_sp15_gen_apnd,0.05311000347137451,0.04738515615463257
"(5, 18)",2,dam_lmp__loss_usd_per_mwh__th_sp15_gen_apnd,0.1416274905204773,0.1547635793685913
"(5, 18)",2,rt15_lmp_hourly_mean__congestion_usd_per_mwh__th_sp15_gen_apnd,0.05568087100982666,0.06209665536880493
"(5, 18)",2,dam_as_total_procured__mw__ru__as_caiso,0.05113673210144043,0.05469542741775513
"(5, 18)",2,dam_as_total_procured__mw__rd__as_caiso,0.036488473415374756,0.03934139013290405
"(5, 18)",2,dam_as_total_procured__mw__sr__as_caiso,0.09935200214385986,0.11060529947280884
"(5, 18)",2,dam_as_total_procured__mw__nr__as_caiso,0.15568304061889648,0.14877086877822876
"(5, 22)",2,actual_load__mw__ca_iso_tac,0.684374213218689,0.696427583694458
"(5, 22)",2,dam_schedule__mw__generation__caiso_totals,0.7541327476501465,0.7559345960617065
"(5, 22)",2,dam_schedule__mw__import__caiso_totals,0.14259415864944458,0.14912128448486328
"(5, 22)",2,dam_schedule__mw__export__caiso_totals,0.5915876030921936,0.5616024136543274
"(5, 22)",2,dam_lmp__lmp_usd_per_mwh__th_sp15_gen_apnd,0.5445114374160767,0.5694231986999512
"(5, 22)",2,dam_lmp__congestion_usd_per_mwh__th_sp15_gen_apnd,0.0905601978302002,0.08297127485275269
"(5, 22)",2,dam_lmp__loss_usd_per_mwh__th_sp15_gen_apnd,0.32662296295166016,0.356340229511261
"(5, 22)",2,rt15_lmp_hourly_mean__congestion_usd_per_mwh__th_sp15_gen_apnd,0.08463943004608154,0.07928836345672607
"(5, 22)",2,dam_as_total_procured__mw__ru__as_caiso,0.13644415140151978,0.13717424869537354
"(5, 22)",2,dam_as_total_procured__mw__rd__as_caiso,0.15682047605514526,0.17274481058120728
"(5, 22)",2,dam_as_total_procured__mw__sr__as_caiso,0.09813624620437622,0.11111897230148315
"(5, 22)",2,dam_as_total_procured__mw__nr__as_caiso,0.19201809167861938,0.18585878610610962
"(5, 26)",2,actual_load__mw__ca_iso_tac,0.6813907623291016,0.6934710741043091
"(5, 26)",2,dam_schedule__mw__generation__caiso_totals,0.7787935137748718,0.7775532007217407
"(5, 26)",2,dam_schedule__mw__import__caiso_totals,0.12566566467285156,0.11741650104522705
"(5, 26)",2,dam_schedule__mw__export__caiso_totals,0.685909628868103,0.6694486141204834
"(5, 26)",2,dam_lmp__lmp_usd_per_mwh__th_sp15_gen_apnd,0.29021382331848145,0.3080659508705139
"(5, 26)",2,dam_lmp__congestion_usd_per_mwh__th_sp15_gen_apnd,0.23848307132720947,0.23912924528121948
"(5, 26)",2,dam_lmp__loss_usd_per_mwh__th_sp15_gen_apnd,0.268271267414093,0.2768703103065491
"(5, 26)",2,rt15_lmp_hourly_mean__congestion_usd_per_mwh__th_sp15_gen_apnd,0.2146083116531372,0.21539348363876343
"(5, 26)",2,dam_as_total_procured__mw__ru__as_caiso,0.13255810737609863,0.1382230520248413
"(5, 26)",2,dam_as_total_procured__mw__rd__as_caiso,0.2703995704650879,0.2674608826637268
"(5, 26)",2,dam_as_total_procured__mw__sr__as_caiso,0.09195291996002197,0.10684776306152344
"(5, 26)",2,dam_as_total_procured__mw__nr__as_caiso,0.16653364896774292,0.1546146273612976
"(5, 30)",2,actual_load__mw__ca_iso_tac,0.6236191987991333,0.634168267250061
"(5, 30)",2,dam_schedule__mw__generation__caiso_totals,0.6999995112419128,0.6981440186500549
"(5, 30)",2,dam_schedule__mw__import__caiso_totals,0.038987576961517334,0.038680195808410645
"(5, 30)",2,dam_schedule__mw__export__caiso_totals,0.5412034392356873,0.5096399188041687
"(5, 30)",2,dam_lmp__lmp_usd_per_mwh__th_sp15_gen_apnd,0.12576109170913696,0.14027297496795654
"(5, 30)",2,dam_lmp__congestion_usd_per_mwh__th_sp15_gen_apnd,0.04641908407211304,0.04240107536315918
"(5, 30)",2,dam_lmp__loss_usd_per_mwh__th_sp15_gen_apnd,0.12867385149002075,0.14091944694519043
"(5, 30)",2,rt15_lmp_hourly_mean__congestion_usd_per_mwh__th_sp15_gen_apnd,0.050981223583221436,0.05636793375015259
"(5, 30)",2,dam_as_total_procured__mw__ru__as_caiso,0.038378894329071045,0.04382646083831787
"(5, 30)",2,dam_as_total_procured__mw__rd__as_caiso,0.016418755054473877,0.01901906728744507
"(5, 30)",2,dam_as_total_procured__mw__sr__as_caiso,0.08528482913970947,0.09974807500839233
"(5, 30)",2,dam_as_total_procured__mw__nr__as_caiso,0.1470048427581787,0.14299941062927246
"(5, 34)",2,actual_load__mw__ca_iso_tac,0.6849218606948853,0.6882601976394653
"(5, 34)",2,dam_schedule__mw__generation__caiso_totals,0.7416925430297852,0.7389524579048157
"(5, 34)",2,dam_schedule__mw__import__caiso_totals,0.20458471775054932,0.19736570119857788
"(5, 34)",2,dam_schedule__mw__export__caiso_totals,0.6013748049736023,0.5710577964782715
"(5, 34)",2,dam_lmp__lmp_usd_per_mwh__th_sp15_gen_apnd,0.4528774619102478,0.43366456031799316
"(5, 34)",2,dam_lmp__congestion_usd_per_mwh__th_sp15_gen_apnd,0.3337136507034302,0.3037455081939697
"(5, 34)",2,dam_lmp__loss_usd_per_mwh__th_sp15_gen_apnd,0.15388613939285278,0.160497784614563
"(5, 34)",2,rt15_lmp_hourly_mean__congestion_usd_per_mwh__th_sp15_gen_apnd,0.2295880913734436,0.2308012843132019
"(5, 34)",2,dam_as_total_procured__mw__ru__as_caiso,0.844096302986145,0.8376834988594055
"(5, 34)",2,dam_as_total_procured__mw__rd__as_caiso,0.6757063865661621,0.6616889238357544
"(5, 34)",2,dam_as_total_procured__mw__sr__as_caiso,0.11595678329467773,0.13800281286239624
"(5, 34)",2,dam_as_total_procured__mw__nr__as_caiso,0.17086857557296753,0.1629091501235962
"(5, 38)",2,actual_load__mw__ca_iso_tac,0.6710031032562256,0.6819881200790405
"(5, 38)",2,dam_schedule__mw__generation__caiso_totals,0.7324812412261963,0.7298069596290588
"(5, 38)",2,dam_schedule__mw__import__caiso_totals,0.2620428800582886,0.25263792276382446
"(5, 38)",2,dam_schedule__mw__export__caiso_totals,0.598503053188324,0.5655971765518188
"(5, 38)",2,dam_lmp__lmp_usd_per_mwh__th_sp15_gen_apnd,0.48555314540863037,0.5077649354934692
"(5, 38)",2,dam_lmp__congestion_usd_per_mwh__th_sp15_gen_apnd,0.3063499331474304,0.2905382513999939
"(5, 38)",2,dam_lmp__loss_usd_per_mwh__th_sp15_gen_apnd,0.20838892459869385,0.22185540199279785
"(5, 38)",2,rt15_lmp_hourly_mean__congestion_usd_per_mwh__th_sp15_gen_apnd,0.1765928864479065,0.17702627182006836
"(5, 38)",2,dam_as_total_procured__mw__ru__as_caiso,0.17467600107192993,0.17490136623382568
"(5, 38)",2,dam_as_total_procured__mw__rd__as_caiso,0.4121701717376709,0.40480780601501465
"(5, 38)",2,dam_as_total_procured__mw__sr__as_caiso,0.1272563934326172,0.15092867612838745
"(5, 38)",2,dam_as_total_procured__mw__nr__as_caiso,0.17285627126693726,0.1630561351776123
"(5, 42)",2,actual_load__mw__ca_iso_tac,0.6486142873764038,0.6599223017692566
"(5, 42)",2,dam_schedule__mw__generation__caiso_totals,0.7120736241340637,0.7085773348808289
"(5, 42)",2,dam_schedule__mw__import__caiso_totals,0.07379782199859619,0.08073043823242188
"(5, 42)",2,dam_schedule__mw__export__caiso_totals,0.5590205192565918,0.5260424613952637
"(5, 42)",2,dam_lmp__lmp_usd_per_mwh__th_sp15_gen_apnd,0.31907784938812256,0.348453164100647
"(5, 42)",2,dam_lmp__congestion_usd_per_mwh__th_sp15_gen_apnd,0.12719756364822388,0.13143903017044067
"(5, 42)",2,dam_lmp__loss_usd_per_mwh__th_sp15_gen_apnd,0.14606016874313354,0.1648760437965393
"(5, 42)",2,rt15_lmp_hourly_mean__congestion_usd_per_mwh__th_sp15_gen_apnd,0.12500077486038208,0.1399480104446411
"(5, 42)",2,dam_as_total_procured__mw__ru__as_caiso,0.09266531467437744,0.0973479151725769
"(5, 42)",2,dam_as_total_procured__mw__rd__as_caiso,0.10979902744293213,0.13371384143829346
"(5, 42)",2,dam_as_total_procured__mw__sr__as_caiso,0.08062410354614258,0.1029740571975708
"(5, 42)",2,dam_as_total_procured__mw__nr__as_caiso,0.16811108589172363,0.15597015619277954
"(6, 9)",2,actual_load__mw__ca_iso_tac,0.7002915143966675,0.713198184967041
"(6, 9)",2,dam_schedule__mw__generation__caiso_totals,0.7536603808403015,0.7558658123016357
"(6, 9)",2,dam_schedule__mw__import__caiso_totals,0.35853075981140137,0.35663533210754395
"(6, 9)",2,dam_schedule__mw__export__caiso_totals,0.6255890130996704,0.6102131009101868
"(6, 9)",2,dam_lmp__lmp_usd_per_mwh__th_sp15_gen_apnd,0.7016862630844116,0.7169690132141113
"(6, 9)",2,dam_lmp__congestion_usd_per_mwh__th_sp15_gen_apnd,0.5051952600479126,0.49905794858932495
"(6, 9)",2,dam_lmp__loss_usd_per_mwh__th_sp15_gen_apnd,0.25027114152908325,0.24458664655685425
"(6, 9)",2,rt15_lmp_hourly_mean__congestion_usd_per_mwh__th_sp15_gen_apnd,0.33400678634643555,0.3584202527999878
"(6, 9)",2,dam_as_total_procured__mw__ru__as_caiso,0.41032516956329346,0.40488922595977783
"(6, 9)",2,dam_as_total_procured__mw__rd__as_caiso,0.775604248046875,0.76877760887146
"(6, 9)",2,dam_as_total_procured__mw__sr__as_caiso,0.11239933967590332,0.1556401252746582
"(6, 9)",2,dam_as_total_procured__mw__nr__as_caiso,0.16650480031967163,0.17151761054992676
"(6, 13)",2,actual_load__mw__ca_iso_tac,0.7094884514808655,0.7192573547363281
"(6, 13)",2,dam_schedule__mw__generation__caiso_totals,0.7504693865776062,0.7507285475730896
"(6, 13)",2,dam_schedule__mw__import__caiso_totals,0.4034271240234375,0.4008607268333435
"(6, 13)",2,dam_schedule__mw__export__caiso_totals,0.6300073862075806,0.6139769554138184
"(6, 13)",2,dam_lmp__lmp_usd_per_mwh__th_sp15_gen_apnd,0.7157144546508789,0.732131838798523
"(6, 13)",2,dam_lmp__congestion_usd_per_mwh__th_sp15_gen_apnd,0.5068859457969666,0.5013264417648315
"(6, 13)",2,dam_lmp__loss_usd_per_mwh__th_sp15_gen_apnd,0.3267882466316223,0.3221028447151184
"(6, 13)",2,rt15_lmp_hourly_mean__congestion_usd_per_mwh__th_sp15_gen_apnd,0.34279972314834595,0.35490095615386963
"(6, 13)",2,dam_as_total_procured__mw__ru__as_caiso,0.3881262540817261,0.38433390855789185
"(6, 13)",2,dam_as_total_procured__mw__rd__as_caiso,0.7695996761322021,0.7653564214706421
"(6, 13)",2,dam_as_total_procured__mw__sr__as_caiso,0.11340135335922241,0.15949082374572754
"(6, 13)",2,dam_as_total_procured__mw__nr__as_caiso,0.17669343948364258,0.1878299117088318
"(6, 17)",2,actual_load__mw__ca_iso_tac,0.7060785293579102,0.7165809869766235
"(6, 17)",2,dam_schedule__mw__generation__caiso_totals,0.7521384954452515,0.7521663904190063
"(6, 17)",2,dam_schedule__mw__import__caiso_totals,0.3885164260864258,0.38571274280548096
"(6, 17)",2,dam_schedule__mw__export__caiso_totals,0.6277707815170288,0.6103295087814331
"(6, 17)",2,dam_lmp__lmp_usd_per_mwh__th_sp15_gen_apnd,0.7170246839523315,0.7328957319259644
"(6, 17)",2,dam_lmp__congestion_usd_per_mwh__th_sp15_gen_apnd,0.5002410411834717,0.49422621726989746
"(6, 17)",2,dam_lmp__loss_usd_per_mwh__th_sp15_gen_apnd,0.3204149007797241,0.31376707553863525
"(6, 17)",2,rt15_lmp_hourly_mean__congestion_usd_per_mwh__th_sp15_gen_apnd,0.3220070004463196,0.339934766292572
"(6, 17)",2,dam_as_total_procured__mw__ru__as_caiso,0.40970951318740845,0.40303975343704224
"(6, 17)",2,dam_as_total_procured__mw__rd__as_caiso,0.7752774953842163,0.7706559300422668
"(6, 17)",2,dam_as_total_procured__mw__sr__as_caiso,0.12333810329437256,0.16317808628082275
"(6, 17)",2,dam_as_total_procured__mw__nr__as_caiso,0.1795451045036316,0.18706989288330078
"(6, 21)",2,actual_load__mw__ca_iso_tac,0.6999875903129578,0.717121958732605
"(6, 21)",2,dam_schedule__mw__generation__caiso_totals,0.7520743012428284,0.7658582329750061
"(6, 21)",2,dam_schedule__mw__import__caiso_totals,0.343355655670166,0.3556608557701111
"(6, 21)",2,dam_schedule__mw__export__caiso_totals,0.6270968914031982,0.6069240570068359
"(6, 21)",2,dam_lmp__lmp_usd_per_mwh__th_sp15_gen_apnd,0.9597831964492798,0.9650930166244507
"(6, 21)",2,dam_lmp__congestion_usd_per_mwh__th_sp15_gen_apnd,0.4498167037963867,0.44071346521377563
"(6, 21)",2,dam_lmp__loss_usd_per_mwh__th_sp15_gen_apnd,0.37664759159088135,0.38735175132751465
"(6, 21)",2,rt15_lmp_hourly_mean__congestion_usd_per_mwh__th_sp15_gen_apnd,0.3615737557411194,0.34945785999298096
"(6, 21)",2,dam_as_total_procured__mw__ru__as_caiso,0.23179441690444946,0.2251853346824646
"(6, 21)",2,dam_as_total_procured__mw__rd__as_caiso,0.4601513743400574,0.45994454622268677
"(6, 21)",2,dam_as_total_procured__mw__sr__as_caiso,0.11726385354995728,0.1403411626815796
"(6, 21)",2,dam_as_total_procured__mw__nr__as_caiso,0.18512040376663208,0.18887311220169067
"(6, 25)",2,actual_load__mw__ca_iso_tac,0.686126708984375,0.6992814540863037
"(6, 25)",2,dam_schedule__mw__generation__caiso_totals,0.7422184944152832,0.7436734437942505
"(6, 25)",2,dam_schedule__mw__import__caiso_totals,0.22131186723709106,0.2149893045425415
"(6, 25)",2,dam_schedule__mw__export__caiso_totals,0.5790410041809082,0.5590744018554688
"(6, 25)",2,dam_lmp__lmp_usd_per_mwh__th_sp15_gen_apnd,0.45567840337753296,0.4638940095901489
"(6, 25)",2,dam_lmp__congestion_usd_per_mwh__th_sp15_gen_apnd,0.36959707736968994,0.34515947103500366
"(6, 25)",2,dam_lmp__loss_usd_per_mwh__th_sp15_gen_apnd,0.21609628200531006,0.2312830686569214
"(6, 25)",2,rt15_lmp_hourly_mean__congestion_usd_per_mwh__th_sp15_gen_apnd,0.30812323093414307,0.3076360821723938
"(6, 25)",2,dam_as_total_procured__mw__ru__as_caiso,0.18427860736846924,0.17361980676651
"(6, 25)",2,dam_as_total_procured__mw__rd__as_caiso,0.43172574043273926,0.42079007625579834
"(6, 25)",2,dam_as_total_procured__mw__sr__as_caiso,0.07883584499359131,0.11200648546218872
"(6, 25)",2,dam_as_total_procured__mw__nr__as_caiso,0.16309702396392822,0.1708865761756897
"(6, 29)",2,actual_load__mw__ca_iso_tac,0.6854342222213745,0.7083724737167358
"(6, 29)",2,dam_schedule__mw__generation__caiso_totals,0.726391077041626,0.7355640530586243
"(6, 29)",2,dam_schedule__mw__import__caiso_totals,0.3113574981689453,0.3172195553779602
"(6, 29)",2,dam_schedule__mw__export__caiso_totals,0.6014240980148315,0.5863326191902161
"(6, 29)",2,dam_lmp__lmp_usd_per_mwh__th_sp15_gen_apnd,0.6593507528305054,0.683657705783844
"(6, 29)",2,dam_lmp__congestion_usd_per_mwh__th_sp15_gen_apnd,0.2799829840660095,0.2907019853591919
"(6, 29)",2,dam_lmp__loss_usd_per_mwh__th_sp15_gen_apnd,0.35137397050857544,0.3597588539123535
"(6, 29)",2,rt15_lmp_hourly_mean__congestion_usd_per_mwh__th_sp15_gen_apnd,0.23711109161376953,0.2546148896217346
"(6, 29)",2,dam_as_total_procured__mw__ru__as_caiso,0.14936083555221558,0.1464415192604065
"(6, 29)",2,dam_as_total_procured__mw__rd__as_caiso,0.29959529638290405,0.308768630027771
"(6, 29)",2,dam_as_total_procured__mw__sr__as_caiso,0.090359628200531,0.12452477216720581
"(6, 29)",2,dam_as_total_procured__mw__nr__as_caiso,0.18812137842178345,0.19792437553405762
"(6, 33)",2,actual_load__mw__ca_iso_tac,0.6810712218284607,0.6941623687744141
"(6, 33)",2,dam_schedule__mw__generation__caiso_totals,0.7464210987091064,0.7470152378082275
"(6, 33)",2,dam_schedule__mw__import__caiso_totals,0.2566866874694824,0.2559521794319153
"(6, 33)",2,dam_schedule__mw__export__caiso_totals,0.5781214237213135,0.5627908706665039
"(6, 33)",2,dam_lmp__lmp_usd_per_mwh__th_sp15_gen_apnd,0.4599749445915222,0.48296934366226196
"(6, 33)",2,dam_lmp__congestion_usd_per_mwh__th_sp15_gen_apnd,0.40068525075912476,0.38718241453170776
"(6, 33)",2,dam_lmp__loss_usd_per_mwh__th_sp15_gen_apnd,0.13726133108139038,0.1553858518600464
"(6, 33)",2,rt15_lmp_hourly_mean__congestion_usd_per_mwh__th_sp15_gen_apnd,0.28941643238067627,0.30313724279403687
"(6, 33)",2,dam_as_total_procured__mw__ru__as_caiso,0.3265830874443054,0.32509613037109375
"(6, 33)",2,dam_as_total_procured__mw__rd__as_caiso,0.7444818615913391,0.7460434436798096
"(6, 33)",2,dam_as_total_procured__mw__sr__as_caiso,0.09141683578491211,0.12483906745910645
"(6, 33)",2,dam_as_total_procured__mw__nr__as_caiso,0.15010863542556763,0.15023869276046753
"(6, 37)",2,actual_load__mw__ca_iso_tac,0.7873315215110779,0.8065146207809448
"(6, 37)",2,dam_schedule__mw__generation__caiso_totals,0.7857663631439209,0.7993460893630981
"(6, 37)",2,dam_schedule__mw__import__caiso_totals,0.20998996496200562,0.19602209329605103
"(6, 37)",2,dam_schedule__mw__export__caiso_totals,0.5462741851806641,0.5346667766571045
"(6, 37)",2,dam_lmp__lmp_usd_per_mwh__th_sp15_gen_apnd,0.3630678653717041,0.3806231617927551
"(6, 37)",2,dam_lmp__congestion_usd_per_mwh__th_sp15_gen_apnd,0.24823123216629028,0.25602805614471436
"(6, 37)",2,dam_lmp__loss_usd_per_mwh__th_sp15_gen_apnd,0.1822872757911682,0.20660674571990967
"(6, 37)",2,rt15_lmp_hourly_mean__congestion_usd_per_mwh__th_sp15_gen_apnd,0.19293487071990967,0.21737819910049438
"(6, 37)",2,dam_as_total_procured__mw__ru__as_caiso,0.12017130851745605,0.12623274326324463
"(6, 37)",2,dam_as_total_procured__mw__rd__as_caiso,0.2251778244972229,0.24372375011444092
"(6, 37)",2,dam_as_total_procured__mw__sr__as_caiso,0.15912002325057983,0.17064720392227173
"(6, 37)",2,dam_as_total_procured__mw__nr__as_caiso,0.4671187996864319,0.46166032552719116
"(6, 41)",2,actual_load__mw__ca_iso_tac,0.6462460160255432,0.6619834899902344
"(6, 41)",2,dam_schedule__mw__generation__caiso_totals,0.6947665214538574,0.7048675417900085
"(6, 41)",2,dam_schedule__mw__import__caiso_totals,0.23562967777252197,0.23912233114242554
"(6, 41)",2,dam_schedule__mw__export__caiso_totals,0.5937076807022095,0.5730646252632141
"(6, 41)",2,dam_lmp__lmp_usd_per_mwh__th_sp15_gen_apnd,0.6649294495582581,0.6749367713928223
"(6, 41)",2,dam_lmp__congestion_usd_per_mwh__th_sp15_gen_apnd,0.35733675956726074,0.357928991317749
"(6, 41)",2,dam_lmp__loss_usd_per_mwh__th_sp15_gen_apnd,0.26311951875686646,0.2623671293258667
"(6, 41)",2,rt15_lmp_hourly_mean__congestion_usd_per_mwh__th_sp15_gen_apnd,0.28313761949539185,0.2987505793571472
"(6, 41)",2,dam_as_total_procured__mw__ru__as_caiso,0.19755268096923828,0.19102239608764648
"(6, 41)",2,dam_as_total_procured__mw__rd__as_caiso,0.36833417415618896,0.37453126907348633
"(6, 41)",2,dam_as_total_procured__mw__sr__as_caiso,0.0771837830543518,0.10507363080978394
"(6, 41)",2,dam_as_total_procured__mw__nr__as_caiso,0.1564807891845703,0.15835797786712646
"(7, 9)",2,actual_load__mw__ca_iso_tac,0.25919830799102783,0.25191688537597656
"(7, 9)",2,dam_schedule__mw__generation__caiso_totals,0.3002409338951111,0.29850292205810547
"(7, 9)",2,dam_schedule__mw__import__caiso_totals,0.29510438442230225,0.2923482656478882
"(7, 9)",2,dam_schedule__mw__export__caiso_totals,0.34291529655456543,0.35064148902893066
"(7, 9)",2,dam_lmp__lmp_usd_per_mwh__th_sp15_gen_apnd,0.6169054508209229,0.6179908514022827
"(7, 9)",2,dam_lmp__congestion_usd_per_mwh__th_sp15_gen_apnd,0.4934588074684143,0.48047447204589844
"(7, 9)",2,dam_lmp__loss_usd_per_mwh__th_sp15_gen_apnd,0.20868510007858276,0.19054388999938965
"(7, 9)",2,rt15_lmp_hourly_mean__congestion_usd_per_mwh__th_sp15_gen_apnd,0.34697335958480835,0.35958439111709595
"(7, 9)",2,dam_as_total_procured__mw__ru__as_caiso,0.41073745489120483,0.3968728184700012
"(7, 9)",2,dam_as_total_procured__mw__rd__as_caiso,0.7591069936752319,0.7436012625694275
"(7, 9)",2,dam_as_total_procured__mw__sr__as_caiso,0.08391839265823364,0.11264246702194214
"(7, 9)",2,dam_as_total_procured__mw__nr__as_caiso,0.06484478712081909,0.06452429294586182
"(7, 13)",2,actual_load__mw__ca_iso_tac,0.28578460216522217,0.2862107753753662
"(7, 13)",2,dam_schedule__mw__generation__caiso_totals,0.2829781770706177,0.28540879487991333
"(7, 13)",2,dam_schedule__mw__import__caiso_totals,0.3472664952278137,0.33921509981155396
"(7, 13)",2,dam_schedule__mw__export__caiso_totals,0.322487473487854,0.3336407542228699
"(7, 13)",2,dam_lmp__lmp_usd_per_mwh__th_sp15_gen_apnd,0.6382232904434204,0.64232337474823
"(7, 13)",2,dam_lmp__congestion_usd_per_mwh__th_sp15_gen_apnd,0.4500974416732788,0.4319204092025757
"(7, 13)",2,dam_lmp__loss_usd_per_mwh__th_sp15_gen_apnd,0.297454297542572,0.2838307023048401
"(7, 13)",2,rt15_lmp_hourly_mean__congestion_usd_per_mwh__th_sp15_gen_apnd,0.37156397104263306,0.34465712308883667
"(7, 13)",2,dam_as_total_procured__mw__ru__as_caiso,0.37117284536361694,0.35327863693237305
"(7, 13)",2,dam_as_total_procured__mw__rd__as_caiso,0.7355139255523682,0.7256711721420288
"(7, 13)",2,dam_as_total_procured__mw__sr__as_caiso,0.07477283477783203,0.11340099573135376
"(7, 13)",2,dam_as_total_procured__mw__nr__as_caiso,0.05990147590637207,0.06444436311721802
"(7, 17)",2,actual_load__mw__ca_iso_tac,0.2787085175514221,0.2735970616340637
"(7, 17)",2,dam_schedule__mw__generation__caiso_totals,0.28591811656951904,0.28860360383987427
"(7, 17)",2,dam_schedule__mw__import__caiso_totals,0.3261967897415161,0.3223087191581726
"(7, 17)",2,dam_schedule__mw__export__caiso_totals,0.3329653739929199,0.3439188599586487
"(7, 17)",2,dam_lmp__lmp_usd_per_mwh__th_sp15_gen_apnd,0.6447740793228149,0.6517618298530579
"(7, 17)",2,dam_lmp__congestion_usd_per_mwh__th_sp15_gen_apnd,0.4754428267478943,0.4668523073196411
"(7, 17)",2,dam_lmp__loss_usd_per_mwh__th_sp15_gen_apnd,0.2901220917701721,0.2772604823112488
"(7, 17)",2,rt15_lmp_hourly_mean__congestion_usd_per_mwh__th_sp15_gen_apnd,0.36084645986557007,0.3565419912338257
"(7, 17)",2,dam_as_total_procured__mw__ru__as_caiso,0.395963191986084,0.3775177001953125
"(7, 17)",2,dam_as_total_procured__mw__rd__as_caiso,0.7495748996734619,0.7382732629776001
"(7, 17)",2,dam_as_total_procured__mw__sr__as_caiso,0.08202779293060303,0.11336910724639893
"(7, 17)",2,dam_as_total_procured__mw__nr__as_caiso,0.06808990240097046,0.07611775398254395
"(7, 21)",2,actual_load__mw__ca_iso_tac,0.49062079191207886,0.504764199256897
"(7, 21)",2,dam_schedule__mw__generation__caiso_totals,0.5559330582618713,0.5813359022140503
"(7, 21)",2,dam_schedule__mw__import__caiso_totals,0.37131267786026,0.38284778594970703
"(7, 21)",2,dam_schedule__mw__export__caiso_totals,0.4411962032318115,0.449684202671051
"(7, 21)",2,dam_lmp__lmp_usd_per_mwh__th_sp15_gen_apnd,0.9570262432098389,0.9615163803100586
"(7, 21)",2,dam_lmp__congestion_usd_per_mwh__th_sp15_gen_apnd,0.5092008113861084,0.49199843406677246
"(7, 21)",2,dam_lmp__loss_usd_per_mwh__th_sp15_gen_apnd,0.45014524459838867,0.4516422748565674
"(7, 21)",2,rt15_lmp_hourly_mean__congestion_usd_per_mwh__th_sp15_gen_apnd,0.4152885675430298,0.39151155948638916
"(7, 21)",2,dam_as_total_procured__mw__ru__as_caiso,0.33494383096694946,0.3250351548194885
"(7, 21)",2,dam_as_total_procured__mw__rd__as_caiso,0.707890510559082,0.6968095302581787
"(7, 21)",2,dam_as_total_procured__mw__sr__as_caiso,0.09547346830368042,0.13372617959976196
"(7, 21)",2,dam_as_total_procured__mw__nr__as_caiso,0.09025263786315918,0.09115010499954224
"(7, 25)",2,actual_load__mw__ca_iso_tac,0.3037192225456238,0.3186153173446655
"(7, 25)",2,dam_schedule__mw__generation__caiso_totals,0.348537802696228,0.366299033164978
"(7, 25)",2,dam_schedule__mw__import__caiso_totals,0.3170050382614136,0.32218092679977417
"(7, 25)",2,dam_schedule__mw__export__caiso_totals,0.3651583194732666,0.3815545439720154
"(7, 25)",2,dam_lmp__lmp_usd_per_mwh__th_sp15_gen_apnd,0.6199140548706055,0.6303621530532837
"(7, 25)",2,dam_lmp__congestion_usd_per_mwh__th_sp15_gen_apnd,0.44017255306243896,0.43003135919570923
"(7, 25)",2,dam_lmp__loss_usd_per_mwh__th_sp15_gen_apnd,0.29560256004333496,0.282620370388031
"(7, 25)",2,rt15_lmp_hourly_mean__congestion_usd_per_mwh__th_sp15_gen_apnd,0.33562564849853516,0.3357689380645752
"(7, 25)",2,dam_as_total_procured__mw__ru__as_caiso,0.34559500217437744,0.33382731676101685
"(7, 25)",2,dam_as_total_procured__mw__rd__as_caiso,0.7323304414749146,0.724966824054718
"(7, 25)",2,dam_as_total_procured__mw__sr__as_caiso,0.0834924578666687,0.12392652034759521
"(7, 25)",2,dam_as_total_procured__mw__nr__as_caiso,0.054419517517089844,0.07166385650634766
"(7, 29)",2,actual_load__mw__ca_iso_tac,0.6962801218032837,0.6996219158172607
"(7, 29)",2,dam_schedule__mw__generation__caiso_totals,0.6785072088241577,0.6918606162071228
"(7, 29)",2,dam_schedule__mw__import__caiso_totals,0.3591212034225464,0.36539530754089355
"(7, 29)",2,dam_schedule__mw__export__caiso_totals,0.4338291883468628,0.4499528408050537
"(7, 29)",2,dam_lmp__lmp_usd_per_mwh__th_sp15_gen_apnd,0.7661228179931641,0.7827614545822144
"(7, 29)",2,dam_lmp__congestion_usd_per_mwh__th_sp15_gen_apnd,0.4493194818496704,0.44136250019073486
"(7, 29)",2,dam_lmp__loss_usd_per_mwh__th_sp15_gen_apnd,0.4014473557472229,0.390908420085907
"(7, 29)",2,rt15_lmp_hourly_mean__congestion_usd_per_mwh__th_sp15_gen_apnd,0.3461131453514099,0.34993261098861694
"(7, 29)",2,dam_as_total_procured__mw__ru__as_caiso,0.3403327465057373,0.3276621699333191
"(7, 29)",2,dam_as_total_procured__mw__rd__as_caiso,0.7227764129638672,0.7175959348678589
"(7, 29)",2,dam_as_total_procured__mw__sr__as_caiso,0.11257892847061157,0.14928942918777466
"(7, 29)",2,dam_as_total_procured__mw__nr__as_caiso,0.1473512053489685,0.15263819694519043
"(7, 33)",2,actual_load__mw__ca_iso_tac,0.27283406257629395,0.2731282114982605
"(7, 33)",2,dam_schedule__mw__generation__caiso_totals,0.28810060024261475,0.2917950749397278
"(7, 33)",2,dam_schedule__mw__import__caiso_totals,0.26680248975753784,0.27053308486938477
"(7, 33)",2,dam_schedule__mw__export__caiso_totals,0.30868297815322876,0.31726890802383423
"(7, 33)",2,dam_lmp__lmp_usd_per_mwh__th_sp15_gen_apnd,0.5080762505531311,0.5193078517913818
"(7, 33)",2,dam_lmp__congestion_usd_per_mwh__th_sp15_gen_apnd,0.3892625570297241,0.3832665681838989
"(7, 33)",2,dam_lmp__loss_usd_per_mwh__th_sp15_gen_apnd,0.15990078449249268,0.153397798538208
"(7, 33)",2,rt15_lmp_hourly_mean__congestion_usd_per_mwh__th_sp15_gen_apnd,0.2797194719314575,0.2768715023994446
"(7, 33)",2,dam_as_total_procured__mw__ru__as_caiso,0.33953678607940674,0.33207178115844727
"(7, 33)",2,dam_as_total_procured__mw__rd__as_caiso,0.785470724105835,0.7803140878677368
"(7, 33)",2,dam_as_total_procured__mw__sr__as_caiso,0.07708537578582764,0.11405003070831299
"(7, 33)",2,dam_as_total_procured__mw__nr__as_caiso,0.06105196475982666,0.058461129665374756
"(7, 37)",2,actual_load__mw__ca_iso_tac,0.5778464674949646,0.6046164035797119
"(7, 37)",2,dam_schedule__mw__generation__caiso_totals,0.5360094308853149,0.5760852098464966
"(7, 37)",2,dam_schedule__mw__import__caiso_totals,0.38852691650390625,0.37850046157836914
"(7, 37)",2,dam_schedule__mw__export__caiso_totals,0.449160099029541,0.4627218246459961
"(7, 37)",2,dam_lmp__lmp_usd_per_mwh__th_sp15_gen_apnd,0.5955166816711426,0.6107192039489746
"(7, 37)",2,dam_lmp__congestion_usd_per_mwh__th_sp15_gen_apnd,0.4132787585258484,0.4030221700668335
"(7, 37)",2,dam_lmp__loss_usd_per_mwh__th_sp15_gen_apnd,0.1969107985496521,0.1835852861404419
"(7, 37)",2,rt15_lmp_hourly_mean__congestion_usd_per_mwh__th_sp15_gen_apnd,0.2802858352661133,0.28340643644332886
"(7, 37)",2,dam_as_total_procured__mw__ru__as_caiso,0.3556114435195923,0.344748854637146
"(7, 37)",2,dam_as_total_procured__mw__rd__as_caiso,0.7096235156059265,0.7062481641769409
"(7, 37)",2,dam_as_total_procured__mw__sr__as_caiso,0.181424081325531,0.21431338787078857
"(7, 37)",2,dam_as_total_procured__mw__nr__as_caiso,0.47404855489730835,0.47542649507522583
"(7, 41)",2,actual_load__mw__ca_iso_tac,0.3111546039581299,0.31659507751464844
"(7, 41)",2,dam_schedule__mw__generation__caiso_totals,0.29628419876098633,0.3023796081542969
"(7, 41)",2,dam_schedule__mw__import__caiso_totals,0.2807379961013794,0.283616840839386
"(7, 41)",2,dam_schedule__mw__export__caiso_totals,0.30803000926971436,0.3238207697868347
"(7, 41)",2,dam_lmp__lmp_usd_per_mwh__th_sp15_gen_apnd,0.6242933869361877,0.6315423250198364
"(7, 41)",2,dam_lmp__congestion_usd_per_mwh__th_sp15_gen_apnd,0.4095425605773926,0.4055258631706238
"(7, 41)",2,dam_lmp__loss_usd_per_mwh__th_sp15_gen_apnd,0.23513340950012207,0.20950645208358765
"(7, 41)",2,rt15_lmp_hourly_mean__congestion_usd_per_mwh__th_sp15_gen_apnd,0.3111056089401245,0.3143655061721802
"(7, 41)",2,dam_as_total_procured__mw__ru__as_caiso,0.3275042176246643,0.31257104873657227
"(7, 41)",2,dam_as_total_procured__mw__rd__as_caiso,0.6879172325134277,0.6790313720703125
"(7, 41)",2,dam_as_total_procured__mw__sr__as_caiso,0.07751643657684326,0.11550009250640869
"(7, 41)",2,dam_as_total_procured__mw__nr__as_caiso,0.03500622510910034,0.03962057828903198
"(8, 10)",2,actual_load__mw__ca_iso_tac,0.0871996283531189,0.06862205266952515
"(8, 10)",2,dam_schedule__mw__generation__caiso_totals,0.08547163009643555,0.06321454048156738
"(8, 10)",2,dam_schedule__mw__import__caiso_totals,0.04614126682281494,0.04092061519622803
"(8, 10)",2,dam_schedule__mw__export__caiso_totals,0.06469297409057617,0.05915403366088867
"(8, 10)",2,dam_lmp__lmp_usd_per_mwh__th_sp15_gen_apnd,0.03778022527694702,0.042126357555389404
"(8, 10)",2,dam_lmp__congestion_usd_per_mwh__th_sp15_gen_apnd,0.05604439973831177,0.05724900960922241
"(8, 10)",2,dam_lmp__loss_usd_per_mwh__th_sp15_gen_apnd,0.012342453002929688,0.01032710075378418
"(8, 10)",2,rt15_lmp_hourly_mean__congestion_usd_per_mwh__th_sp15_gen_apnd,0.02580869197845459,0.029986441135406494
"(8, 10)",2,dam_as_total_procured__mw__ru__as_caiso,0.043607354164123535,0.039978742599487305
"(8, 10)",2,dam_as_total_procured__mw__rd__as_caiso,0.0387231707572937,0.04514265060424805
"(8, 10)",2,dam_as_total_procured__mw__sr__as_caiso,0.015728652477264404,0.018986940383911133
"(8, 10)",2,dam_as_total_procured__mw__nr__as_caiso,0.04361903667449951,0.038650333881378174
"(8, 14)",2,actual_load__mw__ca_iso_tac,0.0684351921081543,0.058252811431884766
"(8, 14)",2,dam_schedule__mw__generation__caiso_totals,0.07764333486557007,0.06431341171264648
"(8, 14)",2,dam_schedule__mw__import__caiso_totals,0.012493729591369629,0.014601469039916992
"(8, 14)",2,dam_schedule__mw__export__caiso_totals,0.060056328773498535,0.062459349632263184
"(8, 14)",2,dam_lmp__lmp_usd_per_mwh__th_sp15_gen_apnd,0.027985751628875732,0.0274503231048584
"(8, 14)",2,dam_lmp__congestion_usd_per_mwh__th_sp15_gen_apnd,0.04875844717025757,0.053588688373565674
"(8, 14)",2,dam_lmp__loss_usd_per_mwh__th_sp15_gen_apnd,0.01704651117324829,0.015331268310546875
"(8, 14)",2,rt15_lmp_hourly_mean__congestion_usd_per_mwh__th_sp15_gen_apnd,0.019265294075012207,0.02501457929611206
"(8, 14)",2,dam_as_total_procured__mw__ru__as_caiso,0.027259767055511475,0.02901822328567505
"(8, 14)",2,dam_as_total_procured__mw__rd__as_caiso,0.01788419485092163,0.026819467544555664
"(8, 14)",2,dam_as_total_procured__mw__sr__as_caiso,0.012004196643829346,0.013200700283050537
"(8, 14)",2,dam_as_total_procured__mw__nr__as_caiso,0.03129470348358154,0.02858138084411621
"(8, 18)",2,actual_load__mw__ca_iso_tac,0.0984143614768982,0.08149415254592896
"(8, 18)",2,dam_schedule__mw__generation__caiso_totals,0.10459154844284058,0.0786888599395752
"(8, 18)",2,dam_schedule__mw__import__caiso_totals,0.03826242685317993,0.029495298862457275
"(8, 18)",2,dam_schedule__mw__export__caiso_totals,0.0756639838218689,0.06663018465042114
"(8, 18)",2,dam_lmp__lmp_usd_per_mwh__th_sp15_gen_apnd,0.05498814582824707,0.043570101261138916
"(8, 18)",2,dam_lmp__congestion_usd_per_mwh__th_sp15_gen_apnd,0.04558563232421875,0.04586315155029297
"(8, 18)",2,dam_lmp__loss_usd_per_mwh__th_sp15_gen_apnd,0.01849532127380371,0.019578754901885986
"(8, 18)",2,rt15_lmp_hourly_mean__congestion_usd_per_mwh__th_sp15_gen_apnd,0.02615952491760254,0.027912557125091553
"(8, 18)",2,dam_as_total_procured__mw__ru__as_caiso,0.03978300094604492,0.03298252820968628
"(8, 18)",2,dam_as_total_procured__mw__rd__as_caiso,0.03138601779937744,0.03109508752822876
"(8, 18)",2,dam_as_total_procured__mw__sr__as_caiso,0.014736652374267578,0.013363063335418701
"(8, 18)",2,dam_as_total_procured__mw__nr__as_caiso,0.03647881746292114,0.035225510597229004
"(8, 22)",2,actual_load__mw__ca_iso_tac,0.1762617826461792,0.16277152299880981
"(8, 22)",2,dam_schedule__mw__generation__caiso_totals,0.1848704218864441,0.16920781135559082
"(8, 22)",2,dam_schedule__mw__import__caiso_totals,0.11929196119308472,0.12686198949813843
"(8, 22)",2,dam_schedule__mw__export__caiso_totals,0.10510766506195068,0.10278654098510742
"(8, 22)",2,dam_lmp__lmp_usd_per_mwh__th_sp15_gen_apnd,0.5361183881759644,0.5608141422271729
"(8, 22)",2,dam_lmp__congestion_usd_per_mwh__th_sp15_gen_apnd,0.11680781841278076,0.11724269390106201
"(8, 22)",2,dam_lmp__loss_usd_per_mwh__th_sp15_gen_apnd,0.28939563035964966,0.3254324793815613
"(8, 22)",2,rt15_lmp_hourly_mean__congestion_usd_per_mwh__th_sp15_gen_apnd,0.08044427633285522,0.07316899299621582
"(8, 22)",2,dam_as_total_procured__mw__ru__as_caiso,0.14925360679626465,0.12960827350616455
"(8, 22)",2,dam_as_total_procured__mw__rd__as_caiso,0.15898823738098145,0.17591887712478638
"(8, 22)",2,dam_as_total_procured__mw__sr__as_caiso,0.02533966302871704,0.02225017547607422
"(8, 22)",2,dam_as_total_procured__mw__nr__as_caiso,0.044358789920806885,0.05049556493759155
"(8, 26)",2,actual_load__mw__ca_iso_tac,0.2694886326789856,0.24471783638000488
"(8, 26)",2,dam_schedule__mw__generation__caiso_totals,0.3469240069389343,0.3115185499191284
"(8, 26)",2,dam_schedule__mw__import__caiso_totals,0.027779579162597656,0.03307688236236572
"(8, 26)",2,dam_schedule__mw__export__caiso_totals,0.3757548928260803,0.3508809208869934
"(8, 26)",2,dam_lmp__lmp_usd_per_mwh__th_sp15_gen_apnd,0.05014675855636597,0.0721399188041687
"(8, 26)",2,dam_lmp__congestion_usd_per_mwh__th_sp15_gen_apnd,0.08458012342453003,0.09514111280441284
"(8, 26)",2,dam_lmp__loss_usd_per_mwh__th_sp15_gen_apnd,0.14454621076583862,0.14003074169158936
"(8, 26)",2,rt15_lmp_hourly_mean__congestion_usd_per_mwh__th_sp15_gen_apnd,0.03866875171661377,0.0465434193611145
"(8, 26)",2,dam_as_total_procured__mw__ru__as_caiso,0.10148108005523682,0.11126142740249634
"(8, 26)",2,dam_as_total_procured__mw__rd__as_caiso,0.1588425636291504,0.17245179414749146
"(8, 26)",2,dam_as_total_procured__mw__sr__as_caiso,0.011122941970825195,0.014417946338653564
"(8, 26)",2,dam_as_total_procured__mw__nr__as_caiso,0.09808194637298584,0.08047753572463989
"(8, 30)",2,actual_load__mw__ca_iso_tac,0.07329440116882324,0.054655492305755615
"(8, 30)",2,dam_schedule__mw__generation__caiso_totals,0.07855254411697388,0.056425273418426514
"(8, 30)",2,dam_schedule__mw__import__caiso_totals,0.011500775814056396,0.010724186897277832
"(8, 30)",2,dam_schedule__mw__export__caiso_totals,0.055577218532562256,0.04889875650405884
"(8, 30)",2,dam_lmp__lmp_usd_per_mwh__th_sp15_gen_apnd,0.010064661502838135,0.014050602912902832
"(8, 30)",2,dam_lmp__congestion_usd_per_mwh__th_sp15_gen_apnd,0.03474467992782593,0.04169350862503052
"(8, 30)",2,dam_lmp__loss_usd_per_mwh__th_sp15_gen_apnd,0.0035070180892944336,0.005593061447143555
"(8, 30)",2,rt15_lmp_hourly_mean__congestion_usd_per_mwh__th_sp15_gen_apnd,0.01483774185180664,0.02059328556060791
"(8, 30)",2,dam_as_total_procured__mw__ru__as_caiso,0.030227363109588623,0.031006038188934326
"(8, 30)",2,dam_as_total_procured__mw__rd__as_caiso,0.009222269058227539,0.01901686191558838
"(8, 30)",2,dam_as_total_procured__mw__sr__as_caiso,0.011581659317016602,0.011098682880401611
"(8, 30)",2,dam_as_total_procured__mw__nr__as_caiso,0.032620787620544434,0.02666705846786499
"(8, 34)",2,actual_load__mw__ca_iso_tac,0.16258174180984497,0.14094293117523193
"(8, 34)",2,dam_schedule__mw__generation__caiso_totals,0.21230381727218628,0.18297481536865234
"(8, 34)",2,dam_schedule__mw__import__caiso_totals,0.14916545152664185,0.14382827281951904
"(8, 34)",2,dam_schedule__mw__export__caiso_totals,0.22933220863342285,0.2096129059791565
"(8, 34)",2,dam_lmp__lmp_usd_per_mwh__th_sp15_gen_apnd,0.29940736293792725,0.2679939866065979
"(8, 34)",2,dam_lmp__congestion_usd_per_mwh__th_sp15_gen_apnd,0.283311128616333,0.26130932569503784
"(8, 34)",2,dam_lmp__loss_usd_per_mwh__th_sp15_gen_apnd,0.02413421869277954,0.031411051750183105
"(8, 34)",2,rt15_lmp_hourly_mean__congestion_usd_per_mwh__th_sp15_gen_apnd,0.15906953811645508,0.15563327074050903
"(8, 34)",2,dam_as_total_procured__mw__ru__as_caiso,0.8453274965286255,0.8383712768554688
"(8, 34)",2,dam_as_total_procured__mw__rd__as_caiso,0.6393771171569824,0.6176595687866211
"(8, 34)",2,dam_as_total_procured__mw__sr__as_caiso,0.050567805767059326,0.051671504974365234
"(8, 34)",2,dam_as_total_procured__mw__nr__as_caiso,0.057460010051727295,0.04805898666381836
"(8, 38)",2,actual_load__mw__ca_iso_tac,0.12616735696792603,0.11133319139480591
"(8, 38)",2,dam_schedule__mw__generation__caiso_totals,0.12279480695724487,0.0985841155052185
"(8, 38)",2,dam_schedule__mw__import__caiso_totals,0.23825466632843018,0.23395347595214844
"(8, 38)",2,dam_schedule__mw__export__caiso_totals,0.12712764739990234,0.11424064636230469
"(8, 38)",2,dam_lmp__lmp_usd_per_mwh__th_sp15_gen_apnd,0.40457648038864136,0.4214726686477661
"(8, 38)",2,dam_lmp__congestion_usd_per_mwh__th_sp15_gen_apnd,0.26928573846817017,0.2603238821029663
"(8, 38)",2,dam_lmp__loss_usd_per_mwh__th_sp15_gen_apnd,0.12041109800338745,0.13487863540649414
"(8, 38)",2,rt15_lmp_hourly_mean__congestion_usd_per_mwh__th_sp15_gen_apnd,0.13526958227157593,0.13484662771224976
"(8, 38)",2,dam_as_total_procured__mw__ru__as_caiso,0.14099937677383423,0.12271857261657715
"(8, 38)",2,dam_as_total_procured__mw__rd__as_caiso,0.36568892002105713,0.3544573187828064
"(8, 38)",2,dam_as_total_procured__mw__sr__as_caiso,0.057534992694854736,0.06874740123748779
"(8, 38)",2,dam_as_total_procured__mw__nr__as_caiso,0.06678426265716553,0.056432127952575684
"(8, 42)",2,actual_load__mw__ca_iso_tac,0.10837280750274658,0.10640168190002441
"(8, 42)",2,dam_schedule__mw__generation__caiso_totals,0.11229485273361206,0.1008310317993164
"(8, 42)",2,dam_schedule__mw__import__caiso_totals,0.040511488914489746,0.05182594060897827
"(8, 42)",2,dam_schedule__mw__export__caiso_totals,0.10199767351150513,0.09467750787734985
"(8, 42)",2,dam_lmp__lmp_usd_per_mwh__th_sp15_gen_apnd,0.23298698663711548,0.2529386281967163
"(8, 42)",2,dam_lmp__congestion_usd_per_mwh__th_sp15_gen_apnd,0.132460355758667,0.14375966787338257
"(8, 42)",2,dam_lmp__loss_usd_per_mwh__th_sp15_gen_apnd,0.024460911750793457,0.031960129737854004
"(8, 42)",2,rt15_lmp_hourly_mean__congestion_usd_per_mwh__th_sp15_gen_apnd,0.1006624698638916,0.11160379648208618
"(8, 42)",2,dam_as_total_procured__mw__ru__as_caiso,0.08203911781311035,0.07831895351409912
"(8, 42)",2,dam_as_total_procured__mw__rd__as_caiso,0.10747957229614258,0.13040894269943237
"(8, 42)",2,dam_as_total_procured__mw__sr__as_caiso,0.006426453590393066,0.019787073135375977
"(8, 42)",2,dam_as_total_procured__mw__nr__as_caiso,0.04855632781982422,0.040723979473114014
"(9, 12)",2,actual_load__mw__ca_iso_tac,0.14660847187042236,0.14502590894699097
"(9, 12)",2,dam_schedule__mw__generation__caiso_totals,0.16403335332870483,0.15525031089782715
"(9, 12)",2,dam_schedule__mw__import__caiso_totals,0.2858603596687317,0.282684862613678
"(9, 12)",2,dam_schedule__mw__export__caiso_totals,0.23260098695755005,0.23764753341674805
"(9, 12)",2,dam_lmp__lmp_usd_per_mwh__th_sp15_gen_apnd,0.6078433990478516,0.5979381799697876
"(9, 12)",2,dam_lmp__congestion_usd_per_mwh__th_sp15_gen_apnd,0.43938398361206055,0.42647451162338257
"(9, 12)",2,dam_lmp__loss_usd_per_mwh__th_sp15_gen_apnd,0.14225852489471436,0.1303776502609253
"(9, 12)",2,rt15_lmp_hourly_mean__congestion_usd_per_mwh__th_sp15_gen_apnd,0.26607823371887207,0.2671162486076355
"(9, 12)",2,dam_as_total_procured__mw__ru__as_caiso,0.4099045991897583,0.3893811106681824
"(9, 12)",2,dam_as_total_procured__mw__rd__as_caiso,0.74953293800354,0.7318869829177856
"(9, 12)",2,dam_as_total_procured__mw__sr__as_caiso,0.06626421213150024,0.09917151927947998
"(9, 12)",2,dam_as_total_procured__mw__nr__as_caiso,0.02530062198638916,0.022716522216796875
"(9, 16)",2,actual_load__mw__ca_iso_tac,0.15731316804885864,0.15181618928909302
"(9, 16)",2,dam_schedule__mw__generation__caiso_totals,0.17627793550491333,0.16409194469451904
"(9, 16)",2,dam_schedule__mw__import__caiso_totals,0.28450363874435425,0.28097498416900635
"(9, 16)",2,dam_schedule__mw__export__caiso_totals,0.27897781133651733,0.2715652585029602
"(9, 16)",2,dam_lmp__lmp_usd_per_mwh__th_sp15_gen_apnd,0.6386444568634033,0.6256238222122192
"(9, 16)",2,dam_lmp__congestion_usd_per_mwh__th_sp15_gen_apnd,0.43915051221847534,0.4277702569961548
"(9, 16)",2,dam_lmp__loss_usd_per_mwh__th_sp15_gen_apnd,0.18529009819030762,0.15776318311691284
"(9, 16)",2,rt15_lmp_hourly_mean__congestion_usd_per_mwh__th_sp15_gen_apnd,0.278164803981781,0.2710176706314087
"(9, 16)",2,dam_as_total_procured__mw__ru__as_caiso,0.4140971899032593,0.40220457315444946
"(9, 16)",2,dam_as_total_procured__mw__rd__as_caiso,0.7477110624313354,0.7311882972717285
"(9, 16)",2,dam_as_total_procured__mw__sr__as_caiso,0.06414610147476196,0.10009068250656128
"(9, 16)",2,dam_as_total_procured__mw__nr__as_caiso,0.053544044494628906,0.04916810989379883
"(9, 20)",2,actual_load__mw__ca_iso_tac,0.3962177634239197,0.4234507083892822
"(9, 20)",2,dam_schedule__mw__generation__caiso_totals,0.41070812940597534,0.42273467779159546
"(9, 20)",2,dam_schedule__mw__import__caiso_totals,0.35968518257141113,0.3641164302825928
"(9, 20)",2,dam_schedule__mw__export__caiso_totals,0.30854642391204834,0.30950987339019775
"(9, 20)",2,dam_lmp__lmp_usd_per_mwh__th_sp15_gen_apnd,0.8573857545852661,0.8561207056045532
"(9, 20)",2,dam_lmp__congestion_usd_per_mwh__th_sp15_gen_apnd,0.45278239250183105,0.45012933015823364
"(9, 20)",2,dam_lmp__loss_usd_per_mwh__th_sp15_gen_apnd,0.4735409617424011,0.4874269366264343
"(9, 20)",2,rt15_lmp_hourly_mean__congestion_usd_per_mwh__th_sp15_gen_apnd,0.26186251640319824,0.2778475284576416
"(9, 20)",2,dam_as_total_procured__mw__ru__as_caiso,0.4173811674118042,0.40149396657943726
"(9, 20)",2,dam_as_total_procured__mw__rd__as_caiso,0.7614219188690186,0.7557700276374817
"(9, 20)",2,dam_as_total_procured__mw__sr__as_caiso,0.08710974454879761,0.12057852745056152
"(9, 20)",2,dam_as_total_procured__mw__nr__as_caiso,0.04901796579360962,0.05433863401412964
"(9, 24)",2,actual_load__mw__ca_iso_tac,0.33353865146636963,0.36353349685668945
"(9, 24)",2,dam_schedule__mw__generation__caiso_totals,0.32800424098968506,0.35881489515304565
"(9, 24)",2,dam_schedule__mw__import__caiso_totals,0.35548925399780273,0.3676486611366272
"(9, 24)",2,dam_schedule__mw__export__caiso_totals,0.27429115772247314,0.295182466506958
"(9, 24)",2,dam_lmp__lmp_usd_per_mwh__th_sp15_gen_apnd,0.838448703289032,0.8456292748451233
"(9, 24)",2,dam_lmp__congestion_usd_per_mwh__th_sp15_gen_apnd,0.47456586360931396,0.47378671169281006
"(9, 24)",2,dam_lmp__loss_usd_per_mwh__th_sp15_gen_apnd,0.3524565100669861,0.36749547719955444
"(9, 24)",2,rt15_lmp_hourly_mean__congestion_usd_per_mwh__th_sp15_gen_apnd,0.3753482699394226,0.3896796703338623
"(9, 24)",2,dam_as_total_procured__mw__ru__as_caiso,0.40342724323272705,0.38872969150543213
"(9, 24)",2,dam_as_total_procured__mw__rd__as_caiso,0.7500844597816467,0.7422170639038086
"(9, 24)",2,dam_as_total_procured__mw__sr__as_caiso,0.07752364873886108,0.11531049013137817
"(9, 24)",2,dam_as_total_procured__mw__nr__as_caiso,0.04232501983642578,0.040810585021972656
"(9, 28)",2,actual_load__mw__ca_iso_tac,0.8863612413406372,0.8872942924499512
"(9, 28)",2,dam_schedule__mw__generation__caiso_totals,0.8835995197296143,0.8847272396087646
"(9, 28)",2,dam_schedule__mw__import__caiso_totals,0.36055004596710205,0.362868070602417
"(9, 28)",2,dam_schedule__mw__export__caiso_totals,0.5522294640541077,0.5604674816131592
"(9, 28)",2,dam_lmp__lmp_usd_per_mwh__th_sp15_gen_apnd,0.7581623792648315,0.7678616046905518
"(9, 28)",2,dam_lmp__congestion_usd_per_mwh__th_sp15_gen_apnd,0.4700438976287842,0.4688594341278076
"(9, 28)",2,dam_lmp__loss_usd_per_mwh__th_sp15_gen_apnd,0.3417366147041321,0.3263496160507202
"(9, 28)",2,rt15_lmp_hourly_mean__congestion_usd_per_mwh__th_sp15_gen_apnd,0.3050355315208435,0.31953251361846924
"(9, 28)",2,dam_as_total_procured__mw__ru__as_caiso,0.40841132402420044,0.39537978172302246
"(9, 28)",2,dam_as_total_procured__mw__rd__as_caiso,0.7860547304153442,0.7775494456291199
"(9, 28)",2,dam_as_total_procured__mw__sr__as_caiso,0.13649696111679077,0.17624914646148682
"(9, 28)",2,dam_as_total_procured__mw__nr__as_caiso,0.207331120967865,0.21091580390930176
"(9, 32)",2,actual_load__mw__ca_iso_tac,0.1511622667312622,0.15536850690841675
"(9, 32)",2,dam_schedule__mw__generation__caiso_totals,0.1904839277267456,0.18761467933654785
"(9, 32)",2,dam_schedule__mw__import__caiso_totals,0.279568612575531,0.2780546545982361
"(9, 32)",2,dam_schedule__mw__export__caiso_totals,0.25553828477859497,0.25766605138778687
"(9, 32)",2,dam_lmp__lmp_usd_per_mwh__th_sp15_gen_apnd,0.5626807808876038,0.5562993884086609
"(9, 32)",2,dam_lmp__congestion_usd_per_mwh__th_sp15_gen_apnd,0.4305849075317383,0.41857749223709106
"(9, 32)",2,dam_lmp__loss_usd_per_mwh__th_sp15_gen_apnd,0.13085711002349854,0.11761629581451416
"(9, 32)",2,rt15_lmp_hourly_mean__congestion_usd_per_mwh__th_sp15_gen_apnd,0.26317399740219116,0.2624819278717041
"(9, 32)",2,dam_as_total_procured__mw__ru__as_caiso,0.47624075412750244,0.4698188304901123
"(9, 32)",2,dam_as_total_procured__mw__rd__as_caiso,0.7472962737083435,0.7324010729789734
"(9, 32)",2,dam_as_total_procured__mw__sr__as_caiso,0.06180316209793091,0.09591537714004517
"(9, 32)",2,dam_as_total_procured__mw__nr__as_caiso,0.0354955792427063,0.04415851831436157
"(9, 36)",2,actual_load__mw__ca_iso_tac,0.5074033141136169,0.5398292541503906
"(9, 36)",2,dam_schedule__mw__generation__caiso_totals,0.44940686225891113,0.4909846782684326
"(9, 36)",2,dam_schedule__mw__import__caiso_totals,0.37907928228378296,0.37508314847946167
"(9, 36)",2,dam_schedule__mw__export__caiso_totals,0.3848791718482971,0.3996455669403076
"(9, 36)",2,dam_lmp__lmp_usd_per_mwh__th_sp15_gen_apnd,0.6283926963806152,0.6423802375793457
"(9, 36)",2,dam_lmp__congestion_usd_per_mwh__th_sp15_gen_apnd,0.4673539996147156,0.46004700660705566
"(9, 36)",2,dam_lmp__loss_usd_per_mwh__th_sp15_gen_apnd,0.14253848791122437,0.14981293678283691
"(9, 36)",2,rt15_lmp_hourly_mean__congestion_usd_per_mwh__th_sp15_gen_apnd,0.2833683490753174,0.29976797103881836
"(9, 36)",2,dam_as_total_procured__mw__ru__as_caiso,0.41024601459503174,0.3927830457687378
"(9, 36)",2,dam_as_total_procured__mw__rd__as_caiso,0.7704300880432129,0.7595868110656738
"(9, 36)",2,dam_as_total_procured__mw__sr__as_caiso,0.18507152795791626,0.21104425191879272
"(9, 36)",2,dam_as_total_procured__mw__nr__as_caiso,0.46534061431884766,0.47051990032196045
"(9, 40)",2,actual_load__mw__ca_iso_tac,0.14811843633651733,0.15605437755584717
"(9, 40)",2,dam_schedule__mw__generation__caiso_totals,0.1712491512298584,0.1684998869895935
"(9, 40)",2,dam_schedule__mw__import__caiso_totals,0.28298771381378174,0.2795791029930115
"(9, 40)",2,dam_schedule__mw__export__caiso_totals,0.23799556493759155,0.2454608678817749
"(9, 40)",2,dam_lmp__lmp_usd_per_mwh__th_sp15_gen_apnd,0.5991614460945129,0.5948283672332764
"(9, 40)",2,dam_lmp__congestion_usd_per_mwh__th_sp15_gen_apnd,0.44233769178390503,0.4356856346130371
"(9, 40)",2,dam_lmp__loss_usd_per_mwh__th_sp15_gen_apnd,0.1393377184867859,0.12792682647705078
"(9, 40)",2,rt15_lmp_hourly_mean__congestion_usd_per_mwh__th_sp15_gen_apnd,0.26421940326690674,0.2739153504371643
"(9, 40)",2,dam_as_total_procured__mw__ru__as_caiso,0.40383416414260864,0.3881242871284485
"(9, 40)",2,dam_as_total_procured__mw__rd__as_caiso,0.7440967559814453,0.7291467189788818
"(9, 40)",2,dam_as_total_procured__mw__sr__as_caiso,0.06472396850585938,0.10047626495361328
"(9, 40)",2,dam_as_total_procured__mw__nr__as_caiso,0.028052926063537598,0.02581387758255005
"(10, 11)",2,actual_load__mw__ca_iso_tac,0.15935122966766357,0.16564399003982544
"(10, 11)",2,dam_schedule__mw__generation__caiso_totals,0.19780147075653076,0.19089972972869873
"(10, 11)",2,dam_schedule__mw__import__caiso_totals,0.27367478609085083,0.26967334747314453
"(10, 11)",2,dam_schedule__mw__export__caiso_totals,0.2976530194282532,0.29335153102874756
"(10, 11)",2,dam_lmp__lmp_usd_per_mwh__th_sp15_gen_apnd,0.5298222303390503,0.5255340337753296
"(10, 11)",2,dam_lmp__congestion_usd_per_mwh__th_sp15_gen_apnd,0.3869526982307434,0.37621450424194336
"(10, 11)",2,dam_lmp__loss_usd_per_mwh__th_sp15_gen_apnd,0.10548901557922363,0.09641158580780029
"(10, 11)",2,rt15_lmp_hourly_mean__congestion_usd_per_mwh__th_sp15_gen_apnd,0.23188096284866333,0.23297297954559326
"(10, 11)",2,dam_as_total_procured__mw__ru__as_caiso,0.39102041721343994,0.3740088939666748
"(10, 11)",2,dam_as_total_procured__mw__rd__as_caiso,0.7317120432853699,0.7185455560684204
"(10, 11)",2,dam_as_total_procured__mw__sr__as_caiso,0.07252323627471924,0.10783499479293823
"(10, 11)",2,dam_as_total_procured__mw__nr__as_caiso,0.03692209720611572,0.04230314493179321
"(10, 15)",2,actual_load__mw__ca_iso_tac,0.10966086387634277,0.1048089861869812
"(10, 15)",2,dam_schedule__mw__generation__caiso_totals,0.13289719820022583,0.12476843595504761
"(10, 15)",2,dam_schedule__mw__import__caiso_totals,0.297399640083313,0.29455864429473877
"(10, 15)",2,dam_schedule__mw__export__caiso_totals,0.2658575773239136,0.2648237943649292
"(10, 15)",2,dam_lmp__lmp_usd_per_mwh__th_sp15_gen_apnd,0.651386022567749,0.6403950452804565
"(10, 15)",2,dam_lmp__congestion_usd_per_mwh__th_sp15_gen_apnd,0.4513022303581238,0.43453776836395264
"(10, 15)",2,dam_lmp__loss_usd_per_mwh__th_sp15_gen_apnd,0.21489661931991577,0.1940535306930542
"(10, 15)",2,rt15_lmp_hourly_mean__congestion_usd_per_mwh__th_sp15_gen_apnd,0.2778637409210205,0.2646734118461609
"(10, 15)",2,dam_as_total_procured__mw__ru__as_caiso,0.41563212871551514,0.4009212851524353
"(10, 15)",2,dam_as_total_procured__mw__rd__as_caiso,0.749189019203186,0.7292312383651733
"(10, 15)",2,dam_as_total_procured__mw__sr__as_caiso,0.0635499358177185,0.09462809562683105
"(10, 15)",2,dam_as_total_procured__mw__nr__as_caiso,0.0588342547416687,0.05539780855178833
"(10, 19)",2,actual_load__mw__ca_iso_tac,0.21491974592208862,0.22133022546768188
"(10, 19)",2,dam_schedule__mw__generation__caiso_totals,0.198583722114563,0.20506525039672852
"(10, 19)",2,dam_schedule__mw__import__caiso_totals,0.2922288179397583,0.29056841135025024
"(10, 19)",2,dam_schedule__mw__export__caiso_totals,0.17175376415252686,0.16512560844421387
"(10, 19)",2,dam_lmp__lmp_usd_per_mwh__th_sp15_gen_apnd,0.9584625363349915,0.958246111869812
"(10, 19)",2,dam_lmp__congestion_usd_per_mwh__th_sp15_gen_apnd,0.3497641086578369,0.3419193625450134
"(10, 19)",2,dam_lmp__loss_usd_per_mwh__th_sp15_gen_apnd,0.4325063228607178,0.4422048330307007
"(10, 19)",2,rt15_lmp_hourly_mean__congestion_usd_per_mwh__th_sp15_gen_apnd,0.2930317521095276,0.27274584770202637
"(10, 19)",2,dam_as_total_procured__mw__ru__as_caiso,0.23244506120681763,0.20021837949752808
"(10, 19)",2,dam_as_total_procured__mw__rd__as_caiso,0.4027813673019409,0.4061778783798218
"(10, 19)",2,dam_as_total_procured__mw__sr__as_caiso,0.024003148078918457,0.028880834579467773
"(10, 19)",2,dam_as_total_procured__mw__nr__as_caiso,0.07743096351623535,0.08392339944839478
"(10, 23)",2,actual_load__mw__ca_iso_tac,0.11887967586517334,0.12743955850601196
"(10, 23)",2,dam_schedule__mw__generation__caiso_totals,0.07886552810668945,0.09448450803756714
"(10, 23)",2,dam_schedule__mw__import__caiso_totals,0.24465739727020264,0.24870836734771729
"(10, 23)",2,dam_schedule__mw__export__caiso_totals,0.07823234796524048,0.08001750707626343
"(10, 23)",2,dam_lmp__lmp_usd_per_mwh__th_sp15_gen_apnd,0.8657661080360413,0.8688182234764099
"(10, 23)",2,dam_lmp__congestion_usd_per_mwh__th_sp15_gen_apnd,0.4070890545845032,0.4023873805999756
"(10, 23)",2,dam_lmp__loss_usd_per_mwh__th_sp15_gen_apnd,0.3145301938056946,0.31924641132354736
"(10, 23)",2,rt15_lmp_hourly_mean__congestion_usd_per_mwh__th_sp15_gen_apnd,0.43657273054122925,0.43916505575180054
"(10, 23)",2,dam_as_total_procured__mw__ru__as_caiso,0.23770469427108765,0.2058936357498169
"(10, 23)",2,dam_as_total_procured__mw__rd__as_caiso,0.418796181678772,0.41365957260131836
"(10, 23)",2,dam_as_total_procured__mw__sr__as_caiso,0.017868220806121826,0.0249902606010437
"(10, 23)",2,dam_as_total_procured__mw__nr__as_caiso,0.02513587474822998,0.035564959049224854
"(10, 27)",2,actual_load__mw__ca_iso_tac,0.6580279469490051,0.6569976806640625
"(10, 27)",2,dam_schedule__mw__generation__caiso_totals,0.6168733835220337,0.627738893032074
"(10, 27)",2,dam_schedule__mw__import__caiso_totals,0.21677976846694946,0.21446645259857178
"(10, 27)",2,dam_schedule__mw__export__caiso_totals,0.35941219329833984,0.3442434072494507
"(10, 27)",2,dam_lmp__lmp_usd_per_mwh__th_sp15_gen_apnd,0.4017825722694397,0.4194411635398865
"(10, 27)",2,dam_lmp__congestion_usd_per_mwh__th_sp15_gen_apnd,0.063495934009552,0.060245394706726074
"(10, 27)",2,dam_lmp__loss_usd_per_mwh__th_sp15_gen_apnd,0.35370874404907227,0.3458373546600342
"(10, 27)",2,rt15_lmp_hourly_mean__congestion_usd_per_mwh__th_sp15_gen_apnd,0.07046997547149658,0.0754355788230896
"(10, 27)",2,dam_as_total_procured__mw__ru__as_caiso,0.10467904806137085,0.09917646646499634
"(10, 27)",2,dam_as_total_procured__mw__rd__as_caiso,0.12392044067382812,0.1251421570777893
"(10, 27)",2,dam_as_total_procured__mw__sr__as_caiso,0.04108351469039917,0.04923880100250244
"(10, 27)",2,dam_as_total_procured__mw__nr__as_caiso,0.19683575630187988,0.20191919803619385
"(10, 31)",2,actual_load__mw__ca_iso_tac,0.0,0.0
"(10, 31)",2,dam_schedule__mw__generation__caiso_totals,0.006199657917022705,0.005111396312713623
"(10, 31)",2,dam_schedule__mw__import__caiso_totals,0.016993224620819092,0.01497185230255127
"(10, 31)",2,dam_schedule__mw__export__caiso_totals,0.02074432373046875,0.018860816955566406
"(10, 31)",2,dam_lmp__lmp_usd_per_mwh__th_sp15_gen_apnd,0.009963810443878174,0.00932687520980835
"(10, 31)",2,dam_lmp__congestion_usd_per_mwh__th_sp15_gen_apnd,0.01177436113357544,0.009249627590179443
"(10, 31)",2,dam_lmp__loss_usd_per_mwh__th_sp15_gen_apnd,0.006266117095947266,0.005217194557189941
"(10, 31)",2,rt15_lmp_hourly_mean__congestion_usd_per_mwh__th_sp15_gen_apnd,0.0015912055969238281,0.004614770412445068
"(10, 31)",2,dam_as_total_procured__mw__ru__as_caiso,0.017850637435913086,0.014322340488433838
"(10, 31)",2,dam_as_total_procured__mw__rd__as_caiso,0.019597530364990234,0.020547986030578613
"(10, 31)",2,dam_as_total_procured__mw__sr__as_caiso,0.0,0.0012668371200561523
"(10, 31)",2,dam_as_total_procured__mw__nr__as_caiso,0.018653392791748047,0.019252538681030273
"(10, 35)",2,actual_load__mw__ca_iso_tac,0.277000367641449,0.2795940637588501
"(10, 35)",2,dam_schedule__mw__generation__caiso_totals,0.29267460107803345,0.276891827583313
"(10, 35)",2,dam_schedule__mw__import__caiso_totals,0.2620011568069458,0.2540978789329529
"(10, 35)",2,dam_schedule__mw__export__caiso_totals,0.25974541902542114,0.2553199529647827
"(10, 35)",2,dam_lmp__lmp_usd_per_mwh__th_sp15_gen_apnd,0.4492068886756897,0.422730028629303
"(10, 35)",2,dam_lmp__congestion_usd_per_mwh__th_sp15_gen_apnd,0.39274585247039795,0.3545913100242615
"(10, 35)",2,dam_lmp__loss_usd_per_mwh__th_sp15_gen_apnd,0.08813047409057617,0.08514136075973511
"(10, 35)",2,rt15_lmp_hourly_mean__congestion_usd_per_mwh__th_sp15_gen_apnd,0.2304489016532898,0.221419095993042
"(10, 35)",2,dam_as_total_procured__mw__ru__as_caiso,0.42478764057159424,0.42402637004852295
"(10, 35)",2,dam_as_total_procured__mw__rd__as_caiso,0.9769797921180725,0.9748324751853943
"(10, 35)",2,dam_as_total_procured__mw__sr__as_caiso,0.058389127254486084,0.0853581428527832
"(10, 35)",2,dam_as_total_procured__mw__nr__as_caiso,0.09107697010040283,0.0795937180519104
"(10, 39)",2,actual_load__mw__ca_iso_tac,0.020461320877075195,0.02906125783920288
"(10, 39)",2,dam_schedule__mw__generation__caiso_totals,0.05300450325012207,0.059530556201934814
"(10, 39)",2,dam_schedule__mw__import__caiso_totals,0.0328410267829895,0.03168046474456787
"(10, 39)",2,dam_schedule__mw__export__caiso_totals,0.07394754886627197,0.07538646459579468
"(10, 39)",2,dam_lmp__lmp_usd_per_mwh__th_sp15_gen_apnd,0.08277732133865356,0.08111727237701416
"(10, 39)",2,dam_lmp__congestion_usd_per_mwh__th_sp15_gen_apnd,0.05018472671508789,0.04808926582336426
"(10, 39)",2,dam_lmp__loss_usd_per_mwh__th_sp15_gen_apnd,0.02750343084335327,0.02238643169403076
"(10, 39)",2,rt15_lmp_hourly_mean__congestion_usd_per_mwh__th_sp15_gen_apnd,0.012559115886688232,0.012701332569122314
"(10, 39)",2,dam_as_total_procured__mw__ru__as_caiso,0.09240609407424927,0.08274036645889282
"(10, 39)",2,dam_as_total_procured__mw__rd__as_caiso,0.09575521945953369,0.10344827175140381
"(10, 39)",2,dam_as_total_procured__mw__sr__as_caiso,0.014085471630096436,0.02172982692718506
"(10, 39)",2,dam_as_total_procured__mw__nr__as_caiso,0.022432446479797363,0.020960628986358643
"(10, 43)",2,actual_load__mw__ca_iso_tac,0.05304265022277832,0.048310697078704834
"(10, 43)",2,dam_schedule__mw__generation__caiso_totals,0.08684855699539185,0.07368111610412598
"(10, 43)",2,dam_schedule__mw__import__caiso_totals,0.1692570447921753,0.16412198543548584
"(10, 43)",2,dam_schedule__mw__export__caiso_totals,0.12240523099899292,0.10823589563369751
"(10, 43)",2,dam_lmp__lmp_usd_per_mwh__th_sp15_gen_apnd,0.26952850818634033,0.28891557455062866
"(10, 43)",2,dam_lmp__congestion_usd_per_mwh__th_sp15_gen_apnd,0.15606224536895752,0.15727359056472778
"(10, 43)",2,dam_lmp__loss_usd_per_mwh__th_sp15_gen_apnd,0.08054757118225098,0.0789143443107605
"(10, 43)",2,rt15_lmp_hourly_mean__congestion_usd_per_mwh__th_sp15_gen_apnd,0.07311993837356567,0.06808865070343018
"(10, 43)",2,dam_as_total_procured__mw__ru__as_caiso,0.06517398357391357,0.06580811738967896
"(10, 43)",2,dam_as_total_procured__mw__rd__as_caiso,0.178430438041687,0.20450663566589355
"(10, 43)",2,dam_as_total_procured__mw__sr__as_caiso,0.014117777347564697,0.03132873773574829
"(10, 43)",2,dam_as_total_procured__mw__nr__as_caiso,0.017416298389434814,0.02059072256088257
"(11, 15)",2,actual_load__mw__ca_iso_tac,0.2266560196876526,0.2240217924118042
"(11, 15)",2,dam_schedule__mw__generation__caiso_totals,0.24802404642105103,0.2383040189743042
"(11, 15)",2,dam_schedule__mw__import__caiso_totals,0.3163582682609558,0.3127950429916382
"(11, 15)",2,dam_schedule__mw__export__caiso_totals,0.2810435891151428,0.2805611491203308
"(11, 15)",2,dam_lmp__lmp_usd_per_mwh__th_sp15_gen_apnd,0.6854888200759888,0.6821402311325073
"(11, 15)",2,dam_lmp__congestion_usd_per_mwh__th_sp15_gen_apnd,0.4951893091201782,0.4785788059234619
"(11, 15)",2,dam_lmp__loss_usd_per_mwh__th_sp15_gen_apnd,0.2796497344970703,0.27170228958129883
"(11, 15)",2,rt15_lmp_hourly_mean__congestion_usd_per_mwh__th_sp15_gen_apnd,0.3547435402870178,0.3411259651184082
"(11, 15)",2,dam_as_total_procured__mw__ru__as_caiso,0.4134153127670288,0.4102250337600708
"(11, 15)",2,dam_as_total_procured__mw__rd__as_caiso,0.766926646232605,0.7535606622695923
"(11, 15)",2,dam_as_total_procured__mw__sr__as_caiso,0.08151578903198242,0.11763262748718262
"(11, 15)",2,dam_as_total_procured__mw__nr__as_caiso,0.037111520767211914,0.03578805923461914
"(11, 19)",2,actual_load__mw__ca_iso_tac,0.49471259117126465,0.5181421637535095
"(11, 19)",2,dam_schedule__mw__generation__caiso_totals,0.54716557264328,0.5767519474029541
"(11, 19)",2,dam_schedule__mw__import__caiso_totals,0.382453978061676,0.387498676776886
"(11, 19)",2,dam_schedule__mw__export__caiso_totals,0.4017508029937744,0.41533881425857544
"(11, 19)",2,dam_lmp__lmp_usd_per_mwh__th_sp15_gen_apnd,0.9673140048980713,0.9671651721000671
"(11, 19)",2,dam_lmp__congestion_usd_per_mwh__th_sp15_gen_apnd,0.4838183522224426,0.4762346148490906
"(11, 19)",2,dam_lmp__loss_usd_per_mwh__th_sp15_gen_apnd,0.5065207481384277,0.5161776542663574
"(11, 19)",2,rt15_lmp_hourly_mean__congestion_usd_per_mwh__th_sp15_gen_apnd,0.379058837890625,0.35570067167282104
"(11, 19)",2,dam_as_total_procured__mw__ru__as_caiso,0.3855351209640503,0.37403440475463867
"(11, 19)",2,dam_as_total_procured__mw__rd__as_caiso,0.744721531867981,0.7406209707260132
"(11, 19)",2,dam_as_total_procured__mw__sr__as_caiso,0.1104314923286438,0.1491619348526001
"(11, 19)",2,dam_as_total_procured__mw__nr__as_caiso,0.06925112009048462,0.07670146226882935
"(11, 23)",2,actual_load__mw__ca_iso_tac,0.3691138029098511,0.39340847730636597
"(11, 23)",2,dam_schedule__mw__generation__caiso_totals,0.3747500777244568,0.41777974367141724
"(11, 23)",2,dam_schedule__mw__import__caiso_totals,0.36046624183654785,0.37453609704971313
"(11, 23)",2,dam_schedule__mw__export__caiso_totals,0.2994842529296875,0.34024322032928467
"(11, 23)",2,dam_lmp__lmp_usd_per_mwh__th_sp15_gen_apnd,0.8783482313156128,0.8820196390151978
"(11, 23)",2,dam_lmp__congestion_usd_per_mwh__th_sp15_gen_apnd,0.4786321520805359,0.4758148193359375
"(11, 23)",2,dam_lmp__loss_usd_per_mwh__th_sp15_gen_apnd,0.38682615756988525,0.39151811599731445
"(11, 23)",2,rt15_lmp_hourly_mean__congestion_usd_per_mwh__th_sp15_gen_apnd,0.45251113176345825,0.4547273516654968
"(11, 23)",2,dam_as_total_procured__mw__ru__as_caiso,0.386242151260376,0.3730941414833069
"(11, 23)",2,dam_as_total_procured__mw__rd__as_caiso,0.7460743188858032,0.7382489442825317
"(11, 23)",2,dam_as_total_procured__mw__sr__as_caiso,0.09972238540649414,0.1396169662475586
"(11, 23)",2,dam_as_total_procured__mw__nr__as_caiso,0.033864736557006836,0.040995121002197266
"(11, 27)",2,actual_load__mw__ca_iso_tac,0.8598454594612122,0.8627408742904663
"(11, 27)",2,dam_schedule__mw__generation__caiso_totals,0.848442792892456,0.8508839011192322
"(11, 27)",2,dam_schedule__mw__import__caiso_totals,0.394936740398407,0.39692795276641846
"(11, 27)",2,dam_schedule__mw__export__caiso_totals,0.5981380939483643,0.5892953872680664
"(11, 27)",2,dam_lmp__lmp_usd_per_mwh__th_sp15_gen_apnd,0.7215532064437866,0.7427208423614502
"(11, 27)",2,dam_lmp__congestion_usd_per_mwh__th_sp15_gen_apnd,0.4470985531806946,0.4441474676132202
"(11, 27)",2,dam_lmp__loss_usd_per_mwh__th_sp15_gen_apnd,0.396300733089447,0.3880990743637085
"(11, 27)",2,rt15_lmp_hourly_mean__congestion_usd_per_mwh__th_sp15_gen_apnd,0.28205233812332153,0.29483771324157715
"(11, 27)",2,dam_as_total_procured__mw__ru__as_caiso,0.41753089427948,0.3968696594238281
"(11, 27)",2,dam_as_total_procured__mw__rd__as_caiso,0.7755284905433655,0.7681699991226196
"(11, 27)",2,dam_as_total_procured__mw__sr__as_caiso,0.1275917887687683,0.1644631028175354
"(11, 27)",2,dam_as_total_procured__mw__nr__as_caiso,0.19961130619049072,0.2056158185005188
"(11, 31)",2,actual_load__mw__ca_iso_tac,0.14238876104354858,0.15032321214675903
"(11, 31)",2,dam_schedule__mw__generation__caiso_totals,0.17477869987487793,0.17489516735076904
"(11, 31)",2,dam_schedule__mw__import__caiso_totals,0.26537764072418213,0.2632941007614136
"(11, 31)",2,dam_schedule__mw__export__caiso_totals,0.2409096360206604,0.25198668241500854
"(11, 31)",2,dam_lmp__lmp_usd_per_mwh__th_sp15_gen_apnd,0.49181264638900757,0.49364978075027466
"(11, 31)",2,dam_lmp__congestion_usd_per_mwh__th_sp15_gen_apnd,0.3863738179206848,0.3762817978858948
"(11, 31)",2,dam_lmp__loss_usd_per_mwh__th_sp15_gen_apnd,0.08638870716094971,0.08164548873901367
"(11, 31)",2,rt15_lmp_hourly_mean__congestion_usd_per_mwh__th_sp15_gen_apnd,0.23065394163131714,0.23397552967071533
"(11, 31)",2,dam_as_total_procured__mw__ru__as_caiso,0.3765752911567688,0.35835129022598267
"(11, 31)",2,dam_as_total_procured__mw__rd__as_caiso,0.7322158813476562,0.7198984622955322
"(11, 31)",2,dam_as_total_procured__mw__sr__as_caiso,0.07467794418334961,0.10782593488693237
"(11, 31)",2,dam_as_total_procured__mw__nr__as_caiso,0.0082816481590271,0.01703888177871704
"(11, 35)",2,actual_load__mw__ca_iso_tac,0.2923038601875305,0.3122156262397766
"(11, 35)",2,dam_schedule__mw__generation__caiso_totals,0.3082631826400757,0.3094884753227234
"(11, 35)",2,dam_schedule__mw__import__caiso_totals,0.29653096199035645,0.2979094982147217
"(11, 35)",2,dam_schedule__mw__export__caiso_totals,0.28057610988616943,0.2884131669998169
"(11, 35)",2,dam_lmp__lmp_usd_per_mwh__th_sp15_gen_apnd,0.5527306795120239,0.5535151958465576
"(11, 35)",2,dam_lmp__congestion_usd_per_mwh__th_sp15_gen_apnd,0.4586988687515259,0.4236370325088501
"(11, 35)",2,dam_lmp__loss_usd_per_mwh__th_sp15_gen_apnd,0.16231411695480347,0.18193435668945312
"(11, 35)",2,rt15_lmp_hourly_mean__congestion_usd_per_mwh__th_sp15_gen_apnd,0.2728351354598999,0.26689231395721436
"(11, 35)",2,dam_as_total_procured__mw__ru__as_caiso,0.44321125745773315,0.44988131523132324
"(11, 35)",2,dam_as_total_procured__mw__rd__as_caiso,0.9780092835426331,0.9762267470359802
"(11, 35)",2,dam_as_total_procured__mw__sr__as_caiso,0.07652956247329712,0.11522513628005981
"(11, 35)",2,dam_as_total_procured__mw__nr__as_caiso,0.058249831199645996,0.05333346128463745
"(11, 39)",2,actual_load__mw__ca_iso_tac,0.15179842710494995,0.1692878007888794
"(11, 39)",2,dam_schedule__mw__generation__caiso_totals,0.20525366067886353,0.21135956048965454
"(11, 39)",2,dam_schedule__mw__import__caiso_totals,0.27204394340515137,0.2705188989639282
"(11, 39)",2,dam_schedule__mw__export__caiso_totals,0.26932209730148315,0.27520865201950073
"(11, 39)",2,dam_lmp__lmp_usd_per_mwh__th_sp15_gen_apnd,0.5049854516983032,0.5121078491210938
"(11, 39)",2,dam_lmp__congestion_usd_per_mwh__th_sp15_gen_apnd,0.3963848352432251,0.38510167598724365
"(11, 39)",2,dam_lmp__loss_usd_per_mwh__th_sp15_gen_apnd,0.12308251857757568,0.12261515855789185
"(11, 39)",2,rt15_lmp_hourly_mean__congestion_usd_per_mwh__th_sp15_gen_apnd,0.26227837800979614,0.26260530948638916
"(11, 39)",2,dam_as_total_procured__mw__ru__as_caiso,0.38946956396102905,0.369869589805603
"(11, 39)",2,dam_as_total_procured__mw__rd__as_caiso,0.738213837146759,0.7270725965499878
"(11, 39)",2,dam_as_total_procured__mw__sr__as_caiso,0.07403647899627686,0.10819172859191895
"(11, 39)",2,dam_as_total_procured__mw__nr__as_caiso,0.013550400733947754,0.02189958095550537
"(11, 43)",2,actual_load__mw__ca_iso_tac,0.1734696626663208,0.18710052967071533
"(11, 43)",2,dam_schedule__mw__generation__caiso_totals,0.21262115240097046,0.21746015548706055
"(11, 43)",2,dam_schedule__mw__import__caiso_totals,0.2803002595901489,0.2776365876197815
"(11, 43)",2,dam_schedule__mw__export__caiso_totals,0.26889002323150635,0.2745455503463745
"(11, 43)",2,dam_lmp__lmp_usd_per_mwh__th_sp15_gen_apnd,0.5216212272644043,0.5313067436218262
"(11, 43)",2,dam_lmp__congestion_usd_per_mwh__th_sp15_gen_apnd,0.40139174461364746,0.38523954153060913
"(11, 43)",2,dam_lmp__loss_usd_per_mwh__th_sp15_gen_apnd,0.11641824245452881,0.11890506744384766
"(11, 43)",2,rt15_lmp_hourly_mean__congestion_usd_per_mwh__th_sp15_gen_apnd,0.24429965019226074,0.24083858728408813
"(11, 43)",2,dam_as_total_procured__mw__ru__as_caiso,0.3836326003074646,0.3669065833091736
"(11, 43)",2,dam_as_total_procured__mw__rd__as_caiso,0.7351115345954895,0.7215228080749512
"(11, 43)",2,dam_as_total_procured__mw__sr__as_caiso,0.07170730829238892,0.10977208614349365
"(11, 43)",2,dam_as_total_procured__mw__nr__as_caiso,0.011790096759796143,0.018134772777557373
"(12, 16)",2,actual_load__mw__ca_iso_tac,0.013199329376220703,0.015433907508850098
"(12, 16)",2,dam_schedule__mw__generation__caiso_totals,0.02901601791381836,0.02473372220993042
"(12, 16)",2,dam_schedule__mw__import__caiso_totals,0.03829473257064819,0.02996724843978882
"(12, 16)",2,dam_schedule__mw__export__caiso_totals,0.03625071048736572,0.027759313583374023
"(12, 16)",2,dam_lmp__lmp_usd_per_mwh__th_sp15_gen_apnd,0.030581772327423096,0.028921663761138916
"(12, 16)",2,dam_lmp__congestion_usd_per_mwh__th_sp15_gen_apnd,0.005439639091491699,0.007690548896789551
"(12, 16)",2,dam_lmp__loss_usd_per_mwh__th_sp15_gen_apnd,0.02804732322692871,0.020560860633850098
"(12, 16)",2,rt15_lmp_hourly_mean__congestion_usd_per_mwh__th_sp15_gen_apnd,0.0016350150108337402,0.005658209323883057
"(12, 16)",2,dam_as_total_procured__mw__ru__as_caiso,0.013700604438781738,0.013448536396026611
"(12, 16)",2,dam_as_total_procured__mw__rd__as_caiso,0.01459038257598877,0.018758833408355713
"(12, 16)",2,dam_as_total_procured__mw__sr__as_caiso,0.0,0.00889652967453003
"(12, 16)",2,dam_as_total_procured__mw__nr__as_caiso,0.018806517124176025,0.024392783641815186
"(12, 20)",2,actual_load__mw__ca_iso_tac,0.1091146469116211,0.11677414178848267
"(12, 20)",2,dam_schedule__mw__generation__caiso_totals,0.10564672946929932,0.11448156833648682
"(12, 20)",2,dam_schedule__mw__import__caiso_totals,0.22033315896987915,0.22351503372192383
"(12, 20)",2,dam_schedule__mw__export__caiso_totals,0.09188264608383179,0.09178602695465088
"(12, 20)",2,dam_lmp__lmp_usd_per_mwh__th_sp15_gen_apnd,0.7775073051452637,0.7748836874961853
"(12, 20)",2,dam_lmp__congestion_usd_per_mwh__th_sp15_gen_apnd,0.13954269886016846,0.1208488941192627
"(12, 20)",2,dam_lmp__loss_usd_per_mwh__th_sp15_gen_apnd,0.43314266204833984,0.445256769657135
"(12, 20)",2,rt15_lmp_hourly_mean__congestion_usd_per_mwh__th_sp15_gen_apnd,0.14518553018569946,0.11599653959274292
"(12, 20)",2,dam_as_total_procured__mw__ru__as_caiso,0.15261924266815186,0.13365960121154785
"(12, 20)",2,dam_as_total_procured__mw__rd__as_caiso,0.2530466914176941,0.25981974601745605
"(12, 20)",2,dam_as_total_procured__mw__sr__as_caiso,0.0231359601020813,0.0283890962600708
"(12, 20)",2,dam_as_total_procured__mw__nr__as_caiso,0.020863652229309082,0.029415130615234375
"(12, 24)",2,actual_load__mw__ca_iso_tac,0.09039443731307983,0.09321117401123047
"(12, 24)",2,dam_schedule__mw__generation__caiso_totals,0.06628882884979248,0.0715150237083435
"(12, 24)",2,dam_schedule__mw__import__caiso_totals,0.2323627471923828,0.23574721813201904
"(12, 24)",2,dam_schedule__mw__export__caiso_totals,0.06314218044281006,0.06515032052993774
"(12, 24)",2,dam_lmp__lmp_usd_per_mwh__th_sp15_gen_apnd,0.8030365705490112,0.8165664672851562
"(12, 24)",2,dam_lmp__congestion_usd_per_mwh__th_sp15_gen_apnd,0.33629870414733887,0.33952176570892334
"(12, 24)",2,dam_lmp__loss_usd_per_mwh__th_sp15_gen_apnd,0.30295079946517944,0.3147866129875183
"(12, 24)",2,rt15_lmp_hourly_mean__congestion_usd_per_mwh__th_sp15_gen_apnd,0.33984386920928955,0.3512604236602783
"(12, 24)",2,dam_as_total_procured__mw__ru__as_caiso,0.1822066307067871,0.15597933530807495
"(12, 24)",2,dam_as_total_procured__mw__rd__as_caiso,0.3558275103569031,0.3593754768371582
"(12, 24)",2,dam_as_total_procured__mw__sr__as_caiso,0.022067904472351074,0.03227931261062622
"(12, 24)",2,dam_as_total_procured__mw__nr__as_caiso,0.008655011653900146,0.013152122497558594
"(12, 28)",2,actual_load__mw__ca_iso_tac,0.8111684322357178,0.8133448958396912
"(12, 28)",2,dam_schedule__mw__generation__caiso_totals,0.8086603283882141,0.8150230050086975
"(12, 28)",2,dam_schedule__mw__import__caiso_totals,0.11665409803390503,0.1052122712135315
"(12, 28)",2,dam_schedule__mw__export__caiso_totals,0.41105252504348755,0.41481727361679077
"(12, 28)",2,dam_lmp__lmp_usd_per_mwh__th_sp15_gen_apnd,0.2640467882156372,0.26868897676467896
"(12, 28)",2,dam_lmp__congestion_usd_per_mwh__th_sp15_gen_apnd,0.050099730491638184,0.04175597429275513
"(12, 28)",2,dam_lmp__loss_usd_per_mwh__th_sp15_gen_apnd,0.24444031715393066,0.2380027174949646
"(12, 28)",2,rt15_lmp_hourly_mean__congestion_usd_per_mwh__th_sp15_gen_apnd,0.08358651399612427,0.08551663160324097
"(12, 28)",2,dam_as_total_procured__mw__ru__as_caiso,0.07429683208465576,0.06908535957336426
"(12, 28)",2,dam_as_total_procured__mw__rd__as_caiso,0.06987953186035156,0.07055032253265381
"(12, 28)",2,dam_as_total_procured__mw__sr__as_caiso,0.08870106935501099,0.09843236207962036
"(12, 28)",2,dam_as_total_procured__mw__nr__as_caiso,0.18282020092010498,0.1836458444595337
"(12, 32)",2,actual_load__mw__ca_iso_tac,0.06713151931762695,0.06542354822158813
"(12, 32)",2,dam_schedule__mw__generation__caiso_totals,0.08860749006271362,0.08805698156356812
"(12, 32)",2,dam_schedule__mw__import__caiso_totals,0.08256858587265015,0.06911832094192505
"(12, 32)",2,dam_schedule__mw__export__caiso_totals,0.07376092672348022,0.06662744283676147
"(12, 32)",2,dam_lmp__lmp_usd_per_mwh__th_sp15_gen_apnd,0.12400603294372559,0.08382976055145264
"(12, 32)",2,dam_lmp__congestion_usd_per_mwh__th_sp15_gen_apnd,0.13461387157440186,0.09316408634185791
"(12, 32)",2,dam_lmp__loss_usd_per_mwh__th_sp15_gen_apnd,0.018439173698425293,0.01312023401260376
"(12, 32)",2,rt15_lmp_hourly_mean__congestion_usd_per_mwh__th_sp15_gen_apnd,0.07711857557296753,0.05736762285232544
"(12, 32)",2,dam_as_total_procured__mw__ru__as_caiso,0.3414815068244934,0.33917146921157837
"(12, 32)",2,dam_as_total_procured__mw__rd__as_caiso,0.3054293990135193,0.27758264541625977
"(12, 32)",2,dam_as_total_procured__mw__sr__as_caiso,0.01271885633468628,0.020281553268432617
"(12, 32)",2,dam_as_total_procured__mw__nr__as_caiso,0.02055424451828003,0.025748372077941895
"(12, 36)",2,actual_load__mw__ca_iso_tac,0.4158366918563843,0.4377724528312683
"(12, 36)",2,dam_schedule__mw__generation__caiso_totals,0.3171623945236206,0.3464800715446472
"(12, 36)",2,dam_schedule__mw__import__caiso_totals,0.13146376609802246,0.12613391876220703
"(12, 36)",2,dam_schedule__mw__export__caiso_totals,0.1999298334121704,0.21305042505264282
"(12, 36)",2,dam_lmp__lmp_usd_per_mwh__th_sp15_gen_apnd,0.08887302875518799,0.09437179565429688
"(12, 36)",2,dam_lmp__congestion_usd_per_mwh__th_sp15_gen_apnd,0.037419676780700684,0.038482844829559326
"(12, 36)",2,dam_lmp__loss_usd_per_mwh__th_sp15_gen_apnd,0.028531253337860107,0.03352874517440796
"(12, 36)",2,rt15_lmp_hourly_mean__congestion_usd_per_mwh__th_sp15_gen_apnd,0.012301743030548096,0.01546323299407959
"(12, 36)",2,dam_as_total_procured__mw__ru__as_caiso,0.02157670259475708,0.018301784992218018
"(12, 36)",2,dam_as_total_procured__mw__rd__as_caiso,0.0747992992401123,0.08372747898101807
"(12, 36)",2,dam_as_total_procured__mw__sr__as_caiso,0.15245366096496582,0.15614372491836548
"(12, 36)",2,dam_as_total_procured__mw__nr__as_caiso,0.4680306911468506,0.45999836921691895
"(12, 40)",2,actual_load__mw__ca_iso_tac,0.012057483196258545,0.008654236793518066
"(12, 40)",2,dam_schedule__mw__generation__caiso_totals,0.011753618717193604,0.005874574184417725
"(12, 40)",2,dam_schedule__mw__import__caiso_totals,0.0370250940322876,0.05652332305908203
"(12, 40)",2,dam_schedule__mw__export__caiso_totals,0.016662895679473877,0.008057653903961182
"(12, 40)",2,dam_lmp__lmp_usd_per_mwh__th_sp15_gen_apnd,0.19006502628326416,0.2012137770652771
"(12, 40)",2,dam_lmp__congestion_usd_per_mwh__th_sp15_gen_apnd,0.06836879253387451,0.07448440790176392
"(12, 40)",2,dam_lmp__loss_usd_per_mwh__th_sp15_gen_apnd,0.06072723865509033,0.05754119157791138
"(12, 40)",2,rt15_lmp_hourly_mean__congestion_usd_per_mwh__th_sp15_gen_apnd,0.044478416442871094,0.05436670780181885
"(12, 40)",2,dam_as_total_procured__mw__ru__as_caiso,0.04881328344345093,0.040979206562042236
"(12, 40)",2,dam_as_total_procured__mw__rd__as_caiso,0.04741722345352173,0.059493839740753174
"(12, 40)",2,dam_as_total_procured__mw__sr__as_caiso,0.004936397075653076,0.019080638885498047
"(12, 40)",2,dam_as_total_procured__mw__nr__as_caiso,0.001882016658782959,0.004280805587768555
"(13, 14)",2,actual_load__mw__ca_iso_tac,0.198378324508667,0.18690097332000732
"(13, 14)",2,dam_schedule__mw__generation__caiso_totals,0.2530502676963806,0.2308083176612854
"(13, 14)",2,dam_schedule__mw__import__caiso_totals,0.3339020609855652,0.3225049376487732
"(13, 14)",2,dam_schedule__mw__export__caiso_totals,0.37249940633773804,0.3655393719673157
"(13, 14)",2,dam_lmp__lmp_usd_per_mwh__th_sp15_gen_apnd,0.5581014156341553,0.5606693029403687
"(13, 14)",2,dam_lmp__congestion_usd_per_mwh__th_sp15_gen_apnd,0.4639238715171814,0.45784080028533936
"(13, 14)",2,dam_lmp__loss_usd_per_mwh__th_sp15_gen_apnd,0.2232213020324707,0.21744340658187866
"(13, 14)",2,rt15_lmp_hourly_mean__congestion_usd_per_mwh__th_sp15_gen_apnd,0.2969292402267456,0.2866988182067871
"(13, 14)",2,dam_as_total_procured__mw__ru__as_caiso,0.37857407331466675,0.3669475317001343
"(13, 14)",2,dam_as_total_procured__mw__rd__as_caiso,0.7277058362960815,0.7141109704971313
"(13, 14)",2,dam_as_total_procured__mw__sr__as_caiso,0.08404731750488281,0.11972606182098389
"(13, 14)",2,dam_as_total_procured__mw__nr__as_caiso,0.05627167224884033,0.05172538757324219
"(13, 18)",2,actual_load__mw__ca_iso_tac,0.15045416355133057,0.15092092752456665
"(13, 18)",2,dam_schedule__mw__generation__caiso_totals,0.16399097442626953,0.1590070128440857
"(13, 18)",2,dam_schedule__mw__import__caiso_totals,0.320867121219635,0.3152674436569214
"(13, 18)",2,dam_schedule__mw__export__caiso_totals,0.273410439491272,0.2821454405784607
"(13, 18)",2,dam_lmp__lmp_usd_per_mwh__th_sp15_gen_apnd,0.5906331539154053,0.576397716999054
"(13, 18)",2,dam_lmp__congestion_usd_per_mwh__th_sp15_gen_apnd,0.4043692350387573,0.3874658942222595
"(13, 18)",2,dam_lmp__loss_usd_per_mwh__th_sp15_gen_apnd,0.2236090898513794,0.19953715801239014
"(13, 18)",2,rt15_lmp_hourly_mean__congestion_usd_per_mwh__th_sp15_gen_apnd,0.26291245222091675,0.24170994758605957
"(13, 18)",2,dam_as_total_procured__mw__ru__as_caiso,0.37189561128616333,0.35991084575653076
"(13, 18)",2,dam_as_total_procured__mw__rd__as_caiso,0.7248777151107788,0.7109181880950928
"(13, 18)",2,dam_as_total_procured__mw__sr__as_caiso,0.07269406318664551,0.10779017210006714
"(13, 18)",2,dam_as_total_procured__mw__nr__as_caiso,0.03367483615875244,0.033097803592681885
"(13, 22)",2,actual_load__mw__ca_iso_tac,0.3225996494293213,0.34608328342437744
"(13, 22)",2,dam_schedule__mw__generation__caiso_totals,0.38255125284194946,0.39513421058654785
"(13, 22)",2,dam_schedule__mw__import__caiso_totals,0.38504868745803833,0.3838545083999634
"(13, 22)",2,dam_schedule__mw__export__caiso_totals,0.32177507877349854,0.3389948010444641
"(13, 22)",2,dam_lmp__lmp_usd_per_mwh__th_sp15_gen_apnd,0.7195839881896973,0.7290735244750977
"(13, 22)",2,dam_lmp__congestion_usd_per_mwh__th_sp15_gen_apnd,0.42536336183547974,0.41233134269714355
"(13, 22)",2,dam_lmp__loss_usd_per_mwh__th_sp15_gen_apnd,0.3493219017982483,0.37262046337127686
"(13, 22)",2,rt15_lmp_hourly_mean__congestion_usd_per_mwh__th_sp15_gen_apnd,0.30081039667129517,0.2663009762763977
"(13, 22)",2,dam_as_total_procured__mw__ru__as_caiso,0.37918126583099365,0.3644205927848816
"(13, 22)",2,dam_as_total_procured__mw__rd__as_caiso,0.7251021265983582,0.7232624888420105
"(13, 22)",2,dam_as_total_procured__mw__sr__as_caiso,0.06684994697570801,0.12072432041168213
"(13, 22)",2,dam_as_total_procured__mw__nr__as_caiso,0.05448758602142334,0.05070561170578003
"(13, 26)",2,actual_load__mw__ca_iso_tac,0.20452314615249634,0.2109905481338501
"(13, 26)",2,dam_schedule__mw__generation__caiso_totals,0.2775740623474121,0.2804363965988159
"(13, 26)",2,dam_schedule__mw__import__caiso_totals,0.34623855352401733,0.3400561213493347
"(13, 26)",2,dam_schedule__mw__export__caiso_totals,0.4052371382713318,0.41105884313583374
"(13, 26)",2,dam_lmp__lmp_usd_per_mwh__th_sp15_gen_apnd,0.5851361155509949,0.5869463682174683
"(13, 26)",2,dam_lmp__congestion_usd_per_mwh__th_sp15_gen_apnd,0.4295865297317505,0.4228547215461731
"(13, 26)",2,dam_lmp__loss_usd_per_mwh__th_sp15_gen_apnd,0.32981234788894653,0.313804030418396
"(13, 26)",2,rt15_lmp_hourly_mean__congestion_usd_per_mwh__th_sp15_gen_apnd,0.26614630222320557,0.2598680257797241
"(13, 26)",2,dam_as_total_procured__mw__ru__as_caiso,0.3911851644515991,0.3779776692390442
"(13, 26)",2,dam_as_total_procured__mw__rd__as_caiso,0.7364459037780762,0.7255698442459106
"(13, 26)",2,dam_as_total_procured__mw__sr__as_caiso,0.08346325159072876,0.1162450909614563
"(13, 26)",2,dam_as_total_procured__mw__nr__as_caiso,0.05707818269729614,0.05210387706756592
"(13, 30)",2,actual_load__mw__ca_iso_tac,0.10909175872802734,0.1122252345085144
"(13, 30)",2,dam_schedule__mw__generation__caiso_totals,0.15248262882232666,0.14998775720596313
"(13, 30)",2,dam_schedule__mw__import__caiso_totals,0.31003570556640625,0.30242788791656494
"(13, 30)",2,dam_schedule__mw__export__caiso_totals,0.26930129528045654,0.277398943901062
"(13, 30)",2,dam_lmp__lmp_usd_per_mwh__th_sp15_gen_apnd,0.5313458442687988,0.5286094546318054
"(13, 30)",2,dam_lmp__congestion_usd_per_mwh__th_sp15_gen_apnd,0.4005587697029114,0.3902132511138916
"(13, 30)",2,dam_lmp__loss_usd_per_mwh__th_sp15_gen_apnd,0.18786901235580444,0.16781401634216309
"(13, 30)",2,rt15_lmp_hourly_mean__congestion_usd_per_mwh__th_sp15_gen_apnd,0.2510489821434021,0.2382943034172058
"(13, 30)",2,dam_as_total_procured__mw__ru__as_caiso,0.3560892343521118,0.3420802354812622
"(13, 30)",2,dam_as_total_procured__mw__rd__as_caiso,0.7236472368240356,0.7104849815368652
"(13, 30)",2,dam_as_total_procured__mw__sr__as_caiso,0.06187474727630615,0.0989152193069458
"(13, 30)",2,dam_as_total_procured__mw__nr__as_caiso,0.020074069499969482,0.023360490798950195
"(13, 34)",2,actual_load__mw__ca_iso_tac,0.1422237753868103,0.14872205257415771
"(13, 34)",2,dam_schedule__mw__generation__caiso_totals,0.1786259412765503,0.18019068241119385
"(13, 34)",2,dam_schedule__mw__import__caiso_totals,0.3326030969619751,0.32038503885269165
"(13, 34)",2,dam_schedule__mw__export__caiso_totals,0.30535274744033813,0.3150430917739868
"(13, 34)",2,dam_lmp__lmp_usd_per_mwh__th_sp15_gen_apnd,0.5443378686904907,0.5434035062789917
"(13, 34)",2,dam_lmp__congestion_usd_per_mwh__th_sp15_gen_apnd,0.4171566367149353,0.4045950174331665
"(13, 34)",2,dam_lmp__loss_usd_per_mwh__th_sp15_gen_apnd,0.20237255096435547,0.18186527490615845
"(13, 34)",2,rt15_lmp_hourly_mean__congestion_usd_per_mwh__th_sp15_gen_apnd,0.24909871816635132,0.24247419834136963
"(13, 34)",2,dam_as_total_procured__mw__ru__as_caiso,0.8406127691268921,0.8349124193191528
"(13, 34)",2,dam_as_total_procured__mw__rd__as_caiso,0.7635759115219116,0.7536925077438354
"(13, 34)",2,dam_as_total_procured__mw__sr__as_caiso,0.07002359628677368,0.11165273189544678
"(13, 34)",2,dam_as_total_procured__mw__nr__as_caiso,0.04025101661682129,0.052844226360321045
"(13, 38)",2,actual_load__mw__ca_iso_tac,0.19144338369369507,0.20081865787506104
"(13, 38)",2,dam_schedule__mw__generation__caiso_totals,0.250499427318573,0.2560359239578247
"(13, 38)",2,dam_schedule__mw__import__caiso_totals,0.3392922282218933,0.33725613355636597
"(13, 38)",2,dam_schedule__mw__export__caiso_totals,0.30988532304763794,0.3250688910484314
"(13, 38)",2,dam_lmp__lmp_usd_per_mwh__th_sp15_gen_apnd,0.5788963437080383,0.5808182954788208
"(13, 38)",2,dam_lmp__congestion_usd_per_mwh__th_sp15_gen_apnd,0.44810354709625244,0.44207507371902466
"(13, 38)",2,dam_lmp__loss_usd_per_mwh__th_sp15_gen_apnd,0.2242830991744995,0.20525681972503662
"(13, 38)",2,rt15_lmp_hourly_mean__congestion_usd_per_mwh__th_sp15_gen_apnd,0.2804204821586609,0.26842015981674194
"(13, 38)",2,dam_as_total_procured__mw__ru__as_caiso,0.3673306107521057,0.35263824462890625
"(13, 38)",2,dam_as_total_procured__mw__rd__as_caiso,0.7303635478019714,0.7192662358283997
"(13, 38)",2,dam_as_total_procured__mw__sr__as_caiso,0.06493550539016724,0.11320114135742188
"(13, 38)",2,dam_as_total_procured__mw__nr__as_caiso,0.07964110374450684,0.06634289026260376
"(13, 42)",2,actual_load__mw__ca_iso_tac,0.19125640392303467,0.21404904127120972
"(13, 42)",2,dam_schedule__mw__generation__caiso_totals,0.22091376781463623,0.23746895790100098
"(13, 42)",2,dam_schedule__mw__import__caiso_totals,0.3169264793395996,0.3133735656738281
"(13, 42)",2,dam_schedule__mw__export__caiso_totals,0.3143356442451477,0.3322800397872925
"(13, 42)",2,dam_lmp__lmp_usd_per_mwh__th_sp15_gen_apnd,0.6026619076728821,0.5999157428741455
"(13, 42)",2,dam_lmp__congestion_usd_per_mwh__th_sp15_gen_apnd,0.4395890235900879,0.4259079694747925
"(13, 42)",2,dam_lmp__loss_usd_per_mwh__th_sp15_gen_apnd,0.2046135663986206,0.18192046880722046
"(13, 42)",2,rt15_lmp_hourly_mean__congestion_usd_per_mwh__th_sp15_gen_apnd,0.2944414019584656,0.2817869186401367
"(13, 42)",2,dam_as_total_procured__mw__ru__as_caiso,0.353257954120636,0.3402854800224304
"(13, 42)",2,dam_as_total_procured__mw__rd__as_caiso,0.7243696451187134,0.7102213501930237
"(13, 42)",2,dam_as_total_procured__mw__sr__as_caiso,0.07995742559432983,0.11606603860855103
"(13, 42)",2,dam_as_total_procured__mw__nr__as_caiso,0.05386286973953247,0.04974275827407837
"(14, 17)",2,actual_load__mw__ca_iso_tac,0.1939104199409485,0.18304449319839478
"(14, 17)",2,dam_schedule__mw__generation__caiso_totals,0.24206340312957764,0.22095322608947754
"(14, 17)",2,dam_schedule__mw__import__caiso_totals,0.3173545002937317,0.31039154529571533
"(14, 17)",2,dam_schedule__mw__export__caiso_totals,0.36121445894241333,0.3521273732185364
"(14, 17)",2,dam_lmp__lmp_usd_per_mwh__th_sp15_gen_apnd,0.5749337673187256,0.5742495656013489
"(14, 17)",2,dam_lmp__congestion_usd_per_mwh__th_sp15_gen_apnd,0.4515122175216675,0.44513899087905884
"(14, 17)",2,dam_lmp__loss_usd_per_mwh__th_sp15_gen_apnd,0.22542965412139893,0.21904772520065308
"(14, 17)",2,rt15_lmp_hourly_mean__congestion_usd_per_mwh__th_sp15_gen_apnd,0.2696422338485718,0.2656760811805725
"(14, 17)",2,dam_as_total_procured__mw__ru__as_caiso,0.3934052586555481,0.38133692741394043
"(14, 17)",2,dam_as_total_procured__mw__rd__as_caiso,0.7407020330429077,0.7245098948478699
"(14, 17)",2,dam_as_total_procured__mw__sr__as_caiso,0.08756548166275024,0.12223422527313232
"(14, 17)",2,dam_as_total_procured__mw__nr__as_caiso,0.061854660511016846,0.05660480260848999
"(14, 21)",2,actual_load__mw__ca_iso_tac,0.25292259454727173,0.23448723554611206
"(14, 21)",2,dam_schedule__mw__generation__caiso_totals,0.24968677759170532,0.22381198406219482
"(14, 21)",2,dam_schedule__mw__import__caiso_totals,0.30253511667251587,0.3176233768463135
"(14, 21)",2,dam_schedule__mw__export__caiso_totals,0.23666340112686157,0.21529275178909302
"(14, 21)",2,dam_lmp__lmp_usd_per_mwh__th_sp15_gen_apnd,0.9520780444145203,0.9585639834403992
"(14, 21)",2,dam_lmp__congestion_usd_per_mwh__th_sp15_gen_apnd,0.46442824602127075,0.46181541681289673
"(14, 21)",2,dam_lmp__loss_usd_per_mwh__th_sp15_gen_apnd,0.37317657470703125,0.3925415277481079
"(14, 21)",2,rt15_lmp_hourly_mean__congestion_usd_per_mwh__th_sp15_gen_apnd,0.3637067675590515,0.3388073444366455
"(14, 21)",2,dam_as_total_procured__mw__ru__as_caiso,0.23392879962921143,0.2071506381034851
"(14, 21)",2,dam_as_total_procured__mw__rd__as_caiso,0.4477154612541199,0.4459744691848755
"(14, 21)",2,dam_as_total_procured__mw__sr__as_caiso,0.04983025789260864,0.051416099071502686
"(14, 21)",2,dam_as_total_procured__mw__nr__as_caiso,0.08034485578536987,0.08444821834564209
"(14, 25)",2,actual_load__mw__ca_iso_tac,0.08675181865692139,0.07380717992782593
"(14, 25)",2,dam_schedule__mw__generation__caiso_totals,0.11177420616149902,0.09269952774047852
"(14, 25)",2,dam_schedule__mw__import__caiso_totals,0.13406860828399658,0.1358855962753296
"(14, 25)",2,dam_schedule__mw__export__caiso_totals,0.11998158693313599,0.1157267689704895
"(14, 25)",2,dam_lmp__lmp_usd_per_mwh__th_sp15_gen_apnd,0.283413827419281,0.27770715951919556
"(14, 25)",2,dam_lmp__congestion_usd_per_mwh__th_sp15_gen_apnd,0.23049378395080566,0.21860110759735107
"(14, 25)",2,dam_lmp__loss_usd_per_mwh__th_sp15_gen_apnd,0.07264769077301025,0.07566565275192261
"(14, 25)",2,rt15_lmp_hourly_mean__congestion_usd_per_mwh__th_sp15_gen_apnd,0.14790326356887817,0.15712177753448486
"(14, 25)",2,dam_as_total_procured__mw__ru__as_caiso,0.13535267114639282,0.11318928003311157
"(14, 25)",2,dam_as_total_procured__mw__rd__as_caiso,0.326445996761322,0.31800341606140137
"(14, 25)",2,dam_as_total_procured__mw__sr__as_caiso,0.01806122064590454,0.02320653200149536
"(14, 25)",2,dam_as_total_procured__mw__nr__as_caiso,0.04232203960418701,0.04955357313156128
"(14, 29)",2,actual_load__mw__ca_iso_tac,0.38874852657318115,0.3909013271331787
"(14, 29)",2,dam_schedule__mw__generation__caiso_totals,0.3555140495300293,0.3553774952888489
"(14, 29)",2,dam_schedule__mw__import__caiso_totals,0.28294122219085693,0.2921134829521179
"(14, 29)",2,dam_schedule__mw__export__caiso_totals,0.25610435009002686,0.24216049909591675
"(14, 29)",2,dam_lmp__lmp_usd_per_mwh__th_sp15_gen_apnd,0.6275721788406372,0.647226095199585
"(14, 29)",2,dam_lmp__congestion_usd_per_mwh__th_sp15_gen_apnd,0.22470760345458984,0.23767632246017456
"(14, 29)",2,dam_lmp__loss_usd_per_mwh__th_sp15_gen_apnd,0.32857608795166016,0.3382803797721863
"(14, 29)",2,rt15_lmp_hourly_mean__congestion_usd_per_mwh__th_sp15_gen_apnd,0.18227988481521606,0.18512225151062012
"(14, 29)",2,dam_as_total_procured__mw__ru__as_caiso,0.11339712142944336,0.107005774974823
"(14, 29)",2,dam_as_total_procured__mw__rd__as_caiso,0.24348509311676025,0.2517697215080261
"(14, 29)",2,dam_as_total_procured__mw__sr__as_caiso,0.04824918508529663,0.0519413948059082
"(14, 29)",2,dam_as_total_procured__mw__nr__as_caiso,0.13486266136169434,0.14640837907791138
"(14, 33)",2,actual_load__mw__ca_iso_tac,0.23134613037109375,0.2190943956375122
"(14, 33)",2,dam_schedule__mw__generation__caiso_totals,0.26244276762008667,0.23850470781326294
"(14, 33)",2,dam_schedule__mw__import__caiso_totals,0.18226033449172974,0.18671321868896484
"(14, 33)",2,dam_schedule__mw__export__caiso_totals,0.22820264101028442,0.223801851272583
"(14, 33)",2,dam_lmp__lmp_usd_per_mwh__th_sp15_gen_apnd,0.30051273107528687,0.3037831783294678
"(14, 33)",2,dam_lmp__congestion_usd_per_mwh__th_sp15_gen_apnd,0.3132186532020569,0.305030882358551
"(14, 33)",2,dam_lmp__loss_usd_per_mwh__th_sp15_gen_apnd,0.034614622592926025,0.050100505352020264
"(14, 33)",2,rt15_lmp_hourly_mean__congestion_usd_per_mwh__th_sp15_gen_apnd,0.198167085647583,0.1964678168296814
"(14, 33)",2,dam_as_total_procured__mw__ru__as_caiso,0.2946580648422241,0.2769487500190735
"(14, 33)",2,dam_as_total_procured__mw__rd__as_caiso,0.6982709169387817,0.6961431503295898
"(14, 33)",2,dam_as_total_procured__mw__sr__as_caiso,0.05567514896392822,0.07401633262634277
"(14, 33)",2,dam_as_total_procured__mw__nr__as_caiso,0.05715376138687134,0.05287224054336548
"(14, 37)",2,actual_load__mw__ca_iso_tac,0.38954073190689087,0.42995530366897583
"(14, 37)",2,dam_schedule__mw__generation__caiso_totals,0.3038777709007263,0.3473823666572571
"(14, 37)",2,dam_schedule__mw__import__caiso_totals,0.11219388246536255,0.11328226327896118
"(14, 37)",2,dam_schedule__mw__export__caiso_totals,0.21222591400146484,0.24476337432861328
"(14, 37)",2,dam_lmp__lmp_usd_per_mwh__th_sp15_gen_apnd,0.0971727967262268,0.11391621828079224
"(14, 37)",2,dam_lmp__congestion_usd_per_mwh__th_sp15_gen_apnd,0.0736774206161499,0.08367925882339478
"(14, 37)",2,dam_lmp__loss_usd_per_mwh__th_sp15_gen_apnd,0.06128203868865967,0.06537455320358276
"(14, 37)",2,rt15_lmp_hourly_mean__congestion_usd_per_mwh__th_sp15_gen_apnd,0.026546061038970947,0.03669518232345581
"(14, 37)",2,dam_as_total_procured__mw__ru__as_caiso,0.0464821457862854,0.03909885883331299
"(14, 37)",2,dam_as_total_procured__mw__rd__as_caiso,0.08931732177734375,0.1087576150894165
"(14, 37)",2,dam_as_total_procured__mw__sr__as_caiso,0.154185950756073,0.1609330177307129
"(14, 37)",2,dam_as_total_procured__mw__nr__as_caiso,0.46369874477386475,0.45853161811828613
"(14, 41)",2,actual_load__mw__ca_iso_tac,0.06807690858840942,0.054920732975006104
"(14, 41)",2,dam_schedule__mw__generation__caiso_totals,0.08391404151916504,0.06613457202911377
"(14, 41)",2,dam_schedule__mw__import__caiso_totals,0.1646641492843628,0.17857694625854492
"(14, 41)",2,dam_schedule__mw__export__caiso_totals,0.14117497205734253,0.1342293620109558
"(14, 41)",2,dam_lmp__lmp_usd_per_mwh__th_sp15_gen_apnd,0.5326593518257141,0.5412136316299438
"(14, 41)",2,dam_lmp__congestion_usd_per_mwh__th_sp15_gen_apnd,0.3078535795211792,0.31085020303726196
"(14, 41)",2,dam_lmp__loss_usd_per_mwh__th_sp15_gen_apnd,0.17746645212173462,0.17396938800811768
"(14, 41)",2,rt15_lmp_hourly_mean__congestion_usd_per_mwh__th_sp15_gen_apnd,0.2014729380607605,0.21540921926498413
"(14, 41)",2,dam_as_total_procured__mw__ru__as_caiso,0.17546206712722778,0.16018027067184448
"(14, 41)",2,dam_as_total_procured__mw__rd__as_caiso,0.31496661901474,0.3225458860397339
"(14, 41)",2,dam_as_total_procured__mw__sr__as_caiso,0.022073805332183838,0.026497483253479004
"(14, 41)",2,dam_as_total_procured__mw__nr__as_caiso,0.03001958131790161,0.030137062072753906
"(15, 17)",2,actual_load__mw__ca_iso_tac,0.1293770670890808,0.12315034866333008
"(15, 17)",2,dam_schedule__mw__generation__caiso_totals,0.1808297038078308,0.17687475681304932
"(15, 17)",2,dam_schedule__mw__import__caiso_totals,0.3107776641845703,0.30348116159439087
"(15, 17)",2,dam_schedule__mw__export__caiso_totals,0.28053903579711914,0.2799103260040283
"(15, 17)",2,dam_lmp__lmp_usd_per_mwh__th_sp15_gen_apnd,0.6076215505599976,0.5983825922012329
"(15, 17)",2,dam_lmp__congestion_usd_per_mwh__th_sp15_gen_apnd,0.4827190041542053,0.46268194913864136
"(15, 17)",2,dam_lmp__loss_usd_per_mwh__th_sp15_gen_apnd,0.21215194463729858,0.1888434886932373
"(15, 17)",2,rt15_lmp_hourly_mean__congestion_usd_per_mwh__th_sp15_gen_apnd,0.2774679660797119,0.2727571129798889
"(15, 17)",2,dam_as_total_procured__mw__ru__as_caiso,0.4204327464103699,0.4125881791114807
"(15, 17)",2,dam_as_total_procured__mw__rd__as_caiso,0.7625638246536255,0.7437859177589417
"(15, 17)",2,dam_as_total_procured__mw__sr__as_caiso,0.08060884475708008,0.11401677131652832
"(15, 17)",2,dam_as_total_procured__mw__nr__as_caiso,0.041186749935150146,0.034567177295684814
"(15, 21)",2,actual_load__mw__ca_iso_tac,0.4231688380241394,0.4643692970275879
"(15, 21)",2,dam_schedule__mw__generation__caiso_totals,0.4420693516731262,0.48232245445251465
"(15, 21)",2,dam_schedule__mw__import__caiso_totals,0.37111860513687134,0.38038361072540283
"(15, 21)",2,dam_schedule__mw__export__caiso_totals,0.3279622793197632,0.3510894179344177
"(15, 21)",2,dam_lmp__lmp_usd_per_mwh__th_sp15_gen_apnd,0.9546296000480652,0.9601702690124512
"(15, 21)",2,dam_lmp__congestion_usd_per_mwh__th_sp15_gen_apnd,0.5162121057510376,0.5115718245506287
"(15, 21)",2,dam_lmp__loss_usd_per_mwh__th_sp15_gen_apnd,0.43456578254699707,0.4531216025352478
"(15, 21)",2,rt15_lmp_hourly_mean__congestion_usd_per_mwh__th_sp15_gen_apnd,0.38115549087524414,0.36217981576919556
"(15, 21)",2,dam_as_total_procured__mw__ru__as_caiso,0.40702390670776367,0.3946031928062439
"(15, 21)",2,dam_as_total_procured__mw__rd__as_caiso,0.7650290727615356,0.7551164031028748
"(15, 21)",2,dam_as_total_procured__mw__sr__as_caiso,0.10280084609985352,0.1401066780090332
"(15, 21)",2,dam_as_total_procured__mw__nr__as_caiso,0.06687861680984497,0.07211869955062866
"(15, 25)",2,actual_load__mw__ca_iso_tac,0.20026236772537231,0.22962802648544312
"(15, 25)",2,dam_schedule__mw__generation__caiso_totals,0.24645787477493286,0.2755815386772156
"(15, 25)",2,dam_schedule__mw__import__caiso_totals,0.329592227935791,0.3341958522796631
"(15, 25)",2,dam_schedule__mw__export__caiso_totals,0.31505995988845825,0.3411586284637451
"(15, 25)",2,dam_lmp__lmp_usd_per_mwh__th_sp15_gen_apnd,0.6783819794654846,0.6762076020240784
"(15, 25)",2,dam_lmp__congestion_usd_per_mwh__th_sp15_gen_apnd,0.48533517122268677,0.4718465209007263
"(15, 25)",2,dam_lmp__loss_usd_per_mwh__th_sp15_gen_apnd,0.29645562171936035,0.28609931468963623
"(15, 25)",2,rt15_lmp_hourly_mean__congestion_usd_per_mwh__th_sp15_gen_apnd,0.31685858964920044,0.31453877687454224
"(15, 25)",2,dam_as_total_procured__mw__ru__as_caiso,0.41041553020477295,0.39489805698394775
"(15, 25)",2,dam_as_total_procured__mw__rd__as_caiso,0.7652966380119324,0.7503098249435425
"(15, 25)",2,dam_as_total_procured__mw__sr__as_caiso,0.08466380834579468,0.12242990732192993
"(15, 25)",2,dam_as_total_procured__mw__nr__as_caiso,0.054447054862976074,0.06818628311157227
"(15, 29)",2,actual_load__mw__ca_iso_tac,0.6996216773986816,0.7193862199783325
"(15, 29)",2,dam_schedule__mw__generation__caiso_totals,0.6546524167060852,0.6691327691078186
"(15, 29)",2,dam_schedule__mw__import__caiso_totals,0.3579525351524353,0.3652803897857666
"(15, 29)",2,dam_schedule__mw__export__caiso_totals,0.375662624835968,0.3943445086479187
"(15, 29)",2,dam_lmp__lmp_usd_per_mwh__th_sp15_gen_apnd,0.756035327911377,0.7670102119445801
"(15, 29)",2,dam_lmp__congestion_usd_per_mwh__th_sp15_gen_apnd,0.47291916608810425,0.4614207148551941
"(15, 29)",2,dam_lmp__loss_usd_per_mwh__th_sp15_gen_apnd,0.3724985122680664,0.3682388663291931
"(15, 29)",2,rt15_lmp_hourly_mean__congestion_usd_per_mwh__th_sp15_gen_apnd,0.30474019050598145,0.29858648777008057
"(15, 29)",2,dam_as_total_procured__mw__ru__as_caiso,0.42589104175567627,0.41410917043685913
"(15, 29)",2,dam_as_total_procured__mw__rd__as_caiso,0.7977542281150818,0.7884287238121033
"(15, 29)",2,dam_as_total_procured__mw__sr__as_caiso,0.1164402961730957,0.15317463874816895
"(15, 29)",2,dam_as_total_procured__mw__nr__as_caiso,0.1512553095817566,0.16072070598602295
"(15, 33)",2,actual_load__mw__ca_iso_tac,0.20168769359588623,0.20599877834320068
"(15, 33)",2,dam_schedule__mw__generation__caiso_totals,0.2097550630569458,0.21090728044509888
"(15, 33)",2,dam_schedule__mw__import__caiso_totals,0.29605889320373535,0.2977340817451477
"(15, 33)",2,dam_schedule__mw__export__caiso_totals,0.24423480033874512,0.2527560591697693
"(15, 33)",2,dam_lmp__lmp_usd_per_mwh__th_sp15_gen_apnd,0.6026325225830078,0.5990157723426819
"(15, 33)",2,dam_lmp__congestion_usd_per_mwh__th_sp15_gen_apnd,0.44602102041244507,0.4312693476676941
"(15, 33)",2,dam_lmp__loss_usd_per_mwh__th_sp15_gen_apnd,0.20125669240951538,0.1958865523338318
"(15, 33)",2,rt15_lmp_hourly_mean__congestion_usd_per_mwh__th_sp15_gen_apnd,0.28294503688812256,0.2711070775985718
"(15, 33)",2,dam_as_total_procured__mw__ru__as_caiso,0.3910537362098694,0.38227105140686035
"(15, 33)",2,dam_as_total_procured__mw__rd__as_caiso,0.8002632856369019,0.7913336753845215
"(15, 33)",2,dam_as_total_procured__mw__sr__as_caiso,0.0674169659614563,0.09706234931945801
"(15, 33)",2,dam_as_total_procured__mw__nr__as_caiso,0.06868880987167358,0.06627899408340454
"(15, 37)",2,actual_load__mw__ca_iso_tac,0.5391359329223633,0.5653337240219116
"(15, 37)",2,dam_schedule__mw__generation__caiso_totals,0.4545106291770935,0.49555766582489014
"(15, 37)",2,dam_schedule__mw__import__caiso_totals,0.4069240093231201,0.40288078784942627
"(15, 37)",2,dam_schedule__mw__export__caiso_totals,0.3868328332901001,0.40369361639022827
"(15, 37)",2,dam_lmp__lmp_usd_per_mwh__th_sp15_gen_apnd,0.7161576747894287,0.7215609550476074
"(15, 37)",2,dam_lmp__congestion_usd_per_mwh__th_sp15_gen_apnd,0.4958093762397766,0.488458514213562
"(15, 37)",2,dam_lmp__loss_usd_per_mwh__th_sp15_gen_apnd,0.27550607919692993,0.26191842555999756
"(15, 37)",2,rt15_lmp_hourly_mean__congestion_usd_per_mwh__th_sp15_gen_apnd,0.3210955262184143,0.3248057961463928
"(15, 37)",2,dam_as_total_procured__mw__ru__as_caiso,0.4163077473640442,0.39597684144973755
"(15, 37)",2,dam_as_total_procured__mw__rd__as_caiso,0.7730053663253784,0.759665846824646
"(15, 37)",2,dam_as_total_procured__mw__sr__as_caiso,0.19515055418014526,0.21485847234725952
"(15, 37)",2,dam_as_total_procured__mw__nr__as_caiso,0.4742329716682434,0.47647517919540405
"(15, 41)",2,actual_load__mw__ca_iso_tac,0.1670079231262207,0.1767900586128235
"(15, 41)",2,dam_schedule__mw__generation__caiso_totals,0.14724284410476685,0.1512123942375183
"(15, 41)",2,dam_schedule__mw__import__caiso_totals,0.29927563667297363,0.3027040958404541
"(15, 41)",2,dam_schedule__mw__export__caiso_totals,0.2217084765434265,0.2337300181388855
"(15, 41)",2,dam_lmp__lmp_usd_per_mwh__th_sp15_gen_apnd,0.6584933996200562,0.6580729484558105
"(15, 41)",2,dam_lmp__congestion_usd_per_mwh__th_sp15_gen_apnd,0.469399094581604,0.45630669593811035
"(15, 41)",2,dam_lmp__loss_usd_per_mwh__th_sp15_gen_apnd,0.2339388132095337,0.21287155151367188
"(15, 41)",2,rt15_lmp_hourly_mean__congestion_usd_per_mwh__th_sp15_gen_apnd,0.2862128019332886,0.28946471214294434
"(15, 41)",2,dam_as_total_procured__mw__ru__as_caiso,0.4045643210411072,0.39320456981658936
"(15, 41)",2,dam_as_total_procured__mw__rd__as_caiso,0.7487841844558716,0.7332592606544495
"(15, 41)",2,dam_as_total_procured__mw__sr__as_caiso,0.07385212182998657,0.1064029335975647
"(15, 41)",2,dam_as_total_procured__mw__nr__as_caiso,0.03401452302932739,0.036101579666137695
"(16, 18)",2,actual_load__mw__ca_iso_tac,0.01971578598022461,0.023614108562469482
"(16, 18)",2,dam_schedule__mw__generation__caiso_totals,0.03851747512817383,0.03162175416946411
"(16, 18)",2,dam_schedule__mw__import__caiso_totals,0.03616166114807129,0.027475416660308838
"(16, 18)",2,dam_schedule__mw__export__caiso_totals,0.03447461128234863,0.026618361473083496
"(16, 18)",2,dam_lmp__lmp_usd_per_mwh__th_sp15_gen_apnd,0.04004281759262085,0.034897685050964355
"(16, 18)",2,dam_lmp__congestion_usd_per_mwh__th_sp15_gen_apnd,0.016852498054504395,0.013244807720184326
"(16, 18)",2,dam_lmp__loss_usd_per_mwh__th_sp15_gen_apnd,0.018665075302124023,0.014239370822906494
"(16, 18)",2,rt15_lmp_hourly_mean__congestion_usd_per_mwh__th_sp15_gen_apnd,0.01113593578338623,0.010252773761749268
"(16, 18)",2,dam_as_total_procured__mw__ru__as_caiso,0.024004817008972168,0.01853281259536743
"(16, 18)",2,dam_as_total_procured__mw__rd__as_caiso,0.02719801664352417,0.023901700973510742
"(16, 18)",2,dam_as_total_procured__mw__sr__as_caiso,0.001022934913635254,0.00492095947265625
"(16, 18)",2,dam_as_total_procured__mw__nr__as_caiso,0.01974278688430786,0.0249597430229187
"(16, 22)",2,actual_load__mw__ca_iso_tac,0.10093438625335693,0.10986727476119995
"(16, 22)",2,dam_schedule__mw__generation__caiso_totals,0.0997740626335144,0.1065375804901123
"(16, 22)",2,dam_schedule__mw__import__caiso_totals,0.12384551763534546,0.12435948848724365
"(16, 22)",2,dam_schedule__mw__export__caiso_totals,0.072437584400177,0.07422316074371338
"(16, 22)",2,dam_lmp__lmp_usd_per_mwh__th_sp15_gen_apnd,0.5257596373558044,0.5478714108467102
"(16, 22)",2,dam_lmp__congestion_usd_per_mwh__th_sp15_gen_apnd,0.08780795335769653,0.0772433876991272
"(16, 22)",2,dam_lmp__loss_usd_per_mwh__th_sp15_gen_apnd,0.29034286737442017,0.3186039328575134
"(16, 22)",2,rt15_lmp_hourly_mean__congestion_usd_per_mwh__th_sp15_gen_apnd,0.05840277671813965,0.044869065284729004
"(16, 22)",2,dam_as_total_procured__mw__ru__as_caiso,0.13474279642105103,0.11091333627700806
"(16, 22)",2,dam_as_total_procured__mw__rd__as_caiso,0.18059229850769043,0.1880086064338684
"(16, 22)",2,dam_as_total_procured__mw__sr__as_caiso,0.008604049682617188,0.015117943286895752
"(16, 22)",2,dam_as_total_procured__mw__nr__as_caiso,0.03377729654312134,0.04013872146606445
"(16, 26)",2,actual_load__mw__ca_iso_tac,0.13339626789093018,0.12535864114761353
"(16, 26)",2,dam_schedule__mw__generation__caiso_totals,0.18715989589691162,0.16865402460098267
"(16, 26)",2,dam_schedule__mw__import__caiso_totals,0.03503173589706421,0.03642880916595459
"(16, 26)",2,dam_schedule__mw__export__caiso_totals,0.2202576994895935,0.18878388404846191
"(16, 26)",2,dam_lmp__lmp_usd_per_mwh__th_sp15_gen_apnd,0.07209497690200806,0.08196049928665161
"(16, 26)",2,dam_lmp__congestion_usd_per_mwh__th_sp15_gen_apnd,0.06662184000015259,0.07320058345794678
"(16, 26)",2,dam_lmp__loss_usd_per_mwh__th_sp15_gen_apnd,0.1420956254005432,0.13846325874328613
"(16, 26)",2,rt15_lmp_hourly_mean__congestion_usd_per_mwh__th_sp15_gen_apnd,0.04203510284423828,0.03575664758682251
"(16, 26)",2,dam_as_total_procured__mw__ru__as_caiso,0.09608578681945801,0.10335248708724976
"(16, 26)",2,dam_as_total_procured__mw__rd__as_caiso,0.1629149317741394,0.1727278232574463
"(16, 26)",2,dam_as_total_procured__mw__sr__as_caiso,0.0036293864250183105,0.008051872253417969
"(16, 26)",2,dam_as_total_procured__mw__nr__as_caiso,0.07306331396102905,0.05594635009765625
"(16, 30)",2,actual_load__mw__ca_iso_tac,0.0007222294807434082,0.003040790557861328
"(16, 30)",2,dam_schedule__mw__generation__caiso_totals,0.0070151686668396,0.007221698760986328
"(16, 30)",2,dam_schedule__mw__import__caiso_totals,0.011130750179290771,0.0096513032913208
"(16, 30)",2,dam_schedule__mw__export__caiso_totals,0.019879519939422607,0.01728910207748413
"(16, 30)",2,dam_lmp__lmp_usd_per_mwh__th_sp15_gen_apnd,0.02212613821029663,0.021889567375183105
"(16, 30)",2,dam_lmp__congestion_usd_per_mwh__th_sp15_gen_apnd,0.0003089308738708496,0.0013787150382995605
"(16, 30)",2,dam_lmp__loss_usd_per_mwh__th_sp15_gen_apnd,0.015314579010009766,0.010457634925842285
"(16, 30)",2,rt15_lmp_hourly_mean__congestion_usd_per_mwh__th_sp15_gen_apnd,0.0,0.000620424747467041
"(16, 30)",2,dam_as_total_procured__mw__ru__as_caiso,0.015580415725708008,0.012801766395568848
"(16, 30)",2,dam_as_total_procured__mw__rd__as_caiso,0.010386109352111816,0.011583685874938965
"(16, 30)",2,dam_as_total_procured__mw__sr__as_caiso,0.0,0.000847160816192627
"(16, 30)",2,dam_as_total_procured__mw__nr__as_caiso,0.018525898456573486,0.02088683843612671
"(16, 34)",2,actual_load__mw__ca_iso_tac,0.09588992595672607,0.091941237449646
"(16, 34)",2,dam_schedule__mw__generation__caiso_totals,0.11608535051345825,0.11087918281555176
"(16, 34)",2,dam_schedule__mw__import__caiso_totals,0.15807539224624634,0.15077364444732666
"(16, 34)",2,dam_schedule__mw__export__caiso_totals,0.16179156303405762,0.1489245891571045
"(16, 34)",2,dam_lmp__lmp_usd_per_mwh__th_sp15_gen_apnd,0.3309597969055176,0.2895803451538086
"(16, 34)",2,dam_lmp__congestion_usd_per_mwh__th_sp15_gen_apnd,0.2582191824913025,0.2326599359512329
"(16, 34)",2,dam_lmp__loss_usd_per_mwh__th_sp15_gen_apnd,0.06167632341384888,0.047938644886016846
"(16, 34)",2,rt15_lmp_hourly_mean__congestion_usd_per_mwh__th_sp15_gen_apnd,0.15709811449050903,0.14662188291549683
"(16, 34)",2,dam_as_total_procured__mw__ru__as_caiso,0.841620922088623,0.8346704244613647
"(16, 34)",2,dam_as_total_procured__mw__rd__as_caiso,0.6455459594726562,0.6228069067001343
"(16, 34)",2,dam_as_total_procured__mw__sr__as_caiso,0.033857524394989014,0.0402987003326416
"(16, 34)",2,dam_as_total_procured__mw__nr__as_caiso,0.049916625022888184,0.05388295650482178
"(16, 38)",2,actual_load__mw__ca_iso_tac,0.06517767906188965,0.07259988784790039
"(16, 38)",2,dam_schedule__mw__generation__caiso_totals,0.057522714138031006,0.057169973850250244
"(16, 38)",2,dam_schedule__mw__import__caiso_totals,0.24023675918579102,0.231137216091156
"(16, 38)",2,dam_schedule__mw__export__caiso_totals,0.0823289155960083,0.0789710283279419
"(16, 38)",2,dam_lmp__lmp_usd_per_mwh__th_sp15_gen_apnd,0.4557933807373047,0.4702789783477783
"(16, 38)",2,dam_lmp__congestion_usd_per_mwh__th_sp15_gen_apnd,0.2472168207168579,0.24396610260009766
"(16, 38)",2,dam_lmp__loss_usd_per_mwh__th_sp15_gen_apnd,0.15534120798110962,0.1539486050605774
"(16, 38)",2,rt15_lmp_hourly_mean__congestion_usd_per_mwh__th_sp15_gen_apnd,0.13112139701843262,0.13108378648757935
"(16, 38)",2,dam_as_total_procured__mw__ru__as_caiso,0.14699095487594604,0.13756990432739258
"(16, 38)",2,dam_as_total_procured__mw__rd__as_caiso,0.36896586418151855,0.3641371726989746
"(16, 38)",2,dam_as_total_procured__mw__sr__as_caiso,0.03768736124038696,0.05583590269088745
"(16, 38)",2,dam_as_total_procured__mw__nr__as_caiso,0.04769223928451538,0.04950976371765137
"(16, 42)",2,actual_load__mw__ca_iso_tac,0.05323207378387451,0.06548434495925903
"(16, 42)",2,dam_schedule__mw__generation__caiso_totals,0.05361229181289673,0.061379849910736084
"(16, 42)",2,dam_schedule__mw__import__caiso_totals,0.04532366991043091,0.05134826898574829
"(16, 42)",2,dam_schedule__mw__export__caiso_totals,0.07043600082397461,0.07000201940536499
"(16, 42)",2,dam_lmp__lmp_usd_per_mwh__th_sp15_gen_apnd,0.23237228393554688,0.24563974142074585
"(16, 42)",2,dam_lmp__congestion_usd_per_mwh__th_sp15_gen_apnd,0.09383583068847656,0.09632521867752075
"(16, 42)",2,dam_lmp__loss_usd_per_mwh__th_sp15_gen_apnd,0.040854811668395996,0.03664356470108032
"(16, 42)",2,rt15_lmp_hourly_mean__congestion_usd_per_mwh__th_sp15_gen_apnd,0.07884436845779419,0.08505052328109741
"(16, 42)",2,dam_as_total_procured__mw__ru__as_caiso,0.07129883766174316,0.06533592939376831
"(16, 42)",2,dam_as_total_procured__mw__rd__as_caiso,0.11298501491546631,0.1254749894142151
"(16, 42)",2,dam_as_total_procured__mw__sr__as_caiso,0.0,0.011694848537445068
"(16, 42)",2,dam_as_total_procured__mw__nr__as_caiso,0.03291475772857666,0.03594297170639038
"(17, 20)",2,actual_load__mw__ca_iso_tac,0.4095723628997803,0.43644070625305176
"(17, 20)",2,dam_schedule__mw__generation__caiso_totals,0.4524555206298828,0.4736384153366089
"(17, 20)",2,dam_schedule__mw__import__caiso_totals,0.37410855293273926,0.37644827365875244
"(17, 20)",2,dam_schedule__mw__export__caiso_totals,0.3372188210487366,0.34885352849960327
"(17, 20)",2,dam_lmp__lmp_usd_per_mwh__th_sp15_gen_apnd,0.8517864942550659,0.8479561805725098
"(17, 20)",2,dam_lmp__congestion_usd_per_mwh__th_sp15_gen_apnd,0.43520182371139526,0.41943103075027466
"(17, 20)",2,dam_lmp__loss_usd_per_mwh__th_sp15_gen_apnd,0.48065072298049927,0.49339789152145386
"(17, 20)",2,rt15_lmp_hourly_mean__congestion_usd_per_mwh__th_sp15_gen_apnd,0.255875825881958,0.25144731998443604
"(17, 20)",2,dam_as_total_procured__mw__ru__as_caiso,0.4241592288017273,0.4018365144729614
"(17, 20)",2,dam_as_total_procured__mw__rd__as_caiso,0.7542245388031006,0.7495952844619751
"(17, 20)",2,dam_as_total_procured__mw__sr__as_caiso,0.10535222291946411,0.14455676078796387
"(17, 20)",2,dam_as_total_procured__mw__nr__as_caiso,0.05474478006362915,0.06319218873977661
"(17, 24)",2,actual_load__mw__ca_iso_tac,0.35651999711990356,0.3827868103981018
"(17, 24)",2,dam_schedule__mw__generation__caiso_totals,0.36934876441955566,0.4115181565284729
"(17, 24)",2,dam_schedule__mw__import__caiso_totals,0.377203106880188,0.3882051706314087
"(17, 24)",2,dam_schedule__mw__export__caiso_totals,0.3009769320487976,0.3332570791244507
"(17, 24)",2,dam_lmp__lmp_usd_per_mwh__th_sp15_gen_apnd,0.8330408334732056,0.8404046297073364
"(17, 24)",2,dam_lmp__congestion_usd_per_mwh__th_sp15_gen_apnd,0.46779823303222656,0.4715670347213745
"(17, 24)",2,dam_lmp__loss_usd_per_mwh__th_sp15_gen_apnd,0.36334115266799927,0.38016068935394287
"(17, 24)",2,rt15_lmp_hourly_mean__congestion_usd_per_mwh__th_sp15_gen_apnd,0.3816382884979248,0.4024883508682251
"(17, 24)",2,dam_as_total_procured__mw__ru__as_caiso,0.40201401710510254,0.38370025157928467
"(17, 24)",2,dam_as_total_procured__mw__rd__as_caiso,0.7469042539596558,0.7407488226890564
"(17, 24)",2,dam_as_total_procured__mw__sr__as_caiso,0.09603643417358398,0.13661348819732666
"(17, 24)",2,dam_as_total_procured__mw__nr__as_caiso,0.05144500732421875,0.05516141653060913
"(17, 28)",2,actual_load__mw__ca_iso_tac,0.8807021379470825,0.8818633556365967
"(17, 28)",2,dam_schedule__mw__generation__caiso_totals,0.8830445408821106,0.8843274116516113
"(17, 28)",2,dam_schedule__mw__import__caiso_totals,0.38297998905181885,0.38792359828948975
"(17, 28)",2,dam_schedule__mw__export__caiso_totals,0.5577799081802368,0.565518856048584
"(17, 28)",2,dam_lmp__lmp_usd_per_mwh__th_sp15_gen_apnd,0.7654292583465576,0.7809602618217468
"(17, 28)",2,dam_lmp__congestion_usd_per_mwh__th_sp15_gen_apnd,0.46314042806625366,0.45878899097442627
"(17, 28)",2,dam_lmp__loss_usd_per_mwh__th_sp15_gen_apnd,0.384516179561615,0.37244248390197754
"(17, 28)",2,rt15_lmp_hourly_mean__congestion_usd_per_mwh__th_sp15_gen_apnd,0.29719996452331543,0.3012007474899292
"(17, 28)",2,dam_as_total_procured__mw__ru__as_caiso,0.4135114550590515,0.3950548768043518
"(17, 28)",2,dam_as_total_procured__mw__rd__as_caiso,0.7835217714309692,0.7749110460281372
"(17, 28)",2,dam_as_total_procured__mw__sr__as_caiso,0.14315307140350342,0.1819782257080078
"(17, 28)",2,dam_as_total_procured__mw__nr__as_caiso,0.22394037246704102,0.22988301515579224
"(17, 32)",2,actual_load__mw__ca_iso_tac,0.12740379571914673,0.1312248706817627
"(17, 32)",2,dam_schedule__mw__generation__caiso_totals,0.1639356017112732,0.167633056640625
"(17, 32)",2,dam_schedule__mw__import__caiso_totals,0.30294525623321533,0.29987645149230957
"(17, 32)",2,dam_schedule__mw__export__caiso_totals,0.26729077100753784,0.2739967107772827
"(17, 32)",2,dam_lmp__lmp_usd_per_mwh__th_sp15_gen_apnd,0.5486810207366943,0.5456172227859497
"(17, 32)",2,dam_lmp__congestion_usd_per_mwh__th_sp15_gen_apnd,0.39537596702575684,0.38792693614959717
"(17, 32)",2,dam_lmp__loss_usd_per_mwh__th_sp15_gen_apnd,0.1963164210319519,0.17236584424972534
"(17, 32)",2,rt15_lmp_hourly_mean__congestion_usd_per_mwh__th_sp15_gen_apnd,0.2338886260986328,0.2249748706817627
"(17, 32)",2,dam_as_total_procured__mw__ru__as_caiso,0.4709566831588745,0.4626820683479309
"(17, 32)",2,dam_as_total_procured__mw__rd__as_caiso,0.7358726263046265,0.7242851257324219
"(17, 32)",2,dam_as_total_procured__mw__sr__as_caiso,0.06495243310928345,0.10175329446792603
"(17, 32)",2,dam_as_total_procured__mw__nr__as_caiso,0.04506874084472656,0.054137468338012695
"(17, 36)",2,actual_load__mw__ca_iso_tac,0.5577970743179321,0.5825196504592896
"(17, 36)",2,dam_schedule__mw__generation__caiso_totals,0.48114335536956787,0.5174852609634399
"(17, 36)",2,dam_schedule__mw__import__caiso_totals,0.4238995909690857,0.41779524087905884
"(17, 36)",2,dam_schedule__mw__export__caiso_totals,0.4084519147872925,0.42052239179611206
"(17, 36)",2,dam_lmp__lmp_usd_per_mwh__th_sp15_gen_apnd,0.671800971031189,0.6806185245513916
"(17, 36)",2,dam_lmp__congestion_usd_per_mwh__th_sp15_gen_apnd,0.4560120701789856,0.4439866542816162
"(17, 36)",2,dam_lmp__loss_usd_per_mwh__th_sp15_gen_apnd,0.26967310905456543,0.26064127683639526
"(17, 36)",2,rt15_lmp_hourly_mean__congestion_usd_per_mwh__th_sp15_gen_apnd,0.27953773736953735,0.28045570850372314
"(17, 36)",2,dam_as_total_procured__mw__ru__as_caiso,0.416562557220459,0.39891088008880615
"(17, 36)",2,dam_as_total_procured__mw__rd__as_caiso,0.7694928050041199,0.760857343673706
"(17, 36)",2,dam_as_total_procured__mw__sr__as_caiso,0.19555747509002686,0.224415123462677
"(17, 36)",2,dam_as_total_procured__mw__nr__as_caiso,0.47590917348861694,0.47989511489868164
"(17, 40)",2,actual_load__mw__ca_iso_tac,0.1285252571105957,0.1337360143661499
"(17, 40)",2,dam_schedule__mw__generation__caiso_totals,0.15440165996551514,0.15614867210388184
"(17, 40)",2,dam_schedule__mw__import__caiso_totals,0.3068522810935974,0.3003833293914795
"(17, 40)",2,dam_schedule__mw__export__caiso_totals,0.24918729066848755,0.2594635486602783
"(17, 40)",2,dam_lmp__lmp_usd_per_mwh__th_sp15_gen_apnd,0.5950508117675781,0.5897011160850525
"(17, 40)",2,dam_lmp__congestion_usd_per_mwh__th_sp15_gen_apnd,0.41611164808273315,0.4061514735221863
"(17, 40)",2,dam_lmp__loss_usd_per_mwh__th_sp15_gen_apnd,0.21271389722824097,0.1926335096359253
"(17, 40)",2,rt15_lmp_hourly_mean__congestion_usd_per_mwh__th_sp15_gen_apnd,0.24879711866378784,0.2466127872467041
"(17, 40)",2,dam_as_total_procured__mw__ru__as_caiso,0.3934509754180908,0.3751324415206909
"(17, 40)",2,dam_as_total_procured__mw__rd__as_caiso,0.7369431257247925,0.7235004305839539
"(17, 40)",2,dam_as_total_procured__mw__sr__as_caiso,0.07990938425064087,0.1105089783668518
"(17, 40)",2,dam_as_total_procured__mw__nr__as_caiso,0.031181514263153076,0.030859053134918213
"(18, 19)",2,actual_load__mw__ca_iso_tac,0.1682092547416687,0.18266844749450684
"(18, 19)",2,dam_schedule__mw__generation__caiso_totals,0.16857010126113892,0.17828017473220825
"(18, 19)",2,dam_schedule__mw__import__caiso_totals,0.3047226071357727,0.3020896315574646
"(18, 19)",2,dam_schedule__mw__export__caiso_totals,0.12669605016708374,0.12726610898971558
"(18, 19)",2,dam_lmp__lmp_usd_per_mwh__th_sp15_gen_apnd,0.9567628502845764,0.9560805559158325
"(18, 19)",2,dam_lmp__congestion_usd_per_mwh__th_sp15_gen_apnd,0.33056187629699707,0.3275988698005676
"(18, 19)",2,dam_lmp__loss_usd_per_mwh__th_sp15_gen_apnd,0.43218153715133667,0.442294180393219
"(18, 19)",2,rt15_lmp_hourly_mean__congestion_usd_per_mwh__th_sp15_gen_apnd,0.2860758304595947,0.2662332057952881
"(18, 19)",2,dam_as_total_procured__mw__ru__as_caiso,0.18868249654769897,0.16482234001159668
"(18, 19)",2,dam_as_total_procured__mw__rd__as_caiso,0.37801462411880493,0.37659913301467896
"(18, 19)",2,dam_as_total_procured__mw__sr__as_caiso,0.030458509922027588,0.03546786308288574
"(18, 19)",2,dam_as_total_procured__mw__nr__as_caiso,0.04534459114074707,0.05443894863128662
"(18, 23)",2,actual_load__mw__ca_iso_tac,0.09882831573486328,0.1151970624923706
"(18, 23)",2,dam_schedule__mw__generation__caiso_totals,0.07263684272766113,0.08844912052154541
"(18, 23)",2,dam_schedule__mw__import__caiso_totals,0.2543233036994934,0.2524948716163635
"(18, 23)",2,dam_schedule__mw__export__caiso_totals,0.05702674388885498,0.06276160478591919
"(18, 23)",2,dam_lmp__lmp_usd_per_mwh__th_sp15_gen_apnd,0.8632146120071411,0.8665204644203186
"(18, 23)",2,dam_lmp__congestion_usd_per_mwh__th_sp15_gen_apnd,0.3959343433380127,0.3969142436981201
"(18, 23)",2,dam_lmp__loss_usd_per_mwh__th_sp15_gen_apnd,0.313407838344574,0.3198421001434326
"(18, 23)",2,rt15_lmp_hourly_mean__congestion_usd_per_mwh__th_sp15_gen_apnd,0.4358939528465271,0.4423331022262573
"(18, 23)",2,dam_as_total_procured__mw__ru__as_caiso,0.19802027940750122,0.17301315069198608
"(18, 23)",2,dam_as_total_procured__mw__rd__as_caiso,0.39650028944015503,0.39504992961883545
"(18, 23)",2,dam_as_total_procured__mw__sr__as_caiso,0.018402576446533203,0.02524590492248535
"(18, 23)",2,dam_as_total_procured__mw__nr__as_caiso,0.014953672885894775,0.021126985549926758
"(18, 27)",2,actual_load__mw__ca_iso_tac,0.6596568822860718,0.6586934328079224
"(18, 27)",2,dam_schedule__mw__generation__caiso_totals,0.6223500967025757,0.6284958124160767
"(18, 27)",2,dam_schedule__mw__import__caiso_totals,0.22996634244918823,0.22736310958862305
"(18, 27)",2,dam_schedule__mw__export__caiso_totals,0.3499171733856201,0.335628867149353
"(18, 27)",2,dam_lmp__lmp_usd_per_mwh__th_sp15_gen_apnd,0.39566051959991455,0.41266971826553345
"(18, 27)",2,dam_lmp__congestion_usd_per_mwh__th_sp15_gen_apnd,0.057471394538879395,0.05394101142883301
"(18, 27)",2,dam_lmp__loss_usd_per_mwh__th_sp15_gen_apnd,0.3549017906188965,0.3475887179374695
"(18, 27)",2,rt15_lmp_hourly_mean__congestion_usd_per_mwh__th_sp15_gen_apnd,0.07006990909576416,0.0756424069404602
"(18, 27)",2,dam_as_total_procured__mw__ru__as_caiso,0.0922168493270874,0.08284401893615723
"(18, 27)",2,dam_as_total_procured__mw__rd__as_caiso,0.12064039707183838,0.1169443130493164
"(18, 27)",2,dam_as_total_procured__mw__sr__as_caiso,0.04190784692764282,0.04822009801864624
"(18, 27)",2,dam_as_total_procured__mw__nr__as_caiso,0.19344133138656616,0.1940644383430481
"(18, 31)",2,actual_load__mw__ca_iso_tac,0.007508337497711182,0.010561883449554443
"(18, 31)",2,dam_schedule__mw__generation__caiso_totals,0.0077544450759887695,0.006741881370544434
"(18, 31)",2,dam_schedule__mw__import__caiso_totals,0.019663572311401367,0.016438066959381104
"(18, 31)",2,dam_schedule__mw__export__caiso_totals,0.0,0.0
"(18, 31)",2,dam_lmp__lmp_usd_per_mwh__th_sp15_gen_apnd,0.022685766220092773,0.017576873302459717
"(18, 31)",2,dam_lmp__congestion_usd_per_mwh__th_sp15_gen_apnd,0.003717482089996338,0.0014764666557312012
"(18, 31)",2,dam_lmp__loss_usd_per_mwh__th_sp15_gen_apnd,0.006962597370147705,0.006979703903198242
"(18, 31)",2,rt15_lmp_hourly_mean__congestion_usd_per_mwh__th_sp15_gen_apnd,0.0017392635345458984,0.0017087459564208984
"(18, 31)",2,dam_as_total_procured__mw__ru__as_caiso,0.007840156555175781,0.0035380125045776367
"(18, 31)",2,dam_as_total_procured__mw__rd__as_caiso,0.009719133377075195,0.007543206214904785
"(18, 31)",2,dam_as_total_procured__mw__sr__as_caiso,0.0,0.002690553665161133
"(18, 31)",2,dam_as_total_procured__mw__nr__as_caiso,0.005749523639678955,0.007736265659332275
"(18, 35)",2,actual_load__mw__ca_iso_tac,0.2791759967803955,0.29437893629074097
"(18, 35)",2,dam_schedule__mw__generation__caiso_totals,0.27890461683273315,0.2797180414199829
"(18, 35)",2,dam_schedule__mw__import__caiso_totals,0.2476901412010193,0.2448742389678955
"(18, 35)",2,dam_schedule__mw__export__caiso_totals,0.2017664909362793,0.2207930088043213
"(18, 35)",2,dam_lmp__lmp_usd_per_mwh__th_sp15_gen_apnd,0.4488319754600525,0.4226498007774353
"(18, 35)",2,dam_lmp__congestion_usd_per_mwh__th_sp15_gen_apnd,0.3947112560272217,0.3571542501449585
"(18, 35)",2,dam_lmp__loss_usd_per_mwh__th_sp15_gen_apnd,0.08766645193099976,0.09263581037521362
"(18, 35)",2,rt15_lmp_hourly_mean__congestion_usd_per_mwh__th_sp15_gen_apnd,0.23120462894439697,0.22386711835861206
"(18, 35)",2,dam_as_total_procured__mw__ru__as_caiso,0.413909912109375,0.414909303188324
"(18, 35)",2,dam_as_total_procured__mw__rd__as_caiso,0.9785637855529785,0.9771400094032288
"(18, 35)",2,dam_as_total_procured__mw__sr__as_caiso,0.05652064085006714,0.08861559629440308
"(18, 35)",2,dam_as_total_procured__mw__nr__as_caiso,0.0662299394607544,0.05759871006011963
"(18, 39)",2,actual_load__mw__ca_iso_tac,0.04189455509185791,0.048011064529418945
"(18, 39)",2,dam_schedule__mw__generation__caiso_totals,0.06416058540344238,0.06632894277572632
"(18, 39)",2,dam_schedule__mw__import__caiso_totals,0.04444772005081177,0.046572327613830566
"(18, 39)",2,dam_schedule__mw__export__caiso_totals,0.051476478576660156,0.05234318971633911
"(18, 39)",2,dam_lmp__lmp_usd_per_mwh__th_sp15_gen_apnd,0.10777318477630615,0.10409969091415405
"(18, 39)",2,dam_lmp__congestion_usd_per_mwh__th_sp15_gen_apnd,0.03758394718170166,0.041852355003356934
"(18, 39)",2,dam_lmp__loss_usd_per_mwh__th_sp15_gen_apnd,0.06020838022232056,0.049295663833618164
"(18, 39)",2,rt15_lmp_hourly_mean__congestion_usd_per_mwh__th_sp15_gen_apnd,0.012479245662689209,0.012317121028900146
"(18, 39)",2,dam_as_total_procured__mw__ru__as_caiso,0.08032411336898804,0.07150256633758545
"(18, 39)",2,dam_as_total_procured__mw__rd__as_caiso,0.0872412919998169,0.09492158889770508
"(18, 39)",2,dam_as_total_procured__mw__sr__as_caiso,0.01612776517868042,0.023811280727386475
"(18, 39)",2,dam_as_total_procured__mw__nr__as_caiso,0.010687768459320068,0.012686312198638916
"(18, 43)",2,actual_load__mw__ca_iso_tac,0.06932860612869263,0.06739687919616699
"(18, 43)",2,dam_schedule__mw__generation__caiso_totals,0.08808356523513794,0.07656174898147583
"(18, 43)",2,dam_schedule__mw__import__caiso_totals,0.16997039318084717,0.16842389106750488
"(18, 43)",2,dam_schedule__mw__export__caiso_totals,0.0939093828201294,0.08609211444854736
"(18, 43)",2,dam_lmp__lmp_usd_per_mwh__th_sp15_gen_apnd,0.29047858715057373,0.30122172832489014
"(18, 43)",2,dam_lmp__congestion_usd_per_mwh__th_sp15_gen_apnd,0.15154844522476196,0.14870691299438477
"(18, 43)",2,dam_lmp__loss_usd_per_mwh__th_sp15_gen_apnd,0.09212779998779297,0.09124243259429932
"(18, 43)",2,rt15_lmp_hourly_mean__congestion_usd_per_mwh__th_sp15_gen_apnd,0.0738213062286377,0.06571227312088013
"(18, 43)",2,dam_as_total_procured__mw__ru__as_caiso,0.05806267261505127,0.058226585388183594
"(18, 43)",2,dam_as_total_procured__mw__rd__as_caiso,0.1718347668647766,0.1967172622680664
"(18, 43)",2,dam_as_total_procured__mw__sr__as_caiso,0.019183218479156494,0.03456622362136841
"(18, 43)",2,dam_as_total_procured__mw__nr__as_caiso,0.00727391242980957,0.007422208786010742
"(19, 23)",2,actual_load__mw__ca_iso_tac,0.15785706043243408,0.16547715663909912
"(19, 23)",2,dam_schedule__mw__generation__caiso_totals,0.16130191087722778,0.1707984209060669
"(19, 23)",2,dam_schedule__mw__import__caiso_totals,0.2639458179473877,0.27357977628707886
"(19, 23)",2,dam_schedule__mw__export__caiso_totals,0.11409217119216919,0.11285871267318726
"(19, 23)",2,dam_lmp__lmp_usd_per_mwh__th_sp15_gen_apnd,0.9628718495368958,0.964280366897583
"(19, 23)",2,dam_lmp__congestion_usd_per_mwh__th_sp15_gen_apnd,0.4501054286956787,0.468858003616333
"(19, 23)",2,dam_lmp__loss_usd_per_mwh__th_sp15_gen_apnd,0.44663941860198975,0.46202778816223145
"(19, 23)",2,rt15_lmp_hourly_mean__congestion_usd_per_mwh__th_sp15_gen_apnd,0.4922012686729431,0.5483642816543579
"(19, 23)",2,dam_as_total_procured__mw__ru__as_caiso,0.1834821105003357,0.1690550446510315
"(19, 23)",2,dam_as_total_procured__mw__rd__as_caiso,0.3767709732055664,0.38481104373931885
"(19, 23)",2,dam_as_total_procured__mw__sr__as_caiso,0.023177623748779297,0.026341497898101807
"(19, 23)",2,dam_as_total_procured__mw__nr__as_caiso,0.04922342300415039,0.05406451225280762
"(19, 27)",2,actual_load__mw__ca_iso_tac,0.7354522943496704,0.7408917546272278
"(19, 27)",2,dam_schedule__mw__generation__caiso_totals,0.7053714394569397,0.7089363932609558
"(19, 27)",2,dam_schedule__mw__import__caiso_totals,0.298911988735199,0.3081372380256653
"(19, 27)",2,dam_schedule__mw__export__caiso_totals,0.4706076383590698,0.4546157717704773
"(19, 27)",2,dam_lmp__lmp_usd_per_mwh__th_sp15_gen_apnd,0.9595017433166504,0.9585326910018921
"(19, 27)",2,dam_lmp__congestion_usd_per_mwh__th_sp15_gen_apnd,0.36182981729507446,0.34836041927337646
"(19, 27)",2,dam_lmp__loss_usd_per_mwh__th_sp15_gen_apnd,0.47625553607940674,0.47556501626968384
"(19, 27)",2,rt15_lmp_hourly_mean__congestion_usd_per_mwh__th_sp15_gen_apnd,0.33218175172805786,0.2867578864097595
"(19, 27)",2,dam_as_total_procured__mw__ru__as_caiso,0.19355344772338867,0.17126590013504028
"(19, 27)",2,dam_as_total_procured__mw__rd__as_caiso,0.4307563304901123,0.43266576528549194
"(19, 27)",2,dam_as_total_procured__mw__sr__as_caiso,0.11154723167419434,0.11887800693511963
"(19, 27)",2,dam_as_total_procured__mw__nr__as_caiso,0.2177121639251709,0.21426331996917725
"(19, 31)",2,actual_load__mw__ca_iso_tac,0.12739431858062744,0.13924098014831543
"(19, 31)",2,dam_schedule__mw__generation__caiso_totals,0.12442994117736816,0.14213943481445312
"(19, 31)",2,dam_schedule__mw__import__caiso_totals,0.2471550703048706,0.25592952966690063
"(19, 31)",2,dam_schedule__mw__export__caiso_totals,0.08713752031326294,0.08857548236846924
"(19, 31)",2,dam_lmp__lmp_usd_per_mwh__th_sp15_gen_apnd,0.9561266303062439,0.9554177522659302
"(19, 31)",2,dam_lmp__congestion_usd_per_mwh__th_sp15_gen_apnd,0.31698524951934814,0.3114553689956665
"(19, 31)",2,dam_lmp__loss_usd_per_mwh__th_sp15_gen_apnd,0.42054373025894165,0.4356643557548523
"(19, 31)",2,rt15_lmp_hourly_mean__congestion_usd_per_mwh__th_sp15_gen_apnd,0.27949821949005127,0.2551639676094055
"(19, 31)",2,dam_as_total_procured__mw__ru__as_caiso,0.16402745246887207,0.14167195558547974
"(19, 31)",2,dam_as_total_procured__mw__rd__as_caiso,0.34373706579208374,0.3434499502182007
"(19, 31)",2,dam_as_total_procured__mw__sr__as_caiso,0.02219974994659424,0.02634519338607788
"(19, 31)",2,dam_as_total_procured__mw__nr__as_caiso,0.02285867929458618,0.037138283252716064
"(19, 35)",2,actual_load__mw__ca_iso_tac,0.44076406955718994,0.45501917600631714
"(19, 35)",2,dam_schedule__mw__generation__caiso_totals,0.4421989321708679,0.4577959179878235
"(19, 35)",2,dam_schedule__mw__import__caiso_totals,0.3618384599685669,0.3669857382774353
"(19, 35)",2,dam_schedule__mw__export__caiso_totals,0.2580958604812622,0.27102309465408325
"(19, 35)",2,dam_lmp__lmp_usd_per_mwh__th_sp15_gen_apnd,0.9670933485031128,0.9656156897544861
"(19, 35)",2,dam_lmp__congestion_usd_per_mwh__th_sp15_gen_apnd,0.47687023878097534,0.45559167861938477
"(19, 35)",2,dam_lmp__loss_usd_per_mwh__th_sp15_gen_apnd,0.5242562294006348,0.5362510681152344
"(19, 35)",2,rt15_lmp_hourly_mean__congestion_usd_per_mwh__th_sp15_gen_apnd,0.3354763388633728,0.31735455989837646
"(19, 35)",2,dam_as_total_procured__mw__ru__as_caiso,0.4150669574737549,0.42027002573013306
"(19, 35)",2,dam_as_total_procured__mw__rd__as_caiso,0.9793791770935059,0.9775210022926331
"(19, 35)",2,dam_as_total_procured__mw__sr__as_caiso,0.07238626480102539,0.09532493352890015
"(19, 35)",2,dam_as_total_procured__mw__nr__as_caiso,0.08362364768981934,0.08646285533905029
"(19, 39)",2,actual_load__mw__ca_iso_tac,0.20340168476104736,0.22939527034759521
"(19, 39)",2,dam_schedule__mw__generation__caiso_totals,0.2225375771522522,0.25468456745147705
"(19, 39)",2,dam_schedule__mw__import__caiso_totals,0.264479398727417,0.275315523147583
"(19, 39)",2,dam_schedule__mw__export__caiso_totals,0.15901100635528564,0.16090452671051025
"(19, 39)",2,dam_lmp__lmp_usd_per_mwh__th_sp15_gen_apnd,0.9575898051261902,0.9572891592979431
"(19, 39)",2,dam_lmp__congestion_usd_per_mwh__th_sp15_gen_apnd,0.34333640336990356,0.33672523498535156
"(19, 39)",2,dam_lmp__loss_usd_per_mwh__th_sp15_gen_apnd,0.44553184509277344,0.45910024642944336
"(19, 39)",2,rt15_lmp_hourly_mean__congestion_usd_per_mwh__th_sp15_gen_apnd,0.3333539366722107,0.3103553056716919
"(19, 39)",2,dam_as_total_procured__mw__ru__as_caiso,0.21803903579711914,0.19224172830581665
"(19, 39)",2,dam_as_total_procured__mw__rd__as_caiso,0.3942450284957886,0.39702165126800537
"(19, 39)",2,dam_as_total_procured__mw__sr__as_caiso,0.04761970043182373,0.04924154281616211
"(19, 39)",2,dam_as_total_procured__mw__nr__as_caiso,0.02437412738800049,0.04414469003677368
"(19, 43)",2,actual_load__mw__ca_iso_tac,0.234394371509552,0.24371474981307983
"(19, 43)",2,dam_schedule__mw__generation__caiso_totals,0.27617037296295166,0.27790045738220215
"(19, 43)",2,dam_schedule__mw__import__caiso_totals,0.32164305448532104,0.31717824935913086
"(19, 43)",2,dam_schedule__mw__export__caiso_totals,0.1729518175125122,0.16880327463150024
"(19, 43)",2,dam_lmp__lmp_usd_per_mwh__th_sp15_gen_apnd,0.9598606824874878,0.9589271545410156
"(19, 43)",2,dam_lmp__congestion_usd_per_mwh__th_sp15_gen_apnd,0.363192617893219,0.34964311122894287
"(19, 43)",2,dam_lmp__loss_usd_per_mwh__th_sp15_gen_apnd,0.4244823455810547,0.43987274169921875
"(19, 43)",2,rt15_lmp_hourly_mean__congestion_usd_per_mwh__th_sp15_gen_apnd,0.33821648359298706,0.3129950761795044
"(19, 43)",2,dam_as_total_procured__mw__ru__as_caiso,0.20052486658096313,0.17567873001098633
"(19, 43)",2,dam_as_total_procured__mw__rd__as_caiso,0.4101777672767639,0.4192088842391968
"(19, 43)",2,dam_as_total_procured__mw__sr__as_caiso,0.038983166217803955,0.04751092195510864
"(19, 43)",2,dam_as_total_procured__mw__nr__as_caiso,0.03384697437286377,0.04140549898147583
"(20, 24)",2,actual_load__mw__ca_iso_tac,0.13940680027008057,0.15452277660369873
"(20, 24)",2,dam_schedule__mw__generation__caiso_totals,0.13752615451812744,0.1477898359298706
"(20, 24)",2,dam_schedule__mw__import__caiso_totals,0.2587538957595825,0.269795298576355
"(20, 24)",2,dam_schedule__mw__export__caiso_totals,0.09904879331588745,0.10364788770675659
"(20, 24)",2,dam_lmp__lmp_usd_per_mwh__th_sp15_gen_apnd,0.8958349227905273,0.9021102786064148
"(20, 24)",2,dam_lmp__congestion_usd_per_mwh__th_sp15_gen_apnd,0.5098925828933716,0.5266096591949463
"(20, 24)",2,dam_lmp__loss_usd_per_mwh__th_sp15_gen_apnd,0.4573901295661926,0.4756239652633667
"(20, 24)",2,rt15_lmp_hourly_mean__congestion_usd_per_mwh__th_sp15_gen_apnd,0.4870452880859375,0.5219101905822754
"(20, 24)",2,dam_as_total_procured__mw__ru__as_caiso,0.18588829040527344,0.17338156700134277
"(20, 24)",2,dam_as_total_procured__mw__rd__as_caiso,0.37883228063583374,0.38754475116729736
"(20, 24)",2,dam_as_total_procured__mw__sr__as_caiso,0.01763761043548584,0.02733016014099121
"(20, 24)",2,dam_as_total_procured__mw__nr__as_caiso,0.038002073764801025,0.039801180362701416
"(20, 28)",2,actual_load__mw__ca_iso_tac,0.827897310256958,0.8300901651382446
"(20, 28)",2,dam_schedule__mw__generation__caiso_totals,0.8483694195747375,0.8540743589401245
"(20, 28)",2,dam_schedule__mw__import__caiso_totals,0.2389826774597168,0.2473788857460022
"(20, 28)",2,dam_schedule__mw__export__caiso_totals,0.5324486494064331,0.533361554145813
"(20, 28)",2,dam_lmp__lmp_usd_per_mwh__th_sp15_gen_apnd,0.789317786693573,0.784072756767273
"(20, 28)",2,dam_lmp__congestion_usd_per_mwh__th_sp15_gen_apnd,0.16563880443572998,0.13770043849945068
"(20, 28)",2,dam_lmp__loss_usd_per_mwh__th_sp15_gen_apnd,0.47497129440307617,0.47993212938308716
"(20, 28)",2,rt15_lmp_hourly_mean__congestion_usd_per_mwh__th_sp15_gen_apnd,0.17032015323638916,0.14268720149993896
"(20, 28)",2,dam_as_total_procured__mw__ru__as_caiso,0.17235535383224487,0.16771894693374634
"(20, 28)",2,dam_as_total_procured__mw__rd__as_caiso,0.29356861114501953,0.3102870583534241
"(20, 28)",2,dam_as_total_procured__mw__sr__as_caiso,0.143121600151062,0.15412157773971558
"(20, 28)",2,dam_as_total_procured__mw__nr__as_caiso,0.2272026538848877,0.2271607518196106
"(20, 32)",2,actual_load__mw__ca_iso_tac,0.19299960136413574,0.20307916402816772
"(20, 32)",2,dam_schedule__mw__generation__caiso_totals,0.2006371021270752,0.2131747603416443
"(20, 32)",2,dam_schedule__mw__import__caiso_totals,0.21562045812606812,0.22328197956085205
"(20, 32)",2,dam_schedule__mw__export__caiso_totals,0.12981116771697998,0.1264767050743103
"(20, 32)",2,dam_lmp__lmp_usd_per_mwh__th_sp15_gen_apnd,0.7926868796348572,0.7853679060935974
"(20, 32)",2,dam_lmp__congestion_usd_per_mwh__th_sp15_gen_apnd,0.2033873200416565,0.1711503267288208
"(20, 32)",2,dam_lmp__loss_usd_per_mwh__th_sp15_gen_apnd,0.4494602084159851,0.4666593074798584
"(20, 32)",2,rt15_lmp_hourly_mean__congestion_usd_per_mwh__th_sp15_gen_apnd,0.16964435577392578,0.1418222188949585
"(20, 32)",2,dam_as_total_procured__mw__ru__as_caiso,0.3866438865661621,0.38665491342544556
"(20, 32)",2,dam_as_total_procured__mw__rd__as_caiso,0.4291865825653076,0.42779242992401123
"(20, 32)",2,dam_as_total_procured__mw__sr__as_caiso,0.04141867160797119,0.05534321069717407
"(20, 32)",2,dam_as_total_procured__mw__nr__as_caiso,0.029812216758728027,0.04363983869552612
"(20, 36)",2,actual_load__mw__ca_iso_tac,0.6223455667495728,0.6458150148391724
"(20, 36)",2,dam_schedule__mw__generation__caiso_totals,0.5079371333122253,0.5451622605323792
"(20, 36)",2,dam_schedule__mw__import__caiso_totals,0.2702397108078003,0.2745480537414551
"(20, 36)",2,dam_schedule__mw__export__caiso_totals,0.35630083084106445,0.36306899785995483
"(20, 36)",2,dam_lmp__lmp_usd_per_mwh__th_sp15_gen_apnd,0.7878124713897705,0.7853830456733704
"(20, 36)",2,dam_lmp__congestion_usd_per_mwh__th_sp15_gen_apnd,0.15780186653137207,0.13936346769332886
"(20, 36)",2,dam_lmp__loss_usd_per_mwh__th_sp15_gen_apnd,0.45720189809799194,0.46346473693847656
"(20, 36)",2,rt15_lmp_hourly_mean__congestion_usd_per_mwh__th_sp15_gen_apnd,0.16168206930160522,0.1265791654586792
"(20, 36)",2,dam_as_total_procured__mw__ru__as_caiso,0.1930447816848755,0.18246740102767944
"(20, 36)",2,dam_as_total_procured__mw__rd__as_caiso,0.3056093454360962,0.3247615098953247
"(20, 36)",2,dam_as_total_procured__mw__sr__as_caiso,0.1682472825050354,0.17617058753967285
"(20, 36)",2,dam_as_total_procured__mw__nr__as_caiso,0.47219163179397583,0.4661017060279846
"(20, 40)",2,actual_load__mw__ca_iso_tac,0.11018979549407959,0.1119961142539978
"(20, 40)",2,dam_schedule__mw__generation__caiso_totals,0.11832332611083984,0.12138432264328003
"(20, 40)",2,dam_schedule__mw__import__caiso_totals,0.20308762788772583,0.21568554639816284
"(20, 40)",2,dam_schedule__mw__export__caiso_totals,0.0890839695930481,0.08127588033676147
"(20, 40)",2,dam_lmp__lmp_usd_per_mwh__th_sp15_gen_apnd,0.7767667770385742,0.7776893377304077
"(20, 40)",2,dam_lmp__congestion_usd_per_mwh__th_sp15_gen_apnd,0.1274094581604004,0.12388157844543457
"(20, 40)",2,dam_lmp__loss_usd_per_mwh__th_sp15_gen_apnd,0.4282507300376892,0.4407083988189697
"(20, 40)",2,rt15_lmp_hourly_mean__congestion_usd_per_mwh__th_sp15_gen_apnd,0.14243417978286743,0.11993986368179321
"(20, 40)",2,dam_as_total_procured__mw__ru__as_caiso,0.13281553983688354,0.11949127912521362
"(20, 40)",2,dam_as_total_procured__mw__rd__as_caiso,0.23009729385375977,0.2431914210319519
"(20, 40)",2,dam_as_total_procured__mw__sr__as_caiso,0.02027714252471924,0.02179938554763794
"(20, 40)",2,dam_as_total_procured__mw__nr__as_caiso,0.017996668815612793,0.02252328395843506
"(21, 22)",2,actual_load__mw__ca_iso_tac,0.1924290657043457,0.20433390140533447
"(21, 22)",2,dam_schedule__mw__generation__caiso_totals,0.19200366735458374,0.20100486278533936
"(21, 22)",2,dam_schedule__mw__import__caiso_totals,0.3317888379096985,0.3510185480117798
"(21, 22)",2,dam_schedule__mw__export__caiso_totals,0.11412197351455688,0.1230698823928833
"(21, 22)",2,dam_lmp__lmp_usd_per_mwh__th_sp15_gen_apnd,0.9527289867401123,0.9591189622879028
"(21, 22)",2,dam_lmp__congestion_usd_per_mwh__th_sp15_gen_apnd,0.5760198831558228,0.5792235136032104
"(21, 22)",2,dam_lmp__loss_usd_per_mwh__th_sp15_gen_apnd,0.4052116274833679,0.425090491771698
"(21, 22)",2,rt15_lmp_hourly_mean__congestion_usd_per_mwh__th_sp15_gen_apnd,0.628380298614502,0.5671334862709045
"(21, 22)",2,dam_as_total_procured__mw__ru__as_caiso,0.2243170142173767,0.20210599899291992
"(21, 22)",2,dam_as_total_procured__mw__rd__as_caiso,0.500474214553833,0.4994082450866699
"(21, 22)",2,dam_as_total_procured__mw__sr__as_caiso,0.040439069271087646,0.05603444576263428
"(21, 22)",2,dam_as_total_procured__mw__nr__as_caiso,0.036545515060424805,0.04653674364089966
"(21, 26)",2,actual_load__mw__ca_iso_tac,0.23570197820663452,0.2412152886390686
"(21, 26)",2,dam_schedule__mw__generation__caiso_totals,0.23726898431777954,0.24127405881881714
"(21, 26)",2,dam_schedule__mw__import__caiso_totals,0.2838050127029419,0.3035358786582947
"(21, 26)",2,dam_schedule__mw__export__caiso_totals,0.20264744758605957,0.2031879425048828
"(21, 26)",2,dam_lmp__lmp_usd_per_mwh__th_sp15_gen_apnd,0.9517101049423218,0.9573873281478882
"(21, 26)",2,dam_lmp__congestion_usd_per_mwh__th_sp15_gen_apnd,0.5265929698944092,0.5227531790733337
"(21, 26)",2,dam_lmp__loss_usd_per_mwh__th_sp15_gen_apnd,0.4815548062324524,0.48373013734817505
"(21, 26)",2,rt15_lmp_hourly_mean__congestion_usd_per_mwh__th_sp15_gen_apnd,0.4435768127441406,0.40476900339126587
"(21, 26)",2,dam_as_total_procured__mw__ru__as_caiso,0.2744523882865906,0.25892120599746704
"(21, 26)",2,dam_as_total_procured__mw__rd__as_caiso,0.5486963987350464,0.5370877385139465
"(21, 26)",2,dam_as_total_procured__mw__sr__as_caiso,0.03845125436782837,0.04846906661987305
"(21, 26)",2,dam_as_total_procured__mw__nr__as_caiso,0.07125020027160645,0.07032984495162964
"(21, 30)",2,actual_load__mw__ca_iso_tac,0.10505229234695435,0.10986208915710449
"(21, 30)",2,dam_schedule__mw__generation__caiso_totals,0.1060519814491272,0.10828357934951782
"(21, 30)",2,dam_schedule__mw__import__caiso_totals,0.27085912227630615,0.28644561767578125
"(21, 30)",2,dam_schedule__mw__export__caiso_totals,0.08866971731185913,0.0841556191444397
"(21, 30)",2,dam_lmp__lmp_usd_per_mwh__th_sp15_gen_apnd,0.9516795873641968,0.9576367139816284
"(21, 30)",2,dam_lmp__congestion_usd_per_mwh__th_sp15_gen_apnd,0.42293357849121094,0.41767674684524536
"(21, 30)",2,dam_lmp__loss_usd_per_mwh__th_sp15_gen_apnd,0.35831111669540405,0.3726004362106323
"(21, 30)",2,rt15_lmp_hourly_mean__congestion_usd_per_mwh__th_sp15_gen_apnd,0.3530884385108948,0.3273102641105652
"(21, 30)",2,dam_as_total_procured__mw__ru__as_caiso,0.18846839666366577,0.16189968585968018
"(21, 30)",2,dam_as_total_procured__mw__rd__as_caiso,0.4232240319252014,0.41804051399230957
"(21, 30)",2,dam_as_total_procured__mw__sr__as_caiso,0.033545851707458496,0.04157322645187378
"(21, 30)",2,dam_as_total_procured__mw__nr__as_caiso,0.012353956699371338,0.020240485668182373
"(21, 34)",2,actual_load__mw__ca_iso_tac,0.2538835406303406,0.2640974521636963
"(21, 34)",2,dam_schedule__mw__generation__caiso_totals,0.26857417821884155,0.28278815746307373
"(21, 34)",2,dam_schedule__mw__import__caiso_totals,0.3036457896232605,0.3174320459365845
"(21, 34)",2,dam_schedule__mw__export__caiso_totals,0.1751641035079956,0.17854654788970947
"(21, 34)",2,dam_lmp__lmp_usd_per_mwh__th_sp15_gen_apnd,0.9549270868301392,0.9599629640579224
"(21, 34)",2,dam_lmp__congestion_usd_per_mwh__th_sp15_gen_apnd,0.4734582304954529,0.46835631132125854
"(21, 34)",2,dam_lmp__loss_usd_per_mwh__th_sp15_gen_apnd,0.4164636731147766,0.43216264247894287
"(21, 34)",2,rt15_lmp_hourly_mean__congestion_usd_per_mwh__th_sp15_gen_apnd,0.36813437938690186,0.3472488522529602
"(21, 34)",2,dam_as_total_procured__mw__ru__as_caiso,0.8390507102012634,0.8338213562965393
"(21, 34)",2,dam_as_total_procured__mw__rd__as_caiso,0.7098761200904846,0.7072412371635437
"(21, 34)",2,dam_as_total_procured__mw__sr__as_caiso,0.06016355752944946,0.08218187093734741
"(21, 34)",2,dam_as_total_procured__mw__nr__as_caiso,0.04874902963638306,0.05267179012298584
"(21, 38)",2,actual_load__mw__ca_iso_tac,0.16254019737243652,0.17786729335784912
"(21, 38)",2,dam_schedule__mw__generation__caiso_totals,0.16499459743499756,0.16807210445404053
"(21, 38)",2,dam_schedule__mw__import__caiso_totals,0.3334529399871826,0.3366486430168152
"(21, 38)",2,dam_schedule__mw__export__caiso_totals,0.10767287015914917,0.11028015613555908
"(21, 38)",2,dam_lmp__lmp_usd_per_mwh__th_sp15_gen_apnd,0.9530647397041321,0.9588117003440857
"(21, 38)",2,dam_lmp__congestion_usd_per_mwh__th_sp15_gen_apnd,0.46389931440353394,0.44450122117996216
"(21, 38)",2,dam_lmp__loss_usd_per_mwh__th_sp15_gen_apnd,0.37556225061416626,0.3855605721473694
"(21, 38)",2,rt15_lmp_hourly_mean__congestion_usd_per_mwh__th_sp15_gen_apnd,0.41034162044525146,0.3691313862800598
"(21, 38)",2,dam_as_total_procured__mw__ru__as_caiso,0.22908198833465576,0.1994975209236145
"(21, 38)",2,dam_as_total_procured__mw__rd__as_caiso,0.5236475467681885,0.5119838714599609
"(21, 38)",2,dam_as_total_procured__mw__sr__as_caiso,0.05497479438781738,0.06791031360626221
"(21, 38)",2,dam_as_total_procured__mw__nr__as_caiso,0.05060666799545288,0.044856250286102295
"(21, 42)",2,actual_load__mw__ca_iso_tac,0.157568097114563,0.1706256866455078
"(21, 42)",2,dam_schedule__mw__generation__caiso_totals,0.15517306327819824,0.1621171236038208
"(21, 42)",2,dam_schedule__mw__import__caiso_totals,0.2789080739021301,0.29080432653427124
"(21, 42)",2,dam_schedule__mw__export__caiso_totals,0.13771522045135498,0.13509953022003174
"(21, 42)",2,dam_lmp__lmp_usd_per_mwh__th_sp15_gen_apnd,0.9529778957366943,0.9592074751853943
"(21, 42)",2,dam_lmp__congestion_usd_per_mwh__th_sp15_gen_apnd,0.4211132526397705,0.42014437913894653
"(21, 42)",2,dam_lmp__loss_usd_per_mwh__th_sp15_gen_apnd,0.3721439242362976,0.3880922198295593
"(21, 42)",2,rt15_lmp_hourly_mean__congestion_usd_per_mwh__th_sp15_gen_apnd,0.3570670485496521,0.3317726254463196
"(21, 42)",2,dam_as_total_procured__mw__ru__as_caiso,0.18352973461151123,0.1609506607055664
"(21, 42)",2,dam_as_total_procured__mw__rd__as_caiso,0.42641234397888184,0.42432600259780884
"(21, 42)",2,dam_as_total_procured__mw__sr__as_caiso,0.041705965995788574,0.05176568031311035
"(21, 42)",2,dam_as_total_procured__mw__nr__as_caiso,0.034249067306518555,0.03500080108642578
"(22, 25)",2,actual_load__mw__ca_iso_tac,0.10958325862884521,0.12001591920852661
"(22, 25)",2,dam_schedule__mw__generation__caiso_totals,0.11116200685501099,0.12091642618179321
"(22, 25)",2,dam_schedule__mw__import__caiso_totals,0.19789624214172363,0.20145553350448608
"(22, 25)",2,dam_schedule__mw__export__caiso_totals,0.07178038358688354,0.08595740795135498
"(22, 25)",2,dam_lmp__lmp_usd_per_mwh__th_sp15_gen_apnd,0.6402425169944763,0.6586728096008301
"(22, 25)",2,dam_lmp__congestion_usd_per_mwh__th_sp15_gen_apnd,0.2617872953414917,0.24768269062042236
"(22, 25)",2,dam_lmp__loss_usd_per_mwh__th_sp15_gen_apnd,0.36264246702194214,0.386344313621521
"(22, 25)",2,rt15_lmp_hourly_mean__congestion_usd_per_mwh__th_sp15_gen_apnd,0.21632009744644165,0.19662350416183472
"(22, 25)",2,dam_as_total_procured__mw__ru__as_caiso,0.1886177659034729,0.1632266640663147
"(22, 25)",2,dam_as_total_procured__mw__rd__as_caiso,0.4127066135406494,0.4057382345199585
"(22, 25)",2,dam_as_total_procured__mw__sr__as_caiso,0.006277799606323242,0.014872372150421143
"(22, 25)",2,dam_as_total_procured__mw__nr__as_caiso,0.018899083137512207,0.04287874698638916
"(22, 29)",2,actual_load__mw__ca_iso_tac,0.33836501836776733,0.3523685336112976
"(22, 29)",2,dam_schedule__mw__generation__caiso_totals,0.2870296239852905,0.30345380306243896
"(22, 29)",2,dam_schedule__mw__import__caiso_totals,0.3451922535896301,0.36259591579437256
"(22, 29)",2,dam_schedule__mw__export__caiso_totals,0.13464325666427612,0.14641624689102173
"(22, 29)",2,dam_lmp__lmp_usd_per_mwh__th_sp15_gen_apnd,0.7015299797058105,0.7261793613433838
"(22, 29)",2,dam_lmp__congestion_usd_per_mwh__th_sp15_gen_apnd,0.21759265661239624,0.2253814935684204
"(22, 29)",2,dam_lmp__loss_usd_per_mwh__th_sp15_gen_apnd,0.3679553270339966,0.38407260179519653
"(22, 29)",2,rt15_lmp_hourly_mean__congestion_usd_per_mwh__th_sp15_gen_apnd,0.28509682416915894,0.2668212056159973
"(22, 29)",2,dam_as_total_procured__mw__ru__as_caiso,0.1314469575881958,0.12994182109832764
"(22, 29)",2,dam_as_total_procured__mw__rd__as_caiso,0.24420320987701416,0.2655644416809082
"(22, 29)",2,dam_as_total_procured__mw__sr__as_caiso,0.05513507127761841,0.05545991659164429
"(22, 29)",2,dam_as_total_procured__mw__nr__as_caiso,0.11033952236175537,0.12177252769470215
"(22, 33)",2,actual_load__mw__ca_iso_tac,0.30764317512512207,0.313194215297699
"(22, 33)",2,dam_schedule__mw__generation__caiso_totals,0.30566245317459106,0.3025720715522766
"(22, 33)",2,dam_schedule__mw__import__caiso_totals,0.25776827335357666,0.2659074664115906
"(22, 33)",2,dam_schedule__mw__export__caiso_totals,0.1720362901687622,0.17454499006271362
"(22, 33)",2,dam_lmp__lmp_usd_per_mwh__th_sp15_gen_apnd,0.6376444697380066,0.6570978164672852
"(22, 33)",2,dam_lmp__congestion_usd_per_mwh__th_sp15_gen_apnd,0.2907237410545349,0.2823483347892761
"(22, 33)",2,dam_lmp__loss_usd_per_mwh__th_sp15_gen_apnd,0.29959243535995483,0.33597898483276367
"(22, 33)",2,rt15_lmp_hourly_mean__congestion_usd_per_mwh__th_sp15_gen_apnd,0.20316874980926514,0.18716156482696533
"(22, 33)",2,dam_as_total_procured__mw__ru__as_caiso,0.3040153384208679,0.286105215549469
"(22, 33)",2,dam_as_total_procured__mw__rd__as_caiso,0.7147248983383179,0.7186346054077148
"(22, 33)",2,dam_as_total_procured__mw__sr__as_caiso,0.03734701871871948,0.059574127197265625
"(22, 33)",2,dam_as_total_procured__mw__nr__as_caiso,0.05484187602996826,0.05114930868148804
"(22, 37)",2,actual_load__mw__ca_iso_tac,0.607067883014679,0.634641170501709
"(22, 37)",2,dam_schedule__mw__generation__caiso_totals,0.5126999616622925,0.5482025146484375
"(22, 37)",2,dam_schedule__mw__import__caiso_totals,0.1857571005821228,0.18694013357162476
"(22, 37)",2,dam_schedule__mw__export__caiso_totals,0.3297794461250305,0.3395169973373413
"(22, 37)",2,dam_lmp__lmp_usd_per_mwh__th_sp15_gen_apnd,0.5366268754005432,0.561970055103302
"(22, 37)",2,dam_lmp__congestion_usd_per_mwh__th_sp15_gen_apnd,0.0883147120475769,0.08120036125183105
"(22, 37)",2,dam_lmp__loss_usd_per_mwh__th_sp15_gen_apnd,0.30390751361846924,0.3308979868888855
"(22, 37)",2,rt15_lmp_hourly_mean__congestion_usd_per_mwh__th_sp15_gen_apnd,0.0682860016822815,0.054857850074768066
"(22, 37)",2,dam_as_total_procured__mw__ru__as_caiso,0.13095569610595703,0.1274946928024292
"(22, 37)",2,dam_as_total_procured__mw__rd__as_caiso,0.19897443056106567,0.2278515100479126
"(22, 37)",2,dam_as_total_procured__mw__sr__as_caiso,0.15827244520187378,0.16107600927352905
"(22, 37)",2,dam_as_total_procured__mw__nr__as_caiso,0.46393388509750366,0.45806753635406494
"(22, 41)",2,actual_load__mw__ca_iso_tac,0.09762382507324219,0.10187256336212158
"(22, 41)",2,dam_schedule__mw__generation__caiso_totals,0.13501423597335815,0.13486212491989136
"(22, 41)",2,dam_schedule__mw__import__caiso_totals,0.19737786054611206,0.2082173228263855
"(22, 41)",2,dam_schedule__mw__export__caiso_totals,0.10508924722671509,0.10331004858016968
"(22, 41)",2,dam_lmp__lmp_usd_per_mwh__th_sp15_gen_apnd,0.6779614686965942,0.696779727935791
"(22, 41)",2,dam_lmp__congestion_usd_per_mwh__th_sp15_gen_apnd,0.30208349227905273,0.3107275366783142
"(22, 41)",2,dam_lmp__loss_usd_per_mwh__th_sp15_gen_apnd,0.2974967956542969,0.3252531886100769
"(22, 41)",2,rt15_lmp_hourly_mean__congestion_usd_per_mwh__th_sp15_gen_apnd,0.31184083223342896,0.29530060291290283
"(22, 41)",2,dam_as_total_procured__mw__ru__as_caiso,0.17639124393463135,0.16202431917190552
"(22, 41)",2,dam_as_total_procured__mw__rd__as_caiso,0.3309921622276306,0.34129762649536133
"(22, 41)",2,dam_as_total_procured__mw__sr__as_caiso,0.008823156356811523,0.017984867095947266
"(22, 41)",2,dam_as_total_procured__mw__nr__as_caiso,0.008382916450500488,0.011415600776672363
"(23, 25)",2,actual_load__mw__ca_iso_tac,0.13046950101852417,0.12542027235031128
"(23, 25)",2,dam_schedule__mw__generation__caiso_totals,0.09398221969604492,0.0989152193069458
"(23, 25)",2,dam_schedule__mw__import__caiso_totals,0.27462607622146606,0.2736285328865051
"(23, 25)",2,dam_schedule__mw__export__caiso_totals,0.06638461351394653,0.07761406898498535
"(23, 25)",2,dam_lmp__lmp_usd_per_mwh__th_sp15_gen_apnd,0.8674903512001038,0.8700210452079773
"(23, 25)",2,dam_lmp__congestion_usd_per_mwh__th_sp15_gen_apnd,0.43962234258651733,0.4338667392730713
"(23, 25)",2,dam_lmp__loss_usd_per_mwh__th_sp15_gen_apnd,0.4593949317932129,0.4572433829307556
"(23, 25)",2,rt15_lmp_hourly_mean__congestion_usd_per_mwh__th_sp15_gen_apnd,0.487041711807251,0.48641395568847656
"(23, 25)",2,dam_as_total_procured__mw__ru__as_caiso,0.22246259450912476,0.1896645426750183
"(23, 25)",2,dam_as_total_procured__mw__rd__as_caiso,0.49590998888015747,0.4808626174926758
"(23, 25)",2,dam_as_total_procured__mw__sr__as_caiso,0.015883982181549072,0.023179292678833008
"(23, 25)",2,dam_as_total_procured__mw__nr__as_caiso,0.022410213947296143,0.03993797302246094
"(23, 29)",2,actual_load__mw__ca_iso_tac,0.3874245882034302,0.39808911085128784
"(23, 29)",2,dam_schedule__mw__generation__caiso_totals,0.32832491397857666,0.3426639437675476
"(23, 29)",2,dam_schedule__mw__import__caiso_totals,0.31815123558044434,0.3398076891899109
"(23, 29)",2,dam_schedule__mw__export__caiso_totals,0.16402292251586914,0.17466145753860474
"(23, 29)",2,dam_lmp__lmp_usd_per_mwh__th_sp15_gen_apnd,0.8893588185310364,0.8957081437110901
"(23, 29)",2,dam_lmp__congestion_usd_per_mwh__th_sp15_gen_apnd,0.4077349901199341,0.4214828610420227
"(23, 29)",2,dam_lmp__loss_usd_per_mwh__th_sp15_gen_apnd,0.37102335691452026,0.3811068534851074
"(23, 29)",2,rt15_lmp_hourly_mean__congestion_usd_per_mwh__th_sp15_gen_apnd,0.47532224655151367,0.4735563397407532
"(23, 29)",2,dam_as_total_procured__mw__ru__as_caiso,0.18284839391708374,0.17542684078216553
"(23, 29)",2,dam_as_total_procured__mw__rd__as_caiso,0.3881438970565796,0.4014812111854553
"(23, 29)",2,dam_as_total_procured__mw__sr__as_caiso,0.06603169441223145,0.06359070539474487
"(23, 29)",2,dam_as_total_procured__mw__nr__as_caiso,0.10827726125717163,0.11591637134552002
"(23, 33)",2,actual_load__mw__ca_iso_tac,0.3444807529449463,0.3530782461166382
"(23, 33)",2,dam_schedule__mw__generation__caiso_totals,0.3009435534477234,0.3228519558906555
"(23, 33)",2,dam_schedule__mw__import__caiso_totals,0.3096075654029846,0.32276058197021484
"(23, 33)",2,dam_schedule__mw__export__caiso_totals,0.1543346643447876,0.1694246530532837
"(23, 33)",2,dam_lmp__lmp_usd_per_mwh__th_sp15_gen_apnd,0.8696269392967224,0.8732885122299194
"(23, 33)",2,dam_lmp__congestion_usd_per_mwh__th_sp15_gen_apnd,0.45112234354019165,0.4455428123474121
"(23, 33)",2,dam_lmp__loss_usd_per_mwh__th_sp15_gen_apnd,0.3535495400428772,0.361075758934021
"(23, 33)",2,rt15_lmp_hourly_mean__congestion_usd_per_mwh__th_sp15_gen_apnd,0.4518195390701294,0.4477735757827759
"(23, 33)",2,dam_as_total_procured__mw__ru__as_caiso,0.30810433626174927,0.2892054319381714
"(23, 33)",2,dam_as_total_procured__mw__rd__as_caiso,0.7512874007225037,0.7475955486297607
"(23, 33)",2,dam_as_total_procured__mw__sr__as_caiso,0.04703342914581299,0.06661957502365112
"(23, 33)",2,dam_as_total_procured__mw__nr__as_caiso,0.05007749795913696,0.05568975210189819
"(23, 37)",2,actual_load__mw__ca_iso_tac,0.5888264179229736,0.6090977191925049
"(23, 37)",2,dam_schedule__mw__generation__caiso_totals,0.47236889600753784,0.5068196058273315
"(23, 37)",2,dam_schedule__mw__import__caiso_totals,0.2834758758544922,0.2836267948150635
"(23, 37)",2,dam_schedule__mw__export__caiso_totals,0.340844988822937,0.3530859351158142
"(23, 37)",2,dam_lmp__lmp_usd_per_mwh__th_sp15_gen_apnd,0.8666862845420837,0.8704119324684143
"(23, 37)",2,dam_lmp__congestion_usd_per_mwh__th_sp15_gen_apnd,0.40598976612091064,0.4099680185317993
"(23, 37)",2,dam_lmp__loss_usd_per_mwh__th_sp15_gen_apnd,0.3451916575431824,0.34512078762054443
"(23, 37)",2,rt15_lmp_hourly_mean__congestion_usd_per_mwh__th_sp15_gen_apnd,0.44317179918289185,0.4466204047203064
"(23, 37)",2,dam_as_total_procured__mw__ru__as_caiso,0.22296881675720215,0.20842641592025757
"(23, 37)",2,dam_as_total_procured__mw__rd__as_caiso,0.4313596487045288,0.4435567259788513
"(23, 37)",2,dam_as_total_procured__mw__sr__as_caiso,0.16694992780685425,0.1743496060371399
"(23, 37)",2,dam_as_total_procured__mw__nr__as_caiso,0.46789997816085815,0.4625902771949768
"(23, 41)",2,actual_load__mw__ca_iso_tac,0.10098904371261597,0.10730385780334473
"(23, 41)",2,dam_schedule__mw__generation__caiso_totals,0.09974890947341919,0.12114214897155762
"(23, 41)",2,dam_schedule__mw__import__caiso_totals,0.23407834768295288,0.24039292335510254
"(23, 41)",2,dam_schedule__mw__export__caiso_totals,0.09345793724060059,0.10485303401947021
"(23, 41)",2,dam_lmp__lmp_usd_per_mwh__th_sp15_gen_apnd,0.869284987449646,0.8723587393760681
"(23, 41)",2,dam_lmp__congestion_usd_per_mwh__th_sp15_gen_apnd,0.4121379256248474,0.4103095531463623
"(23, 41)",2,dam_lmp__loss_usd_per_mwh__th_sp15_gen_apnd,0.3179970383644104,0.3227996230125427
"(23, 41)",2,rt15_lmp_hourly_mean__congestion_usd_per_mwh__th_sp15_gen_apnd,0.44486773014068604,0.442844033241272
"(23, 41)",2,dam_as_total_procured__mw__ru__as_caiso,0.18773502111434937,0.1665360927581787
"(23, 41)",2,dam_as_total_procured__mw__rd__as_caiso,0.39084404706954956,0.3925279974937439
"(23, 41)",2,dam_as_total_procured__mw__sr__as_caiso,0.01683288812637329,0.027527570724487305
"(23, 41)",2,dam_as_total_procured__mw__nr__as_caiso,0.0056618452072143555,0.009602665901184082
"(24, 26)",2,actual_load__mw__ca_iso_tac,0.22497868537902832,0.21755534410476685
"(24, 26)",2,dam_schedule__mw__generation__caiso_totals,0.2111836075782776,0.211675226688385
"(24, 26)",2,dam_schedule__mw__import__caiso_totals,0.22601521015167236,0.2409592866897583
"(24, 26)",2,dam_schedule__mw__export__caiso_totals,0.180916428565979,0.18029189109802246
"(24, 26)",2,dam_lmp__lmp_usd_per_mwh__th_sp15_gen_apnd,0.8065422773361206,0.8198642730712891
"(24, 26)",2,dam_lmp__congestion_usd_per_mwh__th_sp15_gen_apnd,0.4141892194747925,0.4263263940811157
"(24, 26)",2,dam_lmp__loss_usd_per_mwh__th_sp15_gen_apnd,0.4386101961135864,0.43987900018692017
"(24, 26)",2,rt15_lmp_hourly_mean__congestion_usd_per_mwh__th_sp15_gen_apnd,0.416978120803833,0.4381141662597656
"(24, 26)",2,dam_as_total_procured__mw__ru__as_caiso,0.21288365125656128,0.20231711864471436
"(24, 26)",2,dam_as_total_procured__mw__rd__as_caiso,0.44931310415267944,0.45029568672180176
"(24, 26)",2,dam_as_total_procured__mw__sr__as_caiso,0.02813899517059326,0.03669917583465576
"(24, 26)",2,dam_as_total_procured__mw__nr__as_caiso,0.07014679908752441,0.061550259590148926
"(24, 30)",2,actual_load__mw__ca_iso_tac,0.0747452974319458,0.07717317342758179
"(24, 30)",2,dam_schedule__mw__generation__caiso_totals,0.056250691413879395,0.06376057863235474
"(24, 30)",2,dam_schedule__mw__import__caiso_totals,0.2062990665435791,0.21597760915756226
"(24, 30)",2,dam_schedule__mw__export__caiso_totals,0.05482745170593262,0.05723428726196289
"(24, 30)",2,dam_lmp__lmp_usd_per_mwh__th_sp15_gen_apnd,0.798508882522583,0.812473475933075
"(24, 30)",2,dam_lmp__congestion_usd_per_mwh__th_sp15_gen_apnd,0.3280789852142334,0.33605068922042847
"(24, 30)",2,dam_lmp__loss_usd_per_mwh__th_sp15_gen_apnd,0.29744207859039307,0.31042802333831787
"(24, 30)",2,rt15_lmp_hourly_mean__congestion_usd_per_mwh__th_sp15_gen_apnd,0.3322232961654663,0.34669607877731323
"(24, 30)",2,dam_as_total_procured__mw__ru__as_caiso,0.1558200716972351,0.13255733251571655
"(24, 30)",2,dam_as_total_procured__mw__rd__as_caiso,0.32920289039611816,0.33684444427490234
"(24, 30)",2,dam_as_total_procured__mw__sr__as_caiso,0.014040946960449219,0.02419745922088623
"(24, 30)",2,dam_as_total_procured__mw__nr__as_caiso,0.005959510803222656,0.007333159446716309
"(24, 34)",2,actual_load__mw__ca_iso_tac,0.2084680199623108,0.21145421266555786
"(24, 34)",2,dam_schedule__mw__generation__caiso_totals,0.2005997896194458,0.21513420343399048
"(24, 34)",2,dam_schedule__mw__import__caiso_totals,0.2594693899154663,0.26805949211120605
"(24, 34)",2,dam_schedule__mw__export__caiso_totals,0.13943207263946533,0.14676433801651
"(24, 34)",2,dam_lmp__lmp_usd_per_mwh__th_sp15_gen_apnd,0.8176640272140503,0.8283556699752808
"(24, 34)",2,dam_lmp__congestion_usd_per_mwh__th_sp15_gen_apnd,0.4106726050376892,0.4104829430580139
"(24, 34)",2,dam_lmp__loss_usd_per_mwh__th_sp15_gen_apnd,0.33351653814315796,0.3488001227378845
"(24, 34)",2,rt15_lmp_hourly_mean__congestion_usd_per_mwh__th_sp15_gen_apnd,0.3512802720069885,0.36569732427597046
"(24, 34)",2,dam_as_total_procured__mw__ru__as_caiso,0.8392983675003052,0.8330796957015991
"(24, 34)",2,dam_as_total_procured__mw__rd__as_caiso,0.6809676885604858,0.6805988550186157
"(24, 34)",2,dam_as_total_procured__mw__sr__as_caiso,0.036190688610076904,0.06209373474121094
"(24, 34)",2,dam_as_total_procured__mw__nr__as_caiso,0.0402599573135376,0.040484488010406494
"(24, 38)",2,actual_load__mw__ca_iso_tac,0.1379147171974182,0.1519012451171875
"(24, 38)",2,dam_schedule__mw__generation__caiso_totals,0.12028831243515015,0.1295371651649475
"(24, 38)",2,dam_schedule__mw__import__caiso_totals,0.30934250354766846,0.30893391370773315
"(24, 38)",2,dam_schedule__mw__export__caiso_totals,0.08319497108459473,0.09264755249023438
"(24, 38)",2,dam_lmp__lmp_usd_per_mwh__th_sp15_gen_apnd,0.8105529546737671,0.8251202702522278
"(24, 38)",2,dam_lmp__congestion_usd_per_mwh__th_sp15_gen_apnd,0.39585697650909424,0.3820040822029114
"(24, 38)",2,dam_lmp__loss_usd_per_mwh__th_sp15_gen_apnd,0.31657612323760986,0.3280941843986511
"(24, 38)",2,rt15_lmp_hourly_mean__congestion_usd_per_mwh__th_sp15_gen_apnd,0.3798360228538513,0.387178897857666
"(24, 38)",2,dam_as_total_procured__mw__ru__as_caiso,0.20563393831253052,0.17786842584609985
"(24, 38)",2,dam_as_total_procured__mw__rd__as_caiso,0.4613582491874695,0.4603332281112671
"(24, 38)",2,dam_as_total_procured__mw__sr__as_caiso,0.0400429368019104,0.057575881481170654
"(24, 38)",2,dam_as_total_procured__mw__nr__as_caiso,0.04085153341293335,0.03727316856384277
"(24, 42)",2,actual_load__mw__ca_iso_tac,0.11736369132995605,0.13161617517471313
"(24, 42)",2,dam_schedule__mw__generation__caiso_totals,0.09346836805343628,0.1110183596611023
"(24, 42)",2,dam_schedule__mw__import__caiso_totals,0.21176069974899292,0.22098249197006226
"(24, 42)",2,dam_schedule__mw__export__caiso_totals,0.09809476137161255,0.10530173778533936
"(24, 42)",2,dam_lmp__lmp_usd_per_mwh__th_sp15_gen_apnd,0.8050159215927124,0.8183379173278809
"(24, 42)",2,dam_lmp__congestion_usd_per_mwh__th_sp15_gen_apnd,0.3319762349128723,0.33883464336395264
"(24, 42)",2,dam_lmp__loss_usd_per_mwh__th_sp15_gen_apnd,0.3061896562576294,0.32004404067993164
"(24, 42)",2,rt15_lmp_hourly_mean__congestion_usd_per_mwh__th_sp15_gen_apnd,0.3366107940673828,0.34978270530700684
"(24, 42)",2,dam_as_total_procured__mw__ru__as_caiso,0.15592092275619507,0.13682568073272705
"(24, 42)",2,dam_as_total_procured__mw__rd__as_caiso,0.33756083250045776,0.3478895425796509
"(24, 42)",2,dam_as_total_procured__mw__sr__as_caiso,0.02001720666885376,0.03393542766571045
"(24, 42)",2,dam_as_total_procured__mw__nr__as_caiso,0.019572138786315918,0.02113574743270874
"(25, 28)",2,actual_load__mw__ca_iso_tac,0.8446294665336609,0.8427079916000366
"(25, 28)",2,dam_schedule__mw__generation__caiso_totals,0.8455491662025452,0.8487999439239502
"(25, 28)",2,dam_schedule__mw__import__caiso_totals,0.21212637424468994,0.2053322196006775
"(25, 28)",2,dam_schedule__mw__export__caiso_totals,0.463576078414917,0.47205060720443726
"(25, 28)",2,dam_lmp__lmp_usd_per_mwh__th_sp15_gen_apnd,0.44842857122421265,0.45874232053756714
"(25, 28)",2,dam_lmp__congestion_usd_per_mwh__th_sp15_gen_apnd,0.2665345072746277,0.2584553360939026
"(25, 28)",2,dam_lmp__loss_usd_per_mwh__th_sp15_gen_apnd,0.31226015090942383,0.32360780239105225
"(25, 28)",2,rt15_lmp_hourly_mean__congestion_usd_per_mwh__th_sp15_gen_apnd,0.23314493894577026,0.23468053340911865
"(25, 28)",2,dam_as_total_procured__mw__ru__as_caiso,0.18431168794631958,0.1730492115020752
"(25, 28)",2,dam_as_total_procured__mw__rd__as_caiso,0.3982158303260803,0.393474280834198
"(25, 28)",2,dam_as_total_procured__mw__sr__as_caiso,0.09404522180557251,0.11781543493270874
"(25, 28)",2,dam_as_total_procured__mw__nr__as_caiso,0.19822299480438232,0.20196670293807983
"(25, 32)",2,actual_load__mw__ca_iso_tac,0.09725308418273926,0.10011059045791626
"(25, 32)",2,dam_schedule__mw__generation__caiso_totals,0.11608564853668213,0.12375885248184204
"(25, 32)",2,dam_schedule__mw__import__caiso_totals,0.15840119123458862,0.16348165273666382
"(25, 32)",2,dam_schedule__mw__export__caiso_totals,0.09637671709060669,0.10124856233596802
"(25, 32)",2,dam_lmp__lmp_usd_per_mwh__th_sp15_gen_apnd,0.347634494304657,0.3214651346206665
"(25, 32)",2,dam_lmp__congestion_usd_per_mwh__th_sp15_gen_apnd,0.29984182119369507,0.26472580432891846
"(25, 32)",2,dam_lmp__loss_usd_per_mwh__th_sp15_gen_apnd,0.09048736095428467,0.08807426691055298
"(25, 32)",2,rt15_lmp_hourly_mean__congestion_usd_per_mwh__th_sp15_gen_apnd,0.19877195358276367,0.18741625547409058
"(25, 32)",2,dam_as_total_procured__mw__ru__as_caiso,0.39379560947418213,0.38978755474090576
"(25, 32)",2,dam_as_total_procured__mw__rd__as_caiso,0.5152642726898193,0.49365901947021484
"(25, 32)",2,dam_as_total_procured__mw__sr__as_caiso,0.009144723415374756,0.023465871810913086
"(25, 32)",2,dam_as_total_procured__mw__nr__as_caiso,0.047505855560302734,0.0624237060546875
"(25, 36)",2,actual_load__mw__ca_iso_tac,0.4542478919029236,0.47179216146469116
"(25, 36)",2,dam_schedule__mw__generation__caiso_totals,0.36569273471832275,0.3888632655143738
"(25, 36)",2,dam_schedule__mw__import__caiso_totals,0.1985747218132019,0.19189506769180298
"(25, 36)",2,dam_schedule__mw__export__caiso_totals,0.27168935537338257,0.28918153047561646
"(25, 36)",2,dam_lmp__lmp_usd_per_mwh__th_sp15_gen_apnd,0.3244220018386841,0.31334996223449707
"(25, 36)",2,dam_lmp__congestion_usd_per_mwh__th_sp15_gen_apnd,0.2536194920539856,0.23729157447814941
"(25, 36)",2,dam_lmp__loss_usd_per_mwh__th_sp15_gen_apnd,0.11073315143585205,0.11124801635742188
"(25, 36)",2,rt15_lmp_hourly_mean__congestion_usd_per_mwh__th_sp15_gen_apnd,0.17781150341033936,0.17252516746520996
"(25, 36)",2,dam_as_total_procured__mw__ru__as_caiso,0.15431874990463257,0.13455092906951904
"(25, 36)",2,dam_as_total_procured__mw__rd__as_caiso,0.3748207092285156,0.36662644147872925
"(25, 36)",2,dam_as_total_procured__mw__sr__as_caiso,0.16084957122802734,0.16837334632873535
"(25, 36)",2,dam_as_total_procured__mw__nr__as_caiso,0.46948665380477905,0.4630618691444397
"(25, 40)",2,actual_load__mw__ca_iso_tac,0.015397429466247559,0.016902446746826172
"(25, 40)",2,dam_schedule__mw__generation__caiso_totals,0.026450932025909424,0.02397918701171875
"(25, 40)",2,dam_schedule__mw__import__caiso_totals,0.12320417165756226,0.14566898345947266
"(25, 40)",2,dam_schedule__mw__export__caiso_totals,0.05412793159484863,0.04823726415634155
"(25, 40)",2,dam_lmp__lmp_usd_per_mwh__th_sp15_gen_apnd,0.38385212421417236,0.3931353688240051
"(25, 40)",2,dam_lmp__congestion_usd_per_mwh__th_sp15_gen_apnd,0.2687003016471863,0.25995302200317383
"(25, 40)",2,dam_lmp__loss_usd_per_mwh__th_sp15_gen_apnd,0.10494941473007202,0.11564463376998901
"(25, 40)",2,rt15_lmp_hourly_mean__congestion_usd_per_mwh__th_sp15_gen_apnd,0.19246649742126465,0.1959647536277771
"(25, 40)",2,dam_as_total_procured__mw__ru__as_caiso,0.14801013469696045,0.12668979167938232
"(25, 40)",2,dam_as_total_procured__mw__rd__as_caiso,0.34059852361679077,0.3343268632888794
"(25, 40)",2,dam_as_total_procured__mw__sr__as_caiso,0.0005674958229064941,0.014900445938110352
"(25, 40)",2,dam_as_total_procured__mw__nr__as_caiso,0.02225261926651001,0.03801161050796509
"(26, 27)",2,actual_load__mw__ca_iso_tac,0.6868492364883423,0.6887359023094177
"(26, 27)",2,dam_schedule__mw__generation__caiso_totals,0.6725372076034546,0.681687593460083
"(26, 27)",2,dam_schedule__mw__import__caiso_totals,0.25035393238067627,0.24737149477005005
"(26, 27)",2,dam_schedule__mw__export__caiso_totals,0.4821628928184509,0.45928698778152466
"(26, 27)",2,dam_lmp__lmp_usd_per_mwh__th_sp15_gen_apnd,0.42936909198760986,0.45848315954208374
"(26, 27)",2,dam_lmp__congestion_usd_per_mwh__th_sp15_gen_apnd,0.16769415140151978,0.17787402868270874
"(26, 27)",2,dam_lmp__loss_usd_per_mwh__th_sp15_gen_apnd,0.419780433177948,0.4217815399169922
"(26, 27)",2,rt15_lmp_hourly_mean__congestion_usd_per_mwh__th_sp15_gen_apnd,0.13168472051620483,0.1508738398551941
"(26, 27)",2,dam_as_total_procured__mw__ru__as_caiso,0.1921209692955017,0.18969380855560303
"(26, 27)",2,dam_as_total_procured__mw__rd__as_caiso,0.27816838026046753,0.2886284589767456
"(26, 27)",2,dam_as_total_procured__mw__sr__as_caiso,0.056304872035980225,0.06300699710845947
"(26, 27)",2,dam_as_total_procured__mw__nr__as_caiso,0.21051430702209473,0.2063051462173462
"(26, 31)",2,actual_load__mw__ca_iso_tac,0.11937803030014038,0.11729884147644043
"(26, 31)",2,dam_schedule__mw__generation__caiso_totals,0.15237367153167725,0.14895880222320557
"(26, 31)",2,dam_schedule__mw__import__caiso_totals,0.019011497497558594,0.022748887538909912
"(26, 31)",2,dam_schedule__mw__export__caiso_totals,0.13608556985855103,0.1349533200263977
"(26, 31)",2,dam_lmp__lmp_usd_per_mwh__th_sp15_gen_apnd,0.04421079158782959,0.05989342927932739
"(26, 31)",2,dam_lmp__congestion_usd_per_mwh__th_sp15_gen_apnd,0.07044345140457153,0.0753098726272583
"(26, 31)",2,dam_lmp__loss_usd_per_mwh__th_sp15_gen_apnd,0.13813769817352295,0.1367039680480957
"(26, 31)",2,rt15_lmp_hourly_mean__congestion_usd_per_mwh__th_sp15_gen_apnd,0.032739460468292236,0.03386873006820679
"(26, 31)",2,dam_as_total_procured__mw__ru__as_caiso,0.08536618947982788,0.09280890226364136
"(26, 31)",2,dam_as_total_procured__mw__rd__as_caiso,0.16297459602355957,0.16996902227401733
"(26, 31)",2,dam_as_total_procured__mw__sr__as_caiso,0.0,0.0030400753021240234
"(26, 31)",2,dam_as_total_procured__mw__nr__as_caiso,0.03173089027404785,0.02562659978866577
"(26, 35)",2,actual_load__mw__ca_iso_tac,0.3144305348396301,0.3222476840019226
"(26, 35)",2,dam_schedule__mw__generation__caiso_totals,0.3469540476799011,0.33620327711105347
"(26, 35)",2,dam_schedule__mw__import__caiso_totals,0.29137420654296875,0.28731781244277954
"(26, 35)",2,dam_schedule__mw__export__caiso_totals,0.29514050483703613,0.2931141257286072
"(26, 35)",2,dam_lmp__lmp_usd_per_mwh__th_sp15_gen_apnd,0.4862287640571594,0.4746325612068176
"(26, 35)",2,dam_lmp__congestion_usd_per_mwh__th_sp15_gen_apnd,0.40133923292160034,0.368489146232605
"(26, 35)",2,dam_lmp__loss_usd_per_mwh__th_sp15_gen_apnd,0.2333674430847168,0.22752642631530762
"(26, 35)",2,rt15_lmp_hourly_mean__congestion_usd_per_mwh__th_sp15_gen_apnd,0.23023951053619385,0.22827035188674927
"(26, 35)",2,dam_as_total_procured__mw__ru__as_caiso,0.44002246856689453,0.4420354962348938
"(26, 35)",2,dam_as_total_procured__mw__rd__as_caiso,0.9778047800064087,0.9761174917221069
"(26, 35)",2,dam_as_total_procured__mw__sr__as_caiso,0.09093499183654785,0.11781328916549683
"(26, 35)",2,dam_as_total_procured__mw__nr__as_caiso,0.07642394304275513,0.06602120399475098
"(26, 39)",2,actual_load__mw__ca_iso_tac,0.15013331174850464,0.1516784429550171
"(26, 39)",2,dam_schedule__mw__generation__caiso_totals,0.1860077977180481,0.19131535291671753
"(26, 39)",2,dam_schedule__mw__import__caiso_totals,0.03212815523147583,0.043658435344696045
"(26, 39)",2,dam_schedule__mw__export__caiso_totals,0.18784666061401367,0.18805044889450073
"(26, 39)",2,dam_lmp__lmp_usd_per_mwh__th_sp15_gen_apnd,0.1142382025718689,0.13201302289962769
"(26, 39)",2,dam_lmp__congestion_usd_per_mwh__th_sp15_gen_apnd,0.08768630027770996,0.10071045160293579
"(26, 39)",2,dam_lmp__loss_usd_per_mwh__th_sp15_gen_apnd,0.17934882640838623,0.1731157898902893
"(26, 39)",2,rt15_lmp_hourly_mean__congestion_usd_per_mwh__th_sp15_gen_apnd,0.04334151744842529,0.04549968242645264
"(26, 39)",2,dam_as_total_procured__mw__ru__as_caiso,0.13552790880203247,0.13936203718185425
"(26, 39)",2,dam_as_total_procured__mw__rd__as_caiso,0.20845317840576172,0.22140508890151978
"(26, 39)",2,dam_as_total_procured__mw__sr__as_caiso,0.016124248504638672,0.02425205707550049
"(26, 39)",2,dam_as_total_procured__mw__nr__as_caiso,0.04031789302825928,0.0324978232383728
"(26, 43)",2,actual_load__mw__ca_iso_tac,0.14796662330627441,0.1446319818496704
"(26, 43)",2,dam_schedule__mw__generation__caiso_totals,0.20519250631332397,0.19943124055862427
"(26, 43)",2,dam_schedule__mw__import__caiso_totals,0.17004859447479248,0.16815578937530518
"(26, 43)",2,dam_schedule__mw__export__caiso_totals,0.2075810432434082,0.20539641380310059
"(26, 43)",2,dam_lmp__lmp_usd_per_mwh__th_sp15_gen_apnd,0.2723645567893982,0.2986255884170532
"(26, 43)",2,dam_lmp__congestion_usd_per_mwh__th_sp15_gen_apnd,0.19339269399642944,0.19538354873657227
"(26, 43)",2,dam_lmp__loss_usd_per_mwh__th_sp15_gen_apnd,0.2206764817237854,0.21831059455871582
"(26, 43)",2,rt15_lmp_hourly_mean__congestion_usd_per_mwh__th_sp15_gen_apnd,0.08882677555084229,0.07994741201400757
"(26, 43)",2,dam_as_total_procured__mw__ru__as_caiso,0.11052203178405762,0.12019157409667969
"(26, 43)",2,dam_as_total_procured__mw__rd__as_caiso,0.2777251601219177,0.30173832178115845
"(26, 43)",2,dam_as_total_procured__mw__sr__as_caiso,0.02173292636871338,0.034886837005615234
"(26, 43)",2,dam_as_total_procured__mw__nr__as_caiso,0.03575336933135986,0.03059917688369751
"(27, 31)",2,actual_load__mw__ca_iso_tac,0.644787073135376,0.643822431564331
"(27, 31)",2,dam_schedule__mw__generation__caiso_totals,0.6080995798110962,0.6168951988220215
"(27, 31)",2,dam_schedule__mw__import__caiso_totals,0.20404267311096191,0.20410168170928955
"(27, 31)",2,dam_schedule__mw__export__caiso_totals,0.3423723578453064,0.3295321464538574
"(27, 31)",2,dam_lmp__lmp_usd_per_mwh__th_sp15_gen_apnd,0.38285714387893677,0.4012340307235718
"(27, 31)",2,dam_lmp__congestion_usd_per_mwh__th_sp15_gen_apnd,0.052693188190460205,0.04989570379257202
"(27, 31)",2,dam_lmp__loss_usd_per_mwh__th_sp15_gen_apnd,0.344230592250824,0.33653539419174194
"(27, 31)",2,rt15_lmp_hourly_mean__congestion_usd_per_mwh__th_sp15_gen_apnd,0.06340456008911133,0.06779968738555908
"(27, 31)",2,dam_as_total_procured__mw__ru__as_caiso,0.0796918272972107,0.0713956356048584
"(27, 31)",2,dam_as_total_procured__mw__rd__as_caiso,0.11036700010299683,0.10764551162719727
"(27, 31)",2,dam_as_total_procured__mw__sr__as_caiso,0.03611081838607788,0.04323446750640869
"(27, 31)",2,dam_as_total_procured__mw__nr__as_caiso,0.1857472062110901,0.19063210487365723
"(27, 35)",2,actual_load__mw__ca_iso_tac,0.7716403007507324,0.7790323495864868
"(27, 35)",2,dam_schedule__mw__generation__caiso_totals,0.7439957857131958,0.7561182975769043
"(27, 35)",2,dam_schedule__mw__import__caiso_totals,0.37449198961257935,0.37541675567626953
"(27, 35)",2,dam_schedule__mw__export__caiso_totals,0.4693334102630615,0.46830105781555176
"(27, 35)",2,dam_lmp__lmp_usd_per_mwh__th_sp15_gen_apnd,0.65336012840271,0.6674385070800781
"(27, 35)",2,dam_lmp__congestion_usd_per_mwh__th_sp15_gen_apnd,0.4330507516860962,0.4093201756477356
"(27, 35)",2,dam_lmp__loss_usd_per_mwh__th_sp15_gen_apnd,0.3682864308357239,0.36604124307632446
"(27, 35)",2,rt15_lmp_hourly_mean__congestion_usd_per_mwh__th_sp15_gen_apnd,0.2538819909095764,0.2621604800224304
"(27, 35)",2,dam_as_total_procured__mw__ru__as_caiso,0.41610443592071533,0.42123889923095703
"(27, 35)",2,dam_as_total_procured__mw__rd__as_caiso,0.9789872169494629,0.9771960973739624
"(27, 35)",2,dam_as_total_procured__mw__sr__as_caiso,0.09276890754699707,0.12522393465042114
"(27, 35)",2,dam_as_total_procured__mw__nr__as_caiso,0.19366931915283203,0.19210445880889893
"(27, 39)",2,actual_load__mw__ca_iso_tac,0.6609160304069519,0.6624270677566528
"(27, 39)",2,dam_schedule__mw__generation__caiso_totals,0.636846661567688,0.6475226879119873
"(27, 39)",2,dam_schedule__mw__import__caiso_totals,0.21508902311325073,0.21938300132751465
"(27, 39)",2,dam_schedule__mw__export__caiso_totals,0.3815750479698181,0.36345911026000977
"(27, 39)",2,dam_lmp__lmp_usd_per_mwh__th_sp15_gen_apnd,0.4344971179962158,0.45688802003860474
"(27, 39)",2,dam_lmp__congestion_usd_per_mwh__th_sp15_gen_apnd,0.09520792961120605,0.09910941123962402
"(27, 39)",2,dam_lmp__loss_usd_per_mwh__th_sp15_gen_apnd,0.360021710395813,0.35489755868911743
"(27, 39)",2,rt15_lmp_hourly_mean__congestion_usd_per_mwh__th_sp15_gen_apnd,0.08110111951828003,0.08909708261489868
"(27, 39)",2,dam_as_total_procured__mw__ru__as_caiso,0.14177769422531128,0.12895113229751587
"(27, 39)",2,dam_as_total_procured__mw__rd__as_caiso,0.17426061630249023,0.18181687593460083
"(27, 39)",2,dam_as_total_procured__mw__sr__as_caiso,0.0560266375541687,0.0636138916015625
"(27, 39)",2,dam_as_total_procured__mw__nr__as_caiso,0.19456589221954346,0.19994419813156128
"(27, 43)",2,actual_load__mw__ca_iso_tac,0.7211489677429199,0.7244622707366943
"(27, 43)",2,dam_schedule__mw__generation__caiso_totals,0.7094343900680542,0.7104394435882568
"(27, 43)",2,dam_schedule__mw__import__caiso_totals,0.30559074878692627,0.2982950806617737
"(27, 43)",2,dam_schedule__mw__export__caiso_totals,0.4271462559700012,0.4170089364051819
"(27, 43)",2,dam_lmp__lmp_usd_per_mwh__th_sp15_gen_apnd,0.5243420600891113,0.5425111055374146
"(27, 43)",2,dam_lmp__congestion_usd_per_mwh__th_sp15_gen_apnd,0.19279003143310547,0.1862514615058899
"(27, 43)",2,dam_lmp__loss_usd_per_mwh__th_sp15_gen_apnd,0.35957789421081543,0.34936612844467163
"(27, 43)",2,rt15_lmp_hourly_mean__congestion_usd_per_mwh__th_sp15_gen_apnd,0.1321197748184204,0.13729554414749146
"(27, 43)",2,dam_as_total_procured__mw__ru__as_caiso,0.11429435014724731,0.10718554258346558
"(27, 43)",2,dam_as_total_procured__mw__rd__as_caiso,0.24841934442520142,0.26584315299987793
"(27, 43)",2,dam_as_total_procured__mw__sr__as_caiso,0.06072366237640381,0.08037042617797852
"(27, 43)",2,dam_as_total_procured__mw__nr__as_caiso,0.19267112016677856,0.19841617345809937
"(28, 32)",2,actual_load__mw__ca_iso_tac,0.8165746927261353,0.8162693977355957
"(28, 32)",2,dam_schedule__mw__generation__caiso_totals,0.8229766488075256,0.8273670673370361
"(28, 32)",2,dam_schedule__mw__import__caiso_totals,0.14492261409759521,0.1425924301147461
"(28, 32)",2,dam_schedule__mw__export__caiso_totals,0.433414101600647,0.4310736656188965
"(28, 32)",2,dam_lmp__lmp_usd_per_mwh__th_sp15_gen_apnd,0.3887196183204651,0.3714190721511841
"(28, 32)",2,dam_lmp__congestion_usd_per_mwh__th_sp15_gen_apnd,0.17195123434066772,0.13475316762924194
"(28, 32)",2,dam_lmp__loss_usd_per_mwh__th_sp15_gen_apnd,0.25594979524612427,0.24614155292510986
"(28, 32)",2,rt15_lmp_hourly_mean__congestion_usd_per_mwh__th_sp15_gen_apnd,0.13670134544372559,0.12861567735671997
"(28, 32)",2,dam_as_total_procured__mw__ru__as_caiso,0.3788241744041443,0.3807467818260193
"(28, 32)",2,dam_as_total_procured__mw__rd__as_caiso,0.34884780645370483,0.3342400789260864
"(28, 32)",2,dam_as_total_procured__mw__sr__as_caiso,0.1003541350364685,0.10850256681442261
"(28, 32)",2,dam_as_total_procured__mw__nr__as_caiso,0.20046204328536987,0.2015453577041626
"(28, 36)",2,actual_load__mw__ca_iso_tac,0.8698041439056396,0.8749218583106995
"(28, 36)",2,dam_schedule__mw__generation__caiso_totals,0.8258063793182373,0.8341555595397949
"(28, 36)",2,dam_schedule__mw__import__caiso_totals,0.184329092502594,0.1794431209564209
"(28, 36)",2,dam_schedule__mw__export__caiso_totals,0.4428248405456543,0.4518318176269531
"(28, 36)",2,dam_lmp__lmp_usd_per_mwh__th_sp15_gen_apnd,0.4245855212211609,0.4500812888145447
"(28, 36)",2,dam_lmp__congestion_usd_per_mwh__th_sp15_gen_apnd,0.14567553997039795,0.15379375219345093
"(28, 36)",2,dam_lmp__loss_usd_per_mwh__th_sp15_gen_apnd,0.3068145513534546,0.3002566695213318
"(28, 36)",2,rt15_lmp_hourly_mean__congestion_usd_per_mwh__th_sp15_gen_apnd,0.11092674732208252,0.1320744752883911
"(28, 36)",2,dam_as_total_procured__mw__ru__as_caiso,0.14321774244308472,0.14080595970153809
"(28, 36)",2,dam_as_total_procured__mw__rd__as_caiso,0.2239477038383484,0.24087250232696533
"(28, 36)",2,dam_as_total_procured__mw__sr__as_caiso,0.17052137851715088,0.1881377100944519
"(28, 36)",2,dam_as_total_procured__mw__nr__as_caiso,0.46956467628479004,0.46901679039001465
"(28, 40)",2,actual_load__mw__ca_iso_tac,0.8081264495849609,0.8116986155509949
"(28, 40)",2,dam_schedule__mw__generation__caiso_totals,0.8073276281356812,0.8160575032234192
"(28, 40)",2,dam_schedule__mw__import__caiso_totals,0.10289567708969116,0.1144411563873291
"(28, 40)",2,dam_schedule__mw__export__caiso_totals,0.42775511741638184,0.42337566614151
"(28, 40)",2,dam_lmp__lmp_usd_per_mwh__th_sp15_gen_apnd,0.3993281126022339,0.41311901807785034
"(28, 40)",2,dam_lmp__congestion_usd_per_mwh__th_sp15_gen_apnd,0.09972840547561646,0.09759670495986938
"(28, 40)",2,dam_lmp__loss_usd_per_mwh__th_sp15_gen_apnd,0.2707880139350891,0.26544755697250366
"(28, 40)",2,rt15_lmp_hourly_mean__congestion_usd_per_mwh__th_sp15_gen_apnd,0.10963892936706543,0.11533790826797485
"(28, 40)",2,dam_as_total_procured__mw__ru__as_caiso,0.10293769836425781,0.09520953893661499
"(28, 40)",2,dam_as_total_procured__mw__rd__as_caiso,0.09909212589263916,0.11545616388320923
"(28, 40)",2,dam_as_total_procured__mw__sr__as_caiso,0.09037810564041138,0.10967105627059937
"(28, 40)",2,dam_as_total_procured__mw__nr__as_caiso,0.1953147053718567,0.189197838306427
"(29, 30)",2,actual_load__mw__ca_iso_tac,0.3090178966522217,0.32048559188842773
"(29, 30)",2,dam_schedule__mw__generation__caiso_totals,0.27058494091033936,0.2869454622268677
"(29, 30)",2,dam_schedule__mw__import__caiso_totals,0.2772911787033081,0.2869555354118347
"(29, 30)",2,dam_schedule__mw__export__caiso_totals,0.12360584735870361,0.1328563690185547
"(29, 30)",2,dam_lmp__lmp_usd_per_mwh__th_sp15_gen_apnd,0.6231008172035217,0.6436645984649658
"(29, 30)",2,dam_lmp__congestion_usd_per_mwh__th_sp15_gen_apnd,0.18000322580337524,0.19020694494247437
"(29, 30)",2,dam_lmp__loss_usd_per_mwh__th_sp15_gen_apnd,0.3091561198234558,0.3072863817214966
"(29, 30)",2,rt15_lmp_hourly_mean__congestion_usd_per_mwh__th_sp15_gen_apnd,0.16080915927886963,0.1662430763244629
"(29, 30)",2,dam_as_total_procured__mw__ru__as_caiso,0.08331692218780518,0.07614362239837646
"(29, 30)",2,dam_as_total_procured__mw__rd__as_caiso,0.22394025325775146,0.22883999347686768
"(29, 30)",2,dam_as_total_procured__mw__sr__as_caiso,0.026766061782836914,0.03760981559753418
"(29, 30)",2,dam_as_total_procured__mw__nr__as_caiso,0.08158457279205322,0.09938275814056396
"(29, 34)",2,actual_load__mw__ca_iso_tac,0.4664108157157898,0.45576590299606323
"(29, 34)",2,dam_schedule__mw__generation__caiso_totals,0.4377480149269104,0.4364969730377197
"(29, 34)",2,dam_schedule__mw__import__caiso_totals,0.32240837812423706,0.33310365676879883
"(29, 34)",2,dam_schedule__mw__export__caiso_totals,0.230243980884552,0.23436254262924194
"(29, 34)",2,dam_lmp__lmp_usd_per_mwh__th_sp15_gen_apnd,0.7085317373275757,0.7145629525184631
"(29, 34)",2,dam_lmp__congestion_usd_per_mwh__th_sp15_gen_apnd,0.3694576025009155,0.35245031118392944
"(29, 34)",2,dam_lmp__loss_usd_per_mwh__th_sp15_gen_apnd,0.34157896041870117,0.34115874767303467
"(29, 34)",2,rt15_lmp_hourly_mean__congestion_usd_per_mwh__th_sp15_gen_apnd,0.2481989860534668,0.24486607313156128
"(29, 34)",2,dam_as_total_procured__mw__ru__as_caiso,0.8410851359367371,0.8338013887405396
"(29, 34)",2,dam_as_total_procured__mw__rd__as_caiso,0.7074047923088074,0.6963299512863159
"(29, 34)",2,dam_as_total_procured__mw__sr__as_caiso,0.06219959259033203,0.07371073961257935
"(29, 34)",2,dam_as_total_procured__mw__nr__as_caiso,0.12341940402984619,0.1369367241859436
"(29, 38)",2,actual_load__mw__ca_iso_tac,0.41282474994659424,0.42809587717056274
"(29, 38)",2,dam_schedule__mw__generation__caiso_totals,0.36215639114379883,0.36973506212234497
"(29, 38)",2,dam_schedule__mw__import__caiso_totals,0.3298114538192749,0.33198851346969604
"(29, 38)",2,dam_schedule__mw__export__caiso_totals,0.16996902227401733,0.17705219984054565
"(29, 38)",2,dam_lmp__lmp_usd_per_mwh__th_sp15_gen_apnd,0.6622108221054077,0.6849204301834106
"(29, 38)",2,dam_lmp__congestion_usd_per_mwh__th_sp15_gen_apnd,0.2964586019515991,0.29442620277404785
"(29, 38)",2,dam_lmp__loss_usd_per_mwh__th_sp15_gen_apnd,0.3210507035255432,0.321533739566803
"(29, 38)",2,rt15_lmp_hourly_mean__congestion_usd_per_mwh__th_sp15_gen_apnd,0.2020273208618164,0.20689404010772705
"(29, 38)",2,dam_as_total_procured__mw__ru__as_caiso,0.15349382162094116,0.13697123527526855
"(29, 38)",2,dam_as_total_procured__mw__rd__as_caiso,0.4295988082885742,0.4254024028778076
"(29, 38)",2,dam_as_total_procured__mw__sr__as_caiso,0.06973010301589966,0.08250486850738525
"(29, 38)",2,dam_as_total_procured__mw__nr__as_caiso,0.09459257125854492,0.1072988510131836
"(29, 42)",2,actual_load__mw__ca_iso_tac,0.3355712294578552,0.3556724786758423
"(29, 42)",2,dam_schedule__mw__generation__caiso_totals,0.3102951645851135,0.33069050312042236
"(29, 42)",2,dam_schedule__mw__import__caiso_totals,0.28380244970321655,0.29161638021469116
"(29, 42)",2,dam_schedule__mw__export__caiso_totals,0.17416471242904663,0.18498903512954712
"(29, 42)",2,dam_lmp__lmp_usd_per_mwh__th_sp15_gen_apnd,0.6701239347457886,0.681403636932373
"(29, 42)",2,dam_lmp__congestion_usd_per_mwh__th_sp15_gen_apnd,0.20644348859786987,0.2141486406326294
"(29, 42)",2,dam_lmp__loss_usd_per_mwh__th_sp15_gen_apnd,0.32334423065185547,0.32343167066574097
"(29, 42)",2,rt15_lmp_hourly_mean__congestion_usd_per_mwh__th_sp15_gen_apnd,0.1957879662513733,0.1951463222503662
"(29, 42)",2,dam_as_total_procured__mw__ru__as_caiso,0.10003268718719482,0.09474802017211914
"(29, 42)",2,dam_as_total_procured__mw__rd__as_caiso,0.25455135107040405,0.26554930210113525
"(29, 42)",2,dam_as_total_procured__mw__sr__as_caiso,0.02522599697113037,0.0402754545211792
"(29, 42)",2,dam_as_total_procured__mw__nr__as_caiso,0.09994703531265259,0.1125369668006897
"(30, 33)",2,actual_load__mw__ca_iso_tac,0.1714102029800415,0.16732239723205566
"(30, 33)",2,dam_schedule__mw__generation__caiso_totals,0.1813858151435852,0.17298275232315063
"(30, 33)",2,dam_schedule__mw__import__caiso_totals,0.169722318649292,0.17475485801696777
"(30, 33)",2,dam_schedule__mw__export__caiso_totals,0.14938825368881226,0.15084898471832275
"(30, 33)",2,dam_lmp__lmp_usd_per_mwh__th_sp15_gen_apnd,0.2735150456428528,0.2813594937324524
"(30, 33)",2,dam_lmp__congestion_usd_per_mwh__th_sp15_gen_apnd,0.27246803045272827,0.2640782594680786
"(30, 33)",2,dam_lmp__loss_usd_per_mwh__th_sp15_gen_apnd,0.012811243534088135,0.022434592247009277
"(30, 33)",2,rt15_lmp_hourly_mean__congestion_usd_per_mwh__th_sp15_gen_apnd,0.171822190284729,0.17005038261413574
"(30, 33)",2,dam_as_total_procured__mw__ru__as_caiso,0.2762678265571594,0.2626652717590332
"(30, 33)",2,dam_as_total_procured__mw__rd__as_caiso,0.689978301525116,0.6869057416915894
"(30, 33)",2,dam_as_total_procured__mw__sr__as_caiso,0.031114041805267334,0.05334353446960449
"(30, 33)",2,dam_as_total_procured__mw__nr__as_caiso,0.024262428283691406,0.024299681186676025
"(30, 37)",2,actual_load__mw__ca_iso_tac,0.39855748414993286,0.42424070835113525
"(30, 37)",2,dam_schedule__mw__generation__caiso_totals,0.2916696071624756,0.3258568048477173
"(30, 37)",2,dam_schedule__mw__import__caiso_totals,0.09452694654464722,0.09502661228179932
"(30, 37)",2,dam_schedule__mw__export__caiso_totals,0.19191163778305054,0.2084861397743225
"(30, 37)",2,dam_lmp__lmp_usd_per_mwh__th_sp15_gen_apnd,0.07968127727508545,0.08501279354095459
"(30, 37)",2,dam_lmp__congestion_usd_per_mwh__th_sp15_gen_apnd,0.035577595233917236,0.034964561462402344
"(30, 37)",2,dam_lmp__loss_usd_per_mwh__th_sp15_gen_apnd,0.024653136730194092,0.027310729026794434
"(30, 37)",2,rt15_lmp_hourly_mean__congestion_usd_per_mwh__th_sp15_gen_apnd,0.010249614715576172,0.012615680694580078
"(30, 37)",2,dam_as_total_procured__mw__ru__as_caiso,0.011432766914367676,0.011291563510894775
"(30, 37)",2,dam_as_total_procured__mw__rd__as_caiso,0.06384927034378052,0.07454884052276611
"(30, 37)",2,dam_as_total_procured__mw__sr__as_caiso,0.14671742916107178,0.15210193395614624
"(30, 37)",2,dam_as_total_procured__mw__nr__as_caiso,0.46448177099227905,0.45712995529174805
"(30, 41)",2,actual_load__mw__ca_iso_tac,0.0013146400451660156,0.0014618635177612305
"(30, 41)",2,dam_schedule__mw__generation__caiso_totals,0.0064103007316589355,0.0056487321853637695
"(30, 41)",2,dam_schedule__mw__import__caiso_totals,0.1592482328414917,0.1707119345664978
"(30, 41)",2,dam_schedule__mw__export__caiso_totals,0.08388257026672363,0.07895100116729736
"(30, 41)",2,dam_lmp__lmp_usd_per_mwh__th_sp15_gen_apnd,0.5201387405395508,0.5285556316375732
"(30, 41)",2,dam_lmp__congestion_usd_per_mwh__th_sp15_gen_apnd,0.2658381462097168,0.26939862966537476
"(30, 41)",2,dam_lmp__loss_usd_per_mwh__th_sp15_gen_apnd,0.1503400206565857,0.13658297061920166
"(30, 41)",2,rt15_lmp_hourly_mean__congestion_usd_per_mwh__th_sp15_gen_apnd,0.18792957067489624,0.19869905710220337
"(30, 41)",2,dam_as_total_procured__mw__ru__as_caiso,0.1539684534072876,0.13777244091033936
"(30, 41)",2,dam_as_total_procured__mw__rd__as_caiso,0.3074897527694702,0.3095269203186035
"(30, 41)",2,dam_as_total_procured__mw__sr__as_caiso,0.008212864398956299,0.019422709941864014
"(30, 41)",2,dam_as_total_procured__mw__nr__as_caiso,0.0,0.0013383030891418457
"(31, 33)",2,actual_load__mw__ca_iso_tac,0.1722145676612854,0.167402982711792
"(31, 33)",2,dam_schedule__mw__generation__caiso_totals,0.1820458173751831,0.17252814769744873
"(31, 33)",2,dam_schedule__mw__import__caiso_totals,0.17004239559173584,0.17510080337524414
"(31, 33)",2,dam_schedule__mw__export__caiso_totals,0.1495152711868286,0.15037554502487183
"(31, 33)",2,dam_lmp__lmp_usd_per_mwh__th_sp15_gen_apnd,0.2732672691345215,0.2809804677963257
"(31, 33)",2,dam_lmp__congestion_usd_per_mwh__th_sp15_gen_apnd,0.2728825807571411,0.2643083333969116
"(31, 33)",2,dam_lmp__loss_usd_per_mwh__th_sp15_gen_apnd,0.012866199016571045,0.022447705268859863
"(31, 33)",2,rt15_lmp_hourly_mean__congestion_usd_per_mwh__th_sp15_gen_apnd,0.17097443342208862,0.16951090097427368
"(31, 33)",2,dam_as_total_procured__mw__ru__as_caiso,0.2772679328918457,0.2630147337913513
"(31, 33)",2,dam_as_total_procured__mw__rd__as_caiso,0.6911675930023193,0.687691330909729
"(31, 33)",2,dam_as_total_procured__mw__sr__as_caiso,0.03172868490219116,0.053707897663116455
"(31, 33)",2,dam_as_total_procured__mw__nr__as_caiso,0.02393263578414917,0.02524423599243164
"(31, 37)",2,actual_load__mw__ca_iso_tac,0.3942931294441223,0.42236328125
"(31, 37)",2,dam_schedule__mw__generation__caiso_totals,0.2870476245880127,0.32367873191833496
"(31, 37)",2,dam_schedule__mw__import__caiso_totals,0.09418338537216187,0.09478461742401123
"(31, 37)",2,dam_schedule__mw__export__caiso_totals,0.18986809253692627,0.20828086137771606
"(31, 37)",2,dam_lmp__lmp_usd_per_mwh__th_sp15_gen_apnd,0.0809701681137085,0.08708548545837402
"(31, 37)",2,dam_lmp__congestion_usd_per_mwh__th_sp15_gen_apnd,0.036128342151641846,0.03561586141586304
"(31, 37)",2,dam_lmp__loss_usd_per_mwh__th_sp15_gen_apnd,0.029394567012786865,0.03045600652694702
"(31, 37)",2,rt15_lmp_hourly_mean__congestion_usd_per_mwh__th_sp15_gen_apnd,0.010152697563171387,0.012369990348815918
"(31, 37)",2,dam_as_total_procured__mw__ru__as_caiso,0.013126969337463379,0.012953579425811768
"(31, 37)",2,dam_as_total_procured__mw__rd__as_caiso,0.06649583578109741,0.07751095294952393
"(31, 37)",2,dam_as_total_procured__mw__sr__as_caiso,0.14905327558517456,0.1543818712234497
"(31, 37)",2,dam_as_total_procured__mw__nr__as_caiso,0.4649296998977661,0.45654332637786865
"(31, 41)",2,actual_load__mw__ca_iso_tac,0.0014911890029907227,0.0016865134239196777
"(31, 41)",2,dam_schedule__mw__generation__caiso_totals,0.005740523338317871,0.005252361297607422
"(31, 41)",2,dam_schedule__mw__import__caiso_totals,0.15812140703201294,0.17027497291564941
"(31, 41)",2,dam_schedule__mw__export__caiso_totals,0.0828506350517273,0.07824832201004028
"(31, 41)",2,dam_lmp__lmp_usd_per_mwh__th_sp15_gen_apnd,0.5199815034866333,0.5282217860221863
"(31, 41)",2,dam_lmp__congestion_usd_per_mwh__th_sp15_gen_apnd,0.26385825872421265,0.2676345109939575
"(31, 41)",2,dam_lmp__loss_usd_per_mwh__th_sp15_gen_apnd,0.15035951137542725,0.13642829656600952
"(31, 41)",2,rt15_lmp_hourly_mean__congestion_usd_per_mwh__th_sp15_gen_apnd,0.18539440631866455,0.19676309823989868
"(31, 41)",2,dam_as_total_procured__mw__ru__as_caiso,0.1518915295600891,0.13680988550186157
"(31, 41)",2,dam_as_total_procured__mw__rd__as_caiso,0.30787569284439087,0.31043195724487305
"(31, 41)",2,dam_as_total_procured__mw__sr__as_caiso,0.0076258182525634766,0.0197068452835083
"(31, 41)",2,dam_as_total_procured__mw__nr__as_caiso,0.0,0.001678466796875
"(32, 34)",2,actual_load__mw__ca_iso_tac,0.09996050596237183,0.09799963235855103
"(32, 34)",2,dam_schedule__mw__generation__caiso_totals,0.12723571062088013,0.12646716833114624
"(32, 34)",2,dam_schedule__mw__import__caiso_totals,0.13259893655776978,0.1305510401725769
"(32, 34)",2,dam_schedule__mw__export__caiso_totals,0.141767680644989,0.1400713324546814
"(32, 34)",2,dam_lmp__lmp_usd_per_mwh__th_sp15_gen_apnd,0.2780401110649109,0.23956137895584106
"(32, 34)",2,dam_lmp__congestion_usd_per_mwh__th_sp15_gen_apnd,0.2593845725059509,0.22870749235153198
"(32, 34)",2,dam_lmp__loss_usd_per_mwh__th_sp15_gen_apnd,0.01203840970993042,0.015001177787780762
"(32, 34)",2,rt15_lmp_hourly_mean__congestion_usd_per_mwh__th_sp15_gen_apnd,0.15175360441207886,0.1428452730178833
"(32, 34)",2,dam_as_total_procured__mw__ru__as_caiso,0.8404970169067383,0.8334038853645325
"(32, 34)",2,dam_as_total_procured__mw__rd__as_caiso,0.6355075240135193,0.6124739646911621
"(32, 34)",2,dam_as_total_procured__mw__sr__as_caiso,0.02889084815979004,0.036889612674713135
"(32, 34)",2,dam_as_total_procured__mw__nr__as_caiso,0.02748185396194458,0.031059741973876953
"(32, 38)",2,actual_load__mw__ca_iso_tac,0.11336874961853027,0.12723302841186523
"(32, 38)",2,dam_schedule__mw__generation__caiso_totals,0.11529505252838135,0.12411236763000488
"(32, 38)",2,dam_schedule__mw__import__caiso_totals,0.2505050301551819,0.2456708550453186
"(32, 38)",2,dam_schedule__mw__export__caiso_totals,0.10277479887008667,0.11546444892883301
"(32, 38)",2,dam_lmp__lmp_usd_per_mwh__th_sp15_gen_apnd,0.4423035979270935,0.44802558422088623
"(32, 38)",2,dam_lmp__congestion_usd_per_mwh__th_sp15_gen_apnd,0.3123573064804077,0.287655234336853
"(32, 38)",2,dam_lmp__loss_usd_per_mwh__th_sp15_gen_apnd,0.12433314323425293,0.12970185279846191
"(32, 38)",2,rt15_lmp_hourly_mean__congestion_usd_per_mwh__th_sp15_gen_apnd,0.18129122257232666,0.16994327306747437
"(32, 38)",2,dam_as_total_procured__mw__ru__as_caiso,0.38731813430786133,0.3854004740715027
"(32, 38)",2,dam_as_total_procured__mw__rd__as_caiso,0.5360419750213623,0.5227260589599609
"(32, 38)",2,dam_as_total_procured__mw__sr__as_caiso,0.032272398471832275,0.0647614598274231
"(32, 38)",2,dam_as_total_procured__mw__nr__as_caiso,0.055958330631256104,0.04862481355667114
"(32, 42)",2,actual_load__mw__ca_iso_tac,0.12163060903549194,0.129757821559906
"(32, 42)",2,dam_schedule__mw__generation__caiso_totals,0.13344275951385498,0.14188694953918457
"(32, 42)",2,dam_schedule__mw__import__caiso_totals,0.06819504499435425,0.07112306356430054
"(32, 42)",2,dam_schedule__mw__export__caiso_totals,0.11417365074157715,0.10959011316299438
"(32, 42)",2,dam_lmp__lmp_usd_per_mwh__th_sp15_gen_apnd,0.28893405199050903,0.2718440890312195
"(32, 42)",2,dam_lmp__congestion_usd_per_mwh__th_sp15_gen_apnd,0.17895865440368652,0.15271848440170288
"(32, 42)",2,dam_lmp__loss_usd_per_mwh__th_sp15_gen_apnd,0.051045894622802734,0.040940284729003906
"(32, 42)",2,rt15_lmp_hourly_mean__congestion_usd_per_mwh__th_sp15_gen_apnd,0.13366806507110596,0.11937057971954346
"(32, 42)",2,dam_as_total_procured__mw__ru__as_caiso,0.35425418615341187,0.3532596230506897
"(32, 42)",2,dam_as_total_procured__mw__rd__as_caiso,0.33129286766052246,0.32018810510635376
"(32, 42)",2,dam_as_total_procured__mw__sr__as_caiso,0.009277880191802979,0.02274477481842041
"(32, 42)",2,dam_as_total_procured__mw__nr__as_caiso,0.03471517562866211,0.03909260034561157
"(33, 36)",2,actual_load__mw__ca_iso_tac,0.5601452589035034,0.5938162803649902
"(33, 36)",2,dam_schedule__mw__generation__caiso_totals,0.499025821685791,0.5335948467254639
"(33, 36)",2,dam_schedule__mw__import__caiso_totals,0.2854728102684021,0.2841287851333618
"(33, 36)",2,dam_schedule__mw__export__caiso_totals,0.3294113278388977,0.34787750244140625
"(33, 36)",2,dam_lmp__lmp_usd_per_mwh__th_sp15_gen_apnd,0.3745642900466919,0.38798123598098755
"(33, 36)",2,dam_lmp__congestion_usd_per_mwh__th_sp15_gen_apnd,0.3097667694091797,0.29348379373550415
"(33, 36)",2,dam_lmp__loss_usd_per_mwh__th_sp15_gen_apnd,0.03990572690963745,0.05990248918533325
"(33, 36)",2,rt15_lmp_hourly_mean__congestion_usd_per_mwh__th_sp15_gen_apnd,0.1924390196800232,0.19100993871688843
"(33, 36)",2,dam_as_total_procured__mw__ru__as_caiso,0.30530136823654175,0.2950853109359741
"(33, 36)",2,dam_as_total_procured__mw__rd__as_caiso,0.7162314653396606,0.7162153720855713
"(33, 36)",2,dam_as_total_procured__mw__sr__as_caiso,0.1643061637878418,0.17855870723724365
"(33, 36)",2,dam_as_total_procured__mw__nr__as_caiso,0.46821433305740356,0.46289145946502686
"(33, 40)",2,actual_load__mw__ca_iso_tac,0.18677663803100586,0.18424218893051147
"(33, 40)",2,dam_schedule__mw__generation__caiso_totals,0.18792319297790527,0.1809505820274353
"(33, 40)",2,dam_schedule__mw__import__caiso_totals,0.18681752681732178,0.199806809425354
"(33, 40)",2,dam_schedule__mw__export__caiso_totals,0.16051292419433594,0.15791577100753784
"(33, 40)",2,dam_lmp__lmp_usd_per_mwh__th_sp15_gen_apnd,0.40679454803466797,0.4155142307281494
"(33, 40)",2,dam_lmp__congestion_usd_per_mwh__th_sp15_gen_apnd,0.3166152238845825,0.30976390838623047
"(33, 40)",2,dam_lmp__loss_usd_per_mwh__th_sp15_gen_apnd,0.0684959888458252,0.07020699977874756
"(33, 40)",2,rt15_lmp_hourly_mean__congestion_usd_per_mwh__th_sp15_gen_apnd,0.2033677101135254,0.2039165496826172
"(33, 40)",2,dam_as_total_procured__mw__ru__as_caiso,0.28667914867401123,0.2708319425582886
"(33, 40)",2,dam_as_total_procured__mw__rd__as_caiso,0.6991525888442993,0.6972434520721436
"(33, 40)",2,dam_as_total_procured__mw__sr__as_caiso,0.033740997314453125,0.059755563735961914
"(33, 40)",2,dam_as_total_procured__mw__nr__as_caiso,0.03816401958465576,0.03378748893737793
"(34, 35)",2,actual_load__mw__ca_iso_tac,0.27981269359588623,0.2865201234817505
"(34, 35)",2,dam_schedule__mw__generation__caiso_totals,0.3117983341217041,0.30389994382858276
"(34, 35)",2,dam_schedule__mw__import__caiso_totals,0.26161903142929077,0.25355929136276245
"(34, 35)",2,dam_schedule__mw__export__caiso_totals,0.24711865186691284,0.24906092882156372
"(34, 35)",2,dam_lmp__lmp_usd_per_mwh__th_sp15_gen_apnd,0.41908735036849976,0.40090441703796387
"(34, 35)",2,dam_lmp__congestion_usd_per_mwh__th_sp15_gen_apnd,0.4040508270263672,0.3708513379096985
"(34, 35)",2,dam_lmp__loss_usd_per_mwh__th_sp15_gen_apnd,0.076626718044281,0.08041727542877197
"(34, 35)",2,rt15_lmp_hourly_mean__congestion_usd_per_mwh__th_sp15_gen_apnd,0.2297326922416687,0.2302842140197754
"(34, 35)",2,dam_as_total_procured__mw__ru__as_caiso,0.8452547788619995,0.8375940918922424
"(34, 35)",2,dam_as_total_procured__mw__rd__as_caiso,0.977293074131012,0.9750509262084961
"(34, 35)",2,dam_as_total_procured__mw__sr__as_caiso,0.061431825160980225,0.0895686149597168
"(34, 35)",2,dam_as_total_procured__mw__nr__as_caiso,0.07609444856643677,0.07042264938354492
"(34, 39)",2,actual_load__mw__ca_iso_tac,0.08541685342788696,0.09138959646224976
"(34, 39)",2,dam_schedule__mw__generation__caiso_totals,0.1230916976928711,0.12520670890808105
"(34, 39)",2,dam_schedule__mw__import__caiso_totals,0.13428670167922974,0.13588804006576538
"(34, 39)",2,dam_schedule__mw__export__caiso_totals,0.1536845564842224,0.14753872156143188
"(34, 39)",2,dam_lmp__lmp_usd_per_mwh__th_sp15_gen_apnd,0.2923007607460022,0.26911163330078125
"(34, 39)",2,dam_lmp__congestion_usd_per_mwh__th_sp15_gen_apnd,0.26190048456192017,0.24386656284332275
"(34, 39)",2,dam_lmp__loss_usd_per_mwh__th_sp15_gen_apnd,0.024413585662841797,0.0219002366065979
"(34, 39)",2,rt15_lmp_hourly_mean__congestion_usd_per_mwh__th_sp15_gen_apnd,0.16257458925247192,0.15161991119384766
"(34, 39)",2,dam_as_total_procured__mw__ru__as_caiso,0.8403379917144775,0.8336912393569946
"(34, 39)",2,dam_as_total_procured__mw__rd__as_caiso,0.6395114660263062,0.6260424852371216
"(34, 39)",2,dam_as_total_procured__mw__sr__as_caiso,0.035717904567718506,0.04396909475326538
"(34, 39)",2,dam_as_total_procured__mw__nr__as_caiso,0.01800215244293213,0.01932668685913086
"(34, 43)",2,actual_load__mw__ca_iso_tac,0.1106574535369873,0.10941416025161743
"(34, 43)",2,dam_schedule__mw__generation__caiso_totals,0.1502363681793213,0.14433854818344116
"(34, 43)",2,dam_schedule__mw__import__caiso_totals,0.22250449657440186,0.21444302797317505
"(34, 43)",2,dam_schedule__mw__export__caiso_totals,0.17411351203918457,0.1667986512184143
"(34, 43)",2,dam_lmp__lmp_usd_per_mwh__th_sp15_gen_apnd,0.4036324620246887,0.39422082901000977
"(34, 43)",2,dam_lmp__congestion_usd_per_mwh__th_sp15_gen_apnd,0.3160908818244934,0.29003965854644775
"(34, 43)",2,dam_lmp__loss_usd_per_mwh__th_sp15_gen_apnd,0.07126736640930176,0.08234167098999023
"(34, 43)",2,rt15_lmp_hourly_mean__congestion_usd_per_mwh__th_sp15_gen_apnd,0.18933439254760742,0.17257839441299438
"(34, 43)",2,dam_as_total_procured__mw__ru__as_caiso,0.8400601744651794,0.8336914777755737
"(34, 43)",2,dam_as_total_procured__mw__rd__as_caiso,0.6690924167633057,0.6564834117889404
"(34, 43)",2,dam_as_total_procured__mw__sr__as_caiso,0.033317506313323975,0.057572901248931885
"(34, 43)",2,dam_as_total_procured__mw__nr__as_caiso,0.01067286729812622,0.017093539237976074
"(35, 39)",2,actual_load__mw__ca_iso_tac,0.26439541578292847,0.2822088599205017
"(35, 39)",2,dam_schedule__mw__generation__caiso_totals,0.28818631172180176,0.2862783670425415
"(35, 39)",2,dam_schedule__mw__import__caiso_totals,0.23943310976028442,0.23473310470581055
"(35, 39)",2,dam_schedule__mw__export__caiso_totals,0.23542112112045288,0.2376878261566162
"(35, 39)",2,dam_lmp__lmp_usd_per_mwh__th_sp15_gen_apnd,0.4311144948005676,0.4099060297012329
"(35, 39)",2,dam_lmp__congestion_usd_per_mwh__th_sp15_gen_apnd,0.3900694251060486,0.35476720333099365
"(35, 39)",2,dam_lmp__loss_usd_per_mwh__th_sp15_gen_apnd,0.08923715353012085,0.08955508470535278
"(35, 39)",2,rt15_lmp_hourly_mean__congestion_usd_per_mwh__th_sp15_gen_apnd,0.2346433401107788,0.22630399465560913
"(35, 39)",2,dam_as_total_procured__mw__ru__as_caiso,0.4286750555038452,0.42777037620544434
"(35, 39)",2,dam_as_total_procured__mw__rd__as_caiso,0.9791960120201111,0.9776169657707214
"(35, 39)",2,dam_as_total_procured__mw__sr__as_caiso,0.0584944486618042,0.08571124076843262
"(35, 39)",2,dam_as_total_procured__mw__nr__as_caiso,0.05412781238555908,0.05146753787994385
"(35, 43)",2,actual_load__mw__ca_iso_tac,0.2769588828086853,0.2850390672683716
"(35, 43)",2,dam_schedule__mw__generation__caiso_totals,0.2939062714576721,0.2869560122489929
"(35, 43)",2,dam_schedule__mw__import__caiso_totals,0.28980761766433716,0.2833060622215271
"(35, 43)",2,dam_schedule__mw__export__caiso_totals,0.2343011498451233,0.23374754190444946
"(35, 43)",2,dam_lmp__lmp_usd_per_mwh__th_sp15_gen_apnd,0.514389157295227,0.5017415881156921
"(35, 43)",2,dam_lmp__congestion_usd_per_mwh__th_sp15_gen_apnd,0.42793476581573486,0.3883538246154785
"(35, 43)",2,dam_lmp__loss_usd_per_mwh__th_sp15_gen_apnd,0.16001737117767334,0.1645653247833252
"(35, 43)",2,rt15_lmp_hourly_mean__congestion_usd_per_mwh__th_sp15_gen_apnd,0.25381606817245483,0.2462005615234375
"(35, 43)",2,dam_as_total_procured__mw__ru__as_caiso,0.4121372699737549,0.4135853052139282
"(35, 43)",2,dam_as_total_procured__mw__rd__as_caiso,0.9767056703567505,0.9750405550003052
"(35, 43)",2,dam_as_total_procured__mw__sr__as_caiso,0.05397683382034302,0.08092319965362549
"(35, 43)",2,dam_as_total_procured__mw__nr__as_caiso,0.05610764026641846,0.050907135009765625
"(36, 40)",2,actual_load__mw__ca_iso_tac,0.4521907567977905,0.46025311946868896
"(36, 40)",2,dam_schedule__mw__generation__caiso_totals,0.3533734679222107,0.3679616451263428
"(36, 40)",2,dam_schedule__mw__import__caiso_totals,0.11130982637405396,0.12611961364746094
"(36, 40)",2,dam_schedule__mw__export__caiso_totals,0.2269788384437561,0.23703813552856445
"(36, 40)",2,dam_lmp__lmp_usd_per_mwh__th_sp15_gen_apnd,0.24417823553085327,0.2509983777999878
"(36, 40)",2,dam_lmp__congestion_usd_per_mwh__th_sp15_gen_apnd,0.09693878889083862,0.09829109907150269
"(36, 40)",2,dam_lmp__loss_usd_per_mwh__th_sp15_gen_apnd,0.08670538663864136,0.08333468437194824
"(36, 40)",2,rt15_lmp_hourly_mean__congestion_usd_per_mwh__th_sp15_gen_apnd,0.062023162841796875,0.06580191850662231
"(36, 40)",2,dam_as_total_procured__mw__ru__as_caiso,0.05666351318359375,0.05521970987319946
"(36, 40)",2,dam_as_total_procured__mw__rd__as_caiso,0.10116368532180786,0.12043362855911255
"(36, 40)",2,dam_as_total_procured__mw__sr__as_caiso,0.15546780824661255,0.16306787729263306
"(36, 40)",2,dam_as_total_procured__mw__nr__as_caiso,0.46837520599365234,0.4630405902862549
"(37, 38)",2,actual_load__mw__ca_iso_tac,0.43941038846969604,0.45599424839019775
"(37, 38)",2,dam_schedule__mw__generation__caiso_totals,0.3379496932029724,0.3598872423171997
"(37, 38)",2,dam_schedule__mw__import__caiso_totals,0.29074627161026,0.27701252698898315
"(37, 38)",2,dam_schedule__mw__export__caiso_totals,0.27836668491363525,0.285936176776886
"(37, 38)",2,dam_lmp__lmp_usd_per_mwh__th_sp15_gen_apnd,0.4136912226676941,0.433300256729126
"(37, 38)",2,dam_lmp__congestion_usd_per_mwh__th_sp15_gen_apnd,0.2808104157447815,0.2722427248954773
"(37, 38)",2,dam_lmp__loss_usd_per_mwh__th_sp15_gen_apnd,0.1376391053199768,0.1414327621459961
"(37, 38)",2,rt15_lmp_hourly_mean__congestion_usd_per_mwh__th_sp15_gen_apnd,0.12736868858337402,0.129167377948761
"(37, 38)",2,dam_as_total_procured__mw__ru__as_caiso,0.1577380895614624,0.14869827032089233
"(37, 38)",2,dam_as_total_procured__mw__rd__as_caiso,0.40352708101272583,0.39549553394317627
"(37, 38)",2,dam_as_total_procured__mw__sr__as_caiso,0.17843329906463623,0.182611882686615
"(37, 38)",2,dam_as_total_procured__mw__nr__as_caiso,0.47083741426467896,0.4675280451774597
"(37, 42)",2,actual_load__mw__ca_iso_tac,0.43214523792266846,0.46396172046661377
"(37, 42)",2,dam_schedule__mw__generation__caiso_totals,0.3301926255226135,0.36819010972976685
"(37, 42)",2,dam_schedule__mw__import__caiso_totals,0.12491101026535034,0.12507843971252441
"(37, 42)",2,dam_schedule__mw__export__caiso_totals,0.26654189825057983,0.28555405139923096
"(37, 42)",2,dam_lmp__lmp_usd_per_mwh__th_sp15_gen_apnd,0.27982091903686523,0.2968047261238098
"(37, 42)",2,dam_lmp__congestion_usd_per_mwh__th_sp15_gen_apnd,0.1222383975982666,0.12011653184890747
"(37, 42)",2,dam_lmp__loss_usd_per_mwh__th_sp15_gen_apnd,0.05564284324645996,0.06640243530273438
"(37, 42)",2,rt15_lmp_hourly_mean__congestion_usd_per_mwh__th_sp15_gen_apnd,0.09132707118988037,0.09794586896896362
"(37, 42)",2,dam_as_total_procured__mw__ru__as_caiso,0.0657963752746582,0.06548988819122314
"(37, 42)",2,dam_as_total_procured__mw__rd__as_caiso,0.1571739912033081,0.17832297086715698
"(37, 42)",2,dam_as_total_procured__mw__sr__as_caiso,0.1469559669494629,0.15409809350967407
"(37, 42)",2,dam_as_total_procured__mw__nr__as_caiso,0.4646056890487671,0.4579925537109375
"(38, 41)",2,actual_load__mw__ca_iso_tac,0.05714249610900879,0.06271302700042725
"(38, 41)",2,dam_schedule__mw__generation__caiso_totals,0.051571667194366455,0.04900568723678589
"(38, 41)",2,dam_schedule__mw__import__caiso_totals,0.2707158923149109,0.2702632546424866
"(38, 41)",2,dam_schedule__mw__export__caiso_totals,0.09422415494918823,0.09208106994628906
"(38, 41)",2,dam_lmp__lmp_usd_per_mwh__th_sp15_gen_apnd,0.6049112677574158,0.614284336566925
"(38, 41)",2,dam_lmp__congestion_usd_per_mwh__th_sp15_gen_apnd,0.3716953992843628,0.35885095596313477
"(38, 41)",2,dam_lmp__loss_usd_per_mwh__th_sp15_gen_apnd,0.17852354049682617,0.17035776376724243
"(38, 41)",2,rt15_lmp_hourly_mean__congestion_usd_per_mwh__th_sp15_gen_apnd,0.24239760637283325,0.2350051999092102
"(38, 41)",2,dam_as_total_procured__mw__ru__as_caiso,0.20317399501800537,0.18218350410461426
"(38, 41)",2,dam_as_total_procured__mw__rd__as_caiso,0.4895387291908264,0.48056215047836304
"(38, 41)",2,dam_as_total_procured__mw__sr__as_caiso,0.03729569911956787,0.05750405788421631
"(38, 41)",2,dam_as_total_procured__mw__nr__as_caiso,0.030631721019744873,0.02678966522216797
"(39, 41)",2,actual_load__mw__ca_iso_tac,0.029372334480285645,0.03962069749832153
"(39, 41)",2,dam_schedule__mw__generation__caiso_totals,0.04097318649291992,0.051647067070007324
"(39, 41)",2,dam_schedule__mw__import__caiso_totals,0.15648353099822998,0.1697845458984375
"(39, 41)",2,dam_schedule__mw__export__caiso_totals,0.1182636022567749,0.11088085174560547
"(39, 41)",2,dam_lmp__lmp_usd_per_mwh__th_sp15_gen_apnd,0.5307570695877075,0.5353108644485474
"(39, 41)",2,dam_lmp__congestion_usd_per_mwh__th_sp15_gen_apnd,0.274494469165802,0.2777371406555176
"(39, 41)",2,dam_lmp__loss_usd_per_mwh__th_sp15_gen_apnd,0.171625018119812,0.15636372566223145
"(39, 41)",2,rt15_lmp_hourly_mean__congestion_usd_per_mwh__th_sp15_gen_apnd,0.20419400930404663,0.21396523714065552
"(39, 41)",2,dam_as_total_procured__mw__ru__as_caiso,0.1974208950996399,0.1761600375175476
"(39, 41)",2,dam_as_total_procured__mw__rd__as_caiso,0.3491687774658203,0.3496743440628052
"(39, 41)",2,dam_as_total_procured__mw__sr__as_caiso,0.0227738618850708,0.035095810890197754
"(39, 41)",2,dam_as_total_procured__mw__nr__as_caiso,0.0,0.0030454397201538086
"(40, 42)",2,actual_load__mw__ca_iso_tac,0.03684592247009277,0.04969912767410278
"(40, 42)",2,dam_schedule__mw__generation__caiso_totals,0.03889107704162598,0.048183441162109375
"(40, 42)",2,dam_schedule__mw__import__caiso_totals,0.02540743350982666,0.05258399248123169
"(40, 42)",2,dam_schedule__mw__export__caiso_totals,0.05317401885986328,0.05492806434631348
"(40, 42)",2,dam_lmp__lmp_usd_per_mwh__th_sp15_gen_apnd,0.29606109857559204,0.3146200180053711
"(40, 42)",2,dam_lmp__congestion_usd_per_mwh__th_sp15_gen_apnd,0.10997194051742554,0.1223592758178711
"(40, 42)",2,dam_lmp__loss_usd_per_mwh__th_sp15_gen_apnd,0.05470538139343262,0.05507558584213257
"(40, 42)",2,rt15_lmp_hourly_mean__congestion_usd_per_mwh__th_sp15_gen_apnd,0.0806814432144165,0.09237176179885864
"(40, 42)",2,dam_as_total_procured__mw__ru__as_caiso,0.07022881507873535,0.06137526035308838
"(40, 42)",2,dam_as_total_procured__mw__rd__as_caiso,0.10398286581039429,0.12178456783294678
"(40, 42)",2,dam_as_total_procured__mw__sr__as_caiso,0.0,0.015873610973358154
"(40, 42)",2,dam_as_total_procured__mw__nr__as_caiso,0.012971758842468262,0.011472821235656738
"(42, 43)",2,actual_load__mw__ca_iso_tac,0.09420257806777954,0.10108184814453125
"(42, 43)",2,dam_schedule__mw__generation__caiso_totals,0.12147462368011475,0.1201714277267456
"(42, 43)",2,dam_schedule__mw__import__caiso_totals,0.16441583633422852,0.16516995429992676
"(42, 43)",2,dam_schedule__mw__export__caiso_totals,0.13462859392166138,0.1289142370223999
"(42, 43)",2,dam_lmp__lmp_usd_per_mwh__th_sp15_gen_apnd,0.38579779863357544,0.40038520097732544
"(42, 43)",2,dam_lmp__congestion_usd_per_mwh__th_sp15_gen_apnd,0.20365703105926514,0.19832080602645874
"(42, 43)",2,dam_lmp__loss_usd_per_mwh__th_sp15_gen_apnd,0.07429414987564087,0.07459789514541626
"(42, 43)",2,rt15_lmp_hourly_mean__congestion_usd_per_mwh__th_sp15_gen_apnd,0.1256093978881836,0.11780917644500732
"(42, 43)",2,dam_as_total_procured__mw__ru__as_caiso,0.07920616865158081,0.07706016302108765
"(42, 43)",2,dam_as_total_procured__mw__rd__as_caiso,0.22512143850326538,0.24946564435958862
"(42, 43)",2,dam_as_total_procured__mw__sr__as_caiso,0.02004295587539673,0.03882706165313721
"(42, 43)",2,dam_as_total_procured__mw__nr__as_caiso,0.011757254600524902,0.00915515422821045
