indices,source,weight,split,syn3_dnn,syn3_portfolio,parent_gain,pair_gain,strong_dnn,strong_portfolio
"(0, 1, 14)",remainder1800,7.137222222222222,test,0.1107172966003418,0.1107172966003418,0.0,0.0,True,True
"(0, 1, 23)",remainder1800,7.137222222222222,tune,0.021767258644104004,0.021767258644104004,0.03745090961456299,0.0,False,False
"(0, 1, 24)",remainder1800,7.137222222222222,test,0.07815420627593994,0.07815420627593994,0.0,0.0,False,False
"(0, 2, 6)",exact397,1.0,test,0.1695621013641357,0.1695621013641358,0.0,0.0010844408428554997,True,True
"(0, 2, 10)",exact397,1.0,tune,0.1305495500564575,0.13054955005645752,0.0023470669359078045,0.0011639728846135622,True,True
"(0, 2, 12)",remainder1800,7.137222222222222,tune,0.08816266059875488,0.08816266059875488,0.0,0.0,False,False
"(0, 2, 15)",remainder1800,7.137222222222222,tune,0.0870547890663147,0.0870547890663147,0.011615872383117676,0.0,False,False
"(0, 2, 21)",remainder1800,7.137222222222222,tune,0.05337226390838623,0.05337226390838623,0.00534145177002171,0.0,False,False
"(0, 2, 34)",remainder1800,7.137222222222222,tune,0.05273699760437012,0.05273699760437012,0.01099330186843872,0.001084440842855472,False,False
"(0, 2, 42)",remainder1800,7.137222222222222,tune,0.03456848859786987,0.03456848859786987,0.0,0.001084440842855472,False,False
"(0, 2, 43)",remainder1800,7.137222222222222,tune,0.03407210111618042,0.03407210111618042,0.0,0.0,False,False
"(0, 3, 10)",exact397,1.0,test,0.164752721786499,0.16475272178649908,0.002973337121233821,0.0011639728846135622,True,True
"(0, 3, 13)",remainder1800,7.137222222222222,tune,0.08741658926010132,0.08741658926010132,0.0,0.0,False,False
"(0, 3, 15)",remainder1800,7.137222222222222,tune,0.07962822914123535,0.07962822914123535,0.0,0.0,False,False
"(0, 3, 24)",remainder1800,7.137222222222222,tune,0.09093010425567627,0.09093010425567627,0.0,0.0,False,False
"(0, 3, 37)",remainder1800,7.137222222222222,tune,0.07256340980529785,0.07256340980529785,0.0,0.0,False,False
"(0, 3, 41)",remainder1800,7.137222222222222,test,0.00966113805770874,0.00966113805770874,0.005950033664703369,0.0,False,False
"(0, 3, 42)",exact397,1.0,test,0.1590762138366699,0.15907621383666992,0.0,0.0,True,True
"(0, 4, 9)",remainder1800,7.137222222222222,tune,0.06845003366470337,0.06845003366470337,0.005277156829833984,0.0,False,False
"(0, 4, 15)",exact397,1.0,tune,0.0570907592773437,0.057090759277343806,0.0,0.0,False,False
"(0, 4, 23)",remainder1800,7.137222222222222,tune,0.021358907222747803,0.021358907222747803,0.04754394292831421,0.0,False,False
"(0, 4, 25)",remainder1800,7.137222222222222,test,0.041489601135253906,0.041489601135253906,0.0,0.0,False,False
"(0, 4, 28)",exact397,1.0,tune,0.0547501444816589,0.054750144481658936,0.0152349472045899,0.0,False,False
"(0, 4, 30)",remainder1800,7.137222222222222,tune,0.07309228181838989,0.07309228181838989,0.0,0.0,False,False
"(0, 4, 40)",remainder1800,7.137222222222222,tune,0.09811294078826904,0.09811294078826904,0.0,0.0,False,False
"(0, 5, 10)",exact397,1.0,tune,0.1451682448387146,0.14516824483871466,0.0021891474131108257,0.0011639728846135622,True,True
"(0, 5, 18)",exact397,1.0,test,0.0472758412361145,0.0472758412361145,0.0,0.0,False,False
"(0, 5, 25)",remainder1800,7.137222222222222,tune,0.038471758365631104,0.038471758365631104,0.0,0.0,False,False
"(0, 5, 34)",remainder1800,7.137222222222222,tune,0.03583008050918579,0.03583008050918579,0.0,0.0,False,False
"(0, 5, 40)",remainder1800,7.137222222222222,tune,0.07303273677825928,0.07303273677825928,0.0,0.0,False,False
"(0, 6, 9)",remainder1800,7.137222222222222,tune,0.09663337469100952,0.09663337469100952,0.0,0.0,False,False
"(0, 6, 11)",exact397,1.0,test,0.1441633105278015,0.1441633105278015,0.0,0.0,True,True
"(0, 6, 12)",exact397,1.0,test,0.1763120293617248,0.1763120293617248,0.0,0.0,True,True
"(0, 6, 17)",remainder1800,7.137222222222222,test,0.04683101177215576,0.04683101177215576,0.0,0.0,False,False
"(0, 6, 29)",remainder1800,7.137222222222222,tune,0.09568345546722412,0.09568345546722412,0.0,0.0,False,False
"(0, 6, 33)",exact397,1.0,tune,0.1611581444740295,0.1611581444740296,0.0,0.0,True,True
"(0, 7, 37)",remainder1800,7.137222222222222,tune,0.04464155435562134,0.04464155435562134,0.0,0.0,False,False
"(0, 7, 40)",remainder1800,7.137222222222222,test,0.05138254165649414,0.05138254165649414,0.010428071022033691,0.0,False,False
"(0, 7, 43)",remainder1800,7.137222222222222,tune,0.04785388708114624,0.04785388708114624,0.0,0.0,False,False
"(0, 8, 14)",remainder1800,7.137222222222222,tune,0.04265075922012329,0.04265075922012329,0.0,0.0,False,False
"(0, 8, 22)",remainder1800,7.137222222222222,tune,0.060963451862335205,0.060963451862335205,0.0,0.0,False,False
"(0, 8, 27)",remainder1800,7.137222222222222,test,0.05408197641372681,0.05408197641372681,0.0003581340502008534,0.0,False,False
"(0, 8, 42)",remainder1800,7.137222222222222,tune,0.06604576110839844,0.06604576110839844,0.0,0.0,False,False
"(0, 9, 10)",exact397,1.0,test,0.0568886399269104,0.0568886399269104,0.0026200053936835666,0.0011639728846135622,False,False
"(0, 9, 14)",exact397,1.0,tune,0.0469090938568115,0.046909093856811496,0.0,0.0,False,False
"(0, 9, 15)",exact397,1.0,test,0.0502968430519104,0.0502968430519104,0.0,8.877858760800161e-05,False,False
"(0, 9, 19)",remainder1800,7.137222222222222,test,0.07018572092056274,0.07018572092056274,0.0013790545379873675,0.0009480702969303367,False,False
"(0, 9, 22)",remainder1800,7.137222222222222,test,0.08294433355331421,0.08294433355331421,0.0017768144607543945,0.0,False,False
"(0, 9, 26)",remainder1800,7.137222222222222,tune,0.08575224876403809,0.08575224876403809,0.0,0.0,False,False
"(0, 9, 32)",remainder1800,7.137222222222222,tune,0.08349984884262085,0.08349984884262085,0.0,0.0,False,False
"(0, 10, 11)",remainder1800,7.137222222222222,test,0.04892277717590332,0.04892277717590332,0.0032755055544433365,0.0011639728846134512,False,False
"(0, 10, 12)",exact397,1.0,test,0.1277672052383422,0.12776720523834229,0.0021594749449569406,0.0011639728846135622,True,True
"(0, 10, 13)",exact397,1.0,test,0.1634071469306945,0.16340714693069464,0.0029342307483477548,0.0011639728846135622,True,True
"(0, 10, 14)",exact397,1.0,tune,0.2397216558456421,0.23972165584564215,0.002131537827324892,0.0011639728846135622,True,True
"(0, 10, 15)",exact397,1.0,tune,0.1442674994468689,0.14426749944686895,0.0023914964548639173,0.0011639728846135622,True,True
"(0, 10, 19)",exact397,1.0,tune,0.4243054389953613,0.42430543899536133,0.0018370661976255809,0.0011639728846135622,True,True
"(0, 10, 20)",exact397,1.0,tune,0.3322914838790893,0.33229148387908936,0.0015117918572553624,0.0011639728846135622,True,True
"(0, 10, 21)",remainder1800,7.137222222222222,tune,0.05688822269439697,0.05688822269439697,0.0024299121642560317,0.0011639728846134512,False,False
"(0, 10, 23)",remainder1800,7.137222222222222,test,0.01901775598526001,0.01901775598526001,0.04482674598693848,0.0011639728846134512,False,False
"(0, 10, 31)",exact397,1.0,tune,0.1470221281051635,0.14702212810516363,0.0026950743175684355,0.0011639728846135622,True,True
"(0, 10, 32)",exact397,1.0,tune,0.1484266519546508,0.14842665195465093,0.0029375835765371727,0.0011639728846135622,True,True
"(0, 10, 34)",remainder1800,7.137222222222222,tune,0.04471820592880249,0.04471820592880249,0.0035156455931618646,0.0011639728846134512,False,False
"(0, 10, 35)",exact397,1.0,tune,0.0447182059288024,0.04471820592880249,0.0035156455931617536,0.0011639728846135622,False,False
"(0, 10, 39)",exact397,1.0,test,0.1310500502586364,0.13105005025863653,0.002467853247919205,0.0011639728846135622,True,True
"(0, 11, 16)",exact397,1.0,test,0.0893214344978332,0.08932143449783331,0.0,0.0,False,False
"(0, 11, 23)",remainder1800,7.137222222222222,tune,0.020083189010620117,0.020083189010620117,0.013209283351898193,0.0,False,False
"(0, 11, 24)",remainder1800,7.137222222222222,test,0.13673406839370728,0.13673406839370728,0.0,0.0,True,True
"(0, 11, 25)",remainder1800,7.137222222222222,tune,0.035574257373809814,0.035574257373809814,0.0,0.0,False,False
"(0, 11, 27)",remainder1800,7.137222222222222,test,0.07470047473907471,0.07470047473907471,0.0,0.0,False,False
"(0, 11, 31)",exact397,1.0,tune,0.1541998982429504,0.15419989824295038,0.0,0.0,True,True
"(0, 11, 32)",exact397,1.0,tune,0.1548994779586792,0.1548994779586792,0.0,0.0,True,True
"(0, 11, 33)",exact397,1.0,tune,0.1540014743804931,0.15400147438049322,0.0,0.0,True,True
"(0, 11, 36)",remainder1800,7.137222222222222,test,0.06285130977630615,0.06285130977630615,0.0,0.0,False,False
"(0, 11, 37)",remainder1800,7.137222222222222,test,0.0939490795135498,0.0939490795135498,0.0,0.0,False,False
"(0, 12, 13)",remainder1800,7.137222222222222,tune,0.11863547563552856,0.11863547563552856,0.0,0.0,True,True
"(0, 12, 18)",remainder1800,7.137222222222222,tune,0.09976440668106079,0.09976440668106079,0.0,0.0,False,False
"(0, 12, 29)",remainder1800,7.137222222222222,tune,0.06386739015579224,0.06386739015579224,0.0,0.0,False,False
"(0, 12, 30)",remainder1800,7.137222222222222,test,0.05186021327972412,0.05186021327972412,0.0,0.0,False,False
"(0, 12, 33)",exact397,1.0,test,0.1651005148887634,0.16510051488876337,0.0,0.0,True,True
"(0, 12, 43)",remainder1800,7.137222222222222,tune,0.04769974946975708,0.04769974946975708,0.0,0.0,False,False
"(0, 13, 14)",exact397,1.0,test,0.1306791305541992,0.13067913055419927,0.0,0.0,True,True
"(0, 13, 15)",remainder1800,7.137222222222222,tune,0.08673447370529175,0.08673447370529175,0.0,0.0,False,False
"(0, 13, 16)",remainder1800,7.137222222222222,tune,0.05373746156692505,0.05373746156692505,0.0,0.0,False,False
"(0, 13, 17)",remainder1800,7.137222222222222,tune,0.0574418306350708,0.0574418306350708,0.0,0.0,False,False
"(0, 13, 30)",remainder1800,7.137222222222222,tune,0.0836603045463562,0.0836603045463562,0.0,0.0,False,False
"(0, 13, 33)",exact397,1.0,test,0.1134198904037475,0.11341989040374756,0.0,0.0,True,True
"(0, 13, 35)",remainder1800,7.137222222222222,tune,0.044125914573669434,0.044125914573669434,0.0,0.0,False,False
"(0, 13, 42)",exact397,1.0,tune,0.1539450883865356,0.1539450883865357,0.0,0.0,True,True
"(0, 13, 43)",exact397,1.0,test,0.059809386730194,0.05980938673019415,0.0,0.0,False,False
"(0, 14, 18)",remainder1800,7.137222222222222,tune,0.04041081666946411,0.04041081666946411,0.0,0.0,False,False
"(0, 14, 19)",remainder1800,7.137222222222222,test,0.13971495628356934,0.13971495628356934,0.000975910303033789,0.0010864273854730433,True,True
"(0, 14, 27)",remainder1800,7.137222222222222,tune,0.05545908212661743,0.05545908212661743,0.0,0.0,False,False
"(0, 14, 30)",remainder1800,7.137222222222222,tune,0.08629250526428223,0.08629250526428223,0.012294831564418351,0.0,False,False
"(0, 14, 31)",exact397,1.0,tune,0.1573067903518676,0.15730679035186773,0.0,0.0,True,True
"(0, 14, 32)",exact397,1.0,test,0.1572872400283813,0.15728724002838135,0.0,0.0,True,True
"(0, 14, 33)",exact397,1.0,test,0.1478461623191833,0.1478461623191834,0.0,0.0,True,True
"(0, 14, 36)",exact397,1.0,tune,0.0451546907424926,0.04515469074249259,0.0,0.0,False,False
"(0, 14, 38)",exact397,1.0,tune,0.0704625844955444,0.07046258449554443,0.0015537142753601074,0.0,False,False
"(0, 15, 16)",remainder1800,7.137222222222222,tune,0.050359368324279785,0.050359368324279785,0.0018727779388427734,0.0,False,False
"(0, 15, 27)",remainder1800,7.137222222222222,tune,0.04331165552139282,0.04331165552139282,0.0,0.0,False,False
"(0, 16, 17)",remainder1800,7.137222222222222,tune,0.053578853607177734,0.053578853607177734,0.0,0.0,False,False
"(0, 16, 18)",exact397,1.0,tune,0.0781598687171936,0.07815986871719363,0.0,0.0,False,False
"(0, 16, 21)",remainder1800,7.137222222222222,test,0.05198967456817627,0.05198967456817627,0.0012843608856201172,0.0,False,False
"(0, 16, 32)",remainder1800,7.137222222222222,test,0.11462092399597168,0.11462092399597168,0.0,0.0,True,True
"(0, 16, 33)",remainder1800,7.137222222222222,test,0.12326693534851074,0.12326693534851074,0.0,0.0,True,True
"(0, 17, 18)",remainder1800,7.137222222222222,tune,0.04818534851074219,0.04818534851074219,0.0,0.0,False,False
"(0, 18, 37)",remainder1800,7.137222222222222,tune,0.06364637613296509,0.06364637613296509,0.0,0.0,False,False
"(0, 18, 41)",remainder1800,7.137222222222222,tune,0.0062302350997924805,0.0062302350997924805,0.04576760530471802,0.0,False,False
"(0, 19, 28)",remainder1800,7.137222222222222,tune,0.07579398155212402,0.07579398155212402,0.005458831787109375,0.0009480702969303367,False,False
"(0, 19, 37)",remainder1800,7.137222222222222,test,0.04953813552856445,0.04953813552856445,0.001434265384363198,0.0009480702969303367,False,False
"(0, 20, 27)",remainder1800,7.137222222222222,test,0.04958212375640869,0.04958212375640869,0.0011365072784259578,0.00010808456965594182,False,False
"(0, 20, 28)",exact397,1.0,tune,0.0755550861358642,0.0755550861358642,0.011517167091369629,0.00010808456965594182,False,False
"(0, 20, 42)",remainder1800,7.137222222222222,tune,0.04153555631637573,0.04153555631637573,0.0005912146958588771,0.0005018189364848213,False,False
"(0, 21, 35)",exact397,1.0,test,0.0416887998580932,0.04168879985809329,0.0,0.0,False,False
"(0, 22, 33)",exact397,1.0,test,0.1417421698570251,0.1417421698570252,0.002161264419555581,0.0,True,True
"(0, 22, 38)",remainder1800,7.137222222222222,tune,0.04426836967468262,0.04426836967468262,0.007032930850982666,0.0,False,False
"(0, 23, 27)",remainder1800,7.137222222222222,test,0.03601634502410889,0.03601634502410889,0.02174973487854004,0.0,False,False
"(0, 23, 29)",remainder1800,7.137222222222222,tune,0.02609807252883911,0.02609807252883911,0.0045531392097473145,0.0,False,False
"(0, 23, 35)",remainder1800,7.137222222222222,tune,0.019096195697784424,0.019096195697784424,0.010181546211242676,0.0,False,False
"(0, 23, 43)",remainder1800,7.137222222222222,tune,0.018271684646606445,0.018271684646606445,0.045657217502593994,0.0,False,False
"(0, 24, 30)",remainder1800,7.137222222222222,tune,0.0636831521987915,0.0636831521987915,0.0,0.0,False,False
"(0, 24, 31)",exact397,1.0,test,0.1255571842193603,0.1255571842193603,0.0,0.0,True,True
"(0, 24, 37)",exact397,1.0,tune,0.0872530341148376,0.0872530341148377,0.0,0.0,False,False
"(0, 24, 42)",remainder1800,7.137222222222222,test,0.0639600157737732,0.0639600157737732,0.0,0.0,False,False
"(0, 25, 32)",remainder1800,7.137222222222222,test,0.03353548049926758,0.03353548049926758,0.0,0.0,False,False
"(0, 25, 33)",remainder1800,7.137222222222222,test,0.03723090887069702,0.03723090887069702,0.0,0.0,False,False
"(0, 26, 41)",remainder1800,7.137222222222222,test,0.01520836353302002,0.01520836353302002,0.016833841800689697,0.0,False,False
"(0, 26, 42)",remainder1800,7.137222222222222,tune,0.09208470582962036,0.09208470582962036,0.0,0.0,False,False
"(0, 26, 43)",remainder1800,7.137222222222222,test,0.059553563594818115,0.059553563594818115,0.0,0.0,False,False
"(0, 27, 33)",remainder1800,7.137222222222222,test,0.05008220672607422,0.05008220672607422,0.003153979778289795,0.0,False,False
"(0, 28, 32)",remainder1800,7.137222222222222,test,0.110706627368927,0.110706627368927,0.0,0.0,True,True
"(0, 28, 34)",remainder1800,7.137222222222222,tune,0.03435403108596802,0.03435403108596802,0.015862464904785156,0.0,False,False
"(0, 28, 43)",remainder1800,7.137222222222222,tune,0.0566939115524292,0.0566939115524292,0.010566771030426025,0.0,False,False
"(0, 29, 31)",remainder1800,7.137222222222222,tune,0.06496435403823853,0.06496435403823853,0.030846978572852235,0.03331793734327515,False,False
"(0, 29, 36)",remainder1800,7.137222222222222,tune,0.030870437622070312,0.030870437622070312,0.007257819175720215,0.0,False,False
"(0, 29, 41)",remainder1800,7.137222222222222,tune,0.009407341480255127,0.009407341480255127,0.0024412870407104492,0.0,False,False
"(0, 31, 35)",remainder1800,7.137222222222222,tune,0.06290805339813232,0.06290805339813232,0.0,0.0,False,False
"(0, 31, 38)",remainder1800,7.137222222222222,tune,0.12425762414932251,0.12425762414932251,0.0,0.0,True,True
"(0, 33, 34)",remainder1800,7.137222222222222,test,0.053730309009552,0.053730309009552,0.0,0.0,False,False
"(0, 33, 35)",remainder1800,7.137222222222222,tune,0.053730309009552,0.053730309009552,0.0,0.0,False,False
"(0, 33, 39)",remainder1800,7.137222222222222,test,0.11053013801574707,0.11053013801574707,0.0,0.0,True,True
"(0, 34, 38)",remainder1800,7.137222222222222,test,0.04684734344482422,0.04684734344482422,0.0,0.0,False,False
"(0, 34, 42)",remainder1800,7.137222222222222,tune,0.043481647968292236,0.043481647968292236,0.0,0.0,False,False
"(0, 35, 39)",remainder1800,7.137222222222222,tune,0.0331842303276062,0.0331842303276062,0.0,0.0,False,False
"(0, 36, 41)",remainder1800,7.137222222222222,tune,0.010179996490478516,0.010179996490478516,0.03209739923477173,0.0,False,False
"(0, 36, 42)",remainder1800,7.137222222222222,test,0.043481647968292236,0.043481647968292236,0.0,0.0,False,False
"(0, 38, 39)",exact397,1.0,tune,0.0150692462921142,0.015069246292114258,0.0021433234214782715,0.0,False,False
"(0, 38, 42)",exact397,1.0,test,0.1770395040512085,0.1770395040512085,0.002176344394683727,0.0,True,True
"(0, 39, 40)",exact397,1.0,tune,0.1554203033447265,0.15542030334472656,0.0,0.0,True,True
"(0, 40, 42)",exact397,1.0,tune,0.1748396158218383,0.17483961582183843,0.0004290342330932617,0.0,True,True
"(1, 2, 3)",exact397,1.0,tune,0.125055730342865,0.125055730342865,0.0,0.0,True,True
"(1, 2, 7)",remainder1800,7.137222222222222,tune,0.07298314571380615,0.07298314571380615,0.0,0.00640011085707376,False,False
"(1, 2, 13)",exact397,1.0,test,0.1304301023483276,0.1304301023483277,0.0,0.0,True,True
"(1, 2, 18)",remainder1800,7.137222222222222,test,0.04607611894607544,0.04607611894607544,0.0,0.0,False,False
"(1, 2, 24)",remainder1800,7.137222222222222,tune,0.06469142436981201,0.06469142436981201,0.0,0.0,False,False
"(1, 2, 28)",remainder1800,7.137222222222222,tune,0.04577690362930298,0.04577690362930298,0.0,0.0,False,False
"(1, 2, 30)",exact397,1.0,test,0.0582085251808166,0.05820852518081668,0.005677878856659019,0.0,False,False
"(1, 3, 12)",exact397,1.0,test,0.1285172700881958,0.1285172700881958,0.0,0.0,True,True
"(1, 3, 16)",remainder1800,7.137222222222222,tune,0.05611664056777954,0.05611664056777954,0.0,0.000613396715316572,False,False
"(1, 3, 20)",remainder1800,7.137222222222222,tune,0.06900995969772339,0.06900995969772339,0.0011935061643637557,0.0008542257941630549,False,False
"(1, 3, 22)",remainder1800,7.137222222222222,tune,0.039736151695251465,0.039736151695251465,0.0,0.0,False,False
"(1, 3, 24)",remainder1800,7.137222222222222,tune,0.06865304708480835,0.06865304708480835,0.0,0.0,False,False
"(1, 3, 31)",remainder1800,7.137222222222222,test,0.08936339616775513,0.08936339616775513,0.0,0.0,False,False
"(1, 3, 32)",remainder1800,7.137222222222222,tune,0.09159666299819946,0.09159666299819946,0.0,0.0,False,False
"(1, 3, 33)",remainder1800,7.137222222222222,tune,0.08993160724639893,0.08993160724639893,0.0,0.0,False,False
"(1, 3, 36)",remainder1800,7.137222222222222,tune,0.035050034523010254,0.035050034523010254,0.0,0.0,False,False
"(1, 3, 42)",exact397,1.0,tune,0.1474666595458984,0.1474666595458985,0.0,0.0,True,True
"(1, 4, 9)",exact397,1.0,test,0.1418442130088806,0.14184421300888062,0.0,0.0,True,True
"(1, 4, 10)",remainder1800,7.137222222222222,test,0.07862651348114014,0.07862651348114014,0.0,0.0,False,False
"(1, 4, 18)",exact397,1.0,tune,0.1446799039840698,0.14467990398406982,0.0,0.0,True,True
"(1, 4, 39)",exact397,1.0,tune,0.064355194568634,0.06435519456863398,0.0029770135879516046,0.0,False,False
"(1, 5, 7)",remainder1800,7.137222222222222,test,0.06945192813873291,0.06945192813873291,0.0,0.00640011085707376,False,False
"(1, 5, 15)",remainder1800,7.137222222222222,test,0.08561789989471436,0.08561789989471436,0.006811731979343039,0.0,False,False
"(1, 5, 21)",remainder1800,7.137222222222222,tune,0.052351295948028564,0.052351295948028564,0.0009093880653381348,0.0,False,False
"(1, 5, 23)",remainder1800,7.137222222222222,tune,0.008486807346343994,0.008486807346343994,0.013767540454864502,0.0,False,False
"(1, 5, 40)",remainder1800,7.137222222222222,tune,0.056009769439697266,0.056009769439697266,0.0032263994216918945,0.0,False,False
"(1, 5, 42)",exact397,1.0,test,0.1223428845405578,0.1223428845405578,0.0,0.0,True,True
"(1, 5, 43)",exact397,1.0,tune,0.0687912702560424,0.06879127025604254,0.0,0.0,False,False
"(1, 6, 7)",remainder1800,7.137222222222222,tune,0.08374476432800293,0.08374476432800293,0.0,0.00640011085707376,False,False
"(1, 6, 11)",remainder1800,7.137222222222222,tune,0.06963843107223511,0.06963843107223511,0.0016080710004244825,0.0016638493574012703,False,False
"(1, 6, 13)",remainder1800,7.137222222222222,tune,0.0992082953453064,0.0992082953453064,0.0,0.0,False,False
"(1, 6, 14)",remainder1800,7.137222222222222,tune,0.07854568958282471,0.07854568958282471,0.0,0.0,False,False
"(1, 6, 19)",remainder1800,7.137222222222222,tune,0.07960712909698486,0.07960712909698486,0.0014469185308673138,0.0008198589435191028,False,False
"(1, 6, 24)",remainder1800,7.137222222222222,tune,0.11182647943496704,0.11182647943496704,0.0,0.0,True,True
"(1, 6, 41)",remainder1800,7.137222222222222,tune,0.0058141350746154785,0.0058141350746154785,0.004098832607269287,0.0,False,False
"(1, 6, 42)",remainder1800,7.137222222222222,test,0.07705223560333252,0.07705223560333252,0.0,0.0,False,False
"(1, 7, 11)",exact397,1.0,test,0.1791528463363647,0.17915284633636475,0.0015159758882123953,0.006400110857073815,True,True
"(1, 7, 14)",exact397,1.0,test,0.145749807357788,0.14574980735778809,0.0,0.006400110857073815,True,True
"(1, 7, 15)",remainder1800,7.137222222222222,tune,0.0708809494972229,0.0708809494972229,0.0,0.00640011085707376,False,False
"(1, 7, 17)",remainder1800,7.137222222222222,test,0.13164526224136353,0.13164526224136353,0.0018100812118187481,0.0,True,True
"(1, 7, 19)",exact397,1.0,tune,0.1396825313568115,0.13968253135681152,0.003260549937781798,0.009181734077834514,True,True
"(1, 7, 20)",exact397,1.0,test,0.1371217966079712,0.1371217966079712,0.0010741562304840135,0.011056264411323014,True,True
"(1, 7, 23)",remainder1800,7.137222222222222,test,0.033230602741241455,0.026830491884167695,0.03859269618988037,0.00640011085707376,False,False
"(1, 7, 40)",remainder1800,7.137222222222222,tune,0.042733609676361084,0.039224445819854736,0.010589778423309326,0.00640011085707376,False,False
"(1, 8, 14)",remainder1800,7.137222222222222,test,0.0538291335105896,0.0538291335105896,0.0,0.0017589919160575507,False,False
"(1, 8, 18)",remainder1800,7.137222222222222,test,0.03420555591583252,0.03420555591583252,0.002004563808441162,0.0,False,False
"(1, 8, 19)",remainder1800,7.137222222222222,tune,0.04384499788284302,0.04384499788284302,0.001236435805854308,0.0008198589435191028,False,False
"(1, 8, 20)",remainder1800,7.137222222222222,tune,0.045409560203552246,0.045409560203552246,0.001459989639935766,0.0008542257941630549,False,False
"(1, 8, 30)",remainder1800,7.137222222222222,tune,0.028976500034332275,0.028976500034332275,0.010258853435516357,0.004919852884096992,False,False
"(1, 8, 32)",remainder1800,7.137222222222222,tune,0.034634172916412354,0.034634172916412354,0.00022286176681518555,0.0,False,False
"(1, 9, 10)",exact397,1.0,tune,0.1331071853637695,0.13310718536376953,0.0,0.0,True,True
"(1, 9, 20)",remainder1800,7.137222222222222,tune,0.037409424781799316,0.037409424781799316,0.0010888638037042098,0.0008542257941630549,False,False
"(1, 9, 22)",remainder1800,7.137222222222222,tune,0.038175225257873535,0.038175225257873535,0.0,0.0,False,False
"(1, 9, 25)",remainder1800,7.137222222222222,tune,0.019980311393737793,0.019980311393737793,0.0,0.0,False,False
"(1, 9, 28)",remainder1800,7.137222222222222,test,0.034669458866119385,0.034669458866119385,0.0,0.0,False,False
"(1, 9, 29)",remainder1800,7.137222222222222,tune,0.09966784715652466,0.09966784715652466,0.02073175509720543,0.015552507078073319,False,False
"(1, 9, 35)",remainder1800,7.137222222222222,test,0.027230441570281982,0.027230441570281982,0.0,6.929408817210603e-05,False,False
"(1, 9, 38)",remainder1800,7.137222222222222,test,0.07282978296279907,0.07282978296279907,0.0005810822648414371,0.0020954141587925523,False,False
"(1, 10, 17)",remainder1800,7.137222222222222,test,0.05353516340255737,0.05353516340255737,0.0,0.0,False,False
"(1, 10, 18)",exact397,1.0,tune,0.1528741121292114,0.15287411212921143,0.0,0.0,True,True
"(1, 10, 20)",remainder1800,7.137222222222222,tune,0.07441717386245728,0.07441717386245728,0.001185430214166061,0.0008542257941630549,False,False
"(1, 10, 37)",remainder1800,7.137222222222222,tune,0.0692298412322998,0.0692298412322998,0.0007961392402648926,0.0,False,False
"(1, 11, 12)",remainder1800,7.137222222222222,test,0.06684213876724243,0.06684213876724243,0.0019808650992546584,0.0016638493574012703,False,False
"(1, 11, 14)",exact397,1.0,tune,0.1740038394927978,0.17400383949279785,0.0012198682533829386,0.0016638493574011592,True,True
"(1, 11, 17)",exact397,1.0,tune,0.177570104598999,0.17757010459899902,0.002031225825851579,0.0016638493574011592,True,True
"(1, 11, 18)",remainder1800,7.137222222222222,test,0.10376560688018799,0.10376560688018799,0.001881002010423738,0.0016638493574012703,True,True
"(1, 11, 19)",exact397,1.0,tune,0.4547143578529358,0.4547143578529358,0.0019387567303930098,0.0012557805704894731,True,True
"(1, 11, 20)",exact397,1.0,test,0.3614066243171692,0.3614066243171692,0.0012401257479648375,0.0012557805704894731,True,True
"(1, 11, 22)",remainder1800,7.137222222222222,test,0.06124234199523926,0.06124234199523926,0.001989794225245811,0.0016638493574012703,False,False
"(1, 11, 26)",exact397,1.0,tune,0.0643327832221984,0.06433278322219849,0.0020765534424650456,0.0016638493574011592,False,False
"(1, 11, 39)",remainder1800,7.137222222222222,test,0.12258219718933105,0.12258219718933105,0.003102464874151889,0.0016638493574012703,True,True
"(1, 11, 40)",exact397,1.0,tune,0.1617283821105957,0.1617283821105957,0.0037183634792632425,0.0016638493574011592,True,True
"(1, 12, 13)",exact397,1.0,tune,0.1327561140060424,0.13275611400604248,0.0,0.0,True,True
"(1, 12, 15)",remainder1800,7.137222222222222,test,0.07471531629562378,0.07471531629562378,0.0004395644049992875,0.002603157753651608,False,False
"(1, 12, 16)",remainder1800,7.137222222222222,tune,0.049310147762298584,0.049310147762298584,0.0,0.000613396715316572,False,False
"(1, 12, 20)",remainder1800,7.137222222222222,test,0.05835533142089844,0.05835533142089844,0.000854079986323919,0.0008542257941630549,False,False
"(1, 12, 22)",remainder1800,7.137222222222222,test,0.04962354898452759,0.04962354898452759,0.0,0.0,False,False
"(1, 12, 24)",remainder1800,7.137222222222222,tune,0.07343310117721558,0.07343310117721558,0.0,0.0,False,False
"(1, 12, 29)",remainder1800,7.137222222222222,tune,0.0765676498413086,0.07218809303102702,0.0,0.004379556810281571,False,False
"(1, 12, 35)",remainder1800,7.137222222222222,tune,0.06966054439544678,0.06966054439544678,0.0,0.0,False,False
"(1, 12, 40)",remainder1800,7.137222222222222,tune,0.05763506889343262,0.05763506889343262,0.0018407106399536133,0.0,False,False
"(1, 13, 17)",remainder1800,7.137222222222222,tune,0.06307125091552734,0.06307125091552734,0.0,0.0,False,False
"(1, 13, 29)",remainder1800,7.137222222222222,test,0.10406678915023804,0.10406678915023804,0.0,0.0,True,True
"(1, 13, 42)",exact397,1.0,tune,0.1416866183280944,0.14168661832809454,0.0,0.0,True,True
"(1, 14, 17)",exact397,1.0,test,0.158487856388092,0.15848785638809204,0.0,0.0,True,True
"(1, 14, 18)",remainder1800,7.137222222222222,tune,0.06848067045211792,0.06848067045211792,0.000991523265838623,0.0,False,False
"(1, 14, 27)",remainder1800,7.137222222222222,tune,0.06228405237197876,0.06228405237197876,0.0,0.0,False,False
"(1, 14, 42)",remainder1800,7.137222222222222,tune,0.07971400022506714,0.07971400022506714,0.0,0.0,False,False
"(1, 15, 17)",remainder1800,7.137222222222222,tune,0.07664912939071655,0.07569618583231641,0.0,0.0009529435584001433,False,False
"(1, 15, 20)",remainder1800,7.137222222222222,test,0.0946003794670105,0.0946003794670105,0.0017685813196449685,0.0008542257941630549,False,False
"(1, 15, 21)",remainder1800,7.137222222222222,tune,0.05068773031234741,0.05068773031234741,0.0009856224060058594,0.002603157753651608,False,False
"(1, 15, 28)",remainder1800,7.137222222222222,tune,0.0509219765663147,0.0509219765663147,0.00451456059416061,0.002603157753651608,False,False
"(1, 15, 31)",remainder1800,7.137222222222222,tune,0.11787164211273193,0.11787164211273193,0.0,0.0,True,True
"(1, 15, 42)",exact397,1.0,tune,0.1301615238189697,0.13016152381896967,0.004582691749729917,0.0026031577536516637,True,True
"(1, 16, 31)",remainder1800,7.137222222222222,test,0.05468893051147461,0.05468893051147461,0.0010006427764892578,0.0001679116002653025,False,False
"(1, 16, 42)",remainder1800,7.137222222222222,tune,0.06291133165359497,0.06291133165359497,0.0,0.000613396715316572,False,False
"(1, 16, 43)",remainder1800,7.137222222222222,test,0.04314398765563965,0.04314398765563965,0.0,0.000613396715316572,False,False
"(1, 17, 19)",exact397,1.0,test,0.141340970993042,0.141340970993042,0.002140052726665842,0.0008198589435189918,True,True
"(1, 17, 20)",exact397,1.0,tune,0.1421712636947631,0.14217126369476318,0.001405820336728425,0.0008542257941630549,True,True
"(1, 17, 24)",remainder1800,7.137222222222222,tune,0.06256163120269775,0.06256163120269775,0.0,0.0,False,False
"(1, 17, 26)",remainder1800,7.137222222222222,test,0.05691784620285034,0.05691784620285034,0.0,0.0,False,False
"(1, 17, 33)",remainder1800,7.137222222222222,tune,0.04340863227844238,0.04340863227844238,0.0,0.0,False,False
"(1, 17, 35)",remainder1800,7.137222222222222,tune,0.05647391080856323,0.05647391080856323,0.007364392280578613,0.0,False,False
"(1, 17, 42)",remainder1800,7.137222222222222,tune,0.08192020654678345,0.08192020654678345,0.0,0.0,False,False
"(1, 17, 43)",remainder1800,7.137222222222222,test,0.07850855588912964,0.07850855588912964,0.0,0.0,False,False
"(1, 18, 32)",remainder1800,7.137222222222222,tune,0.07829475402832031,0.07829475402832031,0.0023565292358398438,0.0,False,False
"(1, 18, 33)",remainder1800,7.137222222222222,test,0.07271307706832886,0.07271307706832886,0.0,0.0,False,False
"(1, 18, 36)",remainder1800,7.137222222222222,test,0.02902621030807495,0.02902621030807495,0.006672561168670654,6.929408817210603e-05,False,False
"(1, 18, 40)",remainder1800,7.137222222222222,tune,0.13304471969604492,0.13304471969604492,0.0,0.0,True,True
"(1, 18, 41)",remainder1800,7.137222222222222,test,0.005762577056884766,0.005762577056884766,0.0040624141693115234,0.0,False,False
"(1, 19, 40)",exact397,1.0,test,0.1286011338233947,0.12860113382339478,0.0025557417124255633,0.0008198589435189918,True,True
"(1, 20, 25)",remainder1800,7.137222222222222,tune,0.02506721019744873,0.02506721019744873,0.001512664339230918,0.0008542257941630549,False,False
"(1, 20, 33)",remainder1800,7.137222222222222,tune,0.05214405059814453,0.05214405059814453,0.015440642833709717,0.0008542257941630549,False,False
"(1, 21, 26)",remainder1800,7.137222222222222,test,0.04930335283279419,0.04930335283279419,0.006002664566040039,0.0,False,False
"(1, 21, 29)",remainder1800,7.137222222222222,tune,0.053017497062683105,0.053017497062683105,0.00983548208999141,0.015552507078073319,False,False
"(1, 21, 31)",remainder1800,7.137222222222222,tune,0.04289114475250244,0.04289114475250244,0.002454698085784912,0.0,False,False
"(1, 21, 33)",remainder1800,7.137222222222222,tune,0.049072086811065674,0.049072086811065674,0.0016291083087855984,0.0,False,False
"(1, 21, 34)",remainder1800,7.137222222222222,tune,0.04295992851257324,0.04295992851257324,0.005343317985534668,6.929408817210603e-05,False,False
"(1, 21, 35)",exact397,1.0,tune,0.0429599285125732,0.04295992851257319,0.005343317985534668,6.929408817210603e-05,False,False
"(1, 21, 36)",remainder1800,7.137222222222222,tune,0.04295992851257324,0.04295992851257324,0.005343317985534668,6.929408817210603e-05,False,False
"(1, 21, 42)",remainder1800,7.137222222222222,test,0.10548138618469238,0.10548138618469238,0.0,0.0,True,True
"(1, 22, 24)",remainder1800,7.137222222222222,tune,0.057873666286468506,0.057873666286468506,0.0024707913398742676,0.0,False,False
"(1, 22, 30)",remainder1800,7.137222222222222,tune,0.05337655544281006,0.05337655544281006,0.0055956244468688965,0.010789488382805495,False,False
"(1, 22, 40)",remainder1800,7.137222222222222,tune,0.062475383281707764,0.062475383281707764,0.00024056434631347656,0.0,False,False
"(1, 23, 29)",remainder1800,7.137222222222222,test,0.01831132173538208,0.01831132173538208,0.011892781012779297,0.015552507078073319,False,False
"(1, 23, 36)",remainder1800,7.137222222222222,tune,0.015030145645141602,0.015030145645141602,0.013820886611938477,6.929408817210603e-05,False,False
"(1, 23, 42)",remainder1800,7.137222222222222,tune,0.017899036407470703,0.017899036407470703,0.013140976428985596,0.0,False,False
"(1, 23, 43)",remainder1800,7.137222222222222,tune,0.0370824933052063,0.0370824933052063,0.026053249835968018,0.0,False,False
"(1, 24, 28)",remainder1800,7.137222222222222,test,0.06139397621154785,0.06139397621154785,0.004142403602600098,0.0,False,False
"(1, 24, 35)",remainder1800,7.137222222222222,test,0.042703330516815186,0.042703330516815186,0.009979963302612305,0.0,False,False
"(1, 24, 40)",remainder1800,7.137222222222222,tune,0.07091277837753296,0.07091277837753296,0.0,0.0,False,False
"(1, 25, 27)",remainder1800,7.137222222222222,test,0.027836263179779053,0.027836263179779053,0.0,0.0,False,False
"(1, 25, 28)",remainder1800,7.137222222222222,tune,0.032999634742736816,0.032999634742736816,0.0,0.004498479765018798,False,False
"(1, 25, 30)",exact397,1.0,tune,0.0384133458137512,0.0334934929296542,0.005674336977471078,0.007660244532097488,False,False
"(1, 25, 35)",remainder1800,7.137222222222222,test,0.046908020973205566,0.046908020973205566,0.0,0.0,False,False
"(1, 25, 36)",remainder1800,7.137222222222222,tune,0.046908020973205566,0.046908020973205566,0.0,0.0,False,False
"(1, 25, 39)",remainder1800,7.137222222222222,test,0.03359860181808472,0.03359860181808472,0.0032960176467895508,0.0,False,False
"(1, 26, 31)",remainder1800,7.137222222222222,test,0.05386894941329956,0.05386894941329956,0.0,0.0,False,False
"(1, 26, 35)",remainder1800,7.137222222222222,test,0.03874027729034424,0.03874027729034424,0.007285356521606445,6.929408817210603e-05,False,False
"(1, 27, 29)",remainder1800,7.137222222222222,tune,0.05591517686843872,0.05591517686843872,0.008541898839178996,0.015552507078073319,False,False
"(1, 27, 36)",remainder1800,7.137222222222222,tune,0.044014573097229004,0.044014573097229004,0.0010442733764648438,6.929408817210603e-05,False,False
"(1, 28, 39)",remainder1800,7.137222222222222,tune,0.037227094173431396,0.037227094173431396,0.0170290470123291,0.0,False,False
"(1, 29, 33)",exact397,1.0,tune,0.1276763081550598,0.12767630815505987,0.030138236693953546,0.03573474658864906,True,True
"(1, 29, 38)",exact397,1.0,tune,0.1440215110778808,0.1440215110778809,0.006959093567819652,0.0020954141587924413,True,True
"(1, 30, 32)",remainder1800,7.137222222222222,test,0.11572563648223877,0.11572563648223877,0.0,0.0,True,True
"(1, 31, 32)",remainder1800,7.137222222222222,test,0.009835779666900635,0.009835779666900635,0.0013371706008911133,0.0,False,False
"(1, 31, 39)",remainder1800,7.137222222222222,test,0.10309809446334839,0.10309809446334839,0.0,0.0,True,True
"(1, 32, 33)",remainder1800,7.137222222222222,tune,0.027024924755096436,0.027024924755096436,0.0014256834983825684,0.0,False,False
"(1, 32, 39)",remainder1800,7.137222222222222,tune,0.10178202390670776,0.10178202390670776,0.0,0.0,True,True
"(1, 32, 40)",remainder1800,7.137222222222222,tune,0.10995107889175415,0.10995107889175415,0.0002963542938232422,0.0,True,True
"(1, 33, 35)",remainder1800,7.137222222222222,tune,0.038529396057128906,0.038529396057128906,0.0006430149078369141,0.0,False,False
"(1, 33, 41)",remainder1800,7.137222222222222,tune,0.01399165391921997,0.01399165391921997,0.00467294454574585,0.0,False,False
"(1, 34, 38)",remainder1800,7.137222222222222,test,0.035366952419281006,0.035366952419281006,0.0015621185302734375,0.0020954141587925523,False,False
"(1, 34, 41)",remainder1800,7.137222222222222,tune,0.004830896854400635,0.004830896854400635,0.01816260814666748,6.929408817210603e-05,False,False
"(1, 36, 39)",remainder1800,7.137222222222222,test,0.035935401916503906,0.035935401916503906,0.007216453552246094,0.0,False,False
"(1, 37, 40)",remainder1800,7.137222222222222,test,0.0634658932685852,0.0634658932685852,0.0067639946937561035,0.0,False,False
"(1, 37, 42)",remainder1800,7.137222222222222,test,0.06501954793930054,0.06501954793930054,0.0027818679809570312,0.0,False,False
"(1, 38, 42)",exact397,1.0,tune,0.1788983941078186,0.17889839410781866,0.0,0.0012017617196752317,True,True
"(1, 39, 40)",exact397,1.0,test,0.1554701924324035,0.15547019243240356,0.0,0.0,True,True
"(1, 39, 42)",exact397,1.0,test,0.1791501641273498,0.17915016412734985,0.0,0.0,True,True
"(1, 40, 42)",exact397,1.0,tune,0.1913630366325378,0.19136303663253784,0.0,0.0,True,True
"(1, 40, 43)",remainder1800,7.137222222222222,tune,0.07526516914367676,0.07526516914367676,0.0,0.0,False,False
"(2, 3, 12)",exact397,1.0,test,0.202400803565979,0.20240080356597906,0.0,0.0,True,True
"(2, 3, 16)",remainder1800,7.137222222222222,tune,0.06821149587631226,0.06821149587631226,0.0,0.0,False,False
"(2, 3, 19)",exact397,1.0,test,0.1264814734458923,0.1264814734458924,0.0017540695868315526,0.001559579630929564,True,True
"(2, 3, 23)",exact397,1.0,tune,0.0338373184204101,0.0338373184204101,0.040864765644073486,0.001255351396964588,False,False
"(2, 3, 24)",remainder1800,7.137222222222222,tune,0.07891929149627686,0.07891929149627686,0.0,0.0,False,False
"(2, 3, 25)",remainder1800,7.137222222222222,test,0.07665956020355225,0.07665956020355225,0.0,0.0,False,False
"(2, 3, 32)",remainder1800,7.137222222222222,test,0.15121078491210938,0.15121078491210938,0.0,0.0,True,True
"(2, 3, 36)",remainder1800,7.137222222222222,tune,0.05053216218948364,0.05053216218948364,0.0,0.0,False,False
"(2, 4, 13)",exact397,1.0,tune,0.195802628993988,0.19580262899398804,0.0,0.0,True,True
"(2, 4, 14)",remainder1800,7.137222222222222,tune,0.052114129066467285,0.052114129066467285,0.0014488252015665282,0.0015497510536764958,False,False
"(2, 4, 19)",exact397,1.0,tune,0.0463913679122924,0.04639136791229248,0.0039654776651891765,0.0006525503506905617,False,False
"(2, 4, 20)",remainder1800,7.137222222222222,test,0.04668235778808594,0.04668235778808594,0.0032975077629089355,0.001123460369334195,False,False
"(2, 4, 31)",remainder1800,7.137222222222222,test,0.08579039573669434,0.08579039573669434,0.0,0.0,False,False
"(2, 5, 7)",exact397,1.0,tune,0.0635292530059814,0.06352925300598153,0.0007327541012471794,0.0011203860811674071,False,False
"(2, 5, 18)",remainder1800,7.137222222222222,tune,0.05019158124923706,0.05019158124923706,0.0008760729490956409,0.0,False,False
"(2, 5, 38)",remainder1800,7.137222222222222,test,0.05704993009567261,0.05704993009567261,0.010608196258544922,0.0012774755303747165,False,False
"(2, 6, 10)",exact397,1.0,test,0.1728866100311279,0.17288661003112787,0.0,0.0,True,True
"(2, 6, 13)",remainder1800,7.137222222222222,tune,0.10792577266693115,0.10792577266693115,0.0,0.0,True,True
"(2, 6, 17)",remainder1800,7.137222222222222,test,0.06803113222122192,0.06803113222122192,0.0,0.0,False,False
"(2, 6, 21)",remainder1800,7.137222222222222,tune,0.05978912115097046,0.05978912115097046,0.0,0.013347363204700716,False,False
"(2, 6, 28)",remainder1800,7.137222222222222,tune,0.08189767599105835,0.08189767599105835,0.03731316328048706,0.007712582271296425,False,False
"(2, 6, 32)",remainder1800,7.137222222222222,test,0.1309029459953308,0.1309029459953308,0.0,0.0,True,True
"(2, 6, 34)",remainder1800,7.137222222222222,test,0.06551402807235718,0.06551402807235718,0.0,0.0,False,False
"(2, 6, 41)",exact397,1.0,tune,0.0093224048614501,0.009322404861450195,0.013129949569702204,0.0,False,False
"(2, 7, 12)",exact397,1.0,test,0.1476566791534423,0.14765667915344244,0.0019975900650023304,0.0,True,True
"(2, 7, 17)",remainder1800,7.137222222222222,tune,0.1098446249961853,0.1098446249961853,0.007951940937123592,0.01012871355687528,True,True
"(2, 7, 20)",remainder1800,7.137222222222222,tune,0.09559071063995361,0.09559071063995361,0.0016798152759043283,0.011056264411323014,False,False
"(2, 7, 32)",remainder1800,7.137222222222222,tune,0.05345696210861206,0.05345696210861206,0.0,0.0,False,False
"(2, 7, 37)",remainder1800,7.137222222222222,tune,0.07853782176971436,0.07853782176971436,0.0065299272537231445,0.0,False,False
"(2, 8, 11)",remainder1800,7.137222222222222,tune,0.051172614097595215,0.051172614097595215,0.0,0.0,False,False
"(2, 8, 14)",remainder1800,7.137222222222222,test,0.029178082942962646,0.029178082942962646,0.0013626306307807923,0.0030406705926627753,False,False
"(2, 8, 15)",remainder1800,7.137222222222222,tune,0.02159184217453003,0.02159184217453003,0.0,0.0,False,False
"(2, 8, 20)",remainder1800,7.137222222222222,test,0.0412105917930603,0.0412105917930603,0.00324934720993042,0.000425924663663535,False,False
"(2, 8, 39)",remainder1800,7.137222222222222,tune,0.04253184795379639,0.04253184795379639,0.010851144790649414,0.0,False,False
"(2, 9, 12)",exact397,1.0,tune,0.1897419095039367,0.18974190950393682,0.0029981136322019264,0.0,True,True
"(2, 9, 22)",remainder1800,7.137222222222222,tune,0.028451085090637207,0.028451085090637207,0.0010575056076049805,0.00010618495492437097,False,False
"(2, 9, 31)",remainder1800,7.137222222222222,test,0.08367699384689331,0.08367699384689331,0.0,0.0,False,False
"(2, 9, 32)",remainder1800,7.137222222222222,tune,0.08542996644973755,0.08542996644973755,0.0,0.0,False,False
"(2, 10, 14)",remainder1800,7.137222222222222,tune,0.056790709495544434,0.056790709495544434,0.0,0.0,False,False
"(2, 10, 23)",remainder1800,7.137222222222222,tune,0.020173192024230957,0.020173192024230957,0.04960149526596069,0.0,False,False
"(2, 10, 25)",remainder1800,7.137222222222222,test,0.07117640972137451,0.07117640972137451,0.0,0.0,False,False
"(2, 10, 27)",remainder1800,7.137222222222222,tune,0.08145850896835327,0.08145850896835327,0.0,0.0,False,False
"(2, 10, 29)",remainder1800,7.137222222222222,tune,0.059293150901794434,0.059293150901794434,0.0,0.00017392415183858922,False,False
"(2, 10, 36)",remainder1800,7.137222222222222,test,0.05758410692214966,0.05758410692214966,0.0,0.0,False,False
"(2, 11, 30)",remainder1800,7.137222222222222,tune,0.09516704082489014,0.09516704082489014,0.0,0.0,False,False
"(2, 11, 32)",exact397,1.0,tune,0.1009537577629089,0.10095375776290894,0.0,0.0,True,True
"(2, 11, 35)",remainder1800,7.137222222222222,tune,0.06327003240585327,0.06327003240585327,0.0,0.0,False,False
"(2, 11, 38)",remainder1800,7.137222222222222,tune,0.08119499683380127,0.08119499683380127,0.0003198749568817938,0.0014713770892975653,False,False
"(2, 12, 13)",exact397,1.0,tune,0.2055107355117797,0.20551073551177984,0.0010028481483459473,0.0,True,True
"(2, 12, 14)",remainder1800,7.137222222222222,tune,0.23191142082214355,0.23191142082214355,0.0,0.0,True,True
"(2, 12, 17)",exact397,1.0,tune,0.1499191522598266,0.14991915225982672,0.0009688735008239746,0.0,True,True
"(2, 12, 18)",exact397,1.0,tune,0.187997281551361,0.18799728155136114,3.2186508178599915e-05,0.0,True,True
"(2, 12, 31)",exact397,1.0,tune,0.1726309061050415,0.17263090610504156,0.0012816786766052246,0.0,True,True
"(2, 12, 32)",exact397,1.0,tune,0.1733642816543579,0.17336428165435797,0.0013824105262755237,0.0,True,True
"(2, 12, 38)",exact397,1.0,test,0.2442471385002136,0.24424713850021368,0.00032669569399235154,0.0013723829618935701,True,True
"(2, 12, 40)",exact397,1.0,test,0.1881917119026184,0.1881917119026184,0.0003500580787657581,0.0,True,True
"(2, 12, 42)",remainder1800,7.137222222222222,tune,0.06360083818435669,0.06360083818435669,0.00047838687896728516,0.0,False,False
"(2, 13, 19)",exact397,1.0,tune,0.1304081678390503,0.1304081678390503,0.0019399216358847449,0.001416854986819982,True,True
"(2, 13, 20)",exact397,1.0,test,0.1339938044548034,0.1339938044548034,0.0022237908583798704,0.0016637327465601759,True,True
"(2, 13, 22)",remainder1800,7.137222222222222,test,0.04408621788024902,0.04408621788024902,0.0,0.0,False,False
"(2, 13, 24)",remainder1800,7.137222222222222,tune,0.07983934879302979,0.07983934879302979,0.0,0.0,False,False
"(2, 13, 27)",remainder1800,7.137222222222222,tune,0.04548889398574829,0.04548889398574829,0.005875349044799805,0.008341777529795744,False,False
"(2, 13, 29)",remainder1800,7.137222222222222,tune,0.05382359027862549,0.05382359027862549,0.0,0.0059835549762291,False,False
"(2, 13, 31)",exact397,1.0,tune,0.1484010219573974,0.1484010219573974,0.0,0.0,True,True
"(2, 13, 32)",exact397,1.0,test,0.1475123763084411,0.1475123763084411,0.0,0.0,True,True
"(2, 13, 33)",exact397,1.0,test,0.1463193893432617,0.14631938934326172,0.0,0.0,True,True
"(2, 13, 38)",remainder1800,7.137222222222222,tune,0.06402623653411865,0.06402623653411865,0.0008308437076210984,0.0008067135263274405,False,False
"(2, 14, 31)",remainder1800,7.137222222222222,test,0.04723811149597168,0.04723811149597168,0.0,0.0,False,False
"(2, 14, 34)",remainder1800,7.137222222222222,test,0.050142884254455566,0.050142884254455566,0.0,0.0,False,False
"(2, 14, 43)",remainder1800,7.137222222222222,tune,0.07569247484207153,0.07569247484207153,0.0,0.00148654035145257,False,False
"(2, 15, 16)",remainder1800,7.137222222222222,tune,0.06134474277496338,0.06134474277496338,0.0,0.0019072373498681544,False,False
"(2, 15, 18)",exact397,1.0,test,0.0817463994026184,0.08174639940261846,0.0011761648816926984,0.0,False,False
"(2, 15, 21)",remainder1800,7.137222222222222,tune,0.0255662202835083,0.0255662202835083,0.0,0.0,False,False
"(2, 15, 25)",remainder1800,7.137222222222222,test,0.05966383218765259,0.05966383218765259,0.0015723109245300293,0.0,False,False
"(2, 15, 30)",exact397,1.0,test,0.0505880117416381,0.05058801174163824,0.005149722099304199,0.0,False,False
"(2, 15, 35)",remainder1800,7.137222222222222,tune,0.030855298042297363,0.030855298042297363,0.0,0.0,False,False
"(2, 15, 38)",exact397,1.0,test,0.0563544034957885,0.056354403495788574,0.001016761405701061,0.0015634112394860011,False,False
"(2, 16, 19)",remainder1800,7.137222222222222,tune,0.08878350257873535,0.08878350257873535,0.0026931445340870885,0.0007561723928212194,False,False
"(2, 16, 25)",remainder1800,7.137222222222222,tune,0.08130902051925659,0.08130902051925659,0.0,0.0,False,False
"(2, 16, 29)",remainder1800,7.137222222222222,test,0.0636247992515564,0.0636247992515564,0.0,0.019107131228449536,False,False
"(2, 17, 21)",remainder1800,7.137222222222222,test,0.0489690899848938,0.0489690899848938,0.007810308760030027,0.0010024664113352372,False,False
"(2, 17, 25)",remainder1800,7.137222222222222,tune,0.04095864295959473,0.04095864295959473,0.0,0.0,False,False
"(2, 17, 29)",remainder1800,7.137222222222222,test,0.053586602210998535,0.053586602210998535,0.0,0.0059835549762291,False,False
"(2, 17, 36)",remainder1800,7.137222222222222,test,0.044087350368499756,0.044087350368499756,0.0,0.0,False,False
"(2, 17, 37)",remainder1800,7.137222222222222,tune,0.08229207992553711,0.08229207992553711,0.0,0.0,False,False
"(2, 18, 30)",remainder1800,7.137222222222222,tune,0.059529900550842285,0.059529900550842285,0.004547016338072571,0.0,False,False
"(2, 18, 32)",remainder1800,7.137222222222222,tune,0.1021808385848999,0.1021808385848999,0.002181529998779297,0.0,True,True
"(2, 18, 41)",remainder1800,7.137222222222222,tune,0.011026382446289062,0.011026382446289062,0.007937490940093994,0.0,False,False
"(2, 19, 20)",remainder1800,7.137222222222222,test,0.020784378051757812,0.020784378051757812,0.002548515796661377,0.0006249386410246416,False,False
"(2, 19, 32)",remainder1800,7.137222222222222,tune,0.0672118067741394,0.0672118067741394,0.0018166961123682324,0.0016617240359522167,False,False
"(2, 19, 36)",remainder1800,7.137222222222222,tune,0.062031447887420654,0.062031447887420654,0.0019510846662011971,0.0010534387158838143,False,False
"(2, 19, 41)",exact397,1.0,test,0.0084584355354309,0.008458435535430908,0.02514559030532837,0.000684249201390208,False,False
"(2, 20, 23)",remainder1800,7.137222222222222,tune,0.027129650115966797,0.027129650115966797,0.05947887897491455,0.0019212354613193927,False,False
"(2, 20, 34)",remainder1800,7.137222222222222,tune,0.06117403507232666,0.06117403507232666,0.0016234340798303437,0.0019076886307641816,False,False
"(2, 20, 38)",remainder1800,7.137222222222222,tune,0.10836738348007202,0.10836738348007202,0.005371503326260352,0.0004402322500579592,True,True
"(2, 20, 40)",remainder1800,7.137222222222222,tune,0.04914212226867676,0.04914212226867676,0.0043694376945495605,0.0005551757267789892,False,False
"(2, 22, 23)",remainder1800,7.137222222222222,tune,0.010568797588348389,0.010568797588348389,0.03831470012664795,0.0,False,False
"(2, 22, 24)",remainder1800,7.137222222222222,tune,0.04912066459655762,0.04912066459655762,0.0,0.0,False,False
"(2, 22, 27)",remainder1800,7.137222222222222,test,0.054257750511169434,0.054257750511169434,0.01062840223312378,0.00982670804508505,False,False
"(2, 22, 30)",remainder1800,7.137222222222222,test,0.03487992286682129,0.03487992286682129,0.015287699526238457,0.0,False,False
"(2, 22, 41)",remainder1800,7.137222222222222,test,0.011840522289276123,0.011840522289276123,0.01138007640838623,0.0,False,False
"(2, 23, 25)",remainder1800,7.137222222222222,test,0.02075403928756714,0.02075403928756714,0.04130500555038452,0.0,False,False
"(2, 23, 33)",remainder1800,7.137222222222222,test,0.017127513885498047,0.017127513885498047,0.04880732297897339,0.0,False,False
"(2, 24, 33)",remainder1800,7.137222222222222,test,0.06986218690872192,0.06986218690872192,0.0,0.0,False,False
"(2, 25, 28)",remainder1800,7.137222222222222,tune,0.04857826232910156,0.04857826232910156,0.010959148406982422,0.007048195425431808,False,False
"(2, 25, 32)",remainder1800,7.137222222222222,tune,0.03155398368835449,0.03155398368835449,0.005241036415100098,0.0,False,False
"(2, 26, 29)",remainder1800,7.137222222222222,tune,0.05352926254272461,0.05352926254272461,0.013202965259552002,0.0059835549762291,False,False
"(2, 26, 38)",remainder1800,7.137222222222222,test,0.05694472789764404,0.05694472789764404,0.0009835453618535217,0.0014751644719609436,False,False
"(2, 27, 30)",remainder1800,7.137222222222222,test,0.051348209381103516,0.051348209381103516,0.014332592487335205,0.00982670804508505,False,False
"(2, 27, 31)",remainder1800,7.137222222222222,tune,0.0608404278755188,0.0608404278755188,0.014739198391349378,0.0,False,False
"(2, 27, 33)",remainder1800,7.137222222222222,tune,0.06138068437576294,0.06138068437576294,0.005129098892211914,0.0,False,False
"(2, 27, 35)",remainder1800,7.137222222222222,test,0.05482935905456543,0.05482935905456543,0.011405429900274572,0.00982670804508505,False,False
"(2, 27, 36)",remainder1800,7.137222222222222,test,0.05482935905456543,0.05482935905456543,0.011405429900274572,0.00982670804508505,False,False
"(2, 27, 41)",remainder1800,7.137222222222222,tune,0.011732101440429688,0.011732101440429688,0.023278892040252686,0.00982670804508505,False,False
"(2, 27, 42)",remainder1800,7.137222222222222,test,0.0574040412902832,0.0574040412902832,0.0,0.0,False,False
"(2, 28, 36)",remainder1800,7.137222222222222,test,0.048958778381347656,0.048958778381347656,0.013335160756203834,0.006523248610342425,False,False
"(2, 29, 34)",remainder1800,7.137222222222222,test,0.047147274017333984,0.047147274017333984,0.0040993373211530015,0.0059835549762291,False,False
"(2, 29, 40)",remainder1800,7.137222222222222,tune,0.05040961503982544,0.05040961503982544,0.0045320987701416016,0.0059835549762291,False,False
"(2, 29, 42)",remainder1800,7.137222222222222,tune,0.06916886568069458,0.06916886568069458,0.003971282380209995,0.0059835549762291,False,False
"(2, 30, 33)",exact397,1.0,test,0.0646793246269226,0.06467932462692261,0.0,0.0,False,False
"(2, 31, 32)",remainder1800,7.137222222222222,tune,0.01014941930770874,0.01014941930770874,0.003587186336517334,0.0,False,False
"(2, 31, 37)",remainder1800,7.137222222222222,tune,0.11094391345977783,0.11094391345977783,0.00019210577011108398,0.0,True,True
"(2, 31, 40)",remainder1800,7.137222222222222,tune,0.08758783340454102,0.08758783340454102,0.0005644559860229492,0.0,False,False
"(2, 31, 43)",remainder1800,7.137222222222222,tune,0.09412294626235962,0.09412294626235962,0.0015050768852233887,0.0,False,False
"(2, 33, 40)",exact397,1.0,tune,0.0913184881210327,0.09131848812103271,0.002228140830993597,0.0,False,False
"(2, 34, 36)",remainder1800,7.137222222222222,test,0.004571080207824707,0.004571080207824707,0.0016356706619262695,0.0,False,False
"(2, 34, 42)",remainder1800,7.137222222222222,tune,0.052125632762908936,0.052125632762908936,0.0,0.0,False,False
"(2, 34, 43)",remainder1800,7.137222222222222,test,0.050065040588378906,0.050065040588378906,0.0025247718378662576,0.0,False,False
"(2, 35, 36)",remainder1800,7.137222222222222,test,0.004571080207824707,0.004571080207824707,0.0016356706619262695,0.0,False,False
"(2, 35, 41)",exact397,1.0,test,0.0152454376220703,0.015245437622070299,0.019767343997955322,0.0,False,False
"(2, 35, 43)",remainder1800,7.137222222222222,test,0.050065040588378906,0.050065040588378906,0.0025247718378662576,0.0,False,False
"(2, 36, 41)",remainder1800,7.137222222222222,tune,0.015245437622070312,0.015245437622070312,0.019767343997955322,0.0,False,False
"(2, 38, 43)",remainder1800,7.137222222222222,test,0.073455810546875,0.073455810546875,0.0019624385289874757,0.00023389526667327853,False,False
"(2, 39, 42)",remainder1800,7.137222222222222,tune,0.08182716369628906,0.08182716369628906,0.0,0.0,False,False
"(2, 40, 42)",exact397,1.0,tune,0.0733446478843689,0.07334464788436898,0.0,0.012623517223632585,False,False
"(2, 40, 43)",remainder1800,7.137222222222222,tune,0.07399481534957886,0.07399481534957886,0.0,0.0,False,False
"(2, 41, 42)",remainder1800,7.137222222222222,test,0.007735252380371094,0.007735252380371094,0.01629716157913208,0.0,False,False
"(3, 4, 5)",remainder1800,7.137222222222222,tune,0.04739147424697876,0.04739147424697876,0.0,0.0,False,False
"(3, 4, 8)",remainder1800,7.137222222222222,test,0.0633382797241211,0.0633382797241211,0.0,0.0,False,False
"(3, 4, 14)",remainder1800,7.137222222222222,tune,0.08550155162811279,0.08550155162811279,0.0028337389818703373,0.0015497510536764958,False,False
"(3, 4, 21)",remainder1800,7.137222222222222,test,0.08311730623245239,0.08311730623245239,0.004611968994140625,0.0,False,False
"(3, 4, 25)",remainder1800,7.137222222222222,tune,0.03792917728424072,0.03792917728424072,0.0,0.0,False,False
"(3, 4, 29)",exact397,1.0,tune,0.1912723779678344,0.19127237796783453,0.004236578941345215,0.0004394803897409538,True,True
"(3, 4, 37)",remainder1800,7.137222222222222,tune,0.10177510976791382,0.10177510976791382,0.0,0.0,True,True
"(3, 4, 40)",remainder1800,7.137222222222222,tune,0.07760286331176758,0.07760286331176758,0.0,0.0,False,False
"(3, 5, 15)",remainder1800,7.137222222222222,test,0.09310400485992432,0.09310400485992432,0.0,0.0,False,False
"(3, 5, 26)",remainder1800,7.137222222222222,tune,0.05933922529220581,0.05933922529220581,0.0,0.0,False,False
"(3, 5, 30)",remainder1800,7.137222222222222,tune,0.05334371328353882,0.05334371328353882,0.029104803346057,0.0,False,False
"(3, 6, 8)",remainder1800,7.137222222222222,test,0.06198000907897949,0.06198000907897949,0.0,0.0,False,False
"(3, 6, 16)",exact397,1.0,tune,0.1794164180755615,0.17941641807556152,0.0,0.0,True,True
"(3, 6, 17)",remainder1800,7.137222222222222,tune,0.06999850273132324,0.06999850273132324,0.0,0.0,False,False
"(3, 6, 22)",exact397,1.0,tune,0.0627611279487609,0.06276112794876099,0.0013940930366515836,0.0,False,False
"(3, 6, 24)",remainder1800,7.137222222222222,test,0.09348046779632568,0.09348046779632568,0.0,0.0,False,False
"(3, 6, 25)",remainder1800,7.137222222222222,test,0.03284955024719238,0.03284955024719238,0.007188856601715088,0.0,False,False
"(3, 6, 43)",exact397,1.0,test,0.149026870727539,0.14902687072753912,0.0,0.0,True,True
"(3, 7, 16)",remainder1800,7.137222222222222,test,0.06104081869125366,0.05932484316165337,0.0,0.008974888015497784,False,False
"(3, 7, 18)",remainder1800,7.137222222222222,tune,0.05934858322143555,0.05934858322143555,0.0,0.0009697164187841001,False,False
"(3, 7, 24)",remainder1800,7.137222222222222,test,0.07191121578216553,0.07191121578216553,0.0,0.00030105483531189803,False,False
"(3, 7, 32)",remainder1800,7.137222222222222,tune,0.05536353588104248,0.05536353588104248,0.0013698935508728027,0.0,False,False
"(3, 7, 34)",remainder1800,7.137222222222222,tune,0.04778611660003662,0.04778611660003662,0.0,0.0009697164187841001,False,False
"(3, 7, 39)",exact397,1.0,tune,0.0554307699203491,0.05543076992034912,0.0,0.0,False,False
"(3, 7, 40)",remainder1800,7.137222222222222,tune,0.05104619264602661,0.05104619264602661,0.0004731416702270508,0.0,False,False
"(3, 7, 42)",remainder1800,7.137222222222222,tune,0.07258254289627075,0.07258254289627075,0.003120026330815151,0.0005353465869126217,False,False
"(3, 7, 43)",remainder1800,7.137222222222222,test,0.08764564990997314,0.08764564990997314,0.0,0.0,False,False
"(3, 8, 16)",remainder1800,7.137222222222222,test,0.07159936428070068,0.07159936428070068,0.0,0.00012584348472724494,False,False
"(3, 8, 24)",remainder1800,7.137222222222222,tune,0.044551193714141846,0.044551193714141846,0.0,0.0,False,False
"(3, 8, 25)",remainder1800,7.137222222222222,test,0.02836400270462036,0.02836400270462036,0.003891304321087398,0.0,False,False
"(3, 8, 27)",remainder1800,7.137222222222222,tune,0.032316505908966064,0.032316505908966064,0.010964691638946533,0.0,False,False
"(3, 8, 29)",remainder1800,7.137222222222222,test,0.02753990888595581,0.02753990888595581,0.019461343238494855,0.006134638736389142,False,False
"(3, 8, 30)",remainder1800,7.137222222222222,tune,0.0287630558013916,0.025093344178196877,0.007815239876623054,0.003669711623194724,False,False
"(3, 8, 35)",remainder1800,7.137222222222222,test,0.024411022663116455,0.024411022663116455,0.0,0.0,False,False
"(3, 8, 36)",remainder1800,7.137222222222222,tune,0.024411022663116455,0.024411022663116455,0.0,0.0,False,False
"(3, 8, 38)",remainder1800,7.137222222222222,tune,0.024343252182006836,0.024343252182006836,0.011459052562713623,0.003434258943542101,False,False
"(3, 9, 13)",exact397,1.0,tune,0.180966317653656,0.18096631765365606,0.0,0.0,True,True
"(3, 9, 15)",exact397,1.0,test,0.044737160205841,0.04473716020584101,0.0,0.0,False,False
"(3, 9, 18)",exact397,1.0,tune,0.1890068054199218,0.1890068054199219,0.0,0.0,True,True
"(3, 9, 20)",remainder1800,7.137222222222222,tune,0.05443835258483887,0.05443835258483887,0.0019664790957062417,0.0012046017692960431,False,False
"(3, 9, 21)",remainder1800,7.137222222222222,test,0.04960155487060547,0.04960155487060547,0.0,0.0,False,False
"(3, 9, 24)",remainder1800,7.137222222222222,tune,0.06142139434814453,0.06142139434814453,0.0,0.0,False,False
"(3, 9, 29)",remainder1800,7.137222222222222,tune,0.04457688331604004,0.04457688331604004,0.008739848779663856,0.006134638736389142,False,False
"(3, 9, 39)",remainder1800,7.137222222222222,tune,0.05348348617553711,0.05348348617553711,0.00642770528793335,0.0,False,False
"(3, 9, 42)",remainder1800,7.137222222222222,tune,0.10911089181900024,0.10911089181900024,0.0,0.0022152073996692945,True,True
"(3, 10, 25)",exact397,1.0,tune,0.0441591143608093,0.0441591143608093,0.002187848091125502,0.0,False,False
"(3, 11, 15)",exact397,1.0,test,0.1142969131469726,0.1142969131469726,0.0,0.0,True,True
"(3, 11, 17)",remainder1800,7.137222222222222,test,0.06984663009643555,0.06984663009643555,0.0,0.0,False,False
"(3, 11, 25)",remainder1800,7.137222222222222,tune,0.037011921405792236,0.037011921405792236,0.0,0.0,False,False
"(3, 11, 41)",remainder1800,7.137222222222222,tune,0.008285164833068848,0.008285164833068848,0.005147337913513184,0.0,False,False
"(3, 11, 42)",remainder1800,7.137222222222222,test,0.11123591661453247,0.11123591661453247,0.0,0.0,True,True
"(3, 12, 17)",remainder1800,7.137222222222222,tune,0.08968108892440796,0.08968108892440796,0.0,0.002872550221737713,False,False
"(3, 12, 19)",exact397,1.0,tune,0.1266908645629882,0.12669086456298834,0.0017700789623316115,0.001559579630929564,True,True
"(3, 12, 23)",remainder1800,7.137222222222222,tune,0.04823422431945801,0.04823422431945801,0.017120063304901123,0.001255351396964588,False,False
"(3, 12, 27)",remainder1800,7.137222222222222,tune,0.04835402965545654,0.04835402965545654,0.004284501075744629,0.0,False,False
"(3, 12, 30)",remainder1800,7.137222222222222,test,0.05175071954727173,0.05175071954727173,0.005207356329336138,0.0033528189362238836,False,False
"(3, 12, 41)",remainder1800,7.137222222222222,tune,0.016438007354736328,0.016438007354736328,0.007976114749908447,0.003227436276730389,False,False
"(3, 13, 17)",remainder1800,7.137222222222222,test,0.12781953811645508,0.12781953811645508,0.0,0.0,True,True
"(3, 13, 18)",exact397,1.0,tune,0.1678728461265564,0.16787284612655645,0.0,0.0,True,True
"(3, 13, 38)",exact397,1.0,tune,0.1557943224906921,0.15579432249069214,0.0016333794614515895,0.0008067135263275516,True,True
"(3, 13, 40)",exact397,1.0,test,0.1746661067008972,0.17466610670089722,0.0,0.0,True,True
"(3, 13, 43)",remainder1800,7.137222222222222,tune,0.0729522705078125,0.0729522705078125,0.005119376599721059,0.0,False,False
"(3, 14, 16)",remainder1800,7.137222222222222,test,0.058873772621154785,0.058873772621154785,0.0,0.0,False,False
"(3, 14, 20)",remainder1800,7.137222222222222,test,0.09967446327209473,0.09967446327209473,0.025981931165799832,0.02356722025004332,False,False
"(3, 14, 23)",remainder1800,7.137222222222222,tune,0.018162906169891357,0.01690755477292677,0.055699944496154785,0.001255351396964588,False,False
"(3, 14, 26)",exact397,1.0,test,0.0757868885993957,0.0757868885993957,0.0,0.0,False,False
"(3, 14, 36)",remainder1800,7.137222222222222,tune,0.04462718963623047,0.04462718963623047,0.00364077091217041,0.0,False,False
"(3, 14, 40)",remainder1800,7.137222222222222,tune,0.11790478229522705,0.11790478229522705,0.0,0.0,True,True
"(3, 15, 17)",remainder1800,7.137222222222222,tune,0.03628373146057129,0.03628373146057129,0.0,0.0,False,False
"(3, 15, 19)",remainder1800,7.137222222222222,tune,0.051753878593444824,0.051753878593444824,0.0028580496261952915,0.001258218546945078,False,False
"(3, 15, 21)",remainder1800,7.137222222222222,test,0.03186219930648804,0.03186219930648804,0.0,0.0,False,False
"(3, 15, 24)",remainder1800,7.137222222222222,tune,0.056944072246551514,0.056944072246551514,0.0,0.006864647750479541,False,False
"(3, 15, 31)",remainder1800,7.137222222222222,tune,0.06549811363220215,0.06549811363220215,0.0,0.0,False,False
"(3, 15, 32)",remainder1800,7.137222222222222,test,0.06539589166641235,0.06539589166641235,0.0,0.0,False,False
"(3, 15, 33)",remainder1800,7.137222222222222,tune,0.07019495964050293,0.07019495964050293,0.0,0.0,False,False
"(3, 16, 25)",remainder1800,7.137222222222222,tune,0.045770347118377686,0.045770347118377686,0.0,0.0,False,False
"(3, 16, 27)",remainder1800,7.137222222222222,tune,0.058285653591156006,0.058285653591156006,0.0,0.0,False,False
"(3, 16, 32)",remainder1800,7.137222222222222,tune,0.08591127395629883,0.08591127395629883,0.0,0.0,False,False
"(3, 16, 36)",exact397,1.0,test,0.0600907802581787,0.06009078025817871,0.0,0.0,False,False
"(3, 16, 38)",remainder1800,7.137222222222222,tune,0.08336669206619263,0.08336669206619263,0.0021909594888275263,0.0021645056627462855,False,False
"(3, 17, 18)",remainder1800,7.137222222222222,tune,0.07366490364074707,0.07366490364074707,0.0,0.0,False,False
"(3, 17, 25)",remainder1800,7.137222222222222,tune,0.042180418968200684,0.042180418968200684,5.057787749837561e-05,0.0,False,False
"(3, 17, 26)",remainder1800,7.137222222222222,test,0.04975169897079468,0.04975169897079468,0.0006499290466308594,0.0,False,False
"(3, 17, 30)",remainder1800,7.137222222222222,tune,0.08785122632980347,0.08785122632980347,0.0,0.0010205826517977745,False,False
"(3, 17, 32)",remainder1800,7.137222222222222,test,0.05764651298522949,0.05764651298522949,0.0014837980270385742,0.0,False,False
"(3, 17, 33)",exact397,1.0,test,0.0622919201850891,0.06229192018508911,0.0,0.0,False,False
"(3, 17, 43)",remainder1800,7.137222222222222,test,0.08299851417541504,0.08299851417541504,0.0,0.0,False,False
"(3, 18, 19)",exact397,1.0,tune,0.0590746998786926,0.05907469987869263,0.0022585318121843834,0.001559579630929564,False,False
"(3, 18, 23)",exact397,1.0,tune,0.0445818305015563,0.044581830501556396,0.0,0.004568078917751697,False,False
"(3, 18, 31)",remainder1800,7.137222222222222,test,0.07465994358062744,0.07465994358062744,0.005169510841369629,0.0003173547321384529,False,False
"(3, 19, 26)",remainder1800,7.137222222222222,tune,0.06707513332366943,0.06707513332366943,0.0022681651061357,0.0009053590498747655,False,False
"(3, 19, 29)",remainder1800,7.137222222222222,tune,0.11041265726089478,0.11041265726089478,0.0012119057379545994,0.025480574769097458,True,True
"(3, 19, 36)",remainder1800,7.137222222222222,test,0.03510332107543945,0.03510332107543945,0.001811050024012495,0.0013147237501921483,False,False
"(3, 19, 41)",remainder1800,7.137222222222222,test,0.006798684597015381,0.006798684597015381,0.02016294002532959,0.0009157898627104588,False,False
"(3, 20, 24)",remainder1800,7.137222222222222,tune,0.09421414136886597,0.09421414136886597,0.001662186627236717,0.0012046017692960431,False,False
"(3, 20, 28)",remainder1800,7.137222222222222,test,0.05112636089324951,0.05112636089324951,0.0008874454544461896,0.0012046017692960431,False,False
"(3, 20, 31)",remainder1800,7.137222222222222,test,0.12595385313034058,0.12595385313034058,0.0007789188320957985,0.0012046017692960431,True,True
"(3, 20, 33)",remainder1800,7.137222222222222,tune,0.1139746904373169,0.1139746904373169,0.00044859322028034665,0.0012046017692960431,True,True
"(3, 20, 37)",remainder1800,7.137222222222222,tune,0.08920848369598389,0.08920848369598389,0.011585891246795654,0.0012046017692960431,False,False
"(3, 20, 40)",remainder1800,7.137222222222222,test,0.08800458908081055,0.08800458908081055,0.0017587373603897838,0.0005551757267789892,False,False
"(3, 21, 39)",remainder1800,7.137222222222222,test,0.04163181781768799,0.04163181781768799,0.0024927258491516113,0.0,False,False
"(3, 21, 42)",exact397,1.0,test,0.0672339797019958,0.0672339797019959,0.0050438642501831055,0.0022152073996692945,False,False
"(3, 22, 27)",remainder1800,7.137222222222222,tune,0.02132737636566162,0.02132737636566162,0.006390690803527832,0.0008559734610315561,False,False
"(3, 22, 38)",remainder1800,7.137222222222222,test,0.049817562103271484,0.049817562103271484,0.00191806929486793,0.0008322777805171988,False,False
"(3, 22, 42)",remainder1800,7.137222222222222,test,0.06830662488937378,0.06830662488937378,0.005112206305222744,0.003807509575780313,False,False
"(3, 24, 27)",remainder1800,7.137222222222222,test,0.08134573698043823,0.08134573698043823,0.0,0.0,False,False
"(3, 24, 30)",remainder1800,7.137222222222222,test,0.060102641582489014,0.060102641582489014,0.0,0.0010205826517977745,False,False
"(3, 24, 34)",exact397,1.0,test,0.0615569353103637,0.0615569353103638,0.0,0.0,False,False
"(3, 25, 31)",remainder1800,7.137222222222222,test,0.04437291622161865,0.04437291622161865,0.017503023147583008,0.0,False,False
"(3, 25, 32)",remainder1800,7.137222222222222,tune,0.04134774208068848,0.04134774208068848,0.01775580644607544,0.0,False,False
"(3, 25, 40)",remainder1800,7.137222222222222,tune,0.03810608386993408,0.03810608386993408,0.003983974456787109,0.0,False,False
"(3, 25, 42)",remainder1800,7.137222222222222,tune,0.034586429595947266,0.034586429595947266,0.0,0.003807509575780313,False,False
"(3, 26, 28)",exact397,1.0,test,0.0215606093406677,0.021560609340667697,0.007610162259451297,0.006310329894353095,False,False
"(3, 26, 33)",remainder1800,7.137222222222222,tune,0.056748807430267334,0.056748807430267334,0.0011540055274963379,0.0,False,False
"(3, 26, 39)",remainder1800,7.137222222222222,test,0.052235424518585205,0.052235424518585205,0.0,0.0,False,False
"(3, 27, 43)",remainder1800,7.137222222222222,tune,0.09141480922698975,0.09141480922698975,0.0017428994178771973,0.0,False,False
"(3, 28, 32)",remainder1800,7.137222222222222,tune,0.05065572261810303,0.05065572261810303,0.002596139907836914,0.0,False,False
"(3, 28, 34)",remainder1800,7.137222222222222,tune,0.030509531497955322,0.04940234341291827,0.025229464992608752,0.0028781690863830534,False,False
"(3, 28, 37)",remainder1800,7.137222222222222,test,0.03942680358886719,0.03942680358886719,0.010122060775756836,0.0,False,False
"(3, 28, 41)",remainder1800,7.137222222222222,tune,0.010387539863586426,0.0110895900225767,0.022003736922753703,0.003207600828159053,False,False
"(3, 29, 31)",remainder1800,7.137222222222222,tune,0.10820025205612183,0.10820025205612183,0.03137325584217554,0.03331793734327515,True,True
"(3, 29, 34)",remainder1800,7.137222222222222,tune,0.039398908615112305,0.039398908615112305,0.0041009309087599866,0.006134638736389142,False,False
"(3, 29, 35)",remainder1800,7.137222222222222,tune,0.039398908615112305,0.039398908615112305,0.0041009309087599866,0.006134638736389142,False,False
"(3, 29, 36)",remainder1800,7.137222222222222,tune,0.039398908615112305,0.039398908615112305,0.0041009309087599866,0.006134638736389142,False,False
"(3, 29, 43)",remainder1800,7.137222222222222,tune,0.08442282676696777,0.08442282676696777,0.0009017060090894535,0.005870487884187592,False,False
"(3, 30, 40)",remainder1800,7.137222222222222,tune,0.046456754207611084,0.046456754207611084,0.0,0.0,False,False
"(3, 30, 43)",exact397,1.0,test,0.0731500387191772,0.0731500387191773,0.002448825070494376,0.009316528046809491,False,False
"(3, 31, 40)",exact397,1.0,tune,0.0892802476882934,0.08928024768829346,0.0,0.0,False,False
"(3, 31, 42)",remainder1800,7.137222222222222,tune,0.05833810567855835,0.05833810567855835,0.000588834285736084,0.0,False,False
"(3, 32, 35)",remainder1800,7.137222222222222,test,0.05734109878540039,0.05734109878540039,0.0012873411178588867,0.0,False,False
"(3, 32, 36)",remainder1800,7.137222222222222,tune,0.05734109878540039,0.05734109878540039,0.0012873411178588867,0.0,False,False
"(3, 33, 39)",remainder1800,7.137222222222222,tune,0.10824739933013916,0.10824739933013916,0.0,0.0,True,True
"(3, 33, 43)",exact397,1.0,tune,0.1508467197418213,0.15084671974182134,0.0,0.0,True,True
"(3, 34, 35)",remainder1800,7.137222222222222,test,0.002220630645751953,0.002220630645751953,0.002921581268310547,0.0,False,False
"(3, 34, 37)",remainder1800,7.137222222222222,test,0.052218079566955566,0.052218079566955566,0.0,0.0,False,False
"(3, 34, 39)",remainder1800,7.137222222222222,tune,0.03756839036941528,0.03756839036941528,0.0,0.0,False,False
"(3, 34, 42)",remainder1800,7.137222222222222,test,0.06361395120620728,0.06361395120620728,0.0,0.0023530966386160063,False,False
"(3, 35, 37)",exact397,1.0,tune,0.0522180795669555,0.052218079566955566,0.0,0.0,False,False
"(3, 35, 38)",remainder1800,7.137222222222222,test,0.03563106060028076,0.03563106060028076,0.0016385185498043464,0.001968640333160021,False,False
"(3, 40, 41)",remainder1800,7.137222222222222,test,0.01560741662979126,0.01560741662979126,0.00533682107925415,0.0,False,False
"(3, 40, 42)",exact397,1.0,test,0.0679990053176879,0.06799900531768799,0.0,0.012623517223632585,False,False
"(4, 5, 8)",remainder1800,7.137222222222222,tune,0.031011760234832764,0.031011760234832764,0.0,0.0,False,False
"(4, 5, 28)",exact397,1.0,test,0.0456759929656982,0.04567599296569824,0.006105959415435791,0.0,False,False
"(4, 5, 29)",remainder1800,7.137222222222222,test,0.054933011531829834,0.054933011531829834,0.0,0.0,False,False
"(4, 5, 35)",remainder1800,7.137222222222222,tune,0.050549209117889404,0.050549209117889404,0.0,0.0,False,False
"(4, 5, 40)",remainder1800,7.137222222222222,tune,0.07222658395767212,0.07222658395767212,0.012203633785247803,0.0,False,False
"(4, 6, 8)",remainder1800,7.137222222222222,tune,0.05643874406814575,0.05643874406814575,0.0,0.0,False,False
"(4, 6, 12)",remainder1800,7.137222222222222,tune,0.07370078563690186,0.07370078563690186,0.0,0.0,False,False
"(4, 6, 22)",remainder1800,7.137222222222222,tune,0.051843881607055664,0.051843881607055664,0.0,0.0,False,False
"(4, 6, 24)",remainder1800,7.137222222222222,test,0.0704309344291687,0.0704309344291687,0.0,0.0,False,False
"(4, 6, 25)",remainder1800,7.137222222222222,test,0.04683184623718262,0.04683184623718262,0.0037033557891845703,0.0,False,False
"(4, 6, 32)",exact397,1.0,test,0.0815187692642211,0.08151876926422119,6.473064422607422e-05,0.0,False,False
"(4, 7, 13)",remainder1800,7.137222222222222,test,0.07629013061523438,0.07629013061523438,0.0,0.0,False,False
"(4, 7, 14)",remainder1800,7.137222222222222,tune,0.07005178928375244,0.07005178928375244,0.0008867068380770116,0.0015497510536764958,False,False
"(4, 7, 17)",exact397,1.0,tune,0.1745826005935669,0.17458260059356695,0.0,0.01012871355687528,True,True
"(4, 7, 24)",remainder1800,7.137222222222222,tune,0.09668779373168945,0.09668779373168945,0.0,0.0,False,False
"(4, 7, 28)",remainder1800,7.137222222222222,test,0.03739809989929199,0.03739809989929199,0.0,0.0,False,False
"(4, 7, 41)",remainder1800,7.137222222222222,test,0.006774485111236572,0.006774485111236572,0.014095604419708252,0.0,False,False
"(4, 8, 9)",remainder1800,7.137222222222222,test,0.030645668506622314,0.030645668506622314,0.0,0.0,False,False
"(4, 8, 13)",remainder1800,7.137222222222222,test,0.08995354175567627,0.08995354175567627,0.0,0.0,False,False
"(4, 8, 15)",exact397,1.0,tune,0.0302817225456237,0.030281722545623793,0.0,0.0,False,False
"(4, 8, 20)",remainder1800,7.137222222222222,tune,0.029642343521118164,0.029642343521118164,0.0036400556564331055,0.0006137214472150543,False,False
"(4, 8, 22)",remainder1800,7.137222222222222,test,0.052886247634887695,0.052886247634887695,0.0,0.0,False,False
"(4, 9, 14)",exact397,1.0,tune,0.1236034631729126,0.1236034631729126,0.008772313594818115,0.0015497510536766068,True,True
"(4, 9, 38)",exact397,1.0,tune,0.1024921536445617,0.10249215364456177,0.0012668309884475981,0.0012016831117082072,True,True
"(4, 10, 13)",remainder1800,7.137222222222222,test,0.10560810565948486,0.10560810565948486,0.0,0.0,True,True
"(4, 10, 14)",remainder1800,7.137222222222222,test,0.059161603450775146,0.059161603450775146,0.0011033653835861301,0.0015497510536764958,False,False
"(4, 10, 23)",remainder1800,7.137222222222222,tune,0.0350724458694458,0.0350724458694458,0.020291268825531006,0.0,False,False
"(4, 10, 27)",remainder1800,7.137222222222222,tune,0.09379011392593384,0.09379011392593384,0.0018402338027954102,0.0,False,False
"(4, 10, 31)",remainder1800,7.137222222222222,test,0.07292819023132324,0.07292819023132324,0.0,0.0,False,False
"(4, 11, 12)",remainder1800,7.137222222222222,tune,0.10500752925872803,0.10500752925872803,0.0,0.0,True,True
"(4, 11, 16)",remainder1800,7.137222222222222,tune,0.12077867984771729,0.12077867984771729,0.0,0.0,True,True
"(4, 11, 25)",remainder1800,7.137222222222222,tune,0.03933894634246826,0.03933894634246826,0.0,0.0,False,False
"(4, 11, 27)",remainder1800,7.137222222222222,tune,0.055804431438446045,0.055804431438446045,0.0,0.0,False,False
"(4, 11, 35)",exact397,1.0,tune,0.0510128736495971,0.05101287364959717,0.0,0.0,False,False
"(4, 11, 38)",remainder1800,7.137222222222222,test,0.10484498739242554,0.10484498739242554,0.001296793165380672,0.0012016831117082072,True,True
"(4, 11, 40)",remainder1800,7.137222222222222,test,0.07201755046844482,0.07201755046844482,0.0,0.0,False,False
"(4, 11, 41)",remainder1800,7.137222222222222,tune,0.013889610767364502,0.013889610767364502,0.007792472839355469,0.0,False,False
"(4, 12, 14)",remainder1800,7.137222222222222,tune,0.05328357219696045,0.05328357219696045,0.001753091812133789,0.0015497510536764958,False,False
"(4, 12, 27)",remainder1800,7.137222222222222,tune,0.1361364722251892,0.1361364722251892,0.0,0.0,True,True
"(4, 12, 37)",remainder1800,7.137222222222222,tune,0.09029930830001831,0.09029930830001831,0.0,0.0,False,False
"(4, 12, 43)",exact397,1.0,test,0.0975475311279296,0.09754753112792969,0.0,0.0,False,False
"(4, 13, 19)",remainder1800,7.137222222222222,tune,0.07842743396759033,0.07842743396759033,0.001757197507101238,0.0008208085390661868,False,False
"(4, 13, 22)",remainder1800,7.137222222222222,tune,0.04921466112136841,0.04921466112136841,0.0042743682861328125,0.0,False,False
"(4, 13, 29)",exact397,1.0,test,0.1804787516593933,0.18047875165939337,0.0,0.0,True,True
"(4, 13, 39)",remainder1800,7.137222222222222,test,0.05888599157333374,0.05888599157333374,0.0,0.0,False,False
"(4, 13, 41)",remainder1800,7.137222222222222,test,0.010800540447235107,0.010800540447235107,0.009861767292022705,0.0,False,False
"(4, 13, 42)",remainder1800,7.137222222222222,tune,0.14924192428588867,0.14924192428588867,0.0,0.0,True,True
"(4, 13, 43)",remainder1800,7.137222222222222,test,0.05642390251159668,0.05642390251159668,0.0,0.0,False,False
"(4, 14, 18)",exact397,1.0,tune,0.1255508661270141,0.12555086612701416,0.003074467182159424,0.0015497510536766068,True,True
"(4, 14, 19)",exact397,1.0,tune,0.3577265739440918,0.35772657394409185,0.0026517566250622293,0.0015497510536766068,True,True
"(4, 14, 20)",exact397,1.0,tune,0.272340178489685,0.2723401784896851,0.003920912742614691,0.0015497510536766068,True,True
"(4, 14, 22)",remainder1800,7.137222222222222,test,0.04858797788619995,0.04858797788619995,0.007476389408111572,0.0015497510536764958,False,False
"(4, 14, 25)",remainder1800,7.137222222222222,tune,0.022928595542907715,0.022928595542907715,0.005437970161437988,0.0015497510536764958,False,False
"(4, 14, 26)",exact397,1.0,tune,0.0592409372329711,0.05924093723297119,0.0005103050560635314,0.0015497510536766068,False,False
"(4, 15, 17)",remainder1800,7.137222222222222,test,0.08309721946716309,0.08309721946716309,0.0,0.0,False,False
"(4, 15, 26)",exact397,1.0,tune,0.0539019703865051,0.05390197038650507,0.0,0.0,False,False
"(4, 15, 29)",remainder1800,7.137222222222222,tune,0.07087981700897217,0.07087981700897217,0.0,0.0,False,False
"(4, 16, 17)",remainder1800,7.137222222222222,tune,0.08001500368118286,0.08001500368118286,0.0,0.0,False,False
"(4, 16, 20)",exact397,1.0,tune,0.0395461916923522,0.039546191692352295,0.0004752337205690127,0.0003727236582390381,False,False
"(4, 16, 21)",remainder1800,7.137222222222222,test,0.07087993621826172,0.07087993621826172,0.0009324550628662109,0.0,False,False
"(4, 16, 25)",exact397,1.0,tune,0.0547171235084533,0.05471712350845337,0.0,0.0,False,False
"(4, 16, 41)",remainder1800,7.137222222222222,tune,0.0213279128074646,0.0213279128074646,0.0,0.0,False,False
"(4, 17, 32)",remainder1800,7.137222222222222,tune,0.06384342908859253,0.06384342908859253,0.0,0.0,False,False
"(4, 17, 34)",remainder1800,7.137222222222222,tune,0.06257247924804688,0.06257247924804688,0.0,0.0,False,False
"(4, 17, 39)",remainder1800,7.137222222222222,tune,0.06556034088134766,0.06556034088134766,0.0,0.0,False,False
"(4, 17, 43)",exact397,1.0,tune,0.0768514275550842,0.07685142755508423,0.00015252828598019685,0.0,False,False
"(4, 18, 22)",remainder1800,7.137222222222222,test,0.05249089002609253,0.05249089002609253,0.0,0.0,False,False
"(4, 18, 23)",remainder1800,7.137222222222222,tune,0.02165883779525757,0.02165883779525757,0.014886736869812012,0.0,False,False
"(4, 18, 33)",remainder1800,7.137222222222222,tune,0.06773626804351807,0.06773626804351807,0.0,0.0,False,False
"(4, 18, 34)",exact397,1.0,test,0.0535480976104736,0.05354809761047359,0.0,0.0,False,False
"(4, 18, 35)",remainder1800,7.137222222222222,tune,0.05354809761047363,0.05354809761047363,0.0,0.0,False,False
"(4, 18, 40)",remainder1800,7.137222222222222,tune,0.09809046983718872,0.09809046983718872,0.003833472728729248,0.0,False,False
"(4, 19, 21)",remainder1800,7.137222222222222,tune,0.042344093322753906,0.042344093322753906,0.0017511517194092052,0.0007424743992029414,False,False
"(4, 19, 27)",remainder1800,7.137222222222222,tune,0.03962582349777222,0.03962582349777222,0.0022290812940585214,0.000711143976417361,False,False
"(4, 19, 37)",remainder1800,7.137222222222222,test,0.030437946319580078,0.030437946319580078,0.0018040896901121428,0.0006525503506905617,False,False
"(4, 19, 43)",remainder1800,7.137222222222222,tune,0.0682910680770874,0.0682910680770874,0.0014168971534785912,0.0006709922829661874,False,False
"(4, 20, 32)",exact397,1.0,tune,0.0841484069824218,0.08414840698242188,0.0005701981345700435,0.001123460369334195,False,False
"(4, 20, 35)",remainder1800,7.137222222222222,test,0.050795137882232666,0.050795137882232666,0.0030976995998239776,0.001123460369334195,False,False
"(4, 20, 39)",remainder1800,7.137222222222222,test,0.051839590072631836,0.051839590072631836,0.0008967416647610582,0.001326915230066672,False,False
"(4, 20, 40)",remainder1800,7.137222222222222,test,0.06760329008102417,0.06760329008102417,0.0007522703387552454,0.0005551757267789892,False,False
"(4, 20, 41)",exact397,1.0,test,0.0056976079940795,0.00569760799407959,0.052712082862854004,0.001123460369334195,False,False
"(4, 20, 42)",exact397,1.0,test,0.082008421421051,0.08200842142105103,0.0008379720637340382,0.0006482921411847808,False,False
"(4, 21, 28)",remainder1800,7.137222222222222,test,0.06337255239486694,0.06337255239486694,0.009616494178771973,0.0,False,False
"(4, 21, 32)",remainder1800,7.137222222222222,tune,0.06386709213256836,0.06386709213256836,0.0,0.0,False,False
"(4, 21, 33)",remainder1800,7.137222222222222,test,0.06240445375442505,0.06240445375442505,0.0,0.0,False,False
"(4, 21, 36)",remainder1800,7.137222222222222,tune,0.030290424823760986,0.030290424823760986,0.004959464073181152,0.0,False,False
"(4, 21, 39)",remainder1800,7.137222222222222,tune,0.044897258281707764,0.044897258281707764,0.0,0.0,False,False
"(4, 22, 23)",remainder1800,7.137222222222222,tune,0.026392340660095215,0.026392340660095215,0.015628933906555176,0.0,False,False
"(4, 22, 25)",remainder1800,7.137222222222222,tune,0.04548013210296631,0.04548013210296631,0.0,0.0,False,False
"(4, 22, 36)",remainder1800,7.137222222222222,tune,0.03326648473739624,0.03326648473739624,0.0,0.0,False,False
"(4, 22, 38)",remainder1800,7.137222222222222,tune,0.03433525562286377,0.03433525562286377,0.00474362952284102,0.0012016831117082072,False,False
"(4, 22, 41)",remainder1800,7.137222222222222,tune,0.007699370384216309,0.007699370384216309,0.010809779167175293,0.0,False,False
"(4, 22, 42)",remainder1800,7.137222222222222,tune,0.04443621635437012,0.04443621635437012,0.006474018096923828,0.0,False,False
"(4, 23, 28)",remainder1800,7.137222222222222,tune,0.0391768217086792,0.0391768217086792,0.015494227409362793,0.0,False,False
"(4, 23, 32)",remainder1800,7.137222222222222,test,0.03126800060272217,0.03126800060272217,0.008265972137451172,0.0,False,False
"(4, 23, 35)",remainder1800,7.137222222222222,tune,0.025393664836883545,0.025393664836883545,0.0034072399139404297,0.0,False,False
"(4, 23, 36)",remainder1800,7.137222222222222,test,0.025393664836883545,0.025393664836883545,0.0034072399139404297,0.0,False,False
"(4, 24, 29)",remainder1800,7.137222222222222,tune,0.0769803524017334,0.0769803524017334,0.0,0.0,False,False
"(4, 24, 32)",remainder1800,7.137222222222222,test,0.0761786699295044,0.0761786699295044,0.0,0.0,False,False
"(4, 25, 30)",remainder1800,7.137222222222222,test,0.03155803680419922,0.03155803680419922,0.0012617111206054688,0.0,False,False
"(4, 25, 35)",remainder1800,7.137222222222222,test,0.055267155170440674,0.055267155170440674,0.0,0.0,False,False
"(4, 25, 36)",remainder1800,7.137222222222222,test,0.055267155170440674,0.055267155170440674,0.0,0.0,False,False
"(4, 25, 38)",remainder1800,7.137222222222222,tune,0.03384476900100708,0.03384476900100708,0.0014630740581732526,0.0012016831117082072,False,False
"(4, 25, 43)",remainder1800,7.137222222222222,tune,0.0506054162979126,0.0506054162979126,0.0,0.0,False,False
"(4, 26, 28)",remainder1800,7.137222222222222,tune,0.07051795721054077,0.07051795721054077,0.0,0.0,False,False
"(4, 26, 30)",remainder1800,7.137222222222222,tune,0.05177587270736694,0.05177587270736694,0.0,0.0,False,False
"(4, 27, 29)",remainder1800,7.137222222222222,test,0.08254677057266235,0.08254677057266235,0.00115281343460083,0.0,False,False
"(4, 27, 34)",remainder1800,7.137222222222222,test,0.028367340564727783,0.028367340564727783,0.0060822367668151855,0.0,False,False
"(4, 27, 36)",remainder1800,7.137222222222222,tune,0.028367340564727783,0.028367340564727783,0.0060822367668151855,0.0,False,False
"(4, 28, 35)",remainder1800,7.137222222222222,tune,0.028832614421844482,0.028832614421844482,0.0,0.0,False,False
"(4, 28, 41)",remainder1800,7.137222222222222,tune,0.006973743438720703,0.006973743438720703,0.019173920154571533,0.0,False,False
"(4, 29, 32)",remainder1800,7.137222222222222,test,0.07887434959411621,0.07887434959411621,0.035112872062328826,0.03259616689602163,False,False
"(4, 29, 38)",exact397,1.0,test,0.0944385528564453,0.09443855285644528,0.005041254978896403,0.0012016831117082072,False,False
"(4, 29, 41)",remainder1800,7.137222222222222,tune,0.008212149143218994,0.008212149143218994,0.014260649681091309,0.0,False,False
"(4, 29, 42)",remainder1800,7.137222222222222,tune,0.07432818412780762,0.07432818412780762,0.006449282169342041,0.0,False,False
"(4, 30, 34)",remainder1800,7.137222222222222,tune,0.05195975303649902,0.05195975303649902,0.0,0.0,False,False
"(4, 30, 39)",remainder1800,7.137222222222222,tune,0.0895276665687561,0.0895276665687561,0.0,0.0,False,False
"(4, 31, 43)",exact397,1.0,tune,0.0523739457130432,0.05237394571304321,0.0,0.0,False,False
"(4, 32, 33)",remainder1800,7.137222222222222,tune,0.011907219886779785,0.011907219886779785,0.0077204108238220215,0.0,False,False
"(4, 32, 37)",remainder1800,7.137222222222222,test,0.07010996341705322,0.07010996341705322,0.002389848232269287,0.0,False,False
"(4, 32, 43)",remainder1800,7.137222222222222,tune,0.050147175788879395,0.050147175788879395,0.0020739538252239065,0.0,False,False
"(4, 33, 35)",remainder1800,7.137222222222222,tune,0.067790687084198,0.067790687084198,0.0,0.0,False,False
"(4, 33, 41)",remainder1800,7.137222222222222,tune,0.015528857707977295,0.015528857707977295,0.004299819469451904,0.0,False,False
"(4, 33, 42)",remainder1800,7.137222222222222,tune,0.12987834215164185,0.12987834215164185,0.0005064606666564941,0.0,True,True
"(4, 34, 36)",remainder1800,7.137222222222222,test,0.007052719593048096,0.007052719593048096,0.009298443794250488,0.0,False,False
"(4, 34, 42)",remainder1800,7.137222222222222,tune,0.046711623668670654,0.046711623668670654,0.0,0.0,False,False
"(4, 34, 43)",remainder1800,7.137222222222222,test,0.038985252380371094,0.038985252380371094,0.0,0.0,False,False
"(4, 36, 41)",remainder1800,7.137222222222222,tune,0.017139434814453125,0.017139434814453125,0.0030822157859802246,0.0,False,False
"(4, 37, 38)",remainder1800,7.137222222222222,test,0.03459477424621582,0.03459477424621582,0.0011583505349564982,0.0012016831117082072,False,False
"(4, 38, 39)",remainder1800,7.137222222222222,test,0.03183048963546753,0.03183048963546753,0.00427680594496016,0.0012016831117082072,False,False
"(4, 38, 42)",exact397,1.0,test,0.1704837083816528,0.1704837083816529,0.0036898194032120024,0.0012016831117082072,True,True
"(4, 39, 42)",remainder1800,7.137222222222222,tune,0.09702539443969727,0.09702539443969727,0.0,0.0,False,False
"(5, 6, 8)",remainder1800,7.137222222222222,tune,0.03390014171600342,0.03390014171600342,0.0,0.00018100373774271317,False,False
"(5, 6, 11)",exact397,1.0,tune,0.0814573764801025,0.08145737648010248,0.0,0.0,False,False
"(5, 6, 16)",exact397,1.0,tune,0.1493620872497558,0.1493620872497558,0.0,0.0007306645093366759,True,True
"(5, 6, 17)",remainder1800,7.137222222222222,test,0.06402945518493652,0.06402945518493652,0.00011271238327026367,0.0,False,False
"(5, 6, 19)",remainder1800,7.137222222222222,test,0.08745616674423218,0.08745616674423218,0.0020837107142852584,0.0008850452592841229,False,False
"(5, 6, 29)",remainder1800,7.137222222222222,test,0.06013596057891846,0.06013596057891846,0.0,0.0,False,False
"(5, 6, 34)",remainder1800,7.137222222222222,tune,0.06051766872406006,0.06051766872406006,0.0,0.0007306645093366759,False,False
"(5, 6, 41)",exact397,1.0,test,0.0185035467147827,0.01777288220544604,0.0006900429725646973,0.0007306645093366759,False,False
"(5, 7, 10)",remainder1800,7.137222222222222,tune,0.04518461227416992,0.04518461227416992,0.0,0.0,False,False
"(5, 7, 14)",remainder1800,7.137222222222222,tune,0.08211886882781982,0.08211886882781982,0.0,0.0,False,False
"(5, 7, 24)",remainder1800,7.137222222222222,tune,0.039679110050201416,0.04164572099124861,0.00226766577635909,0.00030105483531189803,False,False
"(5, 7, 30)",remainder1800,7.137222222222222,test,0.0651518702507019,0.0651518702507019,0.0023877871589863264,0.0012798560219013655,False,False
"(5, 7, 34)",remainder1800,7.137222222222222,test,0.04666757583618164,0.04666757583618164,0.0,0.0011203860811674071,False,False
"(5, 7, 41)",remainder1800,7.137222222222222,test,0.01068812608718872,0.01068812608718872,0.002239704132080078,0.0012269072876075482,False,False
"(5, 7, 42)",remainder1800,7.137222222222222,tune,0.049784719944000244,0.049784719944000244,0.0052315398140930225,0.0005353465869126217,False,False
"(5, 8, 10)",remainder1800,7.137222222222222,tune,0.034073710441589355,0.034073710441589355,0.0,0.00018100373774271317,False,False
"(5, 8, 11)",remainder1800,7.137222222222222,tune,0.0401187539100647,0.0401187539100647,0.0006445159071327422,0.0017892258759238389,False,False
"(5, 8, 18)",remainder1800,7.137222222222222,test,0.03183162212371826,0.033492016026487215,0.001660393902768953,0.005217920958986433,False,False
"(5, 8, 25)",remainder1800,7.137222222222222,tune,0.030952751636505127,0.030952751636505127,0.0022224783897399902,0.0017875063583057682,False,False
"(5, 9, 18)",exact397,1.0,test,0.1932749152183532,0.19327491521835327,0.0,0.0,True,True
"(5, 9, 22)",remainder1800,7.137222222222222,tune,0.031761229038238525,0.028938036696316463,0.0,0.0028231923419220623,False,False
"(5, 10, 16)",remainder1800,7.137222222222222,tune,0.07514345645904541,0.07514345645904541,0.0,0.0,False,False
"(5, 10, 23)",remainder1800,7.137222222222222,test,0.012205898761749268,0.012205898761749268,0.019667625427246094,0.0,False,False
"(5, 11, 19)",remainder1800,7.137222222222222,test,0.08008402585983276,0.08008402585983276,0.0014536438241593563,0.0009761520863700301,False,False
"(5, 11, 29)",remainder1800,7.137222222222222,test,0.06994801759719849,0.06994801759719849,0.004531771543611118,0.01565487395148646,False,False
"(5, 11, 32)",remainder1800,7.137222222222222,tune,0.09880495071411133,0.09880495071411133,0.0,0.0,False,False
"(5, 11, 33)",remainder1800,7.137222222222222,test,0.09917891025543213,0.09917891025543213,0.0,0.0,False,False
"(5, 11, 41)",remainder1800,7.137222222222222,tune,0.008814871311187744,0.008814871311187744,0.020261645317077637,0.0,False,False
"(5, 12, 14)",remainder1800,7.137222222222222,test,0.04827302694320679,0.04827302694320679,0.0,0.0012579968969338717,False,False
"(5, 12, 24)",exact397,1.0,tune,0.0622925162315368,0.06229251623153689,0.0046641230583191196,0.0,False,False
"(5, 12, 28)",remainder1800,7.137222222222222,test,0.05848050117492676,0.05848050117492676,0.02159015986665329,0.02561928312917261,False,False
"(5, 12, 32)",remainder1800,7.137222222222222,tune,0.06036651134490967,0.06036651134490967,0.0,0.0,False,False
"(5, 12, 39)",remainder1800,7.137222222222222,test,0.036566317081451416,0.036566317081451416,0.0,0.0,False,False
"(5, 12, 41)",exact397,1.0,tune,0.013362169265747,0.013362169265746994,0.004117921662230517,0.0012579968969338995,False,False
"(5, 12, 42)",remainder1800,7.137222222222222,tune,0.07668310403823853,0.07668310403823853,0.0,0.0012579968969338717,False,False
"(5, 13, 14)",remainder1800,7.137222222222222,test,0.0647420883178711,0.0647420883178711,0.0,0.0,False,False
"(5, 13, 18)",remainder1800,7.137222222222222,tune,0.07122045755386353,0.07122045755386353,0.0,0.005217920958986433,False,False
"(5, 13, 22)",remainder1800,7.137222222222222,tune,0.06013745069503784,0.06013745069503784,0.006079940290244723,0.0,False,False
"(5, 13, 30)",remainder1800,7.137222222222222,tune,0.06339281797409058,0.06339281797409058,0.014363299838087207,0.0010449692796711194,False,False
"(5, 13, 32)",remainder1800,7.137222222222222,tune,0.0885469913482666,0.0885469913482666,0.0020014047622680664,0.0,False,False
"(5, 13, 33)",remainder1800,7.137222222222222,tune,0.08821749687194824,0.08821749687194824,0.0018345117568969727,0.0,False,False
"(5, 13, 35)",remainder1800,7.137222222222222,tune,0.045254528522491455,0.045254528522491455,0.0,0.0,False,False
"(5, 13, 38)",remainder1800,7.137222222222222,test,0.1021047830581665,0.1021047830581665,0.0007274404805995838,0.0012774755303747165,True,True
"(5, 14, 17)",remainder1800,7.137222222222222,tune,0.0778578519821167,0.0778578519821167,0.0,0.0,False,False
"(5, 14, 25)",remainder1800,7.137222222222222,test,0.0407564640045166,0.0407564640045166,0.0,0.0,False,False
"(5, 14, 28)",remainder1800,7.137222222222222,test,0.0579448938369751,0.0579448938369751,0.0019618648744157974,0.028364806307397544,False,False
"(5, 14, 33)",remainder1800,7.137222222222222,test,0.05782347917556763,0.05782347917556763,0.0,0.0,False,False
"(5, 14, 34)",remainder1800,7.137222222222222,test,0.02830517292022705,0.029918299554307193,0.001613126634080142,0.0,False,False
"(5, 15, 19)",remainder1800,7.137222222222222,tune,0.057201087474823,0.057201087474823,0.0023778805281930993,0.0008850452592841229,False,False
"(5, 15, 22)",remainder1800,7.137222222222222,test,0.05808556079864502,0.05808556079864502,0.003692328929901123,0.0,False,False
"(5, 15, 35)",remainder1800,7.137222222222222,tune,0.020698070526123047,0.020698070526123047,0.007513761520385742,0.0,False,False
"(5, 15, 38)",exact397,1.0,test,0.1620799899101257,0.16207998991012573,0.0016675321135796173,0.0012774755303746055,True,True
"(5, 15, 40)",remainder1800,7.137222222222222,test,0.14334994554519653,0.14334994554519653,0.002466738224029541,0.0,True,True
"(5, 15, 42)",exact397,1.0,tune,0.1710012555122375,0.1710012555122376,0.0,0.0006645518277061391,True,True
"(5, 16, 17)",remainder1800,7.137222222222222,tune,0.048186659812927246,0.048186659812927246,0.0,0.002342105092404595,False,False
"(5, 16, 25)",remainder1800,7.137222222222222,tune,0.04316079616546631,0.04316079616546631,0.0,0.0018978841187300421,False,False
"(5, 16, 38)",remainder1800,7.137222222222222,test,0.04087561368942261,0.04087561368942261,0.0020596981048583984,0.0012774755303747165,False,False
"(5, 17, 19)",remainder1800,7.137222222222222,tune,0.06938326358795166,0.06938326358795166,0.0010799974905584264,0.0008850452592841229,False,False
"(5, 17, 27)",remainder1800,7.137222222222222,test,0.017769157886505127,0.017769157886505127,0.0,0.0,False,False
"(5, 17, 31)",remainder1800,7.137222222222222,tune,0.07519835233688354,0.07519835233688354,0.0,0.0,False,False
"(5, 17, 34)",remainder1800,7.137222222222222,tune,0.04574990272521973,0.04574990272521973,0.003625407596488245,0.0,False,False
"(5, 17, 35)",remainder1800,7.137222222222222,test,0.04574990272521973,0.04574990272521973,0.003625407596488245,0.0,False,False
"(5, 18, 20)",remainder1800,7.137222222222222,tune,0.08751851320266724,0.08751851320266724,0.0012048154309760584,0.0004826149531255153,False,False
"(5, 18, 21)",remainder1800,7.137222222222222,tune,0.04144084453582764,0.04144084453582764,0.0,0.005217920958986433,False,False
"(5, 18, 26)",remainder1800,7.137222222222222,tune,0.041554033756256104,0.041554033756256104,0.0,0.005217920958986433,False,False
"(5, 18, 27)",remainder1800,7.137222222222222,tune,0.04487115144729614,0.04487115144729614,0.0,0.005217920958986433,False,False
"(5, 18, 31)",exact397,1.0,tune,0.0816478133201599,0.08164781332015997,0.0,0.0,False,False
"(5, 18, 33)",exact397,1.0,test,0.0830142498016357,0.08301424980163569,0.004990790308037091,0.0,False,False
"(5, 18, 39)",remainder1800,7.137222222222222,tune,0.08361250162124634,0.08361250162124634,0.0,0.005217920958986433,False,False
"(5, 19, 20)",remainder1800,7.137222222222222,test,0.011208772659301758,0.011208772659301758,0.0037021636962890625,0.0006249386410246416,False,False
"(5, 19, 29)",remainder1800,7.137222222222222,tune,0.09534841775894165,0.09534841775894165,0.016194457035368537,0.025480574769097458,False,False
"(5, 19, 33)",exact397,1.0,test,0.1276847124099731,0.1276847124099732,0.0012331666899020322,0.0008850452592840119,True,True
"(5, 19, 39)",remainder1800,7.137222222222222,test,0.07260549068450928,0.07260549068450928,0.0022307057237068717,0.0012436668586264243,False,False
"(5, 20, 26)",remainder1800,7.137222222222222,test,0.05577200651168823,0.05577200651168823,0.0009496221665670213,0.0004826149531255153,False,False
"(5, 20, 38)",remainder1800,7.137222222222222,tune,0.048015713691711426,0.048015713691711426,0.0039737324885809056,0.0004402322500579592,False,False
"(5, 20, 41)",remainder1800,7.137222222222222,test,0.008232712745666504,0.008232712745666504,0.005073606967926025,0.0004826149531255153,False,False
"(5, 20, 43)",exact397,1.0,tune,0.0762789845466613,0.0762789845466613,0.0013045366447411721,0.0004826149531256263,False,False
"(5, 21, 29)",remainder1800,7.137222222222222,test,0.025658726692199707,0.025658726692199707,0.016254961490631104,0.0,False,False
"(5, 21, 36)",remainder1800,7.137222222222222,test,0.016037046909332275,0.016037046909332275,0.0033707618713378906,0.0,False,False
"(5, 21, 37)",remainder1800,7.137222222222222,test,0.02667325735092163,0.02667325735092163,0.003976285457611084,0.0,False,False
"(5, 21, 41)",exact397,1.0,tune,0.0111997127532958,0.011199712753295926,0.008912503719329806,0.0,False,False
"(5, 22, 24)",remainder1800,7.137222222222222,test,0.06074106693267822,0.06074106693267822,0.0,0.003889000319569763,False,False
"(5, 22, 35)",remainder1800,7.137222222222222,tune,0.029623806476593018,0.029623806476593018,0.002057671546936035,0.0,False,False
"(5, 22, 40)",remainder1800,7.137222222222222,tune,0.04867058992385864,0.04867058992385864,0.0023603439331054688,0.0,False,False
"(5, 22, 41)",exact397,1.0,tune,0.0078451037406921,0.007473746629985102,0.009579773116213719,0.0013885215572972953,False,False
"(5, 23, 24)",remainder1800,7.137222222222222,tune,0.021519124507904053,0.021519124507904053,0.0015391468039447631,0.003889000319569763,False,False
"(5, 23, 29)",remainder1800,7.137222222222222,tune,0.02020430564880371,0.02020430564880371,0.001446843147277832,0.0,False,False
"(5, 23, 34)",remainder1800,7.137222222222222,test,0.023530185222625732,0.023530185222625732,0.007049500942230225,0.004799103911278357,False,False
"(5, 23, 35)",remainder1800,7.137222222222222,tune,0.023530185222625732,0.023530185222625732,0.007049500942230225,0.004799103911278357,False,False
"(5, 23, 37)",remainder1800,7.137222222222222,tune,0.018711864948272705,0.018711864948272705,0.018422424793243408,0.0,False,False
"(5, 24, 25)",remainder1800,7.137222222222222,tune,0.04341447353363037,0.04341447353363037,0.004482722186177429,0.003889000319569763,False,False
"(5, 24, 30)",remainder1800,7.137222222222222,tune,0.046623408794403076,0.046623408794403076,0.0,0.003889000319569763,False,False
"(5, 24, 34)",exact397,1.0,test,0.048505425453186,0.04850542545318601,0.00177764892578125,0.0,False,False
"(5, 24, 42)",remainder1800,7.137222222222222,tune,0.07250523567199707,0.07250523567199707,0.0,0.0,False,False
"(5, 25, 30)",remainder1800,7.137222222222222,tune,0.040234267711639404,0.040234267711639404,0.008793671879898983,0.0012798560219013655,False,False
"(5, 25, 39)",remainder1800,7.137222222222222,test,0.036622822284698486,0.036622822284698486,0.003981590270996094,0.0,False,False
"(5, 25, 42)",remainder1800,7.137222222222222,tune,0.04062354564666748,0.04062354564666748,3.9577484130859375e-05,0.003219545996852924,False,False
"(5, 26, 28)",remainder1800,7.137222222222222,tune,0.03113079071044922,0.03113079071044922,0.008267678663783473,0.006310329894353095,False,False
"(5, 26, 34)",remainder1800,7.137222222222222,test,0.05201846361160278,0.05201846361160278,0.003505229949951172,0.0,False,False
"(5, 26, 42)",remainder1800,7.137222222222222,test,0.04210156202316284,0.04210156202316284,0.0,0.0,False,False
"(5, 27, 34)",remainder1800,7.137222222222222,test,0.017664730548858643,0.017664730548858643,0.0028368234634399414,0.0,False,False
"(5, 27, 36)",remainder1800,7.137222222222222,tune,0.017664730548858643,0.017664730548858643,0.0028368234634399414,0.0,False,False
"(5, 28, 32)",remainder1800,7.137222222222222,test,0.06331580877304077,0.06331580877304077,0.00020813941955566406,0.0,False,False
"(5, 28, 36)",remainder1800,7.137222222222222,tune,0.029851257801055908,0.029851257801055908,0.0414724056498082,0.016861144766043834,False,False
"(5, 28, 38)",remainder1800,7.137222222222222,tune,0.042272984981536865,0.042272984981536865,0.017071962356567383,0.0012774755303747165,False,False
"(5, 29, 30)",remainder1800,7.137222222222222,test,0.03915685415267944,0.036689993874459786,0.010719863793077128,0.002466860278219657,False,False
"(5, 29, 31)",remainder1800,7.137222222222222,tune,0.07304590940475464,0.07304590940475464,0.030482514547005568,0.03331793734327515,False,False
"(5, 30, 34)",remainder1800,7.137222222222222,test,0.03196084499359131,0.03196084499359131,0.0006244778633117676,0.0012798560219013655,False,False
"(5, 31, 32)",remainder1800,7.137222222222222,test,0.015691041946411133,0.015691041946411133,0.0004127621650695801,0.0,False,False
"(5, 31, 41)",remainder1800,7.137222222222222,test,0.01201927661895752,0.01201927661895752,0.008715033531188965,0.0,False,False
"(5, 33, 35)",remainder1800,7.137222222222222,tune,0.03721058368682861,0.03721058368682861,0.0,0.0,False,False
"(5, 33, 36)",exact397,1.0,test,0.0372105836868286,0.0372105836868287,0.0,0.0,False,False
"(5, 33, 38)",remainder1800,7.137222222222222,tune,0.06413328647613525,0.06413328647613525,0.0010787944351070555,0.0,False,False
"(5, 33, 42)",remainder1800,7.137222222222222,test,0.04339843988418579,0.04339843988418579,0.0024103522300720215,0.0,False,False
"(5, 34, 35)",remainder1800,7.137222222222222,tune,0.0019159317016601562,0.0019159317016601562,0.0025081634521484375,0.0,False,False
"(5, 34, 41)",remainder1800,7.137222222222222,test,0.01071023941040039,0.01071023941040039,0.0064577949556310354,0.0012123477968175589,False,False
"(5, 35, 36)",remainder1800,7.137222222222222,test,0.0019159317016601562,0.0019159317016601562,0.0025081634521484375,0.0,False,False
"(5, 35, 42)",remainder1800,7.137222222222222,tune,0.04428476095199585,0.04428476095199585,0.00016400862134033356,0.0,False,False
"(5, 36, 40)",remainder1800,7.137222222222222,test,0.027352511882781982,0.027352511882781982,0.009128689765930176,0.0,False,False
"(5, 37, 42)",remainder1800,7.137222222222222,tune,0.03241807222366333,0.03241807222366333,0.0,0.0018729578620872989,False,False
"(5, 38, 39)",remainder1800,7.137222222222222,tune,0.023994505405426025,0.023994505405426025,0.014934241771697998,0.0012774755303747165,False,False
"(5, 38, 41)",remainder1800,7.137222222222222,tune,0.01774132251739502,0.01774132251739502,0.0017881989479064941,0.0012774755303747165,False,False
"(5, 40, 43)",remainder1800,7.137222222222222,tune,0.051822662353515625,0.051822662353515625,0.0,0.0,False,False
"(5, 41, 43)",remainder1800,7.137222222222222,test,0.006925761699676514,0.006925761699676514,0.0040950775146484375,0.0,False,False
"(6, 7, 26)",remainder1800,7.137222222222222,test,0.05436772108078003,0.05436772108078003,0.0,0.0,False,False
"(6, 7, 29)",remainder1800,7.137222222222222,test,0.09724831581115723,0.09724831581115723,0.0024988035808031217,0.0005426546627067541,False,False
"(6, 8, 19)",remainder1800,7.137222222222222,tune,0.04187542200088501,0.04187542200088501,0.0014635716416055988,0.0005221758820230793,False,False
"(6, 8, 20)",remainder1800,7.137222222222222,tune,0.04285717010498047,0.04285717010498047,0.0018123527711573217,0.0006308695024195288,False,False
"(6, 8, 30)",remainder1800,7.137222222222222,tune,0.023404061794281006,0.023404061794281006,0.007926404476165771,0.0,False,False
"(6, 8, 39)",exact397,1.0,tune,0.0165512561798095,0.016551256179809598,0.00484228134155279,0.0,False,False
"(6, 8, 40)",remainder1800,7.137222222222222,tune,0.020408332347869873,0.020408332347869873,0.0120316743850708,0.0,False,False
"(6, 9, 13)",remainder1800,7.137222222222222,test,0.08143961429595947,0.08143961429595947,0.0,0.0,False,False
"(6, 9, 15)",remainder1800,7.137222222222222,tune,0.10288947820663452,0.10288947820663452,0.0,0.0,True,True
"(6, 9, 16)",exact397,1.0,tune,0.1911938786506652,0.19119387865066528,0.0,0.0,True,True
"(6, 9, 27)",remainder1800,7.137222222222222,tune,0.09743642807006836,0.09743642807006836,0.0,0.0,False,False
"(6, 9, 32)",exact397,1.0,tune,0.0846495628356933,0.0846495628356933,0.0,0.0,False,False
"(6, 9, 36)",remainder1800,7.137222222222222,test,0.07032012939453125,0.07032012939453125,0.0,0.0,False,False
"(6, 9, 37)",remainder1800,7.137222222222222,tune,0.08570164442062378,0.08570164442062378,0.0,0.0,False,False
"(6, 9, 39)",remainder1800,7.137222222222222,tune,0.11076289415359497,0.11076289415359497,0.0,0.0,True,True
"(6, 10, 12)",exact397,1.0,tune,0.1556075811386108,0.1556075811386109,0.0,0.0,True,True
"(6, 10, 13)",exact397,1.0,tune,0.0875049233436584,0.08750492334365839,0.0,0.0,False,False
"(6, 10, 15)",remainder1800,7.137222222222222,test,0.09579789638519287,0.09579789638519287,0.0,0.0,False,False
"(6, 10, 22)",remainder1800,7.137222222222222,test,0.0957326889038086,0.0957326889038086,0.0,0.0,False,False
"(6, 10, 24)",remainder1800,7.137222222222222,test,0.14920955896377563,0.14920955896377563,0.0,0.0,True,True
"(6, 10, 31)",remainder1800,7.137222222222222,tune,0.12346798181533813,0.12346798181533813,0.0,0.0,True,True
"(6, 10, 32)",exact397,1.0,tune,0.1229566931724548,0.12295669317245489,0.0,0.0,True,True
"(6, 10, 39)",remainder1800,7.137222222222222,tune,0.09236836433410645,0.09236836433410645,0.0,0.0,False,False
"(6, 10, 41)",remainder1800,7.137222222222222,test,0.01204770803451538,0.01204770803451538,0.006377816200256348,0.0,False,False
"(6, 11, 13)",remainder1800,7.137222222222222,tune,0.09595984220504761,0.09595984220504761,0.0,0.0,False,False
"(6, 11, 16)",exact397,1.0,tune,0.1275765895843505,0.12757658958435059,0.0,0.0,True,True
"(6, 11, 17)",exact397,1.0,test,0.1160327196121215,0.11603271961212158,0.0,0.0,True,True
"(6, 11, 20)",remainder1800,7.137222222222222,test,0.06785851716995239,0.06785851716995239,0.0012502108782933563,0.0007342844946806037,False,False
"(6, 11, 30)",exact397,1.0,tune,0.1262080073356628,0.1262080073356628,0.0,0.0,True,True
"(6, 12, 14)",remainder1800,7.137222222222222,test,0.07628744840621948,0.07628744840621948,0.0,0.0,False,False
"(6, 12, 16)",exact397,1.0,tune,0.1267013549804687,0.12670135498046872,0.0,0.0,True,True
"(6, 12, 24)",remainder1800,7.137222222222222,tune,0.09537547826766968,0.09537547826766968,0.0,0.0,False,False
"(6, 12, 28)",exact397,1.0,tune,0.0784066319465637,0.07840663194656372,0.008487700416924704,0.007712582271296509,False,False
"(6, 12, 31)",remainder1800,7.137222222222222,tune,0.1211845874786377,0.1211845874786377,0.0,0.0,True,True
"(6, 12, 34)",remainder1800,7.137222222222222,tune,0.07490712404251099,0.07490712404251099,0.0,0.0,False,False
"(6, 12, 36)",remainder1800,7.137222222222222,test,0.07490712404251099,0.07490712404251099,0.0,0.0,False,False
"(6, 12, 38)",exact397,1.0,test,0.0644243359565734,0.06442433595657351,0.0011113232609869517,0.002719158553803225,False,False
"(6, 12, 43)",remainder1800,7.137222222222222,tune,0.06672793626785278,0.06672793626785278,0.0,0.0,False,False
"(6, 13, 14)",remainder1800,7.137222222222222,test,0.12102913856506348,0.12102913856506348,0.0,0.0,True,True
"(6, 13, 16)",exact397,1.0,test,0.1815123558044433,0.18151235580444336,0.0,0.0,True,True
"(6, 13, 40)",remainder1800,7.137222222222222,test,0.09754407405853271,0.09754407405853271,0.0,0.0,False,False
"(6, 13, 41)",remainder1800,7.137222222222222,tune,0.013190984725952148,0.013190984725952148,0.012620508670806885,0.0,False,False
"(6, 13, 43)",remainder1800,7.137222222222222,tune,0.09888124465942383,0.09888124465942383,0.0,0.0,False,False
"(6, 14, 15)",remainder1800,7.137222222222222,tune,0.0957949161529541,0.0957949161529541,0.0,0.0,False,False
"(6, 14, 16)",exact397,1.0,tune,0.1572802066802978,0.1572802066802979,0.0,0.0,True,True
"(6, 14, 22)",remainder1800,7.137222222222222,test,0.09046328067779541,0.09046328067779541,0.0,0.0,False,False
"(6, 14, 23)",exact397,1.0,tune,0.025739848613739,0.025739848613739097,0.06292623281478882,0.0,False,False
"(6, 14, 31)",exact397,1.0,tune,0.1520560979843139,0.15205609798431402,0.0,0.0,True,True
"(6, 14, 32)",exact397,1.0,tune,0.1525262594223022,0.15252625942230225,0.0,0.0,True,True
"(6, 14, 33)",exact397,1.0,test,0.1684844493865966,0.16848444938659674,0.0,0.0,True,True
"(6, 14, 40)",remainder1800,7.137222222222222,tune,0.11481815576553345,0.11481815576553345,0.0,0.0,True,True
"(6, 15, 16)",exact397,1.0,tune,0.1385736465454101,0.13857364654541016,0.0,0.0,True,True
"(6, 15, 20)",remainder1800,7.137222222222222,tune,0.09343749284744263,0.09343749284744263,0.001933625745415224,0.0008664580095775198,False,False
"(6, 15, 26)",remainder1800,7.137222222222222,tune,0.04370754957199097,0.04370754957199097,0.010274887084960938,0.0,False,False
"(6, 16, 18)",exact397,1.0,tune,0.1845508217811584,0.18455082178115845,0.0,0.0,True,True
"(6, 16, 19)",exact397,1.0,tune,0.1645352840423584,0.1645352840423584,0.0015569338859922066,0.0007561723928212194,True,True
"(6, 16, 29)",remainder1800,7.137222222222222,tune,0.09773892164230347,0.09773892164230347,0.01091651337030769,0.019107131228449536,False,False
"(6, 16, 31)",exact397,1.0,tune,0.1782324314117431,0.17823243141174316,0.0,0.0,True,True
"(6, 16, 32)",exact397,1.0,test,0.1780263185501098,0.17802631855010986,0.0,0.0,True,True
"(6, 16, 33)",exact397,1.0,test,0.1617881059646606,0.1617881059646606,0.0,0.0,True,True
"(6, 16, 34)",remainder1800,7.137222222222222,tune,0.0659404993057251,0.0659404993057251,0.004161238670349121,0.0,False,False
"(6, 16, 38)",exact397,1.0,tune,0.1866835355758667,0.18668353557586673,0.0023685498040283415,0.0023863262173773325,True,True
"(6, 16, 39)",remainder1800,7.137222222222222,test,0.13288801908493042,0.13288801908493042,0.0,0.0,True,True
"(6, 16, 40)",exact397,1.0,tune,0.1617929935455322,0.16179299354553223,0.0,0.0,True,True
"(6, 17, 23)",remainder1800,7.137222222222222,test,0.045860230922698975,0.045860230922698975,0.006957530975341797,0.0,False,False
"(6, 17, 31)",remainder1800,7.137222222222222,test,0.0938614010810852,0.0938614010810852,0.0,0.0,False,False
"(6, 17, 33)",remainder1800,7.137222222222222,tune,0.09441012144088745,0.09441012144088745,0.0,0.0,False,False
"(6, 17, 39)",remainder1800,7.137222222222222,test,0.07024455070495605,0.07024455070495605,0.0,0.0,False,False
"(6, 17, 43)",remainder1800,7.137222222222222,test,0.0732431411743164,0.0732431411743164,0.0,0.0,False,False
"(6, 18, 27)",remainder1800,7.137222222222222,tune,0.07482737302780151,0.07482737302780151,0.0,0.0,False,False
"(6, 18, 29)",exact397,1.0,tune,0.1341312527656555,0.13413125276565552,0.0,0.0,True,True
"(6, 18, 35)",exact397,1.0,test,0.072948932647705,0.0729489326477051,0.0,0.0,False,False
"(6, 19, 20)",remainder1800,7.137222222222222,test,0.029427766799926758,0.029427766799926758,0.0025618672370910645,0.0006249386410246416,False,False
"(6, 19, 33)",exact397,1.0,tune,0.1405850052833557,0.14058500528335577,0.0021029743585480043,0.001093724820774189,True,True
"(6, 19, 39)",remainder1800,7.137222222222222,tune,0.07014793157577515,0.07014793157577515,0.0020457377003018085,0.0015912811469565025,False,False
"(6, 20, 27)",remainder1800,7.137222222222222,tune,0.06292760372161865,0.06292760372161865,0.0010974670817054388,0.0009794789500394696,False,False
"(6, 20, 29)",exact397,1.0,test,0.0863460302352905,0.08634603023529047,0.014675519230107514,0.024265070951834583,False,False
"(6, 20, 31)",remainder1800,7.137222222222222,test,0.12266147136688232,0.12266147136688232,0.0008722466195972833,0.0007615824884119604,True,True
"(6, 20, 33)",exact397,1.0,tune,0.1427345871925354,0.1427345871925354,0.0012341098090569158,0.0009006073873396581,True,True
"(6, 20, 34)",remainder1800,7.137222222222222,test,0.065707266330719,0.065707266330719,0.007782995700836182,0.0007615824884119604,False,False
"(6, 21, 29)",remainder1800,7.137222222222222,tune,0.06159549951553345,0.06159549951553345,0.0,0.0005426546627067541,False,False
"(6, 21, 30)",remainder1800,7.137222222222222,test,0.041160404682159424,0.041160404682159424,0.0,0.0,False,False
"(6, 21, 34)",remainder1800,7.137222222222222,tune,0.0422704815864563,0.0422704815864563,0.0,0.0,False,False
"(6, 21, 35)",remainder1800,7.137222222222222,test,0.0422704815864563,0.0422704815864563,0.0,0.0,False,False
"(6, 21, 36)",remainder1800,7.137222222222222,tune,0.0422704815864563,0.0422704815864563,0.0,0.0,False,False
"(6, 21, 43)",remainder1800,7.137222222222222,tune,0.06942296028137207,0.06942296028137207,0.006244301795959473,0.0,False,False
"(6, 22, 27)",remainder1800,7.137222222222222,tune,0.06535613536834717,0.06535613536834717,0.0,0.0,False,False
"(6, 22, 29)",remainder1800,7.137222222222222,tune,0.06883412599563599,0.06883412599563599,0.005647122859954834,0.0,False,False
"(6, 22, 30)",remainder1800,7.137222222222222,test,0.06433182954788208,0.06433182954788208,0.005399942398071289,0.0,False,False
"(6, 22, 35)",remainder1800,7.137222222222222,test,0.04751783609390259,0.04751783609390259,0.0,0.0,False,False
"(6, 22, 36)",remainder1800,7.137222222222222,tune,0.04751783609390259,0.04751783609390259,0.0,0.0,False,False
"(6, 22, 39)",remainder1800,7.137222222222222,test,0.08937263488769531,0.08937263488769531,0.0,0.0,False,False
"(6, 23, 40)",remainder1800,7.137222222222222,tune,0.03899258375167847,0.03899258375167847,0.0803689956665039,0.0,False,False
"(6, 23, 43)",remainder1800,7.137222222222222,test,0.035302162170410156,0.035302162170410156,0.0,0.0,False,False
"(6, 24, 26)",remainder1800,7.137222222222222,tune,0.043132901191711426,0.043132901191711426,0.0,0.0,False,False
"(6, 24, 32)",remainder1800,7.137222222222222,test,0.1112108826637268,0.1112108826637268,0.0,0.0,True,True
"(6, 24, 33)",exact397,1.0,tune,0.1228476762771606,0.12284767627716059,0.0023551583290100098,0.0,True,True
"(6, 24, 35)",remainder1800,7.137222222222222,tune,0.052213311195373535,0.052213311195373535,0.0,0.0,False,False
"(6, 25, 26)",remainder1800,7.137222222222222,tune,0.09420013427734375,0.09420013427734375,0.0,0.0,False,False
"(6, 25, 28)",remainder1800,7.137222222222222,test,0.031041860580444336,0.031041860580444336,0.0020295381546020508,0.007712582271296425,False,False
"(6, 25, 38)",remainder1800,7.137222222222222,tune,0.039804160594940186,0.039804160594940186,0.003618939442702862,0.0023851341244819357,False,False
"(6, 26, 30)",remainder1800,7.137222222222222,tune,0.0484769344329834,0.0484769344329834,0.0017864108085632324,0.0,False,False
"(6, 26, 31)",remainder1800,7.137222222222222,tune,0.05342888832092285,0.05342888832092285,0.0,0.0,False,False
"(6, 27, 37)",remainder1800,7.137222222222222,tune,0.10150641202926636,0.10150641202926636,0.0,0.0,True,True
"(6, 27, 42)",remainder1800,7.137222222222222,tune,0.06398284435272217,0.06398284435272217,0.0,0.0,False,False
"(6, 28, 33)",remainder1800,7.137222222222222,test,0.09356057643890381,0.09356057643890381,0.0031990408897399902,0.0,False,False
"(6, 28, 36)",remainder1800,7.137222222222222,test,0.04103034734725952,0.04103034734725952,0.003947734832763672,0.007712582271296425,False,False
"(6, 28, 39)",remainder1800,7.137222222222222,test,0.08990395069122314,0.08990395069122314,0.014671042606715895,0.007712582271296425,False,False
"(6, 28, 43)",remainder1800,7.137222222222222,tune,0.07025957107543945,0.06572526861583639,0.007530429049475651,0.012064731509078719,False,False
"(6, 29, 31)",exact397,1.0,tune,0.1536580920219421,0.1536580920219422,0.034475175401423086,0.03331793734327515,True,True
"(6, 29, 32)",exact397,1.0,tune,0.1527061462402343,0.15270614624023438,0.03457563260589702,0.03259616689602163,True,True
"(6, 29, 33)",exact397,1.0,test,0.1463619470596313,0.1463619470596314,0.03556456046183776,0.03573474658864906,True,True
"(6, 29, 36)",exact397,1.0,tune,0.0355110168457031,0.03554544292388628,0.0054558515548706055,0.0005426546627068096,False,False
"(6, 30, 31)",exact397,1.0,test,0.1635043025016784,0.16350430250167852,0.0,0.0,True,True
"(6, 30, 32)",exact397,1.0,test,0.1603239774703979,0.1603239774703979,0.0,0.0,True,True
"(6, 30, 33)",exact397,1.0,test,0.1602087020874023,0.1602087020874023,0.0,0.0,True,True
"(6, 30, 39)",remainder1800,7.137222222222222,tune,0.06043356657028198,0.06043356657028198,0.0,0.0,False,False
"(6, 31, 34)",remainder1800,7.137222222222222,tune,0.05773347616195679,0.05773347616195679,0.0,0.0,False,False
"(6, 31, 38)",remainder1800,7.137222222222222,tune,0.106941819190979,0.106941819190979,0.0006555206669680569,0.0005339364133744029,True,True
"(6, 32, 42)",remainder1800,7.137222222222222,tune,0.06350994110107422,0.06350994110107422,0.0,0.0,False,False
"(6, 33, 39)",exact397,1.0,tune,0.1329987049102783,0.13299870491027838,0.0,0.0,True,True
"(6, 33, 42)",remainder1800,7.137222222222222,test,0.0619664192199707,0.0619664192199707,0.0,0.0,False,False
"(6, 35, 36)",remainder1800,7.137222222222222,tune,0.007828593254089355,0.007828593254089355,0.002049863338470459,0.0,False,False
"(6, 35, 40)",remainder1800,7.137222222222222,test,0.04547601938247681,0.04547601938247681,0.014139354228973389,0.0,False,False
"(6, 35, 41)",exact397,1.0,tune,0.0227053761482238,0.022705376148223905,0.005569279193878202,0.0,False,False
"(6, 35, 43)",remainder1800,7.137222222222222,tune,0.07756966352462769,0.07756966352462769,0.0,0.0,False,False
"(6, 37, 38)",remainder1800,7.137222222222222,tune,0.056673288345336914,0.056673288345336914,0.013981461524963379,0.0014561957356574728,False,False
"(6, 37, 39)",remainder1800,7.137222222222222,test,0.08044624328613281,0.08044624328613281,0.0007165670394897461,0.0,False,False
"(6, 38, 42)",remainder1800,7.137222222222222,tune,0.055748820304870605,0.055748820304870605,0.002631170144814843,0.0008453673359992697,False,False
"(6, 40, 41)",remainder1800,7.137222222222222,test,0.003214597702026367,0.003214597702026367,0.028890132904052734,0.0,False,False
"(7, 8, 12)",remainder1800,7.137222222222222,tune,0.019462943077087402,0.019462943077087402,0.000700831413269043,0.00032018340226738773,False,False
"(7, 8, 13)",remainder1800,7.137222222222222,test,0.0743972659111023,0.0743972659111023,0.00559657068998437,0.00161203347760841,False,False
"(7, 8, 16)",remainder1800,7.137222222222222,tune,0.030929744243621826,0.030929744243621826,0.013657286938201646,0.008974888015497784,False,False
"(7, 8, 19)",remainder1800,7.137222222222222,tune,0.03593599796295166,0.03593599796295166,0.007019796423021807,0.009181734077834514,False,False
"(7, 8, 28)",exact397,1.0,tune,0.0520971417427063,0.0520971417427063,0.013566609670582694,0.0014061536819841985,False,False
"(7, 8, 38)",remainder1800,7.137222222222222,test,0.03296399116516113,0.03296399116516113,0.012708485126495361,0.0031641142047399984,False,False
"(7, 9, 13)",remainder1800,7.137222222222222,tune,0.03365659713745117,0.03365659713745117,0.002241790294647217,0.006413664451424328,False,False
"(7, 9, 35)",remainder1800,7.137222222222222,tune,0.05728727579116821,0.05728727579116821,0.0027466416358947754,0.0009603594310514663,False,False
"(7, 9, 37)",remainder1800,7.137222222222222,tune,0.08279317617416382,0.08279317617416382,0.0,0.0,False,False
"(7, 9, 41)",remainder1800,7.137222222222222,tune,0.01831507682800293,0.01831507682800293,0.0035410523414611816,0.006388361009412424,False,False
"(7, 10, 11)",exact397,1.0,test,0.1342328786849975,0.13423287868499756,0.0,0.0,True,True
"(7, 10, 12)",exact397,1.0,tune,0.1417269706726074,0.14172697067260742,0.0,0.0,True,True
"(7, 10, 33)",remainder1800,7.137222222222222,tune,0.04514026641845703,0.04514026641845703,0.0,0.0,False,False
"(7, 10, 34)",remainder1800,7.137222222222222,tune,0.035913050174713135,0.035913050174713135,0.0,0.0,False,False
"(7, 10, 38)",remainder1800,7.137222222222222,tune,0.10697174072265625,0.10697174072265625,0.000506342448326258,0.0010020742789231818,True,True
"(7, 11, 14)",exact397,1.0,tune,0.1917198896408081,0.1917198896408081,0.0,0.0,True,True
"(7, 11, 19)",exact397,1.0,test,0.1582319140434265,0.1582319140434265,0.002317546566840023,0.009181734077834514,True,True
"(7, 11, 20)",exact397,1.0,tune,0.1600514650344848,0.16005146503448486,0.002156507566774546,0.011056264411323014,True,True
"(7, 11, 25)",remainder1800,7.137222222222222,tune,0.04086661338806152,0.04086661338806152,0.0,0.0023711877101708356,False,False
"(7, 11, 42)",remainder1800,7.137222222222222,tune,0.1132017970085144,0.1132017970085144,0.0,0.0005353465869126217,True,True
"(7, 11, 43)",remainder1800,7.137222222222222,tune,0.13246804475784302,0.13246804475784302,0.0,0.0,True,True
"(7, 12, 17)",remainder1800,7.137222222222222,test,0.1188056468963623,0.1188056468963623,0.006538553796834989,0.01012871355687528,True,True
"(7, 12, 26)",remainder1800,7.137222222222222,tune,0.08653074502944946,0.08653074502944946,0.0,0.0023908704733660857,False,False
"(7, 12, 27)",remainder1800,7.137222222222222,tune,0.09503483772277832,0.09503483772277832,0.0,0.002184944999409799,False,False
"(7, 12, 39)",remainder1800,7.137222222222222,tune,0.08483821153640747,0.08483821153640747,0.0,0.0,False,False
"(7, 12, 41)",remainder1800,7.137222222222222,tune,0.03219789266586304,0.03219789266586304,0.007890820503234863,0.0,False,False
"(7, 13, 14)",remainder1800,7.137222222222222,tune,0.09376007318496704,0.09376007318496704,0.0,0.0,False,False
"(7, 13, 17)",exact397,1.0,test,0.1917107701301574,0.19171077013015747,0.013927014197497312,0.01012871355687528,True,True
"(7, 13, 22)",remainder1800,7.137222222222222,tune,0.033926308155059814,0.033926308155059814,0.006498992443084717,0.006413664451424328,False,False
"(7, 14, 22)",remainder1800,7.137222222222222,test,0.04502624273300171,0.04502624273300171,0.0,0.0,False,False
"(7, 14, 25)",remainder1800,7.137222222222222,tune,0.04081302881240845,0.04081302881240845,0.0010524392127990723,0.0,False,False
"(7, 14, 38)",exact397,1.0,tune,0.1730861663818359,0.17308616638183597,0.0,0.00025668875033957317,True,True
"(7, 14, 40)",remainder1800,7.137222222222222,test,0.0647081732749939,0.0647081732749939,0.00856482982635498,0.0,False,False
"(7, 15, 22)",remainder1800,7.137222222222222,tune,0.027848124504089355,0.027848124504089355,0.0,0.0014083192527297173,False,False
"(7, 15, 28)",exact397,1.0,tune,0.0201119184494018,0.030660405277662603,0.0416148449177078,0.0,False,False
"(7, 15, 30)",exact397,1.0,tune,0.0533466339111328,0.05334663391113281,0.00011389256875737885,0.0,False,False
"(7, 15, 33)",remainder1800,7.137222222222222,test,0.05047732591629028,0.05047732591629028,0.0,0.0,False,False
"(7, 15, 37)",remainder1800,7.137222222222222,test,0.09341424703598022,0.09341424703598022,0.0007947087287902832,0.0,False,False
"(7, 16, 24)",remainder1800,7.137222222222222,tune,0.0638701319694519,0.05489524395395412,0.0020450949668884277,0.008974888015497784,False,False
"(7, 16, 43)",remainder1800,7.137222222222222,test,0.04412168264389038,0.04412168264389038,0.0,0.0,False,False
"(7, 17, 29)",remainder1800,7.137222222222222,tune,0.09034526348114014,0.09034526348114014,0.01716497257090177,0.01012871355687528,False,False
"(7, 17, 36)",remainder1800,7.137222222222222,tune,0.03630709648132324,0.03630709648132324,0.009768147625298429,0.01012871355687528,False,False
"(7, 17, 38)",exact397,1.0,tune,0.1788351535797119,0.17883515357971191,0.004678994383180424,0.01012871355687528,True,True
"(7, 18, 25)",remainder1800,7.137222222222222,tune,0.02640455961227417,0.02640455961227417,0.004578797809535795,0.00524904918416369,False,False
"(7, 18, 30)",remainder1800,7.137222222222222,test,0.08009475469589233,0.08009475469589233,0.007862015999118899,0.013597650294471464,False,False
"(7, 18, 33)",remainder1800,7.137222222222222,test,0.045219242572784424,0.045219242572784424,0.0029475992424524665,0.004665464709524,False,False
"(7, 18, 37)",remainder1800,7.137222222222222,tune,0.0803564190864563,0.0803564190864563,0.0040547847747802734,0.0,False,False
"(7, 19, 25)",remainder1800,7.137222222222222,tune,0.0355682373046875,0.0355682373046875,0.001090103403250553,0.009181734077834514,False,False
"(7, 19, 26)",remainder1800,7.137222222222222,test,0.04553288221359253,0.04553288221359253,0.0032086701964285647,0.009181734077834514,False,False
"(7, 19, 37)",remainder1800,7.137222222222222,tune,0.06357443332672119,0.06357443332672119,0.0030965805053710938,0.009181734077834514,False,False
"(7, 19, 38)",exact397,1.0,tune,0.1567649245262146,0.15676492452621457,0.003195088450768546,0.009181734077834514,True,True
"(7, 19, 39)",remainder1800,7.137222222222222,tune,0.05297118425369263,0.05297118425369263,0.000989357701031257,0.009181734077834514,False,False
"(7, 20, 37)",remainder1800,7.137222222222222,tune,0.06412017345428467,0.06412017345428467,0.0032924413681030273,0.011056264411323014,False,False
"(7, 20, 38)",exact397,1.0,tune,0.1592834591865539,0.15928345918655404,0.0018693385475717639,0.011056264411323014,True,True
"(7, 21, 22)",remainder1800,7.137222222222222,test,0.03735232353210449,0.03735232353210449,0.04295726811826031,0.01960088340420546,False,False
"(7, 21, 24)",remainder1800,7.137222222222222,test,0.0793653130531311,0.0793653130531311,0.0,0.00030105483531189803,False,False
"(7, 21, 27)",remainder1800,7.137222222222222,tune,0.045150816440582275,0.045150816440582275,0.0046293297990402105,0.0,False,False
"(7, 21, 29)",remainder1800,7.137222222222222,test,0.03609180450439453,0.03609180450439453,0.0,0.0,False,False
"(7, 21, 37)",exact397,1.0,tune,0.0722873210906982,0.0722873210906983,0.021136716286133006,0.0072840603985292185,False,False
"(7, 22, 43)",remainder1800,7.137222222222222,tune,0.0469893217086792,0.0469893217086792,0.004503369331359863,0.003191303350563668,False,False
"(7, 23, 30)",remainder1800,7.137222222222222,tune,0.020336389541625977,0.020336389541625977,0.008521963923434447,0.0,False,False
"(7, 23, 34)",remainder1800,7.137222222222222,tune,0.039410293102264404,0.039410293102264404,0.0061497654874057405,0.0009603594310514663,False,False
"(7, 23, 38)",remainder1800,7.137222222222222,test,0.030328810214996338,0.030328810214996338,0.008783936500549316,0.0031641142047399984,False,False
"(7, 24, 26)",remainder1800,7.137222222222222,test,0.03284353017807007,0.03284353017807007,0.0,0.00030105483531189803,False,False
"(7, 24, 30)",remainder1800,7.137222222222222,tune,0.08128416538238525,0.08128416538238525,0.0028396248817443848,0.00030105483531189803,False,False
"(7, 24, 31)",exact397,1.0,tune,0.0946002006530761,0.09460020065307612,0.0,0.00030105483531189803,False,False
"(7, 24, 40)",remainder1800,7.137222222222222,test,0.0671851634979248,0.0671851634979248,2.866983413696289e-05,0.0,False,False
"(7, 25, 36)",remainder1800,7.137222222222222,tune,0.03114759922027588,0.03114759922027588,0.0,0.0009603594310514663,False,False
"(7, 25, 39)",remainder1800,7.137222222222222,tune,0.031098663806915283,0.031098663806915283,0.0,0.0010371768801446385,False,False
"(7, 25, 41)",remainder1800,7.137222222222222,tune,0.030530154705047607,0.030530154705047607,0.005335917494744324,0.0037786904629564244,False,False
"(7, 26, 27)",remainder1800,7.137222222222222,tune,0.061544835567474365,0.061544835567474365,0.0,0.0023908704733660857,False,False
"(7, 26, 31)",remainder1800,7.137222222222222,test,0.07372099161148071,0.07372099161148071,0.0,0.0,False,False
"(7, 26, 36)",remainder1800,7.137222222222222,test,0.06096386909484863,0.06096386909484863,0.0,0.0023908704733660857,False,False
"(7, 26, 38)",remainder1800,7.137222222222222,tune,0.034265339374542236,0.034265339374542236,0.0010875554669865783,0.0031641142047399984,False,False
"(7, 26, 40)",remainder1800,7.137222222222222,tune,0.04084193706512451,0.04084193706512451,0.0,0.0,False,False
"(7, 27, 34)",remainder1800,7.137222222222222,tune,0.053290367126464844,0.053290367126464844,0.02030862218517565,0.0054161561730762114,False,False
"(7, 27, 39)",remainder1800,7.137222222222222,tune,0.03018057346343994,0.03018057346343994,0.0037428736686706543,0.0,False,False
"(7, 28, 32)",remainder1800,7.137222222222222,tune,0.030648887157440186,0.030648887157440186,0.006969332695007324,0.0,False,False
"(7, 28, 41)",remainder1800,7.137222222222222,tune,0.022050857543945312,0.022050857543945312,0.008389294147491455,0.011174130279351421,False,False
"(7, 28, 43)",remainder1800,7.137222222222222,test,0.043175458908081055,0.04401915505152887,0.02252726652020362,0.02262029686628697,False,False
"(7, 29, 30)",remainder1800,7.137222222222222,tune,0.02873295545578003,0.03171567282481649,0.015175037388027501,0.012192320018991037,False,False
"(7, 29, 33)",remainder1800,7.137222222222222,test,0.07984697818756104,0.07984697818756104,0.030146985854825226,0.03573474658864906,False,False
"(7, 29, 37)",remainder1800,7.137222222222222,tune,0.07660871744155884,0.07660871744155884,0.0033990144729614258,0.0,False,False
"(7, 29, 41)",remainder1800,7.137222222222222,tune,0.023660123348236084,0.023660123348236084,0.009579181671142578,0.0,False,False
"(7, 29, 43)",exact397,1.0,test,0.1445790529251098,0.1444250867221279,0.006160810482719298,0.00587048788418762,True,True
"(7, 30, 37)",remainder1800,7.137222222222222,test,0.09124910831451416,0.09124910831451416,0.0,0.0,False,False
"(7, 30, 41)",remainder1800,7.137222222222222,tune,0.01970142126083374,0.01970142126083374,0.0023421645164489746,0.0,False,False
"(7, 30, 43)",exact397,1.0,tune,0.1602833271026611,0.16028332710266113,0.0043224301142320565,0.006056869233332929,True,True
"(7, 31, 38)",remainder1800,7.137222222222222,tune,0.07138705253601074,0.07138705253601074,0.0010736766576416867,0.0031641142047399984,False,False
"(7, 31, 42)",remainder1800,7.137222222222222,tune,0.040416419506073,0.040416419506073,0.0017907023429870605,0.0005353465869126217,False,False
"(7, 32, 34)",remainder1800,7.137222222222222,test,0.025859475135803223,0.025859475135803223,0.01122903823852539,0.0,False,False
"(7, 32, 36)",remainder1800,7.137222222222222,tune,0.025859475135803223,0.025859475135803223,0.01122903823852539,0.0,False,False
"(7, 33, 37)",remainder1800,7.137222222222222,tune,0.07574176788330078,0.07574176788330078,0.004601776599884033,0.0,False,False
"(7, 33, 42)",remainder1800,7.137222222222222,tune,0.04952800273895264,0.04952800273895264,0.0,0.0005353465869126217,False,False
"(7, 34, 36)",remainder1800,7.137222222222222,tune,0.0012807250022888184,0.0012807250022888184,0.0032281495836888052,0.0009603594310514663,False,False
"(7, 35, 41)",remainder1800,7.137222222222222,test,0.0425945520401001,0.0425945520401001,0.006827354431152344,0.0009603594310514663,False,False
"(7, 37, 43)",remainder1800,7.137222222222222,test,0.08293759822845459,0.08293759822845459,0.0,0.0,False,False
"(7, 38, 39)",remainder1800,7.137222222222222,tune,0.028144121170043945,0.028144121170043945,0.0014864206314086914,0.0031641142047399984,False,False
"(7, 38, 40)",remainder1800,7.137222222222222,test,0.05296623706817627,0.05296623706817627,0.00013023614883422852,0.0,False,False
"(7, 38, 43)",exact397,1.0,test,0.1283878684043884,0.12838786840438848,0.0,0.0002338952666731675,True,True
"(7, 40, 43)",remainder1800,7.137222222222222,tune,0.12490946054458618,0.12490946054458618,0.0,0.0,True,True
"(7, 42, 43)",remainder1800,7.137222222222222,tune,0.039224863052368164,0.039224863052368164,0.0,0.003191303350563668,False,False
"(8, 9, 11)",remainder1800,7.137222222222222,test,0.03316372632980347,0.03316372632980347,0.0,0.0017892258759238389,False,False
"(8, 9, 12)",remainder1800,7.137222222222222,tune,0.02691805362701416,0.02691805362701416,0.0,0.0,False,False
"(8, 9, 14)",remainder1800,7.137222222222222,tune,0.029230952262878418,0.029230952262878418,0.0,0.0030406705926627753,False,False
"(8, 9, 16)",remainder1800,7.137222222222222,tune,0.05329185724258423,0.05329185724258423,0.0004978097873392512,0.0,False,False
"(8, 9, 22)",remainder1800,7.137222222222222,tune,0.039017319679260254,0.039017319679260254,0.0009920597076416016,0.0013566992681149637,False,False
"(8, 9, 24)",remainder1800,7.137222222222222,tune,0.027595341205596924,0.027595341205596924,0.003462374210357666,0.0,False,False
"(8, 9, 28)",remainder1800,7.137222222222222,tune,0.03472357988357544,0.03472357988357544,0.00195643766431039,0.001406153681984143,False,False
"(8, 9, 29)",remainder1800,7.137222222222222,tune,0.018319666385650635,0.018319666385650635,0.011294186115264893,0.005244540826382704,False,False
"(8, 9, 32)",remainder1800,7.137222222222222,tune,0.048046886920928955,0.048046886920928955,0.0,0.0,False,False
"(8, 9, 33)",remainder1800,7.137222222222222,tune,0.04996699094772339,0.04996699094772339,0.0,0.0,False,False
"(8, 9, 34)",remainder1800,7.137222222222222,test,0.044816672801971436,0.044816672801971436,0.0,0.004398706796645599,False,False
"(8, 9, 41)",remainder1800,7.137222222222222,test,0.015088558197021484,0.015088558197021484,0.00903078916594327,0.00387896892797486,False,False
"(8, 10, 36)",remainder1800,7.137222222222222,test,0.03985404968261719,0.03985404968261719,0.0,0.0007045404889828855,False,False
"(8, 10, 38)",remainder1800,7.137222222222222,test,0.018831193447113037,0.018831193447113037,0.0013331174850463867,0.003369630374046473,False,False
"(8, 10, 41)",exact397,1.0,test,0.0088738203048706,0.008873820304870605,0.004182994365692222,0.0007045404889828855,False,False
"(8, 11, 33)",remainder1800,7.137222222222222,test,0.07648229598999023,0.07648229598999023,0.0,0.0,False,False
"(8, 11, 40)",remainder1800,7.137222222222222,test,0.029446423053741455,0.029446423053741455,0.005351722240447998,0.0017892258759238389,False,False
"(8, 12, 26)",remainder1800,7.137222222222222,tune,0.02796262502670288,0.02796262502670288,0.0026243925094604492,0.0,False,False
"(8, 12, 27)",remainder1800,7.137222222222222,test,0.021419405937194824,0.021419405937194824,0.002532857310963754,0.002184944999409799,False,False
"(8, 12, 34)",remainder1800,7.137222222222222,tune,0.027559757232666016,0.027559757232666016,0.0,0.0,False,False
"(8, 13, 16)",exact397,1.0,tune,0.0574986934661865,0.05749869346618658,0.0,0.0,False,False
"(8, 13, 29)",remainder1800,7.137222222222222,tune,0.023376941680908203,0.023376941680908203,0.0005849599838256836,0.0,False,False
"(8, 13, 36)",remainder1800,7.137222222222222,tune,0.028461754322052002,0.028461754322052002,0.0,0.0,False,False
"(8, 13, 42)",remainder1800,7.137222222222222,tune,0.04797083139419556,0.04797083139419556,0.001902949675140042,0.0,False,False
"(8, 14, 23)",remainder1800,7.137222222222222,tune,0.02774912118911743,0.024708450596454656,0.06259864568710327,0.0030406705926627753,False,False
"(8, 14, 24)",remainder1800,7.137222222222222,tune,0.027486979961395264,0.027486979961395264,0.0,0.0,False,False
"(8, 14, 25)",exact397,1.0,tune,0.0339193940162658,0.0339193940162658,0.0036196415027664047,0.003040670592662789,False,False
"(8, 14, 33)",remainder1800,7.137222222222222,test,0.03232133388519287,0.03232133388519287,0.006390690803527832,0.0,False,False
"(8, 14, 40)",remainder1800,7.137222222222222,test,0.02141040563583374,0.02141040563583374,0.009515523910522461,0.0,False,False
"(8, 15, 24)",remainder1800,7.137222222222222,tune,0.032246530055999756,0.032246530055999756,0.01223870255213122,0.013464848880392871,False,False
"(8, 15, 25)",remainder1800,7.137222222222222,tune,0.03556281328201294,0.03556281328201294,0.016994178295135498,0.0,False,False
"(8, 15, 28)",remainder1800,7.137222222222222,test,0.030095160007476807,0.030095160007476807,0.05152519602488265,0.01061821447319622,False,False
"(8, 15, 34)",remainder1800,7.137222222222222,test,0.023938894271850586,0.023938894271850586,0.00032132863998413086,0.0,False,False
"(8, 15, 41)",remainder1800,7.137222222222222,tune,0.016245543956756592,0.016245543956756592,0.002885103225708008,0.0,False,False
"(8, 16, 23)",remainder1800,7.137222222222222,test,0.017581701278686523,0.017581701278686523,0.006353914737701416,0.0,False,False
"(8, 16, 26)",remainder1800,7.137222222222222,tune,0.06494951248168945,0.06494951248168945,0.0,0.0,False,False
"(8, 16, 30)",remainder1800,7.137222222222222,tune,0.027499496936798096,0.025791287422180176,0.00738608704970245,0.005499776073366033,False,False
"(8, 16, 31)",remainder1800,7.137222222222222,tune,0.06008940935134888,0.06008940935134888,0.005727827548980713,0.0,False,False
"(8, 16, 40)",remainder1800,7.137222222222222,tune,0.02522653341293335,0.02522653341293335,0.009616255760192871,0.0,False,False
"(8, 16, 41)",remainder1800,7.137222222222222,test,0.012826800346374512,0.012826800346374512,0.010335087776184082,0.0,False,False
"(8, 16, 43)",remainder1800,7.137222222222222,test,0.06245601177215576,0.06245601177215576,0.006280760004768279,0.0,False,False
"(8, 17, 27)",remainder1800,7.137222222222222,tune,0.04054492712020874,0.04054492712020874,0.004339814186096191,0.0004008967356563878,False,False
"(8, 17, 33)",remainder1800,7.137222222222222,test,0.06625020503997803,0.06625020503997803,0.0,0.0,False,False
"(8, 17, 34)",remainder1800,7.137222222222222,test,0.04368108510971069,0.04368108510971069,0.0,0.0004008967356563878,False,False
"(8, 18, 20)",remainder1800,7.137222222222222,tune,0.0365331768989563,0.0365331768989563,0.003928422927856445,0.0006066831876422318,False,False
"(8, 18, 25)",remainder1800,7.137222222222222,test,0.03369969129562378,0.03369969129562378,0.0037128329277038574,0.001486041592204404,False,False
"(8, 18, 26)",exact397,1.0,tune,0.0772978067398071,0.07729780673980721,0.0,0.0,False,False
"(8, 18, 31)",remainder1800,7.137222222222222,tune,0.054223060607910156,0.054223060607910156,0.0,0.0,False,False
"(8, 18, 37)",remainder1800,7.137222222222222,tune,0.0635368824005127,0.0635368824005127,0.005612552165985107,0.0,False,False
"(8, 18, 39)",remainder1800,7.137222222222222,test,0.02425295114517212,0.02425295114517212,0.0038753151893615723,0.0,False,False
"(8, 19, 23)",remainder1800,7.137222222222222,tune,0.023204505443572998,0.023204505443572998,0.060908734798431396,0.0004193883026535339,False,False
"(8, 19, 27)",remainder1800,7.137222222222222,test,0.03110116720199585,0.03110116720199585,0.011307358741760254,0.000527263647285281,False,False
"(8, 19, 32)",remainder1800,7.137222222222222,test,0.036678969860076904,0.036678969860076904,0.0045847296714782715,0.00046951193115485346,False,False
"(8, 19, 42)",remainder1800,7.137222222222222,test,0.05005991458892822,0.05005991458892822,0.003639519214630127,0.0029510527501192263,False,False
"(8, 20, 21)",remainder1800,7.137222222222222,test,0.029994666576385498,0.029994666576385498,0.00690227746963501,0.0009111309270563028,False,False
"(8, 20, 26)",remainder1800,7.137222222222222,tune,0.03744024038314819,0.03744024038314819,0.0017208031978411809,0.0004935435619158879,False,False
"(8, 20, 35)",remainder1800,7.137222222222222,tune,0.04181569814682007,0.04181569814682007,0.004516959190368652,0.00044838811272829293,False,False
"(8, 20, 43)",remainder1800,7.137222222222222,tune,0.043050527572631836,0.043050527572631836,0.0030819336287550847,0.003160760562851972,False,False
"(8, 21, 34)",remainder1800,7.137222222222222,tune,0.04289960861206055,0.04289960861206055,0.00662308931350708,0.0,False,False
"(8, 21, 37)",remainder1800,7.137222222222222,tune,0.0364035964012146,0.0364035964012146,0.015031278133392334,0.0,False,False
"(8, 22, 28)",exact397,1.0,tune,0.0473958849906921,0.04739588499069211,0.008498386196095803,0.001910965491893797,False,False
"(8, 22, 32)",remainder1800,7.137222222222222,tune,0.049998581409454346,0.049998581409454346,0.004039347171783447,0.0,False,False
"(8, 24, 29)",remainder1800,7.137222222222222,test,0.02282041311264038,0.017938520745071823,0.005800283226044978,0.004881892367568558,False,False
"(8, 24, 34)",exact397,1.0,test,0.0264112949371337,0.02641129493713379,0.0,0.0,False,False
"(8, 24, 37)",remainder1800,7.137222222222222,test,0.023641884326934814,0.023641884326934814,0.0,0.0,False,False
"(8, 24, 42)",remainder1800,7.137222222222222,tune,0.025771260261535645,0.025771260261535645,0.0,0.0,False,False
"(8, 25, 29)",remainder1800,7.137222222222222,test,0.01009899377822876,0.0119460583479125,0.018290579319000244,0.0027639833906818456,False,False
"(8, 25, 31)",remainder1800,7.137222222222222,tune,0.02794504165649414,0.02794504165649414,0.014562070369720459,0.0,False,False
"(8, 25, 39)",exact397,1.0,tune,0.0183453559875488,0.01834535598754891,0.0089910286330772,0.0010371768801447079,False,False
"(8, 26, 34)",remainder1800,7.137222222222222,test,0.03498357534408569,0.03498357534408569,0.0,0.002037935079992337,False,False
"(8, 27, 30)",remainder1800,7.137222222222222,test,0.03005242347717285,0.03005242347717285,0.0,0.0,False,False
"(8, 27, 33)",remainder1800,7.137222222222222,tune,0.06330341100692749,0.06330341100692749,0.0,0.0,False,False
"(8, 27, 35)",remainder1800,7.137222222222222,tune,0.03833425045013428,0.03833425045013428,0.002905171125877376,0.0054161561730762114,False,False
"(8, 27, 38)",remainder1800,7.137222222222222,tune,0.021544456481933594,0.021544456481933594,0.0033692121505737305,0.000993724711252253,False,False
"(8, 27, 39)",remainder1800,7.137222222222222,tune,0.021404266357421875,0.021404266357421875,0.007268548011779785,0.0011726697131012181,False,False
"(8, 29, 32)",exact397,1.0,test,0.0257744193077087,0.025774419307708796,0.036108430194056296,0.03259616689602163,False,False
"(8, 29, 33)",remainder1800,7.137222222222222,tune,0.0237349271774292,0.0237349271774292,0.03416034950155189,0.03573474658864906,False,False
"(8, 29, 35)",remainder1800,7.137222222222222,tune,0.025169014930725098,0.025169014930725098,0.023708658745264496,0.010106163551783051,False,False
"(8, 30, 43)",remainder1800,7.137222222222222,tune,0.025776565074920654,0.025776565074920654,0.008417920460342593,0.009316528046809491,False,False
"(8, 31, 32)",remainder1800,7.137222222222222,test,0.009151160717010498,0.009151160717010498,0.0020690560340881348,0.0,False,False
"(8, 32, 40)",exact397,1.0,tune,0.023048996925354,0.023048996925354004,0.008211195468902588,0.0,False,False
"(8, 32, 43)",remainder1800,7.137222222222222,tune,0.040586233139038086,0.040022371520497785,0.0026935338973999023,0.0005638616185403011,False,False
"(8, 33, 34)",remainder1800,7.137222222222222,test,0.05556368827819824,0.05556368827819824,0.0,0.0,False,False
"(8, 33, 36)",exact397,1.0,test,0.0555636882781982,0.055563688278198214,0.0,0.0,False,False
"(8, 33, 42)",remainder1800,7.137222222222222,tune,0.04885131120681763,0.04885131120681763,0.002224147319793701,0.0,False,False
"(8, 34, 42)",remainder1800,7.137222222222222,tune,0.03472566604614258,0.03472566604614258,0.0,0.0013655555792862623,False,False
"(8, 35, 36)",remainder1800,7.137222222222222,test,0.0018139481544494629,0.0030587607766373037,0.0059415440284448645,0.006321671846389251,False,False
"(8, 35, 42)",remainder1800,7.137222222222222,test,0.03472566604614258,0.03472566604614258,0.0,0.0013655555792862623,False,False
"(8, 36, 41)",remainder1800,7.137222222222222,test,0.019634246826171875,0.019634246826171875,0.008748534563064056,0.006321671846389251,False,False
"(8, 39, 41)",remainder1800,7.137222222222222,tune,0.01177060604095459,0.010597936327853372,0.02544766664505005,0.0011726697131012181,False,False
"(8, 40, 41)",remainder1800,7.137222222222222,test,0.009837210178375244,0.009837210178375244,0.02336442470550537,0.0010508960272684331,False,False
"(9, 10, 11)",remainder1800,7.137222222222222,tune,0.08592677116394043,0.08592677116394043,0.0,0.0,False,False
"(9, 10, 17)",remainder1800,7.137222222222222,test,0.0347292423248291,0.0347292423248291,0.0,0.0,False,False
"(9, 10, 18)",remainder1800,7.137222222222222,tune,0.1110270619392395,0.1110270619392395,0.0,0.0,True,True
"(9, 10, 25)",remainder1800,7.137222222222222,tune,0.04353022575378418,0.04353022575378418,0.0,0.0,False,False
"(9, 10, 32)",remainder1800,7.137222222222222,test,0.06709659099578857,0.06709659099578857,0.0,0.0,False,False
"(9, 11, 17)",remainder1800,7.137222222222222,test,0.04062342643737793,0.04062342643737793,0.0,0.0,False,False
"(9, 11, 21)",remainder1800,7.137222222222222,tune,0.03033006191253662,0.03033006191253662,0.0,0.0,False,False
"(9, 11, 26)",remainder1800,7.137222222222222,tune,0.03294140100479126,0.03294140100479126,0.0,0.0002523818407063616,False,False
"(9, 11, 28)",remainder1800,7.137222222222222,tune,0.028994858264923096,0.028994858264923096,0.01949336572792909,0.015635743196135254,False,False
"(9, 11, 39)",remainder1800,7.137222222222222,test,0.08190929889678955,0.08190929889678955,0.0,0.00024602084296516946,False,False
"(9, 11, 40)",remainder1800,7.137222222222222,test,0.05667233467102051,0.05667233467102051,0.0002332925796508789,0.0,False,False
"(9, 12, 14)",exact397,1.0,tune,0.0357769727706909,0.03577697277069092,0.0,0.0009847338639787928,False,False
"(9, 12, 20)",remainder1800,7.137222222222222,test,0.05682438611984253,0.05682438611984253,0.0014921565918262214,0.0005672713188464851,False,False
"(9, 12, 23)",remainder1800,7.137222222222222,tune,0.043935954570770264,0.043935954570770264,0.011928021907806396,0.0,False,False
"(9, 12, 43)",remainder1800,7.137222222222222,tune,0.08492475748062134,0.08492475748062134,0.0,0.00019306338520818853,False,False
"(9, 13, 15)",exact397,1.0,test,0.0569357275962829,0.056935727596283014,0.0,0.0,False,False
"(9, 13, 27)",remainder1800,7.137222222222222,test,0.06532728672027588,0.06532728672027588,0.005905568599700928,0.0,False,False
"(9, 13, 30)",remainder1800,7.137222222222222,test,0.04748213291168213,0.04748213291168213,0.0,0.0036982407639595816,False,False
"(9, 13, 31)",remainder1800,7.137222222222222,tune,0.06716245412826538,0.06716245412826538,0.0,0.0,False,False
"(9, 13, 37)",remainder1800,7.137222222222222,tune,0.06465190649032593,0.06465190649032593,0.0,0.0,False,False
"(9, 14, 15)",exact397,1.0,tune,0.0841716527938842,0.08417165279388428,0.0,8.877858760800161e-05,False,False
"(9, 14, 18)",exact397,1.0,tune,0.3154791593551636,0.3154791593551636,0.0,0.0,True,True
"(9, 14, 34)",remainder1800,7.137222222222222,test,0.03559082746505737,0.03559082746505737,0.0,0.0,False,False
"(9, 14, 40)",exact397,1.0,test,0.1271984577178955,0.1271984577178955,0.0,0.0,True,True
"(9, 14, 41)",remainder1800,7.137222222222222,test,0.009712696075439453,0.009712696075439453,0.009928703308105469,0.0,False,False
"(9, 15, 22)",remainder1800,7.137222222222222,test,0.0369412899017334,0.0369412899017334,0.00698542594909668,8.877858760791835e-05,False,False
"(9, 15, 24)",remainder1800,7.137222222222222,test,0.042399704456329346,0.042399704456329346,0.0,0.013464848880392871,False,False
"(9, 15, 29)",remainder1800,7.137222222222222,test,0.04266327619552612,0.03854525089263916,0.0,0.005244540826382704,False,False
"(9, 15, 30)",remainder1800,7.137222222222222,tune,0.04453837871551514,0.04453837871551514,0.0040517934823066926,0.0,False,False
"(9, 16, 17)",exact397,1.0,test,0.1271553635597229,0.1271553635597229,0.0,0.002342105092404595,True,True
"(9, 16, 23)",remainder1800,7.137222222222222,tune,0.02210068702697754,0.02210068702697754,0.020732879638671875,0.0,False,False
"(9, 16, 38)",remainder1800,7.137222222222222,tune,0.1056135892868042,0.1056135892868042,0.0038220895479064154,0.0018491374872396937,True,True
"(9, 16, 40)",remainder1800,7.137222222222222,tune,0.09765225648880005,0.09765225648880005,0.0,0.0,False,False
"(9, 16, 43)",exact397,1.0,tune,0.1149439811706543,0.1149439811706543,0.0,0.0,True,True
"(9, 17, 28)",remainder1800,7.137222222222222,tune,0.07038503885269165,0.07038503885269165,0.017488998330630542,0.006122003691841835,False,False
"(9, 17, 36)",remainder1800,7.137222222222222,tune,0.05537593364715576,0.05537593364715576,0.0,0.0017476229298077559,False,False
"(9, 17, 37)",remainder1800,7.137222222222222,test,0.0976971983909607,0.0976971983909607,0.0038059353828430176,0.0,False,False
"(9, 17, 38)",remainder1800,7.137222222222222,tune,0.0674331784248352,0.0674331784248352,0.0,0.00014962275564156524,False,False
"(9, 18, 28)",remainder1800,7.137222222222222,test,0.08786332607269287,0.08786332607269287,0.0017459392547607422,0.0,False,False
"(9, 18, 29)",exact397,1.0,tune,0.1681550741195678,0.16815507411956787,0.0033494412257467077,0.0,True,True
"(9, 18, 30)",exact397,1.0,test,0.1633327603340149,0.1633327603340149,0.0010967830019457947,0.0,True,True
"(9, 18, 32)",remainder1800,7.137222222222222,test,0.1770789623260498,0.1770789623260498,0.0011445842026984732,0.0,True,True
"(9, 18, 33)",remainder1800,7.137222222222222,tune,0.15150588750839233,0.15150588750839233,0.0,0.0,True,True
"(9, 18, 38)",exact397,1.0,test,0.2803035378456116,0.2803035378456116,0.0012269977799884701,0.0009195846670251306,True,True
"(9, 18, 39)",exact397,1.0,tune,0.1991716027259826,0.1991716027259826,0.0,0.0,True,True
"(9, 18, 40)",exact397,1.0,tune,0.2326966524124145,0.23269665241241458,0.0,0.0,True,True
"(9, 18, 42)",remainder1800,7.137222222222222,tune,0.059711992740631104,0.059711992740631104,0.003818809986114502,0.0,False,False
"(9, 19, 32)",remainder1800,7.137222222222222,tune,0.05172836780548096,0.05172836780548096,0.0016101662278704687,0.0010676445414758984,False,False
"(9, 19, 34)",remainder1800,7.137222222222222,test,0.04252403974533081,0.04252403974533081,0.0020367632694673343,0.0010510216541719242,False,False
"(9, 20, 28)",remainder1800,7.137222222222222,test,0.026803016662597656,0.026803016662597656,0.0014135976700122566,0.003293930891443142,False,False
"(9, 20, 39)",remainder1800,7.137222222222222,tune,0.08581691980361938,0.08581691980361938,0.0018069718921093214,0.001326915230066672,False,False
"(9, 21, 36)",remainder1800,7.137222222222222,test,0.055219829082489014,0.055219829082489014,0.014171481132507324,0.0,False,False
"(9, 21, 37)",remainder1800,7.137222222222222,tune,0.07478499412536621,0.07478499412536621,0.004517197608947754,0.0,False,False
"(9, 21, 40)",remainder1800,7.137222222222222,test,0.05453401803970337,0.05453401803970337,0.0,0.0,False,False
"(9, 22, 28)",remainder1800,7.137222222222222,tune,0.035382091999053955,0.035382091999053955,0.005205270484242436,0.0,False,False
"(9, 22, 30)",remainder1800,7.137222222222222,test,0.04344457387924194,0.0535249617954424,0.02223654872436992,0.007005292440702297,False,False
"(9, 22, 35)",exact397,1.0,test,0.0721412301063537,0.07214123010635379,0.0,0.0,False,False
"(9, 22, 38)",remainder1800,7.137222222222222,tune,0.051399409770965576,0.051399409770965576,0.002276122570037842,0.0006908983609097141,False,False
"(9, 23, 24)",remainder1800,7.137222222222222,tune,0.04984867572784424,0.04984867572784424,0.0,0.0,False,False
"(9, 23, 27)",remainder1800,7.137222222222222,tune,0.047550737857818604,0.047550737857818604,0.009503543376922607,0.00023485636089735223,False,False
"(9, 23, 28)",remainder1800,7.137222222222222,test,0.03191035985946655,0.03191035985946655,0.00868355245829218,0.0008149644875585366,False,False
"(9, 23, 32)",remainder1800,7.137222222222222,test,0.034665703773498535,0.034665703773498535,0.01763707399368286,0.0,False,False
"(9, 23, 37)",remainder1800,7.137222222222222,test,0.05513221025466919,0.05513221025466919,0.0,0.0,False,False
"(9, 23, 40)",remainder1800,7.137222222222222,tune,0.02652454376220703,0.02652454376220703,0.05281108617782593,0.0,False,False
"(9, 23, 43)",remainder1800,7.137222222222222,test,0.03510922193527222,0.03510922193527222,0.0013556509270598038,0.0005598693146635636,False,False
"(9, 24, 27)",remainder1800,7.137222222222222,tune,0.05978810787200928,0.05978810787200928,0.00033795833587646484,0.0,False,False
"(9, 24, 33)",remainder1800,7.137222222222222,test,0.0569114089012146,0.0569114089012146,0.0,0.0,False,False
"(9, 24, 38)",remainder1800,7.137222222222222,tune,0.04652249813079834,0.04652249813079834,0.0005712406235737211,0.0015354403113504445,False,False
"(9, 24, 41)",remainder1800,7.137222222222222,tune,0.009606659412384033,0.009606659412384033,0.007504165172576904,0.0,False,False
"(9, 24, 43)",remainder1800,7.137222222222222,tune,0.06681579351425171,0.06681579351425171,0.00017493963241577148,0.0,False,False
"(9, 25, 38)",remainder1800,7.137222222222222,tune,0.03821486234664917,0.03821486234664917,0.0028099105504428845,0.0014152810719882947,False,False
"(9, 25, 39)",remainder1800,7.137222222222222,tune,0.04060173034667969,0.04060173034667969,0.0037815673621411083,0.0010371768801446385,False,False
"(9, 25, 41)",exact397,1.0,test,0.0198409557342529,0.019840955734252888,0.004743516445159898,0.0007552970703521011,False,False
"(9, 26, 28)",remainder1800,7.137222222222222,tune,0.04965907335281372,0.04965907335281372,0.0,0.006310329894353095,False,False
"(9, 26, 31)",remainder1800,7.137222222222222,tune,0.06086099147796631,0.06086099147796631,0.0,0.0,False,False
"(9, 26, 39)",remainder1800,7.137222222222222,test,0.045484721660614014,0.045484721660614014,0.0,0.0,False,False
"(9, 26, 40)",remainder1800,7.137222222222222,tune,0.04542058706283569,0.04542058706283569,0.0,0.0,False,False
"(9, 26, 42)",exact397,1.0,test,0.0684420466423034,0.06844204664230351,0.0,0.0,False,False
"(9, 27, 32)",remainder1800,7.137222222222222,tune,0.08313721418380737,0.08313721418380737,0.0,0.0,False,False
"(9, 27, 33)",remainder1800,7.137222222222222,tune,0.09258973598480225,0.09258973598480225,0.0,0.0,False,False
"(9, 28, 32)",remainder1800,7.137222222222222,tune,0.052069127559661865,0.052069127559661865,0.004458248615264893,0.0,False,False
"(9, 28, 38)",remainder1800,7.137222222222222,tune,0.04967522621154785,0.04897046089172363,0.004919111728668213,0.007331897489358918,False,False
"(9, 28, 39)",remainder1800,7.137222222222222,tune,0.04915493726730347,0.04915493726730347,0.014463841915130615,0.022690873616961732,False,False
"(9, 28, 41)",remainder1800,7.137222222222222,tune,0.019233286380767822,0.019233286380767822,0.008141040802001953,0.0008149644875585366,False,False
"(9, 30, 41)",remainder1800,7.137222222222222,tune,0.013856112957000732,0.013856112957000732,0.011477869940724014,0.01535530251434157,False,False
"(9, 31, 35)",remainder1800,7.137222222222222,test,0.07538342475891113,0.07538342475891113,0.0,0.0,False,False
"(9, 31, 41)",remainder1800,7.137222222222222,test,0.016129255294799805,0.016129255294799805,0.004202723503112793,0.0,False,False
"(9, 32, 36)",remainder1800,7.137222222222222,tune,0.07457268238067627,0.07457268238067627,0.0013003349304199219,0.0,False,False
"(9, 35, 39)",remainder1800,7.137222222222222,tune,0.03440898656845093,0.03440898656845093,0.0,0.0,False,False
"(9, 35, 42)",remainder1800,7.137222222222222,tune,0.0654723048210144,0.0654723048210144,0.0,0.0,False,False
"(9, 36, 40)",remainder1800,7.137222222222222,test,0.04711490869522095,0.04711490869522095,1.9073486328125e-06,0.0,False,False
"(9, 37, 39)",remainder1800,7.137222222222222,tune,0.130232572555542,0.130232572555542,0.0,0.0,True,True
"(9, 37, 40)",remainder1800,7.137222222222222,tune,0.12808960676193237,0.12808960676193237,0.007875442504882812,0.0,True,True
"(9, 37, 42)",remainder1800,7.137222222222222,tune,0.07603931427001953,0.07603931427001953,0.0,0.0,False,False
"(9, 39, 42)",remainder1800,7.137222222222222,tune,0.11222368478775024,0.11222368478775024,0.0022931694984436035,0.0,True,True
"(9, 41, 43)",remainder1800,7.137222222222222,tune,0.008597254753112793,0.008597254753112793,0.0043721795082092285,0.0,False,False
"(10, 11, 13)",remainder1800,7.137222222222222,tune,0.11863332986831665,0.11863332986831665,0.0,0.0,True,True
"(10, 11, 41)",remainder1800,7.137222222222222,tune,0.005691826343536377,0.005691826343536377,0.010293066501617432,0.0,False,False
"(10, 12, 14)",remainder1800,7.137222222222222,tune,0.05746424198150635,0.05746424198150635,0.0,0.0,False,False
"(10, 12, 15)",remainder1800,7.137222222222222,tune,0.06352156400680542,0.06352156400680542,0.002614140510559082,0.0,False,False
"(10, 12, 17)",exact397,1.0,tune,0.1277259588241577,0.12772595882415771,0.0,0.0,True,True
"(10, 12, 23)",remainder1800,7.137222222222222,tune,0.02157670259475708,0.02157670259475708,0.03712040185928345,0.0,False,False
"(10, 12, 25)",remainder1800,7.137222222222222,tune,0.0857703685760498,0.0857703685760498,0.0,0.0,False,False
"(10, 12, 26)",remainder1800,7.137222222222222,tune,0.11062407493591309,0.11062407493591309,0.0,0.0,True,True
"(10, 12, 27)",remainder1800,7.137222222222222,tune,0.15616685152053833,0.15616685152053833,0.0,0.0,True,True
"(10, 12, 36)",remainder1800,7.137222222222222,test,0.05686044692993164,0.05686044692993164,0.0,0.0,False,False
"(10, 13, 21)",remainder1800,7.137222222222222,tune,0.08143889904022217,0.08143889904022217,0.0,0.0,False,False
"(10, 13, 32)",remainder1800,7.137222222222222,test,0.09970545768737793,0.09970545768737793,0.0,0.0,False,False
"(10, 13, 41)",exact397,1.0,tune,0.0092060565948486,0.009206056594848633,0.008050084114074707,0.0,False,False
"(10, 13, 42)",exact397,1.0,tune,0.1340826153755188,0.13408261537551885,0.0,0.0,True,True
"(10, 14, 36)",remainder1800,7.137222222222222,tune,0.04004949331283569,0.04004949331283569,0.0,0.0,False,False
"(10, 14, 42)",remainder1800,7.137222222222222,test,0.038195013999938965,0.038195013999938965,0.0,0.0,False,False
"(10, 15, 20)",remainder1800,7.137222222222222,tune,0.08456051349639893,0.08456051349639893,0.0007430215012603769,0.0010810411028112643,False,False
"(10, 15, 22)",remainder1800,7.137222222222222,tune,0.06628024578094482,0.06628024578094482,0.0,0.0,False,False
"(10, 15, 25)",remainder1800,7.137222222222222,test,0.05154818296432495,0.05154818296432495,0.0,0.0,False,False
"(10, 15, 27)",remainder1800,7.137222222222222,tune,0.04403883218765259,0.04403883218765259,0.0,0.0,False,False
"(10, 15, 43)",remainder1800,7.137222222222222,tune,0.06617075204849243,0.06617075204849243,0.0,0.0,False,False
"(10, 16, 27)",remainder1800,7.137222222222222,tune,0.05411309003829956,0.05411309003829956,0.0,0.0,False,False
"(10, 16, 33)",remainder1800,7.137222222222222,tune,0.10076099634170532,0.10076099634170532,0.0,0.0,True,True
"(10, 16, 35)",remainder1800,7.137222222222222,test,0.06615692377090454,0.06615692377090454,0.0,0.0,False,False
"(10, 16, 39)",remainder1800,7.137222222222222,tune,0.050120413303375244,0.050120413303375244,0.0,0.0,False,False
"(10, 17, 25)",remainder1800,7.137222222222222,tune,0.03416430950164795,0.03416430950164795,0.0,0.0,False,False
"(10, 17, 39)",remainder1800,7.137222222222222,test,0.07493293285369873,0.07493293285369873,0.0,0.0,False,False
"(10, 18, 20)",remainder1800,7.137222222222222,tune,0.09962433576583862,0.09962433576583862,0.0008729890549050712,0.0008998429826940768,False,False
"(10, 18, 29)",remainder1800,7.137222222222222,test,0.07070451974868774,0.07070451974868774,0.0,0.00017392415183858922,False,False
"(10, 18, 32)",remainder1800,7.137222222222222,tune,0.06981170177459717,0.06981170177459717,0.0,0.0,False,False
"(10, 18, 36)",remainder1800,7.137222222222222,tune,0.05187106132507324,0.05187106132507324,0.0,0.0,False,False
"(10, 18, 41)",remainder1800,7.137222222222222,tune,0.015504002571105957,0.015504002571105957,0.0003349184989929199,0.0,False,False
"(10, 18, 43)",remainder1800,7.137222222222222,tune,0.0666881799697876,0.0666881799697876,0.0,0.0,False,False
"(10, 19, 25)",remainder1800,7.137222222222222,test,0.03687161207199097,0.03687161207199097,0.0023650200690122913,0.0007561351681286688,False,False
"(10, 19, 32)",remainder1800,7.137222222222222,test,0.08551585674285889,0.08551585674285889,0.0018552960749954606,0.0007561351681286688,False,False
"(10, 19, 34)",exact397,1.0,tune,0.0523369908332824,0.05233699083328247,0.0019960309887462335,0.0007561351681286688,False,False
"(10, 19, 39)",remainder1800,7.137222222222222,tune,0.08961635828018188,0.08961635828018188,0.0033143693123527385,0.0011042515944967857,False,False
"(10, 20, 26)",remainder1800,7.137222222222222,tune,0.05222904682159424,0.05222904682159424,0.0009220755151952975,0.0010810411028112643,False,False
"(10, 20, 27)",remainder1800,7.137222222222222,tune,0.04715418815612793,0.04715418815612793,0.0009621655781724137,0.0010810411028112643,False,False
"(10, 20, 36)",exact397,1.0,test,0.0540626049041748,0.054062604904174805,0.0010700960166264428,0.0010810411028112643,False,False
"(10, 20, 37)",remainder1800,7.137222222222222,test,0.060388803482055664,0.060388803482055664,0.0010454058647155762,0.0010061776689733737,False,False
"(10, 20, 43)",remainder1800,7.137222222222222,test,0.04541510343551636,0.04541510343551636,0.0007848143577575684,0.003160760562851972,False,False
"(10, 21, 22)",remainder1800,7.137222222222222,test,0.09335976839065552,0.09335976839065552,0.0038381218910217285,0.0,False,False
"(10, 21, 24)",remainder1800,7.137222222222222,tune,0.11541986465454102,0.11541986465454102,0.0,0.0,True,True
"(10, 21, 35)",remainder1800,7.137222222222222,test,0.040497779846191406,0.040497779846191406,0.0,0.0,False,False
"(10, 21, 38)",remainder1800,7.137222222222222,test,0.02451920509338379,0.02451920509338379,0.002428709135851137,0.0031950483694993537,False,False
"(10, 21, 41)",remainder1800,7.137222222222222,test,0.012434303760528564,0.012434303760528564,0.019363045692443848,0.0,False,False
"(10, 22, 25)",exact397,1.0,tune,0.0578005313873291,0.0578005313873291,0.0,0.0,False,False
"(10, 22, 35)",remainder1800,7.137222222222222,test,0.043415844440460205,0.043415844440460205,0.0,0.0,False,False
"(10, 22, 41)",remainder1800,7.137222222222222,tune,0.015821397304534912,0.015821397304534912,0.0022668838500976562,0.0,False,False
"(10, 24, 27)",remainder1800,7.137222222222222,tune,0.12450045347213745,0.12450045347213745,0.0,0.0,True,True
"(10, 24, 30)",remainder1800,7.137222222222222,test,0.05842095613479614,0.05842095613479614,0.0,0.0,False,False
"(10, 24, 34)",remainder1800,7.137222222222222,tune,0.04773581027984619,0.04773581027984619,0.0,0.0,False,False
"(10, 24, 35)",remainder1800,7.137222222222222,tune,0.04773581027984619,0.04773581027984619,0.0,0.0,False,False
"(10, 24, 36)",exact397,1.0,test,0.0477358102798461,0.04773581027984619,0.0,0.0,False,False
"(10, 24, 41)",remainder1800,7.137222222222222,tune,0.011446833610534668,0.011446833610534668,0.0045850276947021484,0.0,False,False
"(10, 25, 28)",remainder1800,7.137222222222222,test,0.05980229377746582,0.05980229377746582,0.0,0.0,False,False
"(10, 25, 34)",remainder1800,7.137222222222222,test,0.060667335987091064,0.060667335987091064,0.0,0.0,False,False
"(10, 25, 35)",remainder1800,7.137222222222222,test,0.060667335987091064,0.060667335987091064,0.0,0.0,False,False
"(10, 25, 39)",remainder1800,7.137222222222222,tune,0.037403404712677,0.037403404712677,0.001720428466796875,0.0,False,False
"(10, 26, 30)",remainder1800,7.137222222222222,tune,0.06318938732147217,0.06318938732147217,0.0,0.0,False,False
"(10, 26, 36)",remainder1800,7.137222222222222,test,0.05721306800842285,0.05721306800842285,0.0,0.0,False,False
"(10, 26, 38)",remainder1800,7.137222222222222,tune,0.07101380825042725,0.07101380825042725,0.0,0.002850414313408045,False,False
"(10, 26, 39)",remainder1800,7.137222222222222,tune,0.0688520073890686,0.0688520073890686,0.0,0.0,False,False
"(10, 27, 33)",remainder1800,7.137222222222222,test,0.08306950330734253,0.08306950330734253,0.0,0.0,False,False
"(10, 27, 35)",remainder1800,7.137222222222222,test,0.045711636543273926,0.045711636543273926,0.0,0.0,False,False
"(10, 27, 42)",remainder1800,7.137222222222222,tune,0.07197761535644531,0.07197761535644531,0.0,0.0,False,False
"(10, 28, 40)",exact397,1.0,tune,0.0699651837348938,0.0699651837348938,0.006493151187896784,0.0,False,False
"(10, 28, 42)",remainder1800,7.137222222222222,test,0.08115988969802856,0.07857531907186016,0.006250858306884766,0.002584570626168403,False,False
"(10, 29, 35)",remainder1800,7.137222222222222,tune,0.03385460376739502,0.03385460376739502,0.0,0.00017392415183858922,False,False
"(10, 30, 32)",exact397,1.0,tune,0.1126189827919006,0.11261898279190063,0.0,0.0,True,True
"(10, 31, 34)",remainder1800,7.137222222222222,tune,0.07540512084960938,0.07540512084960938,0.0,0.0,False,False
"(10, 31, 35)",remainder1800,7.137222222222222,test,0.07540512084960938,0.07540512084960938,0.0,0.0,False,False
"(10, 31, 38)",exact397,1.0,test,0.1256103515625,0.1256103515625,0.00040629461745878004,0.0005339364133744029,True,True
"(10, 31, 39)",remainder1800,7.137222222222222,test,0.1172558069229126,0.1172558069229126,0.0,0.0,True,True
"(10, 32, 33)",remainder1800,7.137222222222222,tune,0.035685062408447266,0.035685062408447266,0.0,0.0,False,False
"(10, 32, 36)",remainder1800,7.137222222222222,test,0.079581618309021,0.079581618309021,0.0,0.0,False,False
"(10, 32, 37)",remainder1800,7.137222222222222,test,0.061286747455596924,0.061286747455596924,0.004697322845458984,0.0,False,False
"(10, 32, 38)",exact397,1.0,tune,0.1270179748535156,0.12701797485351562,0.0015497499801889747,0.00045765459977542555,True,True
"(10, 32, 40)",exact397,1.0,tune,0.1139617562294006,0.11396175622940063,0.0,0.0,True,True
"(10, 33, 38)",exact397,1.0,tune,0.1246153116226196,0.12461531162261963,0.0015814760440537867,0.0,True,True
"(10, 33, 43)",remainder1800,7.137222222222222,tune,0.050872802734375,0.050872802734375,0.0,0.0,False,False
"(10, 34, 43)",remainder1800,7.137222222222222,test,0.04619860649108887,0.04619860649108887,0.0,0.0,False,False
"(10, 36, 42)",exact397,1.0,tune,0.0485144853591918,0.048514485359191895,0.0,0.0,False,False
"(10, 37, 42)",remainder1800,7.137222222222222,tune,0.06138467788696289,0.06138467788696289,0.0,0.0,False,False
"(10, 38, 42)",exact397,1.0,tune,0.1349984407424926,0.13499844074249268,0.0006456363048603642,0.001158357657524367,True,True
"(11, 12, 19)",remainder1800,7.137222222222222,test,0.07568448781967163,0.07568448781967163,0.0014574207973049313,0.0012696561646300952,False,False
"(11, 12, 25)",remainder1800,7.137222222222222,tune,0.0592004656791687,0.0592004656791687,0.0,0.0,False,False
"(11, 13, 14)",remainder1800,7.137222222222222,tune,0.12103056907653809,0.12103056907653809,0.0,0.0,True,True
"(11, 13, 16)",exact397,1.0,test,0.1341181993484497,0.13411819934844976,0.0,0.0,True,True
"(11, 13, 41)",remainder1800,7.137222222222222,test,0.016675114631652832,0.016675114631652832,0.0049163103103637695,0.0,False,False
"(11, 14, 17)",exact397,1.0,test,0.194693386554718,0.19469338655471807,0.0,0.0,True,True
"(11, 14, 22)",remainder1800,7.137222222222222,test,0.07998025417327881,0.07998025417327881,0.0,0.0,False,False
"(11, 14, 31)",remainder1800,7.137222222222222,test,0.08227771520614624,0.08227771520614624,0.0,0.0,False,False
"(11, 14, 40)",remainder1800,7.137222222222222,tune,0.10617882013320923,0.10617882013320923,0.0,0.0,True,True
"(11, 14, 43)",exact397,1.0,test,0.1409034132957458,0.1409034132957458,0.0,0.00148654035145257,True,True
"(11, 15, 20)",exact397,1.0,tune,0.0829939842224121,0.08299398422241211,0.0012602716611042064,0.0007342844946806037,False,False
"(11, 15, 29)",remainder1800,7.137222222222222,tune,0.0679813027381897,0.0679813027381897,0.0,0.01565487395148646,False,False
"(11, 15, 31)",remainder1800,7.137222222222222,tune,0.10249549150466919,0.10249549150466919,0.0,0.0,True,True
"(11, 15, 34)",remainder1800,7.137222222222222,tune,0.04945629835128784,0.04945629835128784,0.0,0.0,False,False
"(11, 16, 17)",exact397,1.0,tune,0.1306157112121582,0.1306157112121582,0.0,0.002342105092404595,True,True
"(11, 16, 24)",remainder1800,7.137222222222222,test,0.11809718608856201,0.11809718608856201,0.0,0.0,True,True
"(11, 16, 30)",remainder1800,7.137222222222222,tune,0.09788817167282104,0.09788817167282104,0.0,0.0,False,False
"(11, 16, 31)",remainder1800,7.137222222222222,test,0.09974700212478638,0.09974700212478638,0.0,0.0,False,False
"(11, 16, 36)",remainder1800,7.137222222222222,tune,0.07340872287750244,0.07340872287750244,0.0,0.0,False,False
"(11, 16, 38)",exact397,1.0,tune,0.1395119428634643,0.1395119428634643,0.00308739487460985,0.0021645056627461745,True,True
"(11, 16, 39)",exact397,1.0,tune,0.139289915561676,0.13928991556167608,0.0,0.0002460208429651972,True,True
"(11, 17, 19)",exact397,1.0,tune,0.1579252481460571,0.15792524814605713,0.0012739932839194168,0.0010850497723747798,True,True
"(11, 17, 20)",exact397,1.0,tune,0.1637480854988098,0.16374808549880981,0.0010493520080010477,0.0007342844946806037,True,True
"(11, 17, 22)",remainder1800,7.137222222222222,tune,0.05506241321563721,0.05506241321563721,0.0034911036491394043,0.0,False,False
"(11, 17, 28)",remainder1800,7.137222222222222,test,0.060531675815582275,0.060531675815582275,0.0005609760134633324,0.015635743196135254,False,False
"(11, 17, 35)",remainder1800,7.137222222222222,tune,0.08406567573547363,0.08406567573547363,0.0,0.0,False,False
"(11, 18, 19)",remainder1800,7.137222222222222,tune,0.04768240451812744,0.04768240451812744,0.003007359171025792,0.0010850497723746688,False,False
"(11, 18, 20)",remainder1800,7.137222222222222,tune,0.05024451017379761,0.05024451017379761,0.0021993750573297,0.0007342844946806037,False,False
"(11, 18, 22)",remainder1800,7.137222222222222,test,0.0509985089302063,0.0509985089302063,0.0018960833549499512,0.0,False,False
"(11, 18, 25)",remainder1800,7.137222222222222,tune,0.04078119993209839,0.04078119993209839,0.0,0.0,False,False
"(11, 18, 27)",remainder1800,7.137222222222222,test,0.046571195125579834,0.046571195125579834,0.0,0.0,False,False
"(11, 18, 33)",remainder1800,7.137222222222222,tune,0.07585954666137695,0.07585954666137695,0.0,0.0,False,False
"(11, 18, 35)",remainder1800,7.137222222222222,tune,0.06417083740234375,0.06417083740234375,0.0,0.0,False,False
"(11, 18, 38)",remainder1800,7.137222222222222,test,0.04933649301528931,0.04933649301528931,0.009308874607086182,0.0010419256236908758,False,False
"(11, 18, 42)",remainder1800,7.137222222222222,tune,0.10192745923995972,0.10192745923995972,0.0,0.0,True,True
"(11, 18, 43)",remainder1800,7.137222222222222,test,0.07889813184738159,0.07889813184738159,0.0,0.0,False,False
"(11, 19, 25)",exact397,1.0,tune,0.0345423817634582,0.034542381763458294,0.002465158372023102,0.0012696561646300952,False,False
"(11, 19, 40)",exact397,1.0,test,0.1345052123069763,0.13450521230697632,0.002755842177878054,0.0013460331338166487,True,True
"(11, 19, 43)",remainder1800,7.137222222222222,test,0.058804869651794434,0.058804869651794434,0.0026020060310383286,0.002388939777361876,False,False
"(11, 20, 21)",remainder1800,7.137222222222222,test,0.08408629894256592,0.08408629894256592,0.0015977491276820688,0.0007342844946806037,False,False
"(11, 20, 30)",remainder1800,7.137222222222222,test,0.11497044563293457,0.11497044563293457,0.0012626614913315848,0.005064027564345236,True,True
"(11, 20, 38)",remainder1800,7.137222222222222,tune,0.09011244773864746,0.09011244773864746,0.0010555678295219861,0.0007342844946806037,False,False
"(11, 20, 40)",exact397,1.0,tune,0.1395853757858276,0.13958537578582764,0.0022555249790487952,0.0005551757267789892,True,True
"(11, 21, 25)",remainder1800,7.137222222222222,tune,0.028524160385131836,0.028524160385131836,0.0026160371014527298,0.0,False,False
"(11, 21, 27)",remainder1800,7.137222222222222,test,0.05573225021362305,0.05573225021362305,0.017039121428259585,0.01728711885360633,False,False
"(11, 21, 31)",remainder1800,7.137222222222222,tune,0.09103894233703613,0.09103894233703613,0.0035254955291748047,0.0031619733443776776,False,False
"(11, 21, 35)",remainder1800,7.137222222222222,tune,0.06261569261550903,0.06261569261550903,0.0009004071050430079,0.0,False,False
"(11, 21, 37)",remainder1800,7.137222222222222,tune,0.06378477811813354,0.06378477811813354,0.0,0.0,False,False
"(11, 21, 38)",remainder1800,7.137222222222222,test,0.02698594331741333,0.02698594331741333,0.0037127203416716936,0.0024368705341242247,False,False
"(11, 22, 29)",remainder1800,7.137222222222222,tune,0.05540740489959717,0.05540740489959717,0.0142936110496521,0.01565487395148646,False,False
"(11, 22, 33)",remainder1800,7.137222222222222,tune,0.08694767951965332,0.08694767951965332,0.0,0.0,False,False
"(11, 22, 40)",remainder1800,7.137222222222222,tune,0.08611202239990234,0.08611202239990234,0.0050814151763916016,0.0,False,False
"(11, 22, 43)",remainder1800,7.137222222222222,test,0.05953073501586914,0.05953073501586914,0.0,0.0,False,False
"(11, 23, 26)",exact397,1.0,test,0.0385330915451049,0.038533091545104925,0.00036436319351190044,0.0009649553689961982,False,False
"(11, 23, 28)",remainder1800,7.137222222222222,tune,0.02111738920211792,0.02111738920211792,0.017683877999907227,0.015635743196135254,False,False
"(11, 23, 31)",remainder1800,7.137222222222222,tune,0.027577757835388184,0.027577757835388184,0.007694661617279053,0.0,False,False
"(11, 23, 36)",remainder1800,7.137222222222222,tune,0.030832648277282715,0.030832648277282715,0.0030688047409057617,0.0,False,False
"(11, 24, 25)",remainder1800,7.137222222222222,tune,0.04873001575469971,0.04873001575469971,0.0,0.0,False,False
"(11, 24, 26)",remainder1800,7.137222222222222,test,0.03843611478805542,0.03843611478805542,0.0,0.0,False,False
"(11, 24, 29)",remainder1800,7.137222222222222,test,0.05795085430145264,0.05795085430145264,0.0037747664398716796,0.01565487395148646,False,False
"(11, 24, 35)",remainder1800,7.137222222222222,tune,0.06562989950180054,0.06562989950180054,0.0,0.0,False,False
"(11, 26, 28)",remainder1800,7.137222222222222,test,0.09879559278488159,0.0867820834563916,0.00022706399837220392,0.01201350932848999,False,False
"(11, 26, 37)",remainder1800,7.137222222222222,tune,0.05991947650909424,0.05991947650909424,0.0,0.0,False,False
"(11, 26, 42)",remainder1800,7.137222222222222,test,0.07621604204177856,0.07621604204177856,0.0,0.0,False,False
"(11, 27, 31)",remainder1800,7.137222222222222,tune,0.09646660089492798,0.09646660089492798,0.0,0.0,False,False
"(11, 27, 36)",remainder1800,7.137222222222222,tune,0.06696408987045288,0.06696408987045288,0.0016825833581432525,0.0054161561730762114,False,False
"(11, 28, 30)",remainder1800,7.137222222222222,tune,0.055410683155059814,0.04308391716398416,0.009098827838897705,0.015635743196135254,False,False
"(11, 28, 43)",remainder1800,7.137222222222222,test,0.05871933698654175,0.05871933698654175,0.010960235236570526,0.02262029686628697,False,False
"(11, 29, 31)",remainder1800,7.137222222222222,tune,0.09722679853439331,0.09722679853439331,0.032026126503093,0.03331793734327515,False,False
"(11, 29, 42)",remainder1800,7.137222222222222,tune,0.06574505567550659,0.06574505567550659,0.011748470008207723,0.01565487395148646,False,False
"(11, 29, 43)",remainder1800,7.137222222222222,tune,0.0725969672203064,0.0725969672203064,0.0037649969854892384,0.01565487395148646,False,False
"(11, 30, 31)",remainder1800,7.137222222222222,tune,0.1037793755531311,0.1037793755531311,0.0,0.0,True,True
"(11, 30, 32)",remainder1800,7.137222222222222,tune,0.1040644645690918,0.1040644645690918,0.0,0.0,True,True
"(11, 30, 35)",remainder1800,7.137222222222222,test,0.05739319324493408,0.05739319324493408,0.012649059295654297,0.0,False,False
"(11, 30, 39)",remainder1800,7.137222222222222,test,0.09370273351669312,0.09370273351669312,0.0018585244226436703,0.0,False,False
"(11, 30, 40)",remainder1800,7.137222222222222,tune,0.07532501220703125,0.07532501220703125,0.0,0.0,False,False
"(11, 30, 41)",remainder1800,7.137222222222222,tune,0.010654211044311523,0.010654211044311523,0.012159585952758789,0.0,False,False
"(11, 31, 33)",remainder1800,7.137222222222222,tune,0.01614004373550415,0.01614004373550415,0.0,0.0,False,False
"(11, 31, 35)",remainder1800,7.137222222222222,test,0.07862883806228638,0.07862883806228638,0.005148470401763916,0.0,False,False
"(11, 31, 36)",remainder1800,7.137222222222222,tune,0.07862883806228638,0.07862883806228638,0.005148470401763916,0.0,False,False
"(11, 31, 39)",remainder1800,7.137222222222222,tune,0.10228347778320312,0.10228347778320312,0.0,0.0,True,True
"(11, 34, 37)",remainder1800,7.137222222222222,tune,0.05768692493438721,0.05768692493438721,0.0,0.0,False,False
"(11, 34, 40)",remainder1800,7.137222222222222,test,0.04916191101074219,0.04916191101074219,0.006892263889312744,0.0,False,False
"(11, 37, 42)",remainder1800,7.137222222222222,tune,0.06349366903305054,0.06349366903305054,0.0,0.0,False,False
"(11, 37, 43)",remainder1800,7.137222222222222,test,0.07272058725357056,0.07272058725357056,0.0,0.0,False,False
"(11, 38, 40)",remainder1800,7.137222222222222,tune,0.042311787605285645,0.042311787605285645,0.006672561168670654,0.0027695066478607977,False,False
"(11, 38, 43)",exact397,1.0,tune,0.1376616954803466,0.13766169548034662,0.0,0.0002338952666731675,True,True
"(11, 40, 43)",exact397,1.0,test,0.1273062825202942,0.1273062825202942,0.0,0.0,True,True
"(11, 42, 43)",exact397,1.0,tune,0.0639492869377136,0.06394928693771362,0.0,0.0,False,False
"(12, 13, 19)",exact397,1.0,test,0.1322277188301086,0.1322277188301087,0.0021219852114128246,0.001416854986819982,True,True
"(12, 13, 20)",exact397,1.0,tune,0.1311345696449279,0.13113456964492798,0.0017087958301260642,0.0016637327465601759,True,True
"(12, 13, 23)",remainder1800,7.137222222222222,test,0.03450977802276611,0.03450977802276611,0.022761881351470947,0.0,False,False
"(12, 13, 29)",exact397,1.0,test,0.0623589754104614,0.05933956063341661,0.004159390926361112,0.0030194147770447877,False,False
"(12, 13, 33)",remainder1800,7.137222222222222,test,0.14001160860061646,0.14001160860061646,0.0,0.0,True,True
"(12, 13, 43)",remainder1800,7.137222222222222,test,0.1049795150756836,0.1049795150756836,0.0,0.0,True,True
"(12, 14, 36)",remainder1800,7.137222222222222,tune,0.05232352018356323,0.05232352018356323,0.0,0.0009847338639787095,False,False
"(12, 14, 41)",remainder1800,7.137222222222222,test,0.01724696159362793,0.01724696159362793,0.008778691291809082,0.0009847338639787095,False,False
"(12, 14, 43)",remainder1800,7.137222222222222,tune,0.06310766935348511,0.06310766935348511,0.0,0.00148654035145257,False,False
"(12, 15, 16)",remainder1800,7.137222222222222,tune,0.04345458745956421,0.04345458745956421,0.0,0.003412016211867666,False,False
"(12, 15, 26)",remainder1800,7.137222222222222,test,0.058403193950653076,0.058403193950653076,0.0022660493850708008,0.0018167508852403869,False,False
"(12, 15, 27)",remainder1800,7.137222222222222,tune,0.030528783798217773,0.030528783798217773,0.0,0.0,False,False
"(12, 15, 31)",remainder1800,7.137222222222222,tune,0.058059632778167725,0.058059632778167725,0.0,0.0,False,False
"(12, 15, 39)",remainder1800,7.137222222222222,test,0.03379923105239868,0.03379923105239868,0.0024001002311706543,0.0,False,False
"(12, 16, 23)",remainder1800,7.137222222222222,tune,0.021845638751983643,0.021845638751983643,0.010968983173370361,0.0,False,False
"(12, 16, 26)",remainder1800,7.137222222222222,tune,0.10031014680862427,0.10031014680862427,0.0,0.0,True,True
"(12, 16, 36)",remainder1800,7.137222222222222,tune,0.059772372245788574,0.059772372245788574,0.003925092131308677,0.0,False,False
"(12, 16, 40)",remainder1800,7.137222222222222,test,0.03745394945144653,0.03745394945144653,0.006900429725646973,0.0,False,False
"(12, 17, 18)",remainder1800,7.137222222222222,tune,0.1142989993095398,0.1142989993095398,0.0,0.0,True,True
"(12, 17, 21)",remainder1800,7.137222222222222,tune,0.07339316606521606,0.07339316606521606,0.0,0.0,False,False
"(12, 17, 24)",remainder1800,7.137222222222222,tune,0.11301499605178833,0.11301499605178833,0.0,0.0,True,True
"(12, 17, 30)",remainder1800,7.137222222222222,tune,0.07744771242141724,0.07744771242141724,0.001984715461730957,0.0,False,False
"(12, 17, 36)",remainder1800,7.137222222222222,tune,0.05296134948730469,0.05296134948730469,0.0,0.0,False,False
"(12, 18, 20)",remainder1800,7.137222222222222,test,0.05886560678482056,0.05886560678482056,0.002838161878743306,0.0006358298589373979,False,False
"(12, 18, 25)",remainder1800,7.137222222222222,tune,0.06057924032211304,0.06057924032211304,0.0,0.0,False,False
"(12, 18, 40)",remainder1800,7.137222222222222,test,0.06330764293670654,0.06330764293670654,0.0,0.0,False,False
"(12, 19, 25)",remainder1800,7.137222222222222,test,0.07774180173873901,0.07774180173873901,0.002050148525702733,0.0012607519224454578,False,False
"(12, 19, 37)",remainder1800,7.137222222222222,test,0.03421241044998169,0.03421241044998169,0.005326569080352783,0.001507609550809752,False,False
"(12, 19, 39)",remainder1800,7.137222222222222,tune,0.0588948130607605,0.0588948130607605,0.002669156233646497,0.0015912811469565025,False,False
"(12, 19, 42)",remainder1800,7.137222222222222,tune,0.04889720678329468,0.04889720678329468,0.0018339697912503894,0.0029510527501192263,False,False
"(12, 20, 21)",remainder1800,7.137222222222222,tune,0.04135406017303467,0.04135406017303467,0.0018472712502606292,0.0010560894231500528,False,False
"(12, 20, 42)",remainder1800,7.137222222222222,tune,0.0629391074180603,0.0629391074180603,0.001435109718738059,0.0005226818165163793,False,False
"(12, 21, 40)",remainder1800,7.137222222222222,test,0.04718214273452759,0.04718214273452759,0.008325517177581787,0.0,False,False
"(12, 21, 41)",remainder1800,7.137222222222222,tune,0.015198707580566406,0.015198707580566406,0.03346627950668335,0.0027635983555488186,False,False
"(12, 22, 23)",exact397,1.0,tune,0.0234080553054809,0.023408055305480985,0.006300747394561698,0.0,False,False
"(12, 22, 27)",exact397,1.0,tune,0.0587711334228515,0.05877113342285162,0.003377676010131808,0.0039299042013880015,False,False
"(12, 22, 43)",remainder1800,7.137222222222222,test,0.02900981903076172,0.02900981903076172,0.0013907591173248877,0.0024005214044647803,False,False
"(12, 23, 24)",remainder1800,7.137222222222222,tune,0.025876283645629883,0.025876283645629883,0.0056615471839904785,0.0,False,False
"(12, 23, 26)",remainder1800,7.137222222222222,tune,0.03591322898864746,0.03591322898864746,0.0205572247505188,0.0,False,False
"(12, 23, 29)",remainder1800,7.137222222222222,test,0.04242968559265137,0.04242968559265137,0.008391658385948311,0.007726213225705492,False,False
"(12, 23, 32)",remainder1800,7.137222222222222,test,0.02005845308303833,0.02005845308303833,0.034609436988830566,0.0,False,False
"(12, 23, 34)",remainder1800,7.137222222222222,tune,0.031734347343444824,0.031734347343444824,0.0036766529083251953,0.0,False,False
"(12, 23, 35)",remainder1800,7.137222222222222,test,0.031734347343444824,0.031734347343444824,0.0036766529083251953,0.0,False,False
"(12, 23, 43)",remainder1800,7.137222222222222,test,0.03681910037994385,0.03681910037994385,0.008328616619110107,0.0,False,False
"(12, 24, 33)",remainder1800,7.137222222222222,tune,0.08619719743728638,0.08619719743728638,0.0,0.0,False,False
"(12, 24, 35)",remainder1800,7.137222222222222,test,0.06629747152328491,0.06629747152328491,0.0,0.0,False,False
"(12, 24, 37)",remainder1800,7.137222222222222,tune,0.07136636972427368,0.07136636972427368,0.0,0.0,False,False
"(12, 25, 27)",remainder1800,7.137222222222222,tune,0.05846208333969116,0.05846208333969116,0.0016242574807040291,0.002184944999409799,False,False
"(12, 25, 31)",remainder1800,7.137222222222222,test,0.03287476301193237,0.03287476301193237,0.0,0.0,False,False
"(12, 26, 37)",remainder1800,7.137222222222222,tune,0.06084984540939331,0.06084984540939331,0.0,0.0,False,False
"(12, 27, 37)",remainder1800,7.137222222222222,test,0.06347781419754028,0.06347781419754028,6.192922592163086e-05,0.0015549239041339202,False,False
"(12, 28, 38)",remainder1800,7.137222222222222,test,0.03575223684310913,0.03567862510681152,0.001388753449054092,0.007331897489358918,False,False
"(12, 28, 43)",remainder1800,7.137222222222222,tune,0.028850018978118896,0.028850018978118896,0.024728496005719552,0.02262029686628697,False,False
"(12, 29, 32)",remainder1800,7.137222222222222,test,0.08654677867889404,0.08654677867889404,0.01849018807780589,0.03259616689602163,False,False
"(12, 31, 36)",remainder1800,7.137222222222222,test,0.061107754707336426,0.061107754707336426,0.007651031017303467,0.0,False,False
"(12, 33, 34)",remainder1800,7.137222222222222,tune,0.06820648908615112,0.06820648908615112,0.0,0.0,False,False
"(12, 33, 38)",remainder1800,7.137222222222222,tune,0.0531390905380249,0.0531390905380249,0.0009428262710571289,0.0,False,False
"(12, 34, 38)",remainder1800,7.137222222222222,test,0.05147743225097656,0.05147743225097656,0.002741305548180084,0.001689270895188888,False,False
"(12, 34, 41)",exact397,1.0,test,0.0130037069320678,0.013003706932067802,0.0091155171394348,0.0,False,False
"(12, 35, 36)",remainder1800,7.137222222222222,tune,0.0018997788429260254,0.0018997788429260254,0.003181159496307373,0.0,False,False
"(12, 36, 41)",remainder1800,7.137222222222222,test,0.013003706932067871,0.013003706932067871,0.009115517139434814,0.0,False,False
"(12, 36, 42)",remainder1800,7.137222222222222,tune,0.0573919415473938,0.0573919415473938,0.0,0.0,False,False
"(12, 37, 38)",remainder1800,7.137222222222222,tune,0.03680539131164551,0.03680539131164551,0.0009278350847720107,0.000574813506848737,False,False
"(12, 37, 43)",remainder1800,7.137222222222222,test,0.09595483541488647,0.09595483541488647,0.0,0.0,False,False
"(12, 38, 42)",remainder1800,7.137222222222222,test,0.054062604904174805,0.054062604904174805,0.0020936626118491786,0.0006271490292598658,False,False
"(13, 14, 19)",remainder1800,7.137222222222222,tune,0.10386669635772705,0.10386669635772705,0.018764792525292062,0.031401528712204196,True,True
"(13, 14, 31)",exact397,1.0,tune,0.1305848360061645,0.1305848360061646,0.0,0.0,True,True
"(13, 14, 32)",exact397,1.0,tune,0.1304503083229065,0.1304503083229065,0.0,0.0,True,True
"(13, 14, 33)",exact397,1.0,tune,0.1336838006973266,0.13368380069732672,0.0,0.0,True,True
"(13, 14, 34)",remainder1800,7.137222222222222,tune,0.04170656204223633,0.04170656204223633,0.0020729899406433105,0.0,False,False
"(13, 14, 38)",exact397,1.0,test,0.1246985793113708,0.1246985793113709,0.0009300051845060331,0.0006640268927345927,True,True
"(13, 15, 16)",remainder1800,7.137222222222222,tune,0.052295029163360596,0.052295029163360596,0.0033099169281007867,0.0019126017678979396,False,False
"(13, 15, 21)",remainder1800,7.137222222222222,tune,0.037750244140625,0.037750244140625,0.0,0.0,False,False
"(13, 15, 25)",remainder1800,7.137222222222222,tune,0.03835481405258179,0.03835481405258179,0.0,0.0,False,False
"(13, 15, 26)",remainder1800,7.137222222222222,tune,0.03592991828918457,0.03592991828918457,0.0024397969245910645,0.0,False,False
"(13, 15, 28)",remainder1800,7.137222222222222,tune,0.05301690101623535,0.05301690101623535,0.008554016946359044,0.0,False,False
"(13, 15, 40)",remainder1800,7.137222222222222,tune,0.05886530876159668,0.05886530876159668,0.0,0.0,False,False
"(13, 15, 42)",remainder1800,7.137222222222222,tune,0.06067001819610596,0.06067001819610596,0.0015984900781371159,0.0006645518277060836,False,False
"(13, 16, 19)",remainder1800,7.137222222222222,test,0.0447879433631897,0.0447879433631897,0.0016741147765305664,0.0007561723928212194,False,False
"(13, 16, 24)",remainder1800,7.137222222222222,tune,0.0730237364768982,0.0730237364768982,0.0,0.0,False,False
"(13, 16, 28)",remainder1800,7.137222222222222,test,0.05368351936340332,0.05368351936340332,0.0020406246185302734,0.0,False,False
"(13, 16, 35)",remainder1800,7.137222222222222,tune,0.07219398021697998,0.07219398021697998,0.0,0.0,False,False
"(13, 16, 38)",exact397,1.0,tune,0.1342910528182983,0.13429105281829834,0.0005770289020975428,0.0010779725931358008,True,True
"(13, 16, 40)",remainder1800,7.137222222222222,test,0.07994890213012695,0.07994890213012695,0.0,0.0,False,False
"(13, 17, 26)",remainder1800,7.137222222222222,tune,0.05704212188720703,0.05704212188720703,0.0,0.0,False,False
"(13, 17, 34)",remainder1800,7.137222222222222,tune,0.04940509796142578,0.04940509796142578,0.0,0.0,False,False
"(13, 17, 35)",remainder1800,7.137222222222222,test,0.04940509796142578,0.04940509796142578,0.0,0.0,False,False
"(13, 17, 36)",remainder1800,7.137222222222222,test,0.04940509796142578,0.04940509796142578,0.0,0.0,False,False
"(13, 18, 19)",remainder1800,7.137222222222222,tune,0.0606229305267334,0.0606229305267334,0.001510097138227029,0.001416854986820093,False,False
"(13, 18, 20)",remainder1800,7.137222222222222,test,0.05974781513214111,0.05974781513214111,0.0008928655364679461,0.0013555767330714064,False,False
"(13, 18, 30)",remainder1800,7.137222222222222,tune,0.04874664545059204,0.04874664545059204,0.0032873819132848703,0.006159279981678686,False,False
"(13, 18, 38)",remainder1800,7.137222222222222,tune,0.08296269178390503,0.08296269178390503,0.0030609767977273217,0.0008067135263274405,False,False
"(13, 19, 30)",exact397,1.0,test,0.1044614315032959,0.1044614315032959,0.0016251732203099722,0.001416854986819982,True,True
"(13, 19, 32)",remainder1800,7.137222222222222,test,0.12436115741729736,0.12436115741729736,0.0023442313457624486,0.001416854986820093,True,True
"(13, 19, 41)",remainder1800,7.137222222222222,test,0.011297464370727539,0.011297464370727539,0.027142882347106934,0.0008742739054297122,False,False
"(13, 20, 24)",remainder1800,7.137222222222222,tune,0.09261047840118408,0.09261047840118408,0.0019509198613801848,0.0015439870152064161,False,False
"(13, 20, 27)",remainder1800,7.137222222222222,test,0.03181976079940796,0.03181976079940796,0.0009237380007397489,0.0016637327465601759,False,False
"(13, 20, 39)",remainder1800,7.137222222222222,test,0.06274056434631348,0.06274056434631348,0.0013101665297934328,0.001326915230066672,False,False
"(13, 20, 42)",remainder1800,7.137222222222222,test,0.08347576856613159,0.08347576856613159,0.0011139991077967482,0.001361000755745967,False,False
"(13, 21, 22)",remainder1800,7.137222222222222,tune,0.05388861894607544,0.05388861894607544,0.012106597423553467,0.0,False,False
"(13, 21, 34)",remainder1800,7.137222222222222,test,0.06829530000686646,0.06829530000686646,0.0,0.0,False,False
"(13, 21, 37)",remainder1800,7.137222222222222,test,0.05693703889846802,0.05693703889846802,0.008765637874603271,0.0,False,False
"(13, 22, 29)",remainder1800,7.137222222222222,test,0.04810035228729248,0.04810035228729248,0.0,0.006286888284046152,False,False
"(13, 22, 34)",remainder1800,7.137222222222222,test,0.059522926807403564,0.059522926807403564,0.0,0.0,False,False
"(13, 22, 36)",remainder1800,7.137222222222222,tune,0.059522926807403564,0.059522926807403564,0.0,0.0,False,False
"(13, 22, 38)",remainder1800,7.137222222222222,tune,0.05393385887145996,0.05393385887145996,0.003264904022216797,0.0008067135263274405,False,False
"(13, 22, 42)",exact397,1.0,tune,0.0815495252609252,0.08154952526092529,0.004780173301696805,0.00036519002311563575,False,False
"(13, 22, 43)",remainder1800,7.137222222222222,tune,0.057806313037872314,0.057806313037872314,0.0,0.0,False,False
"(13, 23, 30)",remainder1800,7.137222222222222,tune,0.02103722095489502,0.02103722095489502,0.008498267648075257,0.0036982407639595816,False,False
"(13, 23, 34)",remainder1800,7.137222222222222,test,0.04538673162460327,0.04538673162460327,0.0,0.0,False,False
"(13, 24, 27)",remainder1800,7.137222222222222,test,0.08555108308792114,0.08555108308792114,0.0,0.0,False,False
"(13, 24, 28)",remainder1800,7.137222222222222,tune,0.04408222436904907,0.04408222436904907,0.0,0.0,False,False
"(13, 24, 37)",remainder1800,7.137222222222222,test,0.10210072994232178,0.10210072994232178,0.0,0.0,True,True
"(13, 25, 34)",remainder1800,7.137222222222222,tune,0.058220744132995605,0.058220744132995605,0.0,0.0,False,False
"(13, 25, 43)",remainder1800,7.137222222222222,test,0.03479534387588501,0.03479534387588501,0.0,0.0,False,False
"(13, 27, 37)",exact397,1.0,test,0.0496298670768737,0.04962986707687381,0.01550990343093872,0.0,False,False
"(13, 27, 38)",remainder1800,7.137222222222222,test,0.01982814073562622,0.01982814073562622,0.0018079876899719238,0.0008067135263274405,False,False
"(13, 27, 40)",remainder1800,7.137222222222222,tune,0.045175909996032715,0.045175909996032715,0.008046150207519531,0.0,False,False
"(13, 28, 31)",remainder1800,7.137222222222222,tune,0.054379820823669434,0.054379820823669434,0.0,0.0,False,False
"(13, 29, 34)",remainder1800,7.137222222222222,test,0.04757285118103027,0.04757285118103027,0.007863223552703857,0.0,False,False
"(13, 29, 36)",remainder1800,7.137222222222222,tune,0.04757285118103027,0.04757285118103027,0.007863223552703857,0.0,False,False
"(13, 29, 40)",remainder1800,7.137222222222222,tune,0.036376237869262695,0.036376237869262695,0.0010683536529541016,0.0,False,False
"(13, 31, 33)",remainder1800,7.137222222222222,tune,0.016692399978637695,0.016692399978637695,0.0033317208290100098,0.0,False,False
"(13, 31, 36)",remainder1800,7.137222222222222,test,0.06525403261184692,0.06525403261184692,0.0,0.0,False,False
"(13, 31, 37)",remainder1800,7.137222222222222,tune,0.07360708713531494,0.07360708713531494,0.0,0.0,False,False
"(13, 31, 43)",exact397,1.0,test,0.1639517545700073,0.16395175457000732,0.0,0.0,True,True
"(13, 32, 34)",remainder1800,7.137222222222222,test,0.06558984518051147,0.06558984518051147,0.0,0.0,False,False
"(13, 32, 43)",exact397,1.0,tune,0.1632227301597595,0.16322273015975952,0.0,0.0,True,True
"(13, 33, 43)",exact397,1.0,test,0.1734235286712646,0.1734235286712646,0.0,0.0,True,True
"(13, 41, 42)",remainder1800,7.137222222222222,tune,0.015797019004821777,0.015797019004821777,0.0068694353103637695,0.00036519002311563575,False,False
"(14, 15, 20)",remainder1800,7.137222222222222,tune,0.08212864398956299,0.0826195922381956,0.009167179156072791,0.001182693456450501,False,False
"(14, 15, 31)",remainder1800,7.137222222222222,test,0.06383192539215088,0.06383192539215088,0.0,0.0,False,False
"(14, 15, 33)",remainder1800,7.137222222222222,test,0.07263493537902832,0.07263493537902832,0.0,0.0,False,False
"(14, 15, 35)",remainder1800,7.137222222222222,tune,0.03585958480834961,0.03585958480834961,0.0022039413452148438,0.0,False,False
"(14, 15, 36)",remainder1800,7.137222222222222,tune,0.03585958480834961,0.03585958480834961,0.0022039413452148438,0.0,False,False
"(14, 15, 41)",remainder1800,7.137222222222222,tune,0.01209169626235962,0.01209169626235962,0.0,0.0,False,False
"(14, 16, 21)",remainder1800,7.137222222222222,tune,0.03977203369140625,0.03977203369140625,0.0,0.0,False,False
"(14, 16, 26)",remainder1800,7.137222222222222,test,0.03704005479812622,0.03704005479812622,0.0,0.0,False,False
"(14, 16, 29)",remainder1800,7.137222222222222,test,0.03451627492904663,0.03451627492904663,0.009628218734844984,0.019107131228449536,False,False
"(14, 16, 35)",remainder1800,7.137222222222222,test,0.035067617893218994,0.035067617893218994,0.007455289363861084,0.0,False,False
"(14, 16, 40)",remainder1800,7.137222222222222,tune,0.03301173448562622,0.03301173448562622,0.0,0.0,False,False
"(14, 16, 43)",remainder1800,7.137222222222222,tune,0.03977477550506592,0.03977477550506592,0.003298044204711914,0.00148654035145257,False,False
"(14, 17, 20)",remainder1800,7.137222222222222,test,0.07645779848098755,0.07645779848098755,0.0002779561098897876,0.019967874565991806,False,False
"(14, 17, 34)",remainder1800,7.137222222222222,tune,0.029543280601501465,0.029543280601501465,0.016566932201385498,0.0,False,False
"(14, 17, 36)",remainder1800,7.137222222222222,test,0.029543280601501465,0.029543280601501465,0.016566932201385498,0.0,False,False
"(14, 17, 38)",exact397,1.0,tune,0.1701389551162719,0.170138955116272,0.0,0.00014962275564167626,True,True
"(14, 17, 39)",remainder1800,7.137222222222222,test,0.0562129020690918,0.0562129020690918,0.0,0.0,False,False
"(14, 17, 43)",remainder1800,7.137222222222222,test,0.03994351625442505,0.03994351625442505,0.0,0.00148654035145257,False,False
"(14, 18, 20)",remainder1800,7.137222222222222,tune,0.04322606325149536,0.04322606325149536,0.007493470803702329,0.007953962365064071,False,False
"(14, 18, 34)",remainder1800,7.137222222222222,test,0.03581845760345459,0.03581845760345459,0.016527533531188965,0.0,False,False
"(14, 18, 36)",remainder1800,7.137222222222222,test,0.03581845760345459,0.03581845760345459,0.016527533531188965,0.0,False,False
"(14, 19, 23)",remainder1800,7.137222222222222,tune,0.027125239372253418,0.027125239372253418,0.06153823315708945,0.031401528712204196,False,False
"(14, 19, 33)",exact397,1.0,tune,0.1496104001998901,0.1496104001998902,0.010008608255309026,0.0251031655034335,True,True
"(14, 19, 34)",exact397,1.0,tune,0.0632078051567077,0.06320780515670779,0.01714481293766812,0.031401528712204196,False,False
"(14, 19, 39)",remainder1800,7.137222222222222,tune,0.09081703424453735,0.09081703424453735,0.0024257805519402043,0.0010864273854730433,False,False
"(14, 20, 21)",remainder1800,7.137222222222222,tune,0.08561527729034424,0.06204805704030092,0.0009097117086867001,0.02356722025004332,False,False
"(14, 20, 25)",remainder1800,7.137222222222222,test,0.05320233106613159,0.05320233106613159,0.028960561196166246,0.02356722025004332,False,False
"(14, 20, 26)",remainder1800,7.137222222222222,test,0.07997053861618042,0.07997053861618042,0.000376428397009132,0.02356722025004332,False,False
"(14, 20, 30)",remainder1800,7.137222222222222,test,0.10755258798599243,0.10755258798599243,0.0009097098523962455,0.005064027564345236,True,True
"(14, 20, 33)",exact397,1.0,tune,0.146838366985321,0.14683836698532104,0.0003138252667004293,0.014690836945447372,True,True
"(14, 21, 23)",remainder1800,7.137222222222222,tune,0.0375056266784668,0.0375056266784668,0.005464792251586914,0.0,False,False
"(14, 21, 24)",remainder1800,7.137222222222222,tune,0.038148581981658936,0.038148581981658936,0.010816633701324463,0.0,False,False
"(14, 21, 36)",remainder1800,7.137222222222222,tune,0.01924145221710205,0.01924145221710205,0.0,0.0,False,False
"(14, 23, 32)",remainder1800,7.137222222222222,tune,0.03229236602783203,0.03229236602783203,0.041023433208465576,0.0,False,False
"(14, 23, 34)",remainder1800,7.137222222222222,tune,0.021734297275543213,0.021734297275543213,0.06210285425186157,0.0,False,False
"(14, 24, 39)",remainder1800,7.137222222222222,tune,0.09210407733917236,0.09210407733917236,0.0,0.0,False,False
"(14, 24, 40)",remainder1800,7.137222222222222,tune,0.08027452230453491,0.08027452230453491,0.0,0.0,False,False
"(14, 25, 35)",exact397,1.0,tune,0.0490707159042358,0.04907071590423591,0.006291508674621582,0.0,False,False
"(14, 26, 27)",remainder1800,7.137222222222222,tune,0.04178595542907715,0.04178595542907715,0.0,0.0,False,False
"(14, 26, 32)",remainder1800,7.137222222222222,tune,0.04384207725524902,0.04384207725524902,0.0,0.0,False,False
"(14, 26, 39)",remainder1800,7.137222222222222,test,0.056738197803497314,0.056738197803497314,0.0,0.0,False,False
"(14, 27, 35)",remainder1800,7.137222222222222,test,0.023394405841827393,0.023394405841827393,0.0028125643730163574,0.0,False,False
"(14, 27, 37)",remainder1800,7.137222222222222,tune,0.042521774768829346,0.042521774768829346,0.0018444657325744629,0.0,False,False
"(14, 27, 40)",remainder1800,7.137222222222222,tune,0.03476673364639282,0.03476673364639282,0.0032097697257995605,0.0,False,False
"(14, 28, 43)",remainder1800,7.137222222222222,tune,0.0380588173866272,0.0380588173866272,0.013889106055388734,0.02262029686628697,False,False
"(14, 29, 41)",remainder1800,7.137222222222222,tune,0.009563446044921875,0.009563446044921875,0.016179301237206872,0.016543273345503595,False,False
"(14, 30, 42)",remainder1800,7.137222222222222,tune,0.09221649169921875,0.09221649169921875,0.0,0.006382734348552133,False,False
"(14, 31, 35)",remainder1800,7.137222222222222,tune,0.03893136978149414,0.03893136978149414,0.0010669231414794922,0.0,False,False
"(14, 31, 36)",remainder1800,7.137222222222222,tune,0.03893136978149414,0.03893136978149414,0.0010669231414794922,0.0,False,False
"(14, 31, 43)",remainder1800,7.137222222222222,test,0.06012850999832153,0.06012850999832153,0.010905623435974121,0.0,False,False
"(14, 33, 39)",exact397,1.0,tune,0.0813263058662414,0.0813263058662414,0.0,0.0,False,False
"(14, 34, 37)",exact397,1.0,test,0.0287084579467773,0.0287084579467774,0.01607447862625122,0.0,False,False
"(14, 34, 41)",remainder1800,7.137222222222222,test,0.010212957859039307,0.010212957859039307,0.023581266403198242,0.0,False,False
"(14, 36, 37)",remainder1800,7.137222222222222,tune,0.028708457946777344,0.028708457946777344,0.01607447862625122,0.0,False,False
"(14, 36, 40)",remainder1800,7.137222222222222,test,0.029293060302734375,0.029293060302734375,0.003982603549957275,0.0,False,False
"(14, 38, 39)",remainder1800,7.137222222222222,test,0.01916360855102539,0.01916360855102539,0.0014484836226235087,0.0006640268927345927,False,False
"(14, 38, 42)",exact397,1.0,test,0.2253326773643493,0.22533267736434937,0.001687063805193012,0.0006271490292599768,True,True
"(14, 39, 42)",exact397,1.0,tune,0.1452723741531372,0.1452723741531372,0.0,0.0,True,True
"(14, 39, 43)",remainder1800,7.137222222222222,tune,0.07382446527481079,0.07382446527481079,0.012602150440216064,0.00148654035145257,False,False
"(14, 40, 42)",exact397,1.0,test,0.1698033809661865,0.16980338096618658,0.0016165809203150805,0.012623517223632585,True,True
"(15, 16, 21)",remainder1800,7.137222222222222,test,0.027042508125305176,0.027042508125305176,0.00159531831741333,0.006691463767409658,False,False
"(15, 16, 22)",remainder1800,7.137222222222222,test,0.03781682252883911,0.03781682252883911,0.006778976556734276,0.006691463767409658,False,False
"(15, 16, 26)",remainder1800,7.137222222222222,test,0.05135005712509155,0.05135005712509155,0.0,0.0,False,False
"(15, 16, 31)",exact397,1.0,tune,0.0484864115715026,0.048486411571502686,0.0008263587951660156,0.0,False,False
"(15, 16, 38)",remainder1800,7.137222222222222,test,0.06490445137023926,0.06490445137023926,0.0034533143043518066,0.0021645056627462855,False,False
"(15, 17, 26)",remainder1800,7.137222222222222,test,0.0395851731300354,0.0395851731300354,0.0037778445601127364,0.003967039348445861,False,False
"(15, 18, 26)",remainder1800,7.137222222222222,tune,0.04145610332489014,0.04145610332489014,0.0,0.000411906657427491,False,False
"(15, 18, 28)",remainder1800,7.137222222222222,tune,0.040355801582336426,0.040355801582336426,0.016288587776779745,0.000411906657427491,False,False
"(15, 18, 31)",remainder1800,7.137222222222222,test,0.07385855913162231,0.07385855913162231,0.0,0.0,False,False
"(15, 18, 37)",remainder1800,7.137222222222222,test,0.12034446001052856,0.12034446001052856,0.002653400741427503,0.0,True,True
"(15, 19, 24)",exact397,1.0,test,0.0715581178665161,0.07155811786651617,0.0012297358814059578,0.0010997977557956062,False,False
"(15, 19, 26)",remainder1800,7.137222222222222,tune,0.0672374963760376,0.0672374963760376,0.0032098654101658797,0.0007469382587251827,False,False
"(15, 19, 30)",exact397,1.0,tune,0.0903719067573547,0.09037190675735479,0.0019199576679047592,0.0034294247708865078,False,False
"(15, 19, 33)",exact397,1.0,tune,0.1321773529052734,0.1321773529052735,0.0018149516827565826,0.0010915723148163803,True,True
"(15, 19, 37)",exact397,1.0,tune,0.0645190477371215,0.06451904773712158,0.01092427968978879,0.0010997977557956062,False,False
"(15, 20, 21)",remainder1800,7.137222222222222,tune,0.03830826282501221,0.03830826282501221,0.001639208778232093,0.0010560894231500528,False,False
"(15, 20, 32)",remainder1800,7.137222222222222,test,0.12630999088287354,0.12630999088287354,0.0007694735140084674,0.0010260196436412405,True,True
"(15, 20, 33)",exact397,1.0,tune,0.1315886378288269,0.1315886378288269,0.007516009168747617,0.0010045578878278283,True,True
"(15, 21, 25)",remainder1800,7.137222222222222,test,0.03673064708709717,0.03673064708709717,0.008275926113128662,0.0,False,False
"(15, 21, 34)",remainder1800,7.137222222222222,test,0.02471005916595459,0.02471005916595459,0.00043886899948120117,0.0,False,False
"(15, 21, 37)",remainder1800,7.137222222222222,test,0.029185891151428223,0.029185891151428223,0.0023126602172851562,0.0,False,False
"(15, 21, 41)",remainder1800,7.137222222222222,tune,0.008760690689086914,0.008760690689086914,0.0005541443824768066,0.0,False,False
"(15, 22, 40)",remainder1800,7.137222222222222,tune,0.049768149852752686,0.049768149852752686,0.0,0.0,False,False
"(15, 23, 37)",remainder1800,7.137222222222222,tune,0.02477109432220459,0.02477109432220459,0.00873953104019165,0.0,False,False
"(15, 23, 43)",remainder1800,7.137222222222222,tune,0.026356816291809082,0.02018059270679734,0.01884472370147705,0.006176223585011742,False,False
"(15, 24, 25)",exact397,1.0,tune,0.0478426218032836,0.04784262180328369,0.01689116228066151,0.013464848880392899,False,False
"(15, 24, 36)",remainder1800,7.137222222222222,test,0.05867743492126465,0.05867743492126465,0.011192560195922852,0.00243715513191875,False,False
"(15, 24, 40)",remainder1800,7.137222222222222,tune,0.10041093826293945,0.10041093826293945,0.009076893329620361,0.0,True,True
"(15, 25, 31)",remainder1800,7.137222222222222,test,0.023282349109649658,0.023282349109649658,0.011331617832183838,0.0,False,False
"(15, 26, 30)",remainder1800,7.137222222222222,test,0.0320664644241333,0.0320664644241333,0.013941943645477295,0.0,False,False
"(15, 27, 34)",remainder1800,7.137222222222222,tune,0.02663034200668335,0.02663034200668335,0.003597855567932129,0.0,False,False
"(15, 28, 36)",remainder1800,7.137222222222222,test,0.02701282501220703,0.02701282501220703,0.0561532991568697,0.01061821447319622,False,False
"(15, 28, 38)",remainder1800,7.137222222222222,tune,0.04232412576675415,0.06139968198785528,0.019110712701701504,0.0012183599508812648,False,False
"(15, 30, 42)",remainder1800,7.137222222222222,tune,0.04673081636428833,0.04673081636428833,0.0012994973153242495,0.0006645518277060836,False,False
"(15, 30, 43)",remainder1800,7.137222222222222,test,0.04364985227584839,0.03747362869083665,0.013065099716186523,0.008845830167018232,False,False
"(15, 31, 36)",remainder1800,7.137222222222222,test,0.03542137145996094,0.03542137145996094,0.0,0.0,False,False
"(15, 31, 39)",remainder1800,7.137222222222222,tune,0.08789104223251343,0.08789104223251343,0.0034885406494140625,0.0,False,False
"(15, 32, 35)",remainder1800,7.137222222222222,test,0.03581893444061279,0.03581893444061279,0.0,0.0,False,False
"(15, 32, 38)",remainder1800,7.137222222222222,test,0.04287523031234741,0.04287523031234741,0.0009501269524396783,0.00045765459977542555,False,False
"(15, 32, 41)",remainder1800,7.137222222222222,tune,0.014091730117797852,0.014091730117797852,0.004069805145263672,0.0,False,False
"(15, 32, 42)",remainder1800,7.137222222222222,test,0.04314100742340088,0.04314100742340088,0.0,0.0,False,False
"(15, 33, 38)",exact397,1.0,test,0.0513290762901306,0.051329076290130615,0.0001068592392760026,0.0,False,False
"(15, 33, 41)",remainder1800,7.137222222222222,tune,0.0131605863571167,0.0131605863571167,0.009560763835906982,0.0,False,False
"(15, 34, 43)",remainder1800,7.137222222222222,tune,0.04388493299484253,0.03770870940983079,0.0023084282875061035,0.006176223585011742,False,False
"(15, 35, 39)",remainder1800,7.137222222222222,test,0.02630913257598877,0.02630913257598877,0.002895057201385498,0.0,False,False
"(15, 35, 41)",remainder1800,7.137222222222222,tune,0.010347723960876465,0.010347723960876465,0.002369999885559082,0.0,False,False
"(15, 36, 38)",remainder1800,7.137222222222222,tune,0.029920756816864014,0.029920756816864014,0.0003763299277903531,0.0020398311651756984,False,False
"(15, 36, 39)",remainder1800,7.137222222222222,test,0.02630913257598877,0.02630913257598877,0.002895057201385498,0.0,False,False
"(15, 37, 40)",remainder1800,7.137222222222222,tune,0.10876041650772095,0.10876041650772095,0.0,0.0,True,True
"(15, 37, 41)",remainder1800,7.137222222222222,test,0.008811771869659424,0.008811771869659424,0.002817670669669453,0.0,False,False
"(15, 38, 41)",remainder1800,7.137222222222222,tune,0.021299362182617188,0.021299362182617188,0.003184704790001991,0.0014440231360008937,False,False
"(15, 38, 43)",remainder1800,7.137222222222222,test,0.08776932954788208,0.08776932954788208,0.0005183907275090327,0.00023389526667327853,False,False
"(16, 17, 19)",remainder1800,7.137222222222222,tune,0.030314624309539795,0.030314624309539795,0.001293859104899986,0.0007561723928212194,False,False
"(16, 17, 24)",remainder1800,7.137222222222222,tune,0.06000798940658569,0.0576658843141811,0.0,0.002342105092404595,False,False
"(16, 17, 30)",remainder1800,7.137222222222222,tune,0.07384270429611206,0.07384270429611206,0.0054081518411219776,0.005499776073366033,False,False
"(16, 17, 35)",remainder1800,7.137222222222222,test,0.03441077470779419,0.03441077470779419,0.0,0.002342105092404595,False,False
"(16, 17, 38)",remainder1800,7.137222222222222,test,0.0816260576248169,0.0816260576248169,0.00012975395758862973,0.00035997504217133436,False,False
"(16, 18, 21)",remainder1800,7.137222222222222,tune,0.073544442653656,0.073544442653656,0.0007305741310119629,0.0,False,False
"(16, 18, 22)",remainder1800,7.137222222222222,tune,0.07339334487915039,0.07339334487915039,0.0,0.0,False,False
"(16, 19, 29)",remainder1800,7.137222222222222,tune,0.04055309295654297,0.04055309295654297,0.017809736230582962,0.025480574769097458,False,False
"(16, 19, 43)",remainder1800,7.137222222222222,tune,0.04214584827423096,0.04214584827423096,0.0061841607093811035,0.002388939777361876,False,False
"(16, 20, 35)",remainder1800,7.137222222222222,tune,0.054680705070495605,0.054680705070495605,0.0014434456825256348,0.0003727236582390381,False,False
"(16, 20, 40)",remainder1800,7.137222222222222,tune,0.04035043716430664,0.04035043716430664,0.001349962549081818,0.0005551757267789892,False,False
"(16, 21, 30)",remainder1800,7.137222222222222,tune,0.044842660427093506,0.044842660427093506,0.002826232215217425,0.014644462367347552,False,False
"(16, 21, 31)",remainder1800,7.137222222222222,test,0.04498124122619629,0.04498124122619629,0.0,0.0031619733443776776,False,False
"(16, 21, 39)",remainder1800,7.137222222222222,test,0.034652769565582275,0.034652769565582275,0.0013732314109802246,0.0,False,False
"(16, 21, 41)",exact397,1.0,tune,0.0173584818840026,0.017358481884002686,0.001194959499705009,0.0,False,False
"(16, 22, 23)",remainder1800,7.137222222222222,test,0.016993701457977295,0.016993701457977295,0.0033867359161376953,0.0,False,False
"(16, 22, 29)",remainder1800,7.137222222222222,tune,0.0378265380859375,0.0378265380859375,0.013585633711603401,0.019107131228449536,False,False
"(16, 22, 39)",remainder1800,7.137222222222222,test,0.02569448947906494,0.02569448947906494,0.006944596767425537,0.0,False,False
"(16, 22, 42)",remainder1800,7.137222222222222,tune,0.059685587882995605,0.059685587882995605,0.0007469796158064285,0.0008565693635846361,False,False
"(16, 23, 25)",remainder1800,7.137222222222222,test,0.02762782573699951,0.02762782573699951,0.001910090446472168,0.0,False,False
"(16, 23, 29)",remainder1800,7.137222222222222,tune,0.023683011531829834,0.023683011531829834,0.008122472033503247,0.019107131228449536,False,False
"(16, 23, 34)",remainder1800,7.137222222222222,tune,0.03164142370223999,0.03164142370223999,0.0003688335418701172,0.0,False,False
"(16, 23, 40)",remainder1800,7.137222222222222,test,0.032192349433898926,0.032192349433898926,0.10300016403198242,0.0,False,False
"(16, 24, 38)",remainder1800,7.137222222222222,tune,0.08821576833724976,0.08821576833724976,0.005036918829640524,0.0016031491182516566,False,False
"(16, 25, 29)",remainder1800,7.137222222222222,tune,0.054896652698516846,0.0435692398477969,0.007779718377729589,0.019107131228449536,False,False
"(16, 25, 30)",remainder1800,7.137222222222222,test,0.07092219591140747,0.06542241983804144,0.0021247267723083496,0.0069641654694593685,False,False
"(16, 25, 39)",exact397,1.0,test,0.0572040677070617,0.05720406770706171,0.0,0.0,False,False
"(16, 26, 43)",exact397,1.0,tune,0.0539483428001403,0.053948342800140325,0.0,0.0,False,False
"(16, 27, 35)",remainder1800,7.137222222222222,tune,0.037039756774902344,0.037039756774902344,0.003998160362243652,0.0,False,False
"(16, 27, 41)",remainder1800,7.137222222222222,tune,0.01703476905822754,0.01703476905822754,0.0018301010131835938,0.0,False,False
"(16, 28, 31)",remainder1800,7.137222222222222,tune,0.09102249145507812,0.09102249145507812,0.0,0.0,False,False
"(16, 28, 34)",remainder1800,7.137222222222222,tune,0.03006643056869507,0.03006643056869507,0.03727547029326292,0.04224082716957511,False,False
"(16, 30, 31)",remainder1800,7.137222222222222,tune,0.05220264196395874,0.05220264196395874,0.0,0.0,False,False
"(16, 30, 34)",remainder1800,7.137222222222222,tune,0.04740017652511597,0.04740017652511597,0.0,0.005499776073366033,False,False
"(16, 32, 43)",remainder1800,7.137222222222222,test,0.05518817901611328,0.05518817901611328,8.64267349243164e-05,0.0,False,False
"(16, 34, 36)",remainder1800,7.137222222222222,tune,0.0020177364349365234,0.0020177364349365234,0.001424252986907959,0.0,False,False
"(16, 34, 37)",remainder1800,7.137222222222222,tune,0.04635894298553467,0.04635894298553467,0.0037021636962890625,0.0,False,False
"(16, 34, 41)",exact397,1.0,test,0.0132892727851867,0.013289272785186768,0.0004068613052368164,0.0,False,False
"(16, 35, 41)",remainder1800,7.137222222222222,tune,0.013289272785186768,0.013289272785186768,0.0004068613052368164,0.0,False,False
"(16, 35, 42)",remainder1800,7.137222222222222,tune,0.056775808334350586,0.056775808334350586,0.0,0.0,False,False
"(16, 38, 42)",exact397,1.0,tune,0.1446102857589721,0.14461028575897217,0.0005037953470695689,0.0006271490292599768,True,True
"(16, 39, 42)",remainder1800,7.137222222222222,tune,0.10615736246109009,0.10615736246109009,0.0,0.0,True,True
"(16, 40, 42)",exact397,1.0,test,0.1207581162452697,0.12075811624526983,0.0,0.012623517223632585,True,True
"(17, 18, 39)",remainder1800,7.137222222222222,tune,0.07534980773925781,0.07534980773925781,0.004670143127441406,0.0,False,False
"(17, 19, 20)",remainder1800,7.137222222222222,tune,0.003810107707977295,0.004498350784048422,0.0059754252433776855,0.0006249386410246416,False,False
"(17, 19, 26)",remainder1800,7.137222222222222,tune,0.043794214725494385,0.043794214725494385,0.0020757338833503614,0.0007389628170674234,False,False
"(17, 19, 27)",remainder1800,7.137222222222222,tune,0.03578275442123413,0.03578275442123413,0.0018240929894826063,0.0012646327078016384,False,False
"(17, 19, 29)",remainder1800,7.137222222222222,tune,0.0603635311126709,0.0603635311126709,0.019767350135421996,0.025480574769097458,False,False
"(17, 19, 38)",exact397,1.0,tune,0.1609785556793213,0.16097855567932132,0.0019716684602177903,0.0011635194381404146,True,True
"(17, 20, 24)",remainder1800,7.137222222222222,tune,0.04903364181518555,0.04903364181518555,0.0016711475724766611,0.001222324890435278,False,False
"(17, 20, 31)",remainder1800,7.137222222222222,tune,0.04362142086029053,0.04362142086029053,0.0008859871802381347,0.0018536572878962154,False,False
"(17, 20, 33)",remainder1800,7.137222222222222,tune,0.054973483085632324,0.054973483085632324,0.0003931046988253639,0.001239431423485815,False,False
"(17, 20, 38)",exact397,1.0,test,0.1526742577552795,0.15267425775527962,0.0007445463760753501,0.0005803828662044319,True,True
"(17, 20, 39)",remainder1800,7.137222222222222,test,0.043297410011291504,0.043297410011291504,0.0,0.001326915230066672,False,False
"(17, 20, 43)",remainder1800,7.137222222222222,tune,0.04592865705490112,0.04592865705490112,0.0005452958463026958,0.003160760562851972,False,False
"(17, 21, 23)",remainder1800,7.137222222222222,tune,0.03680860996246338,0.03680860996246338,0.020379138685131998,0.002712560392285318,False,False
"(17, 21, 28)",remainder1800,7.137222222222222,tune,0.04735344648361206,0.04735344648361206,0.008109033107757568,0.00702233185117411,False,False
"(17, 21, 42)",remainder1800,7.137222222222222,tune,0.05307799577713013,0.05307799577713013,0.0017253378711263867,0.0,False,False
"(17, 22, 34)",remainder1800,7.137222222222222,test,0.0543484091758728,0.0543484091758728,0.0,0.0,False,False
"(17, 22, 36)",remainder1800,7.137222222222222,tune,0.0543484091758728,0.0543484091758728,0.0,0.0,False,False
"(17, 23, 37)",remainder1800,7.137222222222222,test,0.03565549850463867,0.03565549850463867,0.004667699337005615,0.0,False,False
"(17, 24, 27)",remainder1800,7.137222222222222,test,0.06175684928894043,0.06175684928894043,0.0,0.0,False,False
"(17, 24, 28)",remainder1800,7.137222222222222,tune,0.04244232177734375,0.04244232177734375,0.0035582780838012695,0.0,False,False
"(17, 24, 30)",exact397,1.0,tune,0.0695077776908874,0.0695077776908875,0.008245408535003607,0.0,False,False
"(17, 24, 38)",remainder1800,7.137222222222222,test,0.050389647483825684,0.050389647483825684,0.012015762926959495,0.006854580828975054,False,False
"(17, 25, 35)",remainder1800,7.137222222222222,tune,0.059355318546295166,0.059355318546295166,0.0,0.0,False,False
"(17, 25, 38)",remainder1800,7.137222222222222,test,0.05509006977081299,0.05509006977081299,0.008973984072845553,0.00014962275564156524,False,False
"(17, 25, 39)",remainder1800,7.137222222222222,tune,0.04171210527420044,0.04171210527420044,0.003240940556082428,0.0,False,False
"(17, 26, 27)",remainder1800,7.137222222222222,test,0.03593730926513672,0.03593730926513672,0.007027149200439453,0.0,False,False
"(17, 26, 30)",exact397,1.0,tune,0.0307543873786926,0.030754387378692627,0.0,0.0,False,False
"(17, 27, 30)",remainder1800,7.137222222222222,tune,0.021174252033233643,0.021174252033233643,0.0,0.0,False,False
"(17, 27, 38)",remainder1800,7.137222222222222,tune,0.023941874504089355,0.023941874504089355,0.0,0.00014962275564156524,False,False
"(17, 27, 40)",remainder1800,7.137222222222222,tune,0.05621516704559326,0.05621516704559326,2.855062484741211e-05,0.0,False,False
"(17, 28, 38)",remainder1800,7.137222222222222,tune,0.05156642198562622,0.05156642198562622,0.0008739568700587563,0.00014962275564156524,False,False
"(17, 29, 34)",remainder1800,7.137222222222222,tune,0.04449695348739624,0.04449695348739624,0.005529344081878662,0.0,False,False
"(17, 29, 36)",remainder1800,7.137222222222222,tune,0.04449695348739624,0.04449695348739624,0.005529344081878662,0.0,False,False
"(17, 29, 39)",remainder1800,7.137222222222222,tune,0.07003623247146606,0.07003623247146606,0.0,0.0,False,False
"(17, 30, 43)",exact397,1.0,test,0.1393986344337463,0.13939863443374628,0.0016127405850636656,0.008556866849147138,True,True
"(17, 31, 39)",remainder1800,7.137222222222222,tune,0.04991471767425537,0.04991471767425537,0.008407294750213623,0.0,False,False
"(17, 32, 40)",remainder1800,7.137222222222222,test,0.06143295764923096,0.06143295764923096,0.016073226928710938,0.0,False,False
"(17, 32, 43)",remainder1800,7.137222222222222,tune,0.09947443008422852,0.09947443008422852,0.0031804442405700684,0.0,False,False
"(17, 33, 37)",remainder1800,7.137222222222222,tune,0.09683734178543091,0.09683734178543091,0.006791412830352783,0.0,False,False
"(17, 34, 36)",remainder1800,7.137222222222222,test,0.0018830299377441406,0.0018830299377441406,0.002079904079437256,0.0,False,False
"(17, 34, 39)",remainder1800,7.137222222222222,test,0.03443479537963867,0.03443479537963867,0.0,0.0,False,False
"(17, 34, 42)",remainder1800,7.137222222222222,tune,0.042360663414001465,0.042360663414001465,0.0,0.0,False,False
"(17, 36, 38)",remainder1800,7.137222222222222,tune,0.036472320556640625,0.036472320556640625,0.0008373856544494629,0.00014962275564156524,False,False
"(17, 39, 40)",remainder1800,7.137222222222222,test,0.06423741579055786,0.06423741579055786,0.0,0.0,False,False
"(17, 40, 42)",exact397,1.0,tune,0.0790772438049316,0.0790772438049317,0.0014176432205750267,0.0017671868288877124,False,False
"(18, 19, 20)",remainder1800,7.137222222222222,test,0.01303035020828247,0.01303035020828247,0.0019101718673905643,0.0006249386410246416,False,False
"(18, 19, 31)",remainder1800,7.137222222222222,tune,0.04913759231567383,0.04913759231567383,0.0014970208147276898,0.001433701111901886,False,False
"(18, 19, 35)",remainder1800,7.137222222222222,test,0.04921221733093262,0.04921221733093262,0.0015949437974120961,0.0010948012231017934,False,False
"(18, 20, 21)",remainder1800,7.137222222222222,test,0.08474498987197876,0.08474498987197876,0.0007210854891247509,0.0009402775983514688,False,False
"(18, 20, 30)",exact397,1.0,test,0.0723596215248107,0.07235962152481079,0.003832399958937305,0.0050640275643452914,False,False
"(18, 20, 31)",remainder1800,7.137222222222222,tune,0.04946690797805786,0.04946690797805786,0.002106308937072754,0.0006358298589373979,False,False
"(18, 20, 42)",remainder1800,7.137222222222222,tune,0.06897473335266113,0.06897473335266113,0.0007138209537171925,0.0006358298589373979,False,False
"(18, 21, 23)",remainder1800,7.137222222222222,test,0.04575687646865845,0.04575687646865845,0.007838070392608643,0.0,False,False
"(18, 21, 25)",remainder1800,7.137222222222222,tune,0.0359538197517395,0.0359538197517395,0.006873493737407824,0.0,False,False
"(18, 21, 27)",remainder1800,7.137222222222222,tune,0.045785605907440186,0.045785605907440186,0.02743438187301589,0.021099312724150762,False,False
"(18, 21, 32)",remainder1800,7.137222222222222,tune,0.0697242021560669,0.0697242021560669,0.0,0.0010941161767882568,False,False
"(18, 21, 33)",exact397,1.0,test,0.0757694244384765,0.07576942443847659,0.0,0.0,False,False
"(18, 21, 35)",remainder1800,7.137222222222222,test,0.04859346151351929,0.04859346151351929,0.003829360008239746,0.0,False,False
"(18, 21, 43)",remainder1800,7.137222222222222,test,0.05884677171707153,0.05884677171707153,0.013026654720306396,0.0,False,False
"(18, 22, 24)",remainder1800,7.137222222222222,test,0.04297232627868652,0.04297232627868652,0.0,0.0,False,False
"(18, 22, 25)",remainder1800,7.137222222222222,tune,0.04288911819458008,0.04288911819458008,0.0,0.0,False,False
"(18, 22, 39)",remainder1800,7.137222222222222,test,0.054237425327301025,0.054237425327301025,0.029182493686676025,0.0,False,False
"(18, 23, 35)",remainder1800,7.137222222222222,test,0.044809579849243164,0.044809579849243164,0.001155762413602976,0.004637471079075285,False,False
"(18, 23, 38)",remainder1800,7.137222222222222,tune,0.023846149444580078,0.023846149444580078,0.008500635623931885,0.0009195846670252417,False,False
"(18, 25, 29)",exact397,1.0,test,0.0313547253608703,0.0313547253608704,0.006957318669584989,0.002763983390681901,False,False
"(18, 25, 30)",remainder1800,7.137222222222222,tune,0.04025161266326904,0.04025161266326904,0.01087394777876731,0.012261484304493628,False,False
"(18, 25, 38)",remainder1800,7.137222222222222,tune,0.04296994209289551,0.04296994209289551,0.0004124593323796555,0.0009933397916233044,False,False
"(18, 26, 28)",remainder1800,7.137222222222222,tune,0.05051761865615845,0.05051761865615845,0.0,0.006310329894353095,False,False
"(18, 26, 33)",exact397,1.0,test,0.0660740733146667,0.06607407331466669,0.0,0.004665464709524,False,False
"(18, 26, 34)",remainder1800,7.137222222222222,tune,0.05803346633911133,0.05803346633911133,0.0,0.0,False,False
"(18, 27, 28)",exact397,1.0,test,0.061131477355957,0.061131477355957003,0.004791416361317503,4.692357470803543e-06,False,False
"(18, 27, 29)",remainder1800,7.137222222222222,test,0.03183037042617798,0.03183037042617798,0.0,0.0,False,False
"(18, 27, 35)",remainder1800,7.137222222222222,tune,0.04949212074279785,0.04949212074279785,0.0006835994881507351,0.0054161561730762114,False,False
"(18, 27, 36)",remainder1800,7.137222222222222,test,0.04949212074279785,0.04949212074279785,0.0006835994881507351,0.0054161561730762114,False,False
"(18, 27, 43)",exact397,1.0,tune,0.0610110759735107,0.06101107597351069,0.011104822158813407,0.0,False,False
"(18, 28, 33)",exact397,1.0,test,0.063317060470581,0.06331706047058111,0.0,0.004665464709524,False,False
"(18, 28, 35)",exact397,1.0,tune,0.0451830625534057,0.045183062553405706,0.00948122945238511,2.987363994460049e-05,False,False
"(18, 29, 32)",remainder1800,7.137222222222222,tune,0.11234158277511597,0.11234158277511597,0.03856160594509539,0.03259616689602163,True,True
"(18, 29, 40)",remainder1800,7.137222222222222,tune,0.06051760911941528,0.06051760911941528,0.0,0.0,False,False
"(18, 29, 42)",exact397,1.0,tune,0.0857972502708435,0.0857972502708435,0.014105948881763808,0.01861606475498498,False,False
"(18, 30, 40)",exact397,1.0,test,0.0789029598236084,0.0789029598236084,0.008776249076731107,0.015566451316047406,False,False
"(18, 31, 33)",remainder1800,7.137222222222222,test,0.00612795352935791,0.00612795352935791,0.007149934768676758,0.0008377736313379645,False,False
"(18, 32, 33)",remainder1800,7.137222222222222,tune,0.006085872650146484,0.006085872650146484,0.0047972798347473145,0.0013295715553797126,False,False
"(18, 33, 43)",remainder1800,7.137222222222222,test,0.08116745948791504,0.08116745948791504,0.0,0.0012474959595239997,False,False
"(18, 34, 39)",remainder1800,7.137222222222222,test,0.03211325407028198,0.03211325407028198,0.0,0.0,False,False
"(18, 37, 41)",remainder1800,7.137222222222222,tune,0.020829975605010986,0.020829975605010986,0.005831718444824219,0.0,False,False
"(18, 39, 42)",remainder1800,7.137222222222222,tune,0.10576444864273071,0.10576444864273071,0.0,0.0,True,True
"(18, 39, 43)",remainder1800,7.137222222222222,test,0.1065858006477356,0.1065858006477356,0.0,0.0,True,True
"(18, 40, 41)",remainder1800,7.137222222222222,tune,0.014818310737609863,0.014818310737609863,0.0118180513381958,0.0,False,False
"(19, 20, 34)",remainder1800,7.137222222222222,tune,0.006947636604309082,0.006947636604309082,0.009613275527954102,0.0006249386410246416,False,False
"(19, 20, 40)",remainder1800,7.137222222222222,test,0.011533081531524658,0.011533081531524658,0.007650136947631836,0.0008181743996856783,False,False
"(19, 20, 43)",remainder1800,7.137222222222222,tune,0.004911243915557861,0.013612848540262595,0.01264396065420284,0.002388939777361876,False,False
"(19, 21, 24)",remainder1800,7.137222222222222,tune,0.03470337390899658,0.03470337390899658,0.0038607120513916016,0.0013857433681608855,False,False
"(19, 22, 30)",remainder1800,7.137222222222222,tune,0.059948861598968506,0.059948861598968506,0.0023127053027870437,0.0034294247708864523,False,False
"(19, 23, 32)",remainder1800,7.137222222222222,test,0.021520137786865234,0.021520137786865234,0.04828375577926636,0.0016617240359522167,False,False
"(19, 23, 40)",remainder1800,7.137222222222222,tune,0.04329729080200195,0.04329729080200195,0.06742578744888306,0.0016623549836395357,False,False
"(19, 24, 25)",remainder1800,7.137222222222222,tune,0.06607842445373535,0.06607842445373535,0.0029694556211429246,0.0013857433681608855,False,False
"(19, 24, 33)",remainder1800,7.137222222222222,tune,0.10226190090179443,0.10226190090179443,0.006477296352386475,0.001059148737235338,True,True
"(19, 24, 35)",remainder1800,7.137222222222222,test,0.059727370738983154,0.059727370738983154,0.005067408084869385,0.0013857433681608855,False,False
"(19, 25, 26)",remainder1800,7.137222222222222,tune,0.08753931522369385,0.08753931522369385,0.0017140726337445678,0.0006590603803592332,False,False
"(19, 25, 28)",remainder1800,7.137222222222222,tune,0.037407100200653076,0.037407100200653076,0.0023659467697143555,0.004017170724816277,False,False
"(19, 25, 30)",remainder1800,7.137222222222222,test,0.04340779781341553,0.04023104906082153,0.00229735364665562,0.0034294247708864523,False,False
"(19, 25, 41)",remainder1800,7.137222222222222,test,0.010601580142974854,0.010601580142974854,0.02861231565475464,0.000684249201390319,False,False
"(19, 26, 29)",remainder1800,7.137222222222222,tune,0.04018735885620117,0.04018735885620117,0.01288933254031116,0.025480574769097458,False,False
"(19, 26, 43)",remainder1800,7.137222222222222,tune,0.049851834774017334,0.049851834774017334,0.0010061771252359852,0.002388939777361876,False,False
"(19, 27, 28)",remainder1800,7.137222222222222,tune,0.0765448808670044,0.07324672097211365,0.0021681711671924786,0.00329815989489074,False,False
"(19, 27, 38)",remainder1800,7.137222222222222,tune,0.03012406826019287,0.03012406826019287,0.005478875457418542,0.002071357782714278,False,False
"(19, 27, 39)",remainder1800,7.137222222222222,test,0.053214311599731445,0.053214311599731445,0.002578258514404297,0.0015912811469565025,False,False
"(19, 27, 40)",remainder1800,7.137222222222222,tune,0.05782473087310791,0.05782473087310791,0.0021858761888521316,0.0016623549836395357,False,False
"(19, 28, 39)",remainder1800,7.137222222222222,test,0.058032989501953125,0.058032989501953125,0.003424346446990967,0.0016334734373046889,False,False
"(19, 29, 31)",remainder1800,7.137222222222222,tune,0.11823445558547974,0.11823445558547974,0.030586255841493215,0.03331793734327515,True,True
"(19, 29, 38)",exact397,1.0,test,0.1440248489379882,0.14402484893798828,0.007529000008133224,0.0030531654914544015,True,True
"(19, 29, 40)",exact397,1.0,test,0.068518042564392,0.06851804256439209,0.010130232972222514,0.025480574769097514,False,False
"(19, 30, 42)",remainder1800,7.137222222222222,tune,0.07559728622436523,0.07559728622436523,0.0028762497101282314,0.0034294247708864523,False,False
"(19, 31, 34)",remainder1800,7.137222222222222,test,0.04736071825027466,0.04736071825027466,0.0009488769312988588,0.001104564263452179,False,False
"(19, 31, 37)",remainder1800,7.137222222222222,tune,0.10923588275909424,0.10923588275909424,0.010756313800811768,0.001739174916375763,True,True
"(19, 32, 40)",remainder1800,7.137222222222222,tune,0.08044242858886719,0.08044242858886719,0.002320512548657727,0.0016623549836395357,False,False
"(19, 35, 41)",remainder1800,7.137222222222222,test,0.009530425071716309,0.009530425071716309,0.03537553548812866,0.00094218755743887,False,False
"(19, 36, 38)",remainder1800,7.137222222222222,test,0.03434550762176514,0.03434550762176514,0.0016521126190310875,0.0030531654914545125,False,False
"(19, 36, 39)",remainder1800,7.137222222222222,tune,0.03511720895767212,0.03511720895767212,0.0038156584063883114,0.0015456239890585532,False,False
"(19, 36, 43)",remainder1800,7.137222222222222,test,0.04061645269393921,0.04061645269393921,0.0015127886811290292,0.002388939777361876,False,False
"(19, 37, 41)",remainder1800,7.137222222222222,tune,0.007249295711517334,0.007249295711517334,0.028894126415252686,0.0006889397548197618,False,False
"(19, 38, 40)",remainder1800,7.137222222222222,test,0.027022719383239746,0.027022719383239746,0.006916202123992354,0.0030531654914545125,False,False
"(19, 38, 42)",exact397,1.0,tune,0.1681792736053466,0.16817927360534668,0.002594711636924041,0.001427091177337192,True,True
"(19, 39, 40)",exact397,1.0,test,0.1724165081977844,0.17241650819778442,0.002228721029134406,0.0015912811469563914,True,True
"(19, 39, 42)",remainder1800,7.137222222222222,tune,0.08994907140731812,0.08994907140731812,0.0019315044593344322,0.0015143315505514732,False,False
"(19, 40, 42)",exact397,1.0,tune,0.1251742243766784,0.12517422437667852,0.0025755577462434065,0.012623517223632585,True,True
"(20, 21, 29)",remainder1800,7.137222222222222,tune,0.04887455701828003,0.04887455701828003,0.02107646087493026,0.024265070951834555,False,False
"(20, 21, 31)",remainder1800,7.137222222222222,tune,0.029800474643707275,0.029800474643707275,0.0018249549673367005,0.0010560894231500528,False,False
"(20, 21, 34)",remainder1800,7.137222222222222,tune,0.02670818567276001,0.02670818567276001,0.0011441850881280802,0.0010560894231500528,False,False
"(20, 21, 35)",remainder1800,7.137222222222222,tune,0.02670818567276001,0.02670818567276001,0.0011441850881280802,0.0010560894231500528,False,False
"(20, 21, 40)",remainder1800,7.137222222222222,tune,0.043482959270477295,0.043482959270477295,0.0016588915320799869,0.0005551757267789892,False,False
"(20, 21, 42)",remainder1800,7.137222222222222,tune,0.06527984142303467,0.06527984142303467,0.0010547185163202188,0.0009457016210260294,False,False
"(20, 22, 24)",remainder1800,7.137222222222222,test,0.06265288591384888,0.06265288591384888,0.004914641380310059,0.0006968359661808643,False,False
"(20, 23, 30)",remainder1800,7.137222222222222,tune,0.03410029411315918,0.03410029411315918,0.007724463939666748,0.005064027564345236,False,False
"(20, 23, 42)",remainder1800,7.137222222222222,test,0.020032107830047607,0.020032107830047607,0.05813288688659668,0.0005226818165163793,False,False
"(20, 24, 32)",remainder1800,7.137222222222222,test,0.10041677951812744,0.10041677951812744,0.001073181529326006,0.0007830921130292934,True,True
"(20, 24, 43)",remainder1800,7.137222222222222,test,0.06028461456298828,0.06028461456298828,0.0012207701442359387,0.003160760562851972,False,False
"(20, 25, 27)",remainder1800,7.137222222222222,test,0.0394015908241272,0.0394015908241272,0.001408126445298974,0.0014207321353116864,False,False
"(20, 25, 30)",remainder1800,7.137222222222222,test,0.04135143756866455,0.038531482219696045,0.0017480477226172741,0.005064027564345236,False,False
"(20, 25, 33)",remainder1800,7.137222222222222,tune,0.026211261749267578,0.026211261749267578,0.001425303878961004,0.0010045578878278283,False,False
"(20, 25, 38)",exact397,1.0,tune,0.0352395176887512,0.03523951768875122,0.003390721734762403,0.0004402322500579592,False,False
"(20, 25, 41)",remainder1800,7.137222222222222,test,0.01089024543762207,0.01089024543762207,0.02977985143661499,0.0011678528242622388,False,False
"(20, 26, 33)",remainder1800,7.137222222222222,tune,0.04652059078216553,0.04652059078216553,0.009919524192810059,0.0010045578878278283,False,False
"(20, 26, 34)",remainder1800,7.137222222222222,test,0.04985082149505615,0.04985082149505615,0.010189414024353027,0.0010532907810015812,False,False
"(20, 26, 35)",remainder1800,7.137222222222222,tune,0.04985082149505615,0.04985082149505615,0.010189414024353027,0.0010532907810015812,False,False
"(20, 26, 36)",remainder1800,7.137222222222222,test,0.04985082149505615,0.04985082149505615,0.010189414024353027,0.0010532907810015812,False,False
"(20, 26, 37)",remainder1800,7.137222222222222,tune,0.05381542444229126,0.05381542444229126,0.005452262834216737,0.0006734721916169528,False,False
"(20, 26, 40)",remainder1800,7.137222222222222,tune,0.060262858867645264,0.060262858867645264,0.000993457865204328,0.0005551757267789892,False,False
"(20, 27, 28)",remainder1800,7.137222222222222,tune,0.07793837785720825,0.07464444696576511,0.0017684247183126223,0.003293930891443142,False,False
"(20, 27, 31)",remainder1800,7.137222222222222,test,0.02861177921295166,0.02861177921295166,0.0001586506681873212,0.0014207321353116864,False,False
"(20, 27, 38)",remainder1800,7.137222222222222,test,0.0448644757270813,0.0448644757270813,0.0027187005621913674,0.0004402322500579592,False,False
"(20, 27, 39)",remainder1800,7.137222222222222,test,0.04884815216064453,0.04884815216064453,0.009565591812133789,0.001326915230066672,False,False
"(20, 28, 30)",exact397,1.0,test,0.0723991990089416,0.0723991990089416,0.008484363555908203,0.0050640275643452914,False,False
"(20, 29, 36)",exact397,1.0,tune,0.0335815548896789,0.033581554889679,0.013265870584950101,0.024265070951834583,False,False
"(20, 29, 37)",remainder1800,7.137222222222222,tune,0.02091580629348755,0.02091580629348755,0.004148423671722412,0.0006734721916169528,False,False
"(20, 29, 38)",exact397,1.0,test,0.1433687806129455,0.1433687806129456,0.009842244940950429,0.0004402322500579592,True,True
"(20, 30, 31)",remainder1800,7.137222222222222,tune,0.10511451959609985,0.10511451959609985,0.001191834840915229,0.0014144482190817653,True,True
"(20, 30, 38)",remainder1800,7.137222222222222,tune,0.08804357051849365,0.08804357051849365,0.0027199015590855247,0.0004402322500579592,False,False
"(20, 30, 39)",remainder1800,7.137222222222222,test,0.07138478755950928,0.07138478755950928,0.009747326374053955,0.005064027564345236,False,False
"(20, 30, 40)",remainder1800,7.137222222222222,test,0.06073939800262451,0.06073939800262451,0.007725238800048828,0.005064027564345236,False,False
"(20, 30, 41)",remainder1800,7.137222222222222,test,0.010117650032043457,0.010117650032043457,0.00636899471282959,0.005064027564345236,False,False
"(20, 31, 32)",remainder1800,7.137222222222222,test,0.019225776195526123,0.019225776195526123,0.0010941621316594707,0.0011607708509177028,False,False
"(20, 31, 34)",remainder1800,7.137222222222222,test,0.04933255910873413,0.04933255910873413,0.0006641828871208899,0.0014144482190817653,False,False
"(20, 31, 37)",remainder1800,7.137222222222222,test,0.10750728845596313,0.10750728845596313,0.016876816749572754,0.0007010402257651149,True,True
"(20, 31, 38)",remainder1800,7.137222222222222,tune,0.10803556442260742,0.10803556442260742,0.0017579773984818248,0.0005339364133744029,True,True
"(20, 31, 43)",remainder1800,7.137222222222222,tune,0.05018085241317749,0.05018085241317749,0.002813994884490967,0.0012291142096272356,False,False
"(20, 32, 35)",exact397,1.0,tune,0.0483201742172241,0.04832017421722409,0.0006745366266288633,0.0011607471423260574,False,False
"(20, 32, 38)",remainder1800,7.137222222222222,test,0.11077582836151123,0.11077582836151123,0.0024430853172436873,0.00045765459977542555,True,True
"(20, 33, 34)",remainder1800,7.137222222222222,test,0.04661744832992554,0.04661744832992554,0.0008236577909345177,0.0010045578878278283,False,False
"(20, 35, 37)",remainder1800,7.137222222222222,test,0.020470142364501953,0.020470142364501953,0.01566493511199951,0.0006734721916169528,False,False
"(20, 35, 39)",remainder1800,7.137222222222222,tune,0.03483271598815918,0.03483271598815918,0.002893984317779541,0.001326915230066672,False,False
"(20, 37, 39)",remainder1800,7.137222222222222,tune,0.04012560844421387,0.04012560844421387,0.01120305061340332,0.001326915230066672,False,False
"(20, 38, 40)",remainder1800,7.137222222222222,tune,0.030961811542510986,0.030961811542510986,0.008654467555844092,0.0005551757267789892,False,False
"(20, 38, 42)",exact397,1.0,tune,0.1749759912490844,0.17497599124908447,0.0030839652443930277,0.0005018189364848213,True,True
"(20, 39, 40)",exact397,1.0,test,0.1743280887603759,0.17432808876037598,0.0008825498387482478,0.0005551757267789892,True,True
"(20, 40, 42)",exact397,1.0,tune,0.1256700158119201,0.12567001581192022,0.0020068869414791024,0.012623517223632585,True,True
"(21, 22, 31)",remainder1800,7.137222222222222,test,0.0938836932182312,0.0938836932182312,0.012114869053792748,0.0031619733443776776,False,False
"(21, 22, 32)",exact397,1.0,tune,0.0929667949676513,0.09296679496765142,0.01504637367359489,0.0010941161767882845,False,False
"(21, 22, 42)",remainder1800,7.137222222222222,tune,0.059712111949920654,0.059712111949920654,9.518861770629883e-05,0.002059560508638758,False,False
"(21, 23, 26)",exact397,1.0,tune,0.0491348505020141,0.0491348505020142,0.0015111565589905063,0.0,False,False
"(21, 23, 30)",remainder1800,7.137222222222222,tune,0.03402942419052124,0.03402942419052124,0.008712053298950195,0.0,False,False
"(21, 23, 35)",remainder1800,7.137222222222222,test,0.04382854700088501,0.04382854700088501,0.03150850534439087,0.0,False,False
"(21, 23, 39)",remainder1800,7.137222222222222,test,0.04119908809661865,0.04119908809661865,0.08762359619140625,0.0,False,False
"(21, 24, 25)",remainder1800,7.137222222222222,tune,0.03052997589111328,0.03052997589111328,0.0032343268394470215,0.0,False,False
"(21, 24, 27)",remainder1800,7.137222222222222,test,0.02092641592025757,0.0397876689640394,0.03271706797755869,0.0,False,False
"(21, 24, 32)",remainder1800,7.137222222222222,tune,0.0688515305519104,0.0688515305519104,0.003069162368774414,0.0010941161767882568,False,False
"(21, 24, 37)",remainder1800,7.137222222222222,test,0.07707899808883667,0.07707899808883667,0.0009406805038452148,0.0,False,False
"(21, 24, 39)",remainder1800,7.137222222222222,test,0.036787986755371094,0.036787986755371094,0.0027341246604919434,0.0,False,False
"(21, 24, 40)",remainder1800,7.137222222222222,tune,0.049967944622039795,0.049967944622039795,0.0012238621711730957,0.0,False,False
"(21, 25, 39)",remainder1800,7.137222222222222,tune,0.029689788818359375,0.029689788818359375,0.0054746270179748535,0.0010371768801446385,False,False
"(21, 25, 41)",remainder1800,7.137222222222222,test,0.01977914571762085,0.01977914571762085,0.007105052471160889,0.0023202281464375016,False,False
"(21, 25, 43)",remainder1800,7.137222222222222,tune,0.028322994709014893,0.028322994709014893,0.010313450010047201,0.0031728034021235585,False,False
"(21, 26, 34)",remainder1800,7.137222222222222,test,0.03203004598617554,0.03203004598617554,4.708766937255859e-06,0.0,False,False
"(21, 26, 35)",remainder1800,7.137222222222222,test,0.03203004598617554,0.03203004598617554,4.708766937255859e-06,0.0,False,False
"(21, 26, 39)",remainder1800,7.137222222222222,tune,0.033316075801849365,0.033316075801849365,0.00022989511489868164,0.0,False,False
"(21, 27, 29)",remainder1800,7.137222222222222,tune,0.07346147298812866,0.07346147298812866,0.02156211637569079,0.021099312724150762,False,False
"(21, 27, 35)",exact397,1.0,tune,0.0708132982254028,0.0708132982254028,0.014487923443271294,0.02109931272415079,False,False
"(21, 28, 30)",remainder1800,7.137222222222222,tune,0.022618472576141357,0.02129391447497264,0.018464730483188835,0.0033211075008336977,False,False
"(21, 28, 36)",remainder1800,7.137222222222222,tune,0.05141550302505493,0.05141550302505493,0.004861595618352574,0.007182935741351315,False,False
"(21, 29, 37)",remainder1800,7.137222222222222,tune,0.034242331981658936,0.034242331981658936,0.0057146549224853516,0.0,False,False
"(21, 30, 33)",remainder1800,7.137222222222222,test,0.03793400526046753,0.03793400526046753,0.0,0.0,False,False
"(21, 30, 38)",remainder1800,7.137222222222222,test,0.025871336460113525,0.025871336460113525,0.0033895373344421387,0.0024368705341242247,False,False
"(21, 30, 41)",remainder1800,7.137222222222222,test,0.011121511459350586,0.011121511459350586,0.0004988312721252441,0.0,False,False
"(21, 31, 36)",remainder1800,7.137222222222222,tune,0.06349605321884155,0.06349605321884155,0.00019009039042411358,0.0031619733443776776,False,False
"(21, 31, 39)",remainder1800,7.137222222222222,test,0.050431907176971436,0.050431907176971436,0.0013980269432067871,0.0,False,False
"(21, 31, 42)",remainder1800,7.137222222222222,test,0.0606694221496582,0.0606694221496582,0.0029001235961914062,0.0031619733443776776,False,False
"(21, 32, 36)",remainder1800,7.137222222222222,test,0.06751227378845215,0.06751227378845215,0.006374674257938334,0.0010941161767882568,False,False
"(21, 32, 38)",remainder1800,7.137222222222222,test,0.01905757188796997,0.01905757188796997,0.0017117192637201573,0.00045765459977542555,False,False
"(21, 33, 40)",remainder1800,7.137222222222222,tune,0.05161410570144653,0.05161410570144653,0.0,0.0,False,False
"(21, 33, 41)",remainder1800,7.137222222222222,tune,0.018481433391571045,0.018481433391571045,0.0272524356842041,0.0,False,False
"(21, 33, 43)",remainder1800,7.137222222222222,tune,0.06681400537490845,0.06681400537490845,0.002146701868953549,0.0,False,False
"(21, 34, 39)",remainder1800,7.137222222222222,test,0.03131955862045288,0.03131955862045288,0.0010041594505310059,0.0,False,False
"(21, 34, 43)",remainder1800,7.137222222222222,test,0.05859863758087158,0.05859863758087158,0.010461091995239258,0.0,False,False
"(21, 35, 36)",remainder1800,7.137222222222222,tune,0.002501189708709717,0.002501189708709717,0.0018421411514282227,0.0,False,False
"(21, 35, 38)",remainder1800,7.137222222222222,test,0.02590155601501465,0.02590155601501465,0.0015138968815479048,0.0021097006389521056,False,False
"(21, 35, 41)",remainder1800,7.137222222222222,test,0.009814143180847168,0.009814143180847168,0.029165665701585297,0.0,False,False
"(21, 36, 41)",remainder1800,7.137222222222222,tune,0.009814143180847168,0.009814143180847168,0.029165665701585297,0.0,False,False
"(21, 37, 42)",exact397,1.0,tune,0.0535575747489929,0.05355757474899292,0.005421578884124811,0.0,False,False
"(21, 41, 42)",remainder1800,7.137222222222222,test,0.01688605546951294,0.01688605546951294,0.016598761081695557,0.002059560508638758,False,False
"(21, 41, 43)",remainder1800,7.137222222222222,tune,0.015346825122833252,0.015346825122833252,0.007612049579620361,0.00016376738496126642,False,False
"(22, 23, 29)",remainder1800,7.137222222222222,tune,0.02047187089920044,0.02047187089920044,0.013509819299756587,0.009104399842578867,False,False
"(22, 23, 39)",remainder1800,7.137222222222222,tune,0.017857670783996582,0.017857670783996582,0.0902336835861206,0.0,False,False
"(22, 24, 25)",remainder1800,7.137222222222222,test,0.037538111209869385,0.037538111209869385,0.003541707992553711,0.0,False,False
"(22, 24, 29)",remainder1800,7.137222222222222,tune,0.03917360305786133,0.03917360305786133,0.005396127700805664,0.0,False,False
"(22, 24, 32)",remainder1800,7.137222222222222,tune,0.03980147838592529,0.03980147838592529,0.006093144416809082,0.0,False,False
"(22, 24, 33)",exact397,1.0,tune,0.0564695000648498,0.05646950006484991,0.000724613666534403,0.0,False,False
"(22, 24, 36)",remainder1800,7.137222222222222,test,0.04197615385055542,0.04197615385055542,0.0029237866401672363,0.0,False,False
"(22, 24, 39)",remainder1800,7.137222222222222,tune,0.05379265546798706,0.05379265546798706,0.01621532440185547,0.0,False,False
"(22, 25, 29)",remainder1800,7.137222222222222,tune,0.04257917404174805,0.04257917404174805,0.010906533584276054,0.009104399842578867,False,False
"(22, 25, 31)",remainder1800,7.137222222222222,tune,0.03745537996292114,0.03745537996292114,0.004761993885040283,0.0,False,False
"(22, 25, 34)",remainder1800,7.137222222222222,tune,0.049418866634368896,0.049418866634368896,0.0,0.0,False,False
"(22, 25, 42)",remainder1800,7.137222222222222,test,0.040739238262176514,0.040739238262176514,0.0006015654265643742,0.0006191014683219632,False,False
"(22, 26, 34)",exact397,1.0,test,0.0397877693176269,0.039787769317626995,0.0,0.0,False,False
"(22, 26, 43)",remainder1800,7.137222222222222,tune,0.04182541370391846,0.04182541370391846,0.0,0.0,False,False
"(22, 27, 29)",remainder1800,7.137222222222222,test,0.035471439361572266,0.035471439361572266,0.006838560104370117,0.009104399842578867,False,False
"(22, 27, 33)",remainder1800,7.137222222222222,tune,0.09565895795822144,0.09565895795822144,0.009101629257202148,0.0,False,False
"(22, 27, 40)",remainder1800,7.137222222222222,test,0.04271578788757324,0.04271578788757324,0.005494952201843262,0.0,False,False
"(22, 27, 43)",remainder1800,7.137222222222222,test,0.05185425281524658,0.05185425281524658,0.013174951620919612,0.0,False,False
"(22, 28, 36)",remainder1800,7.137222222222222,test,0.02932363748550415,0.02932363748550415,0.0021677049548708555,0.0,False,False
"(22, 28, 41)",remainder1800,7.137222222222222,test,0.028161466121673584,0.028161466121673584,0.0001241560165091138,0.0,False,False
"(22, 29, 31)",remainder1800,7.137222222222222,test,0.03860586881637573,0.03860586881637573,0.024678783011361727,0.03331793734327515,False,False
"(22, 29, 33)",remainder1800,7.137222222222222,tune,0.040620386600494385,0.040620386600494385,0.030561247701718974,0.03573474658864906,False,False
"(22, 30, 40)",remainder1800,7.137222222222222,test,0.025591611862182617,0.025591611862182617,0.017134847046283985,0.0006778559451933869,False,False
"(22, 31, 35)",remainder1800,7.137222222222222,tune,0.03319370746612549,0.03319370746612549,0.00485759973526001,0.0,False,False
"(22, 31, 36)",remainder1800,7.137222222222222,tune,0.03319370746612549,0.03319370746612549,0.00485759973526001,0.0,False,False
"(22, 31, 39)",remainder1800,7.137222222222222,test,0.06791174411773682,0.06791174411773682,0.004590451717376709,0.0,False,False
"(22, 31, 42)",remainder1800,7.137222222222222,test,0.060462892055511475,0.060462892055511475,0.0,0.0,False,False
"(22, 32, 36)",remainder1800,7.137222222222222,tune,0.033640265464782715,0.033640265464782715,0.00463104248046875,0.0,False,False
"(22, 33, 36)",remainder1800,7.137222222222222,tune,0.04565960168838501,0.04565960168838501,0.0008040070533752441,0.0,False,False
"(22, 33, 39)",remainder1800,7.137222222222222,tune,0.07212889194488525,0.07212889194488525,0.002062857151031494,0.0,False,False
"(22, 33, 42)",remainder1800,7.137222222222222,test,0.06801438331604004,0.06801438331604004,0.0,0.0,False,False
"(22, 33, 43)",exact397,1.0,test,0.0430579781532287,0.043057978153228815,1.5199184417696854e-05,0.0,False,False
"(22, 35, 37)",remainder1800,7.137222222222222,tune,0.06236600875854492,0.06236600875854492,0.01708906888961792,0.0,False,False
"(22, 36, 39)",remainder1800,7.137222222222222,tune,0.03547030687332153,0.03547030687332153,0.006011486053466797,0.0,False,False
"(22, 39, 40)",remainder1800,7.137222222222222,test,0.054651737213134766,0.054651737213134766,0.008833348751068115,0.0,False,False
"(22, 39, 41)",remainder1800,7.137222222222222,test,0.017291367053985596,0.017291367053985596,0.028684556484222412,0.0,False,False
"(23, 24, 34)",remainder1800,7.137222222222222,test,0.04084920883178711,0.04084920883178711,0.0014727115631103516,0.0,False,False
"(23, 24, 35)",remainder1800,7.137222222222222,test,0.04084920883178711,0.04084920883178711,0.0014727115631103516,0.0,False,False
"(23, 24, 39)",remainder1800,7.137222222222222,tune,0.02492731809616089,0.02492731809616089,0.110920250415802,0.0,False,False
"(23, 24, 41)",remainder1800,7.137222222222222,tune,0.007491469383239746,0.007491469383239746,0.02743774652481079,0.0,False,False
"(23, 25, 27)",remainder1800,7.137222222222222,test,0.03983032703399658,0.03983032703399658,0.0,0.0035038726663334935,False,False
"(23, 25, 28)",remainder1800,7.137222222222222,tune,0.04206818342208862,0.04206818342208862,0.003559112548828125,0.007048195425431808,False,False
"(23, 25, 31)",exact397,1.0,test,0.0239443182945251,0.023944318294525174,0.009278893470764195,0.0,False,False
"(23, 25, 42)",remainder1800,7.137222222222222,tune,0.028034210205078125,0.028034210205078125,0.002181547755041348,0.0008198200405027736,False,False
"(23, 26, 27)",remainder1800,7.137222222222222,tune,0.048902928829193115,0.048902928829193115,0.0,0.0,False,False
"(23, 26, 32)",remainder1800,7.137222222222222,test,0.026083827018737793,0.026083827018737793,0.0082014799118042,0.0,False,False
"(23, 26, 36)",remainder1800,7.137222222222222,tune,0.055162787437438965,0.055162787437438965,0.0009467601776123047,0.0,False,False
"(23, 27, 31)",remainder1800,7.137222222222222,tune,0.01794874668121338,0.01794874668121338,0.028527498245239258,0.0,False,False
"(23, 27, 32)",exact397,1.0,tune,0.0196873545646667,0.019687354564666804,0.024569451808929416,0.0,False,False
"(23, 27, 34)",remainder1800,7.137222222222222,tune,0.0549740195274353,0.0549740195274353,0.01573914420637089,0.0054161561730762114,False,False
"(23, 27, 36)",remainder1800,7.137222222222222,test,0.0549740195274353,0.0549740195274353,0.01573914420637089,0.0054161561730762114,False,False
"(23, 27, 39)",remainder1800,7.137222222222222,tune,0.03916388750076294,0.03916388750076294,0.08530783653259277,0.0,False,False
"(23, 28, 40)",exact397,1.0,tune,0.0166015028953552,0.016601502895355225,0.11434519290924078,0.025762898168610507,False,False
"(23, 29, 37)",remainder1800,7.137222222222222,tune,0.02105236053466797,0.02105236053466797,0.00848376750946045,0.0014383404344152084,False,False
"(23, 29, 42)",remainder1800,7.137222222222222,tune,0.02469569444656372,0.02469569444656372,0.006708810331198328,0.018616064754984923,False,False
"(23, 29, 43)",exact397,1.0,tune,0.0295352339744567,0.029535233974456815,0.006441137105462805,0.010147294312951805,False,False
"(23, 30, 32)",remainder1800,7.137222222222222,tune,0.02255856990814209,0.02255856990814209,0.002195596694946289,0.0,False,False
"(23, 30, 35)",remainder1800,7.137222222222222,tune,0.02651667594909668,0.02651667594909668,0.012682794687773294,0.00824421560528428,False,False
"(23, 30, 36)",remainder1800,7.137222222222222,tune,0.02651667594909668,0.02651667594909668,0.012682794687773294,0.00824421560528428,False,False
"(23, 31, 32)",remainder1800,7.137222222222222,test,0.0021618008613586426,0.0021618008613586426,0.01711881160736084,0.0,False,False
"(23, 31, 37)",remainder1800,7.137222222222222,tune,0.03307819366455078,0.03307819366455078,0.010385751724243164,0.0,False,False
"(23, 31, 39)",remainder1800,7.137222222222222,test,0.03553968667984009,0.03553968667984009,0.053164124488830566,0.0,False,False
"(23, 32, 38)",remainder1800,7.137222222222222,test,0.008215904235839844,0.008215904235839844,0.010575294494628906,0.00045765459977542555,False,False
"(23, 34, 36)",remainder1800,7.137222222222222,test,0.0018982887268066406,0.0018982887268066406,0.0027902849945682165,0.0008471735748904821,False,False
"(23, 34, 40)",exact397,1.0,test,0.0225496292114257,0.02254962921142581,0.08860671520233149,0.0,False,False
"(23, 34, 43)",remainder1800,7.137222222222222,tune,0.026921987533569336,0.026921987533569336,0.0051808953285217285,0.00022550315808303467,False,False
"(23, 35, 41)",exact397,1.0,tune,0.0145984292030334,0.014598429203033406,0.006532549858093199,0.000847173574890496,False,False
"(23, 36, 37)",exact397,1.0,tune,0.0463320016860961,0.04633200168609619,0.0,0.0,False,False
"(23, 37, 39)",remainder1800,7.137222222222222,tune,0.03163939714431763,0.03163939714431763,0.1486535668373108,0.0,False,False
"(23, 38, 41)",remainder1800,7.137222222222222,tune,0.010069131851196289,0.010069131851196289,0.008930861949920654,0.0011785413216343077,False,False
"(23, 38, 42)",remainder1800,7.137222222222222,test,0.024855077266693115,0.024855077266693115,0.0032879114151000977,0.0006271490292598658,False,False
"(24, 25, 26)",exact397,1.0,tune,0.0715827345848083,0.07158273458480838,0.0,0.0,False,False
"(24, 25, 27)",remainder1800,7.137222222222222,test,0.034809231758117676,0.034809231758117676,0.0,0.0,False,False
"(24, 25, 32)",remainder1800,7.137222222222222,test,0.029000461101531982,0.029000461101531982,0.0016477704048156738,0.0,False,False
"(24, 25, 38)",remainder1800,7.137222222222222,test,0.05545610189437866,0.05545610189437866,0.0035422903730517596,0.002429949233363482,False,False
"(24, 26, 32)",remainder1800,7.137222222222222,tune,0.03289979696273804,0.03289979696273804,0.0007752180099487305,0.0,False,False
"(24, 26, 33)",exact397,1.0,tune,0.0372384786605834,0.037238478660583524,0.0,0.0,False,False
"(24, 26, 39)",remainder1800,7.137222222222222,test,0.03074038028717041,0.03074038028717041,0.0,0.0,False,False
"(24, 26, 41)",remainder1800,7.137222222222222,tune,0.0109480619430542,0.0109480619430542,0.01081317663192749,0.0,False,False
"(24, 27, 41)",remainder1800,7.137222222222222,tune,0.01309823989868164,0.01309823989868164,0.023118793964385986,0.0,False,False
"(24, 28, 33)",remainder1800,7.137222222222222,test,0.056149065494537354,0.056149065494537354,0.0040051937103271484,0.0,False,False
"(24, 28, 38)",remainder1800,7.137222222222222,tune,0.044383347034454346,0.044383347034454346,0.012583203705034851,0.006854580828975054,False,False
"(24, 29, 34)",remainder1800,7.137222222222222,tune,0.05054384469985962,0.05054384469985962,0.0014353460221241954,0.004881892367568558,False,False
"(24, 29, 35)",remainder1800,7.137222222222222,tune,0.05054384469985962,0.05054384469985962,0.0014353460221241954,0.004881892367568558,False,False
"(24, 29, 38)",remainder1800,7.137222222222222,test,0.07037252187728882,0.07037252187728882,0.0008853324507852589,0.0015354403113504445,False,False
"(24, 29, 43)",remainder1800,7.137222222222222,test,0.06394100189208984,0.0629978376268912,0.00667573100684149,0.004881892367568558,False,False
"(24, 30, 33)",remainder1800,7.137222222222222,tune,0.05279350280761719,0.05279350280761719,0.0,0.0,False,False
"(24, 30, 40)",remainder1800,7.137222222222222,tune,0.03679299354553223,0.03679299354553223,0.006845414638519287,0.0,False,False
"(24, 31, 33)",remainder1800,7.137222222222222,tune,0.025057077407836914,0.025057077407836914,0.0019620656967163086,0.0,False,False
"(24, 31, 43)",remainder1800,7.137222222222222,tune,0.08598881959915161,0.08598881959915161,0.0,0.0,False,False
"(24, 32, 38)",remainder1800,7.137222222222222,test,0.05659610033035278,0.05659610033035278,0.0015658692823673492,0.00045765459977542555,False,False
"(24, 32, 43)",remainder1800,7.137222222222222,test,0.0898929238319397,0.0898929238319397,0.0,0.0,False,False
"(24, 33, 36)",remainder1800,7.137222222222222,tune,0.05944788455963135,0.05944788455963135,0.0,0.0,False,False
"(24, 33, 38)",remainder1800,7.137222222222222,test,0.0544358491897583,0.0544358491897583,0.0009360105819643527,0.0,False,False
"(24, 33, 40)",remainder1800,7.137222222222222,test,0.10876202583312988,0.10876202583312988,0.0031391382217407227,0.0,True,True
"(24, 34, 43)",remainder1800,7.137222222222222,test,0.046737074851989746,0.046737074851989746,0.0006414055824279785,0.0,False,False
"(24, 35, 40)",remainder1800,7.137222222222222,test,0.0430445671081543,0.0430445671081543,0.008853137493133545,0.0,False,False
"(24, 37, 38)",remainder1800,7.137222222222222,test,0.07075834274291992,0.07075834274291992,0.00795703497321032,0.006854580828975054,False,False
"(24, 37, 42)",remainder1800,7.137222222222222,tune,0.05860435962677002,0.05860435962677002,0.0,0.0,False,False
"(24, 41, 42)",remainder1800,7.137222222222222,tune,0.01470792293548584,0.01470792293548584,0.010006070137023926,0.0,False,False
"(25, 26, 35)",remainder1800,7.137222222222222,tune,0.08483374118804932,0.08483374118804932,0.0,0.0,False,False
"(25, 26, 37)",remainder1800,7.137222222222222,tune,0.08582007884979248,0.08582007884979248,0.0,0.0,False,False
"(25, 27, 35)",remainder1800,7.137222222222222,test,0.04577755928039551,0.04577755928039551,0.006602287292480469,0.0054161561730762114,False,False
"(25, 27, 38)",remainder1800,7.137222222222222,tune,0.027526915073394775,0.027526915073394775,0.0036865670426875496,0.000993724711252253,False,False
"(25, 27, 43)",remainder1800,7.137222222222222,tune,0.027796268463134766,0.027796268463134766,0.005990233931985084,0.0031728034021235585,False,False
"(25, 28, 32)",remainder1800,7.137222222222222,tune,0.032463014125823975,0.032463014125823975,0.004138290882110596,0.0,False,False
"(25, 28, 39)",remainder1800,7.137222222222222,test,0.02664041519165039,0.02664041519165039,0.019357927353428006,0.015588562959460511,False,False
"(25, 29, 33)",remainder1800,7.137222222222222,test,0.035230159759521484,0.035230159759521484,0.033735364903601184,0.03573474658864906,False,False
"(25, 29, 36)",remainder1800,7.137222222222222,tune,0.04942673444747925,0.04852819362260867,0.017168598701929536,0.010106163551783051,False,False
"(25, 29, 38)",remainder1800,7.137222222222222,tune,0.032678425312042236,0.032678425312042236,0.0031854198125278455,0.0027639833906818456,False,False
"(25, 29, 40)",remainder1800,7.137222222222222,tune,0.0326116681098938,0.0326116681098938,0.004168570041656494,0.0027639833906818456,False,False
"(25, 30, 34)",remainder1800,7.137222222222222,tune,0.05581170320510864,0.05581170320510864,0.0,0.007837056276823587,False,False
"(25, 30, 37)",exact397,1.0,tune,0.0216321349143981,0.021632134914398193,0.005798459053039551,0.0,False,False
"(25, 31, 36)",remainder1800,7.137222222222222,tune,0.04871255159378052,0.04871255159378052,0.019990921020507812,0.0,False,False
"(25, 31, 37)",remainder1800,7.137222222222222,test,0.0266115665435791,0.0266115665435791,0.006771087646484375,0.0,False,False
"(25, 31, 41)",remainder1800,7.137222222222222,test,0.022335469722747803,0.022335469722747803,0.01754099130630493,0.0,False,False
"(25, 31, 42)",remainder1800,7.137222222222222,tune,0.03701746463775635,0.03701746463775635,0.003916323184967041,0.0,False,False
"(25, 32, 35)",remainder1800,7.137222222222222,tune,0.049123287200927734,0.049123287200927734,0.019658207893371582,0.0,False,False
"(25, 33, 41)",remainder1800,7.137222222222222,test,0.024861276149749756,0.024861276149749756,0.004754483699798584,0.0,False,False
"(25, 33, 42)",exact397,1.0,test,0.0378883481025695,0.03788834810256958,0.004372835159301758,0.0,False,False
"(25, 34, 38)",remainder1800,7.137222222222222,test,0.0631103515625,0.0631103515625,0.0011995278737739756,0.0017294571545993787,False,False
"(25, 34, 39)",remainder1800,7.137222222222222,tune,0.051387667655944824,0.051387667655944824,0.0030254125595092773,0.0010371768801446385,False,False
"(25, 35, 40)",remainder1800,7.137222222222222,tune,0.04883497953414917,0.04883497953414917,0.0,0.0,False,False
"(25, 37, 39)",remainder1800,7.137222222222222,tune,0.03308457136154175,0.03308457136154175,0.006015181541442871,0.0,False,False
"(25, 37, 42)",remainder1800,7.137222222222222,tune,0.02524709701538086,0.02524709701538086,0.0027364492416381836,0.0,False,False
"(25, 41, 43)",remainder1800,7.137222222222222,test,0.014574706554412842,0.014574706554412842,0.008588969707489014,0.0031728034021235585,False,False
"(26, 27, 31)",remainder1800,7.137222222222222,test,0.026661336421966553,0.026661336421966553,0.0006697773933410645,0.0,False,False
"(26, 27, 32)",remainder1800,7.137222222222222,test,0.029815196990966797,0.029815196990966797,0.0013107061386108398,0.0,False,False
"(26, 27, 40)",remainder1800,7.137222222222222,tune,0.04026740789413452,0.04026740789413452,0.010458946228027344,0.0,False,False
"(26, 28, 33)",remainder1800,7.137222222222222,test,0.06384271383285522,0.06384271383285522,0.0,0.0,False,False
"(26, 28, 36)",remainder1800,7.137222222222222,tune,0.032494187355041504,0.032494187355041504,0.01082833575922948,0.006310329894353095,False,False
"(26, 28, 37)",remainder1800,7.137222222222222,test,0.05207347869873047,0.051892652054499444,0.001288771629333496,0.00018082664423102468,False,False
"(26, 30, 41)",remainder1800,7.137222222222222,tune,0.022127270698547363,0.022127270698547363,0.01144380188861456,0.012249061844282705,False,False
"(26, 31, 38)",remainder1800,7.137222222222222,tune,0.04784250259399414,0.04784250259399414,0.0007882335876462365,0.0005339364133744029,False,False
"(26, 31, 40)",remainder1800,7.137222222222222,tune,0.0413661003112793,0.0413661003112793,0.0,0.0,False,False
"(26, 31, 42)",remainder1800,7.137222222222222,tune,0.060896217823028564,0.060896217823028564,0.004438877105712891,0.0,False,False
"(26, 32, 36)",exact397,1.0,test,0.0582509040832519,0.05825090408325191,0.0,0.0,False,False
"(26, 32, 41)",remainder1800,7.137222222222222,test,0.02831268310546875,0.02831268310546875,0.012637615203857422,0.0,False,False
"(26, 33, 43)",remainder1800,7.137222222222222,tune,0.056486546993255615,0.056486546993255615,0.0,0.0,False,False
"(26, 34, 36)",remainder1800,7.137222222222222,test,0.002225220203399658,0.002225220203399658,0.0053809285163879395,0.0,False,False
"(26, 34, 41)",remainder1800,7.137222222222222,test,0.02033895254135132,0.02033895254135132,0.006470024585723877,0.0,False,False
"(26, 34, 42)",remainder1800,7.137222222222222,test,0.05028581619262695,0.05028581619262695,0.0,0.0,False,False
"(26, 36, 40)",remainder1800,7.137222222222222,test,0.038054466247558594,0.038054466247558594,0.0,0.0,False,False
"(26, 37, 40)",remainder1800,7.137222222222222,tune,0.039102375507354736,0.039102375507354736,0.003804624080657959,0.0,False,False
"(26, 37, 43)",remainder1800,7.137222222222222,tune,0.06666558980941772,0.06666558980941772,0.002066969871520996,0.0,False,False
"(26, 40, 41)",remainder1800,7.137222222222222,tune,0.00729602575302124,0.00729602575302124,0.02636796236038208,0.0,False,False
"(26, 40, 42)",remainder1800,7.137222222222222,tune,0.06914007663726807,0.06914007663726807,0.002064112754805336,0.012623517223632585,False,False
"(27, 28, 40)",remainder1800,7.137222222222222,tune,0.037001609802246094,0.037001609802246094,0.018478471161347154,0.005085913878243413,False,False
"(27, 28, 41)",remainder1800,7.137222222222222,test,0.014267563819885254,0.014267563819885254,0.02126777172088623,8.514910706051287e-05,False,False
"(27, 28, 42)",remainder1800,7.137222222222222,test,0.06710827350616455,0.05653458833694458,0.004627224399207042,0.0260901391305019,False,False
"(27, 29, 35)",remainder1800,7.137222222222222,tune,0.05539751052856445,0.05539751052856445,0.0,0.007556217243647065,False,False
"(27, 29, 43)",remainder1800,7.137222222222222,tune,0.04655563831329346,0.04655563831329346,0.004005612918361434,0.010147294312951777,False,False
"(27, 30, 32)",remainder1800,7.137222222222222,tune,0.03836768865585327,0.03836768865585327,0.0,0.0,False,False
"(27, 30, 34)",remainder1800,7.137222222222222,tune,0.051478028297424316,0.051478028297424316,0.00200575590133667,0.002199782585109715,False,False
"(27, 31, 38)",remainder1800,7.137222222222222,tune,0.02324765920639038,0.02324765920639038,0.002121887296699154,0.0005339364133744029,False,False
"(27, 31, 40)",remainder1800,7.137222222222222,test,0.046799302101135254,0.046799302101135254,0.0,0.0,False,False
"(27, 32, 34)",remainder1800,7.137222222222222,test,0.06531059741973877,0.06531059741973877,0.0,0.0,False,False
"(27, 32, 36)",remainder1800,7.137222222222222,test,0.06531059741973877,0.06531059741973877,0.0,0.0,False,False
"(27, 32, 43)",remainder1800,7.137222222222222,tune,0.07522588968276978,0.07522588968276978,0.0017755627632141113,0.0,False,False
"(27, 33, 37)",remainder1800,7.137222222222222,test,0.07420563697814941,0.07420563697814941,0.004653453826904297,0.0,False,False
"(27, 34, 39)",remainder1800,7.137222222222222,test,0.03267914056777954,0.03267914056777954,0.008323073387145996,0.0,False,False
"(27, 34, 42)",remainder1800,7.137222222222222,test,0.06696224212646484,0.06696224212646484,0.0,0.0,False,False
"(27, 35, 36)",remainder1800,7.137222222222222,test,0.006003975868225098,0.006003975868225098,0.003195524215698242,0.0054161561730762114,False,False
"(27, 36, 40)",remainder1800,7.137222222222222,tune,0.030013859272003174,0.030013859272003174,0.004514098167419434,0.0,False,False
"(27, 36, 43)",remainder1800,7.137222222222222,tune,0.05698472261428833,0.05698472261428833,0.004616737365722656,0.0,False,False
"(27, 37, 38)",remainder1800,7.137222222222222,test,0.03403007984161377,0.03403007984161377,0.002934873293459983,0.0009602865055332588,False,False
"(27, 37, 40)",remainder1800,7.137222222222222,tune,0.04468393325805664,0.04468393325805664,0.003871142864227295,0.0,False,False
"(27, 37, 43)",remainder1800,7.137222222222222,test,0.0496060848236084,0.0496060848236084,0.002508103847503662,0.0,False,False
"(27, 38, 39)",remainder1800,7.137222222222222,test,0.04671740531921387,0.04671740531921387,0.0036755164936314033,0.000993724711252253,False,False
"(27, 38, 41)",remainder1800,7.137222222222222,tune,0.009015321731567383,0.009015321731567383,0.0019019842147827148,0.000993724711252253,False,False
"(28, 29, 30)",remainder1800,7.137222222222222,tune,0.03355526924133301,0.0490140825810067,0.03839474025388878,0.002682428593632477,False,False
"(28, 29, 36)",remainder1800,7.137222222222222,tune,0.026221871376037598,0.031692229945430805,0.022659468046414666,0.009405344156266635,False,False
"(28, 29, 42)",remainder1800,7.137222222222222,test,0.04308915138244629,0.04318157319121613,0.03648643580115368,0.0260901391305019,False,False
"(28, 30, 43)",remainder1800,7.137222222222222,test,0.031846582889556885,0.04404675104919087,0.028905438082285878,0.02262029686628697,False,False
"(28, 31, 40)",exact397,1.0,test,0.0817373991012573,0.08173739910125738,0.004455208778381403,0.0,False,False
"(28, 31, 41)",remainder1800,7.137222222222222,tune,0.01302194595336914,0.01302194595336914,0.006625950336456299,0.0,False,False
"(28, 31, 42)",remainder1800,7.137222222222222,test,0.05824398994445801,0.05824398994445801,0.00255507230758667,0.0,False,False
"(28, 32, 33)",remainder1800,7.137222222222222,tune,0.009970545768737793,0.009970545768737793,0.005703866481781006,0.0,False,False
"(28, 32, 39)",remainder1800,7.137222222222222,test,0.06518268585205078,0.06518268585205078,0.003953814506530762,0.0,False,False
"(28, 33, 40)",remainder1800,7.137222222222222,test,0.09551626443862915,0.09551626443862915,0.0031134486198425293,0.0,False,False
"(28, 35, 37)",remainder1800,7.137222222222222,tune,0.034034550189971924,0.034034550189971924,0.021816372871398926,0.0,False,False
"(28, 35, 38)",remainder1800,7.137222222222222,test,0.03352099657058716,0.03352099657058716,0.010247211167616843,0.007331897489358918,False,False
"(28, 35, 40)",remainder1800,7.137222222222222,tune,0.025970041751861572,0.025970041751861572,0.047857508996906634,0.025283498010682026,False,False
"(28, 38, 42)",remainder1800,7.137222222222222,tune,0.06359672546386719,0.07475284979456087,0.01569269344919344,0.007331897489358918,False,False
"(28, 40, 41)",remainder1800,7.137222222222222,tune,0.0056594014167785645,0.007178265448077897,0.03767939126123021,0.025762898168610493,False,False
"(29, 30, 35)",remainder1800,7.137222222222222,tune,0.015785396099090576,0.040296377128340805,0.048398268794975885,0.012192320018991037,False,False
"(29, 30, 36)",remainder1800,7.137222222222222,tune,0.015785396099090576,0.040296377128340805,0.048398268794975885,0.012192320018991037,False,False
"(29, 30, 39)",exact397,1.0,tune,0.0370318889617919,0.03703188896179199,0.05324024941132491,0.012192320018991107,False,False
"(29, 31, 35)",remainder1800,7.137222222222222,test,0.04535019397735596,0.04535019397735596,0.0314120684043151,0.03331793734327515,False,False
"(29, 31, 38)",remainder1800,7.137222222222222,tune,0.058432042598724365,0.058432042598724365,0.03309484082937042,0.03331793734327515,False,False
"(29, 31, 40)",remainder1800,7.137222222222222,tune,0.0415494441986084,0.0415494441986084,0.035114281868897756,0.03331793734327515,False,False
"(29, 32, 36)",remainder1800,7.137222222222222,tune,0.047694504261016846,0.047694504261016846,0.03130255962344841,0.03259616689602163,False,False
"(29, 32, 40)",remainder1800,7.137222222222222,tune,0.042063117027282715,0.042063117027282715,0.03545001401975423,0.03259616689602163,False,False
"(29, 33, 38)",remainder1800,7.137222222222222,tune,0.06850641965866089,0.06850641965866089,0.03501266374003276,0.03573474658864906,False,False
"(29, 33, 41)",remainder1800,7.137222222222222,tune,0.01107698678970337,0.01107698678970337,0.03836538070833484,0.03573474658864906,False,False
"(29, 34, 42)",remainder1800,7.137222222222222,test,0.03174954652786255,0.029685795307159424,0.00860451026153397,0.018616064754984923,False,False
"(29, 36, 37)",exact397,1.0,tune,0.0296322703361511,0.029632270336151095,0.0006789565086365024,0.0,False,False
"(29, 36, 38)",remainder1800,7.137222222222222,tune,0.028139770030975342,0.028139770030975342,0.005808062772217681,0.001689270895188888,False,False
"(29, 37, 39)",remainder1800,7.137222222222222,tune,0.04843711853027344,0.04843711853027344,0.0,0.0,False,False
"(29, 38, 40)",remainder1800,7.137222222222222,tune,0.07414811849594116,0.07414811849594116,0.002083763252438753,0.002244159351529329,False,False
"(29, 38, 43)",remainder1800,7.137222222222222,test,0.09949904680252075,0.09949904680252075,0.0013295412063598633,0.005870487884187592,False,False
"(29, 39, 40)",remainder1800,7.137222222222222,tune,0.06698650121688843,0.06698650121688843,0.0,0.0016637901623270945,False,False
"(29, 40, 41)",remainder1800,7.137222222222222,tune,0.014387786388397217,0.014387786388397217,0.004688680171966553,1.9476826908393363e-05,False,False
"(30, 31, 41)",remainder1800,7.137222222222222,tune,0.011277318000793457,0.011277318000793457,0.002052485942840576,0.0,False,False
"(30, 32, 38)",exact397,1.0,test,0.0846360921859741,0.08463609218597412,0.005041757034016436,0.00045765459977542555,False,False
"(30, 33, 35)",remainder1800,7.137222222222222,tune,0.04443848133087158,0.04443848133087158,0.0,0.0,False,False
"(30, 33, 41)",remainder1800,7.137222222222222,tune,0.014782428741455078,0.014782428741455078,0.003661036491394043,0.0,False,False
"(30, 34, 35)",remainder1800,7.137222222222222,tune,0.008953988552093506,0.008953988552093506,0.0038278698921203613,0.00824421560528428,False,False
"(30, 35, 37)",remainder1800,7.137222222222222,tune,0.042511165142059326,0.042511165142059326,0.008208155632019043,0.0,False,False
"(30, 35, 42)",remainder1800,7.137222222222222,tune,0.0407106876373291,0.0407106876373291,0.004690456913821084,0.0,False,False
"(30, 39, 41)",remainder1800,7.137222222222222,tune,0.015643775463104248,0.015643775463104248,0.005372464656829834,0.003797624639100404,False,False
"(30, 39, 43)",remainder1800,7.137222222222222,test,0.07331514358520508,0.07331514358520508,0.01451730728149414,0.009316528046809491,False,False
"(31, 32, 42)",exact397,1.0,tune,0.0032122135162353,0.003212213516235407,0.002989351749420166,0.0,False,False
"(31, 33, 34)",remainder1800,7.137222222222222,test,0.011451303958892822,0.011451303958892822,0.00233304500579834,0.0,False,False
"(31, 33, 36)",remainder1800,7.137222222222222,test,0.011451303958892822,0.011451303958892822,0.00233304500579834,0.0,False,False
"(31, 33, 37)",remainder1800,7.137222222222222,test,0.026877164840698242,0.026877164840698242,0.007345318794250488,0.0,False,False
"(31, 33, 42)",remainder1800,7.137222222222222,tune,0.01813042163848877,0.01813042163848877,0.001813054084777832,0.0,False,False
"(31, 33, 43)",remainder1800,7.137222222222222,test,0.021568357944488525,0.021568357944488525,0.0029906034469604492,0.0,False,False
"(31, 36, 37)",exact397,1.0,tune,0.0670851469039917,0.0670851469039917,0.0,0.0,False,False
"(31, 37, 38)",remainder1800,7.137222222222222,test,0.10655689239501953,0.10655689239501953,0.003940999507904053,0.0005339364133744029,True,True
"(31, 38, 40)",remainder1800,7.137222222222222,tune,0.05591785907745361,0.05591785907745361,0.001334724815931776,0.0005339364133744029,False,False
"(32, 34, 40)",remainder1800,7.137222222222222,tune,0.04649776220321655,0.04649776220321655,0.0011785030364990234,0.0,False,False
"(32, 35, 37)",remainder1800,7.137222222222222,tune,0.06763708591461182,0.06763708591461182,0.00032460689544677734,0.0,False,False
"(32, 36, 38)",remainder1800,7.137222222222222,tune,0.027029216289520264,0.027029216289520264,0.0007332856329173021,0.00045765459977542555,False,False
"(32, 36, 41)",remainder1800,7.137222222222222,test,0.013013899326324463,0.013013899326324463,0.0163843035697937,0.0,False,False
"(32, 38, 41)",remainder1800,7.137222222222222,test,0.02038443088531494,0.02038443088531494,0.0026294589042663574,0.00045765459977542555,False,False
"(32, 39, 41)",remainder1800,7.137222222222222,tune,0.019824683666229248,0.019824683666229248,0.010119974613189697,0.0,False,False
"(33, 34, 39)",remainder1800,7.137222222222222,tune,0.0353391170501709,0.0353391170501709,0.0,0.0,False,False
"(33, 34, 40)",remainder1800,7.137222222222222,test,0.04565924406051636,0.04565924406051636,0.0010283589363098145,0.0,False,False
"(33, 35, 36)",remainder1800,7.137222222222222,test,0.003338038921356201,0.003338038921356201,0.0006777644157409668,0.0,False,False
"(33, 35, 39)",remainder1800,7.137222222222222,test,0.0353391170501709,0.0353391170501709,0.0,0.0,False,False
"(33, 35, 41)",remainder1800,7.137222222222222,test,0.018810153007507324,0.018810153007507324,0.011638343334197998,0.0,False,False
"(33, 38, 43)",remainder1800,7.137222222222222,tune,0.1018911600112915,0.1018911600112915,0.0003209862881482506,0.0,True,True
"(33, 39, 41)",remainder1800,7.137222222222222,test,0.013721764087677002,0.013721764087677002,0.00761103630065918,0.0,False,False
"(34, 35, 37)",remainder1800,7.137222222222222,test,0.005719482898712158,0.005719482898712158,0.002637922763824463,0.0,False,False
"(34, 35, 42)",exact397,1.0,tune,0.0036627054214477,0.0036627054214478094,0.0024890899658203958,0.0,False,False
"(34, 36, 41)",remainder1800,7.137222222222222,test,0.0011249780654907227,0.0019896813183513384,0.0043833255767822266,0.00020303968430382402,False,False
"(34, 36, 42)",remainder1800,7.137222222222222,tune,0.003662705421447754,0.003662705421447754,0.0024890899658203125,0.0,False,False
"(34, 37, 40)",remainder1800,7.137222222222222,test,0.028122782707214355,0.028122782707214355,0.009191334247589111,0.0,False,False
"(34, 38, 43)",remainder1800,7.137222222222222,tune,0.03804820775985718,0.03804820775985718,0.0003951265559870576,0.00023389526667327853,False,False
"(34, 39, 43)",remainder1800,7.137222222222222,test,0.03506052494049072,0.03506052494049072,0.004597306251525879,0.0,False,False
"(34, 40, 43)",remainder1800,7.137222222222222,tune,0.03513616323471069,0.03513616323471069,0.005706667900085449,0.0,False,False
"(34, 41, 43)",exact397,1.0,test,0.0106939673423767,0.010693967342376709,0.009479403495788602,0.00022550315808310406,False,False
"(35, 37, 39)",remainder1800,7.137222222222222,tune,0.025004148483276367,0.025004148483276367,0.009327113628387451,0.0,False,False
"(35, 37, 40)",exact397,1.0,test,0.0281227827072143,0.0281227827072143,0.009191334247589111,0.0,False,False
"(36, 38, 41)",remainder1800,7.137222222222222,test,0.0183294415473938,0.0183294415473938,0.0018302637344164152,0.0011785413216343077,False,False
"(37, 39, 43)",remainder1800,7.137222222222222,tune,0.08030760288238525,0.08030760288238525,0.009636282920837402,0.0,False,False
"(37, 40, 42)",remainder1800,7.137222222222222,test,0.047049522399902344,0.047049522399902344,0.004832415291106951,0.012623517223632585,False,False
"(39, 40, 41)",exact397,1.0,tune,0.0182583332061767,0.018258333206176813,0.024046599864959717,0.0,False,False
"(40, 41, 43)",remainder1800,7.137222222222222,test,0.01254802942276001,0.01254802942276001,0.00173264741897583,0.0,False,False
"(41, 42, 43)",remainder1800,7.137222222222222,tune,0.016930758953094482,0.016930758953094482,0.005154013633728027,0.0,False,False
