subset,size,band,seed,arm,K,r2,time,truth,err
rs00,1,1-4,0,cold,0,0.0,0.0,0.0354991443455219,-0.0354991443455219
rs00,1,1-4,0,cold,1,0.00031911334372125566,0.11609482765197754,0.0354991443455219,-0.03518003100180064
rs00,1,1-4,0,cold,2,0.0008161067962646484,0.11989450454711914,0.0354991443455219,-0.03468303754925725
rs00,1,1-4,0,cold,5,0.003168721916154027,0.12573623657226562,0.0354991443455219,-0.03233042242936787
rs00,1,1-4,0,cold,10,0.007004325743764639,0.1362144947052002,0.0354991443455219,-0.02849481860175726
rs00,1,1-4,0,cold,20,0.01512316893786192,0.15578007698059082,0.0354991443455219,-0.02037597540765998
rs00,1,1-4,0,cold,50,0.014761318452656269,0.2177433967590332,0.0354991443455219,-0.02073782589286563
rs00,1,1-4,0,cold,100,0.016185006126761436,0.3256347179412842,0.0354991443455219,-0.019314138218760463
rs00,1,1-4,0,cold,200,0.01922987960278988,0.5326159000396729,0.0354991443455219,-0.01626926474273202
rs00,1,1-4,0,cold,500,0.02821899950504303,1.1175427436828613,0.0354991443455219,-0.007280144840478869
rs00,1,1-4,0,warm_full,0,0.013102367520332336,0.0,0.0354991443455219,-0.022396776825189563
rs00,1,1-4,0,warm_full,1,0.009605780243873596,0.0026879310607910156,0.0354991443455219,-0.025893364101648303
rs00,1,1-4,0,warm_full,2,0.012034322135150433,0.0054590702056884766,0.0354991443455219,-0.023464822210371467
rs00,1,1-4,0,warm_full,5,0.01320629846304655,0.012285947799682617,0.0354991443455219,-0.02229284588247535
rs00,1,1-4,0,warm_full,10,0.014609158039093018,0.0224306583404541,0.0354991443455219,-0.02088998630642888
rs00,1,1-4,0,warm_full,20,0.014046445488929749,0.049710750579833984,0.0354991443455219,-0.02145269885659215
rs00,1,1-4,0,warm_full,50,0.016482243314385414,0.11632061004638672,0.0354991443455219,-0.019016901031136485
rs00,1,1-4,0,warm_full,100,0.01706649363040924,0.22629046440124512,0.0354991443455219,-0.01843265071511266
rs00,1,1-4,0,warm_full,200,0.01757795177400112,0.4476032257080078,0.0354991443455219,-0.017921192571520778
rs00,1,1-4,0,warm_full,500,0.027455821633338928,1.106414556503296,0.0354991443455219,-0.008043322712182971
rs00,1,1-4,0,warm_full_hi,0,0.013102367520332336,0.0,0.0354991443455219,-0.022396776825189563
rs00,1,1-4,0,warm_full_hi,1,0.0001643449068069458,0.0027353763580322266,0.0354991443455219,-0.03533479943871495
rs00,1,1-4,0,warm_full_hi,2,0.000809788703918457,0.005532264709472656,0.0354991443455219,-0.03468935564160344
rs00,1,1-4,0,warm_full_hi,5,0.0030920952558517456,0.013340473175048828,0.0354991443455219,-0.032407049089670154
rs00,1,1-4,0,warm_full_hi,10,0.010126863606274128,0.025237083435058594,0.0354991443455219,-0.02537228073924777
rs00,1,1-4,0,warm_full_hi,20,0.012060592882335186,0.04770922660827637,0.0354991443455219,-0.023438551463186713
rs00,1,1-4,0,warm_full_hi,50,0.013961389660835266,0.11327695846557617,0.0354991443455219,-0.021537754684686633
rs00,1,1-4,0,warm_full_hi,100,0.016325568780303,0.22235751152038574,0.0354991443455219,-0.019173575565218898
rs00,1,1-4,0,warm_full_hi,200,0.017829319462180138,0.4653198719024658,0.0354991443455219,-0.01766982488334176
rs00,1,1-4,0,warm_full_hi,500,0.021144786849617958,1.18192458152771,0.0354991443455219,-0.014354357495903941
rs00,1,1-4,0,warm_head,0,0.013102367520332336,0.0,0.0354991443455219,-0.022396776825189563
rs00,1,1-4,0,warm_head,1,0.013731449842453003,0.002042055130004883,0.0354991443455219,-0.021767694503068896
rs00,1,1-4,0,warm_head,2,0.014286711812019348,0.004239320755004883,0.0354991443455219,-0.02121243253350255
rs00,1,1-4,0,warm_head,5,0.014836166985332966,0.009397029876708984,0.0354991443455219,-0.020662977360188933
rs00,1,1-4,0,warm_head,10,0.014291797764599323,0.018019437789916992,0.0354991443455219,-0.021207346580922576
rs00,1,1-4,0,warm_head,20,0.014345228672027588,0.03365755081176758,0.0354991443455219,-0.02115391567349431
rs00,1,1-4,0,warm_head,50,0.014612977392971516,0.07924628257751465,0.0354991443455219,-0.020886166952550383
rs00,1,1-4,0,warm_head,100,0.014266426675021648,0.15562057495117188,0.0354991443455219,-0.02123271767050025
rs00,1,1-4,0,warm_head,200,0.015036632306873798,0.2976253032684326,0.0354991443455219,-0.0204625120386481
rs00,1,1-4,0,warm_head,500,0.014563649892807007,0.6764059066772461,0.0354991443455219,-0.020935494452714892
rs00,1,1-4,1,cold,0,3.3294159948127344e-05,0.0,0.0354991443455219,-0.03546585018557377
rs00,1,1-4,1,cold,1,0.0003916919231414795,0.1429450511932373,0.0354991443455219,-0.03510745242238042
rs00,1,1-4,1,cold,2,0.00112152099609375,0.14695096015930176,0.0354991443455219,-0.03437762334942815
rs00,1,1-4,1,cold,5,0.0027279257774353027,0.15335416793823242,0.0354991443455219,-0.032771218568086596
rs00,1,1-4,1,cold,10,0.007824122905731201,0.16482329368591309,0.0354991443455219,-0.027675021439790698
rs00,1,1-4,1,cold,20,0.014048402197659016,0.1865251064300537,0.0354991443455219,-0.021450742147862883
rs00,1,1-4,1,cold,50,0.017452716827392578,0.24652361869812012,0.0354991443455219,-0.01804642751812932
rs00,1,1-4,1,cold,100,0.016980215907096863,0.3453369140625,0.0354991443455219,-0.018518928438425036
rs00,1,1-4,1,cold,200,0.019178181886672974,0.5425162315368652,0.0354991443455219,-0.016320962458848925
rs00,1,1-4,1,cold,500,0.02640330232679844,1.1099884510040283,0.0354991443455219,-0.00909584201872346
rs00,1,1-4,1,warm_full,0,0.013102367520332336,0.0,0.0354991443455219,-0.022396776825189563
rs00,1,1-4,1,warm_full,1,0.00899343192577362,0.0029935836791992188,0.0354991443455219,-0.02650571241974828
rs00,1,1-4,1,warm_full,2,0.013616129755973816,0.00684356689453125,0.0354991443455219,-0.021883014589548083
rs00,1,1-4,1,warm_full,5,0.011789058335125446,0.014815330505371094,0.0354991443455219,-0.023710086010396453
rs00,1,1-4,1,warm_full,10,0.014276583679020405,0.025629043579101562,0.0354991443455219,-0.021222560666501494
rs00,1,1-4,1,warm_full,20,0.014004707336425781,0.04474234580993652,0.0354991443455219,-0.021494437009096118
rs00,1,1-4,1,warm_full,50,0.016239270567893982,0.10249471664428711,0.0354991443455219,-0.019259873777627917
rs00,1,1-4,1,warm_full,100,0.016875913366675377,0.19399118423461914,0.0354991443455219,-0.018623230978846522
rs00,1,1-4,1,warm_full,200,0.01856645941734314,0.38646817207336426,0.0354991443455219,-0.01693268492817876
rs00,1,1-4,1,warm_full,500,0.025019651278853416,0.9445087909698486,0.0354991443455219,-0.010479493066668483
rs00,1,1-4,1,warm_full_hi,0,0.013102367520332336,0.0,0.0354991443455219,-0.022396776825189563
rs00,1,1-4,1,warm_full_hi,1,0.0,0.002576112747192383,0.0354991443455219,-0.0354991443455219
rs00,1,1-4,1,warm_full_hi,2,0.0,0.005227088928222656,0.0354991443455219,-0.0354991443455219
rs00,1,1-4,1,warm_full_hi,5,0.0003017932176589966,0.011704444885253906,0.0354991443455219,-0.0351973511278629
rs00,1,1-4,1,warm_full_hi,10,0.0027843762654811144,0.021794795989990234,0.0354991443455219,-0.032714768080040785
rs00,1,1-4,1,warm_full_hi,20,0.006056919693946838,0.040964365005493164,0.0354991443455219,-0.02944222465157506
rs00,1,1-4,1,warm_full_hi,50,0.016774440184235573,0.10342979431152344,0.0354991443455219,-0.018724704161286326
rs00,1,1-4,1,warm_full_hi,100,0.015245611779391766,0.19644451141357422,0.0354991443455219,-0.020253532566130134
rs00,1,1-4,1,warm_full_hi,200,0.016677871346473694,0.3795292377471924,0.0354991443455219,-0.018821272999048205
rs00,1,1-4,1,warm_full_hi,500,0.030844837427139282,0.9438929557800293,0.0354991443455219,-0.004654306918382617
rs00,1,1-4,1,warm_head,0,0.013102367520332336,0.0,0.0354991443455219,-0.022396776825189563
rs00,1,1-4,1,warm_head,1,0.013581191189587116,0.0017352104187011719,0.0354991443455219,-0.021917953155934783
rs00,1,1-4,1,warm_head,2,0.013888497836887836,0.0036830902099609375,0.0354991443455219,-0.021610646508634063
rs00,1,1-4,1,warm_head,5,0.01442334521561861,0.008157730102539062,0.0354991443455219,-0.02107579912990329
rs00,1,1-4,1,warm_head,10,0.014560828916728497,0.01536870002746582,0.0354991443455219,-0.020938315428793403
rs00,1,1-4,1,warm_head,20,0.013601754792034626,0.028792858123779297,0.0354991443455219,-0.021897389553487273
rs00,1,1-4,1,warm_head,50,0.014841198921203613,0.06734156608581543,0.0354991443455219,-0.020657945424318286
rs00,1,1-4,1,warm_head,100,0.014558762311935425,0.1307997703552246,0.0354991443455219,-0.020940382033586474
rs00,1,1-4,1,warm_head,200,0.015011553652584553,0.2573084831237793,0.0354991443455219,-0.020487590692937346
rs00,1,1-4,1,warm_head,500,0.015089859254658222,0.6405580043792725,0.0354991443455219,-0.020409285090863677
rs01,1,1-4,0,cold,0,9.951988613465801e-05,0.0,0.0258677750825881,-0.02576825519645344
rs01,1,1-4,0,cold,1,0.0009764879941940308,0.11810970306396484,0.0258677750825881,-0.024891287088394068
rs01,1,1-4,0,cold,2,0.0014385730028152466,0.1222524642944336,0.0258677750825881,-0.024429202079772852
rs01,1,1-4,0,cold,5,0.005176628474146128,0.1280374526977539,0.0258677750825881,-0.02069114660844197
rs01,1,1-4,0,cold,10,0.010527442209422588,0.13767766952514648,0.0258677750825881,-0.01534033287316551
rs01,1,1-4,0,cold,20,0.016658252105116844,0.15862560272216797,0.0258677750825881,-0.009209522977471254
rs01,1,1-4,0,cold,50,0.019509634003043175,0.22082114219665527,0.0258677750825881,-0.006358141079544924
rs01,1,1-4,0,cold,100,0.021965941414237022,0.3181743621826172,0.0258677750825881,-0.0039018336683510763
rs01,1,1-4,0,cold,200,0.023192008957266808,0.5295228958129883,0.0258677750825881,-0.002675766125321291
rs01,1,1-4,0,cold,500,0.02445097826421261,1.2495801448822021,0.0258677750825881,-0.0014167968183754903
rs01,1,1-4,0,warm_full,0,0.01148452889174223,0.0,0.0258677750825881,-0.01438324619084587
rs01,1,1-4,0,warm_full,1,0.008620113134384155,0.003103017807006836,0.0258677750825881,-0.017247661948203943
rs01,1,1-4,0,warm_full,2,0.00398726761341095,0.006416797637939453,0.0258677750825881,-0.02188050746917715
rs01,1,1-4,0,warm_full,5,0.008199547417461872,0.014214754104614258,0.0258677750825881,-0.017668227665126227
rs01,1,1-4,0,warm_full,10,0.013403822667896748,0.026835203170776367,0.0258677750825881,-0.012463952414691351
rs01,1,1-4,0,warm_full,20,0.015972072258591652,0.05193328857421875,0.0258677750825881,-0.009895702823996447
rs01,1,1-4,0,warm_full,50,0.02170594036579132,0.1251685619354248,0.0258677750825881,-0.004161834716796778
rs01,1,1-4,0,warm_full,100,0.02226960100233555,0.25806689262390137,0.0258677750825881,-0.0035981740802525503
rs01,1,1-4,0,warm_full,200,0.02410280704498291,0.5064194202423096,0.0258677750825881,-0.0017649680376051885
rs01,1,1-4,0,warm_full,500,0.02408125437796116,1.2547557353973389,0.0258677750825881,-0.00178652070462694
rs01,1,1-4,0,warm_full_hi,0,0.01148452889174223,0.0,0.0258677750825881,-0.01438324619084587
rs01,1,1-4,0,warm_full_hi,1,0.0006773074273951352,0.003548860549926758,0.0258677750825881,-0.025190467655192963
rs01,1,1-4,0,warm_full_hi,2,0.004233509302139282,0.006916522979736328,0.0258677750825881,-0.021634265780448816
rs01,1,1-4,0,warm_full_hi,5,0.009520366787910461,0.01569533348083496,0.0258677750825881,-0.016347408294677637
rs01,1,1-4,0,warm_full_hi,10,0.01293983031064272,0.0286257266998291,0.0258677750825881,-0.01292794477194538
rs01,1,1-4,0,warm_full_hi,20,0.017456838861107826,0.05383563041687012,0.0258677750825881,-0.008410936221480272
rs01,1,1-4,0,warm_full_hi,50,0.02100217342376709,0.1276862621307373,0.0258677750825881,-0.004865601658821009
rs01,1,1-4,0,warm_full_hi,100,0.017697518691420555,0.2629683017730713,0.0258677750825881,-0.008170256391167544
rs01,1,1-4,0,warm_full_hi,200,0.021982574835419655,0.5088462829589844,0.0258677750825881,-0.003885200247168444
rs01,1,1-4,0,warm_full_hi,500,0.02412460185587406,1.2696096897125244,0.0258677750825881,-0.001743173226714037
rs01,1,1-4,0,warm_head,0,0.01148452889174223,0.0,0.0258677750825881,-0.01438324619084587
rs01,1,1-4,0,warm_head,1,0.012219210155308247,0.0029404163360595703,0.0258677750825881,-0.013648564927279852
rs01,1,1-4,0,warm_head,2,0.01277904212474823,0.005692958831787109,0.0258677750825881,-0.013088732957839869
rs01,1,1-4,0,warm_head,5,0.013366565108299255,0.012202024459838867,0.0258677750825881,-0.012501209974288843
rs01,1,1-4,0,warm_head,10,0.013365238904953003,0.021764516830444336,0.0258677750825881,-0.012502536177635096
rs01,1,1-4,0,warm_head,20,0.01289340853691101,0.038236379623413086,0.0258677750825881,-0.012974366545677088
rs01,1,1-4,0,warm_head,50,0.013515184633433819,0.09026050567626953,0.0258677750825881,-0.01235259044915428
rs01,1,1-4,0,warm_head,100,0.013803452253341675,0.17615675926208496,0.0258677750825881,-0.012064322829246424
rs01,1,1-4,0,warm_head,200,0.014983887784183025,0.34545183181762695,0.0258677750825881,-0.010883887298405073
rs01,1,1-4,0,warm_head,500,0.015308350324630737,0.7920088768005371,0.0258677750825881,-0.010559424757957361
rs01,1,1-4,1,cold,0,0.00011066595470765606,0.0,0.0258677750825881,-0.025757109127880443
rs01,1,1-4,1,cold,1,0.0007097125053405762,0.14378738403320312,0.0258677750825881,-0.025158062577247522
rs01,1,1-4,1,cold,2,0.0015278408536687493,0.14772605895996094,0.0258677750825881,-0.02433993422891935
rs01,1,1-4,1,cold,5,0.0048442683182656765,0.15462064743041992,0.0258677750825881,-0.021023506764322422
rs01,1,1-4,1,cold,10,0.011236886493861675,0.16658568382263184,0.0258677750825881,-0.014630888588726423
rs01,1,1-4,1,cold,20,0.016037890687584877,0.18936729431152344,0.0258677750825881,-0.009829884395003222
rs01,1,1-4,1,cold,50,0.021283680573105812,0.251354455947876,0.0258677750825881,-0.004584094509482287
rs01,1,1-4,1,cold,100,0.020419428125023842,0.377122163772583,0.0258677750825881,-0.005448346957564257
rs01,1,1-4,1,cold,200,0.023006359115242958,0.603477954864502,0.0258677750825881,-0.0028614159673451406
rs01,1,1-4,1,cold,500,0.02376859448850155,1.2190871238708496,0.0258677750825881,-0.00209918059408655
rs01,1,1-4,1,warm_full,0,0.01148452889174223,0.0,0.0258677750825881,-0.01438324619084587
rs01,1,1-4,1,warm_full,1,0.008778865449130535,0.002565622329711914,0.0258677750825881,-0.017088909633457564
rs01,1,1-4,1,warm_full,2,0.011676420457661152,0.005385637283325195,0.0258677750825881,-0.014191354624926947
rs01,1,1-4,1,warm_full,5,0.016626277938485146,0.012161016464233398,0.0258677750825881,-0.009241497144102953
rs01,1,1-4,1,warm_full,10,0.01786918006837368,0.022021770477294922,0.0258677750825881,-0.007998595014214419
rs01,1,1-4,1,warm_full,20,0.019772181287407875,0.04133319854736328,0.0258677750825881,-0.006095593795180224
rs01,1,1-4,1,warm_full,50,0.019550397992134094,0.09759974479675293,0.0258677750825881,-0.006317377090454004
rs01,1,1-4,1,warm_full,100,0.018607506528496742,0.18981528282165527,0.0258677750825881,-0.007260268554091356
rs01,1,1-4,1,warm_full,200,0.024184048175811768,0.3751804828643799,0.0258677750825881,-0.001683726906776331
rs01,1,1-4,1,warm_full,500,0.025055209174752235,0.9603443145751953,0.0258677750825881,-0.0008125659078358632
rs01,1,1-4,1,warm_full_hi,0,0.01148452889174223,0.0,0.0258677750825881,-0.01438324619084587
rs01,1,1-4,1,warm_full_hi,1,0.0011299202451482415,0.0025200843811035156,0.0258677750825881,-0.024737854837439857
rs01,1,1-4,1,warm_full_hi,2,0.001267954707145691,0.005301475524902344,0.0258677750825881,-0.024599820375442408
rs01,1,1-4,1,warm_full_hi,5,0.007113099098205566,0.012082338333129883,0.0258677750825881,-0.018754675984382532
rs01,1,1-4,1,warm_full_hi,10,0.006089881062507629,0.02212977409362793,0.0258677750825881,-0.01977789402008047
rs01,1,1-4,1,warm_full_hi,20,0.01715090312063694,0.04149627685546875,0.0258677750825881,-0.008716871961951159
rs01,1,1-4,1,warm_full_hi,50,0.021477654576301575,0.10310077667236328,0.0258677750825881,-0.004390120506286524
rs01,1,1-4,1,warm_full_hi,100,0.02106749452650547,0.19322466850280762,0.0258677750825881,-0.004800280556082628
rs01,1,1-4,1,warm_full_hi,200,0.02379465661942959,0.3790621757507324,0.0258677750825881,-0.0020731184631585103
rs01,1,1-4,1,warm_full_hi,500,0.024155089631676674,0.9535119533538818,0.0258677750825881,-0.0017126854509114248
rs01,1,1-4,1,warm_head,0,0.01148452889174223,0.0,0.0258677750825881,-0.01438324619084587
rs01,1,1-4,1,warm_head,1,0.011889174580574036,0.0013823509216308594,0.0258677750825881,-0.013978600502014063
rs01,1,1-4,1,warm_head,2,0.012236326932907104,0.0030066967010498047,0.0258677750825881,-0.013631448149680994
rs01,1,1-4,1,warm_head,5,0.012588824145495892,0.006888389587402344,0.0258677750825881,-0.013278950937092207
rs01,1,1-4,1,warm_head,10,0.01327208150178194,0.012848138809204102,0.0258677750825881,-0.012595693580806158
rs01,1,1-4,1,warm_head,20,0.012589454650878906,0.024504899978637695,0.0258677750825881,-0.013278320431709192
rs01,1,1-4,1,warm_head,50,0.013939832337200642,0.05735516548156738,0.0258677750825881,-0.011927942745387457
rs01,1,1-4,1,warm_head,100,0.014433681964874268,0.11165499687194824,0.0258677750825881,-0.011434093117713831
rs01,1,1-4,1,warm_head,200,0.015243157744407654,0.26376986503601074,0.0258677750825881,-0.010624617338180445
rs01,1,1-4,1,warm_head,500,0.015890568494796753,0.6679940223693848,0.0258677750825881,-0.009977206587791346
rs02,1,1-4,0,cold,0,2.6588639229885302e-05,0.0,0.0480949878692626,-0.04806839923003271
rs02,1,1-4,0,cold,1,0.002504676580429077,0.13786530494689941,0.0480949878692626,-0.04559031128883352
rs02,1,1-4,0,cold,2,0.005792438983917236,0.14328289031982422,0.0480949878692626,-0.04230254888534536
rs02,1,1-4,0,cold,5,0.021389365196228027,0.1522960662841797,0.0480949878692626,-0.02670562267303457
rs02,1,1-4,0,cold,10,0.03497368097305298,0.16221284866333008,0.0480949878692626,-0.01312130689620962
rs02,1,1-4,0,cold,20,0.03705289959907532,0.18355774879455566,0.0480949878692626,-0.01104208827018728
rs02,1,1-4,0,cold,50,0.04064453765749931,0.24261784553527832,0.0480949878692626,-0.007450450211763285
rs02,1,1-4,0,cold,100,0.042493414133787155,0.33643198013305664,0.0480949878692626,-0.005601573735475443
rs02,1,1-4,0,cold,200,0.04467068240046501,0.5790410041809082,0.0480949878692626,-0.0034243054687975866
rs02,1,1-4,0,cold,500,0.04591448977589607,1.1920735836029053,0.0480949878692626,-0.0021804980933665258
rs02,1,1-4,0,warm_full,0,0.0368213914334774,0.0,0.0480949878692626,-0.011273596435785196
rs02,1,1-4,0,warm_full,1,0.029304230585694313,0.003739595413208008,0.0480949878692626,-0.018790757283568285
rs02,1,1-4,0,warm_full,2,0.031904105097055435,0.00755620002746582,0.0480949878692626,-0.016190882772207163
rs02,1,1-4,0,warm_full,5,0.03915131092071533,0.016629457473754883,0.0480949878692626,-0.008943676948547266
rs02,1,1-4,0,warm_full,10,0.035337746143341064,0.02884054183959961,0.0480949878692626,-0.012757241725921534
rs02,1,1-4,0,warm_full,20,0.03830963000655174,0.05031085014343262,0.0480949878692626,-0.009785357862710856
rs02,1,1-4,0,warm_full,50,0.04286934807896614,0.10587859153747559,0.0480949878692626,-0.005225639790296457
rs02,1,1-4,0,warm_full,100,0.04317167028784752,0.2009410858154297,0.0480949878692626,-0.004923317581415079
rs02,1,1-4,0,warm_full,200,0.04510688781738281,0.395460844039917,0.0480949878692626,-0.0029881000518797857
rs02,1,1-4,0,warm_full,500,0.045870646834373474,1.0410234928131104,0.0480949878692626,-0.002224341034889124
rs02,1,1-4,0,warm_full_hi,0,0.0368213914334774,0.0,0.0480949878692626,-0.011273596435785196
rs02,1,1-4,0,warm_full_hi,1,0.0,0.0030689239501953125,0.0480949878692626,-0.0480949878692626
rs02,1,1-4,0,warm_full_hi,2,0.002440840005874634,0.00635528564453125,0.0480949878692626,-0.045654147863387964
rs02,1,1-4,0,warm_full_hi,5,0.01957455836236477,0.01443624496459961,0.0480949878692626,-0.02852042950689783
rs02,1,1-4,0,warm_full_hi,10,0.028640398755669594,0.0269014835357666,0.0480949878692626,-0.019454589113593004
rs02,1,1-4,0,warm_full_hi,20,0.035880353301763535,0.05170178413391113,0.0480949878692626,-0.012214634567499064
rs02,1,1-4,0,warm_full_hi,50,0.03936110809445381,0.12489652633666992,0.0480949878692626,-0.008733879774808787
rs02,1,1-4,0,warm_full_hi,100,0.04002423211932182,0.24725079536437988,0.0480949878692626,-0.008070755749940775
rs02,1,1-4,0,warm_full_hi,200,0.0430915541946888,0.4984316825866699,0.0480949878692626,-0.005003433674573801
rs02,1,1-4,0,warm_full_hi,500,0.0450805239379406,1.2120046615600586,0.0480949878692626,-0.0030144639313220006
rs02,1,1-4,0,warm_head,0,0.0368213914334774,0.0,0.0480949878692626,-0.011273596435785196
rs02,1,1-4,0,warm_head,1,0.03829336538910866,0.0019893646240234375,0.0480949878692626,-0.00980162248015394
rs02,1,1-4,0,warm_head,2,0.03902764990925789,0.004198551177978516,0.0480949878692626,-0.00906733796000471
rs02,1,1-4,0,warm_head,5,0.04071060195565224,0.009876251220703125,0.0480949878692626,-0.007384385913610361
rs02,1,1-4,0,warm_head,10,0.04029835760593414,0.018433570861816406,0.0480949878692626,-0.007796630263328455
rs02,1,1-4,0,warm_head,20,0.040188852697610855,0.03430342674255371,0.0480949878692626,-0.007906135171651743
rs02,1,1-4,0,warm_head,50,0.040508586913347244,0.08058881759643555,0.0480949878692626,-0.007586400955915354
rs02,1,1-4,0,warm_head,100,0.039994630962610245,0.1591346263885498,0.0480949878692626,-0.008100356906652353
rs02,1,1-4,0,warm_head,200,0.040777549147605896,0.33881616592407227,0.0480949878692626,-0.007317438721656702
rs02,1,1-4,0,warm_head,500,0.03986789658665657,0.8227725028991699,0.0480949878692626,-0.008227091282606028
rs02,1,1-4,1,cold,0,0.00015447039913851768,0.0,0.0480949878692626,-0.04794051747012408
rs02,1,1-4,1,cold,1,0.003119245171546936,0.14031004905700684,0.0480949878692626,-0.04497574269771566
rs02,1,1-4,1,cold,2,0.006261110305786133,0.14515280723571777,0.0480949878692626,-0.041833877563476465
rs02,1,1-4,1,cold,5,0.021087700501084328,0.1550452709197998,0.0480949878692626,-0.02700728736817827
rs02,1,1-4,1,cold,10,0.035638898611068726,0.16778349876403809,0.0480949878692626,-0.012456089258193873
rs02,1,1-4,1,cold,20,0.03667115792632103,0.19650840759277344,0.0480949878692626,-0.011423829942941569
rs02,1,1-4,1,cold,50,0.04297750070691109,0.2705380916595459,0.0480949878692626,-0.005117487162351511
rs02,1,1-4,1,cold,100,0.04078644886612892,0.3729524612426758,0.0480949878692626,-0.007308539003133677
rs02,1,1-4,1,cold,200,0.04447496309876442,0.5788531303405762,0.0480949878692626,-0.0036200247704981786
rs02,1,1-4,1,cold,500,0.045720651745796204,1.193385362625122,0.0480949878692626,-0.0023743361234663946
rs02,1,1-4,1,warm_full,0,0.0368213914334774,0.0,0.0480949878692626,-0.011273596435785196
rs02,1,1-4,1,warm_full,1,0.02492501772940159,0.002924680709838867,0.0480949878692626,-0.02316997013986101
rs02,1,1-4,1,warm_full,2,0.034770891070365906,0.00594329833984375,0.0480949878692626,-0.013324096798896692
rs02,1,1-4,1,warm_full,5,0.03664379194378853,0.012714624404907227,0.0480949878692626,-0.01145119592547407
rs02,1,1-4,1,warm_full,10,0.039883747696876526,0.022578954696655273,0.0480949878692626,-0.008211240172386072
rs02,1,1-4,1,warm_full,20,0.04083225503563881,0.04281806945800781,0.0480949878692626,-0.007262732833623789
rs02,1,1-4,1,warm_full,50,0.04287055507302284,0.10303258895874023,0.0480949878692626,-0.005224432796239756
rs02,1,1-4,1,warm_full,100,0.0424802340567112,0.20737099647521973,0.0480949878692626,-0.005614753812551401
rs02,1,1-4,1,warm_full,200,0.0455491803586483,0.4056107997894287,0.0480949878692626,-0.002545807510614298
rs02,1,1-4,1,warm_full,500,0.04564526304602623,1.1202538013458252,0.0480949878692626,-0.0024497248232363683
rs02,1,1-4,1,warm_full_hi,0,0.0368213914334774,0.0,0.0480949878692626,-0.011273596435785196
rs02,1,1-4,1,warm_full_hi,1,0.0,0.0029833316802978516,0.0480949878692626,-0.0480949878692626
rs02,1,1-4,1,warm_full_hi,2,0.006094624754041433,0.0062367916107177734,0.0480949878692626,-0.042000363115221165
rs02,1,1-4,1,warm_full_hi,5,0.02816799283027649,0.014242172241210938,0.0480949878692626,-0.01992699503898611
rs02,1,1-4,1,warm_full_hi,10,0.023557379841804504,0.026604175567626953,0.0480949878692626,-0.024537608027458094
rs02,1,1-4,1,warm_full_hi,20,0.03648771718144417,0.05148124694824219,0.0480949878692626,-0.01160727068781843
rs02,1,1-4,1,warm_full_hi,50,0.04310247674584389,0.12322854995727539,0.0480949878692626,-0.004992511123418711
rs02,1,1-4,1,warm_full_hi,100,0.03730947896838188,0.2426905632019043,0.0480949878692626,-0.010785508900880716
rs02,1,1-4,1,warm_full_hi,200,0.04311427101492882,0.48373913764953613,0.0480949878692626,-0.00498071685433378
rs02,1,1-4,1,warm_full_hi,500,0.04578639194369316,1.183548927307129,0.0480949878692626,-0.002308595925569437
rs02,1,1-4,1,warm_head,0,0.0368213914334774,0.0,0.0480949878692626,-0.011273596435785196
rs02,1,1-4,1,warm_head,1,0.03781758248806,0.0019283294677734375,0.0480949878692626,-0.0102774053812026
rs02,1,1-4,1,warm_head,2,0.038512930274009705,0.004132747650146484,0.0480949878692626,-0.009582057595252894
rs02,1,1-4,1,warm_head,5,0.04010765627026558,0.009451150894165039,0.0480949878692626,-0.007987331598997019
rs02,1,1-4,1,warm_head,10,0.0406983382999897,0.017598628997802734,0.0480949878692626,-0.007396649569272898
rs02,1,1-4,1,warm_head,20,0.0400368832051754,0.03269600868225098,0.0480949878692626,-0.008058104664087198
rs02,1,1-4,1,warm_head,50,0.040990691632032394,0.07542037963867188,0.0480949878692626,-0.007104296237230204
rs02,1,1-4,1,warm_head,100,0.04035743698477745,0.14635777473449707,0.0480949878692626,-0.007737550884485148
rs02,1,1-4,1,warm_head,200,0.04078507795929909,0.28226399421691895,0.0480949878692626,-0.007309909909963511
rs02,1,1-4,1,warm_head,500,0.040200892835855484,0.7181556224822998,0.0480949878692626,-0.007894095033407114
rs03,4,1-4,0,cold,0,0.001878047944046557,0.0,0.5000260472297668,-0.4981479992857203
rs03,4,1-4,0,cold,1,0.021999945864081383,0.1385045051574707,0.5000260472297668,-0.47802610136568546
rs03,4,1-4,0,cold,2,0.04763824865221977,0.1427936553955078,0.5000260472297668,-0.4523877985775471
rs03,4,1-4,0,cold,5,0.1819785237312317,0.15132451057434082,0.5000260472297668,-0.31804752349853516
rs03,4,1-4,0,cold,10,0.3597937524318695,0.1613602638244629,0.5000260472297668,-0.14023229479789734
rs03,4,1-4,0,cold,20,0.4006318151950836,0.18552041053771973,0.5000260472297668,-0.09939423203468323
rs03,4,1-4,0,cold,50,0.4400944709777832,0.2619130611419678,0.5000260472297668,-0.05993157625198364
rs03,4,1-4,0,cold,100,0.47190427780151367,0.3728349208831787,0.5000260472297668,-0.028121769428253174
rs03,4,1-4,0,cold,200,0.4723132848739624,0.5570063591003418,0.5000260472297668,-0.027712762355804443
rs03,4,1-4,0,cold,500,0.48146161437034607,1.1089565753936768,0.5000260472297668,-0.018564432859420776
rs03,4,1-4,0,warm_full,0,0.4472697079181671,0.0,0.5000260472297668,-0.05275633931159973
rs03,4,1-4,0,warm_full,1,0.44483864307403564,0.0019474029541015625,0.5000260472297668,-0.0551874041557312
rs03,4,1-4,0,warm_full,2,0.443977952003479,0.004572391510009766,0.5000260472297668,-0.05604809522628784
rs03,4,1-4,0,warm_full,5,0.44999921321868896,0.011208534240722656,0.5000260472297668,-0.05002683401107788
rs03,4,1-4,0,warm_full,10,0.45438656210899353,0.02059769630432129,0.5000260472297668,-0.045639485120773315
rs03,4,1-4,0,warm_full,20,0.4717657268047333,0.03954815864562988,0.5000260472297668,-0.02826032042503357
rs03,4,1-4,0,warm_full,50,0.47868600487709045,0.09335589408874512,0.5000260472297668,-0.02134004235267639
rs03,4,1-4,0,warm_full,100,0.47479113936424255,0.18249797821044922,0.5000260472297668,-0.025234907865524292
rs03,4,1-4,0,warm_full,200,0.4841766059398651,0.36533260345458984,0.5000260472297668,-0.015849441289901733
rs03,4,1-4,0,warm_full,500,0.4920508563518524,0.9412558078765869,0.5000260472297668,-0.007975190877914429
rs03,4,1-4,0,warm_full_hi,0,0.4472697079181671,0.0,0.5000260472297668,-0.05275633931159973
rs03,4,1-4,0,warm_full_hi,1,0.09695011377334595,0.0025086402893066406,0.5000260472297668,-0.4030759334564209
rs03,4,1-4,0,warm_full_hi,2,0.34523311257362366,0.005144596099853516,0.5000260472297668,-0.1547929346561432
rs03,4,1-4,0,warm_full_hi,5,0.33122554421424866,0.013204097747802734,0.5000260472297668,-0.1688005030155182
rs03,4,1-4,0,warm_full_hi,10,0.3972034752368927,0.027652978897094727,0.5000260472297668,-0.10282257199287415
rs03,4,1-4,0,warm_full_hi,20,0.44496259093284607,0.04798293113708496,0.5000260472297668,-0.055063456296920776
rs03,4,1-4,0,warm_full_hi,50,0.468656063079834,0.10495471954345703,0.5000260472297668,-0.03136998414993286
rs03,4,1-4,0,warm_full_hi,100,0.46634146571159363,0.1991734504699707,0.5000260472297668,-0.03368458151817322
rs03,4,1-4,0,warm_full_hi,200,0.4746645390987396,0.3820502758026123,0.5000260472297668,-0.02536150813102722
rs03,4,1-4,0,warm_full_hi,500,0.4853724241256714,0.9844965934753418,0.5000260472297668,-0.014653623104095459
rs03,4,1-4,0,warm_head,0,0.4472697079181671,0.0,0.5000260472297668,-0.05275633931159973
rs03,4,1-4,0,warm_head,1,0.4496743381023407,0.0019488334655761719,0.5000260472297668,-0.05035170912742615
rs03,4,1-4,0,warm_head,2,0.45152103900909424,0.004193305969238281,0.5000260472297668,-0.04850500822067261
rs03,4,1-4,0,warm_head,5,0.45463821291923523,0.009476900100708008,0.5000260472297668,-0.045387834310531616
rs03,4,1-4,0,warm_head,10,0.4562782049179077,0.020032167434692383,0.5000260472297668,-0.04374784231185913
rs03,4,1-4,0,warm_head,20,0.45885589718818665,0.038575172424316406,0.5000260472297668,-0.0411701500415802
rs03,4,1-4,0,warm_head,50,0.461943656206131,0.08945798873901367,0.5000260472297668,-0.038082391023635864
rs03,4,1-4,0,warm_head,100,0.46410438418388367,0.176544189453125,0.5000260472297668,-0.03592166304588318
rs03,4,1-4,0,warm_head,200,0.4657082259654999,0.34697985649108887,0.5000260472297668,-0.03431782126426697
rs03,4,1-4,0,warm_head,500,0.4681004583835602,0.8654861450195312,0.5000260472297668,-0.031925588846206665
rs03,4,1-4,1,cold,0,0.001078317523933947,0.0,0.5000260472297668,-0.4989477297058329
rs03,4,1-4,1,cold,1,0.020934537053108215,0.1425933837890625,0.5000260472297668,-0.47909151017665863
rs03,4,1-4,1,cold,2,0.0486985445022583,0.1465303897857666,0.5000260472297668,-0.45132750272750854
rs03,4,1-4,1,cold,5,0.1951543092727661,0.15270662307739258,0.5000260472297668,-0.30487173795700073
rs03,4,1-4,1,cold,10,0.3465183973312378,0.16321992874145508,0.5000260472297668,-0.15350764989852905
rs03,4,1-4,1,cold,20,0.3991501033306122,0.18332672119140625,0.5000260472297668,-0.10087594389915466
rs03,4,1-4,1,cold,50,0.4397757351398468,0.25894784927368164,0.5000260472297668,-0.060250312089920044
rs03,4,1-4,1,cold,100,0.4635789394378662,0.37935876846313477,0.5000260472297668,-0.036447107791900635
rs03,4,1-4,1,cold,200,0.4672940671443939,0.5647127628326416,0.5000260472297668,-0.032731980085372925
rs03,4,1-4,1,cold,500,0.48298606276512146,1.1218106746673584,0.5000260472297668,-0.017039984464645386
rs03,4,1-4,1,warm_full,0,0.4472697079181671,0.0,0.5000260472297668,-0.05275633931159973
rs03,4,1-4,1,warm_full,1,0.44509708881378174,0.002462625503540039,0.5000260472297668,-0.05492895841598511
rs03,4,1-4,1,warm_full,2,0.45083484053611755,0.004841804504394531,0.5000260472297668,-0.04919120669364929
rs03,4,1-4,1,warm_full,5,0.45434892177581787,0.011654138565063477,0.5000260472297668,-0.045677125453948975
rs03,4,1-4,1,warm_full,10,0.4628618657588959,0.02137470245361328,0.5000260472297668,-0.03716418147087097
rs03,4,1-4,1,warm_full,20,0.4715648591518402,0.04084968566894531,0.5000260472297668,-0.028461188077926636
rs03,4,1-4,1,warm_full,50,0.478704571723938,0.09618592262268066,0.5000260472297668,-0.021321475505828857
rs03,4,1-4,1,warm_full,100,0.4789569079875946,0.1885077953338623,0.5000260472297668,-0.02106913924217224
rs03,4,1-4,1,warm_full,200,0.4821261167526245,0.3691225051879883,0.5000260472297668,-0.017899930477142334
rs03,4,1-4,1,warm_full,500,0.4938832223415375,0.9099729061126709,0.5000260472297668,-0.00614282488822937
rs03,4,1-4,1,warm_full_hi,0,0.4472697079181671,0.0,0.5000260472297668,-0.05275633931159973
rs03,4,1-4,1,warm_full_hi,1,0.09439343214035034,0.002298593521118164,0.5000260472297668,-0.4056326150894165
rs03,4,1-4,1,warm_full_hi,2,0.36860886216163635,0.00467681884765625,0.5000260472297668,-0.1314171850681305
rs03,4,1-4,1,warm_full_hi,5,0.3060385286808014,0.010816812515258789,0.5000260472297668,-0.19398751854896545
rs03,4,1-4,1,warm_full_hi,10,0.421773225069046,0.020287275314331055,0.5000260472297668,-0.07825282216072083
rs03,4,1-4,1,warm_full_hi,20,0.4464610517024994,0.039061784744262695,0.5000260472297668,-0.053564995527267456
rs03,4,1-4,1,warm_full_hi,50,0.4718804359436035,0.09279131889343262,0.5000260472297668,-0.02814561128616333
rs03,4,1-4,1,warm_full_hi,100,0.4610462486743927,0.18122601509094238,0.5000260472297668,-0.038979798555374146
rs03,4,1-4,1,warm_full_hi,200,0.4689491093158722,0.3684980869293213,0.5000260472297668,-0.031076937913894653
rs03,4,1-4,1,warm_full_hi,500,0.4828737676143646,0.9197173118591309,0.5000260472297668,-0.01715227961540222
rs03,4,1-4,1,warm_head,0,0.4472697079181671,0.0,0.5000260472297668,-0.05275633931159973
rs03,4,1-4,1,warm_head,1,0.4495675563812256,0.0016815662384033203,0.5000260472297668,-0.05045849084854126
rs03,4,1-4,1,warm_head,2,0.4513606131076813,0.0032656192779541016,0.5000260472297668,-0.04866543412208557
rs03,4,1-4,1,warm_head,5,0.45429590344429016,0.007019519805908203,0.5000260472297668,-0.045730143785476685
rs03,4,1-4,1,warm_head,10,0.45569339394569397,0.013282299041748047,0.5000260472297668,-0.044332653284072876
rs03,4,1-4,1,warm_head,20,0.4580928087234497,0.02451610565185547,0.5000260472297668,-0.04193323850631714
rs03,4,1-4,1,warm_head,50,0.46213579177856445,0.05701589584350586,0.5000260472297668,-0.03789025545120239
rs03,4,1-4,1,warm_head,100,0.46403101086616516,0.11062455177307129,0.5000260472297668,-0.035995036363601685
rs03,4,1-4,1,warm_head,200,0.46606966853141785,0.21754693984985352,0.5000260472297668,-0.033956378698349
rs03,4,1-4,1,warm_head,500,0.4680211544036865,0.5354197025299072,0.5000260472297668,-0.03200489282608032
rs04,2,1-4,0,cold,0,0.0002912580966949463,0.0,0.0588635504245758,-0.05857229232788085
rs04,2,1-4,0,cold,1,0.0028364856261759996,0.1359245777130127,0.0588635504245758,-0.0560270647983998
rs04,2,1-4,0,cold,2,0.006432408932596445,0.14072275161743164,0.0588635504245758,-0.052431141491979354
rs04,2,1-4,0,cold,5,0.024828055873513222,0.14778685569763184,0.0588635504245758,-0.03403549455106258
rs04,2,1-4,0,cold,10,0.038935303688049316,0.15821027755737305,0.0588635504245758,-0.019928246736526482
rs04,2,1-4,0,cold,20,0.04396674036979675,0.17805171012878418,0.0588635504245758,-0.014896810054779046
rs04,2,1-4,0,cold,50,0.04733523726463318,0.23421478271484375,0.0588635504245758,-0.01152831315994262
rs04,2,1-4,0,cold,100,0.048296067863702774,0.32720375061035156,0.0588635504245758,-0.010567482560873025
rs04,2,1-4,0,cold,200,0.050370533019304276,0.5213968753814697,0.0588635504245758,-0.008493017405271523
rs04,2,1-4,0,cold,500,0.05670471116900444,1.083672046661377,0.0588635504245758,-0.0021588392555713584
rs04,2,1-4,0,warm_full,0,0.04729936644434929,0.0,0.0588635504245758,-0.01156418398022651
rs04,2,1-4,0,warm_full,1,0.0391220897436142,0.0026078224182128906,0.0588635504245758,-0.019741460680961602
rs04,2,1-4,0,warm_full,2,0.029472479596734047,0.005257606506347656,0.0588635504245758,-0.029391070827841752
rs04,2,1-4,0,warm_full,5,0.038689810782670975,0.01179647445678711,0.0588635504245758,-0.020173739641904824
rs04,2,1-4,0,warm_full,10,0.04747582972049713,0.021921396255493164,0.0588635504245758,-0.011387720704078667
rs04,2,1-4,0,warm_full,20,0.04814203456044197,0.0411076545715332,0.0588635504245758,-0.010721515864133828
rs04,2,1-4,0,warm_full,50,0.05242040380835533,0.10218358039855957,0.0588635504245758,-0.006443146616220467
rs04,2,1-4,0,warm_full,100,0.051669854670763016,0.19471287727355957,0.0588635504245758,-0.007193695753812783
rs04,2,1-4,0,warm_full,200,0.04982563853263855,0.3886222839355469,0.0588635504245758,-0.009037911891937249
rs04,2,1-4,0,warm_full,500,0.05644496902823448,0.9499757289886475,0.0588635504245758,-0.002418581396341317
rs04,2,1-4,0,warm_full_hi,0,0.04729936644434929,0.0,0.0588635504245758,-0.01156418398022651
rs04,2,1-4,0,warm_full_hi,1,0.0030343830585479736,0.002732992172241211,0.0588635504245758,-0.055829167366027825
rs04,2,1-4,0,warm_full_hi,2,0.004368454217910767,0.005792140960693359,0.0588635504245758,-0.05449509620666503
rs04,2,1-4,0,warm_full_hi,5,0.021850114688277245,0.011888980865478516,0.0588635504245758,-0.037013435736298554
rs04,2,1-4,0,warm_full_hi,10,0.036891136318445206,0.022632837295532227,0.0588635504245758,-0.021972414106130593
rs04,2,1-4,0,warm_full_hi,20,0.044259678572416306,0.04858660697937012,0.0588635504245758,-0.014603871852159493
rs04,2,1-4,0,warm_full_hi,50,0.051388829946517944,0.10521602630615234,0.0588635504245758,-0.007474720478057854
rs04,2,1-4,0,warm_full_hi,100,0.05016718804836273,0.19862842559814453,0.0588635504245758,-0.008696362376213067
rs04,2,1-4,0,warm_full_hi,200,0.05104641243815422,0.39208149909973145,0.0588635504245758,-0.007817137986421578
rs04,2,1-4,0,warm_full_hi,500,0.05580499395728111,0.9442446231842041,0.0588635504245758,-0.003058556467294686
rs04,2,1-4,0,warm_head,0,0.04729936644434929,0.0,0.0588635504245758,-0.01156418398022651
rs04,2,1-4,0,warm_head,1,0.04829104244709015,0.001680135726928711,0.0588635504245758,-0.01057250797748565
rs04,2,1-4,0,warm_head,2,0.04878817871212959,0.0036423206329345703,0.0588635504245758,-0.010075371712446206
rs04,2,1-4,0,warm_head,5,0.04930523410439491,0.008175134658813477,0.0588635504245758,-0.009558316320180886
rs04,2,1-4,0,warm_head,10,0.04884757474064827,0.015311241149902344,0.0588635504245758,-0.010015975683927529
rs04,2,1-4,0,warm_head,20,0.04879416897892952,0.028737783432006836,0.0588635504245758,-0.010069381445646279
rs04,2,1-4,0,warm_head,50,0.049832794815301895,0.06694650650024414,0.0588635504245758,-0.009030755609273904
rs04,2,1-4,0,warm_head,100,0.04974357783794403,0.13805079460144043,0.0588635504245758,-0.009119972586631768
rs04,2,1-4,0,warm_head,200,0.05027797818183899,0.2836487293243408,0.0588635504245758,-0.00858557224273681
rs04,2,1-4,0,warm_head,500,0.04902935400605202,0.7449424266815186,0.0588635504245758,-0.009834196418523782
rs04,2,1-4,1,cold,0,0.00036754211760126054,0.0,0.0588635504245758,-0.05849600830697454
rs04,2,1-4,1,cold,1,0.0032602648716419935,0.1403207778930664,0.0588635504245758,-0.055603285552933805
rs04,2,1-4,1,cold,2,0.0071305581368505955,0.14449334144592285,0.0588635504245758,-0.0517329922877252
rs04,2,1-4,1,cold,5,0.02455134131014347,0.15133094787597656,0.0588635504245758,-0.03431220911443233
rs04,2,1-4,1,cold,10,0.04035922884941101,0.16152405738830566,0.0588635504245758,-0.018504321575164788
rs04,2,1-4,1,cold,20,0.04162580147385597,0.18114614486694336,0.0588635504245758,-0.017237748950719826
rs04,2,1-4,1,cold,50,0.04783850908279419,0.23684167861938477,0.0588635504245758,-0.01102504134178161
rs04,2,1-4,1,cold,100,0.05066430941224098,0.329103946685791,0.0588635504245758,-0.008199241012334817
rs04,2,1-4,1,cold,200,0.050465330481529236,0.5361528396606445,0.0588635504245758,-0.008398219943046563
rs04,2,1-4,1,cold,500,0.052347734570503235,1.1275498867034912,0.0588635504245758,-0.006515815854072564
rs04,2,1-4,1,warm_full,0,0.04729936644434929,0.0,0.0588635504245758,-0.01156418398022651
rs04,2,1-4,1,warm_full,1,0.022787069901823997,0.002560853958129883,0.0588635504245758,-0.0360764805227518
rs04,2,1-4,1,warm_full,2,0.042300403118133545,0.005156517028808594,0.0588635504245758,-0.016563147306442254
rs04,2,1-4,1,warm_full,5,0.04190513491630554,0.011488676071166992,0.0588635504245758,-0.016958415508270257
rs04,2,1-4,1,warm_full,10,0.0443560928106308,0.02158832550048828,0.0588635504245758,-0.014507457613945
rs04,2,1-4,1,warm_full,20,0.05010911449790001,0.04414033889770508,0.0588635504245758,-0.00875443592667579
rs04,2,1-4,1,warm_full,50,0.04993220791220665,0.10486936569213867,0.0588635504245758,-0.008931342512369149
rs04,2,1-4,1,warm_full,100,0.051242828369140625,0.20067381858825684,0.0588635504245758,-0.007620722055435174
rs04,2,1-4,1,warm_full,200,0.05405033007264137,0.3902723789215088,0.0588635504245758,-0.004813220351934426
rs04,2,1-4,1,warm_full,500,0.05508357658982277,0.9370803833007812,0.0588635504245758,-0.0037799738347530296
rs04,2,1-4,1,warm_full_hi,0,0.04729936644434929,0.0,0.0588635504245758,-0.01156418398022651
rs04,2,1-4,1,warm_full_hi,1,0.0,0.0024957656860351562,0.0588635504245758,-0.0588635504245758
rs04,2,1-4,1,warm_full_hi,2,0.008677865378558636,0.0052378177642822266,0.0588635504245758,-0.05018568504601716
rs04,2,1-4,1,warm_full_hi,5,0.00583792245015502,0.01183319091796875,0.0588635504245758,-0.05302562797442078
rs04,2,1-4,1,warm_full_hi,10,0.009825845248997211,0.02156805992126465,0.0588635504245758,-0.04903770517557859
rs04,2,1-4,1,warm_full_hi,20,0.0405816026031971,0.040866851806640625,0.0588635504245758,-0.0182819478213787
rs04,2,1-4,1,warm_full_hi,50,0.047805022448301315,0.09574747085571289,0.0588635504245758,-0.011058527976274483
rs04,2,1-4,1,warm_full_hi,100,0.04775024577975273,0.18711018562316895,0.0588635504245758,-0.011113304644823067
rs04,2,1-4,1,warm_full_hi,200,0.04889240488409996,0.3816721439361572,0.0588635504245758,-0.009971145540475838
rs04,2,1-4,1,warm_full_hi,500,0.050140876322984695,0.9430491924285889,0.0588635504245758,-0.008722674101591103
rs04,2,1-4,1,warm_head,0,0.04729936644434929,0.0,0.0588635504245758,-0.01156418398022651
rs04,2,1-4,1,warm_head,1,0.04766938462853432,0.0017116069793701172,0.0588635504245758,-0.011194165796041482
rs04,2,1-4,1,warm_head,2,0.04805232957005501,0.0036885738372802734,0.0588635504245758,-0.01081122085452079
rs04,2,1-4,1,warm_head,5,0.04869658127427101,0.008192062377929688,0.0588635504245758,-0.010166969150304787
rs04,2,1-4,1,warm_head,10,0.049101050943136215,0.015207529067993164,0.0588635504245758,-0.009762499481439584
rs04,2,1-4,1,warm_head,20,0.04864449426531792,0.02834153175354004,0.0588635504245758,-0.010219056159257882
rs04,2,1-4,1,warm_head,50,0.05016038939356804,0.06581854820251465,0.0588635504245758,-0.00870316103100776
rs04,2,1-4,1,warm_head,100,0.05058187618851662,0.12882614135742188,0.0588635504245758,-0.008281674236059182
rs04,2,1-4,1,warm_head,200,0.05051903426647186,0.2516043186187744,0.0588635504245758,-0.008344516158103936
rs04,2,1-4,1,warm_head,500,0.04998178407549858,0.6602156162261963,0.0588635504245758,-0.008881766349077218
rs05,1,1-4,0,cold,0,0.0005981028079986572,0.0,0.2238233834505081,-0.22322528064250943
rs05,1,1-4,0,cold,1,0.008115013130009174,0.1420450210571289,0.2238233834505081,-0.21570837032049892
rs05,1,1-4,0,cold,2,0.019273191690444946,0.14591717720031738,0.2238233834505081,-0.20455019176006314
rs05,1,1-4,0,cold,5,0.0866960659623146,0.15204763412475586,0.2238233834505081,-0.13712731748819348
rs05,1,1-4,0,cold,10,0.14545632898807526,0.16243243217468262,0.2238233834505081,-0.07836705446243283
rs05,1,1-4,0,cold,20,0.19219297170639038,0.18231463432312012,0.2238233834505081,-0.03163041174411771
rs05,1,1-4,0,cold,50,0.2043089121580124,0.23854565620422363,0.2238233834505081,-0.0195144712924957
rs05,1,1-4,0,cold,100,0.20429003238677979,0.3322312831878662,0.2238233834505081,-0.019533351063728305
rs05,1,1-4,0,cold,200,0.21120186150074005,0.534984827041626,0.2238233834505081,-0.012621521949768039
rs05,1,1-4,0,cold,500,0.21695558726787567,1.142442226409912,0.2238233834505081,-0.0068677961826324185
rs05,1,1-4,0,warm_full,0,0.19522494077682495,0.0,0.2238233834505081,-0.02859844267368314
rs05,1,1-4,0,warm_full,1,0.1859091967344284,0.0029799938201904297,0.2238233834505081,-0.037914186716079684
rs05,1,1-4,0,warm_full,2,0.1945587396621704,0.0058002471923828125,0.2238233834505081,-0.02926464378833768
rs05,1,1-4,0,warm_full,5,0.20045673847198486,0.013120174407958984,0.2238233834505081,-0.023366644978523227
rs05,1,1-4,0,warm_full,10,0.1968134194612503,0.024602890014648438,0.2238233834505081,-0.027009963989257785
rs05,1,1-4,0,warm_full,20,0.20410646498203278,0.047261714935302734,0.2238233834505081,-0.019716918468475314
rs05,1,1-4,0,warm_full,50,0.20823641121387482,0.11437869071960449,0.2238233834505081,-0.015586972236633273
rs05,1,1-4,0,warm_full,100,0.21217258274555206,0.23111391067504883,0.2238233834505081,-0.011650800704956027
rs05,1,1-4,0,warm_full,200,0.21530772745609283,0.4549221992492676,0.2238233834505081,-0.008515655994415255
rs05,1,1-4,0,warm_full,500,0.21637888252735138,1.173074722290039,0.2238233834505081,-0.0074445009231567105
rs05,1,1-4,0,warm_full_hi,0,0.19522494077682495,0.0,0.2238233834505081,-0.02859844267368314
rs05,1,1-4,0,warm_full_hi,1,0.0735827386379242,0.0029480457305908203,0.2238233834505081,-0.1502406448125839
rs05,1,1-4,0,warm_full_hi,2,0.14695028960704803,0.0061435699462890625,0.2238233834505081,-0.07687309384346006
rs05,1,1-4,0,warm_full_hi,5,0.16119782626628876,0.015064716339111328,0.2238233834505081,-0.06262555718421933
rs05,1,1-4,0,warm_full_hi,10,0.1950601190328598,0.02844715118408203,0.2238233834505081,-0.028763264417648288
rs05,1,1-4,0,warm_full_hi,20,0.193844273686409,0.053575754165649414,0.2238233834505081,-0.029979109764099093
rs05,1,1-4,0,warm_full_hi,50,0.20265108346939087,0.12845277786254883,0.2238233834505081,-0.02117229998111722
rs05,1,1-4,0,warm_full_hi,100,0.20592908561229706,0.25289440155029297,0.2238233834505081,-0.017894297838211032
rs05,1,1-4,0,warm_full_hi,200,0.20203863084316254,0.5000944137573242,0.2238233834505081,-0.021784752607345553
rs05,1,1-4,0,warm_full_hi,500,0.21552829444408417,1.2185618877410889,0.2238233834505081,-0.008295089006423922
rs05,1,1-4,0,warm_head,0,0.19522494077682495,0.0,0.2238233834505081,-0.02859844267368314
rs05,1,1-4,0,warm_head,1,0.19689224660396576,0.0023317337036132812,0.2238233834505081,-0.02693113684654233
rs05,1,1-4,0,warm_head,2,0.1980481892824173,0.004439115524291992,0.2238233834505081,-0.025775194168090793
rs05,1,1-4,0,warm_head,5,0.19982092082500458,0.010032892227172852,0.2238233834505081,-0.024002462625503512
rs05,1,1-4,0,warm_head,10,0.20109479129314423,0.018472909927368164,0.2238233834505081,-0.022728592157363864
rs05,1,1-4,0,warm_head,20,0.20279371738433838,0.035044193267822266,0.2238233834505081,-0.02102966606616971
rs05,1,1-4,0,warm_head,50,0.2040371149778366,0.09245777130126953,0.2238233834505081,-0.01978626847267148
rs05,1,1-4,0,warm_head,100,0.20504872500896454,0.18639898300170898,0.2238233834505081,-0.01877465844154355
rs05,1,1-4,0,warm_head,200,0.20541249215602875,0.31610679626464844,0.2238233834505081,-0.018410891294479342
rs05,1,1-4,0,warm_head,500,0.2063928246498108,0.6932742595672607,0.2238233834505081,-0.0174305588006973
rs05,1,1-4,1,cold,0,5.647540092468262e-05,0.0,0.2238233834505081,-0.2237669080495834
rs05,1,1-4,1,cold,1,0.008660812862217426,0.14058589935302734,0.2238233834505081,-0.21516257058829066
rs05,1,1-4,1,cold,2,0.02031557820737362,0.1444861888885498,0.2238233834505081,-0.20350780524313447
rs05,1,1-4,1,cold,5,0.08641507476568222,0.15079784393310547,0.2238233834505081,-0.13740830868482587
rs05,1,1-4,1,cold,10,0.15708188712596893,0.16179513931274414,0.2238233834505081,-0.06674149632453916
rs05,1,1-4,1,cold,20,0.19297504425048828,0.18172430992126465,0.2238233834505081,-0.03084833920001981
rs05,1,1-4,1,cold,50,0.19713030755519867,0.23826122283935547,0.2238233834505081,-0.02669307589530942
rs05,1,1-4,1,cold,100,0.20050852000713348,0.3389589786529541,0.2238233834505081,-0.023314863443374606
rs05,1,1-4,1,cold,200,0.20515842735767365,0.5385794639587402,0.2238233834505081,-0.018664956092834445
rs05,1,1-4,1,cold,500,0.21669530868530273,1.1281654834747314,0.2238233834505081,-0.0071280747652053555
rs05,1,1-4,1,warm_full,0,0.19522494077682495,0.0,0.2238233834505081,-0.02859844267368314
rs05,1,1-4,1,warm_full,1,0.19303731620311737,0.0030019283294677734,0.2238233834505081,-0.03078606724739072
rs05,1,1-4,1,warm_full,2,0.19517137110233307,0.00629425048828125,0.2238233834505081,-0.02865201234817502
rs05,1,1-4,1,warm_full,5,0.20274321734905243,0.014060258865356445,0.2238233834505081,-0.02108016610145566
rs05,1,1-4,1,warm_full,10,0.20288537442684174,0.02568960189819336,0.2238233834505081,-0.020938009023666354
rs05,1,1-4,1,warm_full,20,0.20654034614562988,0.04835152626037598,0.2238233834505081,-0.017283037304878207
rs05,1,1-4,1,warm_full,50,0.21115267276763916,0.11357283592224121,0.2238233834505081,-0.01267071068286893
rs05,1,1-4,1,warm_full,100,0.20817409455776215,0.22314000129699707,0.2238233834505081,-0.015649288892745944
rs05,1,1-4,1,warm_full,200,0.20808424055576324,0.43610715866088867,0.2238233834505081,-0.015739142894744845
rs05,1,1-4,1,warm_full,500,0.21911221742630005,1.0810072422027588,0.2238233834505081,-0.004711166024208041
rs05,1,1-4,1,warm_full_hi,0,0.19522494077682495,0.0,0.2238233834505081,-0.02859844267368314
rs05,1,1-4,1,warm_full_hi,1,0.08276884257793427,0.0027828216552734375,0.2238233834505081,-0.14105454087257382
rs05,1,1-4,1,warm_full_hi,2,0.1534436196088791,0.005946159362792969,0.2238233834505081,-0.070379763841629
rs05,1,1-4,1,warm_full_hi,5,0.1645077019929886,0.013528108596801758,0.2238233834505081,-0.059315681457519503
rs05,1,1-4,1,warm_full_hi,10,0.1952185183763504,0.025285720825195312,0.2238233834505081,-0.028604865074157687
rs05,1,1-4,1,warm_full_hi,20,0.20132595300674438,0.04759502410888672,0.2238233834505081,-0.022497430443763705
rs05,1,1-4,1,warm_full_hi,50,0.2036849707365036,0.11383461952209473,0.2238233834505081,-0.02013841271400449
rs05,1,1-4,1,warm_full_hi,100,0.20509128272533417,0.2199099063873291,0.2238233834505081,-0.018732100725173922
rs05,1,1-4,1,warm_full_hi,200,0.21404530107975006,0.4318971633911133,0.2238233834505081,-0.009778082370758029
rs05,1,1-4,1,warm_full_hi,500,0.2163577824831009,1.0657215118408203,0.2238233834505081,-0.007465600967407199
rs05,1,1-4,1,warm_head,0,0.19522494077682495,0.0,0.2238233834505081,-0.02859844267368314
rs05,1,1-4,1,warm_head,1,0.19656610488891602,0.001931905746459961,0.2238233834505081,-0.027257278561592074
rs05,1,1-4,1,warm_head,2,0.19777268171310425,0.004099369049072266,0.2238233834505081,-0.026050701737403842
rs05,1,1-4,1,warm_head,5,0.19934624433517456,0.009465932846069336,0.2238233834505081,-0.02447713911533353
rs05,1,1-4,1,warm_head,10,0.19992174208164215,0.017558813095092773,0.2238233834505081,-0.02390164136886594
rs05,1,1-4,1,warm_head,20,0.20228897035121918,0.03313040733337402,0.2238233834505081,-0.021534413099288913
rs05,1,1-4,1,warm_head,50,0.20430397987365723,0.07617688179016113,0.2238233834505081,-0.019519403576850863
rs05,1,1-4,1,warm_head,100,0.20517192780971527,0.14926719665527344,0.2238233834505081,-0.01865145564079282
rs05,1,1-4,1,warm_head,200,0.20568473637104034,0.2934255599975586,0.2238233834505081,-0.018138647079467746
rs05,1,1-4,1,warm_head,500,0.20655494928359985,0.730065107345581,0.2238233834505081,-0.017268434166908236
rs06,3,1-4,0,cold,0,0.0014114826917648315,0.0,0.4144377410411834,-0.4130262583494186
rs06,3,1-4,0,cold,1,0.017682015895843506,0.1132197380065918,0.4144377410411834,-0.3967557251453399
rs06,3,1-4,0,cold,2,0.038526296615600586,0.11803650856018066,0.4144377410411834,-0.37591144442558283
rs06,3,1-4,0,cold,5,0.15876220166683197,0.1257493495941162,0.4144377410411834,-0.25567553937435145
rs06,3,1-4,0,cold,10,0.2344740629196167,0.13511919975280762,0.4144377410411834,-0.17996367812156672
rs06,3,1-4,0,cold,20,0.3032386004924774,0.15575289726257324,0.4144377410411834,-0.111199140548706
rs06,3,1-4,0,cold,50,0.3641325533390045,0.22019338607788086,0.4144377410411834,-0.0503051877021789
rs06,3,1-4,0,cold,100,0.3689694404602051,0.3184964656829834,0.4144377410411834,-0.04546830058097834
rs06,3,1-4,0,cold,200,0.3816904127597809,0.5469870567321777,0.4144377410411834,-0.03274732828140253
rs06,3,1-4,0,cold,500,0.3695899546146393,1.200669527053833,0.4144377410411834,-0.044847786426544134
rs06,3,1-4,0,warm_full,0,0.35741886496543884,0.0,0.4144377410411834,-0.05701887607574457
rs06,3,1-4,0,warm_full,1,0.34195995330810547,0.002953767776489258,0.4144377410411834,-0.07247778773307795
rs06,3,1-4,0,warm_full,2,0.3596358299255371,0.0059642791748046875,0.4144377410411834,-0.05480191111564631
rs06,3,1-4,0,warm_full,5,0.3650009334087372,0.013416290283203125,0.4144377410411834,-0.049436807632446234
rs06,3,1-4,0,warm_full,10,0.36600732803344727,0.024890661239624023,0.4144377410411834,-0.04843041300773615
rs06,3,1-4,0,warm_full,20,0.3747054636478424,0.04684877395629883,0.4144377410411834,-0.03973227739334101
rs06,3,1-4,0,warm_full,50,0.3829967975616455,0.11205649375915527,0.4144377410411834,-0.03144094347953791
rs06,3,1-4,0,warm_full,100,0.38884642720222473,0.2191178798675537,0.4144377410411834,-0.025591313838958685
rs06,3,1-4,0,warm_full,200,0.3899357318878174,0.44351744651794434,0.4144377410411834,-0.024502009153366033
rs06,3,1-4,0,warm_full,500,0.39130067825317383,1.1796295642852783,0.4144377410411834,-0.023137062788009588
rs06,3,1-4,0,warm_full_hi,0,0.35741886496543884,0.0,0.4144377410411834,-0.05701887607574457
rs06,3,1-4,0,warm_full_hi,1,0.17579762637615204,0.0031557083129882812,0.4144377410411834,-0.23864011466503138
rs06,3,1-4,0,warm_full_hi,2,0.26802119612693787,0.006442070007324219,0.4144377410411834,-0.14641654491424555
rs06,3,1-4,0,warm_full_hi,5,0.29394835233688354,0.014510869979858398,0.4144377410411834,-0.12048938870429987
rs06,3,1-4,0,warm_full_hi,10,0.3347465693950653,0.02704024314880371,0.4144377410411834,-0.07969117164611811
rs06,3,1-4,0,warm_full_hi,20,0.3641963005065918,0.05241966247558594,0.4144377410411834,-0.05024144053459162
rs06,3,1-4,0,warm_full_hi,50,0.3817611038684845,0.12545537948608398,0.4144377410411834,-0.03267663717269892
rs06,3,1-4,0,warm_full_hi,100,0.38774481415748596,0.2525160312652588,0.4144377410411834,-0.026692926883697454
rs06,3,1-4,0,warm_full_hi,200,0.38555702567100525,0.5004043579101562,0.4144377410411834,-0.028880715370178167
rs06,3,1-4,0,warm_full_hi,500,0.3605480492115021,1.2393555641174316,0.4144377410411834,-0.05388969182968134
rs06,3,1-4,0,warm_head,0,0.35741886496543884,0.0,0.4144377410411834,-0.05701887607574457
rs06,3,1-4,0,warm_head,1,0.3584558963775635,0.002243518829345703,0.4144377410411834,-0.05598184466361994
rs06,3,1-4,0,warm_head,2,0.35924485325813293,0.004763364791870117,0.4144377410411834,-0.05519288778305048
rs06,3,1-4,0,warm_head,5,0.3605841100215912,0.010957479476928711,0.4144377410411834,-0.05385363101959223
rs06,3,1-4,0,warm_head,10,0.3609941303730011,0.02000594139099121,0.4144377410411834,-0.05344361066818232
rs06,3,1-4,0,warm_head,20,0.3623948395252228,0.03734540939331055,0.4144377410411834,-0.05204290151596064
rs06,3,1-4,0,warm_head,50,0.36378660798072815,0.0880882740020752,0.4144377410411834,-0.05065113306045527
rs06,3,1-4,0,warm_head,100,0.36542901396751404,0.17466497421264648,0.4144377410411834,-0.04900872707366938
rs06,3,1-4,0,warm_head,200,0.3673234283924103,0.34089231491088867,0.4144377410411834,-0.04711431264877314
rs06,3,1-4,0,warm_head,500,0.36941054463386536,0.7956478595733643,0.4144377410411834,-0.04502719640731806
rs06,3,1-4,1,cold,0,0.0008233388070948422,0.0,0.4144377410411834,-0.4136144022340886
rs06,3,1-4,1,cold,1,0.013556967489421368,0.1408236026763916,0.4144377410411834,-0.40088077355176205
rs06,3,1-4,1,cold,2,0.031242141500115395,0.14484262466430664,0.4144377410411834,-0.383195599541068
rs06,3,1-4,1,cold,5,0.1330060064792633,0.15283894538879395,0.4144377410411834,-0.2814317345619201
rs06,3,1-4,1,cold,10,0.24736548960208893,0.16299748420715332,0.4144377410411834,-0.1670722514390945
rs06,3,1-4,1,cold,20,0.31169161200523376,0.18781614303588867,0.4144377410411834,-0.10274612903594965
rs06,3,1-4,1,cold,50,0.35877251625061035,0.2485361099243164,0.4144377410411834,-0.055665224790573065
rs06,3,1-4,1,cold,100,0.36887165904045105,0.3419492244720459,0.4144377410411834,-0.045566082000732366
rs06,3,1-4,1,cold,200,0.37941357493400574,0.5464253425598145,0.4144377410411834,-0.03502416610717768
rs06,3,1-4,1,cold,500,0.3900895416736603,1.1249053478240967,0.4144377410411834,-0.024348199367523138
rs06,3,1-4,1,warm_full,0,0.35741886496543884,0.0,0.4144377410411834,-0.05701887607574457
rs06,3,1-4,1,warm_full,1,0.3563423156738281,0.0028586387634277344,0.4144377410411834,-0.05809542536735529
rs06,3,1-4,1,warm_full,2,0.36176958680152893,0.0054471492767333984,0.4144377410411834,-0.052668154239654486
rs06,3,1-4,1,warm_full,5,0.36603501439094543,0.013390779495239258,0.4144377410411834,-0.04840272665023798
rs06,3,1-4,1,warm_full,10,0.36977729201316833,0.025173187255859375,0.4144377410411834,-0.04466044902801508
rs06,3,1-4,1,warm_full,20,0.37805578112602234,0.04468965530395508,0.4144377410411834,-0.03638195991516108
rs06,3,1-4,1,warm_full,50,0.3809873163700104,0.1030278205871582,0.4144377410411834,-0.03345042467117304
rs06,3,1-4,1,warm_full,100,0.3853829801082611,0.20637822151184082,0.4144377410411834,-0.029054760932922308
rs06,3,1-4,1,warm_full,200,0.39357152581214905,0.3913114070892334,0.4144377410411834,-0.02086621522903437
rs06,3,1-4,1,warm_full,500,0.4009082317352295,0.9569356441497803,0.4144377410411834,-0.013529509305953924
rs06,3,1-4,1,warm_full_hi,0,0.35741886496543884,0.0,0.4144377410411834,-0.05701887607574457
rs06,3,1-4,1,warm_full_hi,1,0.1982913464307785,0.002718687057495117,0.4144377410411834,-0.2161463946104049
rs06,3,1-4,1,warm_full_hi,2,0.1660172939300537,0.005577564239501953,0.4144377410411834,-0.2484204471111297
rs06,3,1-4,1,warm_full_hi,5,0.27890434861183167,0.01218557357788086,0.4144377410411834,-0.13553339242935175
rs06,3,1-4,1,warm_full_hi,10,0.32057425379753113,0.024102210998535156,0.4144377410411834,-0.09386348724365229
rs06,3,1-4,1,warm_full_hi,20,0.35801994800567627,0.0439600944519043,0.4144377410411834,-0.05641779303550715
rs06,3,1-4,1,warm_full_hi,50,0.37687596678733826,0.10194873809814453,0.4144377410411834,-0.03756177425384516
rs06,3,1-4,1,warm_full_hi,100,0.38254043459892273,0.19866466522216797,0.4144377410411834,-0.03189730644226069
rs06,3,1-4,1,warm_full_hi,200,0.3771629333496094,0.4171922206878662,0.4144377410411834,-0.03727480769157404
rs06,3,1-4,1,warm_full_hi,500,0.3849586546421051,1.0214121341705322,0.4144377410411834,-0.029479086399078314
rs06,3,1-4,1,warm_head,0,0.35741886496543884,0.0,0.4144377410411834,-0.05701887607574457
rs06,3,1-4,1,warm_head,1,0.3585221469402313,0.0017333030700683594,0.4144377410411834,-0.05591559410095209
rs06,3,1-4,1,warm_head,2,0.35928964614868164,0.0036613941192626953,0.4144377410411834,-0.055148094892501776
rs06,3,1-4,1,warm_head,5,0.3603232800960541,0.00809788703918457,0.4144377410411834,-0.05411446094512934
rs06,3,1-4,1,warm_head,10,0.36150693893432617,0.015005111694335938,0.4144377410411834,-0.052930802106857244
rs06,3,1-4,1,warm_head,20,0.3624342381954193,0.029686689376831055,0.4144377410411834,-0.052003502845764105
rs06,3,1-4,1,warm_head,50,0.3644907474517822,0.06711125373840332,0.4144377410411834,-0.04994699358940119
rs06,3,1-4,1,warm_head,100,0.3659777343273163,0.12969112396240234,0.4144377410411834,-0.04846000671386713
rs06,3,1-4,1,warm_head,200,0.36717939376831055,0.25945258140563965,0.4144377410411834,-0.04725834727287287
rs06,3,1-4,1,warm_head,500,0.36994096636772156,0.7100479602813721,0.4144377410411834,-0.04449677467346186
rs07,3,1-4,0,cold,0,0.0014069428434595466,0.0,0.4401641190052032,-0.43875717616174364
rs07,3,1-4,0,cold,1,0.016967544332146645,0.1466069221496582,0.4401641190052032,-0.42319657467305655
rs07,3,1-4,0,cold,2,0.037275757640600204,0.1504507064819336,0.4401641190052032,-0.402888361364603
rs07,3,1-4,0,cold,5,0.15564538538455963,0.15662860870361328,0.4401641190052032,-0.28451873362064356
rs07,3,1-4,0,cold,10,0.28200602531433105,0.1671900749206543,0.4401641190052032,-0.15815809369087214
rs07,3,1-4,0,cold,20,0.34127798676490784,0.1869220733642578,0.4401641190052032,-0.09888613224029535
rs07,3,1-4,0,cold,50,0.39898958802223206,0.2490096092224121,0.4401641190052032,-0.041174530982971136
rs07,3,1-4,0,cold,100,0.4180166721343994,0.36118650436401367,0.4401641190052032,-0.022147446870803777
rs07,3,1-4,0,cold,200,0.4186887741088867,0.5813560485839844,0.4401641190052032,-0.021475344896316473
rs07,3,1-4,0,cold,500,0.4235176742076874,1.2287204265594482,0.4401641190052032,-0.016646444797515814
rs07,3,1-4,0,warm_full,0,0.377834290266037,0.0,0.4401641190052032,-0.062329828739166204
rs07,3,1-4,0,warm_full,1,0.3897855281829834,0.0028984546661376953,0.4401641190052032,-0.05037859082221979
rs07,3,1-4,0,warm_full,2,0.3956327736377716,0.005845785140991211,0.4401641190052032,-0.044531345367431585
rs07,3,1-4,0,warm_full,5,0.4003112316131592,0.013758420944213867,0.4401641190052032,-0.03985288739204401
rs07,3,1-4,0,warm_full,10,0.4020744860172272,0.025391817092895508,0.4401641190052032,-0.03808963298797602
rs07,3,1-4,0,warm_full,20,0.4120582044124603,0.0483090877532959,0.4401641190052032,-0.028105914592742864
rs07,3,1-4,0,warm_full,50,0.4182864725589752,0.11407613754272461,0.4401641190052032,-0.021877646446227972
rs07,3,1-4,0,warm_full,100,0.42826083302497864,0.22264719009399414,0.4401641190052032,-0.011903285980224554
rs07,3,1-4,0,warm_full,200,0.42915570735931396,0.4385833740234375,0.4401641190052032,-0.011008411645889227
rs07,3,1-4,0,warm_full,500,0.43006953597068787,1.1020729541778564,0.4401641190052032,-0.010094583034515325
rs07,3,1-4,0,warm_full_hi,0,0.377834290266037,0.0,0.4401641190052032,-0.062329828739166204
rs07,3,1-4,0,warm_full_hi,1,0.2405228465795517,0.002691984176635742,0.4401641190052032,-0.1996412724256515
rs07,3,1-4,0,warm_full_hi,2,0.30107954144477844,0.005817413330078125,0.4401641190052032,-0.13908457756042475
rs07,3,1-4,0,warm_full_hi,5,0.32606396079063416,0.013495445251464844,0.4401641190052032,-0.11410015821456904
rs07,3,1-4,0,warm_full_hi,10,0.37305235862731934,0.025046825408935547,0.4401641190052032,-0.06711176037788386
rs07,3,1-4,0,warm_full_hi,20,0.39202558994293213,0.04716682434082031,0.4401641190052032,-0.04813852906227106
rs07,3,1-4,0,warm_full_hi,50,0.41943490505218506,0.11185216903686523,0.4401641190052032,-0.020729213953018133
rs07,3,1-4,0,warm_full_hi,100,0.4231787621974945,0.22136235237121582,0.4401641190052032,-0.016985356807708685
rs07,3,1-4,0,warm_full_hi,200,0.41787803173065186,0.44027090072631836,0.4401641190052032,-0.022286087274551336
rs07,3,1-4,0,warm_full_hi,500,0.41731229424476624,1.1066789627075195,0.4401641190052032,-0.022851824760436956
rs07,3,1-4,0,warm_head,0,0.377834290266037,0.0,0.4401641190052032,-0.062329828739166204
rs07,3,1-4,0,warm_head,1,0.37968114018440247,0.0021963119506835938,0.4401641190052032,-0.060482978820800726
rs07,3,1-4,0,warm_head,2,0.38108018040657043,0.004771709442138672,0.4401641190052032,-0.05908393859863276
rs07,3,1-4,0,warm_head,5,0.3840217888355255,0.010648727416992188,0.4401641190052032,-0.05614233016967768
rs07,3,1-4,0,warm_head,10,0.3867754638195038,0.019927263259887695,0.4401641190052032,-0.05338865518569941
rs07,3,1-4,0,warm_head,20,0.39035141468048096,0.03746819496154785,0.4401641190052032,-0.049812704324722235
rs07,3,1-4,0,warm_head,50,0.3953831195831299,0.08656907081604004,0.4401641190052032,-0.04478099942207331
rs07,3,1-4,0,warm_head,100,0.3995301425457001,0.16801738739013672,0.4401641190052032,-0.04063397645950312
rs07,3,1-4,0,warm_head,200,0.40247583389282227,0.3295130729675293,0.4401641190052032,-0.037688285112380926
rs07,3,1-4,0,warm_head,500,0.40610697865486145,0.7890028953552246,0.4401641190052032,-0.03405714035034174
rs07,3,1-4,1,cold,0,0.0012602260103449225,0.0,0.4401641190052032,-0.43890389299485827
rs07,3,1-4,1,cold,1,0.01621677540242672,0.14077162742614746,0.4401641190052032,-0.42394734360277647
rs07,3,1-4,1,cold,2,0.03570781275629997,0.14458489418029785,0.4401641190052032,-0.4044563062489032
rs07,3,1-4,1,cold,5,0.14981140196323395,0.15077638626098633,0.4401641190052032,-0.29035271704196924
rs07,3,1-4,1,cold,10,0.2769217789173126,0.16277694702148438,0.4401641190052032,-0.16324234008789057
rs07,3,1-4,1,cold,20,0.34715262055397034,0.18893218040466309,0.4401641190052032,-0.09301149845123285
rs07,3,1-4,1,cold,50,0.3970445394515991,0.24352693557739258,0.4401641190052032,-0.04311957955360407
rs07,3,1-4,1,cold,100,0.4173130691051483,0.34457898139953613,0.4401641190052032,-0.022851049900054876
rs07,3,1-4,1,cold,200,0.42063096165657043,0.5271041393280029,0.4401641190052032,-0.019533157348632757
rs07,3,1-4,1,cold,500,0.42911776900291443,1.0982496738433838,0.4401641190052032,-0.011046350002288763
rs07,3,1-4,1,warm_full,0,0.377834290266037,0.0,0.4401641190052032,-0.062329828739166204
rs07,3,1-4,1,warm_full,1,0.3911038339138031,0.002704143524169922,0.4401641190052032,-0.04906028509140009
rs07,3,1-4,1,warm_full,2,0.3976617753505707,0.005491733551025391,0.4401641190052032,-0.04250234365463251
rs07,3,1-4,1,warm_full,5,0.4010220468044281,0.012117385864257812,0.4401641190052032,-0.03914207220077509
rs07,3,1-4,1,warm_full,10,0.4066542685031891,0.02203989028930664,0.4401641190052032,-0.033509850502014105
rs07,3,1-4,1,warm_full,20,0.4146939814090729,0.04140162467956543,0.4401641190052032,-0.025470137596130316
rs07,3,1-4,1,warm_full,50,0.41801419854164124,0.09731554985046387,0.4401641190052032,-0.022149920463561956
rs07,3,1-4,1,warm_full,100,0.4258056879043579,0.20109057426452637,0.4401641190052032,-0.014358431100845281
rs07,3,1-4,1,warm_full,200,0.42984941601753235,0.39180970191955566,0.4401641190052032,-0.010314702987670843
rs07,3,1-4,1,warm_full,500,0.4354804456233978,0.9746403694152832,0.4401641190052032,-0.004683673381805364
rs07,3,1-4,1,warm_full_hi,0,0.377834290266037,0.0,0.4401641190052032,-0.062329828739166204
rs07,3,1-4,1,warm_full_hi,1,0.22326768934726715,0.002951383590698242,0.4401641190052032,-0.21689642965793604
rs07,3,1-4,1,warm_full_hi,2,0.33556368947029114,0.0057353973388671875,0.4401641190052032,-0.10460042953491205
rs07,3,1-4,1,warm_full_hi,5,0.32261109352111816,0.01240086555480957,0.4401641190052032,-0.11755302548408503
rs07,3,1-4,1,warm_full_hi,10,0.36352548003196716,0.02241373062133789,0.4401641190052032,-0.07663863897323603
rs07,3,1-4,1,warm_full_hi,20,0.40444791316986084,0.04196572303771973,0.4401641190052032,-0.03571620583534235
rs07,3,1-4,1,warm_full_hi,50,0.41439130902290344,0.09834933280944824,0.4401641190052032,-0.02577280998229975
rs07,3,1-4,1,warm_full_hi,100,0.42021849751472473,0.19259095191955566,0.4401641190052032,-0.01994562149047846
rs07,3,1-4,1,warm_full_hi,200,0.4161210358142853,0.40987634658813477,0.4401641190052032,-0.024043083190917913
rs07,3,1-4,1,warm_full_hi,500,0.4337042570114136,1.0020899772644043,0.4401641190052032,-0.006459861993789617
rs07,3,1-4,1,warm_head,0,0.377834290266037,0.0,0.4401641190052032,-0.062329828739166204
rs07,3,1-4,1,warm_head,1,0.37945088744163513,0.0016918182373046875,0.4401641190052032,-0.06071323156356806
rs07,3,1-4,1,warm_head,2,0.3808121681213379,0.0035974979400634766,0.4401641190052032,-0.0593519508838653
rs07,3,1-4,1,warm_head,5,0.3837372958660126,0.008098125457763672,0.4401641190052032,-0.05642682313919062
rs07,3,1-4,1,warm_head,10,0.3869441747665405,0.015083551406860352,0.4401641190052032,-0.053219944238662664
rs07,3,1-4,1,warm_head,20,0.3897869884967804,0.028287649154663086,0.4401641190052032,-0.050377130508422796
rs07,3,1-4,1,warm_head,50,0.3954809010028839,0.06572341918945312,0.4401641190052032,-0.04468321800231928
rs07,3,1-4,1,warm_head,100,0.3995971381664276,0.12943196296691895,0.4401641190052032,-0.04056698083877558
rs07,3,1-4,1,warm_head,200,0.4024111032485962,0.2583308219909668,0.4401641190052032,-0.037753015756607
rs07,3,1-4,1,warm_head,500,0.4063171148300171,0.6594741344451904,0.4401641190052032,-0.0338470041751861
rs08,1,1-4,0,cold,0,0.0001577685325173661,0.0,0.038949679583311,-0.03879191105079363
rs08,1,1-4,0,cold,1,0.0012266685953363776,0.11785697937011719,0.038949679583311,-0.03772301098797462
rs08,1,1-4,0,cold,2,0.002338011981919408,0.1216270923614502,0.038949679583311,-0.03661166760139159
rs08,1,1-4,0,cold,5,0.006388162728399038,0.12692594528198242,0.038949679583311,-0.03256151685491196
rs08,1,1-4,0,cold,10,0.011512587778270245,0.1361064910888672,0.038949679583311,-0.027437091805040753
rs08,1,1-4,0,cold,20,0.017154982313513756,0.1560192108154297,0.038949679583311,-0.021794697269797242
rs08,1,1-4,0,cold,50,0.018604829907417297,0.21541523933410645,0.038949679583311,-0.0203448496758937
rs08,1,1-4,0,cold,100,0.018421432003378868,0.31292200088500977,0.038949679583311,-0.02052824757993213
rs08,1,1-4,0,cold,200,0.01972905360162258,0.5258269309997559,0.038949679583311,-0.019220625981688416
rs08,1,1-4,0,cold,500,0.02863411046564579,1.2918498516082764,0.038949679583311,-0.010315569117665208
rs08,1,1-4,0,warm_full,0,0.01160596776753664,0.0,0.038949679583311,-0.027343711815774357
rs08,1,1-4,0,warm_full,1,0.014683599583804607,0.003484964370727539,0.038949679583311,-0.02426607999950639
rs08,1,1-4,0,warm_full,2,0.011966198682785034,0.007162332534790039,0.038949679583311,-0.026983480900525963
rs08,1,1-4,0,warm_full,5,0.016813620924949646,0.0157163143157959,0.038949679583311,-0.02213605865836135
rs08,1,1-4,0,warm_full,10,0.016043683513998985,0.029055118560791016,0.038949679583311,-0.022905996069312012
rs08,1,1-4,0,warm_full,20,0.015320594422519207,0.05982565879821777,0.038949679583311,-0.02362908516079179
rs08,1,1-4,0,warm_full,50,0.018141334876418114,0.1348409652709961,0.038949679583311,-0.020808344706892884
rs08,1,1-4,0,warm_full,100,0.01815730892121792,0.27017855644226074,0.038949679583311,-0.02079237066209308
rs08,1,1-4,0,warm_full,200,0.018634438514709473,0.5234277248382568,0.038949679583311,-0.020315241068601525
rs08,1,1-4,0,warm_full,500,0.02288842760026455,1.195166826248169,0.038949679583311,-0.01606125198304645
rs08,1,1-4,0,warm_full_hi,0,0.01160596776753664,0.0,0.038949679583311,-0.027343711815774357
rs08,1,1-4,0,warm_full_hi,1,0.0,0.0025467872619628906,0.038949679583311,-0.038949679583311
rs08,1,1-4,0,warm_full_hi,2,0.003152902005240321,0.005426168441772461,0.038949679583311,-0.035796777578070677
rs08,1,1-4,0,warm_full_hi,5,0.01005361508578062,0.014225959777832031,0.038949679583311,-0.028896064497530377
rs08,1,1-4,0,warm_full_hi,10,0.013503596186637878,0.024724483489990234,0.038949679583311,-0.02544608339667312
rs08,1,1-4,0,warm_full_hi,20,0.015628909692168236,0.04458427429199219,0.038949679583311,-0.023320769891142762
rs08,1,1-4,0,warm_full_hi,50,0.018656045198440552,0.10141348838806152,0.038949679583311,-0.020293634384870446
rs08,1,1-4,0,warm_full_hi,100,0.018977755680680275,0.19531655311584473,0.038949679583311,-0.019971923902630723
rs08,1,1-4,0,warm_full_hi,200,0.01946485973894596,0.3895251750946045,0.038949679583311,-0.019484819844365037
rs08,1,1-4,0,warm_full_hi,500,0.029177134856581688,0.9620141983032227,0.038949679583311,-0.00977254472672931
rs08,1,1-4,0,warm_head,0,0.01160596776753664,0.0,0.038949679583311,-0.027343711815774357
rs08,1,1-4,0,warm_head,1,0.012640029191970825,0.0017209053039550781,0.038949679583311,-0.026309650391340172
rs08,1,1-4,0,warm_head,2,0.013515000231564045,0.003645658493041992,0.038949679583311,-0.025434679351746953
rs08,1,1-4,0,warm_head,5,0.015288363210856915,0.008318662643432617,0.038949679583311,-0.023661316372454083
rs08,1,1-4,0,warm_head,10,0.017097866162657738,0.01547861099243164,0.038949679583311,-0.02185181342065326
rs08,1,1-4,0,warm_head,20,0.01589084602892399,0.029160261154174805,0.038949679583311,-0.02305883355438701
rs08,1,1-4,0,warm_head,50,0.017698347568511963,0.06783461570739746,0.038949679583311,-0.021251332014799035
rs08,1,1-4,0,warm_head,100,0.017545318230986595,0.13222765922546387,0.038949679583311,-0.021404361352324403
rs08,1,1-4,0,warm_head,200,0.018491268157958984,0.2595815658569336,0.038949679583311,-0.020458411425352013
rs08,1,1-4,0,warm_head,500,0.017865026369690895,0.6440207958221436,0.038949679583311,-0.021084653213620103
rs08,1,1-4,1,cold,0,9.031096851686016e-05,0.0,0.038949679583311,-0.03885936861479414
rs08,1,1-4,1,cold,1,0.0004951457376591861,0.14047646522521973,0.038949679583311,-0.03845453384565181
rs08,1,1-4,1,cold,2,0.0014695028075948358,0.14555120468139648,0.038949679583311,-0.03748017677571616
rs08,1,1-4,1,cold,5,0.004793678876012564,0.15591883659362793,0.038949679583311,-0.034156000707298434
rs08,1,1-4,1,cold,10,0.012981767766177654,0.1704103946685791,0.038949679583311,-0.025967911817133343
rs08,1,1-4,1,cold,20,0.016729146242141724,0.19373297691345215,0.038949679583311,-0.022220533341169274
rs08,1,1-4,1,cold,50,0.017452403903007507,0.2615165710449219,0.038949679583311,-0.02149727568030349
rs08,1,1-4,1,cold,100,0.018462831154465675,0.38513636589050293,0.038949679583311,-0.020486848428845322
rs08,1,1-4,1,cold,200,0.01987389661371708,0.6314663887023926,0.038949679583311,-0.01907578296959392
rs08,1,1-4,1,cold,500,0.024128222838044167,1.3736605644226074,0.038949679583311,-0.014821456745266831
rs08,1,1-4,1,warm_full,0,0.01160596776753664,0.0,0.038949679583311,-0.027343711815774357
rs08,1,1-4,1,warm_full,1,0.013765121810138226,0.0030336380004882812,0.038949679583311,-0.025184557773172772
rs08,1,1-4,1,warm_full,2,0.01298669446259737,0.006313323974609375,0.038949679583311,-0.025962985120713628
rs08,1,1-4,1,warm_full,5,0.014892573468387127,0.01474308967590332,0.038949679583311,-0.02405710611492387
rs08,1,1-4,1,warm_full,10,0.017507493495941162,0.02724456787109375,0.038949679583311,-0.021442186087369836
rs08,1,1-4,1,warm_full,20,0.016095831990242004,0.05181074142456055,0.038949679583311,-0.022853847593068993
rs08,1,1-4,1,warm_full,50,0.017375558614730835,0.12653279304504395,0.038949679583311,-0.021574120968580163
rs08,1,1-4,1,warm_full,100,0.01769312284886837,0.2486889362335205,0.038949679583311,-0.021256556734442628
rs08,1,1-4,1,warm_full,200,0.018538424745202065,0.49396729469299316,0.038949679583311,-0.020411254838108933
rs08,1,1-4,1,warm_full,500,0.023981401696801186,1.1046085357666016,0.038949679583311,-0.014968277886509812
rs08,1,1-4,1,warm_full_hi,0,0.01160596776753664,0.0,0.038949679583311,-0.027343711815774357
rs08,1,1-4,1,warm_full_hi,1,0.0,0.0026879310607910156,0.038949679583311,-0.038949679583311
rs08,1,1-4,1,warm_full_hi,2,0.00614967430010438,0.0055027008056640625,0.038949679583311,-0.03280000528320662
rs08,1,1-4,1,warm_full_hi,5,0.00529596209526062,0.01275777816772461,0.038949679583311,-0.03365371748805038
rs08,1,1-4,1,warm_full_hi,10,0.008966207504272461,0.02437758445739746,0.038949679583311,-0.029983472079038537
rs08,1,1-4,1,warm_full_hi,20,0.014009718783199787,0.04532647132873535,0.038949679583311,-0.02493996080011121
rs08,1,1-4,1,warm_full_hi,50,0.017667273059487343,0.10038113594055176,0.038949679583311,-0.021282406523823655
rs08,1,1-4,1,warm_full_hi,100,0.01846327818930149,0.1997544765472412,0.038949679583311,-0.020486401394009507
rs08,1,1-4,1,warm_full_hi,200,0.019135231152176857,0.3915066719055176,0.038949679583311,-0.01981444843113414
rs08,1,1-4,1,warm_full_hi,500,0.027193119749426842,0.954014778137207,0.038949679583311,-0.011756559833884156
rs08,1,1-4,1,warm_head,0,0.01160596776753664,0.0,0.038949679583311,-0.027343711815774357
rs08,1,1-4,1,warm_head,1,0.012786502949893475,0.0017080307006835938,0.038949679583311,-0.026163176633417523
rs08,1,1-4,1,warm_head,2,0.013716558925807476,0.004446983337402344,0.038949679583311,-0.02523312065750352
rs08,1,1-4,1,warm_head,5,0.015671884641051292,0.013939619064331055,0.038949679583311,-0.023277794942259705
rs08,1,1-4,1,warm_head,10,0.017232561483979225,0.0206906795501709,0.038949679583311,-0.021717118099331773
rs08,1,1-4,1,warm_head,20,0.015827840194106102,0.03385758399963379,0.038949679583311,-0.023121839389204896
rs08,1,1-4,1,warm_head,50,0.017915481701493263,0.07108449935913086,0.038949679583311,-0.021034197881817734
rs08,1,1-4,1,warm_head,100,0.018005141988396645,0.13288354873657227,0.038949679583311,-0.020944537594914353
rs08,1,1-4,1,warm_head,200,0.018503794446587563,0.25631284713745117,0.038949679583311,-0.020445885136723435
rs08,1,1-4,1,warm_head,500,0.018392467871308327,0.621523380279541,0.038949679583311,-0.02055721171200267
rs09,4,1-4,0,cold,0,0.0008566230535507202,0.0,0.5253174304962158,-0.5244608074426651
rs09,4,1-4,0,cold,1,0.017290974035859108,0.11378645896911621,0.5253174304962158,-0.5080264564603567
rs09,4,1-4,0,cold,2,0.03804880380630493,0.11731433868408203,0.5253174304962158,-0.4872686266899109
rs09,4,1-4,0,cold,5,0.16213463246822357,0.12284016609191895,0.5253174304962158,-0.36318279802799225
rs09,4,1-4,0,cold,10,0.2766112983226776,0.13256049156188965,0.5253174304962158,-0.2487061321735382
rs09,4,1-4,0,cold,20,0.36450302600860596,0.152008056640625,0.5253174304962158,-0.16081440448760986
rs09,4,1-4,0,cold,50,0.42891252040863037,0.20676183700561523,0.5253174304962158,-0.09640491008758545
rs09,4,1-4,0,cold,100,0.44706133008003235,0.30646395683288574,0.5253174304962158,-0.07825610041618347
rs09,4,1-4,0,cold,200,0.47180259227752686,0.49721193313598633,0.5253174304962158,-0.053514838218688965
rs09,4,1-4,0,cold,500,0.48298606276512146,1.0575954914093018,0.5253174304962158,-0.04233136773109436
rs09,4,1-4,0,warm_full,0,0.4201366603374481,0.0,0.5253174304962158,-0.1051807701587677
rs09,4,1-4,0,warm_full,1,0.42808905243873596,0.0026214122772216797,0.5253174304962158,-0.09722837805747986
rs09,4,1-4,0,warm_full,2,0.4330224096775055,0.005276679992675781,0.5253174304962158,-0.09229502081871033
rs09,4,1-4,0,warm_full,5,0.44027432799339294,0.011841535568237305,0.5253174304962158,-0.08504310250282288
rs09,4,1-4,0,warm_full,10,0.4488658010959625,0.022113323211669922,0.5253174304962158,-0.0764516294002533
rs09,4,1-4,0,warm_full,20,0.4601045846939087,0.04143953323364258,0.5253174304962158,-0.06521284580230713
rs09,4,1-4,0,warm_full,50,0.47597017884254456,0.10449361801147461,0.5253174304962158,-0.049347251653671265
rs09,4,1-4,0,warm_full,100,0.479047566652298,0.19972896575927734,0.5253174304962158,-0.04626986384391785
rs09,4,1-4,0,warm_full,200,0.4873596131801605,0.38327622413635254,0.5253174304962158,-0.0379578173160553
rs09,4,1-4,0,warm_full,500,0.4935990869998932,0.9421947002410889,0.5253174304962158,-0.03171834349632263
rs09,4,1-4,0,warm_full_hi,0,0.4201366603374481,0.0,0.5253174304962158,-0.1051807701587677
rs09,4,1-4,0,warm_full_hi,1,0.2230314016342163,0.002508878707885742,0.5253174304962158,-0.3022860288619995
rs09,4,1-4,0,warm_full_hi,2,0.3091270625591278,0.0052373409271240234,0.5253174304962158,-0.216190367937088
rs09,4,1-4,0,warm_full_hi,5,0.288896769285202,0.011932611465454102,0.5253174304962158,-0.2364206612110138
rs09,4,1-4,0,warm_full_hi,10,0.4054448902606964,0.02184128761291504,0.5253174304962158,-0.11987254023551941
rs09,4,1-4,0,warm_full_hi,20,0.4477464258670807,0.04188370704650879,0.5253174304962158,-0.07757100462913513
rs09,4,1-4,0,warm_full_hi,50,0.467846542596817,0.09811282157897949,0.5253174304962158,-0.057470887899398804
rs09,4,1-4,0,warm_full_hi,100,0.46687957644462585,0.19216251373291016,0.5253174304962158,-0.058437854051589966
rs09,4,1-4,0,warm_full_hi,200,0.4813084900379181,0.3806605339050293,0.5253174304962158,-0.04400894045829773
rs09,4,1-4,0,warm_full_hi,500,0.48632192611694336,0.9306943416595459,0.5253174304962158,-0.03899550437927246
rs09,4,1-4,0,warm_head,0,0.4201366603374481,0.0,0.5253174304962158,-0.1051807701587677
rs09,4,1-4,0,warm_head,1,0.4218829572200775,0.0017082691192626953,0.5253174304962158,-0.1034344732761383
rs09,4,1-4,0,warm_head,2,0.42318663001060486,0.0036187171936035156,0.5253174304962158,-0.10213080048561096
rs09,4,1-4,0,warm_head,5,0.4263840615749359,0.008809089660644531,0.5253174304962158,-0.09893336892127991
rs09,4,1-4,0,warm_head,10,0.42952942848205566,0.01639533042907715,0.5253174304962158,-0.09578800201416016
rs09,4,1-4,0,warm_head,20,0.4322122037410736,0.02954578399658203,0.5253174304962158,-0.09310522675514221
rs09,4,1-4,0,warm_head,50,0.4355449378490448,0.06768989562988281,0.5253174304962158,-0.08977249264717102
rs09,4,1-4,0,warm_head,100,0.43840327858924866,0.1318211555480957,0.5253174304962158,-0.08691415190696716
rs09,4,1-4,0,warm_head,200,0.44134628772735596,0.2582700252532959,0.5253174304962158,-0.08397114276885986
rs09,4,1-4,0,warm_head,500,0.4445298910140991,0.6357862949371338,0.5253174304962158,-0.0807875394821167
rs09,4,1-4,1,cold,0,0.0007274995441548526,0.0,0.5253174304962158,-0.524589930952061
rs09,4,1-4,1,cold,1,0.013223404996097088,0.1418774127960205,0.5253174304962158,-0.5120940255001187
rs09,4,1-4,1,cold,2,0.029566744342446327,0.1457538604736328,0.5253174304962158,-0.4957506861537695
rs09,4,1-4,1,cold,5,0.12825417518615723,0.1517958641052246,0.5253174304962158,-0.3970632553100586
rs09,4,1-4,1,cold,10,0.27756473422050476,0.16176056861877441,0.5253174304962158,-0.24775269627571106
rs09,4,1-4,1,cold,20,0.3244492709636688,0.18143081665039062,0.5253174304962158,-0.200868159532547
rs09,4,1-4,1,cold,50,0.4231923818588257,0.23714995384216309,0.5253174304962158,-0.10212504863739014
rs09,4,1-4,1,cold,100,0.4430273771286011,0.3302290439605713,0.5253174304962158,-0.08229005336761475
rs09,4,1-4,1,cold,200,0.4608997106552124,0.5196878910064697,0.5253174304962158,-0.06441771984100342
rs09,4,1-4,1,cold,500,0.47010210156440735,1.074751377105713,0.5253174304962158,-0.05521532893180847
rs09,4,1-4,1,warm_full,0,0.4201366603374481,0.0,0.5253174304962158,-0.1051807701587677
rs09,4,1-4,1,warm_full,1,0.43298009037971497,0.0026731491088867188,0.5253174304962158,-0.09233734011650085
rs09,4,1-4,1,warm_full,2,0.43704667687416077,0.005133867263793945,0.5253174304962158,-0.08827075362205505
rs09,4,1-4,1,warm_full,5,0.44167646765708923,0.011137247085571289,0.5253174304962158,-0.08364096283912659
rs09,4,1-4,1,warm_full,10,0.4535926878452301,0.020718812942504883,0.5253174304962158,-0.07172474265098572
rs09,4,1-4,1,warm_full,20,0.4641190469264984,0.03942084312438965,0.5253174304962158,-0.06119838356971741
rs09,4,1-4,1,warm_full,50,0.4703642427921295,0.09390735626220703,0.5253174304962158,-0.054953187704086304
rs09,4,1-4,1,warm_full,100,0.4840543568134308,0.1920022964477539,0.5253174304962158,-0.041263073682785034
rs09,4,1-4,1,warm_full,200,0.485657662153244,0.3772437572479248,0.5253174304962158,-0.0396597683429718
rs09,4,1-4,1,warm_full,500,0.49850448966026306,0.9321362972259521,0.5253174304962158,-0.02681294083595276
rs09,4,1-4,1,warm_full_hi,0,0.4201366603374481,0.0,0.5253174304962158,-0.1051807701587677
rs09,4,1-4,1,warm_full_hi,1,0.23805348575115204,0.0023508071899414062,0.5253174304962158,-0.2872639447450638
rs09,4,1-4,1,warm_full_hi,2,0.3502010107040405,0.005028486251831055,0.5253174304962158,-0.1751164197921753
rs09,4,1-4,1,warm_full_hi,5,0.39699721336364746,0.011157512664794922,0.5253174304962158,-0.12832021713256836
rs09,4,1-4,1,warm_full_hi,10,0.40718838572502136,0.02072882652282715,0.5253174304962158,-0.11812904477119446
rs09,4,1-4,1,warm_full_hi,20,0.44695568084716797,0.040204524993896484,0.5253174304962158,-0.07836174964904785
rs09,4,1-4,1,warm_full_hi,50,0.4591127336025238,0.0961146354675293,0.5253174304962158,-0.06620469689369202
rs09,4,1-4,1,warm_full_hi,100,0.47647836804389954,0.19272184371948242,0.5253174304962158,-0.048839062452316284
rs09,4,1-4,1,warm_full_hi,200,0.46936526894569397,0.383267879486084,0.5253174304962158,-0.05595216155052185
rs09,4,1-4,1,warm_full_hi,500,0.4822596311569214,0.9512100219726562,0.5253174304962158,-0.043057799339294434
rs09,4,1-4,1,warm_head,0,0.4201366603374481,0.0,0.5253174304962158,-0.1051807701587677
rs09,4,1-4,1,warm_head,1,0.42223629355430603,0.0019102096557617188,0.5253174304962158,-0.10308113694190979
rs09,4,1-4,1,warm_head,2,0.42377981543540955,0.003810882568359375,0.5253174304962158,-0.10153761506080627
rs09,4,1-4,1,warm_head,5,0.42704764008522034,0.008288860321044922,0.5253174304962158,-0.09826979041099548
rs09,4,1-4,1,warm_head,10,0.4298868179321289,0.015346050262451172,0.5253174304962158,-0.09543061256408691
rs09,4,1-4,1,warm_head,20,0.43181994557380676,0.028739213943481445,0.5253174304962158,-0.09349748492240906
rs09,4,1-4,1,warm_head,50,0.4357643127441406,0.06682229042053223,0.5253174304962158,-0.0895531177520752
rs09,4,1-4,1,warm_head,100,0.43853917717933655,0.13106846809387207,0.5253174304962158,-0.08677825331687927
rs09,4,1-4,1,warm_head,200,0.44110798835754395,0.2572963237762451,0.5253174304962158,-0.08420944213867188
rs09,4,1-4,1,warm_head,500,0.44478312134742737,0.6301043033599854,0.5253174304962158,-0.08053430914878845
rs10,6,5-8,0,cold,0,0.0001667092292336747,0.0,0.4718161523342132,-0.4716494431049795
rs10,6,5-8,0,cold,1,0.01592991314828396,0.14109039306640625,0.4718161523342132,-0.45588623918592924
rs10,6,5-8,0,cold,2,0.03472355380654335,0.14500188827514648,0.4718161523342132,-0.43709259852766985
rs10,6,5-8,0,cold,5,0.1419132649898529,0.15115594863891602,0.4718161523342132,-0.3299028873443603
rs10,6,5-8,0,cold,10,0.27497783303260803,0.16156601905822754,0.4718161523342132,-0.19683831930160517
rs10,6,5-8,0,cold,20,0.330769807100296,0.18154549598693848,0.4718161523342132,-0.14104634523391718
rs10,6,5-8,0,cold,50,0.37533700466156006,0.24555683135986328,0.4718161523342132,-0.09647914767265314
rs10,6,5-8,0,cold,100,0.41553935408592224,0.3452277183532715,0.4718161523342132,-0.05627679824829096
rs10,6,5-8,0,cold,200,0.42921221256256104,0.538693904876709,0.4718161523342132,-0.042603939771652166
rs10,6,5-8,0,cold,500,0.4434678852558136,1.1154382228851318,0.4718161523342132,-0.028348267078399603
rs10,6,5-8,0,warm_full,0,0.36934995651245117,0.0,0.4718161523342132,-0.10246619582176203
rs10,6,5-8,0,warm_full,1,0.3872065246105194,0.0025489330291748047,0.4718161523342132,-0.08460962772369379
rs10,6,5-8,0,warm_full,2,0.3918086290359497,0.0050733089447021484,0.4718161523342132,-0.0800075232982635
rs10,6,5-8,0,warm_full,5,0.3953818380832672,0.01208949089050293,0.4718161523342132,-0.07643431425094599
rs10,6,5-8,0,warm_full,10,0.4079902470111847,0.022276639938354492,0.4718161523342132,-0.06382590532302851
rs10,6,5-8,0,warm_full,20,0.42403778433799744,0.04135751724243164,0.4718161523342132,-0.047778367996215765
rs10,6,5-8,0,warm_full,50,0.4402676820755005,0.09757423400878906,0.4718161523342132,-0.03154847025871271
rs10,6,5-8,0,warm_full,100,0.446016401052475,0.18889927864074707,0.4718161523342132,-0.025799751281738226
rs10,6,5-8,0,warm_full,200,0.44923171401023865,0.37630486488342285,0.4718161523342132,-0.022584438323974554
rs10,6,5-8,0,warm_full,500,0.4625375270843506,0.9608385562896729,0.4718161523342132,-0.009278625249862615
rs10,6,5-8,0,warm_full_hi,0,0.36934995651245117,0.0,0.4718161523342132,-0.10246619582176203
rs10,6,5-8,0,warm_full_hi,1,0.1999029666185379,0.0024275779724121094,0.4718161523342132,-0.2719131857156753
rs10,6,5-8,0,warm_full_hi,2,0.2742590606212616,0.0048940181732177734,0.4718161523342132,-0.1975570917129516
rs10,6,5-8,0,warm_full_hi,5,0.29482778906822205,0.011993885040283203,0.4718161523342132,-0.17698836326599116
rs10,6,5-8,0,warm_full_hi,10,0.3551553785800934,0.022194623947143555,0.4718161523342132,-0.11666077375411982
rs10,6,5-8,0,warm_full_hi,20,0.36416491866111755,0.04117751121520996,0.4718161523342132,-0.10765123367309565
rs10,6,5-8,0,warm_full_hi,50,0.4284595251083374,0.10268473625183105,0.4718161523342132,-0.0433566272258758
rs10,6,5-8,0,warm_full_hi,100,0.43400558829307556,0.19484782218933105,0.4718161523342132,-0.03781056404113764
rs10,6,5-8,0,warm_full_hi,200,0.4379657208919525,0.38066911697387695,0.4718161523342132,-0.03385043144226069
rs10,6,5-8,0,warm_full_hi,500,0.4508938789367676,0.9307761192321777,0.4718161523342132,-0.020922273397445623
rs10,6,5-8,0,warm_head,0,0.36934995651245117,0.0,0.4718161523342132,-0.10246619582176203
rs10,6,5-8,0,warm_head,1,0.37166881561279297,0.0016627311706542969,0.4718161523342132,-0.10014733672142023
rs10,6,5-8,0,warm_head,2,0.3737196922302246,0.0035393238067626953,0.4718161523342132,-0.09809646010398859
rs10,6,5-8,0,warm_head,5,0.3781200349330902,0.007831811904907227,0.4718161523342132,-0.09369611740112299
rs10,6,5-8,0,warm_head,10,0.3818134367465973,0.015055179595947266,0.4718161523342132,-0.09000271558761591
rs10,6,5-8,0,warm_head,20,0.3856618106365204,0.028301239013671875,0.4718161523342132,-0.08615434169769282
rs10,6,5-8,0,warm_head,50,0.3899514675140381,0.06557726860046387,0.4718161523342132,-0.08186468482017512
rs10,6,5-8,0,warm_head,100,0.39332082867622375,0.1271209716796875,0.4718161523342132,-0.07849532365798945
rs10,6,5-8,0,warm_head,200,0.39722785353660583,0.24922752380371094,0.4718161523342132,-0.07458829879760737
rs10,6,5-8,0,warm_head,500,0.4020884335041046,0.6279659271240234,0.4718161523342132,-0.06972771883010859
rs10,6,5-8,1,cold,0,0.0008114874362945557,0.0,0.4718161523342132,-0.47100466489791865
rs10,6,5-8,1,cold,1,0.014863709919154644,0.1427929401397705,0.4718161523342132,-0.45695244241505856
rs10,6,5-8,1,cold,2,0.03309343382716179,0.14787650108337402,0.4718161523342132,-0.4387227185070514
rs10,6,5-8,1,cold,5,0.1361141800880432,0.15612006187438965,0.4718161523342132,-0.33570197224617
rs10,6,5-8,1,cold,10,0.2625563442707062,0.16606831550598145,0.4718161523342132,-0.20925980806350702
rs10,6,5-8,1,cold,20,0.32534220814704895,0.18787550926208496,0.4718161523342132,-0.14647394418716425
rs10,6,5-8,1,cold,50,0.37135013937950134,0.24984073638916016,0.4718161523342132,-0.10046601295471186
rs10,6,5-8,1,cold,100,0.4101129472255707,0.3419666290283203,0.4718161523342132,-0.06170320510864252
rs10,6,5-8,1,cold,200,0.4248013198375702,0.5241096019744873,0.4718161523342132,-0.04701483249664301
rs10,6,5-8,1,cold,500,0.448574423789978,1.0936534404754639,0.4718161523342132,-0.023241728544235174
rs10,6,5-8,1,warm_full,0,0.36934995651245117,0.0,0.4718161523342132,-0.10246619582176203
rs10,6,5-8,1,warm_full,1,0.364988774061203,0.0025353431701660156,0.4718161523342132,-0.1068273782730102
rs10,6,5-8,1,warm_full,2,0.3876132667064667,0.005365848541259766,0.4718161523342132,-0.08420288562774653
rs10,6,5-8,1,warm_full,5,0.3832404613494873,0.012253522872924805,0.4718161523342132,-0.0885756909847259
rs10,6,5-8,1,warm_full,10,0.41256436705589294,0.022227764129638672,0.4718161523342132,-0.05925178527832026
rs10,6,5-8,1,warm_full,20,0.4233749210834503,0.04191303253173828,0.4718161523342132,-0.048441231250762884
rs10,6,5-8,1,warm_full,50,0.43675696849823,0.10411214828491211,0.4718161523342132,-0.03505918383598322
rs10,6,5-8,1,warm_full,100,0.4466182291507721,0.19781708717346191,0.4718161523342132,-0.025197923183441107
rs10,6,5-8,1,warm_full,200,0.45061206817626953,0.3966093063354492,0.4718161523342132,-0.02120408415794367
rs10,6,5-8,1,warm_full,500,0.45505860447883606,0.9685037136077881,0.4718161523342132,-0.016757547855377142
rs10,6,5-8,1,warm_full_hi,0,0.36934995651245117,0.0,0.4718161523342132,-0.10246619582176203
rs10,6,5-8,1,warm_full_hi,1,0.09397319704294205,0.002453327178955078,0.4718161523342132,-0.37784295529127115
rs10,6,5-8,1,warm_full_hi,2,0.2610091269016266,0.0051670074462890625,0.4718161523342132,-0.21080702543258661
rs10,6,5-8,1,warm_full_hi,5,0.2202465683221817,0.012311220169067383,0.4718161523342132,-0.2515695840120315
rs10,6,5-8,1,warm_full_hi,10,0.31749868392944336,0.022172212600708008,0.4718161523342132,-0.15431746840476984
rs10,6,5-8,1,warm_full_hi,20,0.36971601843833923,0.04160356521606445,0.4718161523342132,-0.10210013389587397
rs10,6,5-8,1,warm_full_hi,50,0.3985459506511688,0.09846687316894531,0.4718161523342132,-0.07327020168304438
rs10,6,5-8,1,warm_full_hi,100,0.428947776556015,0.19774603843688965,0.4718161523342132,-0.04286837577819819
rs10,6,5-8,1,warm_full_hi,200,0.4393604099750519,0.38264894485473633,0.4718161523342132,-0.03245574235916132
rs10,6,5-8,1,warm_full_hi,500,0.44730985164642334,0.9422638416290283,0.4718161523342132,-0.02450630068778986
rs10,6,5-8,1,warm_head,0,0.36934995651245117,0.0,0.4718161523342132,-0.10246619582176203
rs10,6,5-8,1,warm_head,1,0.3718200623989105,0.0017976760864257812,0.4718161523342132,-0.09999608993530268
rs10,6,5-8,1,warm_head,2,0.3738623857498169,0.003771066665649414,0.4718161523342132,-0.0979537665843963
rs10,6,5-8,1,warm_head,5,0.3778887987136841,0.008335590362548828,0.4718161523342132,-0.09392735362052912
rs10,6,5-8,1,warm_head,10,0.3817700147628784,0.01535940170288086,0.4718161523342132,-0.09004613757133478
rs10,6,5-8,1,warm_head,20,0.38520804047584534,0.02865004539489746,0.4718161523342132,-0.08660811185836786
rs10,6,5-8,1,warm_head,50,0.3900965750217438,0.0665426254272461,0.4718161523342132,-0.08171957731246943
rs10,6,5-8,1,warm_head,100,0.3936159908771515,0.12924647331237793,0.4718161523342132,-0.07820016145706171
rs10,6,5-8,1,warm_head,200,0.3975306451320648,0.2535855770111084,0.4718161523342132,-0.07428550720214838
rs10,6,5-8,1,warm_head,500,0.4024912416934967,0.6259803771972656,0.4718161523342132,-0.0693249106407165
rs11,5,5-8,0,cold,0,0.003027394413948059,0.0,0.6462429165840149,-0.6432155221700668
rs11,5,5-8,0,cold,1,0.030597621574997902,0.13978266716003418,0.6462429165840149,-0.615645295009017
rs11,5,5-8,0,cold,2,0.06632537394762039,0.14351224899291992,0.6462429165840149,-0.5799175426363945
rs11,5,5-8,0,cold,5,0.25297853350639343,0.1495821475982666,0.6462429165840149,-0.39326438307762146
rs11,5,5-8,0,cold,10,0.3625631332397461,0.1595773696899414,0.6462429165840149,-0.2836797833442688
rs11,5,5-8,0,cold,20,0.4361652135848999,0.17946290969848633,0.6462429165840149,-0.210077702999115
rs11,5,5-8,0,cold,50,0.49520838260650635,0.23507928848266602,0.6462429165840149,-0.15103453397750854
rs11,5,5-8,0,cold,100,0.5198963284492493,0.3274848461151123,0.6462429165840149,-0.12634658813476562
rs11,5,5-8,0,cold,200,0.5408778190612793,0.509746789932251,0.6462429165840149,-0.1053650975227356
rs11,5,5-8,0,cold,500,0.5531806349754333,1.063586711883545,0.6462429165840149,-0.09306228160858154
rs11,5,5-8,0,warm_full,0,0.5027369856834412,0.0,0.6462429165840149,-0.14350593090057373
rs11,5,5-8,0,warm_full,1,0.49926280975341797,0.0031037330627441406,0.6462429165840149,-0.14698010683059692
rs11,5,5-8,0,warm_full,2,0.5005211234092712,0.005823373794555664,0.6462429165840149,-0.14572179317474365
rs11,5,5-8,0,warm_full,5,0.5028314590454102,0.012481451034545898,0.6462429165840149,-0.14341145753860474
rs11,5,5-8,0,warm_full,10,0.5103133916854858,0.026310205459594727,0.6462429165840149,-0.13592952489852905
rs11,5,5-8,0,warm_full,20,0.5193767547607422,0.04572653770446777,0.6462429165840149,-0.1268661618232727
rs11,5,5-8,0,warm_full,50,0.5418455004692078,0.10423707962036133,0.6462429165840149,-0.10439741611480713
rs11,5,5-8,0,warm_full,100,0.5458250641822815,0.19701814651489258,0.6462429165840149,-0.1004178524017334
rs11,5,5-8,0,warm_full,200,0.5591864585876465,0.37908411026000977,0.6462429165840149,-0.08705645799636841
rs11,5,5-8,0,warm_full,500,0.5723402500152588,0.9422109127044678,0.6462429165840149,-0.0739026665687561
rs11,5,5-8,0,warm_full_hi,0,0.5027369856834412,0.0,0.6462429165840149,-0.14350593090057373
rs11,5,5-8,0,warm_full_hi,1,0.21306145191192627,0.0024671554565429688,0.6462429165840149,-0.4331814646720886
rs11,5,5-8,0,warm_full_hi,2,0.4023679196834564,0.00524139404296875,0.6462429165840149,-0.24387499690055847
rs11,5,5-8,0,warm_full_hi,5,0.37081122398376465,0.012179851531982422,0.6462429165840149,-0.27543169260025024
rs11,5,5-8,0,warm_full_hi,10,0.45436787605285645,0.02215290069580078,0.6462429165840149,-0.19187504053115845
rs11,5,5-8,0,warm_full_hi,20,0.46715641021728516,0.04131436347961426,0.6462429165840149,-0.17908650636672974
rs11,5,5-8,0,warm_full_hi,50,0.5240477919578552,0.09771132469177246,0.6462429165840149,-0.12219512462615967
rs11,5,5-8,0,warm_full_hi,100,0.536317765712738,0.19236087799072266,0.6462429165840149,-0.10992515087127686
rs11,5,5-8,0,warm_full_hi,200,0.5488852858543396,0.3855457305908203,0.6462429165840149,-0.09735763072967529
rs11,5,5-8,0,warm_full_hi,500,0.5499542355537415,0.9453485012054443,0.6462429165840149,-0.09628868103027344
rs11,5,5-8,0,warm_head,0,0.5027369856834412,0.0,0.6462429165840149,-0.14350593090057373
rs11,5,5-8,0,warm_head,1,0.5048790574073792,0.0016853809356689453,0.6462429165840149,-0.14136385917663574
rs11,5,5-8,0,warm_head,2,0.5064507126808167,0.0035746097564697266,0.6462429165840149,-0.13979220390319824
rs11,5,5-8,0,warm_head,5,0.5098068714141846,0.008092641830444336,0.6462429165840149,-0.13643604516983032
rs11,5,5-8,0,warm_head,10,0.5124911665916443,0.015232324600219727,0.6462429165840149,-0.1337517499923706
rs11,5,5-8,0,warm_head,20,0.5154555439949036,0.028624296188354492,0.6462429165840149,-0.13078737258911133
rs11,5,5-8,0,warm_head,50,0.5179864168167114,0.0664215087890625,0.6462429165840149,-0.12825649976730347
rs11,5,5-8,0,warm_head,100,0.5198050141334534,0.13038945198059082,0.6462429165840149,-0.12643790245056152
rs11,5,5-8,0,warm_head,200,0.5208243727684021,0.2555084228515625,0.6462429165840149,-0.1254185438156128
rs11,5,5-8,0,warm_head,500,0.5223922729492188,0.6265573501586914,0.6462429165840149,-0.12385064363479614
rs11,5,5-8,1,cold,0,0.0009073267574422061,0.0,0.6462429165840149,-0.6453355898265727
rs11,5,5-8,1,cold,1,0.025395533069968224,0.14037799835205078,0.6462429165840149,-0.6208473835140467
rs11,5,5-8,1,cold,2,0.05866478011012077,0.14432787895202637,0.6462429165840149,-0.5875781364738941
rs11,5,5-8,1,cold,5,0.23176264762878418,0.1505579948425293,0.6462429165840149,-0.4144802689552307
rs11,5,5-8,1,cold,10,0.3536687195301056,0.16106009483337402,0.6462429165840149,-0.2925741970539093
rs11,5,5-8,1,cold,20,0.4300059378147125,0.18137001991271973,0.6462429165840149,-0.21623697876930237
rs11,5,5-8,1,cold,50,0.4846607744693756,0.24065160751342773,0.6462429165840149,-0.16158214211463928
rs11,5,5-8,1,cold,100,0.5185303092002869,0.3342170715332031,0.6462429165840149,-0.12771260738372803
rs11,5,5-8,1,cold,200,0.5299405455589294,0.5209102630615234,0.6462429165840149,-0.11630237102508545
rs11,5,5-8,1,cold,500,0.5534585118293762,1.0916681289672852,0.6462429165840149,-0.09278440475463867
rs11,5,5-8,1,warm_full,0,0.5027369856834412,0.0,0.6462429165840149,-0.14350593090057373
rs11,5,5-8,1,warm_full,1,0.5120820999145508,0.0026247501373291016,0.6462429165840149,-0.1341608166694641
rs11,5,5-8,1,warm_full,2,0.5110713839530945,0.005408763885498047,0.6462429165840149,-0.1351715326309204
rs11,5,5-8,1,warm_full,5,0.5100159645080566,0.01210784912109375,0.6462429165840149,-0.13622695207595825
rs11,5,5-8,1,warm_full,10,0.5148080587387085,0.02201533317565918,0.6462429165840149,-0.1314348578453064
rs11,5,5-8,1,warm_full,20,0.5311444401741028,0.0414891242980957,0.6462429165840149,-0.11509847640991211
rs11,5,5-8,1,warm_full,50,0.5362643599510193,0.09765625,0.6462429165840149,-0.1099785566329956
rs11,5,5-8,1,warm_full,100,0.54696124792099,0.19106245040893555,0.6462429165840149,-0.0992816686630249
rs11,5,5-8,1,warm_full,200,0.557196319103241,0.37656307220458984,0.6462429165840149,-0.08904659748077393
rs11,5,5-8,1,warm_full,500,0.5666007399559021,0.9416406154632568,0.6462429165840149,-0.07964217662811279
rs11,5,5-8,1,warm_full_hi,0,0.5027369856834412,0.0,0.6462429165840149,-0.14350593090057373
rs11,5,5-8,1,warm_full_hi,1,0.25144824385643005,0.0025289058685302734,0.6462429165840149,-0.39479467272758484
rs11,5,5-8,1,warm_full_hi,2,0.4316540062427521,0.0052337646484375,0.6462429165840149,-0.21458891034126282
rs11,5,5-8,1,warm_full_hi,5,0.43417811393737793,0.01194453239440918,0.6462429165840149,-0.21206480264663696
rs11,5,5-8,1,warm_full_hi,10,0.459059476852417,0.022029638290405273,0.6462429165840149,-0.1871834397315979
rs11,5,5-8,1,warm_full_hi,20,0.4825357496738434,0.04590559005737305,0.6462429165840149,-0.1637071669101715
rs11,5,5-8,1,warm_full_hi,50,0.5164363384246826,0.10311603546142578,0.6462429165840149,-0.12980657815933228
rs11,5,5-8,1,warm_full_hi,100,0.5413995981216431,0.19679737091064453,0.6462429165840149,-0.10484331846237183
rs11,5,5-8,1,warm_full_hi,200,0.551504909992218,0.38093042373657227,0.6462429165840149,-0.09473800659179688
rs11,5,5-8,1,warm_full_hi,500,0.5616340637207031,0.9355218410491943,0.6462429165840149,-0.08460885286331177
rs11,5,5-8,1,warm_head,0,0.5027369856834412,0.0,0.6462429165840149,-0.14350593090057373
rs11,5,5-8,1,warm_head,1,0.5048580765724182,0.0017468929290771484,0.6462429165840149,-0.14138484001159668
rs11,5,5-8,1,warm_head,2,0.5066964030265808,0.0036802291870117188,0.6462429165840149,-0.13954651355743408
rs11,5,5-8,1,warm_head,5,0.5102348327636719,0.008137226104736328,0.6462429165840149,-0.13600808382034302
rs11,5,5-8,1,warm_head,10,0.5130135416984558,0.015237092971801758,0.6462429165840149,-0.13322937488555908
rs11,5,5-8,1,warm_head,20,0.5150711536407471,0.028999805450439453,0.6462429165840149,-0.13117176294326782
rs11,5,5-8,1,warm_head,50,0.5182387232780457,0.06715011596679688,0.6462429165840149,-0.12800419330596924
rs11,5,5-8,1,warm_head,100,0.5198850631713867,0.1299753189086914,0.6462429165840149,-0.12635785341262817
rs11,5,5-8,1,warm_head,200,0.5209903120994568,0.254361629486084,0.6462429165840149,-0.1252526044845581
rs11,5,5-8,1,warm_head,500,0.5226439833641052,0.6267819404602051,0.6462429165840149,-0.12359893321990967
rs12,7,5-8,0,cold,0,0.00316464900970459,0.0,0.711686909198761,-0.7085222601890564
rs12,7,5-8,0,cold,1,0.03410140797495842,0.11626148223876953,0.711686909198761,-0.6775855012238026
rs12,7,5-8,0,cold,2,0.07628776878118515,0.11966848373413086,0.711686909198761,-0.6353991404175758
rs12,7,5-8,0,cold,5,0.28985831141471863,0.12732815742492676,0.711686909198761,-0.42182859778404236
rs12,7,5-8,0,cold,10,0.4137801229953766,0.13883161544799805,0.711686909198761,-0.2979067862033844
rs12,7,5-8,0,cold,20,0.4911263883113861,0.15808582305908203,0.711686909198761,-0.22056052088737488
rs12,7,5-8,0,cold,50,0.5781886577606201,0.21339964866638184,0.711686909198761,-0.13349825143814087
rs12,7,5-8,0,cold,100,0.6072508692741394,0.30442023277282715,0.711686909198761,-0.10443603992462158
rs12,7,5-8,0,cold,200,0.6349921226501465,0.5028741359710693,0.711686909198761,-0.0766947865486145
rs12,7,5-8,0,cold,500,0.6539446115493774,1.070857048034668,0.711686909198761,-0.057742297649383545
rs12,7,5-8,0,warm_full,0,0.5867325067520142,0.0,0.711686909198761,-0.12495440244674683
rs12,7,5-8,0,warm_full,1,0.57822185754776,0.0024466514587402344,0.711686909198761,-0.13346505165100098
rs12,7,5-8,0,warm_full,2,0.588559091091156,0.004929065704345703,0.711686909198761,-0.12312781810760498
rs12,7,5-8,0,warm_full,5,0.5945730805397034,0.012105226516723633,0.711686909198761,-0.11711382865905762
rs12,7,5-8,0,warm_full,10,0.6075860261917114,0.022203445434570312,0.711686909198761,-0.10410088300704956
rs12,7,5-8,0,warm_full,20,0.6227326989173889,0.042119741439819336,0.711686909198761,-0.08895421028137207
rs12,7,5-8,0,warm_full,50,0.6424341797828674,0.10544204711914062,0.711686909198761,-0.06925272941589355
rs12,7,5-8,0,warm_full,100,0.6490705609321594,0.20227384567260742,0.711686909198761,-0.06261634826660156
rs12,7,5-8,0,warm_full,200,0.664229691028595,0.3896036148071289,0.711686909198761,-0.047457218170166016
rs12,7,5-8,0,warm_full,500,0.6756011843681335,0.9553713798522949,0.711686909198761,-0.03608572483062744
rs12,7,5-8,0,warm_full_hi,0,0.5867325067520142,0.0,0.711686909198761,-0.12495440244674683
rs12,7,5-8,0,warm_full_hi,1,0.21674497425556183,0.0025131702423095703,0.711686909198761,-0.49494193494319916
rs12,7,5-8,0,warm_full_hi,2,0.38828685879707336,0.005349397659301758,0.711686909198761,-0.3234000504016876
rs12,7,5-8,0,warm_full_hi,5,0.44229283928871155,0.012285709381103516,0.711686909198761,-0.26939406991004944
rs12,7,5-8,0,warm_full_hi,10,0.5080546736717224,0.022118568420410156,0.711686909198761,-0.20363223552703857
rs12,7,5-8,0,warm_full_hi,20,0.547427237033844,0.04156374931335449,0.711686909198761,-0.164259672164917
rs12,7,5-8,0,warm_full_hi,50,0.629343569278717,0.09753203392028809,0.711686909198761,-0.08234333992004395
rs12,7,5-8,0,warm_full_hi,100,0.6238192915916443,0.19300484657287598,0.711686909198761,-0.0878676176071167
rs12,7,5-8,0,warm_full_hi,200,0.6551191210746765,0.3877270221710205,0.711686909198761,-0.05656778812408447
rs12,7,5-8,0,warm_full_hi,500,0.6627038717269897,0.9503672122955322,0.711686909198761,-0.04898303747177124
rs12,7,5-8,0,warm_head,0,0.5867325067520142,0.0,0.711686909198761,-0.12495440244674683
rs12,7,5-8,0,warm_head,1,0.5886974930763245,0.0017218589782714844,0.711686909198761,-0.12298941612243652
rs12,7,5-8,0,warm_head,2,0.5901210308074951,0.003664731979370117,0.711686909198761,-0.12156587839126587
rs12,7,5-8,0,warm_head,5,0.5928596258163452,0.00830841064453125,0.711686909198761,-0.11882728338241577
rs12,7,5-8,0,warm_head,10,0.5950798392295837,0.015465974807739258,0.711686909198761,-0.11660706996917725
rs12,7,5-8,0,warm_head,20,0.5975668430328369,0.028893232345581055,0.711686909198761,-0.11412006616592407
rs12,7,5-8,0,warm_head,50,0.6006654500961304,0.06858515739440918,0.711686909198761,-0.11102145910263062
rs12,7,5-8,0,warm_head,100,0.6027141213417053,0.13230490684509277,0.711686909198761,-0.10897278785705566
rs12,7,5-8,0,warm_head,200,0.6049423813819885,0.25832319259643555,0.711686909198761,-0.10674452781677246
rs12,7,5-8,0,warm_head,500,0.6068854331970215,0.6220521926879883,0.711686909198761,-0.1048014760017395
rs12,7,5-8,1,cold,0,0.0020355582237243652,0.0,0.711686909198761,-0.7096513509750366
rs12,7,5-8,1,cold,1,0.028610900044441223,0.13814258575439453,0.711686909198761,-0.6830760091543198
rs12,7,5-8,1,cold,2,0.06740955263376236,0.1420612335205078,0.711686909198761,-0.6442773565649986
rs12,7,5-8,1,cold,5,0.2754170596599579,0.15061187744140625,0.711686909198761,-0.4362698495388031
rs12,7,5-8,1,cold,10,0.4155549705028534,0.16061139106750488,0.711686909198761,-0.2961319386959076
rs12,7,5-8,1,cold,20,0.49156537652015686,0.18103456497192383,0.711686909198761,-0.22012153267860413
rs12,7,5-8,1,cold,50,0.5691804885864258,0.2437424659729004,0.711686909198761,-0.1425064206123352
rs12,7,5-8,1,cold,100,0.608502984046936,0.34275054931640625,0.711686909198761,-0.10318392515182495
rs12,7,5-8,1,cold,200,0.6304031610488892,0.5360589027404785,0.711686909198761,-0.08128374814987183
rs12,7,5-8,1,cold,500,0.6490235328674316,1.0976402759552002,0.711686909198761,-0.06266337633132935
rs12,7,5-8,1,warm_full,0,0.5867325067520142,0.0,0.711686909198761,-0.12495440244674683
rs12,7,5-8,1,warm_full,1,0.5855368971824646,0.002772808074951172,0.711686909198761,-0.1261500120162964
rs12,7,5-8,1,warm_full,2,0.594020426273346,0.005605220794677734,0.711686909198761,-0.11766648292541504
rs12,7,5-8,1,warm_full,5,0.5928754806518555,0.012289047241210938,0.711686909198761,-0.11881142854690552
rs12,7,5-8,1,warm_full,10,0.6094739437103271,0.02226424217224121,0.711686909198761,-0.10221296548843384
rs12,7,5-8,1,warm_full,20,0.6286099553108215,0.04132413864135742,0.711686909198761,-0.08307695388793945
rs12,7,5-8,1,warm_full,50,0.6427033543586731,0.09833550453186035,0.711686909198761,-0.06898355484008789
rs12,7,5-8,1,warm_full,100,0.6539127826690674,0.19823026657104492,0.711686909198761,-0.057774126529693604
rs12,7,5-8,1,warm_full,200,0.6523832678794861,0.383819580078125,0.711686909198761,-0.0593036413192749
rs12,7,5-8,1,warm_full,500,0.6738324165344238,0.9624621868133545,0.711686909198761,-0.03785449266433716
rs12,7,5-8,1,warm_full_hi,0,0.5867325067520142,0.0,0.711686909198761,-0.12495440244674683
rs12,7,5-8,1,warm_full_hi,1,0.1692783087491989,0.002406597137451172,0.711686909198761,-0.5424086004495621
rs12,7,5-8,1,warm_full_hi,2,0.3764137029647827,0.004666328430175781,0.711686909198761,-0.33527320623397827
rs12,7,5-8,1,warm_full_hi,5,0.47202643752098083,0.010573863983154297,0.711686909198761,-0.23966047167778015
rs12,7,5-8,1,warm_full_hi,10,0.5034478306770325,0.020626306533813477,0.711686909198761,-0.20823907852172852
rs12,7,5-8,1,warm_full_hi,20,0.5842993855476379,0.039457082748413086,0.711686909198761,-0.12738752365112305
rs12,7,5-8,1,warm_full_hi,50,0.6244811415672302,0.09389209747314453,0.711686909198761,-0.08720576763153076
rs12,7,5-8,1,warm_full_hi,100,0.6277279853820801,0.18387579917907715,0.711686909198761,-0.08395892381668091
rs12,7,5-8,1,warm_full_hi,200,0.6462919116020203,0.36293864250183105,0.711686909198761,-0.06539499759674072
rs12,7,5-8,1,warm_full_hi,500,0.6762779355049133,0.9166855812072754,0.711686909198761,-0.035408973693847656
rs12,7,5-8,1,warm_head,0,0.5867325067520142,0.0,0.711686909198761,-0.12495440244674683
rs12,7,5-8,1,warm_head,1,0.5887315273284912,0.00164794921875,0.711686909198761,-0.12295538187026978
rs12,7,5-8,1,warm_head,2,0.5903885960578918,0.0034494400024414062,0.711686909198761,-0.12129831314086914
rs12,7,5-8,1,warm_head,5,0.5934879779815674,0.007118940353393555,0.711686909198761,-0.1181989312171936
rs12,7,5-8,1,warm_head,10,0.5954062938690186,0.013023614883422852,0.711686909198761,-0.11628061532974243
rs12,7,5-8,1,warm_head,20,0.5975437760353088,0.02460956573486328,0.711686909198761,-0.11414313316345215
rs12,7,5-8,1,warm_head,50,0.6009071469306946,0.057950735092163086,0.711686909198761,-0.1107797622680664
rs12,7,5-8,1,warm_head,100,0.6031478047370911,0.11293244361877441,0.711686909198761,-0.10853910446166992
rs12,7,5-8,1,warm_head,200,0.6050205826759338,0.22176718711853027,0.711686909198761,-0.10666632652282715
rs12,7,5-8,1,warm_head,500,0.6069587469100952,0.5505571365356445,0.711686909198761,-0.10472816228866577
rs13,6,5-8,0,cold,0,0.0001757095305947587,0.0,0.284542828798294,-0.28436711926769925
rs13,6,5-8,0,cold,1,0.007308026310056448,0.14226722717285156,0.284542828798294,-0.27723480248823756
rs13,6,5-8,0,cold,2,0.01630765199661255,0.1467609405517578,0.284542828798294,-0.26823517680168146
rs13,6,5-8,0,cold,5,0.060811907052993774,0.15659165382385254,0.284542828798294,-0.22373092174530024
rs13,6,5-8,0,cold,10,0.12173720449209213,0.16988134384155273,0.284542828798294,-0.16280562430620188
rs13,6,5-8,0,cold,20,0.14568252861499786,0.19552230834960938,0.284542828798294,-0.13886030018329615
rs13,6,5-8,0,cold,50,0.18118596076965332,0.2688326835632324,0.284542828798294,-0.10335686802864069
rs13,6,5-8,0,cold,100,0.18906915187835693,0.39058470726013184,0.284542828798294,-0.09547367691993708
rs13,6,5-8,0,cold,200,0.20218682289123535,0.6540610790252686,0.284542828798294,-0.08235600590705866
rs13,6,5-8,0,cold,500,0.2260788530111313,1.3843731880187988,0.284542828798294,-0.058463975787162725
rs13,6,5-8,0,warm_full,0,0.16647778451442719,0.0,0.284542828798294,-0.11806504428386683
rs13,6,5-8,0,warm_full,1,0.16419453918933868,0.0029587745666503906,0.284542828798294,-0.12034828960895533
rs13,6,5-8,0,warm_full,2,0.15319886803627014,0.006530046463012695,0.284542828798294,-0.13134396076202387
rs13,6,5-8,0,warm_full,5,0.17088128626346588,0.014745712280273438,0.284542828798294,-0.11366154253482813
rs13,6,5-8,0,warm_full,10,0.18080072104930878,0.027792930603027344,0.284542828798294,-0.10374210774898524
rs13,6,5-8,0,warm_full,20,0.18974442780017853,0.05265069007873535,0.284542828798294,-0.09479840099811548
rs13,6,5-8,0,warm_full,50,0.20526523888111115,0.12649893760681152,0.284542828798294,-0.07927758991718287
rs13,6,5-8,0,warm_full,100,0.20169185101985931,0.2489948272705078,0.284542828798294,-0.0828509777784347
rs13,6,5-8,0,warm_full,200,0.23018549382686615,0.4983642101287842,0.284542828798294,-0.05435733497142786
rs13,6,5-8,0,warm_full,500,0.2609841227531433,1.237410545349121,0.284542828798294,-0.0235587060451507
rs13,6,5-8,0,warm_full_hi,0,0.16647778451442719,0.0,0.284542828798294,-0.11806504428386683
rs13,6,5-8,0,warm_full_hi,1,0.03713023290038109,0.003056049346923828,0.284542828798294,-0.24741259589791292
rs13,6,5-8,0,warm_full_hi,2,0.104676753282547,0.006467103958129883,0.284542828798294,-0.17986607551574701
rs13,6,5-8,0,warm_full_hi,5,0.1200794205069542,0.01481175422668457,0.284542828798294,-0.16446340829133982
rs13,6,5-8,0,warm_full_hi,10,0.13557130098342896,0.027344465255737305,0.284542828798294,-0.14897152781486506
rs13,6,5-8,0,warm_full_hi,20,0.1621822863817215,0.05277061462402344,0.284542828798294,-0.12236054241657252
rs13,6,5-8,0,warm_full_hi,50,0.20033706724643707,0.12695026397705078,0.284542828798294,-0.08420576155185694
rs13,6,5-8,0,warm_full_hi,100,0.1957532912492752,0.25459909439086914,0.284542828798294,-0.0887895375490188
rs13,6,5-8,0,warm_full_hi,200,0.2323106974363327,0.49726438522338867,0.284542828798294,-0.05223213136196131
rs13,6,5-8,0,warm_full_hi,500,0.24797143042087555,1.241015911102295,0.284542828798294,-0.03657139837741846
rs13,6,5-8,0,warm_head,0,0.16647778451442719,0.0,0.284542828798294,-0.11806504428386683
rs13,6,5-8,0,warm_head,1,0.16796351969242096,0.002167224884033203,0.284542828798294,-0.11657930910587305
rs13,6,5-8,0,warm_head,2,0.16913604736328125,0.004976034164428711,0.284542828798294,-0.11540678143501276
rs13,6,5-8,0,warm_head,5,0.17084567248821259,0.010944843292236328,0.284542828798294,-0.11369715631008143
rs13,6,5-8,0,warm_head,10,0.17116224765777588,0.019515514373779297,0.284542828798294,-0.11338058114051813
rs13,6,5-8,0,warm_head,20,0.17243093252182007,0.03544354438781738,0.284542828798294,-0.11211189627647394
rs13,6,5-8,0,warm_head,50,0.17550517618656158,0.08560371398925781,0.284542828798294,-0.10903765261173243
rs13,6,5-8,0,warm_head,100,0.17657405138015747,0.1689293384552002,0.284542828798294,-0.10796877741813654
rs13,6,5-8,0,warm_head,200,0.17849023640155792,0.34168529510498047,0.284542828798294,-0.10605259239673609
rs13,6,5-8,0,warm_head,500,0.17796488106250763,0.887984037399292,0.284542828798294,-0.10657794773578638
rs13,6,5-8,1,cold,0,0.0006332944030873477,0.0,0.284542828798294,-0.28390953439520666
rs13,6,5-8,1,cold,1,0.005959773901849985,0.13997435569763184,0.284542828798294,-0.278583054896444
rs13,6,5-8,1,cold,2,0.01488290261477232,0.14517450332641602,0.284542828798294,-0.2696599261835217
rs13,6,5-8,1,cold,5,0.056316569447517395,0.15493106842041016,0.284542828798294,-0.22822625935077662
rs13,6,5-8,1,cold,10,0.1254199743270874,0.16774845123291016,0.284542828798294,-0.1591228544712066
rs13,6,5-8,1,cold,20,0.13263334333896637,0.19372344017028809,0.284542828798294,-0.15190948545932764
rs13,6,5-8,1,cold,50,0.17545153200626373,0.27293920516967773,0.284542828798294,-0.10909129679203028
rs13,6,5-8,1,cold,100,0.19418422877788544,0.4072597026824951,0.284542828798294,-0.09035860002040857
rs13,6,5-8,1,cold,200,0.1897919923067093,0.6606326103210449,0.284542828798294,-0.09475083649158472
rs13,6,5-8,1,cold,500,0.20466037094593048,1.4162068367004395,0.284542828798294,-0.07988245785236353
rs13,6,5-8,1,warm_full,0,0.16647778451442719,0.0,0.284542828798294,-0.11806504428386683
rs13,6,5-8,1,warm_full,1,0.16330713033676147,0.002920389175415039,0.284542828798294,-0.12123569846153254
rs13,6,5-8,1,warm_full,2,0.17680011689662933,0.006197690963745117,0.284542828798294,-0.10774271190166468
rs13,6,5-8,1,warm_full,5,0.17256999015808105,0.01497793197631836,0.284542828798294,-0.11197283864021296
rs13,6,5-8,1,warm_full,10,0.1729011982679367,0.02776646614074707,0.284542828798294,-0.1116416305303573
rs13,6,5-8,1,warm_full,20,0.18375764787197113,0.05245828628540039,0.284542828798294,-0.10078518092632288
rs13,6,5-8,1,warm_full,50,0.20304729044437408,0.12637567520141602,0.284542828798294,-0.08149553835391993
rs13,6,5-8,1,warm_full,100,0.21444909274578094,0.24837636947631836,0.284542828798294,-0.07009373605251307
rs13,6,5-8,1,warm_full,200,0.2262555956840515,0.4915435314178467,0.284542828798294,-0.0582872331142425
rs13,6,5-8,1,warm_full,500,0.24402427673339844,1.100355625152588,0.284542828798294,-0.040518552064895574
rs13,6,5-8,1,warm_full_hi,0,0.16647778451442719,0.0,0.284542828798294,-0.11806504428386683
rs13,6,5-8,1,warm_full_hi,1,0.036351386457681656,0.0027174949645996094,0.284542828798294,-0.24819144234061236
rs13,6,5-8,1,warm_full_hi,2,0.05203961953520775,0.005587339401245117,0.284542828798294,-0.23250320926308626
rs13,6,5-8,1,warm_full_hi,5,0.07239820808172226,0.012862682342529297,0.284542828798294,-0.21214462071657175
rs13,6,5-8,1,warm_full_hi,10,0.11676782369613647,0.022964000701904297,0.284542828798294,-0.16777500510215754
rs13,6,5-8,1,warm_full_hi,20,0.15899087488651276,0.04420971870422363,0.284542828798294,-0.12555195391178126
rs13,6,5-8,1,warm_full_hi,50,0.19027268886566162,0.10393667221069336,0.284542828798294,-0.09427013993263239
rs13,6,5-8,1,warm_full_hi,100,0.20607243478298187,0.20201659202575684,0.284542828798294,-0.07847039401531214
rs13,6,5-8,1,warm_full_hi,200,0.19942110776901245,0.4001576900482178,0.284542828798294,-0.08512172102928156
rs13,6,5-8,1,warm_full_hi,500,0.255033016204834,1.0330071449279785,0.284542828798294,-0.029509812593460027
rs13,6,5-8,1,warm_head,0,0.16647778451442719,0.0,0.284542828798294,-0.11806504428386683
rs13,6,5-8,1,warm_head,1,0.16793608665466309,0.0022056102752685547,0.284542828798294,-0.11660674214363093
rs13,6,5-8,1,warm_head,2,0.16915400326251984,0.004616260528564453,0.284542828798294,-0.11538882553577418
rs13,6,5-8,1,warm_head,5,0.17093206942081451,0.010598421096801758,0.284542828798294,-0.1136107593774795
rs13,6,5-8,1,warm_head,10,0.17160804569721222,0.01984548568725586,0.284542828798294,-0.11293478310108179
rs13,6,5-8,1,warm_head,20,0.17193077504634857,0.04423093795776367,0.284542828798294,-0.11261205375194544
rs13,6,5-8,1,warm_head,50,0.17585809528827667,0.09241294860839844,0.284542828798294,-0.10868473351001734
rs13,6,5-8,1,warm_head,100,0.17787034809589386,0.18148303031921387,0.284542828798294,-0.10667248070240015
rs13,6,5-8,1,warm_head,200,0.17868083715438843,0.3524458408355713,0.284542828798294,-0.10586199164390558
rs13,6,5-8,1,warm_head,500,0.1786554902791977,0.7916524410247803,0.284542828798294,-0.10588733851909632
rs14,8,5-8,0,cold,0,0.0006954073905944824,0.0,0.6876205801963806,-0.6869251728057861
rs14,8,5-8,0,cold,1,0.023748105391860008,0.11358404159545898,0.6876205801963806,-0.6638724748045206
rs14,8,5-8,0,cold,2,0.05566932260990143,0.11692023277282715,0.6876205801963806,-0.6319512575864792
rs14,8,5-8,0,cold,5,0.233465313911438,0.12189769744873047,0.6876205801963806,-0.4541552662849426
rs14,8,5-8,0,cold,10,0.36916545033454895,0.13140463829040527,0.6876205801963806,-0.31845512986183167
rs14,8,5-8,0,cold,20,0.42398861050605774,0.15198040008544922,0.6876205801963806,-0.2636319696903229
rs14,8,5-8,0,cold,50,0.49592265486717224,0.21061253547668457,0.6876205801963806,-0.19169792532920837
rs14,8,5-8,0,cold,100,0.5243653655052185,0.31705498695373535,0.6876205801963806,-0.1632552146911621
rs14,8,5-8,0,cold,200,0.5487056374549866,0.5241742134094238,0.6876205801963806,-0.13891494274139404
rs14,8,5-8,0,cold,500,0.5741174221038818,1.1188409328460693,0.6876205801963806,-0.11350315809249878
rs14,8,5-8,0,warm_full,0,0.4947214424610138,0.0,0.6876205801963806,-0.19289913773536682
rs14,8,5-8,0,warm_full,1,0.5034663081169128,0.0024569034576416016,0.6876205801963806,-0.18415427207946777
rs14,8,5-8,0,warm_full,2,0.5070913434028625,0.00553584098815918,0.6876205801963806,-0.18052923679351807
rs14,8,5-8,0,warm_full,5,0.5160336494445801,0.012954950332641602,0.6876205801963806,-0.17158693075180054
rs14,8,5-8,0,warm_full,10,0.531536340713501,0.022266864776611328,0.6876205801963806,-0.15608423948287964
rs14,8,5-8,0,warm_full,20,0.5400132536888123,0.042009592056274414,0.6876205801963806,-0.14760732650756836
rs14,8,5-8,0,warm_full,50,0.5580112934112549,0.09831118583679199,0.6876205801963806,-0.12960928678512573
rs14,8,5-8,0,warm_full,100,0.5655221343040466,0.19098114967346191,0.6876205801963806,-0.12209844589233398
rs14,8,5-8,0,warm_full,200,0.5860191583633423,0.3854646682739258,0.6876205801963806,-0.10160142183303833
rs14,8,5-8,0,warm_full,500,0.6098599433898926,0.9550142288208008,0.6876205801963806,-0.07776063680648804
rs14,8,5-8,0,warm_full_hi,0,0.4947214424610138,0.0,0.6876205801963806,-0.19289913773536682
rs14,8,5-8,0,warm_full_hi,1,0.1713753193616867,0.002603292465209961,0.6876205801963806,-0.5162452608346939
rs14,8,5-8,0,warm_full_hi,2,0.37429022789001465,0.0055081844329833984,0.6876205801963806,-0.31333035230636597
rs14,8,5-8,0,warm_full_hi,5,0.389217346906662,0.01239323616027832,0.6876205801963806,-0.29840323328971863
rs14,8,5-8,0,warm_full_hi,10,0.4447874128818512,0.024690628051757812,0.6876205801963806,-0.24283316731452942
rs14,8,5-8,0,warm_full_hi,20,0.4961247146129608,0.0476224422454834,0.6876205801963806,-0.1914958655834198
rs14,8,5-8,0,warm_full_hi,50,0.5469798445701599,0.10424089431762695,0.6876205801963806,-0.1406407356262207
rs14,8,5-8,0,warm_full_hi,100,0.5612635016441345,0.1965646743774414,0.6876205801963806,-0.1263570785522461
rs14,8,5-8,0,warm_full_hi,200,0.5740082263946533,0.3825719356536865,0.6876205801963806,-0.1136123538017273
rs14,8,5-8,0,warm_full_hi,500,0.6156200766563416,0.980888843536377,0.6876205801963806,-0.07200050354003906
rs14,8,5-8,0,warm_head,0,0.4947214424610138,0.0,0.6876205801963806,-0.19289913773536682
rs14,8,5-8,0,warm_head,1,0.4967963397502899,0.0017619132995605469,0.6876205801963806,-0.1908242404460907
rs14,8,5-8,0,warm_head,2,0.4983077049255371,0.0041620731353759766,0.6876205801963806,-0.1893128752708435
rs14,8,5-8,0,warm_head,5,0.5017234683036804,0.008856058120727539,0.6876205801963806,-0.1858971118927002
rs14,8,5-8,0,warm_head,10,0.5047716498374939,0.01619887351989746,0.6876205801963806,-0.18284893035888672
rs14,8,5-8,0,warm_head,20,0.5082187652587891,0.0301973819732666,0.6876205801963806,-0.17940181493759155
rs14,8,5-8,0,warm_head,50,0.5102261304855347,0.07035708427429199,0.6876205801963806,-0.17739444971084595
rs14,8,5-8,0,warm_head,100,0.5126533508300781,0.13568639755249023,0.6876205801963806,-0.1749672293663025
rs14,8,5-8,0,warm_head,200,0.5155808329582214,0.26673436164855957,0.6876205801963806,-0.17203974723815918
rs14,8,5-8,0,warm_head,500,0.51914381980896,0.6549115180969238,0.6876205801963806,-0.16847676038742065
rs14,8,5-8,1,cold,0,0.0,0.0,0.6876205801963806,-0.6876205801963806
rs14,8,5-8,1,cold,1,0.017671013250947,0.12030458450317383,0.6876205801963806,-0.6699495669454336
rs14,8,5-8,1,cold,2,0.04331798851490021,0.1238398551940918,0.6876205801963806,-0.6443025916814804
rs14,8,5-8,1,cold,5,0.19511908292770386,0.12924575805664062,0.6876205801963806,-0.49250149726867676
rs14,8,5-8,1,cold,10,0.34029170870780945,0.13860225677490234,0.6876205801963806,-0.34732887148857117
rs14,8,5-8,1,cold,20,0.42939531803131104,0.15886640548706055,0.6876205801963806,-0.2582252621650696
rs14,8,5-8,1,cold,50,0.490873247385025,0.21924662590026855,0.6876205801963806,-0.1967473328113556
rs14,8,5-8,1,cold,100,0.5257420539855957,0.3183937072753906,0.6876205801963806,-0.1618785262107849
rs14,8,5-8,1,cold,200,0.5384566187858582,0.5206995010375977,0.6876205801963806,-0.14916396141052246
rs14,8,5-8,1,cold,500,0.5762143135070801,1.1080389022827148,0.6876205801963806,-0.11140626668930054
rs14,8,5-8,1,warm_full,0,0.4947214424610138,0.0,0.6876205801963806,-0.19289913773536682
rs14,8,5-8,1,warm_full,1,0.5112687945365906,0.0025153160095214844,0.6876205801963806,-0.17635178565979004
rs14,8,5-8,1,warm_full,2,0.5149325132369995,0.005432844161987305,0.6876205801963806,-0.1726880669593811
rs14,8,5-8,1,warm_full,5,0.5151799321174622,0.013002872467041016,0.6876205801963806,-0.17244064807891846
rs14,8,5-8,1,warm_full,10,0.5233942866325378,0.024014949798583984,0.6876205801963806,-0.16422629356384277
rs14,8,5-8,1,warm_full,20,0.5410890579223633,0.043668508529663086,0.6876205801963806,-0.14653152227401733
rs14,8,5-8,1,warm_full,50,0.5578458905220032,0.10282731056213379,0.6876205801963806,-0.12977468967437744
rs14,8,5-8,1,warm_full,100,0.5747561454772949,0.20326709747314453,0.6876205801963806,-0.1128644347190857
rs14,8,5-8,1,warm_full,200,0.5813104510307312,0.3974721431732178,0.6876205801963806,-0.10631012916564941
rs14,8,5-8,1,warm_full,500,0.607339084148407,0.9578912258148193,0.6876205801963806,-0.08028149604797363
rs14,8,5-8,1,warm_full_hi,0,0.4947214424610138,0.0,0.6876205801963806,-0.19289913773536682
rs14,8,5-8,1,warm_full_hi,1,0.2651345431804657,0.003697633743286133,0.6876205801963806,-0.4224860370159149
rs14,8,5-8,1,warm_full_hi,2,0.3892524540424347,0.009731292724609375,0.6876205801963806,-0.2983681261539459
rs14,8,5-8,1,warm_full_hi,5,0.4074529707431793,0.019168376922607422,0.6876205801963806,-0.2801676094532013
rs14,8,5-8,1,warm_full_hi,10,0.45459306240081787,0.02930426597595215,0.6876205801963806,-0.23302751779556274
rs14,8,5-8,1,warm_full_hi,20,0.5036945343017578,0.04862403869628906,0.6876205801963806,-0.1839260458946228
rs14,8,5-8,1,warm_full_hi,50,0.5407280325889587,0.11015152931213379,0.6876205801963806,-0.14689254760742188
rs14,8,5-8,1,warm_full_hi,100,0.5604227781295776,0.21089410781860352,0.6876205801963806,-0.12719780206680298
rs14,8,5-8,1,warm_full_hi,200,0.5767992734909058,0.425060510635376,0.6876205801963806,-0.11082130670547485
rs14,8,5-8,1,warm_full_hi,500,0.6038857102394104,1.0130610466003418,0.6876205801963806,-0.08373486995697021
rs14,8,5-8,1,warm_head,0,0.4947214424610138,0.0,0.6876205801963806,-0.19289913773536682
rs14,8,5-8,1,warm_head,1,0.49664783477783203,0.002725839614868164,0.6876205801963806,-0.19097274541854858
rs14,8,5-8,1,warm_head,2,0.49824464321136475,0.007604122161865234,0.6876205801963806,-0.18937593698501587
rs14,8,5-8,1,warm_head,5,0.5017000436782837,0.014738798141479492,0.6876205801963806,-0.18592053651809692
rs14,8,5-8,1,warm_head,10,0.5049028992652893,0.021956205368041992,0.6876205801963806,-0.1827176809310913
rs14,8,5-8,1,warm_head,20,0.5073879361152649,0.035369873046875,0.6876205801963806,-0.18023264408111572
rs14,8,5-8,1,warm_head,50,0.5105604529380798,0.07325387001037598,0.6876205801963806,-0.17706012725830078
rs14,8,5-8,1,warm_head,100,0.5131180882453918,0.13643431663513184,0.6876205801963806,-0.17450249195098877
rs14,8,5-8,1,warm_head,200,0.5157455801963806,0.2607851028442383,0.6876205801963806,-0.171875
rs14,8,5-8,1,warm_head,500,0.5192533135414124,0.631859302520752,0.6876205801963806,-0.16836726665496826
rs15,7,5-8,0,cold,0,0.0013343244791030884,0.0,0.7096032500267029,-0.7082689255475998
rs15,7,5-8,0,cold,1,0.02451840601861477,0.138336181640625,0.7096032500267029,-0.6850848440080881
rs15,7,5-8,0,cold,2,0.056473102420568466,0.14337658882141113,0.7096032500267029,-0.6531301476061344
rs15,7,5-8,0,cold,5,0.24186217784881592,0.15155792236328125,0.7096032500267029,-0.46774107217788696
rs15,7,5-8,0,cold,10,0.41708946228027344,0.1611640453338623,0.7096032500267029,-0.29251378774642944
rs15,7,5-8,0,cold,20,0.4955124855041504,0.18102526664733887,0.7096032500267029,-0.2140907645225525
rs15,7,5-8,0,cold,50,0.5741012692451477,0.2377786636352539,0.7096032500267029,-0.13550198078155518
rs15,7,5-8,0,cold,100,0.6042003035545349,0.33406925201416016,0.7096032500267029,-0.10540294647216797
rs15,7,5-8,0,cold,200,0.6165850758552551,0.5276577472686768,0.7096032500267029,-0.09301817417144775
rs15,7,5-8,0,cold,500,0.6485340595245361,1.1034159660339355,0.7096032500267029,-0.06106919050216675
rs15,7,5-8,0,warm_full,0,0.567142128944397,0.0,0.7096032500267029,-0.1424611210823059
rs15,7,5-8,0,warm_full,1,0.5906873345375061,0.0025796890258789062,0.7096032500267029,-0.11891591548919678
rs15,7,5-8,0,warm_full,2,0.595403790473938,0.005176544189453125,0.7096032500267029,-0.11419945955276489
rs15,7,5-8,0,warm_full,5,0.6023529767990112,0.01246023178100586,0.7096032500267029,-0.10725027322769165
rs15,7,5-8,0,warm_full,10,0.6119542717933655,0.022768735885620117,0.7096032500267029,-0.0976489782333374
rs15,7,5-8,0,warm_full,20,0.6215695142745972,0.04216575622558594,0.7096032500267029,-0.08803373575210571
rs15,7,5-8,0,warm_full,50,0.6399741768836975,0.0991673469543457,0.7096032500267029,-0.06962907314300537
rs15,7,5-8,0,warm_full,100,0.6406614184379578,0.2021472454071045,0.7096032500267029,-0.06894183158874512
rs15,7,5-8,0,warm_full,200,0.6556567549705505,0.3892650604248047,0.7096032500267029,-0.053946495056152344
rs15,7,5-8,0,warm_full,500,0.6640061140060425,0.9549460411071777,0.7096032500267029,-0.0455971360206604
rs15,7,5-8,0,warm_full_hi,0,0.567142128944397,0.0,0.7096032500267029,-0.1424611210823059
rs15,7,5-8,0,warm_full_hi,1,0.27609744668006897,0.002862215042114258,0.7096032500267029,-0.4335058033466339
rs15,7,5-8,0,warm_full_hi,2,0.4660838842391968,0.005567073822021484,0.7096032500267029,-0.2435193657875061
rs15,7,5-8,0,warm_full_hi,5,0.3957482874393463,0.012233972549438477,0.7096032500267029,-0.31385496258735657
rs15,7,5-8,0,warm_full_hi,10,0.5445218682289124,0.022610902786254883,0.7096032500267029,-0.16508138179779053
rs15,7,5-8,0,warm_full_hi,20,0.5982121229171753,0.043204307556152344,0.7096032500267029,-0.11139112710952759
rs15,7,5-8,0,warm_full_hi,50,0.6297879815101624,0.0990452766418457,0.7096032500267029,-0.07981526851654053
rs15,7,5-8,0,warm_full_hi,100,0.6370115280151367,0.20102500915527344,0.7096032500267029,-0.07259172201156616
rs15,7,5-8,0,warm_full_hi,200,0.6514742970466614,0.3952763080596924,0.7096032500267029,-0.058128952980041504
rs15,7,5-8,0,warm_full_hi,500,0.6670799851417542,0.9754745960235596,0.7096032500267029,-0.04252326488494873
rs15,7,5-8,0,warm_head,0,0.567142128944397,0.0,0.7096032500267029,-0.1424611210823059
rs15,7,5-8,0,warm_head,1,0.5702529549598694,0.0017228126525878906,0.7096032500267029,-0.1393502950668335
rs15,7,5-8,0,warm_head,2,0.57278972864151,0.0036547183990478516,0.7096032500267029,-0.13681352138519287
rs15,7,5-8,0,warm_head,5,0.5789910554885864,0.00830388069152832,0.7096032500267029,-0.13061219453811646
rs15,7,5-8,0,warm_head,10,0.5861898064613342,0.01567244529724121,0.7096032500267029,-0.12341344356536865
rs15,7,5-8,0,warm_head,20,0.5924670100212097,0.02907562255859375,0.7096032500267029,-0.11713624000549316
rs15,7,5-8,0,warm_head,50,0.598509669303894,0.06798958778381348,0.7096032500267029,-0.11109358072280884
rs15,7,5-8,0,warm_head,100,0.6026715040206909,0.13335490226745605,0.7096032500267029,-0.10693174600601196
rs15,7,5-8,0,warm_head,200,0.606397807598114,0.26219725608825684,0.7096032500267029,-0.10320544242858887
rs15,7,5-8,0,warm_head,500,0.6107919812202454,0.6438477039337158,0.7096032500267029,-0.09881126880645752
rs15,7,5-8,1,cold,0,0.0018068501958623528,0.0,0.7096032500267029,-0.7077963998308405
rs15,7,5-8,1,cold,1,0.02093648351728916,0.11903738975524902,0.7096032500267029,-0.6886667665094137
rs15,7,5-8,1,cold,2,0.04828030988574028,0.12240719795227051,0.7096032500267029,-0.6613229401409626
rs15,7,5-8,1,cold,5,0.2046029418706894,0.12787890434265137,0.7096032500267029,-0.5050003081560135
rs15,7,5-8,1,cold,10,0.3970043659210205,0.13748598098754883,0.7096032500267029,-0.3125988841056824
rs15,7,5-8,1,cold,20,0.5045487284660339,0.1584773063659668,0.7096032500267029,-0.20505452156066895
rs15,7,5-8,1,cold,50,0.5770847797393799,0.21878600120544434,0.7096032500267029,-0.132518470287323
rs15,7,5-8,1,cold,100,0.6037231683731079,0.31845593452453613,0.7096032500267029,-0.10588008165359497
rs15,7,5-8,1,cold,200,0.6202815175056458,0.5125000476837158,0.7096032500267029,-0.08932173252105713
rs15,7,5-8,1,cold,500,0.6429861187934875,1.0814836025238037,0.7096032500267029,-0.06661713123321533
rs15,7,5-8,1,warm_full,0,0.567142128944397,0.0,0.7096032500267029,-0.1424611210823059
rs15,7,5-8,1,warm_full,1,0.5890981554985046,0.0025899410247802734,0.7096032500267029,-0.12050509452819824
rs15,7,5-8,1,warm_full,2,0.5953294634819031,0.005428791046142578,0.7096032500267029,-0.1142737865447998
rs15,7,5-8,1,warm_full,5,0.605595052242279,0.012462854385375977,0.7096032500267029,-0.10400819778442383
rs15,7,5-8,1,warm_full,10,0.6169354319572449,0.022286415100097656,0.7096032500267029,-0.09266781806945801
rs15,7,5-8,1,warm_full,20,0.6277008652687073,0.04145359992980957,0.7096032500267029,-0.0819023847579956
rs15,7,5-8,1,warm_full,50,0.6400859355926514,0.09880304336547852,0.7096032500267029,-0.06951731443405151
rs15,7,5-8,1,warm_full,100,0.648377537727356,0.18975138664245605,0.7096032500267029,-0.061225712299346924
rs15,7,5-8,1,warm_full,200,0.6482288837432861,0.3712742328643799,0.7096032500267029,-0.06137436628341675
rs15,7,5-8,1,warm_full,500,0.6669260859489441,0.9215314388275146,0.7096032500267029,-0.04267716407775879
rs15,7,5-8,1,warm_full_hi,0,0.567142128944397,0.0,0.7096032500267029,-0.1424611210823059
rs15,7,5-8,1,warm_full_hi,1,0.21297939121723175,0.0025377273559570312,0.7096032500267029,-0.49662385880947113
rs15,7,5-8,1,warm_full_hi,2,0.44247639179229736,0.005171537399291992,0.7096032500267029,-0.2671268582344055
rs15,7,5-8,1,warm_full_hi,5,0.5022459626197815,0.011631011962890625,0.7096032500267029,-0.2073572874069214
rs15,7,5-8,1,warm_full_hi,10,0.5284169912338257,0.021546363830566406,0.7096032500267029,-0.1811862587928772
rs15,7,5-8,1,warm_full_hi,20,0.5942065119743347,0.04051399230957031,0.7096032500267029,-0.11539673805236816
rs15,7,5-8,1,warm_full_hi,50,0.6100426316261292,0.09607744216918945,0.7096032500267029,-0.09956061840057373
rs15,7,5-8,1,warm_full_hi,100,0.6397690773010254,0.1874678134918213,0.7096032500267029,-0.06983417272567749
rs15,7,5-8,1,warm_full_hi,200,0.6447888612747192,0.36871838569641113,0.7096032500267029,-0.06481438875198364
rs15,7,5-8,1,warm_full_hi,500,0.6575990915298462,0.9094712734222412,0.7096032500267029,-0.05200415849685669
rs15,7,5-8,1,warm_head,0,0.567142128944397,0.0,0.7096032500267029,-0.1424611210823059
rs15,7,5-8,1,warm_head,1,0.5706183314323425,0.0016744136810302734,0.7096032500267029,-0.13898491859436035
rs15,7,5-8,1,warm_head,2,0.5732340216636658,0.0036029815673828125,0.7096032500267029,-0.1363692283630371
rs15,7,5-8,1,warm_head,5,0.5791631937026978,0.007992744445800781,0.7096032500267029,-0.13044005632400513
rs15,7,5-8,1,warm_head,10,0.585760772228241,0.014960765838623047,0.7096032500267029,-0.12384247779846191
rs15,7,5-8,1,warm_head,20,0.5921922326087952,0.02821636199951172,0.7096032500267029,-0.11741101741790771
rs15,7,5-8,1,warm_head,50,0.5984416604042053,0.06586217880249023,0.7096032500267029,-0.11116158962249756
rs15,7,5-8,1,warm_head,100,0.6026278734207153,0.12796783447265625,0.7096032500267029,-0.10697537660598755
rs15,7,5-8,1,warm_head,200,0.6066186428070068,0.25156569480895996,0.7096032500267029,-0.10298460721969604
rs15,7,5-8,1,warm_head,500,0.6109117865562439,0.6200180053710938,0.7096032500267029,-0.09869146347045898
rs16,6,5-8,0,cold,0,0.0002274314610986039,0.0,0.330615222454071,-0.3303877909929724
rs16,6,5-8,0,cold,1,0.011150126345455647,0.14424753189086914,0.330615222454071,-0.31946509610861534
rs16,6,5-8,0,cold,2,0.023467108607292175,0.14872121810913086,0.330615222454071,-0.3071481138467788
rs16,6,5-8,0,cold,5,0.08900991827249527,0.15524578094482422,0.330615222454071,-0.24160530418157572
rs16,6,5-8,0,cold,10,0.16444917023181915,0.16571807861328125,0.330615222454071,-0.16616605222225184
rs16,6,5-8,0,cold,20,0.18785960972309113,0.18644094467163086,0.330615222454071,-0.14275561273097986
rs16,6,5-8,0,cold,50,0.23225240409374237,0.25604939460754395,0.330615222454071,-0.09836281836032862
rs16,6,5-8,0,cold,100,0.26763030886650085,0.3507046699523926,0.330615222454071,-0.06298491358757013
rs16,6,5-8,0,cold,200,0.2893258035182953,0.5507607460021973,0.330615222454071,-0.0412894189357757
rs16,6,5-8,0,cold,500,0.30550944805145264,1.1587944030761719,0.330615222454071,-0.025105774402618353
rs16,6,5-8,0,warm_full,0,0.2120121866464615,0.0,0.330615222454071,-0.1186030358076095
rs16,6,5-8,0,warm_full,1,0.20161056518554688,0.0025849342346191406,0.330615222454071,-0.12900465726852411
rs16,6,5-8,0,warm_full,2,0.21182756125926971,0.005555391311645508,0.330615222454071,-0.11878766119480128
rs16,6,5-8,0,warm_full,5,0.2241717129945755,0.012439489364624023,0.330615222454071,-0.10644350945949549
rs16,6,5-8,0,warm_full,10,0.22759860754013062,0.022652864456176758,0.330615222454071,-0.10301661491394037
rs16,6,5-8,0,warm_full,20,0.2369929552078247,0.04221653938293457,0.330615222454071,-0.09362226724624628
rs16,6,5-8,0,warm_full,50,0.25758644938468933,0.09900832176208496,0.330615222454071,-0.07302877306938166
rs16,6,5-8,0,warm_full,100,0.2674553096294403,0.20147371292114258,0.330615222454071,-0.06315991282463068
rs16,6,5-8,0,warm_full,200,0.29571619629859924,0.3923008441925049,0.330615222454071,-0.034899026155471746
rs16,6,5-8,0,warm_full,500,0.3116624057292938,1.0175065994262695,0.330615222454071,-0.018952816724777166
rs16,6,5-8,0,warm_full_hi,0,0.2120121866464615,0.0,0.330615222454071,-0.1186030358076095
rs16,6,5-8,0,warm_full_hi,1,0.0659356489777565,0.002902507781982422,0.330615222454071,-0.2646795734763145
rs16,6,5-8,0,warm_full_hi,2,0.12941835820674896,0.005936145782470703,0.330615222454071,-0.20119686424732203
rs16,6,5-8,0,warm_full_hi,5,0.17080116271972656,0.012720108032226562,0.330615222454071,-0.15981405973434443
rs16,6,5-8,0,warm_full_hi,10,0.1920238882303238,0.02277088165283203,0.330615222454071,-0.1385913342237472
rs16,6,5-8,0,warm_full_hi,20,0.2128109484910965,0.04223227500915527,0.330615222454071,-0.11780427396297449
rs16,6,5-8,0,warm_full_hi,50,0.2300584465265274,0.10091590881347656,0.330615222454071,-0.10055677592754358
rs16,6,5-8,0,warm_full_hi,100,0.2736831605434418,0.19551324844360352,0.330615222454071,-0.05693206191062922
rs16,6,5-8,0,warm_full_hi,200,0.2983580529689789,0.38324809074401855,0.330615222454071,-0.03225716948509211
rs16,6,5-8,0,warm_full_hi,500,0.3176203966140747,0.9562366008758545,0.330615222454071,-0.012994825839996282
rs16,6,5-8,0,warm_head,0,0.2120121866464615,0.0,0.330615222454071,-0.1186030358076095
rs16,6,5-8,0,warm_head,1,0.2135385423898697,0.0017504692077636719,0.330615222454071,-0.1170766800642013
rs16,6,5-8,0,warm_head,2,0.21454666554927826,0.003709554672241211,0.330615222454071,-0.11606855690479273
rs16,6,5-8,0,warm_head,5,0.21594615280628204,0.008287906646728516,0.330615222454071,-0.11466906964778895
rs16,6,5-8,0,warm_head,10,0.21595066785812378,0.01544499397277832,0.330615222454071,-0.11466455459594721
rs16,6,5-8,0,warm_head,20,0.21679872274398804,0.02892613410949707,0.330615222454071,-0.11381649971008295
rs16,6,5-8,0,warm_head,50,0.21809737384319305,0.0675210952758789,0.330615222454071,-0.11251784861087794
rs16,6,5-8,0,warm_head,100,0.21913260221481323,0.13132786750793457,0.330615222454071,-0.11148262023925776
rs16,6,5-8,0,warm_head,200,0.22051559388637543,0.258007287979126,0.330615222454071,-0.11009962856769556
rs16,6,5-8,0,warm_head,500,0.22126799821853638,0.6373226642608643,0.330615222454071,-0.10934722423553461
rs16,6,5-8,1,cold,0,0.000667442858684808,0.0,0.330615222454071,-0.3299477795953862
rs16,6,5-8,1,cold,1,0.010460525751113892,0.11496400833129883,0.330615222454071,-0.3201546967029571
rs16,6,5-8,1,cold,2,0.02355101704597473,0.11922073364257812,0.330615222454071,-0.30706420540809626
rs16,6,5-8,1,cold,5,0.09562588483095169,0.1275467872619629,0.330615222454071,-0.2349893376231193
rs16,6,5-8,1,cold,10,0.16686756908893585,0.13725018501281738,0.330615222454071,-0.16374765336513514
rs16,6,5-8,1,cold,20,0.19716911017894745,0.15899300575256348,0.330615222454071,-0.13344611227512354
rs16,6,5-8,1,cold,50,0.24287915229797363,0.22944235801696777,0.330615222454071,-0.08773607015609736
rs16,6,5-8,1,cold,100,0.2639988362789154,0.33698463439941406,0.330615222454071,-0.06661638617515558
rs16,6,5-8,1,cold,200,0.28001829981803894,0.534243106842041,0.330615222454071,-0.05059692263603205
rs16,6,5-8,1,cold,500,0.28261426091194153,1.1013426780700684,0.330615222454071,-0.04800096154212946
rs16,6,5-8,1,warm_full,0,0.2120121866464615,0.0,0.330615222454071,-0.1186030358076095
rs16,6,5-8,1,warm_full,1,0.21189375221729279,0.002599477767944336,0.330615222454071,-0.1187214702367782
rs16,6,5-8,1,warm_full,2,0.20980753004550934,0.005263566970825195,0.330615222454071,-0.12080769240856165
rs16,6,5-8,1,warm_full,5,0.22011899948120117,0.012102365493774414,0.330615222454071,-0.11049622297286982
rs16,6,5-8,1,warm_full,10,0.2279302328824997,0.02257537841796875,0.330615222454071,-0.1026849895715713
rs16,6,5-8,1,warm_full,20,0.24342525005340576,0.04209756851196289,0.330615222454071,-0.08718997240066523
rs16,6,5-8,1,warm_full,50,0.26293012499809265,0.10063385963439941,0.330615222454071,-0.06768509745597834
rs16,6,5-8,1,warm_full,100,0.27725496888160706,0.19335293769836426,0.330615222454071,-0.053360253572463934
rs16,6,5-8,1,warm_full,200,0.29307281970977783,0.3855717182159424,0.330615222454071,-0.03754240274429316
rs16,6,5-8,1,warm_full,500,0.305319219827652,0.9431109428405762,0.330615222454071,-0.025296002626419012
rs16,6,5-8,1,warm_full_hi,0,0.2120121866464615,0.0,0.330615222454071,-0.1186030358076095
rs16,6,5-8,1,warm_full_hi,1,0.09235943108797073,0.002446889877319336,0.330615222454071,-0.23825579136610026
rs16,6,5-8,1,warm_full_hi,2,0.106987364590168,0.0049533843994140625,0.330615222454071,-0.223627857863903
rs16,6,5-8,1,warm_full_hi,5,0.14241941273212433,0.011792898178100586,0.330615222454071,-0.18819580972194666
rs16,6,5-8,1,warm_full_hi,10,0.19592629373073578,0.021547555923461914,0.330615222454071,-0.1346889287233352
rs16,6,5-8,1,warm_full_hi,20,0.22383208572864532,0.04479479789733887,0.330615222454071,-0.10678313672542566
rs16,6,5-8,1,warm_full_hi,50,0.26328805088996887,0.10148382186889648,0.330615222454071,-0.06732717156410212
rs16,6,5-8,1,warm_full_hi,100,0.2776700556278229,0.20069408416748047,0.330615222454071,-0.05294516682624811
rs16,6,5-8,1,warm_full_hi,200,0.2951132357120514,0.38431358337402344,0.330615222454071,-0.0355019867420196
rs16,6,5-8,1,warm_full_hi,500,0.28410404920578003,0.9460239410400391,0.330615222454071,-0.04651117324829096
rs16,6,5-8,1,warm_head,0,0.2120121866464615,0.0,0.330615222454071,-0.1186030358076095
rs16,6,5-8,1,warm_head,1,0.21284709870815277,0.0017249584197998047,0.330615222454071,-0.11776812374591822
rs16,6,5-8,1,warm_head,2,0.21382610499858856,0.0036547183990478516,0.330615222454071,-0.11678911745548243
rs16,6,5-8,1,warm_head,5,0.21559153497219086,0.00810098648071289,0.330615222454071,-0.11502368748188013
rs16,6,5-8,1,warm_head,10,0.21661603450775146,0.015352487564086914,0.330615222454071,-0.11399918794631952
rs16,6,5-8,1,warm_head,20,0.21652664244174957,0.02874588966369629,0.330615222454071,-0.11408858001232142
rs16,6,5-8,1,warm_head,50,0.2186419516801834,0.06659698486328125,0.330615222454071,-0.11197327077388758
rs16,6,5-8,1,warm_head,100,0.21942001581192017,0.12979793548583984,0.330615222454071,-0.11119520664215082
rs16,6,5-8,1,warm_head,200,0.2208719104528427,0.25498533248901367,0.330615222454071,-0.10974331200122828
rs16,6,5-8,1,warm_head,500,0.2218785136938095,0.6296000480651855,0.330615222454071,-0.10873670876026148
rs17,6,5-8,0,cold,0,0.0008439521188847721,0.0,0.520922064781189,-0.5200781126623042
rs17,6,5-8,0,cold,1,0.01779073476791382,0.13979125022888184,0.520922064781189,-0.5031313300132751
rs17,6,5-8,0,cold,2,0.040382128208875656,0.14345288276672363,0.520922064781189,-0.4805399365723133
rs17,6,5-8,0,cold,5,0.16490064561367035,0.14952516555786133,0.520922064781189,-0.3560214191675186
rs17,6,5-8,0,cold,10,0.31371936202049255,0.16020703315734863,0.520922064781189,-0.2072027027606964
rs17,6,5-8,0,cold,20,0.34355905652046204,0.1798114776611328,0.520922064781189,-0.17736300826072693
rs17,6,5-8,0,cold,50,0.39925122261047363,0.23519492149353027,0.520922064781189,-0.12167084217071533
rs17,6,5-8,0,cold,100,0.4273185729980469,0.3256404399871826,0.520922064781189,-0.09360349178314209
rs17,6,5-8,0,cold,200,0.4434618055820465,0.5032615661621094,0.520922064781189,-0.07746025919914246
rs17,6,5-8,0,cold,500,0.4697161614894867,1.0322155952453613,0.520922064781189,-0.05120590329170227
rs17,6,5-8,0,warm_full,0,0.38473764061927795,0.0,0.520922064781189,-0.136184424161911
rs17,6,5-8,0,warm_full,1,0.3855958878993988,0.0022635459899902344,0.520922064781189,-0.13532617688179016
rs17,6,5-8,0,warm_full,2,0.394079327583313,0.004549503326416016,0.520922064781189,-0.12684273719787598
rs17,6,5-8,0,warm_full,5,0.38902053236961365,0.010391712188720703,0.520922064781189,-0.13190153241157532
rs17,6,5-8,0,warm_full,10,0.4055672883987427,0.01997065544128418,0.520922064781189,-0.11535477638244629
rs17,6,5-8,0,warm_full,20,0.42617157101631165,0.038069725036621094,0.520922064781189,-0.09475049376487732
rs17,6,5-8,0,warm_full,50,0.43774187564849854,0.0976409912109375,0.520922064781189,-0.08318018913269043
rs17,6,5-8,0,warm_full,100,0.43860724568367004,0.18788719177246094,0.520922064781189,-0.08231481909751892
rs17,6,5-8,0,warm_full,200,0.4530520439147949,0.3855140209197998,0.520922064781189,-0.06787002086639404
rs17,6,5-8,0,warm_full,500,0.4742033779621124,0.9903964996337891,0.520922064781189,-0.04671868681907654
rs17,6,5-8,0,warm_full_hi,0,0.38473764061927795,0.0,0.520922064781189,-0.136184424161911
rs17,6,5-8,0,warm_full_hi,1,0.14387188851833344,0.0024547576904296875,0.520922064781189,-0.37705017626285553
rs17,6,5-8,0,warm_full_hi,2,0.23760463297367096,0.004796743392944336,0.520922064781189,-0.283317431807518
rs17,6,5-8,0,warm_full_hi,5,0.27690795063972473,0.010374069213867188,0.520922064781189,-0.24401411414146423
rs17,6,5-8,0,warm_full_hi,10,0.34989333152770996,0.01933455467224121,0.520922064781189,-0.171028733253479
rs17,6,5-8,0,warm_full_hi,20,0.37422820925712585,0.037683963775634766,0.520922064781189,-0.1466938555240631
rs17,6,5-8,0,warm_full_hi,50,0.4264895021915436,0.09117341041564941,0.520922064781189,-0.09443256258964539
rs17,6,5-8,0,warm_full_hi,100,0.4288341999053955,0.17981839179992676,0.520922064781189,-0.09208786487579346
rs17,6,5-8,0,warm_full_hi,200,0.43339094519615173,0.3555872440338135,0.520922064781189,-0.08753111958503723
rs17,6,5-8,0,warm_full_hi,500,0.4727444648742676,0.897587776184082,0.520922064781189,-0.04817759990692139
rs17,6,5-8,0,warm_head,0,0.38473764061927795,0.0,0.520922064781189,-0.136184424161911
rs17,6,5-8,0,warm_head,1,0.3861164152622223,0.0016973018646240234,0.520922064781189,-0.13480564951896667
rs17,6,5-8,0,warm_head,2,0.38730499148368835,0.003685474395751953,0.520922064781189,-0.1336170732975006
rs17,6,5-8,0,warm_head,5,0.39045262336730957,0.00774073600769043,0.520922064781189,-0.1304694414138794
rs17,6,5-8,0,warm_head,10,0.3938817083835602,0.013456106185913086,0.520922064781189,-0.12704035639762878
rs17,6,5-8,0,warm_head,20,0.39718833565711975,0.025051355361938477,0.520922064781189,-0.12373372912406921
rs17,6,5-8,0,warm_head,50,0.4001944959163666,0.057921409606933594,0.520922064781189,-0.12072756886482239
rs17,6,5-8,0,warm_head,100,0.40274563431739807,0.1125941276550293,0.520922064781189,-0.1181764304637909
rs17,6,5-8,0,warm_head,200,0.4053090810775757,0.22071027755737305,0.520922064781189,-0.11561298370361328
rs17,6,5-8,0,warm_head,500,0.4088257849216461,0.5445337295532227,0.520922064781189,-0.11209627985954285
rs17,6,5-8,1,cold,0,0.0013480285415425897,0.0,0.520922064781189,-0.5195740362396464
rs17,6,5-8,1,cold,1,0.01628877781331539,0.11575579643249512,0.520922064781189,-0.5046332869678736
rs17,6,5-8,1,cold,2,0.03909790515899658,0.11919760704040527,0.520922064781189,-0.4818241596221924
rs17,6,5-8,1,cold,5,0.1626017838716507,0.12442779541015625,0.520922064781189,-0.35832028090953827
rs17,6,5-8,1,cold,10,0.290442556142807,0.1333160400390625,0.520922064781189,-0.23047950863838196
rs17,6,5-8,1,cold,20,0.35321950912475586,0.15273714065551758,0.520922064781189,-0.1677025556564331
rs17,6,5-8,1,cold,50,0.39620161056518555,0.21195697784423828,0.520922064781189,-0.12472045421600342
rs17,6,5-8,1,cold,100,0.4236164391040802,0.3280603885650635,0.520922064781189,-0.09730562567710876
rs17,6,5-8,1,cold,200,0.4461168348789215,0.5156779289245605,0.520922064781189,-0.07480522990226746
rs17,6,5-8,1,cold,500,0.47549304366111755,1.0813357830047607,0.520922064781189,-0.04542902112007141
rs17,6,5-8,1,warm_full,0,0.38473764061927795,0.0,0.520922064781189,-0.136184424161911
rs17,6,5-8,1,warm_full,1,0.39225056767463684,0.002417325973510742,0.520922064781189,-0.12867149710655212
rs17,6,5-8,1,warm_full,2,0.39067068696022034,0.0046384334564208984,0.520922064781189,-0.13025137782096863
rs17,6,5-8,1,warm_full,5,0.3994486331939697,0.011443614959716797,0.520922064781189,-0.12147343158721924
rs17,6,5-8,1,warm_full,10,0.4137585461139679,0.02141094207763672,0.520922064781189,-0.10716351866722107
rs17,6,5-8,1,warm_full,20,0.42493441700935364,0.03993844985961914,0.520922064781189,-0.09598764777183533
rs17,6,5-8,1,warm_full,50,0.4395042955875397,0.09442257881164551,0.520922064781189,-0.08141776919364929
rs17,6,5-8,1,warm_full,100,0.4496285915374756,0.18417620658874512,0.520922064781189,-0.07129347324371338
rs17,6,5-8,1,warm_full,200,0.45583757758140564,0.3779726028442383,0.520922064781189,-0.06508448719978333
rs17,6,5-8,1,warm_full,500,0.4758506715297699,1.0151307582855225,0.520922064781189,-0.04507139325141907
rs17,6,5-8,1,warm_full_hi,0,0.38473764061927795,0.0,0.520922064781189,-0.136184424161911
rs17,6,5-8,1,warm_full_hi,1,0.16929441690444946,0.002379894256591797,0.520922064781189,-0.3516276478767395
rs17,6,5-8,1,warm_full_hi,2,0.25158455967903137,0.004841327667236328,0.520922064781189,-0.2693375051021576
rs17,6,5-8,1,warm_full_hi,5,0.30828437209129333,0.010853290557861328,0.520922064781189,-0.21263769268989563
rs17,6,5-8,1,warm_full_hi,10,0.3610157072544098,0.020420312881469727,0.520922064781189,-0.15990635752677917
rs17,6,5-8,1,warm_full_hi,20,0.3901611268520355,0.03913712501525879,0.520922064781189,-0.13076093792915344
rs17,6,5-8,1,warm_full_hi,50,0.4228440523147583,0.09274816513061523,0.520922064781189,-0.09807801246643066
rs17,6,5-8,1,warm_full_hi,100,0.44137775897979736,0.19371652603149414,0.520922064781189,-0.0795443058013916
rs17,6,5-8,1,warm_full_hi,200,0.4367833137512207,0.3706068992614746,0.520922064781189,-0.08413875102996826
rs17,6,5-8,1,warm_full_hi,500,0.48167935013771057,0.9626450538635254,0.520922064781189,-0.039242714643478394
rs17,6,5-8,1,warm_head,0,0.38473764061927795,0.0,0.520922064781189,-0.136184424161911
rs17,6,5-8,1,warm_head,1,0.38627275824546814,0.0017445087432861328,0.520922064781189,-0.13464930653572083
rs17,6,5-8,1,warm_head,2,0.38783812522888184,0.00366973876953125,0.520922064781189,-0.13308393955230713
rs17,6,5-8,1,warm_head,5,0.3910909593105316,0.008407831192016602,0.520922064781189,-0.12983110547065735
rs17,6,5-8,1,warm_head,10,0.3941344916820526,0.015787839889526367,0.520922064781189,-0.12678757309913635
rs17,6,5-8,1,warm_head,20,0.3973884880542755,0.029163599014282227,0.520922064781189,-0.12353357672691345
rs17,6,5-8,1,warm_head,50,0.4002731144428253,0.06708812713623047,0.520922064781189,-0.12064895033836365
rs17,6,5-8,1,warm_head,100,0.40309539437294006,0.13020014762878418,0.520922064781189,-0.1178266704082489
rs17,6,5-8,1,warm_head,200,0.4057740867137909,0.25576090812683105,0.520922064781189,-0.11514797806739807
rs17,6,5-8,1,warm_head,500,0.40918007493019104,0.6312119960784912,0.520922064781189,-0.11174198985099792
rs18,7,5-8,0,cold,0,0.0006783257122151554,0.0,0.7015374302864075,-0.7008591045741923
rs18,7,5-8,0,cold,1,0.021062904968857765,0.11505889892578125,0.7015374302864075,-0.6804745253175497
rs18,7,5-8,0,cold,2,0.048760879784822464,0.11854910850524902,0.7015374302864075,-0.652776550501585
rs18,7,5-8,0,cold,5,0.21057911217212677,0.12359237670898438,0.7015374302864075,-0.4909583181142807
rs18,7,5-8,0,cold,10,0.3729794919490814,0.13924336433410645,0.7015374302864075,-0.32855793833732605
rs18,7,5-8,0,cold,20,0.46221718192100525,0.16092729568481445,0.7015374302864075,-0.23932024836540222
rs18,7,5-8,0,cold,50,0.5377490520477295,0.2233281135559082,0.7015374302864075,-0.16378837823867798
rs18,7,5-8,0,cold,100,0.5681604743003845,0.326552152633667,0.7015374302864075,-0.13337695598602295
rs18,7,5-8,0,cold,200,0.5897279381752014,0.5266087055206299,0.7015374302864075,-0.11180949211120605
rs18,7,5-8,0,cold,500,0.6100276708602905,1.0906791687011719,0.7015374302864075,-0.09150975942611694
rs18,7,5-8,0,warm_full,0,0.5411444306373596,0.0,0.7015374302864075,-0.16039299964904785
rs18,7,5-8,0,warm_full,1,0.5386173129081726,0.0036461353302001953,0.7015374302864075,-0.16292011737823486
rs18,7,5-8,0,warm_full,2,0.5472883582115173,0.007673501968383789,0.7015374302864075,-0.15424907207489014
rs18,7,5-8,0,warm_full,5,0.5577731728553772,0.017686128616333008,0.7015374302864075,-0.14376425743103027
rs18,7,5-8,0,warm_full,10,0.5668103694915771,0.02922224998474121,0.7015374302864075,-0.13472706079483032
rs18,7,5-8,0,warm_full,20,0.5773491263389587,0.054288625717163086,0.7015374302864075,-0.12418830394744873
rs18,7,5-8,0,warm_full,50,0.5939984917640686,0.11309194564819336,0.7015374302864075,-0.10753893852233887
rs18,7,5-8,0,warm_full,100,0.6044213175773621,0.23145604133605957,0.7015374302864075,-0.09711611270904541
rs18,7,5-8,0,warm_full,200,0.615729570388794,0.4576566219329834,0.7015374302864075,-0.08580785989761353
rs18,7,5-8,0,warm_full,500,0.6331402063369751,1.0385432243347168,0.7015374302864075,-0.06839722394943237
rs18,7,5-8,0,warm_full_hi,0,0.5411444306373596,0.0,0.7015374302864075,-0.16039299964904785
rs18,7,5-8,0,warm_full_hi,1,0.2563975155353546,0.0025060176849365234,0.7015374302864075,-0.44513991475105286
rs18,7,5-8,0,warm_full_hi,2,0.3888646066188812,0.005150794982910156,0.7015374302864075,-0.31267282366752625
rs18,7,5-8,0,warm_full_hi,5,0.4166591167449951,0.011614561080932617,0.7015374302864075,-0.28487831354141235
rs18,7,5-8,0,warm_full_hi,10,0.5016729831695557,0.0220181941986084,0.7015374302864075,-0.1998644471168518
rs18,7,5-8,0,warm_full_hi,20,0.5366926789283752,0.04170346260070801,0.7015374302864075,-0.16484475135803223
rs18,7,5-8,0,warm_full_hi,50,0.5755593776702881,0.09957504272460938,0.7015374302864075,-0.12597805261611938
rs18,7,5-8,0,warm_full_hi,100,0.597322940826416,0.19747352600097656,0.7015374302864075,-0.10421448945999146
rs18,7,5-8,0,warm_full_hi,200,0.5733975768089294,0.38931751251220703,0.7015374302864075,-0.12813985347747803
rs18,7,5-8,0,warm_full_hi,500,0.6110635995864868,0.9918103218078613,0.7015374302864075,-0.09047383069992065
rs18,7,5-8,0,warm_head,0,0.5411444306373596,0.0,0.7015374302864075,-0.16039299964904785
rs18,7,5-8,0,warm_head,1,0.5420803427696228,0.0018281936645507812,0.7015374302864075,-0.15945708751678467
rs18,7,5-8,0,warm_head,2,0.542988121509552,0.0035567283630371094,0.7015374302864075,-0.15854930877685547
rs18,7,5-8,0,warm_head,5,0.5443984866142273,0.0074615478515625,0.7015374302864075,-0.15713894367218018
rs18,7,5-8,0,warm_head,10,0.5460261106491089,0.013666629791259766,0.7015374302864075,-0.15551131963729858
rs18,7,5-8,0,warm_head,20,0.5489150285720825,0.025712251663208008,0.7015374302864075,-0.15262240171432495
rs18,7,5-8,0,warm_head,50,0.553299605846405,0.060137033462524414,0.7015374302864075,-0.14823782444000244
rs18,7,5-8,0,warm_head,100,0.5563333034515381,0.11652040481567383,0.7015374302864075,-0.14520412683486938
rs18,7,5-8,0,warm_head,200,0.5597403049468994,0.22995638847351074,0.7015374302864075,-0.14179712533950806
rs18,7,5-8,0,warm_head,500,0.5636745095252991,0.5669667720794678,0.7015374302864075,-0.1378629207611084
rs18,7,5-8,1,cold,0,0.0013223787536844611,0.0,0.7015374302864075,-0.700215051532723
rs18,7,5-8,1,cold,1,0.028406525030732155,0.14041829109191895,0.7015374302864075,-0.6731309052556753
rs18,7,5-8,1,cold,2,0.06439702212810516,0.14415884017944336,0.7015374302864075,-0.6371404081583023
rs18,7,5-8,1,cold,5,0.24918901920318604,0.1502244472503662,0.7015374302864075,-0.45234841108322144
rs18,7,5-8,1,cold,10,0.387877494096756,0.1602628231048584,0.7015374302864075,-0.3136599361896515
rs18,7,5-8,1,cold,20,0.47069039940834045,0.18011832237243652,0.7015374302864075,-0.23084703087806702
rs18,7,5-8,1,cold,50,0.535374641418457,0.23683881759643555,0.7015374302864075,-0.16616278886795044
rs18,7,5-8,1,cold,100,0.5701169371604919,0.3387887477874756,0.7015374302864075,-0.13142049312591553
rs18,7,5-8,1,cold,200,0.5897235870361328,0.547553539276123,0.7015374302864075,-0.11181384325027466
rs18,7,5-8,1,cold,500,0.6085379719734192,1.119983196258545,0.7015374302864075,-0.09299945831298828
rs18,7,5-8,1,warm_full,0,0.5411444306373596,0.0,0.7015374302864075,-0.16039299964904785
rs18,7,5-8,1,warm_full,1,0.5211358666419983,0.002997875213623047,0.7015374302864075,-0.18040156364440918
rs18,7,5-8,1,warm_full,2,0.5417545437812805,0.005804777145385742,0.7015374302864075,-0.15978288650512695
rs18,7,5-8,1,warm_full,5,0.5535842776298523,0.01272273063659668,0.7015374302864075,-0.14795315265655518
rs18,7,5-8,1,warm_full,10,0.566741943359375,0.02273845672607422,0.7015374302864075,-0.13479548692703247
rs18,7,5-8,1,warm_full,20,0.5812464356422424,0.041771888732910156,0.7015374302864075,-0.12029099464416504
rs18,7,5-8,1,warm_full,50,0.5983423590660095,0.09862279891967773,0.7015374302864075,-0.10319507122039795
rs18,7,5-8,1,warm_full,100,0.6062037348747253,0.19128179550170898,0.7015374302864075,-0.09533369541168213
rs18,7,5-8,1,warm_full,200,0.611047625541687,0.384490966796875,0.7015374302864075,-0.09048980474472046
rs18,7,5-8,1,warm_full,500,0.6337524056434631,0.9312095642089844,0.7015374302864075,-0.06778502464294434
rs18,7,5-8,1,warm_full_hi,0,0.5411444306373596,0.0,0.7015374302864075,-0.16039299964904785
rs18,7,5-8,1,warm_full_hi,1,0.15535970032215118,0.002278566360473633,0.7015374302864075,-0.5461777299642563
rs18,7,5-8,1,warm_full_hi,2,0.44913116097450256,0.004732370376586914,0.7015374302864075,-0.2524062693119049
rs18,7,5-8,1,warm_full_hi,5,0.3295469582080841,0.011449575424194336,0.7015374302864075,-0.37199047207832336
rs18,7,5-8,1,warm_full_hi,10,0.42225828766822815,0.021219253540039062,0.7015374302864075,-0.2792791426181793
rs18,7,5-8,1,warm_full_hi,20,0.529217004776001,0.042006492614746094,0.7015374302864075,-0.1723204255104065
rs18,7,5-8,1,warm_full_hi,50,0.574928343296051,0.09831094741821289,0.7015374302864075,-0.12660908699035645
rs18,7,5-8,1,warm_full_hi,100,0.5976793169975281,0.1905684471130371,0.7015374302864075,-0.1038581132888794
rs18,7,5-8,1,warm_full_hi,200,0.5959553122520447,0.3707289695739746,0.7015374302864075,-0.10558211803436279
rs18,7,5-8,1,warm_full_hi,500,0.624933660030365,0.9151465892791748,0.7015374302864075,-0.07660377025604248
rs18,7,5-8,1,warm_head,0,0.5411444306373596,0.0,0.7015374302864075,-0.16039299964904785
rs18,7,5-8,1,warm_head,1,0.5423105359077454,0.0016951560974121094,0.7015374302864075,-0.1592268943786621
rs18,7,5-8,1,warm_head,2,0.5433104634284973,0.003745555877685547,0.7015374302864075,-0.15822696685791016
rs18,7,5-8,1,warm_head,5,0.5448201298713684,0.011875152587890625,0.7015374302864075,-0.15671730041503906
rs18,7,5-8,1,warm_head,10,0.5460793375968933,0.018561363220214844,0.7015374302864075,-0.15545809268951416
rs18,7,5-8,1,warm_head,20,0.5487818121910095,0.03186178207397461,0.7015374302864075,-0.15275561809539795
rs18,7,5-8,1,warm_head,50,0.5533092021942139,0.06979227066040039,0.7015374302864075,-0.1482282280921936
rs18,7,5-8,1,warm_head,100,0.5566047430038452,0.13220763206481934,0.7015374302864075,-0.14493268728256226
rs18,7,5-8,1,warm_head,200,0.559937059879303,0.25627589225769043,0.7015374302864075,-0.1416003704071045
rs18,7,5-8,1,warm_head,500,0.5636981129646301,0.6269130706787109,0.7015374302864075,-0.13783931732177734
rs19,8,5-8,0,cold,0,0.0005121827125549316,0.0,0.6793436408042908,-0.6788314580917358
rs19,8,5-8,0,cold,1,0.02358083985745907,0.1368091106414795,0.6793436408042908,-0.6557628009468317
rs19,8,5-8,0,cold,2,0.054539743810892105,0.14059138298034668,0.6793436408042908,-0.6248038969933987
rs19,8,5-8,0,cold,5,0.22988979518413544,0.1466670036315918,0.6793436408042908,-0.44945384562015533
rs19,8,5-8,0,cold,10,0.39104560017585754,0.15698933601379395,0.6793436408042908,-0.2882980406284332
rs19,8,5-8,0,cold,20,0.4546385109424591,0.1768195629119873,0.6793436408042908,-0.22470512986183167
rs19,8,5-8,0,cold,50,0.5284561514854431,0.231978178024292,0.6793436408042908,-0.15088748931884766
rs19,8,5-8,0,cold,100,0.572847306728363,0.3257627487182617,0.6793436408042908,-0.10649633407592773
rs19,8,5-8,0,cold,200,0.5926281809806824,0.523531436920166,0.6793436408042908,-0.0867154598236084
rs19,8,5-8,0,cold,500,0.6269515752792358,1.094475269317627,0.6793436408042908,-0.05239206552505493
rs19,8,5-8,0,warm_full,0,0.5433468222618103,0.0,0.6793436408042908,-0.13599681854248047
rs19,8,5-8,0,warm_full,1,0.5556907057762146,0.002382993698120117,0.6793436408042908,-0.12365293502807617
rs19,8,5-8,0,warm_full,2,0.5593439936637878,0.0047245025634765625,0.6793436408042908,-0.11999964714050293
rs19,8,5-8,0,warm_full,5,0.545983076095581,0.010709524154663086,0.6793436408042908,-0.13336056470870972
rs19,8,5-8,0,warm_full,10,0.5766193270683289,0.020277023315429688,0.6793436408042908,-0.10272431373596191
rs19,8,5-8,0,warm_full,20,0.5984532237052917,0.038814544677734375,0.6793436408042908,-0.08089041709899902
rs19,8,5-8,0,warm_full,50,0.6180432438850403,0.09316062927246094,0.6793436408042908,-0.06130039691925049
rs19,8,5-8,0,warm_full,100,0.6174337267875671,0.18228626251220703,0.6793436408042908,-0.06190991401672363
rs19,8,5-8,0,warm_full,200,0.6358142495155334,0.37439656257629395,0.6793436408042908,-0.043529391288757324
rs19,8,5-8,0,warm_full,500,0.6487216949462891,0.9126486778259277,0.6793436408042908,-0.03062194585800171
rs19,8,5-8,0,warm_full_hi,0,0.5433468222618103,0.0,0.6793436408042908,-0.13599681854248047
rs19,8,5-8,0,warm_full_hi,1,0.27227726578712463,0.0024862289428710938,0.6793436408042908,-0.40706637501716614
rs19,8,5-8,0,warm_full_hi,2,0.3602844476699829,0.005188941955566406,0.6793436408042908,-0.31905919313430786
rs19,8,5-8,0,warm_full_hi,5,0.350513219833374,0.011378765106201172,0.6793436408042908,-0.32883042097091675
rs19,8,5-8,0,warm_full_hi,10,0.49040111899375916,0.020742416381835938,0.6793436408042908,-0.18894252181053162
rs19,8,5-8,0,warm_full_hi,20,0.5526096224784851,0.03957319259643555,0.6793436408042908,-0.12673401832580566
rs19,8,5-8,0,warm_full_hi,50,0.6067798733711243,0.09336614608764648,0.6793436408042908,-0.0725637674331665
rs19,8,5-8,0,warm_full_hi,100,0.60981684923172,0.18894648551940918,0.6793436408042908,-0.0695267915725708
rs19,8,5-8,0,warm_full_hi,200,0.6227886080741882,0.3675370216369629,0.6793436408042908,-0.05655503273010254
rs19,8,5-8,0,warm_full_hi,500,0.6479685306549072,0.8976712226867676,0.6793436408042908,-0.031375110149383545
rs19,8,5-8,0,warm_head,0,0.5433468222618103,0.0,0.6793436408042908,-0.13599681854248047
rs19,8,5-8,0,warm_head,1,0.5451353192329407,0.001722574234008789,0.6793436408042908,-0.1342083215713501
rs19,8,5-8,0,warm_head,2,0.5466699004173279,0.0036487579345703125,0.6793436408042908,-0.1326737403869629
rs19,8,5-8,0,warm_head,5,0.5507661700248718,0.007490396499633789,0.6793436408042908,-0.12857747077941895
rs19,8,5-8,0,warm_head,10,0.5564635396003723,0.013132572174072266,0.6793436408042908,-0.12288010120391846
rs19,8,5-8,0,warm_head,20,0.5636422038078308,0.024918317794799805,0.6793436408042908,-0.11570143699645996
rs19,8,5-8,0,warm_head,50,0.5704827904701233,0.05791831016540527,0.6793436408042908,-0.10886085033416748
rs19,8,5-8,0,warm_head,100,0.5747364163398743,0.11250162124633789,0.6793436408042908,-0.1046072244644165
rs19,8,5-8,0,warm_head,200,0.5785161852836609,0.2204875946044922,0.6793436408042908,-0.10082745552062988
rs19,8,5-8,0,warm_head,500,0.5835000872612,0.5430335998535156,0.6793436408042908,-0.09584355354309082
rs19,8,5-8,1,cold,0,0.0018324205884709954,0.0,0.6793436408042908,-0.6775112202158198
rs19,8,5-8,1,cold,1,0.024360770359635353,0.13974690437316895,0.6793436408042908,-0.6549828704446554
rs19,8,5-8,1,cold,2,0.05640408769249916,0.14411616325378418,0.6793436408042908,-0.6229395531117916
rs19,8,5-8,1,cold,5,0.2314239740371704,0.15153026580810547,0.6793436408042908,-0.44791966676712036
rs19,8,5-8,1,cold,10,0.39102163910865784,0.16341233253479004,0.6793436408042908,-0.28832200169563293
rs19,8,5-8,1,cold,20,0.4767880141735077,0.1886613368988037,0.6793436408042908,-0.20255562663078308
rs19,8,5-8,1,cold,50,0.5307936668395996,0.26199817657470703,0.6793436408042908,-0.14854997396469116
rs19,8,5-8,1,cold,100,0.5639920830726624,0.38414573669433594,0.6793436408042908,-0.11535155773162842
rs19,8,5-8,1,cold,200,0.5923612713813782,0.625436544418335,0.6793436408042908,-0.0869823694229126
rs19,8,5-8,1,cold,500,0.6059632301330566,1.3188550472259521,0.6793436408042908,-0.07338041067123413
rs19,8,5-8,1,warm_full,0,0.5433468222618103,0.0,0.6793436408042908,-0.13599681854248047
rs19,8,5-8,1,warm_full,1,0.564469039440155,0.0032117366790771484,0.6793436408042908,-0.11487460136413574
rs19,8,5-8,1,warm_full,2,0.5639867186546326,0.006418943405151367,0.6793436408042908,-0.1153569221496582
rs19,8,5-8,1,warm_full,5,0.573805034160614,0.013808250427246094,0.6793436408042908,-0.10553860664367676
rs19,8,5-8,1,warm_full,10,0.5847218632698059,0.0244748592376709,0.6793436408042908,-0.09462177753448486
rs19,8,5-8,1,warm_full,20,0.5967438817024231,0.04480171203613281,0.6793436408042908,-0.08259975910186768
rs19,8,5-8,1,warm_full,50,0.6169323921203613,0.10567498207092285,0.6793436408042908,-0.06241124868392944
rs19,8,5-8,1,warm_full,100,0.6292380690574646,0.20772385597229004,0.6793436408042908,-0.05010557174682617
rs19,8,5-8,1,warm_full,200,0.6323076486587524,0.42151403427124023,0.6793436408042908,-0.04703599214553833
rs19,8,5-8,1,warm_full,500,0.6518568396568298,1.0148193836212158,0.6793436408042908,-0.027486801147460938
rs19,8,5-8,1,warm_full_hi,0,0.5433468222618103,0.0,0.6793436408042908,-0.13599681854248047
rs19,8,5-8,1,warm_full_hi,1,0.29447421431541443,0.0024678707122802734,0.6793436408042908,-0.38486942648887634
rs19,8,5-8,1,warm_full_hi,2,0.46137675642967224,0.005082130432128906,0.6793436408042908,-0.21796688437461853
rs19,8,5-8,1,warm_full_hi,5,0.4754455089569092,0.012738227844238281,0.6793436408042908,-0.2038981318473816
rs19,8,5-8,1,warm_full_hi,10,0.5416669845581055,0.022520780563354492,0.6793436408042908,-0.1376766562461853
rs19,8,5-8,1,warm_full_hi,20,0.5669258236885071,0.04152679443359375,0.6793436408042908,-0.11241781711578369
rs19,8,5-8,1,warm_full_hi,50,0.6011886596679688,0.09694314002990723,0.6793436408042908,-0.07815498113632202
rs19,8,5-8,1,warm_full_hi,100,0.598067581653595,0.19093561172485352,0.6793436408042908,-0.0812760591506958
rs19,8,5-8,1,warm_full_hi,200,0.6260712742805481,0.3835794925689697,0.6793436408042908,-0.053272366523742676
rs19,8,5-8,1,warm_full_hi,500,0.6398102045059204,0.9527592658996582,0.6793436408042908,-0.03953343629837036
rs19,8,5-8,1,warm_head,0,0.5433468222618103,0.0,0.6793436408042908,-0.13599681854248047
rs19,8,5-8,1,warm_head,1,0.5461435317993164,0.002176046371459961,0.6793436408042908,-0.13320010900497437
rs19,8,5-8,1,warm_head,2,0.5485897660255432,0.004573345184326172,0.6793436408042908,-0.13075387477874756
rs19,8,5-8,1,warm_head,5,0.5536962151527405,0.010540962219238281,0.6793436408042908,-0.1256474256515503
rs19,8,5-8,1,warm_head,10,0.558526337146759,0.019306182861328125,0.6793436408042908,-0.12081730365753174
rs19,8,5-8,1,warm_head,20,0.5644622445106506,0.03666043281555176,0.6793436408042908,-0.11488139629364014
rs19,8,5-8,1,warm_head,50,0.5708582997322083,0.08713603019714355,0.6793436408042908,-0.10848534107208252
rs19,8,5-8,1,warm_head,100,0.5749485492706299,0.16933059692382812,0.6793436408042908,-0.10439509153366089
rs19,8,5-8,1,warm_head,200,0.5792269706726074,0.33457326889038086,0.6793436408042908,-0.10011667013168335
rs19,8,5-8,1,warm_head,500,0.58379727602005,0.8238532543182373,0.6793436408042908,-0.09554636478424072
rs20,11,9-16,0,cold,0,0.0010658303508535028,0.0,0.7397902011871338,-0.7387243708362803
rs20,11,9-16,0,cold,1,0.02501845359802246,0.1406712532043457,0.7397902011871338,-0.7147717475891113
rs20,11,9-16,0,cold,2,0.05556225776672363,0.14480900764465332,0.7397902011871338,-0.6842279434204102
rs20,11,9-16,0,cold,5,0.22040362656116486,0.1521759033203125,0.7397902011871338,-0.5193865746259689
rs20,11,9-16,0,cold,10,0.4147399961948395,0.16492629051208496,0.7397902011871338,-0.3250502049922943
rs20,11,9-16,0,cold,20,0.4920464754104614,0.19023633003234863,0.7397902011871338,-0.24774372577667236
rs20,11,9-16,0,cold,50,0.5913812518119812,0.26389503479003906,0.7397902011871338,-0.1484089493751526
rs20,11,9-16,0,cold,100,0.6211246252059937,0.3934192657470703,0.7397902011871338,-0.11866557598114014
rs20,11,9-16,0,cold,200,0.6622427105903625,0.6395292282104492,0.7397902011871338,-0.07754749059677124
rs20,11,9-16,0,cold,500,0.692471981048584,1.3621609210968018,0.7397902011871338,-0.047318220138549805
rs20,11,9-16,0,warm_full,0,0.6001031398773193,0.0,0.7397902011871338,-0.13968706130981445
rs20,11,9-16,0,warm_full,1,0.5986936092376709,0.003165721893310547,0.7397902011871338,-0.1410965919494629
rs20,11,9-16,0,warm_full,2,0.6077184081077576,0.006516695022583008,0.7397902011871338,-0.13207179307937622
rs20,11,9-16,0,warm_full,5,0.6180179715156555,0.014710426330566406,0.7397902011871338,-0.12177222967147827
rs20,11,9-16,0,warm_full,10,0.6317493915557861,0.02710270881652832,0.7397902011871338,-0.10804080963134766
rs20,11,9-16,0,warm_full,20,0.649599015712738,0.05142641067504883,0.7397902011871338,-0.09019118547439575
rs20,11,9-16,0,warm_full,50,0.6723230481147766,0.12490439414978027,0.7397902011871338,-0.06746715307235718
rs20,11,9-16,0,warm_full,100,0.6802530884742737,0.24831080436706543,0.7397902011871338,-0.05953711271286011
rs20,11,9-16,0,warm_full,200,0.7017853856086731,0.4960920810699463,0.7397902011871338,-0.03800481557846069
rs20,11,9-16,0,warm_full,500,0.7218312621116638,1.221297025680542,0.7397902011871338,-0.01795893907546997
rs20,11,9-16,0,warm_full_hi,0,0.6001031398773193,0.0,0.7397902011871338,-0.13968706130981445
rs20,11,9-16,0,warm_full_hi,1,0.13213147222995758,0.0028471946716308594,0.7397902011871338,-0.6076587289571762
rs20,11,9-16,0,warm_full_hi,2,0.4450012743473053,0.006253242492675781,0.7397902011871338,-0.2947889268398285
rs20,11,9-16,0,warm_full_hi,5,0.3419596254825592,0.015050411224365234,0.7397902011871338,-0.3978305757045746
rs20,11,9-16,0,warm_full_hi,10,0.5030836462974548,0.02786993980407715,0.7397902011871338,-0.23670655488967896
rs20,11,9-16,0,warm_full_hi,20,0.5852148532867432,0.05325770378112793,0.7397902011871338,-0.15457534790039062
rs20,11,9-16,0,warm_full_hi,50,0.6475917100906372,0.12546777725219727,0.7397902011871338,-0.09219849109649658
rs20,11,9-16,0,warm_full_hi,100,0.6679312586784363,0.2452530860900879,0.7397902011871338,-0.07185894250869751
rs20,11,9-16,0,warm_full_hi,200,0.6787274479866028,0.493574857711792,0.7397902011871338,-0.061062753200531006
rs20,11,9-16,0,warm_full_hi,500,0.707525908946991,1.2275571823120117,0.7397902011871338,-0.03226429224014282
rs20,11,9-16,0,warm_head,0,0.6001031398773193,0.0,0.7397902011871338,-0.13968706130981445
rs20,11,9-16,0,warm_head,1,0.6024664044380188,0.0021576881408691406,0.7397902011871338,-0.137323796749115
rs20,11,9-16,0,warm_head,2,0.6046392321586609,0.004516124725341797,0.7397902011871338,-0.1351509690284729
rs20,11,9-16,0,warm_head,5,0.6091323494911194,0.01060032844543457,0.7397902011871338,-0.1306578516960144
rs20,11,9-16,0,warm_head,10,0.6128562092781067,0.020144939422607422,0.7397902011871338,-0.1269339919090271
rs20,11,9-16,0,warm_head,20,0.6173775792121887,0.03751373291015625,0.7397902011871338,-0.12241262197494507
rs20,11,9-16,0,warm_head,50,0.622242271900177,0.09201288223266602,0.7397902011871338,-0.11754792928695679
rs20,11,9-16,0,warm_head,100,0.6242431998252869,0.17901849746704102,0.7397902011871338,-0.11554700136184692
rs20,11,9-16,0,warm_head,200,0.6262306571006775,0.33784937858581543,0.7397902011871338,-0.1135595440864563
rs20,11,9-16,0,warm_head,500,0.6292072534561157,0.8469455242156982,0.7397902011871338,-0.11058294773101807
rs20,11,9-16,1,cold,0,0.0006532122497446835,0.0,0.7397902011871338,-0.7391369889373891
rs20,11,9-16,1,cold,1,0.021323001012206078,0.1244821548461914,0.7397902011871338,-0.7184672001749277
rs20,11,9-16,1,cold,2,0.0487530380487442,0.128570556640625,0.7397902011871338,-0.6910371631383896
rs20,11,9-16,1,cold,5,0.20921416580677032,0.13521575927734375,0.7397902011871338,-0.5305760353803635
rs20,11,9-16,1,cold,10,0.39662811160087585,0.14538240432739258,0.7397902011871338,-0.34316208958625793
rs20,11,9-16,1,cold,20,0.5011063814163208,0.16450023651123047,0.7397902011871338,-0.238683819770813
rs20,11,9-16,1,cold,50,0.5919231176376343,0.22371840476989746,0.7397902011871338,-0.1478670835494995
rs20,11,9-16,1,cold,100,0.6288849711418152,0.3382396697998047,0.7397902011871338,-0.1109052300453186
rs20,11,9-16,1,cold,200,0.6535233855247498,0.5540430545806885,0.7397902011871338,-0.08626681566238403
rs20,11,9-16,1,cold,500,0.6992120146751404,1.1199533939361572,0.7397902011871338,-0.04057818651199341
rs20,11,9-16,1,warm_full,0,0.6001031398773193,0.0,0.7397902011871338,-0.13968706130981445
rs20,11,9-16,1,warm_full,1,0.6015080809593201,0.002485513687133789,0.7397902011871338,-0.13828212022781372
rs20,11,9-16,1,warm_full,2,0.6197309494018555,0.005034685134887695,0.7397902011871338,-0.12005925178527832
rs20,11,9-16,1,warm_full,5,0.6213393807411194,0.011145353317260742,0.7397902011871338,-0.1184508204460144
rs20,11,9-16,1,warm_full,10,0.6397512555122375,0.02037644386291504,0.7397902011871338,-0.10003894567489624
rs20,11,9-16,1,warm_full,20,0.653179943561554,0.03893852233886719,0.7397902011871338,-0.08661025762557983
rs20,11,9-16,1,warm_full,50,0.6690817475318909,0.09329962730407715,0.7397902011871338,-0.07070845365524292
rs20,11,9-16,1,warm_full,100,0.6885281205177307,0.1922621726989746,0.7397902011871338,-0.051262080669403076
rs20,11,9-16,1,warm_full,200,0.6949868202209473,0.4007406234741211,0.7397902011871338,-0.04480338096618652
rs20,11,9-16,1,warm_full,500,0.7219350337982178,1.0960354804992676,0.7397902011871338,-0.017855167388916016
rs20,11,9-16,1,warm_full_hi,0,0.6001031398773193,0.0,0.7397902011871338,-0.13968706130981445
rs20,11,9-16,1,warm_full_hi,1,0.0844094380736351,0.002635478973388672,0.7397902011871338,-0.6553807631134987
rs20,11,9-16,1,warm_full_hi,2,0.4364444315433502,0.005337715148925781,0.7397902011871338,-0.30334576964378357
rs20,11,9-16,1,warm_full_hi,5,0.3396822512149811,0.011981725692749023,0.7397902011871338,-0.4001079499721527
rs20,11,9-16,1,warm_full_hi,10,0.4748464822769165,0.021983861923217773,0.7397902011871338,-0.2649437189102173
rs20,11,9-16,1,warm_full_hi,20,0.5870024561882019,0.041565895080566406,0.7397902011871338,-0.15278774499893188
rs20,11,9-16,1,warm_full_hi,50,0.6530612111091614,0.09798789024353027,0.7397902011871338,-0.08672899007797241
rs20,11,9-16,1,warm_full_hi,100,0.6754279732704163,0.1984386444091797,0.7397902011871338,-0.06436222791671753
rs20,11,9-16,1,warm_full_hi,200,0.6854678988456726,0.3876967430114746,0.7397902011871338,-0.05432230234146118
rs20,11,9-16,1,warm_full_hi,500,0.7214674949645996,0.9966704845428467,0.7397902011871338,-0.01832270622253418
rs20,11,9-16,1,warm_head,0,0.6001031398773193,0.0,0.7397902011871338,-0.13968706130981445
rs20,11,9-16,1,warm_head,1,0.6028146147727966,0.0018887519836425781,0.7397902011871338,-0.13697558641433716
rs20,11,9-16,1,warm_head,2,0.6050640940666199,0.003997325897216797,0.7397902011871338,-0.13472610712051392
rs20,11,9-16,1,warm_head,5,0.6094719767570496,0.008761167526245117,0.7397902011871338,-0.13031822443008423
rs20,11,9-16,1,warm_head,10,0.6131375432014465,0.0170440673828125,0.7397902011871338,-0.12665265798568726
rs20,11,9-16,1,warm_head,20,0.6171845197677612,0.03241991996765137,0.7397902011871338,-0.12260568141937256
rs20,11,9-16,1,warm_head,50,0.6225219368934631,0.07922601699829102,0.7397902011871338,-0.11726826429367065
rs20,11,9-16,1,warm_head,100,0.6247177124023438,0.15566635131835938,0.7397902011871338,-0.11507248878479004
rs20,11,9-16,1,warm_head,200,0.626654863357544,0.286212682723999,0.7397902011871338,-0.11313533782958984
rs20,11,9-16,1,warm_head,500,0.6291601061820984,0.6752486228942871,0.7397902011871338,-0.1106300950050354
rs21,14,9-16,0,cold,0,0.0010732015362009406,0.0,0.7479550242424011,-0.7468818227062002
rs21,14,9-16,0,cold,1,0.029474789276719093,0.14318585395812988,0.7479550242424011,-0.718480234965682
rs21,14,9-16,0,cold,2,0.066940076649189,0.1471261978149414,0.7479550242424011,-0.6810149475932121
rs21,14,9-16,0,cold,5,0.25959375500679016,0.15459847450256348,0.7479550242424011,-0.48836126923561096
rs21,14,9-16,0,cold,10,0.3995225131511688,0.16828036308288574,0.7479550242424011,-0.3484325110912323
rs21,14,9-16,0,cold,20,0.4926551282405853,0.19283246994018555,0.7479550242424011,-0.2552998960018158
rs21,14,9-16,0,cold,50,0.5969151854515076,0.2669036388397217,0.7479550242424011,-0.15103983879089355
rs21,14,9-16,0,cold,100,0.6356543898582458,0.38781070709228516,0.7479550242424011,-0.11230063438415527
rs21,14,9-16,0,cold,200,0.6574172377586365,0.6325984001159668,0.7479550242424011,-0.09053778648376465
rs21,14,9-16,0,cold,500,0.6954934597015381,1.3702945709228516,0.7479550242424011,-0.05246156454086304
rs21,14,9-16,0,warm_full,0,0.5854184031486511,0.0,0.7479550242424011,-0.16253662109375
rs21,14,9-16,0,warm_full,1,0.6047056913375854,0.002964019775390625,0.7479550242424011,-0.14324933290481567
rs21,14,9-16,0,warm_full,2,0.6049125790596008,0.006524801254272461,0.7479550242424011,-0.1430424451828003
rs21,14,9-16,0,warm_full,5,0.586530864238739,0.014822721481323242,0.7479550242424011,-0.1614241600036621
rs21,14,9-16,0,warm_full,10,0.6257888674736023,0.026922941207885742,0.7479550242424011,-0.12216615676879883
rs21,14,9-16,0,warm_full,20,0.6537150740623474,0.05123424530029297,0.7479550242424011,-0.09423995018005371
rs21,14,9-16,0,warm_full,50,0.6753597855567932,0.12361502647399902,0.7479550242424011,-0.07259523868560791
rs21,14,9-16,0,warm_full,100,0.6806855201721191,0.24527263641357422,0.7479550242424011,-0.06726950407028198
rs21,14,9-16,0,warm_full,200,0.6990130543708801,0.4880239963531494,0.7479550242424011,-0.048941969871520996
rs21,14,9-16,0,warm_full,500,0.7217071652412415,1.221102237701416,0.7479550242424011,-0.026247859001159668
rs21,14,9-16,0,warm_full_hi,0,0.5854184031486511,0.0,0.7479550242424011,-0.16253662109375
rs21,14,9-16,0,warm_full_hi,1,0.3757801055908203,0.0030167102813720703,0.7479550242424011,-0.3721749186515808
rs21,14,9-16,0,warm_full_hi,2,0.41601821780204773,0.0062694549560546875,0.7479550242424011,-0.3319368064403534
rs21,14,9-16,0,warm_full_hi,5,0.452044278383255,0.015273094177246094,0.7479550242424011,-0.2959107458591461
rs21,14,9-16,0,warm_full_hi,10,0.5476681590080261,0.02864360809326172,0.7479550242424011,-0.200286865234375
rs21,14,9-16,0,warm_full_hi,20,0.5829662084579468,0.0529024600982666,0.7479550242424011,-0.16498881578445435
rs21,14,9-16,0,warm_full_hi,50,0.6604958176612854,0.1267848014831543,0.7479550242424011,-0.08745920658111572
rs21,14,9-16,0,warm_full_hi,100,0.680949866771698,0.2510693073272705,0.7479550242424011,-0.06700515747070312
rs21,14,9-16,0,warm_full_hi,200,0.6878265738487244,0.4997098445892334,0.7479550242424011,-0.06012845039367676
rs21,14,9-16,0,warm_full_hi,500,0.7094480991363525,1.235105276107788,0.7479550242424011,-0.038506925106048584
rs21,14,9-16,0,warm_head,0,0.5854184031486511,0.0,0.7479550242424011,-0.16253662109375
rs21,14,9-16,0,warm_head,1,0.5877702236175537,0.0021338462829589844,0.7479550242424011,-0.1601848006248474
rs21,14,9-16,0,warm_head,2,0.5896479487419128,0.0044825077056884766,0.7479550242424011,-0.15830707550048828
rs21,14,9-16,0,warm_head,5,0.5940389037132263,0.011094808578491211,0.7479550242424011,-0.1539161205291748
rs21,14,9-16,0,warm_head,10,0.5988720655441284,0.020717620849609375,0.7479550242424011,-0.1490829586982727
rs21,14,9-16,0,warm_head,20,0.6049001812934875,0.038335323333740234,0.7479550242424011,-0.14305484294891357
rs21,14,9-16,0,warm_head,50,0.6115339398384094,0.09619951248168945,0.7479550242424011,-0.1364210844039917
rs21,14,9-16,0,warm_head,100,0.6165506839752197,0.1808154582977295,0.7479550242424011,-0.1314043402671814
rs21,14,9-16,0,warm_head,200,0.6221693754196167,0.3422544002532959,0.7479550242424011,-0.12578564882278442
rs21,14,9-16,0,warm_head,500,0.6300667524337769,0.841702938079834,0.7479550242424011,-0.11788827180862427
rs21,14,9-16,1,cold,0,0.0013793507823720574,0.0,0.7479550242424011,-0.7465756734600291
rs21,14,9-16,1,cold,1,0.025462424382567406,0.11641240119934082,0.7479550242424011,-0.7224925998598337
rs21,14,9-16,1,cold,2,0.06055474281311035,0.11980724334716797,0.7479550242424011,-0.6874002814292908
rs21,14,9-16,1,cold,5,0.2526538074016571,0.12508511543273926,0.7479550242424011,-0.495301216840744
rs21,14,9-16,1,cold,10,0.3982353210449219,0.1338968276977539,0.7479550242424011,-0.34971970319747925
rs21,14,9-16,1,cold,20,0.49761366844177246,0.15303492546081543,0.7479550242424011,-0.25034135580062866
rs21,14,9-16,1,cold,50,0.5970602631568909,0.20802783966064453,0.7479550242424011,-0.15089476108551025
rs21,14,9-16,1,cold,100,0.6312547922134399,0.3071722984313965,0.7479550242424011,-0.11670023202896118
rs21,14,9-16,1,cold,200,0.663557231426239,0.49587297439575195,0.7479550242424011,-0.08439779281616211
rs21,14,9-16,1,cold,500,0.6929834485054016,1.0794131755828857,0.7479550242424011,-0.05497157573699951
rs21,14,9-16,1,warm_full,0,0.5854184031486511,0.0,0.7479550242424011,-0.16253662109375
rs21,14,9-16,1,warm_full,1,0.6044087409973145,0.0033681392669677734,0.7479550242424011,-0.14354628324508667
rs21,14,9-16,1,warm_full,2,0.6040816903114319,0.006011486053466797,0.7479550242424011,-0.14387333393096924
rs21,14,9-16,1,warm_full,5,0.6120644211769104,0.014232635498046875,0.7479550242424011,-0.13589060306549072
rs21,14,9-16,1,warm_full,10,0.6436477899551392,0.025252103805541992,0.7479550242424011,-0.10430723428726196
rs21,14,9-16,1,warm_full,20,0.6620593070983887,0.04915881156921387,0.7479550242424011,-0.08589571714401245
rs21,14,9-16,1,warm_full,50,0.6762149333953857,0.11773300170898438,0.7479550242424011,-0.07174009084701538
rs21,14,9-16,1,warm_full,100,0.688866376876831,0.2135791778564453,0.7479550242424011,-0.05908864736557007
rs21,14,9-16,1,warm_full,200,0.7016066908836365,0.40687012672424316,0.7479550242424011,-0.04634833335876465
rs21,14,9-16,1,warm_full,500,0.7205576300621033,0.9919543266296387,0.7479550242424011,-0.02739739418029785
rs21,14,9-16,1,warm_full_hi,0,0.5854184031486511,0.0,0.7479550242424011,-0.16253662109375
rs21,14,9-16,1,warm_full_hi,1,0.27023470401763916,0.0025141239166259766,0.7479550242424011,-0.47772032022476196
rs21,14,9-16,1,warm_full_hi,2,0.4099667966365814,0.005587339401245117,0.7479550242424011,-0.3379882276058197
rs21,14,9-16,1,warm_full_hi,5,0.5030315518379211,0.012847185134887695,0.7479550242424011,-0.24492347240447998
rs21,14,9-16,1,warm_full_hi,10,0.5695958733558655,0.023770570755004883,0.7479550242424011,-0.17835915088653564
rs21,14,9-16,1,warm_full_hi,20,0.6226537823677063,0.04542088508605957,0.7479550242424011,-0.12530124187469482
rs21,14,9-16,1,warm_full_hi,50,0.6575821042060852,0.10991263389587402,0.7479550242424011,-0.09037292003631592
rs21,14,9-16,1,warm_full_hi,100,0.6750364303588867,0.22074437141418457,0.7479550242424011,-0.0729185938835144
rs21,14,9-16,1,warm_full_hi,200,0.687105655670166,0.48275208473205566,0.7479550242424011,-0.06084936857223511
rs21,14,9-16,1,warm_full_hi,500,0.7050788402557373,1.0824370384216309,0.7479550242424011,-0.04287618398666382
rs21,14,9-16,1,warm_head,0,0.5854184031486511,0.0,0.7479550242424011,-0.16253662109375
rs21,14,9-16,1,warm_head,1,0.5879212021827698,0.0016827583312988281,0.7479550242424011,-0.16003382205963135
rs21,14,9-16,1,warm_head,2,0.5904166102409363,0.003568887710571289,0.7479550242424011,-0.15753841400146484
rs21,14,9-16,1,warm_head,5,0.5952188372612,0.008171558380126953,0.7479550242424011,-0.15273618698120117
rs21,14,9-16,1,warm_head,10,0.5994424223899841,0.015345096588134766,0.7479550242424011,-0.148512601852417
rs21,14,9-16,1,warm_head,20,0.605065643787384,0.028588533401489258,0.7479550242424011,-0.1428893804550171
rs21,14,9-16,1,warm_head,50,0.6117637753486633,0.06639766693115234,0.7479550242424011,-0.1361912488937378
rs21,14,9-16,1,warm_head,100,0.6167347431182861,0.1292281150817871,0.7479550242424011,-0.131220281124115
rs21,14,9-16,1,warm_head,200,0.6224785447120667,0.25419068336486816,0.7479550242424011,-0.12547647953033447
rs21,14,9-16,1,warm_head,500,0.6301510334014893,0.6619300842285156,0.7479550242424011,-0.11780399084091187
rs22,15,9-16,0,cold,0,0.001475835801102221,0.0,0.7523463368415833,-0.750870501040481
rs22,15,9-16,0,cold,1,0.02504618465900421,0.13853669166564941,0.7523463368415833,-0.727300152182579
rs22,15,9-16,0,cold,2,0.05702526867389679,0.14279747009277344,0.7523463368415833,-0.6953210681676865
rs22,15,9-16,0,cold,5,0.23195891082286835,0.15286493301391602,0.7523463368415833,-0.5203874260187149
rs22,15,9-16,0,cold,10,0.43259644508361816,0.16587257385253906,0.7523463368415833,-0.3197498917579651
rs22,15,9-16,0,cold,20,0.4910096228122711,0.19082045555114746,0.7523463368415833,-0.26133671402931213
rs22,15,9-16,0,cold,50,0.5622053146362305,0.2758910655975342,0.7523463368415833,-0.19014102220535278
rs22,15,9-16,0,cold,100,0.6150849461555481,0.3993382453918457,0.7523463368415833,-0.13726139068603516
rs22,15,9-16,0,cold,200,0.6381183862686157,0.649329423904419,0.7523463368415833,-0.11422795057296753
rs22,15,9-16,0,cold,500,0.6844188570976257,1.39353609085083,0.7523463368415833,-0.06792747974395752
rs22,15,9-16,0,warm_full,0,0.5737746357917786,0.0,0.7523463368415833,-0.1785717010498047
rs22,15,9-16,0,warm_full,1,0.5790579915046692,0.0033943653106689453,0.7523463368415833,-0.17328834533691406
rs22,15,9-16,0,warm_full,2,0.5882155299186707,0.006888866424560547,0.7523463368415833,-0.1641308069229126
rs22,15,9-16,0,warm_full,5,0.5834266543388367,0.015196084976196289,0.7523463368415833,-0.16891968250274658
rs22,15,9-16,0,warm_full,10,0.594883382320404,0.027875661849975586,0.7523463368415833,-0.1574629545211792
rs22,15,9-16,0,warm_full,20,0.6231675148010254,0.0531916618347168,0.7523463368415833,-0.12917882204055786
rs22,15,9-16,0,warm_full,50,0.6480942368507385,0.12731289863586426,0.7523463368415833,-0.10425209999084473
rs22,15,9-16,0,warm_full,100,0.6607298254966736,0.2521543502807617,0.7523463368415833,-0.09161651134490967
rs22,15,9-16,0,warm_full,200,0.6826390624046326,0.5059049129486084,0.7523463368415833,-0.06970727443695068
rs22,15,9-16,0,warm_full,500,0.7046565413475037,1.254225730895996,0.7523463368415833,-0.04768979549407959
rs22,15,9-16,0,warm_full_hi,0,0.5737746357917786,0.0,0.7523463368415833,-0.1785717010498047
rs22,15,9-16,0,warm_full_hi,1,0.10185755044221878,0.003180980682373047,0.7523463368415833,-0.6504887863993645
rs22,15,9-16,0,warm_full_hi,2,0.46905434131622314,0.006688356399536133,0.7523463368415833,-0.2832919955253601
rs22,15,9-16,0,warm_full_hi,5,0.2595003545284271,0.01514744758605957,0.7523463368415833,-0.49284598231315613
rs22,15,9-16,0,warm_full_hi,10,0.32471784949302673,0.028194665908813477,0.7523463368415833,-0.4276284873485565
rs22,15,9-16,0,warm_full_hi,20,0.4995916783809662,0.05578923225402832,0.7523463368415833,-0.25275465846061707
rs22,15,9-16,0,warm_full_hi,50,0.6020956635475159,0.13112306594848633,0.7523463368415833,-0.15025067329406738
rs22,15,9-16,0,warm_full_hi,100,0.635671079158783,0.254382848739624,0.7523463368415833,-0.11667525768280029
rs22,15,9-16,0,warm_full_hi,200,0.6443957686424255,0.5101737976074219,0.7523463368415833,-0.10795056819915771
rs22,15,9-16,0,warm_full_hi,500,0.7020642161369324,1.2357518672943115,0.7523463368415833,-0.05028212070465088
rs22,15,9-16,0,warm_head,0,0.5737746357917786,0.0,0.7523463368415833,-0.1785717010498047
rs22,15,9-16,0,warm_head,1,0.5770127773284912,0.0020182132720947266,0.7523463368415833,-0.17533355951309204
rs22,15,9-16,0,warm_head,2,0.57984858751297,0.004238605499267578,0.7523463368415833,-0.17249774932861328
rs22,15,9-16,0,warm_head,5,0.5850387215614319,0.00946664810180664,0.7523463368415833,-0.16730761528015137
rs22,15,9-16,0,warm_head,10,0.5886512994766235,0.018079280853271484,0.7523463368415833,-0.16369503736495972
rs22,15,9-16,0,warm_head,20,0.5925513505935669,0.03406834602355957,0.7523463368415833,-0.15979498624801636
rs22,15,9-16,0,warm_head,50,0.5957487225532532,0.07956910133361816,0.7523463368415833,-0.15659761428833008
rs22,15,9-16,0,warm_head,100,0.5978052020072937,0.15407729148864746,0.7523463368415833,-0.15454113483428955
rs22,15,9-16,0,warm_head,200,0.6001121401786804,0.3034789562225342,0.7523463368415833,-0.15223419666290283
rs22,15,9-16,0,warm_head,500,0.6031741499900818,0.764589786529541,0.7523463368415833,-0.14917218685150146
rs22,15,9-16,1,cold,0,0.0005194246768951416,0.0,0.7523463368415833,-0.7518269121646881
rs22,15,9-16,1,cold,1,0.02122637629508972,0.11374640464782715,0.7523463368415833,-0.7311199605464935
rs22,15,9-16,1,cold,2,0.04792090132832527,0.11698627471923828,0.7523463368415833,-0.704425435513258
rs22,15,9-16,1,cold,5,0.20389582216739655,0.12199831008911133,0.7523463368415833,-0.5484505146741867
rs22,15,9-16,1,cold,10,0.37369000911712646,0.13091540336608887,0.7523463368415833,-0.3786563277244568
rs22,15,9-16,1,cold,20,0.48220565915107727,0.15021133422851562,0.7523463368415833,-0.270140677690506
rs22,15,9-16,1,cold,50,0.5630477070808411,0.205047607421875,0.7523463368415833,-0.1892986297607422
rs22,15,9-16,1,cold,100,0.6093659400939941,0.29805541038513184,0.7523463368415833,-0.1429803967475891
rs22,15,9-16,1,cold,200,0.6331431865692139,0.48300766944885254,0.7523463368415833,-0.11920315027236938
rs22,15,9-16,1,cold,500,0.6873273849487305,1.0684785842895508,0.7523463368415833,-0.06501895189285278
rs22,15,9-16,1,warm_full,0,0.5737746357917786,0.0,0.7523463368415833,-0.1785717010498047
rs22,15,9-16,1,warm_full,1,0.5748385787010193,0.0027048587799072266,0.7523463368415833,-0.17750775814056396
rs22,15,9-16,1,warm_full,2,0.5926037430763245,0.005471944808959961,0.7523463368415833,-0.1597425937652588
rs22,15,9-16,1,warm_full,5,0.593960702419281,0.012628316879272461,0.7523463368415833,-0.15838563442230225
rs22,15,9-16,1,warm_full,10,0.611427366733551,0.0225522518157959,0.7523463368415833,-0.14091897010803223
rs22,15,9-16,1,warm_full,20,0.6276598572731018,0.043176889419555664,0.7523463368415833,-0.12468647956848145
rs22,15,9-16,1,warm_full,50,0.6480974555015564,0.09984660148620605,0.7523463368415833,-0.10424888134002686
rs22,15,9-16,1,warm_full,100,0.6674392223358154,0.19271588325500488,0.7523463368415833,-0.08490711450576782
rs22,15,9-16,1,warm_full,200,0.678661048412323,0.38355183601379395,0.7523463368415833,-0.07368528842926025
rs22,15,9-16,1,warm_full,500,0.7104002833366394,0.9616489410400391,0.7523463368415833,-0.04194605350494385
rs22,15,9-16,1,warm_full_hi,0,0.5737746357917786,0.0,0.7523463368415833,-0.1785717010498047
rs22,15,9-16,1,warm_full_hi,1,0.11586342006921768,0.002531290054321289,0.7523463368415833,-0.6364829167723656
rs22,15,9-16,1,warm_full_hi,2,0.4709104299545288,0.0051517486572265625,0.7523463368415833,-0.28143590688705444
rs22,15,9-16,1,warm_full_hi,5,0.26322677731513977,0.011746406555175781,0.7523463368415833,-0.4891195595264435
rs22,15,9-16,1,warm_full_hi,10,0.33088192343711853,0.02202892303466797,0.7523463368415833,-0.4214644134044647
rs22,15,9-16,1,warm_full_hi,20,0.4881218671798706,0.04149007797241211,0.7523463368415833,-0.26422446966171265
rs22,15,9-16,1,warm_full_hi,50,0.594824492931366,0.09692502021789551,0.7523463368415833,-0.15752184391021729
rs22,15,9-16,1,warm_full_hi,100,0.6339059472084045,0.19755196571350098,0.7523463368415833,-0.11844038963317871
rs22,15,9-16,1,warm_full_hi,200,0.6580116748809814,0.39150524139404297,0.7523463368415833,-0.0943346619606018
rs22,15,9-16,1,warm_full_hi,500,0.6943448185920715,0.9509944915771484,0.7523463368415833,-0.05800151824951172
rs22,15,9-16,1,warm_head,0,0.5737746357917786,0.0,0.7523463368415833,-0.1785717010498047
rs22,15,9-16,1,warm_head,1,0.5770646929740906,0.0016970634460449219,0.7523463368415833,-0.17528164386749268
rs22,15,9-16,1,warm_head,2,0.5796687602996826,0.0036063194274902344,0.7523463368415833,-0.17267757654190063
rs22,15,9-16,1,warm_head,5,0.5847083926200867,0.008319854736328125,0.7523463368415833,-0.16763794422149658
rs22,15,9-16,1,warm_head,10,0.5881074666976929,0.015600442886352539,0.7523463368415833,-0.16423887014389038
rs22,15,9-16,1,warm_head,20,0.5921023488044739,0.029002904891967773,0.7523463368415833,-0.16024398803710938
rs22,15,9-16,1,warm_head,50,0.595836877822876,0.06717801094055176,0.7523463368415833,-0.15650945901870728
rs22,15,9-16,1,warm_head,100,0.5978839993476868,0.13042163848876953,0.7523463368415833,-0.15446233749389648
rs22,15,9-16,1,warm_head,200,0.6002852320671082,0.2556192874908447,0.7523463368415833,-0.1520611047744751
rs22,15,9-16,1,warm_head,500,0.6029576659202576,0.6301276683807373,0.7523463368415833,-0.14938867092132568
rs23,14,9-16,0,cold,0,0.0026372571010142565,0.0,0.6769843101501465,-0.6743470530491322
rs23,14,9-16,0,cold,1,0.0285895224660635,0.11590409278869629,0.6769843101501465,-0.648394787684083
rs23,14,9-16,0,cold,2,0.062955841422081,0.11942052841186523,0.6769843101501465,-0.6140284687280655
rs23,14,9-16,0,cold,5,0.24237143993377686,0.12673306465148926,0.6769843101501465,-0.43461287021636963
rs23,14,9-16,0,cold,10,0.3889721930027008,0.13760972023010254,0.6769843101501465,-0.2880121171474457
rs23,14,9-16,0,cold,20,0.45622754096984863,0.15740489959716797,0.6769843101501465,-0.22075676918029785
rs23,14,9-16,0,cold,50,0.5132164359092712,0.2143850326538086,0.6769843101501465,-0.16376787424087524
rs23,14,9-16,0,cold,100,0.5508821606636047,0.31146669387817383,0.6769843101501465,-0.12610214948654175
rs23,14,9-16,0,cold,200,0.6052237153053284,0.5045056343078613,0.6769843101501465,-0.07176059484481812
rs23,14,9-16,0,cold,500,0.6206730008125305,1.2460732460021973,0.6769843101501465,-0.05631130933761597
rs23,14,9-16,0,warm_full,0,0.5466442108154297,0.0,0.6769843101501465,-0.1303400993347168
rs23,14,9-16,0,warm_full,1,0.5305781960487366,0.002839803695678711,0.6769843101501465,-0.1464061141014099
rs23,14,9-16,0,warm_full,2,0.5573490262031555,0.006250143051147461,0.6769843101501465,-0.11963528394699097
rs23,14,9-16,0,warm_full,5,0.5642159581184387,0.014763593673706055,0.6769843101501465,-0.11276835203170776
rs23,14,9-16,0,warm_full,10,0.5833699703216553,0.027090787887573242,0.6769843101501465,-0.09361433982849121
rs23,14,9-16,0,warm_full,20,0.603245198726654,0.05128741264343262,0.6769843101501465,-0.07373911142349243
rs23,14,9-16,0,warm_full,50,0.6259418725967407,0.12695813179016113,0.6769843101501465,-0.05104243755340576
rs23,14,9-16,0,warm_full,100,0.6344411969184875,0.24943232536315918,0.6769843101501465,-0.042543113231658936
rs23,14,9-16,0,warm_full,200,0.649833619594574,0.4946613311767578,0.6769843101501465,-0.02715069055557251
rs23,14,9-16,0,warm_full,500,0.665226399898529,1.2242190837860107,0.6769843101501465,-0.011757910251617432
rs23,14,9-16,0,warm_full_hi,0,0.5466442108154297,0.0,0.6769843101501465,-0.1303400993347168
rs23,14,9-16,0,warm_full_hi,1,0.06654054671525955,0.0030219554901123047,0.6769843101501465,-0.6104437634348869
rs23,14,9-16,0,warm_full_hi,2,0.3305686116218567,0.006266117095947266,0.6769843101501465,-0.3464156985282898
rs23,14,9-16,0,warm_full_hi,5,0.2960761487483978,0.014331817626953125,0.6769843101501465,-0.38090816140174866
rs23,14,9-16,0,warm_full_hi,10,0.40978527069091797,0.026995420455932617,0.6769843101501465,-0.2671990394592285
rs23,14,9-16,0,warm_full_hi,20,0.5149194598197937,0.05199551582336426,0.6769843101501465,-0.16206485033035278
rs23,14,9-16,0,warm_full_hi,50,0.595572829246521,0.12637114524841309,0.6769843101501465,-0.08141148090362549
rs23,14,9-16,0,warm_full_hi,100,0.6032782196998596,0.25270628929138184,0.6769843101501465,-0.07370609045028687
rs23,14,9-16,0,warm_full_hi,200,0.6405152678489685,0.5033574104309082,0.6769843101501465,-0.03646904230117798
rs23,14,9-16,0,warm_full_hi,500,0.6541408896446228,1.2451095581054688,0.6769843101501465,-0.02284342050552368
rs23,14,9-16,0,warm_head,0,0.5466442108154297,0.0,0.6769843101501465,-0.1303400993347168
rs23,14,9-16,0,warm_head,1,0.548362672328949,0.0021877288818359375,0.6769843101501465,-0.1286216378211975
rs23,14,9-16,0,warm_head,2,0.5497780442237854,0.004755258560180664,0.6769843101501465,-0.12720626592636108
rs23,14,9-16,0,warm_head,5,0.5529648661613464,0.010847330093383789,0.6769843101501465,-0.12401944398880005
rs23,14,9-16,0,warm_head,10,0.5575317740440369,0.02036738395690918,0.6769843101501465,-0.11945253610610962
rs23,14,9-16,0,warm_head,20,0.5642798542976379,0.03983473777770996,0.6769843101501465,-0.11270445585250854
rs23,14,9-16,0,warm_head,50,0.5712608695030212,0.09162163734436035,0.6769843101501465,-0.10572344064712524
rs23,14,9-16,0,warm_head,100,0.5748185515403748,0.17212438583374023,0.6769843101501465,-0.10216575860977173
rs23,14,9-16,0,warm_head,200,0.5769110918045044,0.342998743057251,0.6769843101501465,-0.10007321834564209
rs23,14,9-16,0,warm_head,500,0.5804588794708252,0.8595020771026611,0.6769843101501465,-0.09652543067932129
rs23,14,9-16,1,cold,0,0.0006835659150965512,0.0,0.6769843101501465,-0.6763007442350499
rs23,14,9-16,1,cold,1,0.020372262224555016,0.11101579666137695,0.6769843101501465,-0.6566120479255915
rs23,14,9-16,1,cold,2,0.05039834976196289,0.11412501335144043,0.6769843101501465,-0.6265859603881836
rs23,14,9-16,1,cold,5,0.22440940141677856,0.11905574798583984,0.6769843101501465,-0.4525749087333679
rs23,14,9-16,1,cold,10,0.36510011553764343,0.12794709205627441,0.6769843101501465,-0.31188419461250305
rs23,14,9-16,1,cold,20,0.45091214776039124,0.14769840240478516,0.6769843101501465,-0.22607216238975525
rs23,14,9-16,1,cold,50,0.5173394083976746,0.203782320022583,0.6769843101501465,-0.15964490175247192
rs23,14,9-16,1,cold,100,0.5629118084907532,0.2957897186279297,0.6769843101501465,-0.11407250165939331
rs23,14,9-16,1,cold,200,0.6021809577941895,0.4862091541290283,0.6769843101501465,-0.07480335235595703
rs23,14,9-16,1,cold,500,0.6283816695213318,1.0377180576324463,0.6769843101501465,-0.0486026406288147
rs23,14,9-16,1,warm_full,0,0.5466442108154297,0.0,0.6769843101501465,-0.1303400993347168
rs23,14,9-16,1,warm_full,1,0.5555427670478821,0.0025947093963623047,0.6769843101501465,-0.1214415431022644
rs23,14,9-16,1,warm_full,2,0.5657288432121277,0.005259990692138672,0.6769843101501465,-0.1112554669380188
rs23,14,9-16,1,warm_full,5,0.5792385339736938,0.01181173324584961,0.6769843101501465,-0.09774577617645264
rs23,14,9-16,1,warm_full,10,0.584557294845581,0.02192401885986328,0.6769843101501465,-0.09242701530456543
rs23,14,9-16,1,warm_full,20,0.6069854497909546,0.04099631309509277,0.6769843101501465,-0.0699988603591919
rs23,14,9-16,1,warm_full,50,0.6218774914741516,0.10515451431274414,0.6769843101501465,-0.05510681867599487
rs23,14,9-16,1,warm_full,100,0.6401103138923645,0.197279691696167,0.6769843101501465,-0.03687399625778198
rs23,14,9-16,1,warm_full,200,0.6440321803092957,0.3867475986480713,0.6769843101501465,-0.03295212984085083
rs23,14,9-16,1,warm_full,500,0.6671975255012512,0.9442894458770752,0.6769843101501465,-0.009786784648895264
rs23,14,9-16,1,warm_full_hi,0,0.5466442108154297,0.0,0.6769843101501465,-0.1303400993347168
rs23,14,9-16,1,warm_full_hi,1,0.2027456909418106,0.0024614334106445312,0.6769843101501465,-0.4742386192083359
rs23,14,9-16,1,warm_full_hi,2,0.3364962339401245,0.0050928592681884766,0.6769843101501465,-0.340488076210022
rs23,14,9-16,1,warm_full_hi,5,0.40564215183258057,0.011962413787841797,0.6769843101501465,-0.2713421583175659
rs23,14,9-16,1,warm_full_hi,10,0.47842442989349365,0.021776676177978516,0.6769843101501465,-0.19855988025665283
rs23,14,9-16,1,warm_full_hi,20,0.5573304295539856,0.04529094696044922,0.6769843101501465,-0.11965388059616089
rs23,14,9-16,1,warm_full_hi,50,0.6034339070320129,0.10452890396118164,0.6769843101501465,-0.07355040311813354
rs23,14,9-16,1,warm_full_hi,100,0.6114397048950195,0.20455527305603027,0.6769843101501465,-0.06554460525512695
rs23,14,9-16,1,warm_full_hi,200,0.6325328946113586,0.39157891273498535,0.6769843101501465,-0.04445141553878784
rs23,14,9-16,1,warm_full_hi,500,0.6662076115608215,0.9590342044830322,0.6769843101501465,-0.010776698589324951
rs23,14,9-16,1,warm_head,0,0.5466442108154297,0.0,0.6769843101501465,-0.1303400993347168
rs23,14,9-16,1,warm_head,1,0.5490967631340027,0.001695871353149414,0.6769843101501465,-0.1278875470161438
rs23,14,9-16,1,warm_head,2,0.5509728789329529,0.003604888916015625,0.6769843101501465,-0.1260114312171936
rs23,14,9-16,1,warm_head,5,0.5541454553604126,0.008044958114624023,0.6769843101501465,-0.12283885478973389
rs23,14,9-16,1,warm_head,10,0.5574219822883606,0.014983654022216797,0.6769843101501465,-0.11956232786178589
rs23,14,9-16,1,warm_head,20,0.5635538101196289,0.028415679931640625,0.6769843101501465,-0.11343050003051758
rs23,14,9-16,1,warm_head,50,0.5714078545570374,0.06644940376281738,0.6769843101501465,-0.10557645559310913
rs23,14,9-16,1,warm_head,100,0.575069010257721,0.12965965270996094,0.6769843101501465,-0.10191529989242554
rs23,14,9-16,1,warm_head,200,0.5780081152915955,0.2547645568847656,0.6769843101501465,-0.09897619485855103
rs23,14,9-16,1,warm_head,500,0.5806448459625244,0.6298840045928955,0.6769843101501465,-0.09633946418762207
rs24,13,9-16,0,cold,0,0.0018178671598434448,0.0,0.729542076587677,-0.7277242094278336
rs24,13,9-16,0,cold,1,0.03580571711063385,0.1433861255645752,0.729542076587677,-0.6937363594770432
rs24,13,9-16,0,cold,2,0.07629340887069702,0.1476755142211914,0.729542076587677,-0.65324866771698
rs24,13,9-16,0,cold,5,0.2910462021827698,0.15500712394714355,0.729542076587677,-0.4384958744049072
rs24,13,9-16,0,cold,10,0.4243440628051758,0.16835737228393555,0.729542076587677,-0.3051980137825012
rs24,13,9-16,0,cold,20,0.4872744381427765,0.1936936378479004,0.729542076587677,-0.2422676384449005
rs24,13,9-16,0,cold,50,0.5669807195663452,0.2778759002685547,0.729542076587677,-0.1625613570213318
rs24,13,9-16,0,cold,100,0.5976342558860779,0.4028475284576416,0.729542076587677,-0.13190782070159912
rs24,13,9-16,0,cold,200,0.6296388506889343,0.687429666519165,0.729542076587677,-0.09990322589874268
rs24,13,9-16,0,cold,500,0.6730143427848816,1.4469032287597656,0.729542076587677,-0.05652773380279541
rs24,13,9-16,0,warm_full,0,0.5873021483421326,0.0,0.729542076587677,-0.14223992824554443
rs24,13,9-16,0,warm_full,1,0.5716347098350525,0.003058195114135742,0.729542076587677,-0.1579073667526245
rs24,13,9-16,0,warm_full,2,0.5881658792495728,0.0064563751220703125,0.729542076587677,-0.14137619733810425
rs24,13,9-16,0,warm_full,5,0.6010807156562805,0.014692068099975586,0.729542076587677,-0.12846136093139648
rs24,13,9-16,0,warm_full,10,0.6173295378684998,0.028143882751464844,0.729542076587677,-0.11221253871917725
rs24,13,9-16,0,warm_full,20,0.6270033717155457,0.05400657653808594,0.729542076587677,-0.10253870487213135
rs24,13,9-16,0,warm_full,50,0.6464598178863525,0.13240766525268555,0.729542076587677,-0.08308225870132446
rs24,13,9-16,0,warm_full,100,0.6557883620262146,0.25641536712646484,0.729542076587677,-0.0737537145614624
rs24,13,9-16,0,warm_full,200,0.6730912327766418,0.45818662643432617,0.729542076587677,-0.056450843811035156
rs24,13,9-16,0,warm_full,500,0.696955144405365,1.1036930084228516,0.729542076587677,-0.03258693218231201
rs24,13,9-16,0,warm_full_hi,0,0.5873021483421326,0.0,0.729542076587677,-0.14223992824554443
rs24,13,9-16,0,warm_full_hi,1,0.08171940594911575,0.0030591487884521484,0.729542076587677,-0.6478226706385612
rs24,13,9-16,0,warm_full_hi,2,0.46336016058921814,0.006400346755981445,0.729542076587677,-0.26618191599845886
rs24,13,9-16,0,warm_full_hi,5,0.30558982491493225,0.015150070190429688,0.729542076587677,-0.42395225167274475
rs24,13,9-16,0,warm_full_hi,10,0.3927980959415436,0.028257369995117188,0.729542076587677,-0.3367439806461334
rs24,13,9-16,0,warm_full_hi,20,0.5427649617195129,0.05305671691894531,0.729542076587677,-0.18677711486816406
rs24,13,9-16,0,warm_full_hi,50,0.6191516518592834,0.12717533111572266,0.729542076587677,-0.11039042472839355
rs24,13,9-16,0,warm_full_hi,100,0.6407021880149841,0.24982738494873047,0.729542076587677,-0.08883988857269287
rs24,13,9-16,0,warm_full_hi,200,0.6507503986358643,0.5024755001068115,0.729542076587677,-0.07879167795181274
rs24,13,9-16,0,warm_full_hi,500,0.688980758190155,1.2402477264404297,0.729542076587677,-0.04056131839752197
rs24,13,9-16,0,warm_head,0,0.5873021483421326,0.0,0.729542076587677,-0.14223992824554443
rs24,13,9-16,0,warm_head,1,0.5888115763664246,0.002149343490600586,0.729542076587677,-0.14073050022125244
rs24,13,9-16,0,warm_head,2,0.5900294184684753,0.00452113151550293,0.729542076587677,-0.13951265811920166
rs24,13,9-16,0,warm_head,5,0.592317521572113,0.010088920593261719,0.729542076587677,-0.13722455501556396
rs24,13,9-16,0,warm_head,10,0.5940716862678528,0.019641399383544922,0.729542076587677,-0.13547039031982422
rs24,13,9-16,0,warm_head,20,0.596320629119873,0.0360567569732666,0.729542076587677,-0.13322144746780396
rs24,13,9-16,0,warm_head,50,0.598763644695282,0.08707261085510254,0.729542076587677,-0.13077843189239502
rs24,13,9-16,0,warm_head,100,0.6019377708435059,0.16946887969970703,0.729542076587677,-0.12760430574417114
rs24,13,9-16,0,warm_head,200,0.6045474410057068,0.3368253707885742,0.729542076587677,-0.12499463558197021
rs24,13,9-16,0,warm_head,500,0.6078889966011047,0.8363001346588135,0.729542076587677,-0.12165307998657227
rs24,13,9-16,1,cold,0,0.0014764765510335565,0.0,0.729542076587677,-0.7280656000366434
rs24,13,9-16,1,cold,1,0.02621387504041195,0.11608743667602539,0.729542076587677,-0.703328201547265
rs24,13,9-16,1,cold,2,0.06096651032567024,0.1190328598022461,0.729542076587677,-0.6685755662620068
rs24,13,9-16,1,cold,5,0.25798550248146057,0.12354207038879395,0.729542076587677,-0.47155657410621643
rs24,13,9-16,1,cold,10,0.40937724709510803,0.13204240798950195,0.729542076587677,-0.32016482949256897
rs24,13,9-16,1,cold,20,0.4925878047943115,0.15138983726501465,0.729542076587677,-0.23695427179336548
rs24,13,9-16,1,cold,50,0.5695095658302307,0.2055521011352539,0.729542076587677,-0.1600325107574463
rs24,13,9-16,1,cold,100,0.5988316535949707,0.29424118995666504,0.729542076587677,-0.1307104229927063
rs24,13,9-16,1,cold,200,0.6128692030906677,0.47878503799438477,0.729542076587677,-0.11667287349700928
rs24,13,9-16,1,cold,500,0.6632032990455627,1.0618209838867188,0.729542076587677,-0.06633877754211426
rs24,13,9-16,1,warm_full,0,0.5873021483421326,0.0,0.729542076587677,-0.14223992824554443
rs24,13,9-16,1,warm_full,1,0.5861351490020752,0.0023641586303710938,0.729542076587677,-0.1434069275856018
rs24,13,9-16,1,warm_full,2,0.5898116827011108,0.004873752593994141,0.729542076587677,-0.13973039388656616
rs24,13,9-16,1,warm_full,5,0.6033876538276672,0.010971307754516602,0.729542076587677,-0.12615442276000977
rs24,13,9-16,1,warm_full,10,0.6123967170715332,0.020238161087036133,0.729542076587677,-0.1171453595161438
rs24,13,9-16,1,warm_full,20,0.6261534094810486,0.03870081901550293,0.729542076587677,-0.10338866710662842
rs24,13,9-16,1,warm_full,50,0.64467453956604,0.09493803977966309,0.729542076587677,-0.08486753702163696
rs24,13,9-16,1,warm_full,100,0.6556180715560913,0.18435406684875488,0.729542076587677,-0.0739240050315857
rs24,13,9-16,1,warm_full,200,0.664895236492157,0.3653569221496582,0.729542076587677,-0.06464684009552002
rs24,13,9-16,1,warm_full,500,0.6911196112632751,0.9359498023986816,0.729542076587677,-0.038422465324401855
rs24,13,9-16,1,warm_full_hi,0,0.5873021483421326,0.0,0.729542076587677,-0.14223992824554443
rs24,13,9-16,1,warm_full_hi,1,0.15530364215373993,0.0025408267974853516,0.729542076587677,-0.5742384344339371
rs24,13,9-16,1,warm_full_hi,2,0.42592206597328186,0.0051708221435546875,0.729542076587677,-0.30362001061439514
rs24,13,9-16,1,warm_full_hi,5,0.3759138584136963,0.01162266731262207,0.729542076587677,-0.3536282181739807
rs24,13,9-16,1,warm_full_hi,10,0.4930190145969391,0.02169179916381836,0.729542076587677,-0.23652306199073792
rs24,13,9-16,1,warm_full_hi,20,0.5847517848014832,0.04227042198181152,0.729542076587677,-0.14479029178619385
rs24,13,9-16,1,warm_full_hi,50,0.6270979642868042,0.09843683242797852,0.729542076587677,-0.1024441123008728
rs24,13,9-16,1,warm_full_hi,100,0.6478373408317566,0.1915874481201172,0.729542076587677,-0.08170473575592041
rs24,13,9-16,1,warm_full_hi,200,0.6485555171966553,0.38060975074768066,0.729542076587677,-0.08098655939102173
rs24,13,9-16,1,warm_full_hi,500,0.6762831807136536,0.9359371662139893,0.729542076587677,-0.05325889587402344
rs24,13,9-16,1,warm_head,0,0.5873021483421326,0.0,0.729542076587677,-0.14223992824554443
rs24,13,9-16,1,warm_head,1,0.5888364911079407,0.0017006397247314453,0.729542076587677,-0.14070558547973633
rs24,13,9-16,1,warm_head,2,0.5900295376777649,0.0036258697509765625,0.729542076587677,-0.1395125389099121
rs24,13,9-16,1,warm_head,5,0.5923334360122681,0.008187294006347656,0.729542076587677,-0.13720864057540894
rs24,13,9-16,1,warm_head,10,0.593795120716095,0.015305519104003906,0.729542076587677,-0.13574695587158203
rs24,13,9-16,1,warm_head,20,0.5954280495643616,0.028681278228759766,0.729542076587677,-0.13411402702331543
rs24,13,9-16,1,warm_head,50,0.5990850925445557,0.06673240661621094,0.729542076587677,-0.13045698404312134
rs24,13,9-16,1,warm_head,100,0.6018978953361511,0.1300032138824463,0.729542076587677,-0.12764418125152588
rs24,13,9-16,1,warm_head,200,0.6049742102622986,0.25649261474609375,0.729542076587677,-0.12456786632537842
rs24,13,9-16,1,warm_head,500,0.6075305938720703,0.6292402744293213,0.729542076587677,-0.12201148271560669
rs25,16,9-16,0,cold,0,0.00236443686299026,0.0,0.7470119595527649,-0.7446475226897746
rs25,16,9-16,0,cold,1,0.038063522428274155,0.1429297924041748,0.7470119595527649,-0.7089484371244907
rs25,16,9-16,0,cold,2,0.08388616889715195,0.14751863479614258,0.7470119595527649,-0.663125790655613
rs25,16,9-16,0,cold,5,0.31087958812713623,0.15554141998291016,0.7470119595527649,-0.43613237142562866
rs25,16,9-16,0,cold,10,0.46035289764404297,0.1683194637298584,0.7470119595527649,-0.2866590619087219
rs25,16,9-16,0,cold,20,0.5214094519615173,0.19483518600463867,0.7470119595527649,-0.22560250759124756
rs25,16,9-16,0,cold,50,0.6154401898384094,0.270763635635376,0.7470119595527649,-0.13157176971435547
rs25,16,9-16,0,cold,100,0.6464309096336365,0.40584778785705566,0.7470119595527649,-0.10058104991912842
rs25,16,9-16,0,cold,200,0.6653078198432922,0.6912961006164551,0.7470119595527649,-0.08170413970947266
rs25,16,9-16,0,cold,500,0.7058475017547607,1.4579699039459229,0.7470119595527649,-0.04116445779800415
rs25,16,9-16,0,warm_full,0,0.6312792301177979,0.0,0.7470119595527649,-0.11573272943496704
rs25,16,9-16,0,warm_full,1,0.5964760184288025,0.003283262252807617,0.7470119595527649,-0.1505359411239624
rs25,16,9-16,0,warm_full,2,0.6263111233711243,0.006638050079345703,0.7470119595527649,-0.12070083618164062
rs25,16,9-16,0,warm_full,5,0.6400358080863953,0.014962434768676758,0.7470119595527649,-0.10697615146636963
rs25,16,9-16,0,warm_full,10,0.6625835299491882,0.027339458465576172,0.7470119595527649,-0.08442842960357666
rs25,16,9-16,0,warm_full,20,0.6708910465240479,0.0526580810546875,0.7470119595527649,-0.07612091302871704
rs25,16,9-16,0,warm_full,50,0.6896160244941711,0.12738442420959473,0.7470119595527649,-0.05739593505859375
rs25,16,9-16,0,warm_full,100,0.6888465285301208,0.2500917911529541,0.7470119595527649,-0.05816543102264404
rs25,16,9-16,0,warm_full,200,0.7108885645866394,0.5032119750976562,0.7470119595527649,-0.03612339496612549
rs25,16,9-16,0,warm_full,500,0.7267592549324036,1.233001708984375,0.7470119595527649,-0.020252704620361328
rs25,16,9-16,0,warm_full_hi,0,0.6312792301177979,0.0,0.7470119595527649,-0.11573272943496704
rs25,16,9-16,0,warm_full_hi,1,0.11725460737943649,0.0031270980834960938,0.7470119595527649,-0.6297573521733284
rs25,16,9-16,0,warm_full_hi,2,0.5099005103111267,0.00615382194519043,0.7470119595527649,-0.23711144924163818
rs25,16,9-16,0,warm_full_hi,5,0.32149097323417664,0.015023946762084961,0.7470119595527649,-0.42552098631858826
rs25,16,9-16,0,warm_full_hi,10,0.41975656151771545,0.027769804000854492,0.7470119595527649,-0.32725539803504944
rs25,16,9-16,0,warm_full_hi,20,0.5554236173629761,0.0529325008392334,0.7470119595527649,-0.19158834218978882
rs25,16,9-16,0,warm_full_hi,50,0.6428119540214539,0.12809300422668457,0.7470119595527649,-0.10420000553131104
rs25,16,9-16,0,warm_full_hi,100,0.6636844277381897,0.25322461128234863,0.7470119595527649,-0.0833275318145752
rs25,16,9-16,0,warm_full_hi,200,0.6757441163063049,0.500340461730957,0.7470119595527649,-0.07126784324645996
rs25,16,9-16,0,warm_full_hi,500,0.7128574252128601,1.246856927871704,0.7470119595527649,-0.034154534339904785
rs25,16,9-16,0,warm_head,0,0.6312792301177979,0.0,0.7470119595527649,-0.11573272943496704
rs25,16,9-16,0,warm_head,1,0.6329284310340881,0.002122640609741211,0.7470119595527649,-0.11408352851867676
rs25,16,9-16,0,warm_head,2,0.6339966654777527,0.004643440246582031,0.7470119595527649,-0.11301529407501221
rs25,16,9-16,0,warm_head,5,0.635270357131958,0.01092672348022461,0.7470119595527649,-0.11174160242080688
rs25,16,9-16,0,warm_head,10,0.6366032361984253,0.020008325576782227,0.7470119595527649,-0.1104087233543396
rs25,16,9-16,0,warm_head,20,0.6403196454048157,0.03832221031188965,0.7470119595527649,-0.10669231414794922
rs25,16,9-16,0,warm_head,50,0.6450697183609009,0.09021162986755371,0.7470119595527649,-0.10194224119186401
rs25,16,9-16,0,warm_head,100,0.6489586234092712,0.1754438877105713,0.7470119595527649,-0.09805333614349365
rs25,16,9-16,0,warm_head,200,0.650351345539093,0.34803032875061035,0.7470119595527649,-0.09666061401367188
rs25,16,9-16,0,warm_head,500,0.6536670327186584,0.8394169807434082,0.7470119595527649,-0.09334492683410645
rs25,16,9-16,1,cold,0,0.0006856769323348999,0.0,0.7470119595527649,-0.74632628262043
rs25,16,9-16,1,cold,1,0.028840363025665283,0.13716864585876465,0.7470119595527649,-0.7181715965270996
rs25,16,9-16,1,cold,2,0.06684799492359161,0.1423025131225586,0.7470119595527649,-0.6801639646291733
rs25,16,9-16,1,cold,5,0.2702205181121826,0.15097904205322266,0.7470119595527649,-0.4767914414405823
rs25,16,9-16,1,cold,10,0.4405299723148346,0.16147065162658691,0.7470119595527649,-0.3064819872379303
rs25,16,9-16,1,cold,20,0.5228727459907532,0.18110895156860352,0.7470119595527649,-0.22413921356201172
rs25,16,9-16,1,cold,50,0.6126598119735718,0.23666644096374512,0.7470119595527649,-0.13435214757919312
rs25,16,9-16,1,cold,100,0.6403498649597168,0.3292088508605957,0.7470119595527649,-0.1066620945930481
rs25,16,9-16,1,cold,200,0.6754265427589417,0.511864185333252,0.7470119595527649,-0.07158541679382324
rs25,16,9-16,1,cold,500,0.7057399749755859,1.107715368270874,0.7470119595527649,-0.041271984577178955
rs25,16,9-16,1,warm_full,0,0.6312792301177979,0.0,0.7470119595527649,-0.11573272943496704
rs25,16,9-16,1,warm_full,1,0.6154569983482361,0.0025436878204345703,0.7470119595527649,-0.1315549612045288
rs25,16,9-16,1,warm_full,2,0.643959105014801,0.00516510009765625,0.7470119595527649,-0.10305285453796387
rs25,16,9-16,1,warm_full,5,0.6490796208381653,0.011619091033935547,0.7470119595527649,-0.09793233871459961
rs25,16,9-16,1,warm_full,10,0.6613966822624207,0.02103710174560547,0.7470119595527649,-0.08561527729034424
rs25,16,9-16,1,warm_full,20,0.6711645126342773,0.0402836799621582,0.7470119595527649,-0.07584744691848755
rs25,16,9-16,1,warm_full,50,0.6821828484535217,0.0950477123260498,0.7470119595527649,-0.06482911109924316
rs25,16,9-16,1,warm_full,100,0.701598584651947,0.18569231033325195,0.7470119595527649,-0.04541337490081787
rs25,16,9-16,1,warm_full,200,0.70599764585495,0.3841133117675781,0.7470119595527649,-0.04101431369781494
rs25,16,9-16,1,warm_full,500,0.7240393161773682,0.9444406032562256,0.7470119595527649,-0.02297264337539673
rs25,16,9-16,1,warm_full_hi,0,0.6312792301177979,0.0,0.7470119595527649,-0.11573272943496704
rs25,16,9-16,1,warm_full_hi,1,0.1178891658782959,0.0024602413177490234,0.7470119595527649,-0.629122793674469
rs25,16,9-16,1,warm_full_hi,2,0.5752737522125244,0.005094766616821289,0.7470119595527649,-0.17173820734024048
rs25,16,9-16,1,warm_full_hi,5,0.34722813963890076,0.011576652526855469,0.7470119595527649,-0.39978381991386414
rs25,16,9-16,1,warm_full_hi,10,0.4589488208293915,0.02171015739440918,0.7470119595527649,-0.2880631387233734
rs25,16,9-16,1,warm_full_hi,20,0.5690129995346069,0.041040897369384766,0.7470119595527649,-0.17799896001815796
rs25,16,9-16,1,warm_full_hi,50,0.6314747929573059,0.10399270057678223,0.7470119595527649,-0.11553716659545898
rs25,16,9-16,1,warm_full_hi,100,0.6734118461608887,0.19935321807861328,0.7470119595527649,-0.07360011339187622
rs25,16,9-16,1,warm_full_hi,200,0.6891276836395264,0.39777374267578125,0.7470119595527649,-0.057884275913238525
rs25,16,9-16,1,warm_full_hi,500,0.7040296196937561,0.9433119297027588,0.7470119595527649,-0.04298233985900879
rs25,16,9-16,1,warm_head,0,0.6312792301177979,0.0,0.7470119595527649,-0.11573272943496704
rs25,16,9-16,1,warm_head,1,0.633305013179779,0.001699209213256836,0.7470119595527649,-0.11370694637298584
rs25,16,9-16,1,warm_head,2,0.6346890926361084,0.0035567283630371094,0.7470119595527649,-0.1123228669166565
rs25,16,9-16,1,warm_head,5,0.6364421844482422,0.008098125457763672,0.7470119595527649,-0.1105697751045227
rs25,16,9-16,1,warm_head,10,0.6372150778770447,0.015252351760864258,0.7470119595527649,-0.10979688167572021
rs25,16,9-16,1,warm_head,20,0.640113890171051,0.028499126434326172,0.7470119595527649,-0.10689806938171387
rs25,16,9-16,1,warm_head,50,0.6456912159919739,0.06636857986450195,0.7470119595527649,-0.10132074356079102
rs25,16,9-16,1,warm_head,100,0.6497010588645935,0.12902092933654785,0.7470119595527649,-0.09731090068817139
rs25,16,9-16,1,warm_head,200,0.6520147919654846,0.2560293674468994,0.7470119595527649,-0.09499716758728027
rs25,16,9-16,1,warm_head,500,0.6536485552787781,0.6199493408203125,0.7470119595527649,-0.09336340427398682
rs26,14,9-16,0,cold,0,0.0009886324405670166,0.0,0.7614054679870605,-0.7604168355464935
rs26,14,9-16,0,cold,1,0.0318266786634922,0.13403558731079102,0.7614054679870605,-0.7295787893235683
rs26,14,9-16,0,cold,2,0.07282742112874985,0.1371927261352539,0.7614054679870605,-0.6885780468583107
rs26,14,9-16,0,cold,5,0.2825404703617096,0.14229631423950195,0.7614054679870605,-0.47886499762535095
rs26,14,9-16,0,cold,10,0.44369491934776306,0.15125203132629395,0.7614054679870605,-0.3177105486392975
rs26,14,9-16,0,cold,20,0.5410045981407166,0.17022919654846191,0.7614054679870605,-0.220400869846344
rs26,14,9-16,0,cold,50,0.6237298846244812,0.23323774337768555,0.7614054679870605,-0.13767558336257935
rs26,14,9-16,0,cold,100,0.6640565395355225,0.3282625675201416,0.7614054679870605,-0.09734892845153809
rs26,14,9-16,0,cold,200,0.6796519160270691,0.5164053440093994,0.7614054679870605,-0.08175355195999146
rs26,14,9-16,0,cold,500,0.7157348990440369,1.0479261875152588,0.7614054679870605,-0.04567056894302368
rs26,14,9-16,0,warm_full,0,0.6745958924293518,0.0,0.7614054679870605,-0.08680957555770874
rs26,14,9-16,0,warm_full,1,0.6773231625556946,0.0023336410522460938,0.7614054679870605,-0.08408230543136597
rs26,14,9-16,0,warm_full,2,0.669287383556366,0.004926919937133789,0.7614054679870605,-0.09211808443069458
rs26,14,9-16,0,warm_full,5,0.6768269538879395,0.011670351028442383,0.7614054679870605,-0.0845785140991211
rs26,14,9-16,0,warm_full,10,0.6853079795837402,0.020751237869262695,0.7614054679870605,-0.07609748840332031
rs26,14,9-16,0,warm_full,20,0.70005863904953,0.0392308235168457,0.7614054679870605,-0.06134682893753052
rs26,14,9-16,0,warm_full,50,0.7140368819236755,0.09571123123168945,0.7614054679870605,-0.04736858606338501
rs26,14,9-16,0,warm_full,100,0.7252596020698547,0.18723082542419434,0.7614054679870605,-0.03614586591720581
rs26,14,9-16,0,warm_full,200,0.7373320460319519,0.3642449378967285,0.7614054679870605,-0.024073421955108643
rs26,14,9-16,0,warm_full,500,0.7512229084968567,0.9382858276367188,0.7614054679870605,-0.010182559490203857
rs26,14,9-16,0,warm_full_hi,0,0.6745958924293518,0.0,0.7614054679870605,-0.08680957555770874
rs26,14,9-16,0,warm_full_hi,1,0.3388492166996002,0.002438783645629883,0.7614054679870605,-0.4225562512874603
rs26,14,9-16,0,warm_full_hi,2,0.37584957480430603,0.004990577697753906,0.7614054679870605,-0.3855558931827545
rs26,14,9-16,0,warm_full_hi,5,0.5259008407592773,0.011862993240356445,0.7614054679870605,-0.2355046272277832
rs26,14,9-16,0,warm_full_hi,10,0.5606053471565247,0.02180004119873047,0.7614054679870605,-0.2008001208305359
rs26,14,9-16,0,warm_full_hi,20,0.6167919039726257,0.04079318046569824,0.7614054679870605,-0.14461356401443481
rs26,14,9-16,0,warm_full_hi,50,0.6954161524772644,0.10287237167358398,0.7614054679870605,-0.06598931550979614
rs26,14,9-16,0,warm_full_hi,100,0.7101208567619324,0.21035337448120117,0.7614054679870605,-0.051284611225128174
rs26,14,9-16,0,warm_full_hi,200,0.7182547450065613,0.4347352981567383,0.7614054679870605,-0.04315072298049927
rs26,14,9-16,0,warm_full_hi,500,0.7318691611289978,1.0438401699066162,0.7614054679870605,-0.029536306858062744
rs26,14,9-16,0,warm_head,0,0.6745958924293518,0.0,0.7614054679870605,-0.08680957555770874
rs26,14,9-16,0,warm_head,1,0.6757116913795471,0.00179290771484375,0.7614054679870605,-0.08569377660751343
rs26,14,9-16,0,warm_head,2,0.6764090061187744,0.003765583038330078,0.7614054679870605,-0.08499646186828613
rs26,14,9-16,0,warm_head,5,0.6777739524841309,0.008731842041015625,0.7614054679870605,-0.08363151550292969
rs26,14,9-16,0,warm_head,10,0.6796147227287292,0.01599717140197754,0.7614054679870605,-0.0817907452583313
rs26,14,9-16,0,warm_head,20,0.6817254424095154,0.0299680233001709,0.7614054679870605,-0.07968002557754517
rs26,14,9-16,0,warm_head,50,0.6850487589836121,0.06886601448059082,0.7614054679870605,-0.07635670900344849
rs26,14,9-16,0,warm_head,100,0.6878237724304199,0.1337602138519287,0.7614054679870605,-0.07358169555664062
rs26,14,9-16,0,warm_head,200,0.6905049681663513,0.2643744945526123,0.7614054679870605,-0.07090049982070923
rs26,14,9-16,0,warm_head,500,0.6935813426971436,0.6377110481262207,0.7614054679870605,-0.06782412528991699
rs26,14,9-16,1,cold,0,0.0017141649732366204,0.0,0.7614054679870605,-0.7596913030138239
rs26,14,9-16,1,cold,1,0.031734127551317215,0.11055231094360352,0.7614054679870605,-0.7296713404357433
rs26,14,9-16,1,cold,2,0.07437751442193985,0.11358880996704102,0.7614054679870605,-0.6870279535651207
rs26,14,9-16,1,cold,5,0.29468175768852234,0.11822175979614258,0.7614054679870605,-0.4667237102985382
rs26,14,9-16,1,cold,10,0.45019829273223877,0.12682580947875977,0.7614054679870605,-0.3112071752548218
rs26,14,9-16,1,cold,20,0.5383926033973694,0.1463470458984375,0.7614054679870605,-0.22301286458969116
rs26,14,9-16,1,cold,50,0.6226512789726257,0.20184969902038574,0.7614054679870605,-0.13875418901443481
rs26,14,9-16,1,cold,100,0.6494486331939697,0.295184850692749,0.7614054679870605,-0.11195683479309082
rs26,14,9-16,1,cold,200,0.6776881217956543,0.4768662452697754,0.7614054679870605,-0.08371734619140625
rs26,14,9-16,1,cold,500,0.7118783593177795,1.0283572673797607,0.7614054679870605,-0.049527108669281006
rs26,14,9-16,1,warm_full,0,0.6745958924293518,0.0,0.7614054679870605,-0.08680957555770874
rs26,14,9-16,1,warm_full,1,0.6707422733306885,0.002532482147216797,0.7614054679870605,-0.09066319465637207
rs26,14,9-16,1,warm_full,2,0.6745340824127197,0.0054056644439697266,0.7614054679870605,-0.08687138557434082
rs26,14,9-16,1,warm_full,5,0.6736156940460205,0.014251947402954102,0.7614054679870605,-0.08778977394104004
rs26,14,9-16,1,warm_full,10,0.6833271980285645,0.024533748626708984,0.7614054679870605,-0.0780782699584961
rs26,14,9-16,1,warm_full,20,0.7024495005607605,0.04479789733886719,0.7614054679870605,-0.05895596742630005
rs26,14,9-16,1,warm_full,50,0.7117331624031067,0.10055279731750488,0.7614054679870605,-0.04967230558395386
rs26,14,9-16,1,warm_full,100,0.7238523364067078,0.20149707794189453,0.7614054679870605,-0.03755313158035278
rs26,14,9-16,1,warm_full,200,0.7297770380973816,0.38991785049438477,0.7614054679870605,-0.031628429889678955
rs26,14,9-16,1,warm_full,500,0.7475547790527344,0.9435732364654541,0.7614054679870605,-0.013850688934326172
rs26,14,9-16,1,warm_full_hi,0,0.6745958924293518,0.0,0.7614054679870605,-0.08680957555770874
rs26,14,9-16,1,warm_full_hi,1,0.38495028018951416,0.002367734909057617,0.7614054679870605,-0.3764551877975464
rs26,14,9-16,1,warm_full_hi,2,0.4711247384548187,0.004834175109863281,0.7614054679870605,-0.2902807295322418
rs26,14,9-16,1,warm_full_hi,5,0.5694979429244995,0.011457443237304688,0.7614054679870605,-0.19190752506256104
rs26,14,9-16,1,warm_full_hi,10,0.6290780901908875,0.02091813087463379,0.7614054679870605,-0.1323273777961731
rs26,14,9-16,1,warm_full_hi,20,0.6623992919921875,0.03947925567626953,0.7614054679870605,-0.09900617599487305
rs26,14,9-16,1,warm_full_hi,50,0.6943852305412292,0.09379196166992188,0.7614054679870605,-0.0670202374458313
rs26,14,9-16,1,warm_full_hi,100,0.7060906887054443,0.19194674491882324,0.7614054679870605,-0.05531477928161621
rs26,14,9-16,1,warm_full_hi,200,0.7233397364616394,0.3993532657623291,0.7614054679870605,-0.03806573152542114
rs26,14,9-16,1,warm_full_hi,500,0.7192789912223816,1.0461392402648926,0.7614054679870605,-0.042126476764678955
rs26,14,9-16,1,warm_head,0,0.6745958924293518,0.0,0.7614054679870605,-0.08680957555770874
rs26,14,9-16,1,warm_head,1,0.675780713558197,0.001875162124633789,0.7614054679870605,-0.08562475442886353
rs26,14,9-16,1,warm_head,2,0.676608145236969,0.00397944450378418,0.7614054679870605,-0.08479732275009155
rs26,14,9-16,1,warm_head,5,0.6780464053153992,0.008203744888305664,0.7614054679870605,-0.08335906267166138
rs26,14,9-16,1,warm_head,10,0.6793519854545593,0.013951778411865234,0.7614054679870605,-0.08205348253250122
rs26,14,9-16,1,warm_head,20,0.6814778447151184,0.02599334716796875,0.7614054679870605,-0.07992762327194214
rs26,14,9-16,1,warm_head,50,0.6852508187294006,0.060839176177978516,0.7614054679870605,-0.07615464925765991
rs26,14,9-16,1,warm_head,100,0.6881877779960632,0.11853885650634766,0.7614054679870605,-0.07321768999099731
rs26,14,9-16,1,warm_head,200,0.6906936168670654,0.23102164268493652,0.7614054679870605,-0.07071185111999512
rs26,14,9-16,1,warm_head,500,0.69376540184021,0.5749654769897461,0.7614054679870605,-0.06764006614685059
rs27,12,9-16,0,cold,0,0.0011212527751922607,0.0,0.7344920039176941,-0.7333707511425018
rs27,12,9-16,0,cold,1,0.027990832924842834,0.11544322967529297,0.7344920039176941,-0.7065011709928513
rs27,12,9-16,0,cold,2,0.0652899518609047,0.11892938613891602,0.7344920039176941,-0.6692020520567894
rs27,12,9-16,0,cold,5,0.2690871059894562,0.12407445907592773,0.7344920039176941,-0.4654048979282379
rs27,12,9-16,0,cold,10,0.3804711103439331,0.1328566074371338,0.7344920039176941,-0.354020893573761
rs27,12,9-16,0,cold,20,0.4899367392063141,0.1529390811920166,0.7344920039176941,-0.24455526471138
rs27,12,9-16,0,cold,50,0.5656670331954956,0.20858430862426758,0.7344920039176941,-0.1688249707221985
rs27,12,9-16,0,cold,100,0.6084892153739929,0.3053433895111084,0.7344920039176941,-0.12600278854370117
rs27,12,9-16,0,cold,200,0.651938796043396,0.4864084720611572,0.7344920039176941,-0.0825532078742981
rs27,12,9-16,0,cold,500,0.6978099346160889,1.0582363605499268,0.7344920039176941,-0.036682069301605225
rs27,12,9-16,0,warm_full,0,0.5724099278450012,0.0,0.7344920039176941,-0.16208207607269287
rs27,12,9-16,0,warm_full,1,0.5716220736503601,0.003187417984008789,0.7344920039176941,-0.16286993026733398
rs27,12,9-16,0,warm_full,2,0.5648898482322693,0.005919933319091797,0.7344920039176941,-0.1696021556854248
rs27,12,9-16,0,warm_full,5,0.5960473418235779,0.01530909538269043,0.7344920039176941,-0.1384446620941162
rs27,12,9-16,0,warm_full,10,0.6148436069488525,0.028541088104248047,0.7344920039176941,-0.11964839696884155
rs27,12,9-16,0,warm_full,20,0.6409266591072083,0.04760122299194336,0.7344920039176941,-0.09356534481048584
rs27,12,9-16,0,warm_full,50,0.665771484375,0.10400986671447754,0.7344920039176941,-0.06872051954269409
rs27,12,9-16,0,warm_full,100,0.6758873462677002,0.19748568534851074,0.7344920039176941,-0.058604657649993896
rs27,12,9-16,0,warm_full,200,0.6957039833068848,0.3802502155303955,0.7344920039176941,-0.038788020610809326
rs27,12,9-16,0,warm_full,500,0.7232334613800049,0.9501323699951172,0.7344920039176941,-0.011258542537689209
rs27,12,9-16,0,warm_full_hi,0,0.5724099278450012,0.0,0.7344920039176941,-0.16208207607269287
rs27,12,9-16,0,warm_full_hi,1,0.018135761842131615,0.0023186206817626953,0.7344920039176941,-0.7163562420755625
rs27,12,9-16,0,warm_full_hi,2,0.4796191155910492,0.0051653385162353516,0.7344920039176941,-0.2548728883266449
rs27,12,9-16,0,warm_full_hi,5,0.2771609425544739,0.012436151504516602,0.7344920039176941,-0.4573310613632202
rs27,12,9-16,0,warm_full_hi,10,0.39295169711112976,0.02274322509765625,0.7344920039176941,-0.34154030680656433
rs27,12,9-16,0,warm_full_hi,20,0.5705764889717102,0.043599843978881836,0.7344920039176941,-0.1639155149459839
rs27,12,9-16,0,warm_full_hi,50,0.6355647444725037,0.09980988502502441,0.7344920039176941,-0.09892725944519043
rs27,12,9-16,0,warm_full_hi,100,0.6694731712341309,0.19165635108947754,0.7344920039176941,-0.06501883268356323
rs27,12,9-16,0,warm_full_hi,200,0.6952446103096008,0.3760867118835449,0.7344920039176941,-0.03924739360809326
rs27,12,9-16,0,warm_full_hi,500,0.7210418581962585,0.9550848007202148,0.7344920039176941,-0.013450145721435547
rs27,12,9-16,0,warm_head,0,0.5724099278450012,0.0,0.7344920039176941,-0.16208207607269287
rs27,12,9-16,0,warm_head,1,0.5745033621788025,0.0016744136810302734,0.7344920039176941,-0.1599886417388916
rs27,12,9-16,0,warm_head,2,0.5761229395866394,0.0035889148712158203,0.7344920039176941,-0.1583690643310547
rs27,12,9-16,0,warm_head,5,0.5791535973548889,0.007920503616333008,0.7344920039176941,-0.15533840656280518
rs27,12,9-16,0,warm_head,10,0.5817772746086121,0.014943361282348633,0.7344920039176941,-0.15271472930908203
rs27,12,9-16,0,warm_head,20,0.5852344036102295,0.028156518936157227,0.7344920039176941,-0.1492576003074646
rs27,12,9-16,0,warm_head,50,0.5897337198257446,0.06567764282226562,0.7344920039176941,-0.14475828409194946
rs27,12,9-16,0,warm_head,100,0.5931231379508972,0.12826180458068848,0.7344920039176941,-0.14136886596679688
rs27,12,9-16,0,warm_head,200,0.5966951847076416,0.2524697780609131,0.7344920039176941,-0.1377968192100525
rs27,12,9-16,0,warm_head,500,0.6017292141914368,0.6228466033935547,0.7344920039176941,-0.13276278972625732
rs27,12,9-16,1,cold,0,0.0006763935089111328,0.0,0.7344920039176941,-0.733815610408783
rs27,12,9-16,1,cold,1,0.02386336587369442,0.1148977279663086,0.7344920039176941,-0.7106286380439997
rs27,12,9-16,1,cold,2,0.05659473314881325,0.11812853813171387,0.7344920039176941,-0.6778972707688808
rs27,12,9-16,1,cold,5,0.2482002228498459,0.12307929992675781,0.7344920039176941,-0.4862917810678482
rs27,12,9-16,1,cold,10,0.3899516761302948,0.13196825981140137,0.7344920039176941,-0.3445403277873993
rs27,12,9-16,1,cold,20,0.4946070611476898,0.15146470069885254,0.7344920039176941,-0.23988494277000427
rs27,12,9-16,1,cold,50,0.5638923645019531,0.2057640552520752,0.7344920039176941,-0.17059963941574097
rs27,12,9-16,1,cold,100,0.6063327193260193,0.30005931854248047,0.7344920039176941,-0.1281592845916748
rs27,12,9-16,1,cold,200,0.6274828314781189,0.49645256996154785,0.7344920039176941,-0.1070091724395752
rs27,12,9-16,1,cold,500,0.6867985129356384,1.0913341045379639,0.7344920039176941,-0.047693490982055664
rs27,12,9-16,1,warm_full,0,0.5724099278450012,0.0,0.7344920039176941,-0.16208207607269287
rs27,12,9-16,1,warm_full,1,0.5754039883613586,0.0027854442596435547,0.7344920039176941,-0.15908801555633545
rs27,12,9-16,1,warm_full,2,0.5782074928283691,0.0057370662689208984,0.7344920039176941,-0.15628451108932495
rs27,12,9-16,1,warm_full,5,0.5942065119743347,0.01275014877319336,0.7344920039176941,-0.14028549194335938
rs27,12,9-16,1,warm_full,10,0.6163966059684753,0.023314952850341797,0.7344920039176941,-0.11809539794921875
rs27,12,9-16,1,warm_full,20,0.6411711573600769,0.04369306564331055,0.7344920039176941,-0.09332084655761719
rs27,12,9-16,1,warm_full,50,0.6633486151695251,0.10267066955566406,0.7344920039176941,-0.07114338874816895
rs27,12,9-16,1,warm_full,100,0.6815257668495178,0.2035508155822754,0.7344920039176941,-0.05296623706817627
rs27,12,9-16,1,warm_full,200,0.6910896301269531,0.39719367027282715,0.7344920039176941,-0.04340237379074097
rs27,12,9-16,1,warm_full,500,0.7219942212104797,0.9807569980621338,0.7344920039176941,-0.012497782707214355
rs27,12,9-16,1,warm_full_hi,0,0.5724099278450012,0.0,0.7344920039176941,-0.16208207607269287
rs27,12,9-16,1,warm_full_hi,1,0.006936301942914724,0.0025947093963623047,0.7344920039176941,-0.7275557019747794
rs27,12,9-16,1,warm_full_hi,2,0.4784886837005615,0.0052034854888916016,0.7344920039176941,-0.25600332021713257
rs27,12,9-16,1,warm_full_hi,5,0.298794150352478,0.012275218963623047,0.7344920039176941,-0.43569785356521606
rs27,12,9-16,1,warm_full_hi,10,0.4243607521057129,0.02315831184387207,0.7344920039176941,-0.3101312518119812
rs27,12,9-16,1,warm_full_hi,20,0.5630612969398499,0.0432896614074707,0.7344920039176941,-0.17143070697784424
rs27,12,9-16,1,warm_full_hi,50,0.6378987431526184,0.10219573974609375,0.7344920039176941,-0.09659326076507568
rs27,12,9-16,1,warm_full_hi,100,0.6651430726051331,0.1994614601135254,0.7344920039176941,-0.06934893131256104
rs27,12,9-16,1,warm_full_hi,200,0.6928744316101074,0.3951578140258789,0.7344920039176941,-0.04161757230758667
rs27,12,9-16,1,warm_full_hi,500,0.7229391932487488,0.9725232124328613,0.7344920039176941,-0.011552810668945312
rs27,12,9-16,1,warm_head,0,0.5724099278450012,0.0,0.7344920039176941,-0.16208207607269287
rs27,12,9-16,1,warm_head,1,0.574667751789093,0.001766204833984375,0.7344920039176941,-0.15982425212860107
rs27,12,9-16,1,warm_head,2,0.5762830972671509,0.0037729740142822266,0.7344920039176941,-0.1582089066505432
rs27,12,9-16,1,warm_head,5,0.579232931137085,0.008373260498046875,0.7344920039176941,-0.15525907278060913
rs27,12,9-16,1,warm_head,10,0.5819229483604431,0.015648365020751953,0.7344920039176941,-0.15256905555725098
rs27,12,9-16,1,warm_head,20,0.585451066493988,0.029494285583496094,0.7344920039176941,-0.14904093742370605
rs27,12,9-16,1,warm_head,50,0.5903810858726501,0.06867742538452148,0.7344920039176941,-0.14411091804504395
rs27,12,9-16,1,warm_head,100,0.5938250422477722,0.13359642028808594,0.7344920039176941,-0.14066696166992188
rs27,12,9-16,1,warm_head,200,0.5972674489021301,0.26338982582092285,0.7344920039176941,-0.13722455501556396
rs27,12,9-16,1,warm_head,500,0.6019535660743713,0.6586291790008545,0.7344920039176941,-0.13253843784332275
rs28,14,9-16,0,cold,0,0.002168610692024231,0.0,0.7197067737579346,-0.7175381630659103
rs28,14,9-16,0,cold,1,0.03173253312706947,0.11398792266845703,0.7197067737579346,-0.6879742406308651
rs28,14,9-16,0,cold,2,0.06952168047428131,0.11742138862609863,0.7197067737579346,-0.6501850932836533
rs28,14,9-16,0,cold,5,0.27740851044654846,0.12253308296203613,0.7197067737579346,-0.4422982633113861
rs28,14,9-16,0,cold,10,0.40790116786956787,0.13163137435913086,0.7197067737579346,-0.3118056058883667
rs28,14,9-16,0,cold,20,0.46513283252716064,0.15079212188720703,0.7197067737579346,-0.2545739412307739
rs28,14,9-16,0,cold,50,0.5569608807563782,0.2058727741241455,0.7197067737579346,-0.1627458930015564
rs28,14,9-16,0,cold,100,0.6008362770080566,0.2969372272491455,0.7197067737579346,-0.11887049674987793
rs28,14,9-16,0,cold,200,0.6371602416038513,0.4781224727630615,0.7197067737579346,-0.08254653215408325
rs28,14,9-16,0,cold,500,0.6773545145988464,1.017216682434082,0.7197067737579346,-0.042352259159088135
rs28,14,9-16,0,warm_full,0,0.5901552438735962,0.0,0.7197067737579346,-0.12955152988433838
rs28,14,9-16,0,warm_full,1,0.5962552428245544,0.00330352783203125,0.7197067737579346,-0.12345153093338013
rs28,14,9-16,0,warm_full,2,0.5934083461761475,0.007704973220825195,0.7197067737579346,-0.1262984275817871
rs28,14,9-16,0,warm_full,5,0.6065608263015747,0.016797542572021484,0.7197067737579346,-0.11314594745635986
rs28,14,9-16,0,warm_full,10,0.6266677975654602,0.028527021408081055,0.7197067737579346,-0.09303897619247437
rs28,14,9-16,0,warm_full,20,0.6406856179237366,0.05230975151062012,0.7197067737579346,-0.079021155834198
rs28,14,9-16,0,warm_full,50,0.660564661026001,0.12444067001342773,0.7197067737579346,-0.059142112731933594
rs28,14,9-16,0,warm_full,100,0.6738877296447754,0.2389533519744873,0.7197067737579346,-0.04581904411315918
rs28,14,9-16,0,warm_full,200,0.692863941192627,0.42588376998901367,0.7197067737579346,-0.026842832565307617
rs28,14,9-16,0,warm_full,500,0.7095060348510742,0.9767253398895264,0.7197067737579346,-0.010200738906860352
rs28,14,9-16,0,warm_full_hi,0,0.5901552438735962,0.0,0.7197067737579346,-0.12955152988433838
rs28,14,9-16,0,warm_full_hi,1,0.36159074306488037,0.002535104751586914,0.7197067737579346,-0.3581160306930542
rs28,14,9-16,0,warm_full_hi,2,0.47960546612739563,0.0051326751708984375,0.7197067737579346,-0.24010130763053894
rs28,14,9-16,0,warm_full_hi,5,0.48011067509651184,0.012070178985595703,0.7197067737579346,-0.23959609866142273
rs28,14,9-16,0,warm_full_hi,10,0.5498481392860413,0.02225518226623535,0.7197067737579346,-0.1698586344718933
rs28,14,9-16,0,warm_full_hi,20,0.5827639698982239,0.04157757759094238,0.7197067737579346,-0.1369428038597107
rs28,14,9-16,0,warm_full_hi,50,0.650115966796875,0.09748196601867676,0.7197067737579346,-0.06959080696105957
rs28,14,9-16,0,warm_full_hi,100,0.6706004738807678,0.1897268295288086,0.7197067737579346,-0.04910629987716675
rs28,14,9-16,0,warm_full_hi,200,0.6749321818351746,0.37749218940734863,0.7197067737579346,-0.04477459192276001
rs28,14,9-16,0,warm_full_hi,500,0.7082915902137756,0.9362905025482178,0.7197067737579346,-0.011415183544158936
rs28,14,9-16,0,warm_head,0,0.5901552438735962,0.0,0.7197067737579346,-0.12955152988433838
rs28,14,9-16,0,warm_head,1,0.5910806059837341,0.0016887187957763672,0.7197067737579346,-0.12862616777420044
rs28,14,9-16,0,warm_head,2,0.591693639755249,0.003584623336791992,0.7197067737579346,-0.12801313400268555
rs28,14,9-16,0,warm_head,5,0.5931956171989441,0.008122444152832031,0.7197067737579346,-0.12651115655899048
rs28,14,9-16,0,warm_head,10,0.5956395268440247,0.015136241912841797,0.7197067737579346,-0.12406724691390991
rs28,14,9-16,0,warm_head,20,0.5978704690933228,0.028612375259399414,0.7197067737579346,-0.12183630466461182
rs28,14,9-16,0,warm_head,50,0.6008862853050232,0.06659364700317383,0.7197067737579346,-0.11882048845291138
rs28,14,9-16,0,warm_head,100,0.6035851836204529,0.12979698181152344,0.7197067737579346,-0.11612159013748169
rs28,14,9-16,0,warm_head,200,0.606400191783905,0.25487208366394043,0.7197067737579346,-0.11330658197402954
rs28,14,9-16,0,warm_head,500,0.6099923253059387,0.6274063587188721,0.7197067737579346,-0.10971444845199585
rs28,14,9-16,1,cold,0,0.0017309486865997314,0.0,0.7197067737579346,-0.7179758250713348
rs28,14,9-16,1,cold,1,0.02920614182949066,0.14004945755004883,0.7197067737579346,-0.6905006319284439
rs28,14,9-16,1,cold,2,0.06638728827238083,0.14461660385131836,0.7197067737579346,-0.6533194854855537
rs28,14,9-16,1,cold,5,0.2730939984321594,0.1531386375427246,0.7197067737579346,-0.44661277532577515
rs28,14,9-16,1,cold,10,0.40390774607658386,0.1658167839050293,0.7197067737579346,-0.3157990276813507
rs28,14,9-16,1,cold,20,0.47219905257225037,0.191237211227417,0.7197067737579346,-0.2475077211856842
rs28,14,9-16,1,cold,50,0.5581457614898682,0.2648904323577881,0.7197067737579346,-0.1615610122680664
rs28,14,9-16,1,cold,100,0.6074574589729309,0.38935160636901855,0.7197067737579346,-0.11224931478500366
rs28,14,9-16,1,cold,200,0.6382996439933777,0.6325128078460693,0.7197067737579346,-0.08140712976455688
rs28,14,9-16,1,cold,500,0.6883134245872498,1.3526997566223145,0.7197067737579346,-0.031393349170684814
rs28,14,9-16,1,warm_full,0,0.5901552438735962,0.0,0.7197067737579346,-0.12955152988433838
rs28,14,9-16,1,warm_full,1,0.5988732576370239,0.003065347671508789,0.7197067737579346,-0.12083351612091064
rs28,14,9-16,1,warm_full,2,0.6045458316802979,0.006380796432495117,0.7197067737579346,-0.11516094207763672
rs28,14,9-16,1,warm_full,5,0.6081437468528748,0.014374256134033203,0.7197067737579346,-0.11156302690505981
rs28,14,9-16,1,warm_full,10,0.6236676573753357,0.026734352111816406,0.7197067737579346,-0.09603911638259888
rs28,14,9-16,1,warm_full,20,0.6408769488334656,0.050743818283081055,0.7197067737579346,-0.078829824924469
rs28,14,9-16,1,warm_full,50,0.6587786674499512,0.12341737747192383,0.7197067737579346,-0.0609281063079834
rs28,14,9-16,1,warm_full,100,0.6788857579231262,0.24387145042419434,0.7197067737579346,-0.04082101583480835
rs28,14,9-16,1,warm_full,200,0.688211977481842,0.48285579681396484,0.7197067737579346,-0.03149479627609253
rs28,14,9-16,1,warm_full,500,0.714024543762207,1.2147443294525146,0.7197067737579346,-0.005682229995727539
rs28,14,9-16,1,warm_full_hi,0,0.5901552438735962,0.0,0.7197067737579346,-0.12955152988433838
rs28,14,9-16,1,warm_full_hi,1,0.35520949959754944,0.0033392906188964844,0.7197067737579346,-0.36449727416038513
rs28,14,9-16,1,warm_full_hi,2,0.25526872277259827,0.00636744499206543,0.7197067737579346,-0.4644380509853363
rs28,14,9-16,1,warm_full_hi,5,0.44183292984962463,0.014165163040161133,0.7197067737579346,-0.27787384390830994
rs28,14,9-16,1,warm_full_hi,10,0.50299072265625,0.026508092880249023,0.7197067737579346,-0.21671605110168457
rs28,14,9-16,1,warm_full_hi,20,0.5883335471153259,0.05082225799560547,0.7197067737579346,-0.13137322664260864
rs28,14,9-16,1,warm_full_hi,50,0.6406100392341614,0.12245941162109375,0.7197067737579346,-0.0790967345237732
rs28,14,9-16,1,warm_full_hi,100,0.66154545545578,0.2469327449798584,0.7197067737579346,-0.05816131830215454
rs28,14,9-16,1,warm_full_hi,200,0.6838424205780029,0.48829054832458496,0.7197067737579346,-0.03586435317993164
rs28,14,9-16,1,warm_full_hi,500,0.7055432200431824,1.2191286087036133,0.7197067737579346,-0.014163553714752197
rs28,14,9-16,1,warm_head,0,0.5901552438735962,0.0,0.7197067737579346,-0.12955152988433838
rs28,14,9-16,1,warm_head,1,0.5913293957710266,0.0022029876708984375,0.7197067737579346,-0.12837737798690796
rs28,14,9-16,1,warm_head,2,0.5922867655754089,0.004679679870605469,0.7197067737579346,-0.12742000818252563
rs28,14,9-16,1,warm_head,5,0.5941098928451538,0.010443687438964844,0.7197067737579346,-0.12559688091278076
rs28,14,9-16,1,warm_head,10,0.5962099432945251,0.019407033920288086,0.7197067737579346,-0.12349683046340942
rs28,14,9-16,1,warm_head,20,0.5983598828315735,0.03696298599243164,0.7197067737579346,-0.12134689092636108
rs28,14,9-16,1,warm_head,50,0.6011561751365662,0.08867669105529785,0.7197067737579346,-0.11855059862136841
rs28,14,9-16,1,warm_head,100,0.6040329337120056,0.17250800132751465,0.7197067737579346,-0.11567384004592896
rs28,14,9-16,1,warm_head,200,0.6066538095474243,0.34102582931518555,0.7197067737579346,-0.11305296421051025
rs28,14,9-16,1,warm_head,500,0.6096338033676147,0.859015941619873,0.7197067737579346,-0.11007297039031982
rs29,11,9-16,0,cold,0,0.0010098566999658942,0.0,0.743197500705719,-0.7421876440057531
rs29,11,9-16,0,cold,1,0.02891790308058262,0.13988876342773438,0.743197500705719,-0.7142795976251364
rs29,11,9-16,0,cold,2,0.06582313030958176,0.14358305931091309,0.743197500705719,-0.6773743703961372
rs29,11,9-16,0,cold,5,0.26614558696746826,0.15035462379455566,0.743197500705719,-0.47705191373825073
rs29,11,9-16,0,cold,10,0.42717161774635315,0.1611316204071045,0.743197500705719,-0.31602588295936584
rs29,11,9-16,0,cold,20,0.4900853633880615,0.18090462684631348,0.743197500705719,-0.25311213731765747
rs29,11,9-16,0,cold,50,0.5694285035133362,0.23776698112487793,0.743197500705719,-0.1737689971923828
rs29,11,9-16,0,cold,100,0.6113525032997131,0.3400759696960449,0.743197500705719,-0.13184499740600586
rs29,11,9-16,0,cold,200,0.6469574570655823,0.5255398750305176,0.743197500705719,-0.09624004364013672
rs29,11,9-16,0,cold,500,0.6758739948272705,1.141188383102417,0.743197500705719,-0.06732350587844849
rs29,11,9-16,0,warm_full,0,0.5834954977035522,0.0,0.743197500705719,-0.15970200300216675
rs29,11,9-16,0,warm_full,1,0.5893913507461548,0.0026395320892333984,0.743197500705719,-0.1538061499595642
rs29,11,9-16,0,warm_full,2,0.5984449982643127,0.005354166030883789,0.743197500705719,-0.14475250244140625
rs29,11,9-16,0,warm_full,5,0.6017614603042603,0.012082576751708984,0.743197500705719,-0.14143604040145874
rs29,11,9-16,0,warm_full,10,0.6149183511734009,0.02226424217224121,0.743197500705719,-0.12827914953231812
rs29,11,9-16,0,warm_full,20,0.6341710686683655,0.045221567153930664,0.743197500705719,-0.10902643203735352
rs29,11,9-16,0,warm_full,50,0.654125988483429,0.10264062881469727,0.743197500705719,-0.08907151222229004
rs29,11,9-16,0,warm_full,100,0.668138325214386,0.1950078010559082,0.743197500705719,-0.07505917549133301
rs29,11,9-16,0,warm_full,200,0.688086211681366,0.3737008571624756,0.743197500705719,-0.05511128902435303
rs29,11,9-16,0,warm_full,500,0.7105368971824646,0.9306714534759521,0.743197500705719,-0.032660603523254395
rs29,11,9-16,0,warm_full_hi,0,0.5834954977035522,0.0,0.743197500705719,-0.15970200300216675
rs29,11,9-16,0,warm_full_hi,1,0.1388205736875534,0.0025529861450195312,0.743197500705719,-0.6043769270181656
rs29,11,9-16,0,warm_full_hi,2,0.49273547530174255,0.005269050598144531,0.743197500705719,-0.25046202540397644
rs29,11,9-16,0,warm_full_hi,5,0.33475232124328613,0.012375354766845703,0.743197500705719,-0.40844517946243286
rs29,11,9-16,0,warm_full_hi,10,0.4438079595565796,0.022382259368896484,0.743197500705719,-0.2993895411491394
rs29,11,9-16,0,warm_full_hi,20,0.5704049468040466,0.04155588150024414,0.743197500705719,-0.17279255390167236
rs29,11,9-16,0,warm_full_hi,50,0.6359383463859558,0.09779930114746094,0.743197500705719,-0.10725915431976318
rs29,11,9-16,0,warm_full_hi,100,0.6593261361122131,0.19092750549316406,0.743197500705719,-0.08387136459350586
rs29,11,9-16,0,warm_full_hi,200,0.6818959712982178,0.38333630561828613,0.743197500705719,-0.06130152940750122
rs29,11,9-16,0,warm_full_hi,500,0.7045808434486389,0.9411613941192627,0.743197500705719,-0.03861665725708008
rs29,11,9-16,0,warm_head,0,0.5834954977035522,0.0,0.743197500705719,-0.15970200300216675
rs29,11,9-16,0,warm_head,1,0.586358368396759,0.0017020702362060547,0.743197500705719,-0.15683913230895996
rs29,11,9-16,0,warm_head,2,0.5886014103889465,0.0036590099334716797,0.743197500705719,-0.15459609031677246
rs29,11,9-16,0,warm_head,5,0.5932461619377136,0.008052825927734375,0.743197500705719,-0.14995133876800537
rs29,11,9-16,0,warm_head,10,0.5971869230270386,0.015031576156616211,0.743197500705719,-0.14601057767868042
rs29,11,9-16,0,warm_head,20,0.6014261245727539,0.02837514877319336,0.743197500705719,-0.1417713761329651
rs29,11,9-16,0,warm_head,50,0.6055180430412292,0.0662081241607666,0.743197500705719,-0.13767945766448975
rs29,11,9-16,0,warm_head,100,0.6091446280479431,0.12833881378173828,0.743197500705719,-0.13405287265777588
rs29,11,9-16,0,warm_head,200,0.6118986010551453,0.25220608711242676,0.743197500705719,-0.13129889965057373
rs29,11,9-16,0,warm_head,500,0.6150020956993103,0.6246609687805176,0.743197500705719,-0.1281954050064087
rs29,11,9-16,1,cold,0,0.0021159749012440443,0.0,0.743197500705719,-0.741081525804475
rs29,11,9-16,1,cold,1,0.028731217607855797,0.14241790771484375,0.743197500705719,-0.7144662830978632
rs29,11,9-16,1,cold,2,0.06830430775880814,0.14639568328857422,0.743197500705719,-0.6748931929469109
rs29,11,9-16,1,cold,5,0.2740110754966736,0.1538562774658203,0.743197500705719,-0.4691864252090454
rs29,11,9-16,1,cold,10,0.4214644134044647,0.17055988311767578,0.743197500705719,-0.3217330873012543
rs29,11,9-16,1,cold,20,0.4962538182735443,0.1961522102355957,0.743197500705719,-0.24694368243217468
rs29,11,9-16,1,cold,50,0.5645068287849426,0.2701098918914795,0.743197500705719,-0.17869067192077637
rs29,11,9-16,1,cold,100,0.6044282913208008,0.3927006721496582,0.743197500705719,-0.1387692093849182
rs29,11,9-16,1,cold,200,0.6393722891807556,0.6366140842437744,0.743197500705719,-0.10382521152496338
rs29,11,9-16,1,cold,500,0.6805440783500671,1.3802785873413086,0.743197500705719,-0.06265342235565186
rs29,11,9-16,1,warm_full,0,0.5834954977035522,0.0,0.743197500705719,-0.15970200300216675
rs29,11,9-16,1,warm_full,1,0.5995363593101501,0.003445148468017578,0.743197500705719,-0.14366114139556885
rs29,11,9-16,1,warm_full,2,0.5985720157623291,0.006728649139404297,0.743197500705719,-0.1446254849433899
rs29,11,9-16,1,warm_full,5,0.6124498844146729,0.01630425453186035,0.743197500705719,-0.13074761629104614
rs29,11,9-16,1,warm_full,10,0.6273377537727356,0.029169082641601562,0.743197500705719,-0.1158597469329834
rs29,11,9-16,1,warm_full,20,0.6406263709068298,0.05373096466064453,0.743197500705719,-0.10257112979888916
rs29,11,9-16,1,warm_full,50,0.6532344818115234,0.12863802909851074,0.743197500705719,-0.08996301889419556
rs29,11,9-16,1,warm_full,100,0.6692183017730713,0.25092291831970215,0.743197500705719,-0.0739791989326477
rs29,11,9-16,1,warm_full,200,0.6783046126365662,0.4941596984863281,0.743197500705719,-0.06489288806915283
rs29,11,9-16,1,warm_full,500,0.7065898776054382,1.2330293655395508,0.743197500705719,-0.03660762310028076
rs29,11,9-16,1,warm_full_hi,0,0.5834954977035522,0.0,0.743197500705719,-0.15970200300216675
rs29,11,9-16,1,warm_full_hi,1,0.18163327872753143,0.0031909942626953125,0.743197500705719,-0.5615642219781876
rs29,11,9-16,1,warm_full_hi,2,0.4738644063472748,0.006490230560302734,0.743197500705719,-0.2693330943584442
rs29,11,9-16,1,warm_full_hi,5,0.4202441871166229,0.014531135559082031,0.743197500705719,-0.32295331358909607
rs29,11,9-16,1,warm_full_hi,10,0.49430087208747864,0.027063369750976562,0.743197500705719,-0.24889662861824036
rs29,11,9-16,1,warm_full_hi,20,0.5562224984169006,0.05141448974609375,0.743197500705719,-0.18697500228881836
rs29,11,9-16,1,warm_full_hi,50,0.6137265563011169,0.12460994720458984,0.743197500705719,-0.12947094440460205
rs29,11,9-16,1,warm_full_hi,100,0.6402843594551086,0.2449781894683838,0.743197500705719,-0.10291314125061035
rs29,11,9-16,1,warm_full_hi,200,0.6562864184379578,0.48742246627807617,0.743197500705719,-0.08691108226776123
rs29,11,9-16,1,warm_full_hi,500,0.6925316452980042,1.2249908447265625,0.743197500705719,-0.050665855407714844
rs29,11,9-16,1,warm_head,0,0.5834954977035522,0.0,0.743197500705719,-0.15970200300216675
rs29,11,9-16,1,warm_head,1,0.5859015583992004,0.002247333526611328,0.743197500705719,-0.15729594230651855
rs29,11,9-16,1,warm_head,2,0.5881242156028748,0.004681825637817383,0.743197500705719,-0.15507328510284424
rs29,11,9-16,1,warm_head,5,0.5926544666290283,0.010651111602783203,0.743197500705719,-0.15054303407669067
rs29,11,9-16,1,warm_head,10,0.5970054268836975,0.019937992095947266,0.743197500705719,-0.14619207382202148
rs29,11,9-16,1,warm_head,20,0.6010630130767822,0.03585648536682129,0.743197500705719,-0.14213448762893677
rs29,11,9-16,1,warm_head,50,0.6059895753860474,0.08599376678466797,0.743197500705719,-0.13720792531967163
rs29,11,9-16,1,warm_head,100,0.6094381809234619,0.16885995864868164,0.743197500705719,-0.13375931978225708
rs29,11,9-16,1,warm_head,200,0.6120216846466064,0.33023595809936523,0.743197500705719,-0.13117581605911255
rs29,11,9-16,1,warm_head,500,0.6152312755584717,0.8396806716918945,0.743197500705719,-0.12796622514724731
rs30,23,17-32,0,cold,0,0.0033295650500804186,0.0,0.8454494476318359,-0.8421198825817555
rs30,23,17-32,0,cold,1,0.04646005854010582,0.14817380905151367,0.8454494476318359,-0.7989893890917301
rs30,23,17-32,0,cold,2,0.10375303030014038,0.1534111499786377,0.8454494476318359,-0.7416964173316956
rs30,23,17-32,0,cold,5,0.38845595717430115,0.16227483749389648,0.8454494476318359,-0.4569934904575348
rs30,23,17-32,0,cold,10,0.541529655456543,0.17548155784606934,0.8454494476318359,-0.30391979217529297
rs30,23,17-32,0,cold,20,0.6133579611778259,0.20096945762634277,0.8454494476318359,-0.23209148645401
rs30,23,17-32,0,cold,50,0.7016103267669678,0.27466511726379395,0.8454494476318359,-0.14383912086486816
rs30,23,17-32,0,cold,100,0.7541027069091797,0.3980746269226074,0.8454494476318359,-0.09134674072265625
rs30,23,17-32,0,cold,200,0.7844052314758301,0.6431393623352051,0.8454494476318359,-0.06104421615600586
rs30,23,17-32,0,cold,500,0.8146160244941711,1.3692762851715088,0.8454494476318359,-0.030833423137664795
rs30,23,17-32,0,warm_full,0,0.7797272205352783,0.0,0.8454494476318359,-0.06572222709655762
rs30,23,17-32,0,warm_full,1,0.7555668354034424,0.0030732154846191406,0.8454494476318359,-0.08988261222839355
rs30,23,17-32,0,warm_full,2,0.7715559601783752,0.006591796875,0.8454494476318359,-0.0738934874534607
rs30,23,17-32,0,warm_full,5,0.7724772095680237,0.015336036682128906,0.8454494476318359,-0.07297223806381226
rs30,23,17-32,0,warm_full,10,0.7902645468711853,0.02813434600830078,0.8454494476318359,-0.055184900760650635
rs30,23,17-32,0,warm_full,20,0.8001366257667542,0.05238056182861328,0.8454494476318359,-0.04531282186508179
rs30,23,17-32,0,warm_full,50,0.808898389339447,0.12616372108459473,0.8454494476318359,-0.036551058292388916
rs30,23,17-32,0,warm_full,100,0.8143224716186523,0.24873638153076172,0.8454494476318359,-0.031126976013183594
rs30,23,17-32,0,warm_full,200,0.8288867473602295,0.4963572025299072,0.8454494476318359,-0.016562700271606445
rs30,23,17-32,0,warm_full,500,0.8402828574180603,1.2159740924835205,0.8454494476318359,-0.005166590213775635
rs30,23,17-32,0,warm_full_hi,0,0.7797272205352783,0.0,0.8454494476318359,-0.06572222709655762
rs30,23,17-32,0,warm_full_hi,1,0.28625160455703735,0.0032415390014648438,0.8454494476318359,-0.5591978430747986
rs30,23,17-32,0,warm_full_hi,2,0.6001937985420227,0.006582021713256836,0.8454494476318359,-0.24525564908981323
rs30,23,17-32,0,warm_full_hi,5,0.4020287096500397,0.014613866806030273,0.8454494476318359,-0.44342073798179626
rs30,23,17-32,0,warm_full_hi,10,0.5448460578918457,0.027211904525756836,0.8454494476318359,-0.30060338973999023
rs30,23,17-32,0,warm_full_hi,20,0.6726224422454834,0.051509857177734375,0.8454494476318359,-0.17282700538635254
rs30,23,17-32,0,warm_full_hi,50,0.742120087146759,0.12717556953430176,0.8454494476318359,-0.1033293604850769
rs30,23,17-32,0,warm_full_hi,100,0.7787489295005798,0.24764013290405273,0.8454494476318359,-0.0667005181312561
rs30,23,17-32,0,warm_full_hi,200,0.8013160228729248,0.49014735221862793,0.8454494476318359,-0.04413342475891113
rs30,23,17-32,0,warm_full_hi,500,0.8114088177680969,1.1982483863830566,0.8454494476318359,-0.034040629863739014
rs30,23,17-32,0,warm_head,0,0.7797272205352783,0.0,0.8454494476318359,-0.06572222709655762
rs30,23,17-32,0,warm_head,1,0.7803077101707458,0.002082347869873047,0.8454494476318359,-0.06514173746109009
rs30,23,17-32,0,warm_head,2,0.7805981636047363,0.00464940071105957,0.8454494476318359,-0.06485128402709961
rs30,23,17-32,0,warm_head,5,0.7812156677246094,0.010764122009277344,0.8454494476318359,-0.06423377990722656
rs30,23,17-32,0,warm_head,10,0.7826949954032898,0.01981639862060547,0.8454494476318359,-0.06275445222854614
rs30,23,17-32,0,warm_head,20,0.7849519848823547,0.037554264068603516,0.8454494476318359,-0.0604974627494812
rs30,23,17-32,0,warm_head,50,0.7872408032417297,0.08572649955749512,0.8454494476318359,-0.0582086443901062
rs30,23,17-32,0,warm_head,100,0.7893078923225403,0.16703271865844727,0.8454494476318359,-0.056141555309295654
rs30,23,17-32,0,warm_head,200,0.7905778884887695,0.3354182243347168,0.8454494476318359,-0.054871559143066406
rs30,23,17-32,0,warm_head,500,0.792534589767456,0.8240885734558105,0.8454494476318359,-0.05291485786437988
rs30,23,17-32,1,cold,0,0.001873274683021009,0.0,0.8454494476318359,-0.8435761729488149
rs30,23,17-32,1,cold,1,0.038294728845357895,0.14559078216552734,0.8454494476318359,-0.807154718786478
rs30,23,17-32,1,cold,2,0.0888107493519783,0.15063238143920898,0.8454494476318359,-0.7566386982798576
rs30,23,17-32,1,cold,5,0.35262271761894226,0.15868377685546875,0.8454494476318359,-0.4928267300128937
rs30,23,17-32,1,cold,10,0.5353683829307556,0.1684093475341797,0.8454494476318359,-0.3100810647010803
rs30,23,17-32,1,cold,20,0.5992158055305481,0.1888427734375,0.8454494476318359,-0.24623364210128784
rs30,23,17-32,1,cold,50,0.6987507939338684,0.24532556533813477,0.8454494476318359,-0.14669865369796753
rs30,23,17-32,1,cold,100,0.7429930567741394,0.3421967029571533,0.8454494476318359,-0.10245639085769653
rs30,23,17-32,1,cold,200,0.7840750813484192,0.5405545234680176,0.8454494476318359,-0.06137436628341675
rs30,23,17-32,1,cold,500,0.8117704391479492,1.1089131832122803,0.8454494476318359,-0.03367900848388672
rs30,23,17-32,1,warm_full,0,0.7797272205352783,0.0,0.8454494476318359,-0.06572222709655762
rs30,23,17-32,1,warm_full,1,0.774669349193573,0.002519845962524414,0.8454494476318359,-0.07078009843826294
rs30,23,17-32,1,warm_full,2,0.7797051072120667,0.005407810211181641,0.8454494476318359,-0.06574434041976929
rs30,23,17-32,1,warm_full,5,0.7672703266143799,0.012525796890258789,0.8454494476318359,-0.07817912101745605
rs30,23,17-32,1,warm_full,10,0.7889041900634766,0.02269768714904785,0.8454494476318359,-0.056545257568359375
rs30,23,17-32,1,warm_full,20,0.798933207988739,0.0427556037902832,0.8454494476318359,-0.046516239643096924
rs30,23,17-32,1,warm_full,50,0.8059195876121521,0.1000981330871582,0.8454494476318359,-0.03952986001968384
rs30,23,17-32,1,warm_full,100,0.8190004229545593,0.1942918300628662,0.8454494476318359,-0.02644902467727661
rs30,23,17-32,1,warm_full,200,0.8269272446632385,0.38886165618896484,0.8454494476318359,-0.018522202968597412
rs30,23,17-32,1,warm_full,500,0.840986430644989,0.964714527130127,0.8454494476318359,-0.004463016986846924
rs30,23,17-32,1,warm_full_hi,0,0.7797272205352783,0.0,0.8454494476318359,-0.06572222709655762
rs30,23,17-32,1,warm_full_hi,1,0.45706379413604736,0.002519845962524414,0.8454494476318359,-0.3883856534957886
rs30,23,17-32,1,warm_full_hi,2,0.6125621795654297,0.005099296569824219,0.8454494476318359,-0.23288726806640625
rs30,23,17-32,1,warm_full_hi,5,0.6069462895393372,0.011623859405517578,0.8454494476318359,-0.23850315809249878
rs30,23,17-32,1,warm_full_hi,10,0.6622993350028992,0.02205491065979004,0.8454494476318359,-0.18315011262893677
rs30,23,17-32,1,warm_full_hi,20,0.7229645848274231,0.04121088981628418,0.8454494476318359,-0.12248486280441284
rs30,23,17-32,1,warm_full_hi,50,0.7628337740898132,0.10294628143310547,0.8454494476318359,-0.0826156735420227
rs30,23,17-32,1,warm_full_hi,100,0.7920345664024353,0.19693279266357422,0.8454494476318359,-0.053414881229400635
rs30,23,17-32,1,warm_full_hi,200,0.8066625595092773,0.3844122886657715,0.8454494476318359,-0.038786888122558594
rs30,23,17-32,1,warm_full_hi,500,0.8080011010169983,0.953765869140625,0.8454494476318359,-0.037448346614837646
rs30,23,17-32,1,warm_head,0,0.7797272205352783,0.0,0.8454494476318359,-0.06572222709655762
rs30,23,17-32,1,warm_head,1,0.7807475924491882,0.0017085075378417969,0.8454494476318359,-0.0647018551826477
rs30,23,17-32,1,warm_head,2,0.7813692092895508,0.0036499500274658203,0.8454494476318359,-0.06408023834228516
rs30,23,17-32,1,warm_head,5,0.7822309136390686,0.008026361465454102,0.8454494476318359,-0.06321853399276733
rs30,23,17-32,1,warm_head,10,0.7829506397247314,0.01541447639465332,0.8454494476318359,-0.06249880790710449
rs30,23,17-32,1,warm_head,20,0.7849173545837402,0.02883172035217285,0.8454494476318359,-0.0605320930480957
rs30,23,17-32,1,warm_head,50,0.7876227498054504,0.06725502014160156,0.8454494476318359,-0.0578266978263855
rs30,23,17-32,1,warm_head,100,0.7899125218391418,0.13060426712036133,0.8454494476318359,-0.05553692579269409
rs30,23,17-32,1,warm_head,200,0.7912945747375488,0.25660181045532227,0.8454494476318359,-0.05415487289428711
rs30,23,17-32,1,warm_head,500,0.792119562625885,0.6329119205474854,0.8454494476318359,-0.05332988500595093
rs31,23,17-32,0,cold,0,0.0017871310701593757,0.0,0.7937418818473816,-0.7919547507772222
rs31,23,17-32,0,cold,1,0.04103785380721092,0.14114618301391602,0.7937418818473816,-0.7527040280401707
rs31,23,17-32,0,cold,2,0.0972510352730751,0.14609980583190918,0.7937418818473816,-0.6964908465743065
rs31,23,17-32,0,cold,5,0.38356778025627136,0.1546797752380371,0.7937418818473816,-0.41017410159111023
rs31,23,17-32,0,cold,10,0.5249621272087097,0.1656029224395752,0.7937418818473816,-0.2687797546386719
rs31,23,17-32,0,cold,20,0.5731202960014343,0.18600797653198242,0.7937418818473816,-0.22062158584594727
rs31,23,17-32,0,cold,50,0.6508496403694153,0.24271869659423828,0.7937418818473816,-0.1428922414779663
rs31,23,17-32,0,cold,100,0.6861639022827148,0.34335780143737793,0.7937418818473816,-0.10757797956466675
rs31,23,17-32,0,cold,200,0.7247921824455261,0.5281283855438232,0.7937418818473816,-0.06894969940185547
rs31,23,17-32,0,cold,500,0.7573164105415344,1.087092638015747,0.7937418818473816,-0.03642547130584717
rs31,23,17-32,0,warm_full,0,0.7167040705680847,0.0,0.7937418818473816,-0.07703781127929688
rs31,23,17-32,0,warm_full,1,0.7198414206504822,0.002505064010620117,0.7937418818473816,-0.07390046119689941
rs31,23,17-32,0,warm_full,2,0.7180461883544922,0.0052089691162109375,0.7937418818473816,-0.0756956934928894
rs31,23,17-32,0,warm_full,5,0.7169715762138367,0.012592792510986328,0.7937418818473816,-0.07677030563354492
rs31,23,17-32,0,warm_full,10,0.729927122592926,0.02234625816345215,0.7937418818473816,-0.06381475925445557
rs31,23,17-32,0,warm_full,20,0.7408890724182129,0.041944265365600586,0.7937418818473816,-0.0528528094291687
rs31,23,17-32,0,warm_full,50,0.7548186182975769,0.10981631278991699,0.7937418818473816,-0.03892326354980469
rs31,23,17-32,0,warm_full,100,0.7644090056419373,0.21173834800720215,0.7937418818473816,-0.029332876205444336
rs31,23,17-32,0,warm_full,200,0.778477132320404,0.40923237800598145,0.7937418818473816,-0.015264749526977539
rs31,23,17-32,0,warm_full,500,0.7982684969902039,0.9875872135162354,0.7937418818473816,0.004526615142822266
rs31,23,17-32,0,warm_full_hi,0,0.7167040705680847,0.0,0.7937418818473816,-0.07703781127929688
rs31,23,17-32,0,warm_full_hi,1,0.48261985182762146,0.002856016159057617,0.7937418818473816,-0.31112203001976013
rs31,23,17-32,0,warm_full_hi,2,0.3963879346847534,0.00563502311706543,0.7937418818473816,-0.3973539471626282
rs31,23,17-32,0,warm_full_hi,5,0.5904325842857361,0.012306451797485352,0.7937418818473816,-0.2033092975616455
rs31,23,17-32,0,warm_full_hi,10,0.6430252194404602,0.02309727668762207,0.7937418818473816,-0.1507166624069214
rs31,23,17-32,0,warm_full_hi,20,0.6917633414268494,0.042138099670410156,0.7937418818473816,-0.10197854042053223
rs31,23,17-32,0,warm_full_hi,50,0.7362725138664246,0.10077786445617676,0.7937418818473816,-0.05746936798095703
rs31,23,17-32,0,warm_full_hi,100,0.7463353276252747,0.19593310356140137,0.7937418818473816,-0.047406554222106934
rs31,23,17-32,0,warm_full_hi,200,0.7684459090232849,0.38604736328125,0.7937418818473816,-0.02529597282409668
rs31,23,17-32,0,warm_full_hi,500,0.7844886779785156,0.9587044715881348,0.7937418818473816,-0.009253203868865967
rs31,23,17-32,0,warm_head,0,0.7167040705680847,0.0,0.7937418818473816,-0.07703781127929688
rs31,23,17-32,0,warm_head,1,0.7173616886138916,0.0017423629760742188,0.7937418818473816,-0.07638019323348999
rs31,23,17-32,0,warm_head,2,0.7177624702453613,0.0037186145782470703,0.7937418818473816,-0.07597941160202026
rs31,23,17-32,0,warm_head,5,0.7187730669975281,0.008421897888183594,0.7937418818473816,-0.07496881484985352
rs31,23,17-32,0,warm_head,10,0.7201678156852722,0.015633106231689453,0.7937418818473816,-0.07357406616210938
rs31,23,17-32,0,warm_head,20,0.7220597863197327,0.029375553131103516,0.7937418818473816,-0.07168209552764893
rs31,23,17-32,0,warm_head,50,0.7250571846961975,0.06777715682983398,0.7937418818473816,-0.06868469715118408
rs31,23,17-32,0,warm_head,100,0.7274922728538513,0.13087868690490723,0.7937418818473816,-0.06624960899353027
rs31,23,17-32,0,warm_head,200,0.7297390103340149,0.2595503330230713,0.7937418818473816,-0.0640028715133667
rs31,23,17-32,0,warm_head,500,0.7319093346595764,0.6470248699188232,0.7937418818473816,-0.061832547187805176
rs31,23,17-32,1,cold,0,0.00018423795700073242,0.0,0.7937418818473816,-0.7935576438903809
rs31,23,17-32,1,cold,1,0.031100094318389893,0.14148879051208496,0.7937418818473816,-0.7626417875289917
rs31,23,17-32,1,cold,2,0.07653188705444336,0.1452789306640625,0.7937418818473816,-0.7172099947929382
rs31,23,17-32,1,cold,5,0.33547699451446533,0.15146136283874512,0.7937418818473816,-0.45826488733291626
rs31,23,17-32,1,cold,10,0.5302582383155823,0.1619119644165039,0.7937418818473816,-0.2634836435317993
rs31,23,17-32,1,cold,20,0.5840479731559753,0.18780040740966797,0.7937418818473816,-0.20969390869140625
rs31,23,17-32,1,cold,50,0.6552855372428894,0.2504081726074219,0.7937418818473816,-0.1384563446044922
rs31,23,17-32,1,cold,100,0.6902854442596436,0.347353458404541,0.7937418818473816,-0.10345643758773804
rs31,23,17-32,1,cold,200,0.7165482044219971,0.5414974689483643,0.7937418818473816,-0.07719367742538452
rs31,23,17-32,1,cold,500,0.7646334171295166,1.1218342781066895,0.7937418818473816,-0.02910846471786499
rs31,23,17-32,1,warm_full,0,0.7167040705680847,0.0,0.7937418818473816,-0.07703781127929688
rs31,23,17-32,1,warm_full,1,0.7171584963798523,0.003349781036376953,0.7937418818473816,-0.0765833854675293
rs31,23,17-32,1,warm_full,2,0.7155752778053284,0.00810551643371582,0.7937418818473816,-0.07816660404205322
rs31,23,17-32,1,warm_full,5,0.7193350791931152,0.016646385192871094,0.7937418818473816,-0.07440680265426636
rs31,23,17-32,1,warm_full,10,0.7309584617614746,0.026062965393066406,0.7937418818473816,-0.06278342008590698
rs31,23,17-32,1,warm_full,20,0.7434906959533691,0.04534459114074707,0.7937418818473816,-0.05025118589401245
rs31,23,17-32,1,warm_full,50,0.7567101120948792,0.1004493236541748,0.7937418818473816,-0.03703176975250244
rs31,23,17-32,1,warm_full,100,0.7668278813362122,0.19530296325683594,0.7937418818473816,-0.026914000511169434
rs31,23,17-32,1,warm_full,200,0.7785534858703613,0.381397008895874,0.7937418818473816,-0.015188395977020264
rs31,23,17-32,1,warm_full,500,0.8001087307929993,0.951460599899292,0.7937418818473816,0.006366848945617676
rs31,23,17-32,1,warm_full_hi,0,0.7167040705680847,0.0,0.7937418818473816,-0.07703781127929688
rs31,23,17-32,1,warm_full_hi,1,0.43655315041542053,0.0024557113647460938,0.7937418818473816,-0.35718873143196106
rs31,23,17-32,1,warm_full_hi,2,0.5184890627861023,0.005032777786254883,0.7937418818473816,-0.2752528190612793
rs31,23,17-32,1,warm_full_hi,5,0.5828525424003601,0.011862039566040039,0.7937418818473816,-0.21088933944702148
rs31,23,17-32,1,warm_full_hi,10,0.633064329624176,0.021754026412963867,0.7937418818473816,-0.16067755222320557
rs31,23,17-32,1,warm_full_hi,20,0.6930647492408752,0.04082369804382324,0.7937418818473816,-0.10067713260650635
rs31,23,17-32,1,warm_full_hi,50,0.7225672602653503,0.09655094146728516,0.7937418818473816,-0.07117462158203125
rs31,23,17-32,1,warm_full_hi,100,0.7443991303443909,0.18880558013916016,0.7937418818473816,-0.04934275150299072
rs31,23,17-32,1,warm_full_hi,200,0.7619505524635315,0.375838041305542,0.7937418818473816,-0.0317913293838501
rs31,23,17-32,1,warm_full_hi,500,0.7782253623008728,0.9329392910003662,0.7937418818473816,-0.015516519546508789
rs31,23,17-32,1,warm_head,0,0.7167040705680847,0.0,0.7937418818473816,-0.07703781127929688
rs31,23,17-32,1,warm_head,1,0.7176792025566101,0.0017049312591552734,0.7937418818473816,-0.07606267929077148
rs31,23,17-32,1,warm_head,2,0.7182121276855469,0.0036830902099609375,0.7937418818473816,-0.07552975416183472
rs31,23,17-32,1,warm_head,5,0.7193012237548828,0.008174657821655273,0.7937418818473816,-0.07444065809249878
rs31,23,17-32,1,warm_head,10,0.7202113270759583,0.015132427215576172,0.7937418818473816,-0.07353055477142334
rs31,23,17-32,1,warm_head,20,0.7216035723686218,0.02836155891418457,0.7937418818473816,-0.07213830947875977
rs31,23,17-32,1,warm_head,50,0.7251034379005432,0.06613612174987793,0.7937418818473816,-0.06863844394683838
rs31,23,17-32,1,warm_head,100,0.7276456356048584,0.12854838371276855,0.7937418818473816,-0.0660962462425232
rs31,23,17-32,1,warm_head,200,0.7299671769142151,0.2523512840270996,0.7937418818473816,-0.0637747049331665
rs31,23,17-32,1,warm_head,500,0.7316127419471741,0.6191651821136475,0.7937418818473816,-0.06212913990020752
rs32,22,17-32,0,cold,0,0.0006993015413172543,0.0,0.8313121795654297,-0.8306128780241124
rs32,22,17-32,0,cold,1,0.037565749138593674,0.11600136756896973,0.8313121795654297,-0.793746430426836
rs32,22,17-32,0,cold,2,0.08837759494781494,0.11933279037475586,0.8313121795654297,-0.7429345846176147
rs32,22,17-32,0,cold,5,0.3580487072467804,0.1245718002319336,0.8313121795654297,-0.4732634723186493
rs32,22,17-32,0,cold,10,0.5072370171546936,0.13410353660583496,0.8313121795654297,-0.3240751624107361
rs32,22,17-32,0,cold,20,0.5980951189994812,0.15325427055358887,0.8313121795654297,-0.2332170605659485
rs32,22,17-32,0,cold,50,0.6760548949241638,0.20847821235656738,0.8313121795654297,-0.15525728464126587
rs32,22,17-32,0,cold,100,0.7215568423271179,0.29953670501708984,0.8313121795654297,-0.10975533723831177
rs32,22,17-32,0,cold,200,0.7454857230186462,0.48738932609558105,0.8313121795654297,-0.08582645654678345
rs32,22,17-32,0,cold,500,0.7746798992156982,1.0613536834716797,0.8313121795654297,-0.056632280349731445
rs32,22,17-32,0,warm_full,0,0.742863655090332,0.0,0.8313121795654297,-0.08844852447509766
rs32,22,17-32,0,warm_full,1,0.7464664578437805,0.002465486526489258,0.8313121795654297,-0.08484572172164917
rs32,22,17-32,0,warm_full,2,0.7430286407470703,0.005002498626708984,0.8313121795654297,-0.08828353881835938
rs32,22,17-32,0,warm_full,5,0.744971513748169,0.012055397033691406,0.8313121795654297,-0.08634066581726074
rs32,22,17-32,0,warm_full,10,0.761218249797821,0.022495031356811523,0.8313121795654297,-0.07009392976760864
rs32,22,17-32,0,warm_full,20,0.7749293446540833,0.04180455207824707,0.8313121795654297,-0.056382834911346436
rs32,22,17-32,0,warm_full,50,0.7870707511901855,0.09783148765563965,0.8313121795654297,-0.04424142837524414
rs32,22,17-32,0,warm_full,100,0.7901207804679871,0.18959712982177734,0.8313121795654297,-0.04119139909744263
rs32,22,17-32,0,warm_full,200,0.8032378554344177,0.36859941482543945,0.8313121795654297,-0.028074324131011963
rs32,22,17-32,0,warm_full,500,0.8131876587867737,0.9198651313781738,0.8313121795654297,-0.018124520778656006
rs32,22,17-32,0,warm_full_hi,0,0.742863655090332,0.0,0.8313121795654297,-0.08844852447509766
rs32,22,17-32,0,warm_full_hi,1,0.5031858086585999,0.0024220943450927734,0.8313121795654297,-0.32812637090682983
rs32,22,17-32,0,warm_full_hi,2,0.49429893493652344,0.004872322082519531,0.8313121795654297,-0.33701324462890625
rs32,22,17-32,0,warm_full_hi,5,0.5939282178878784,0.010943889617919922,0.8313121795654297,-0.23738396167755127
rs32,22,17-32,0,warm_full_hi,10,0.6746566295623779,0.02054572105407715,0.8313121795654297,-0.15665555000305176
rs32,22,17-32,0,warm_full_hi,20,0.7326949238777161,0.03906393051147461,0.8313121795654297,-0.09861725568771362
rs32,22,17-32,0,warm_full_hi,50,0.7574198842048645,0.09679722785949707,0.8313121795654297,-0.07389229536056519
rs32,22,17-32,0,warm_full_hi,100,0.7738132476806641,0.18716669082641602,0.8313121795654297,-0.057498931884765625
rs32,22,17-32,0,warm_full_hi,200,0.7928633093833923,0.376875638961792,0.8313121795654297,-0.038448870182037354
rs32,22,17-32,0,warm_full_hi,500,0.7868592143058777,0.9106886386871338,0.8313121795654297,-0.044452965259552
rs32,22,17-32,0,warm_head,0,0.742863655090332,0.0,0.8313121795654297,-0.08844852447509766
rs32,22,17-32,0,warm_head,1,0.7440071702003479,0.0015714168548583984,0.8313121795654297,-0.08730500936508179
rs32,22,17-32,0,warm_head,2,0.7447848320007324,0.0033369064331054688,0.8313121795654297,-0.08652734756469727
rs32,22,17-32,0,warm_head,5,0.7465947270393372,0.0072252750396728516,0.8313121795654297,-0.08471745252609253
rs32,22,17-32,0,warm_head,10,0.7494167685508728,0.01346278190612793,0.8313121795654297,-0.08189541101455688
rs32,22,17-32,0,warm_head,20,0.7533074021339417,0.024941444396972656,0.8313121795654297,-0.07800477743148804
rs32,22,17-32,0,warm_head,50,0.7566745281219482,0.05802154541015625,0.8313121795654297,-0.07463765144348145
rs32,22,17-32,0,warm_head,100,0.7581532001495361,0.11262941360473633,0.8313121795654297,-0.07315897941589355
rs32,22,17-32,0,warm_head,200,0.7602128982543945,0.22071576118469238,0.8313121795654297,-0.07109928131103516
rs32,22,17-32,0,warm_head,500,0.7623872756958008,0.5440273284912109,0.8313121795654297,-0.0689249038696289
rs32,22,17-32,1,cold,0,0.001051252125762403,0.0,0.8313121795654297,-0.8302609274396673
rs32,22,17-32,1,cold,1,0.03109237551689148,0.13597393035888672,0.8313121795654297,-0.8002198040485382
rs32,22,17-32,1,cold,2,0.07470140606164932,0.14011836051940918,0.8313121795654297,-0.7566107735037804
rs32,22,17-32,1,cold,5,0.3195434808731079,0.1470947265625,0.8313121795654297,-0.5117686986923218
rs32,22,17-32,1,cold,10,0.5266485214233398,0.15977692604064941,0.8313121795654297,-0.30466365814208984
rs32,22,17-32,1,cold,20,0.5967851281166077,0.1830737590789795,0.8313121795654297,-0.23452705144882202
rs32,22,17-32,1,cold,50,0.6803919672966003,0.24744105339050293,0.8313121795654297,-0.15092021226882935
rs32,22,17-32,1,cold,100,0.7141347527503967,0.3471872806549072,0.8313121795654297,-0.11717742681503296
rs32,22,17-32,1,cold,200,0.7402517199516296,0.525963544845581,0.8313121795654297,-0.09106045961380005
rs32,22,17-32,1,cold,500,0.7705883979797363,1.0613765716552734,0.8313121795654297,-0.06072378158569336
rs32,22,17-32,1,warm_full,0,0.742863655090332,0.0,0.8313121795654297,-0.08844852447509766
rs32,22,17-32,1,warm_full,1,0.7471809387207031,0.0023581981658935547,0.8313121795654297,-0.08413124084472656
rs32,22,17-32,1,warm_full,2,0.7506847381591797,0.004766941070556641,0.8313121795654297,-0.08062744140625
rs32,22,17-32,1,warm_full,5,0.757655143737793,0.010835886001586914,0.8313121795654297,-0.07365703582763672
rs32,22,17-32,1,warm_full,10,0.765059769153595,0.02051067352294922,0.8313121795654297,-0.06625241041183472
rs32,22,17-32,1,warm_full,20,0.7754203677177429,0.03905487060546875,0.8313121795654297,-0.05589181184768677
rs32,22,17-32,1,warm_full,50,0.7818076014518738,0.10003829002380371,0.8313121795654297,-0.04950457811355591
rs32,22,17-32,1,warm_full,100,0.7942583560943604,0.19171619415283203,0.8313121795654297,-0.037053823471069336
rs32,22,17-32,1,warm_full,200,0.8031201362609863,0.3815574645996094,0.8313121795654297,-0.02819204330444336
rs32,22,17-32,1,warm_full,500,0.8115065097808838,0.9323673248291016,0.8313121795654297,-0.0198056697845459
rs32,22,17-32,1,warm_full_hi,0,0.742863655090332,0.0,0.8313121795654297,-0.08844852447509766
rs32,22,17-32,1,warm_full_hi,1,0.43485966324806213,0.002393960952758789,0.8313121795654297,-0.39645251631736755
rs32,22,17-32,1,warm_full_hi,2,0.47257331013679504,0.0047075748443603516,0.8313121795654297,-0.35873886942863464
rs32,22,17-32,1,warm_full_hi,5,0.6007550358772278,0.011214494705200195,0.8313121795654297,-0.2305571436882019
rs32,22,17-32,1,warm_full_hi,10,0.6716249585151672,0.020689964294433594,0.8313121795654297,-0.15968722105026245
rs32,22,17-32,1,warm_full_hi,20,0.7268638610839844,0.039306640625,0.8313121795654297,-0.10444831848144531
rs32,22,17-32,1,warm_full_hi,50,0.7468997836112976,0.093536376953125,0.8313121795654297,-0.08441239595413208
rs32,22,17-32,1,warm_full_hi,100,0.738764762878418,0.18666625022888184,0.8313121795654297,-0.09254741668701172
rs32,22,17-32,1,warm_full_hi,200,0.785377025604248,0.3675715923309326,0.8313121795654297,-0.04593515396118164
rs32,22,17-32,1,warm_full_hi,500,0.7950994372367859,0.9296581745147705,0.8313121795654297,-0.0362127423286438
rs32,22,17-32,1,warm_head,0,0.742863655090332,0.0,0.8313121795654297,-0.08844852447509766
rs32,22,17-32,1,warm_head,1,0.7445786595344543,0.0017628669738769531,0.8313121795654297,-0.08673352003097534
rs32,22,17-32,1,warm_head,2,0.7459051609039307,0.0037686824798583984,0.8313121795654297,-0.08540701866149902
rs32,22,17-32,1,warm_head,5,0.7482967376708984,0.00834345817565918,0.8313121795654297,-0.08301544189453125
rs32,22,17-32,1,warm_head,10,0.750350296497345,0.015479564666748047,0.8313121795654297,-0.08096188306808472
rs32,22,17-32,1,warm_head,20,0.7534001469612122,0.029804468154907227,0.8313121795654297,-0.07791203260421753
rs32,22,17-32,1,warm_head,50,0.7567374110221863,0.06761026382446289,0.8313121795654297,-0.07457476854324341
rs32,22,17-32,1,warm_head,100,0.7588095664978027,0.1304934024810791,0.8313121795654297,-0.07250261306762695
rs32,22,17-32,1,warm_head,200,0.7604632377624512,0.2552464008331299,0.8313121795654297,-0.07084894180297852
rs32,22,17-32,1,warm_head,500,0.7622528672218323,0.6303832530975342,0.8313121795654297,-0.06905931234359741
rs33,21,17-32,0,cold,0,0.0007854004506953061,0.0,0.7450098991394043,-0.744224498688709
rs33,21,17-32,0,cold,1,0.03416219726204872,0.11348319053649902,0.7450098991394043,-0.7108477018773556
rs33,21,17-32,0,cold,2,0.07786854356527328,0.11682415008544922,0.7450098991394043,-0.667141355574131
rs33,21,17-32,0,cold,5,0.31224048137664795,0.12190794944763184,0.7450098991394043,-0.43276941776275635
rs33,21,17-32,0,cold,10,0.4606964886188507,0.1305086612701416,0.7450098991394043,-0.2843134105205536
rs33,21,17-32,0,cold,20,0.5209880471229553,0.14944934844970703,0.7450098991394043,-0.22402185201644897
rs33,21,17-32,0,cold,50,0.5932677984237671,0.20325136184692383,0.7450098991394043,-0.1517421007156372
rs33,21,17-32,0,cold,100,0.6260845065116882,0.2920234203338623,0.7450098991394043,-0.11892539262771606
rs33,21,17-32,0,cold,200,0.6521270275115967,0.4690723419189453,0.7450098991394043,-0.09288287162780762
rs33,21,17-32,0,cold,500,0.6892914175987244,1.0488841533660889,0.7450098991394043,-0.05571848154067993
rs33,21,17-32,0,warm_full,0,0.631199061870575,0.0,0.7450098991394043,-0.11381083726882935
rs33,21,17-32,0,warm_full,1,0.6346554160118103,0.0026443004608154297,0.7450098991394043,-0.110354483127594
rs33,21,17-32,0,warm_full,2,0.6323449015617371,0.0054378509521484375,0.7450098991394043,-0.11266499757766724
rs33,21,17-32,0,warm_full,5,0.6331757307052612,0.01216435432434082,0.7450098991394043,-0.11183416843414307
rs33,21,17-32,0,warm_full,10,0.6509864926338196,0.021907329559326172,0.7450098991394043,-0.09402340650558472
rs33,21,17-32,0,warm_full,20,0.6658888459205627,0.041968345642089844,0.7450098991394043,-0.07912105321884155
rs33,21,17-32,0,warm_full,50,0.6841661334037781,0.10313773155212402,0.7450098991394043,-0.06084376573562622
rs33,21,17-32,0,warm_full,100,0.6881126761436462,0.2023181915283203,0.7450098991394043,-0.05689722299575806
rs33,21,17-32,0,warm_full,200,0.7065810561180115,0.3948028087615967,0.7450098991394043,-0.03842884302139282
rs33,21,17-32,0,warm_full,500,0.7264711856842041,0.9614377021789551,0.7450098991394043,-0.018538713455200195
rs33,21,17-32,0,warm_full_hi,0,0.631199061870575,0.0,0.7450098991394043,-0.11381083726882935
rs33,21,17-32,0,warm_full_hi,1,0.2826310098171234,0.0024836063385009766,0.7450098991394043,-0.4623788893222809
rs33,21,17-32,0,warm_full_hi,2,0.4505109488964081,0.005023479461669922,0.7450098991394043,-0.2944989502429962
rs33,21,17-32,0,warm_full_hi,5,0.5176058411598206,0.011819839477539062,0.7450098991394043,-0.22740405797958374
rs33,21,17-32,0,warm_full_hi,10,0.5628570914268494,0.022004365921020508,0.7450098991394043,-0.18215280771255493
rs33,21,17-32,0,warm_full_hi,20,0.6065749526023865,0.04122495651245117,0.7450098991394043,-0.13843494653701782
rs33,21,17-32,0,warm_full_hi,50,0.6681860089302063,0.0966796875,0.7450098991394043,-0.076823890209198
rs33,21,17-32,0,warm_full_hi,100,0.6650757789611816,0.18980956077575684,0.7450098991394043,-0.07993412017822266
rs33,21,17-32,0,warm_full_hi,200,0.6897115111351013,0.3802478313446045,0.7450098991394043,-0.05529838800430298
rs33,21,17-32,0,warm_full_hi,500,0.7140495181083679,0.9283046722412109,0.7450098991394043,-0.030960381031036377
rs33,21,17-32,0,warm_head,0,0.631199061870575,0.0,0.7450098991394043,-0.11381083726882935
rs33,21,17-32,0,warm_head,1,0.6329740285873413,0.0016884803771972656,0.7450098991394043,-0.11203587055206299
rs33,21,17-32,0,warm_head,2,0.6342254281044006,0.0035843849182128906,0.7450098991394043,-0.11078447103500366
rs33,21,17-32,0,warm_head,5,0.6370776295661926,0.007876157760620117,0.7450098991394043,-0.10793226957321167
rs33,21,17-32,0,warm_head,10,0.6398252844810486,0.014705657958984375,0.7450098991394043,-0.10518461465835571
rs33,21,17-32,0,warm_head,20,0.6427504420280457,0.027766704559326172,0.7450098991394043,-0.10225945711135864
rs33,21,17-32,0,warm_head,50,0.6448940634727478,0.06459569931030273,0.7450098991394043,-0.1001158356666565
rs33,21,17-32,0,warm_head,100,0.6471448540687561,0.1257643699645996,0.7450098991394043,-0.0978650450706482
rs33,21,17-32,0,warm_head,200,0.648777425289154,0.2551722526550293,0.7450098991394043,-0.09623247385025024
rs33,21,17-32,0,warm_head,500,0.6516496539115906,0.6229648590087891,0.7450098991394043,-0.09336024522781372
rs33,21,17-32,1,cold,0,0.00032839179039001465,0.0,0.7450098991394043,-0.7446815073490143
rs33,21,17-32,1,cold,1,0.03098408877849579,0.11381268501281738,0.7450098991394043,-0.7140258103609085
rs33,21,17-32,1,cold,2,0.07301519066095352,0.11725330352783203,0.7450098991394043,-0.6719947084784508
rs33,21,17-32,1,cold,5,0.2925010025501251,0.12262773513793945,0.7450098991394043,-0.4525088965892792
rs33,21,17-32,1,cold,10,0.43216702342033386,0.13196277618408203,0.7450098991394043,-0.31284287571907043
rs33,21,17-32,1,cold,20,0.5121245980262756,0.15096783638000488,0.7450098991394043,-0.23288530111312866
rs33,21,17-32,1,cold,50,0.5789270401000977,0.20641779899597168,0.7450098991394043,-0.16608285903930664
rs33,21,17-32,1,cold,100,0.6157838702201843,0.2973630428314209,0.7450098991394043,-0.12922602891921997
rs33,21,17-32,1,cold,200,0.6532251834869385,0.5543713569641113,0.7450098991394043,-0.09178471565246582
rs33,21,17-32,1,cold,500,0.6924774050712585,1.3002965450286865,0.7450098991394043,-0.05253249406814575
rs33,21,17-32,1,warm_full,0,0.631199061870575,0.0,0.7450098991394043,-0.11381083726882935
rs33,21,17-32,1,warm_full,1,0.6409376263618469,0.003064870834350586,0.7450098991394043,-0.10407227277755737
rs33,21,17-32,1,warm_full,2,0.6404858231544495,0.006247520446777344,0.7450098991394043,-0.10452407598495483
rs33,21,17-32,1,warm_full,5,0.6374196410179138,0.014416217803955078,0.7450098991394043,-0.10759025812149048
rs33,21,17-32,1,warm_full,10,0.6429319977760315,0.027019023895263672,0.7450098991394043,-0.1020779013633728
rs33,21,17-32,1,warm_full,20,0.6690714955329895,0.0518794059753418,0.7450098991394043,-0.0759384036064148
rs33,21,17-32,1,warm_full,50,0.6778407692909241,0.12522315979003906,0.7450098991394043,-0.06716912984848022
rs33,21,17-32,1,warm_full,100,0.6950087547302246,0.24978971481323242,0.7450098991394043,-0.05000114440917969
rs33,21,17-32,1,warm_full,200,0.7053632736206055,0.5014660358428955,0.7450098991394043,-0.03964662551879883
rs33,21,17-32,1,warm_full,500,0.722339928150177,1.239701271057129,0.7450098991394043,-0.022669970989227295
rs33,21,17-32,1,warm_full_hi,0,0.631199061870575,0.0,0.7450098991394043,-0.11381083726882935
rs33,21,17-32,1,warm_full_hi,1,0.3084222674369812,0.0032689571380615234,0.7450098991394043,-0.4365876317024231
rs33,21,17-32,1,warm_full_hi,2,0.46155908703804016,0.006620168685913086,0.7450098991394043,-0.28345081210136414
rs33,21,17-32,1,warm_full_hi,5,0.5463351011276245,0.015559673309326172,0.7450098991394043,-0.19867479801177979
rs33,21,17-32,1,warm_full_hi,10,0.5710734724998474,0.028656005859375,0.7450098991394043,-0.17393642663955688
rs33,21,17-32,1,warm_full_hi,20,0.6050731539726257,0.05397605895996094,0.7450098991394043,-0.13993674516677856
rs33,21,17-32,1,warm_full_hi,50,0.6294996738433838,0.12749600410461426,0.7450098991394043,-0.11551022529602051
rs33,21,17-32,1,warm_full_hi,100,0.6691468358039856,0.2506098747253418,0.7450098991394043,-0.0758630633354187
rs33,21,17-32,1,warm_full_hi,200,0.6912537217140198,0.5004525184631348,0.7450098991394043,-0.05375617742538452
rs33,21,17-32,1,warm_full_hi,500,0.6991824507713318,1.238821029663086,0.7450098991394043,-0.04582744836807251
rs33,21,17-32,1,warm_head,0,0.631199061870575,0.0,0.7450098991394043,-0.11381083726882935
rs33,21,17-32,1,warm_head,1,0.6328933835029602,0.0022199153900146484,0.7450098991394043,-0.11211651563644409
rs33,21,17-32,1,warm_head,2,0.6345410346984863,0.004957914352416992,0.7450098991394043,-0.11046886444091797
rs33,21,17-32,1,warm_head,5,0.6381139159202576,0.011059761047363281,0.7450098991394043,-0.10689598321914673
rs33,21,17-32,1,warm_head,10,0.6403446793556213,0.020126819610595703,0.7450098991394043,-0.10466521978378296
rs33,21,17-32,1,warm_head,20,0.6423191428184509,0.038572072982788086,0.7450098991394043,-0.10269075632095337
rs33,21,17-32,1,warm_head,50,0.6455190181732178,0.09250235557556152,0.7450098991394043,-0.09949088096618652
rs33,21,17-32,1,warm_head,100,0.647710382938385,0.1815338134765625,0.7450098991394043,-0.09729951620101929
rs33,21,17-32,1,warm_head,200,0.6492576003074646,0.3468959331512451,0.7450098991394043,-0.0957522988319397
rs33,21,17-32,1,warm_head,500,0.6513646245002747,0.7922365665435791,0.7450098991394043,-0.09364527463912964
rs34,20,17-32,0,cold,0,0.002261405112221837,0.0,0.8320388197898865,-0.8297774146776646
rs34,20,17-32,0,cold,1,0.04427853226661682,0.1386580467224121,0.8320388197898865,-0.7877602875232697
rs34,20,17-32,0,cold,2,0.1020609512925148,0.14242076873779297,0.8320388197898865,-0.7299778684973717
rs34,20,17-32,0,cold,5,0.3703223466873169,0.14863848686218262,0.8320388197898865,-0.4617164731025696
rs34,20,17-32,0,cold,10,0.5235216021537781,0.15947723388671875,0.8320388197898865,-0.3085172176361084
rs34,20,17-32,0,cold,20,0.6110336184501648,0.17945003509521484,0.8320388197898865,-0.22100520133972168
rs34,20,17-32,0,cold,50,0.6840892434120178,0.23755764961242676,0.8320388197898865,-0.14794957637786865
rs34,20,17-32,0,cold,100,0.7350416779518127,0.33760762214660645,0.8320388197898865,-0.09699714183807373
rs34,20,17-32,0,cold,200,0.7640640139579773,0.5250458717346191,0.8320388197898865,-0.06797480583190918
rs34,20,17-32,0,cold,500,0.7840386033058167,1.075437307357788,0.8320388197898865,-0.048000216484069824
rs34,20,17-32,0,warm_full,0,0.7404915690422058,0.0,0.8320388197898865,-0.09154725074768066
rs34,20,17-32,0,warm_full,1,0.7034637928009033,0.002547025680541992,0.8320388197898865,-0.12857502698898315
rs34,20,17-32,0,warm_full,2,0.7316316962242126,0.005144357681274414,0.8320388197898865,-0.10040712356567383
rs34,20,17-32,0,warm_full,5,0.7380096316337585,0.012285947799682617,0.8320388197898865,-0.09402918815612793
rs34,20,17-32,0,warm_full,10,0.7575599551200867,0.02197551727294922,0.8320388197898865,-0.0744788646697998
rs34,20,17-32,0,warm_full,20,0.7746585011482239,0.04140162467956543,0.8320388197898865,-0.0573803186416626
rs34,20,17-32,0,warm_full,50,0.7855886816978455,0.09762144088745117,0.8320388197898865,-0.046450138092041016
rs34,20,17-32,0,warm_full,100,0.7863342761993408,0.19052481651306152,0.8320388197898865,-0.045704543590545654
rs34,20,17-32,0,warm_full,200,0.8005281090736389,0.3759591579437256,0.8320388197898865,-0.03151071071624756
rs34,20,17-32,0,warm_full,500,0.8113921284675598,0.9250459671020508,0.8320388197898865,-0.02064669132232666
rs34,20,17-32,0,warm_full_hi,0,0.7404915690422058,0.0,0.8320388197898865,-0.09154725074768066
rs34,20,17-32,0,warm_full_hi,1,0.12582558393478394,0.0025932788848876953,0.8320388197898865,-0.7062132358551025
rs34,20,17-32,0,warm_full_hi,2,0.5756098628044128,0.0052335262298583984,0.8320388197898865,-0.25642895698547363
rs34,20,17-32,0,warm_full_hi,5,0.38484200835227966,0.011666297912597656,0.8320388197898865,-0.4471968114376068
rs34,20,17-32,0,warm_full_hi,10,0.4842512607574463,0.021759748458862305,0.8320388197898865,-0.3477875590324402
rs34,20,17-32,0,warm_full_hi,20,0.6707738041877747,0.04107856750488281,0.8320388197898865,-0.16126501560211182
rs34,20,17-32,0,warm_full_hi,50,0.745338499546051,0.09624147415161133,0.8320388197898865,-0.08670032024383545
rs34,20,17-32,0,warm_full_hi,100,0.7597255706787109,0.1902923583984375,0.8320388197898865,-0.07231324911117554
rs34,20,17-32,0,warm_full_hi,200,0.7802192568778992,0.3802495002746582,0.8320388197898865,-0.051819562911987305
rs34,20,17-32,0,warm_full_hi,500,0.7968025207519531,0.9738960266113281,0.8320388197898865,-0.03523629903793335
rs34,20,17-32,0,warm_head,0,0.7404915690422058,0.0,0.8320388197898865,-0.09154725074768066
rs34,20,17-32,0,warm_head,1,0.7410641312599182,0.0018742084503173828,0.8320388197898865,-0.09097468852996826
rs34,20,17-32,0,warm_head,2,0.7414677143096924,0.0039272308349609375,0.8320388197898865,-0.09057110548019409
rs34,20,17-32,0,warm_head,5,0.741860568523407,0.008606433868408203,0.8320388197898865,-0.09017825126647949
rs34,20,17-32,0,warm_head,10,0.7433488965034485,0.016219139099121094,0.8320388197898865,-0.08868992328643799
rs34,20,17-32,0,warm_head,20,0.7473191618919373,0.030544042587280273,0.8320388197898865,-0.08471965789794922
rs34,20,17-32,0,warm_head,50,0.7527734637260437,0.07194638252258301,0.8320388197898865,-0.07926535606384277
rs34,20,17-32,0,warm_head,100,0.7567121982574463,0.13909220695495605,0.8320388197898865,-0.07532662153244019
rs34,20,17-32,0,warm_head,200,0.7589842677116394,0.2677443027496338,0.8320388197898865,-0.07305455207824707
rs34,20,17-32,0,warm_head,500,0.7625017762184143,0.6622703075408936,0.8320388197898865,-0.06953704357147217
rs34,20,17-32,1,cold,0,0.0012587258825078607,0.0,0.8320388197898865,-0.8307800939073786
rs34,20,17-32,1,cold,1,0.03482576832175255,0.1400904655456543,0.8320388197898865,-0.7972130514681339
rs34,20,17-32,1,cold,2,0.08289766311645508,0.14496350288391113,0.8320388197898865,-0.7491411566734314
rs34,20,17-32,1,cold,5,0.3304295837879181,0.1534256935119629,0.8320388197898865,-0.5016092360019684
rs34,20,17-32,1,cold,10,0.5190897583961487,0.16373634338378906,0.8320388197898865,-0.3129490613937378
rs34,20,17-32,1,cold,20,0.5873799920082092,0.1838998794555664,0.8320388197898865,-0.24465882778167725
rs34,20,17-32,1,cold,50,0.6853094100952148,0.24718618392944336,0.8320388197898865,-0.14672940969467163
rs34,20,17-32,1,cold,100,0.7309300303459167,0.344982385635376,0.8320388197898865,-0.10110878944396973
rs34,20,17-32,1,cold,200,0.7668377757072449,0.536344051361084,0.8320388197898865,-0.0652010440826416
rs34,20,17-32,1,cold,500,0.7826499342918396,1.0906407833099365,0.8320388197898865,-0.049388885498046875
rs34,20,17-32,1,warm_full,0,0.7404915690422058,0.0,0.8320388197898865,-0.09154725074768066
rs34,20,17-32,1,warm_full,1,0.739355742931366,0.0025429725646972656,0.8320388197898865,-0.09268307685852051
rs34,20,17-32,1,warm_full,2,0.7488279938697815,0.0053212642669677734,0.8320388197898865,-0.08321082592010498
rs34,20,17-32,1,warm_full,5,0.7424120903015137,0.012201070785522461,0.8320388197898865,-0.0896267294883728
rs34,20,17-32,1,warm_full,10,0.7653489112854004,0.022235631942749023,0.8320388197898865,-0.06668990850448608
rs34,20,17-32,1,warm_full,20,0.7739894986152649,0.04146146774291992,0.8320388197898865,-0.05804932117462158
rs34,20,17-32,1,warm_full,50,0.7817524075508118,0.09758925437927246,0.8320388197898865,-0.05028641223907471
rs34,20,17-32,1,warm_full,100,0.7930495738983154,0.19055390357971191,0.8320388197898865,-0.038989245891571045
rs34,20,17-32,1,warm_full,200,0.7989904880523682,0.38309311866760254,0.8320388197898865,-0.03304833173751831
rs34,20,17-32,1,warm_full,500,0.8115529417991638,1.060356855392456,0.8320388197898865,-0.020485877990722656
rs34,20,17-32,1,warm_full_hi,0,0.7404915690422058,0.0,0.8320388197898865,-0.09154725074768066
rs34,20,17-32,1,warm_full_hi,1,0.2943066656589508,0.0030074119567871094,0.8320388197898865,-0.5377321541309357
rs34,20,17-32,1,warm_full_hi,2,0.2796328067779541,0.006059169769287109,0.8320388197898865,-0.5524060130119324
rs34,20,17-32,1,warm_full_hi,5,0.46299275755882263,0.015633106231689453,0.8320388197898865,-0.36904606223106384
rs34,20,17-32,1,warm_full_hi,10,0.6088377833366394,0.029272794723510742,0.8320388197898865,-0.22320103645324707
rs34,20,17-32,1,warm_full_hi,20,0.7095015645027161,0.05239272117614746,0.8320388197898865,-0.12253725528717041
rs34,20,17-32,1,warm_full_hi,50,0.755566418170929,0.12387728691101074,0.8320388197898865,-0.07647240161895752
rs34,20,17-32,1,warm_full_hi,100,0.7482187151908875,0.23603343963623047,0.8320388197898865,-0.08382010459899902
rs34,20,17-32,1,warm_full_hi,200,0.7806518077850342,0.4139835834503174,0.8320388197898865,-0.051387012004852295
rs34,20,17-32,1,warm_full_hi,500,0.7966058850288391,0.9860968589782715,0.8320388197898865,-0.03543293476104736
rs34,20,17-32,1,warm_head,0,0.7404915690422058,0.0,0.8320388197898865,-0.09154725074768066
rs34,20,17-32,1,warm_head,1,0.7414631843566895,0.001651763916015625,0.8320388197898865,-0.09057563543319702
rs34,20,17-32,1,warm_head,2,0.7422217726707458,0.003996372222900391,0.8320388197898865,-0.08981704711914062
rs34,20,17-32,1,warm_head,5,0.7430494427680969,0.013432025909423828,0.8320388197898865,-0.08898937702178955
rs34,20,17-32,1,warm_head,10,0.7440945506095886,0.02219843864440918,0.8320388197898865,-0.08794426918029785
rs34,20,17-32,1,warm_head,20,0.747811496257782,0.03778505325317383,0.8320388197898865,-0.08422732353210449
rs34,20,17-32,1,warm_head,50,0.7530951499938965,0.0841054916381836,0.8320388197898865,-0.07894366979598999
rs34,20,17-32,1,warm_head,100,0.7569675445556641,0.1621096134185791,0.8320388197898865,-0.07507127523422241
rs34,20,17-32,1,warm_head,200,0.7597132325172424,0.31517696380615234,0.8320388197898865,-0.07232558727264404
rs34,20,17-32,1,warm_head,500,0.762819230556488,0.7152009010314941,0.8320388197898865,-0.06921958923339844
rs35,31,17-32,0,cold,0,0.0023935039062052965,0.0,0.8660842776298523,-0.863690773723647
rs35,31,17-32,0,cold,1,0.047103092074394226,0.12496781349182129,0.8660842776298523,-0.8189811855554581
rs35,31,17-32,0,cold,2,0.10744059085845947,0.12822842597961426,0.8660842776298523,-0.7586436867713928
rs35,31,17-32,0,cold,5,0.427223801612854,0.1332399845123291,0.8660842776298523,-0.4388604760169983
rs35,31,17-32,0,cold,10,0.5745384693145752,0.14210247993469238,0.8660842776298523,-0.2915458083152771
rs35,31,17-32,0,cold,20,0.6462773084640503,0.16098546981811523,0.8660842776298523,-0.219806969165802
rs35,31,17-32,0,cold,50,0.7287467122077942,0.21473979949951172,0.8660842776298523,-0.1373375654220581
rs35,31,17-32,0,cold,100,0.7758650779724121,0.3046848773956299,0.8660842776298523,-0.09021919965744019
rs35,31,17-32,0,cold,200,0.8095853328704834,0.5002226829528809,0.8660842776298523,-0.056498944759368896
rs35,31,17-32,0,cold,500,0.8354372382164001,1.0446546077728271,0.8660842776298523,-0.03064703941345215
rs35,31,17-32,0,warm_full,0,0.816871702671051,0.0,0.8660842776298523,-0.04921257495880127
rs35,31,17-32,0,warm_full,1,0.8045060634613037,0.0025014877319335938,0.8660842776298523,-0.061578214168548584
rs35,31,17-32,0,warm_full,2,0.8035734295845032,0.005051851272583008,0.8660842776298523,-0.06251084804534912
rs35,31,17-32,0,warm_full,5,0.798809826374054,0.011198282241821289,0.8660842776298523,-0.06727445125579834
rs35,31,17-32,0,warm_full,10,0.8237559199333191,0.02067399024963379,0.8660842776298523,-0.0423283576965332
rs35,31,17-32,0,warm_full,20,0.8367605209350586,0.039283037185668945,0.8660842776298523,-0.0293237566947937
rs35,31,17-32,0,warm_full,50,0.8467471599578857,0.09688878059387207,0.8660842776298523,-0.019337117671966553
rs35,31,17-32,0,warm_full,100,0.8521091938018799,0.19536185264587402,0.8660842776298523,-0.013975083827972412
rs35,31,17-32,0,warm_full,200,0.8564738631248474,0.37921690940856934,0.8660842776298523,-0.009610414505004883
rs35,31,17-32,0,warm_full,500,0.8676599860191345,1.0328288078308105,0.8660842776298523,0.0015757083892822266
rs35,31,17-32,0,warm_full_hi,0,0.816871702671051,0.0,0.8660842776298523,-0.04921257495880127
rs35,31,17-32,0,warm_full_hi,1,0.18771179020404816,0.003446340560913086,0.8660842776298523,-0.6783724874258041
rs35,31,17-32,0,warm_full_hi,2,0.641995370388031,0.006396055221557617,0.8660842776298523,-0.2240889072418213
rs35,31,17-32,0,warm_full_hi,5,0.4330880641937256,0.014529228210449219,0.8660842776298523,-0.4329962134361267
rs35,31,17-32,0,warm_full_hi,10,0.5921800136566162,0.025665998458862305,0.8660842776298523,-0.2739042639732361
rs35,31,17-32,0,warm_full_hi,20,0.7029695510864258,0.049135446548461914,0.8660842776298523,-0.1631147265434265
rs35,31,17-32,0,warm_full_hi,50,0.7854530811309814,0.12058305740356445,0.8660842776298523,-0.08063119649887085
rs35,31,17-32,0,warm_full_hi,100,0.8060739636421204,0.23497772216796875,0.8660842776298523,-0.060010313987731934
rs35,31,17-32,0,warm_full_hi,200,0.833596408367157,0.4375424385070801,0.8660842776298523,-0.03248786926269531
rs35,31,17-32,0,warm_full_hi,500,0.8454738259315491,1.037215232849121,0.8660842776298523,-0.020610451698303223
rs35,31,17-32,0,warm_head,0,0.816871702671051,0.0,0.8660842776298523,-0.04921257495880127
rs35,31,17-32,0,warm_head,1,0.8182156085968018,0.001939535140991211,0.8660842776298523,-0.04786866903305054
rs35,31,17-32,0,warm_head,2,0.8190596103668213,0.003996849060058594,0.8660842776298523,-0.047024667263031006
rs35,31,17-32,0,warm_head,5,0.8202233910560608,0.008979558944702148,0.8660842776298523,-0.045860886573791504
rs35,31,17-32,0,warm_head,10,0.8207924962043762,0.016676664352416992,0.8660842776298523,-0.045291781425476074
rs35,31,17-32,0,warm_head,20,0.8224342465400696,0.033150672912597656,0.8660842776298523,-0.043650031089782715
rs35,31,17-32,0,warm_head,50,0.8246713280677795,0.07597064971923828,0.8660842776298523,-0.041412949562072754
rs35,31,17-32,0,warm_head,100,0.8260006904602051,0.1473379135131836,0.8660842776298523,-0.04008358716964722
rs35,31,17-32,0,warm_head,200,0.8278195261955261,0.29201531410217285,0.8660842776298523,-0.03826475143432617
rs35,31,17-32,0,warm_head,500,0.8298437595367432,0.708885669708252,0.8660842776298523,-0.03624051809310913
rs35,31,17-32,1,cold,0,0.002741510747000575,0.0,0.8660842776298523,-0.8633427668828517
rs35,31,17-32,1,cold,1,0.0462651289999485,0.1398775577545166,0.8660842776298523,-0.8198191486299038
rs35,31,17-32,1,cold,2,0.10721296072006226,0.14402055740356445,0.8660842776298523,-0.75887131690979
rs35,31,17-32,1,cold,5,0.4144744575023651,0.15021824836730957,0.8660842776298523,-0.4516098201274872
rs35,31,17-32,1,cold,10,0.5357443690299988,0.16070175170898438,0.8660842776298523,-0.3303399085998535
rs35,31,17-32,1,cold,20,0.6285510659217834,0.18084001541137695,0.8660842776298523,-0.23753321170806885
rs35,31,17-32,1,cold,50,0.7268164753913879,0.2380831241607666,0.8660842776298523,-0.13926780223846436
rs35,31,17-32,1,cold,100,0.7632477283477783,0.33079051971435547,0.8660842776298523,-0.10283654928207397
rs35,31,17-32,1,cold,200,0.7976236343383789,0.5145080089569092,0.8660842776298523,-0.06846064329147339
rs35,31,17-32,1,cold,500,0.8353438973426819,1.0894713401794434,0.8660842776298523,-0.03074038028717041
rs35,31,17-32,1,warm_full,0,0.816871702671051,0.0,0.8660842776298523,-0.04921257495880127
rs35,31,17-32,1,warm_full,1,0.8095378875732422,0.0025768280029296875,0.8660842776298523,-0.05654639005661011
rs35,31,17-32,1,warm_full,2,0.8213822841644287,0.005197048187255859,0.8660842776298523,-0.044701993465423584
rs35,31,17-32,1,warm_full,5,0.8123072981834412,0.012168645858764648,0.8660842776298523,-0.05377697944641113
rs35,31,17-32,1,warm_full,10,0.8267533183097839,0.02261066436767578,0.8660842776298523,-0.03933095932006836
rs35,31,17-32,1,warm_full,20,0.8383733630180359,0.04204916954040527,0.8660842776298523,-0.027710914611816406
rs35,31,17-32,1,warm_full,50,0.8479878306388855,0.10245847702026367,0.8660842776298523,-0.018096446990966797
rs35,31,17-32,1,warm_full,100,0.8515627980232239,0.2000882625579834,0.8660842776298523,-0.014521479606628418
rs35,31,17-32,1,warm_full,200,0.8603322505950928,0.3843674659729004,0.8660842776298523,-0.0057520270347595215
rs35,31,17-32,1,warm_full,500,0.8702197670936584,0.9338634014129639,0.8660842776298523,0.004135489463806152
rs35,31,17-32,1,warm_full_hi,0,0.816871702671051,0.0,0.8660842776298523,-0.04921257495880127
rs35,31,17-32,1,warm_full_hi,1,0.24524138867855072,0.002588033676147461,0.8660842776298523,-0.6208428889513016
rs35,31,17-32,1,warm_full_hi,2,0.6124898791313171,0.005262851715087891,0.8660842776298523,-0.25359439849853516
rs35,31,17-32,1,warm_full_hi,5,0.4485432207584381,0.011697769165039062,0.8660842776298523,-0.4175410568714142
rs35,31,17-32,1,warm_full_hi,10,0.6364848017692566,0.021716833114624023,0.8660842776298523,-0.2295994758605957
rs35,31,17-32,1,warm_full_hi,20,0.7170842289924622,0.04292559623718262,0.8660842776298523,-0.14900004863739014
rs35,31,17-32,1,warm_full_hi,50,0.8006941676139832,0.09874558448791504,0.8660842776298523,-0.06539011001586914
rs35,31,17-32,1,warm_full_hi,100,0.8159214854240417,0.19631218910217285,0.8660842776298523,-0.05016279220581055
rs35,31,17-32,1,warm_full_hi,200,0.8264331817626953,0.38124537467956543,0.8660842776298523,-0.03965109586715698
rs35,31,17-32,1,warm_full_hi,500,0.8432598114013672,0.948206901550293,0.8660842776298523,-0.022824466228485107
rs35,31,17-32,1,warm_head,0,0.816871702671051,0.0,0.8660842776298523,-0.04921257495880127
rs35,31,17-32,1,warm_head,1,0.8181915283203125,0.0018377304077148438,0.8660842776298523,-0.047892749309539795
rs35,31,17-32,1,warm_head,2,0.819149911403656,0.0039825439453125,0.8660842776298523,-0.04693436622619629
rs35,31,17-32,1,warm_head,5,0.820155918598175,0.008671760559082031,0.8660842776298523,-0.045928359031677246
rs35,31,17-32,1,warm_head,10,0.8206109404563904,0.016614913940429688,0.8660842776298523,-0.045473337173461914
rs35,31,17-32,1,warm_head,20,0.8225030303001404,0.030962467193603516,0.8660842776298523,-0.043581247329711914
rs35,31,17-32,1,warm_head,50,0.8245165348052979,0.07271718978881836,0.8660842776298523,-0.04156774282455444
rs35,31,17-32,1,warm_head,100,0.8265564441680908,0.14051222801208496,0.8660842776298523,-0.039527833461761475
rs35,31,17-32,1,warm_head,200,0.8282026648521423,0.274341344833374,0.8660842776298523,-0.03788161277770996
rs35,31,17-32,1,warm_head,500,0.8298364281654358,0.6682882308959961,0.8660842776298523,-0.036247849464416504
rs36,21,17-32,0,cold,0,0.0031746577005833387,0.0,0.81839919090271,-0.8152245332021266
rs36,21,17-32,0,cold,1,0.03869112208485603,0.13479137420654297,0.81839919090271,-0.7797080688178539
rs36,21,17-32,0,cold,2,0.08649449795484543,0.1385188102722168,0.81839919090271,-0.7319046929478645
rs36,21,17-32,0,cold,5,0.33778002858161926,0.1442110538482666,0.81839919090271,-0.4806191623210907
rs36,21,17-32,0,cold,10,0.502061665058136,0.15498661994934082,0.81839919090271,-0.316337525844574
rs36,21,17-32,0,cold,20,0.5744227766990662,0.1759326457977295,0.81839919090271,-0.2439764142036438
rs36,21,17-32,0,cold,50,0.6650494337081909,0.23326611518859863,0.81839919090271,-0.15334975719451904
rs36,21,17-32,0,cold,100,0.7144578099250793,0.3269491195678711,0.81839919090271,-0.10394138097763062
rs36,21,17-32,0,cold,200,0.7453649044036865,0.5099666118621826,0.81839919090271,-0.07303428649902344
rs36,21,17-32,0,cold,500,0.783997118473053,1.1191413402557373,0.81839919090271,-0.03440207242965698
rs36,21,17-32,0,warm_full,0,0.7162691950798035,0.0,0.81839919090271,-0.1021299958229065
rs36,21,17-32,0,warm_full,1,0.707365095615387,0.002864360809326172,0.81839919090271,-0.111034095287323
rs36,21,17-32,0,warm_full,2,0.720395565032959,0.005507469177246094,0.81839919090271,-0.09800362586975098
rs36,21,17-32,0,warm_full,5,0.7255200743675232,0.01341390609741211,0.81839919090271,-0.09287911653518677
rs36,21,17-32,0,warm_full,10,0.7366947531700134,0.023467540740966797,0.81839919090271,-0.08170443773269653
rs36,21,17-32,0,warm_full,20,0.7540280818939209,0.04497098922729492,0.81839919090271,-0.06437110900878906
rs36,21,17-32,0,warm_full,50,0.7709958553314209,0.10162925720214844,0.81839919090271,-0.04740333557128906
rs36,21,17-32,0,warm_full,100,0.7797188758850098,0.20217490196228027,0.81839919090271,-0.038680315017700195
rs36,21,17-32,0,warm_full,200,0.7941117882728577,0.4044332504272461,0.81839919090271,-0.024287402629852295
rs36,21,17-32,0,warm_full,500,0.8118999600410461,0.9719486236572266,0.81839919090271,-0.006499230861663818
rs36,21,17-32,0,warm_full_hi,0,0.7162691950798035,0.0,0.81839919090271,-0.1021299958229065
rs36,21,17-32,0,warm_full_hi,1,0.05481458082795143,0.0026471614837646484,0.81839919090271,-0.7635846100747585
rs36,21,17-32,0,warm_full_hi,2,0.5676909685134888,0.005429744720458984,0.81839919090271,-0.2507082223892212
rs36,21,17-32,0,warm_full_hi,5,0.353491872549057,0.012054443359375,0.81839919090271,-0.46490731835365295
rs36,21,17-32,0,warm_full_hi,10,0.45690491795539856,0.022286176681518555,0.81839919090271,-0.3614942729473114
rs36,21,17-32,0,warm_full_hi,20,0.6527281999588013,0.04175114631652832,0.81839919090271,-0.1656709909439087
rs36,21,17-32,0,warm_full_hi,50,0.7362992167472839,0.09810185432434082,0.81839919090271,-0.08209997415542603
rs36,21,17-32,0,warm_full_hi,100,0.7525150179862976,0.19223451614379883,0.81839919090271,-0.06588417291641235
rs36,21,17-32,0,warm_full_hi,200,0.7675085067749023,0.3763236999511719,0.81839919090271,-0.05089068412780762
rs36,21,17-32,0,warm_full_hi,500,0.7983935475349426,0.9330770969390869,0.81839919090271,-0.020005643367767334
rs36,21,17-32,0,warm_head,0,0.7162691950798035,0.0,0.81839919090271,-0.1021299958229065
rs36,21,17-32,0,warm_head,1,0.7177723050117493,0.0017986297607421875,0.81839919090271,-0.1006268858909607
rs36,21,17-32,0,warm_head,2,0.7188987731933594,0.003647327423095703,0.81839919090271,-0.09950041770935059
rs36,21,17-32,0,warm_head,5,0.7206427454948425,0.007764339447021484,0.81839919090271,-0.09775644540786743
rs36,21,17-32,0,warm_head,10,0.7222946286201477,0.01468658447265625,0.81839919090271,-0.09610456228256226
rs36,21,17-32,0,warm_head,20,0.7247262001037598,0.028146028518676758,0.81839919090271,-0.0936729907989502
rs36,21,17-32,0,warm_head,50,0.728017270565033,0.06611037254333496,0.81839919090271,-0.090381920337677
rs36,21,17-32,0,warm_head,100,0.7301258444786072,0.12856698036193848,0.81839919090271,-0.08827334642410278
rs36,21,17-32,0,warm_head,200,0.732107400894165,0.2529003620147705,0.81839919090271,-0.08629179000854492
rs36,21,17-32,0,warm_head,500,0.7344667315483093,0.6235275268554688,0.81839919090271,-0.08393245935440063
rs36,21,17-32,1,cold,0,0.0015747597208246589,0.0,0.81839919090271,-0.8168244311818853
rs36,21,17-32,1,cold,1,0.035588014870882034,0.11702203750610352,0.81839919090271,-0.7828111760318279
rs36,21,17-32,1,cold,2,0.086076520383358,0.12168765068054199,0.81839919090271,-0.732322670519352
rs36,21,17-32,1,cold,5,0.3346647322177887,0.12962913513183594,0.81839919090271,-0.48373445868492126
rs36,21,17-32,1,cold,10,0.49025121331214905,0.13895654678344727,0.81839919090271,-0.3281479775905609
rs36,21,17-32,1,cold,20,0.5832762122154236,0.15855145454406738,0.81839919090271,-0.23512297868728638
rs36,21,17-32,1,cold,50,0.6600905060768127,0.21390056610107422,0.81839919090271,-0.15830868482589722
rs36,21,17-32,1,cold,100,0.7170286178588867,0.30603933334350586,0.81839919090271,-0.10137057304382324
rs36,21,17-32,1,cold,200,0.7490617632865906,0.4879322052001953,0.81839919090271,-0.06933742761611938
rs36,21,17-32,1,cold,500,0.7803428173065186,1.0417468547821045,0.81839919090271,-0.038056373596191406
rs36,21,17-32,1,warm_full,0,0.7162691950798035,0.0,0.81839919090271,-0.1021299958229065
rs36,21,17-32,1,warm_full,1,0.7099307179450989,0.0025272369384765625,0.81839919090271,-0.10846847295761108
rs36,21,17-32,1,warm_full,2,0.7240384221076965,0.005404233932495117,0.81839919090271,-0.09436076879501343
rs36,21,17-32,1,warm_full,5,0.7246366143226624,0.0124969482421875,0.81839919090271,-0.09376257658004761
rs36,21,17-32,1,warm_full,10,0.7361709475517273,0.022830963134765625,0.81839919090271,-0.08222824335098267
rs36,21,17-32,1,warm_full,20,0.7532281875610352,0.04227495193481445,0.81839919090271,-0.0651710033416748
rs36,21,17-32,1,warm_full,50,0.7681328654289246,0.09980368614196777,0.81839919090271,-0.0502663254737854
rs36,21,17-32,1,warm_full,100,0.7813952565193176,0.19406771659851074,0.81839919090271,-0.037003934383392334
rs36,21,17-32,1,warm_full,200,0.7873392701148987,0.3757045269012451,0.81839919090271,-0.03105992078781128
rs36,21,17-32,1,warm_full,500,0.8113909363746643,0.9654219150543213,0.81839919090271,-0.007008254528045654
rs36,21,17-32,1,warm_full_hi,0,0.7162691950798035,0.0,0.81839919090271,-0.1021299958229065
rs36,21,17-32,1,warm_full_hi,1,0.11320126056671143,0.0024633407592773438,0.81839919090271,-0.7051979303359985
rs36,21,17-32,1,warm_full_hi,2,0.46267256140708923,0.005129098892211914,0.81839919090271,-0.3557266294956207
rs36,21,17-32,1,warm_full_hi,5,0.3646288216114044,0.012079715728759766,0.81839919090271,-0.45377036929130554
rs36,21,17-32,1,warm_full_hi,10,0.5399623513221741,0.02238297462463379,0.81839919090271,-0.2784368395805359
rs36,21,17-32,1,warm_full_hi,20,0.6776555180549622,0.044855356216430664,0.81839919090271,-0.1407436728477478
rs36,21,17-32,1,warm_full_hi,50,0.7382028698921204,0.10087895393371582,0.81839919090271,-0.0801963210105896
rs36,21,17-32,1,warm_full_hi,100,0.7641345858573914,0.19319605827331543,0.81839919090271,-0.054264605045318604
rs36,21,17-32,1,warm_full_hi,200,0.7849512100219727,0.38220810890197754,0.81839919090271,-0.033447980880737305
rs36,21,17-32,1,warm_full_hi,500,0.7880344390869141,0.9333548545837402,0.81839919090271,-0.0303647518157959
rs36,21,17-32,1,warm_head,0,0.7162691950798035,0.0,0.81839919090271,-0.1021299958229065
rs36,21,17-32,1,warm_head,1,0.7177600264549255,0.001668691635131836,0.81839919090271,-0.10063916444778442
rs36,21,17-32,1,warm_head,2,0.7187613844871521,0.003567218780517578,0.81839919090271,-0.09963780641555786
rs36,21,17-32,1,warm_head,5,0.7203494906425476,0.008039474487304688,0.81839919090271,-0.09804970026016235
rs36,21,17-32,1,warm_head,10,0.7221260070800781,0.015143632888793945,0.81839919090271,-0.09627318382263184
rs36,21,17-32,1,warm_head,20,0.7244009971618652,0.028264522552490234,0.81839919090271,-0.09399819374084473
rs36,21,17-32,1,warm_head,50,0.7278602123260498,0.06559062004089355,0.81839919090271,-0.09053897857666016
rs36,21,17-32,1,warm_head,100,0.7302325367927551,0.12784290313720703,0.81839919090271,-0.08816665410995483
rs36,21,17-32,1,warm_head,200,0.732342541217804,0.25117945671081543,0.81839919090271,-0.086056649684906
rs36,21,17-32,1,warm_head,500,0.7342245578765869,0.6185264587402344,0.81839919090271,-0.08417463302612305
rs37,24,17-32,0,cold,0,0.0016562988748773932,0.0,0.786675214767456,-0.7850189158925787
rs37,24,17-32,0,cold,1,0.0370139516890049,0.11194109916687012,0.786675214767456,-0.7496612630784512
rs37,24,17-32,0,cold,2,0.09291881322860718,0.1150519847869873,0.786675214767456,-0.6937564015388489
rs37,24,17-32,0,cold,5,0.370734840631485,0.12006092071533203,0.786675214767456,-0.41594037413597107
rs37,24,17-32,0,cold,10,0.4967522919178009,0.1289350986480713,0.786675214767456,-0.28992292284965515
rs37,24,17-32,0,cold,20,0.551832914352417,0.14940452575683594,0.786675214767456,-0.23484230041503906
rs37,24,17-32,0,cold,50,0.6266558766365051,0.20530223846435547,0.786675214767456,-0.16001933813095093
rs37,24,17-32,0,cold,100,0.6669163107872009,0.2970857620239258,0.786675214767456,-0.11975890398025513
rs37,24,17-32,0,cold,200,0.6989991068840027,0.5095746517181396,0.786675214767456,-0.08767610788345337
rs37,24,17-32,0,cold,500,0.7389920353889465,1.0633344650268555,0.786675214767456,-0.04768317937850952
rs37,24,17-32,0,warm_full,0,0.6781916618347168,0.0,0.786675214767456,-0.10848355293273926
rs37,24,17-32,0,warm_full,1,0.6635565161705017,0.002712726593017578,0.786675214767456,-0.12311869859695435
rs37,24,17-32,0,warm_full,2,0.6799039840698242,0.007531166076660156,0.786675214767456,-0.10677123069763184
rs37,24,17-32,0,warm_full,5,0.6785513758659363,0.015689849853515625,0.786675214767456,-0.10812383890151978
rs37,24,17-32,0,warm_full,10,0.6981407999992371,0.025239944458007812,0.786675214767456,-0.088534414768219
rs37,24,17-32,0,warm_full,20,0.7102426886558533,0.04567527770996094,0.786675214767456,-0.07643252611160278
rs37,24,17-32,0,warm_full,50,0.7329906821250916,0.10178232192993164,0.786675214767456,-0.0536845326423645
rs37,24,17-32,0,warm_full,100,0.7426062226295471,0.20962953567504883,0.786675214767456,-0.044068992137908936
rs37,24,17-32,0,warm_full,200,0.7609562277793884,0.399216890335083,0.786675214767456,-0.025718986988067627
rs37,24,17-32,0,warm_full,500,0.7791038155555725,0.9696800708770752,0.786675214767456,-0.007571399211883545
rs37,24,17-32,0,warm_full_hi,0,0.6781916618347168,0.0,0.786675214767456,-0.10848355293273926
rs37,24,17-32,0,warm_full_hi,1,0.21821685135364532,0.002400636672973633,0.786675214767456,-0.5684583634138107
rs37,24,17-32,0,warm_full_hi,2,0.43481993675231934,0.005166530609130859,0.786675214767456,-0.3518552780151367
rs37,24,17-32,0,warm_full_hi,5,0.38189879059791565,0.012227773666381836,0.786675214767456,-0.4047764241695404
rs37,24,17-32,0,warm_full_hi,10,0.5292537212371826,0.022069931030273438,0.786675214767456,-0.25742149353027344
rs37,24,17-32,0,warm_full_hi,20,0.6018649935722351,0.041155338287353516,0.786675214767456,-0.18481022119522095
rs37,24,17-32,0,warm_full_hi,50,0.6687767505645752,0.09624576568603516,0.786675214767456,-0.11789846420288086
rs37,24,17-32,0,warm_full_hi,100,0.6957289576530457,0.18760919570922852,0.786675214767456,-0.0909462571144104
rs37,24,17-32,0,warm_full_hi,200,0.7291597723960876,0.3688967227935791,0.786675214767456,-0.05751544237136841
rs37,24,17-32,0,warm_full_hi,500,0.7516486644744873,0.9451687335968018,0.786675214767456,-0.03502655029296875
rs37,24,17-32,0,warm_head,0,0.6781916618347168,0.0,0.786675214767456,-0.10848355293273926
rs37,24,17-32,0,warm_head,1,0.6794252991676331,0.001672983169555664,0.786675214767456,-0.107249915599823
rs37,24,17-32,0,warm_head,2,0.68050217628479,0.0035948753356933594,0.786675214767456,-0.10617303848266602
rs37,24,17-32,0,warm_head,5,0.6830388903617859,0.007970333099365234,0.786675214767456,-0.10363632440567017
rs37,24,17-32,0,warm_head,10,0.6864692568778992,0.014870643615722656,0.786675214767456,-0.10020595788955688
rs37,24,17-32,0,warm_head,20,0.6904335021972656,0.02830338478088379,0.786675214767456,-0.09624171257019043
rs37,24,17-32,0,warm_head,50,0.6947234272956848,0.07179808616638184,0.786675214767456,-0.09195178747177124
rs37,24,17-32,0,warm_head,100,0.6977801322937012,0.1343386173248291,0.786675214767456,-0.08889508247375488
rs37,24,17-32,0,warm_head,200,0.7003621459007263,0.260631799697876,0.786675214767456,-0.08631306886672974
rs37,24,17-32,0,warm_head,500,0.7035312056541443,0.6333272457122803,0.786675214767456,-0.08314400911331177
rs37,24,17-32,1,cold,0,0.0011148651828989387,0.0,0.786675214767456,-0.7855603495845571
rs37,24,17-32,1,cold,1,0.04014425352215767,0.15117239952087402,0.786675214767456,-0.7465309612452984
rs37,24,17-32,1,cold,2,0.09513833373785019,0.1554572582244873,0.786675214767456,-0.6915368810296059
rs37,24,17-32,1,cold,5,0.3567929267883301,0.1641559600830078,0.786675214767456,-0.429882287979126
rs37,24,17-32,1,cold,10,0.5124955773353577,0.17411303520202637,0.786675214767456,-0.2741796374320984
rs37,24,17-32,1,cold,20,0.5516020655632019,0.19454646110534668,0.786675214767456,-0.23507314920425415
rs37,24,17-32,1,cold,50,0.6280693411827087,0.2514379024505615,0.786675214767456,-0.15860587358474731
rs37,24,17-32,1,cold,100,0.665376603603363,0.35292506217956543,0.786675214767456,-0.12129861116409302
rs37,24,17-32,1,cold,200,0.6974075436592102,0.5403380393981934,0.786675214767456,-0.08926767110824585
rs37,24,17-32,1,cold,500,0.7431468963623047,1.113938331604004,0.786675214767456,-0.04352831840515137
rs37,24,17-32,1,warm_full,0,0.6781916618347168,0.0,0.786675214767456,-0.10848355293273926
rs37,24,17-32,1,warm_full,1,0.6903910636901855,0.002490520477294922,0.786675214767456,-0.09628415107727051
rs37,24,17-32,1,warm_full,2,0.6833004951477051,0.005222797393798828,0.786675214767456,-0.10337471961975098
rs37,24,17-32,1,warm_full,5,0.6863498687744141,0.012231111526489258,0.786675214767456,-0.10032534599304199
rs37,24,17-32,1,warm_full,10,0.7027499675750732,0.02211904525756836,0.786675214767456,-0.08392524719238281
rs37,24,17-32,1,warm_full,20,0.718292236328125,0.04127645492553711,0.786675214767456,-0.06838297843933105
rs37,24,17-32,1,warm_full,50,0.7317693829536438,0.09693121910095215,0.786675214767456,-0.054905831813812256
rs37,24,17-32,1,warm_full,100,0.7469351291656494,0.18994402885437012,0.786675214767456,-0.03974008560180664
rs37,24,17-32,1,warm_full,200,0.7532561421394348,0.3848154544830322,0.786675214767456,-0.03341907262802124
rs37,24,17-32,1,warm_full,500,0.7771664261817932,0.939502477645874,0.786675214767456,-0.009508788585662842
rs37,24,17-32,1,warm_full_hi,0,0.6781916618347168,0.0,0.786675214767456,-0.10848355293273926
rs37,24,17-32,1,warm_full_hi,1,0.3862232267856598,0.002457141876220703,0.786675214767456,-0.40045198798179626
rs37,24,17-32,1,warm_full_hi,2,0.5548068881034851,0.004960775375366211,0.786675214767456,-0.23186832666397095
rs37,24,17-32,1,warm_full_hi,5,0.5621451735496521,0.011492729187011719,0.786675214767456,-0.22453004121780396
rs37,24,17-32,1,warm_full_hi,10,0.6261107921600342,0.021490097045898438,0.786675214767456,-0.16056442260742188
rs37,24,17-32,1,warm_full_hi,20,0.6608371734619141,0.040488481521606445,0.786675214767456,-0.125838041305542
rs37,24,17-32,1,warm_full_hi,50,0.6950070261955261,0.09676909446716309,0.786675214767456,-0.09166818857192993
rs37,24,17-32,1,warm_full_hi,100,0.7091836333274841,0.19810700416564941,0.786675214767456,-0.07749158143997192
rs37,24,17-32,1,warm_full_hi,200,0.7306893467903137,0.39430904388427734,0.786675214767456,-0.055985867977142334
rs37,24,17-32,1,warm_full_hi,500,0.753054678440094,1.0035035610198975,0.786675214767456,-0.03362053632736206
rs37,24,17-32,1,warm_head,0,0.6781916618347168,0.0,0.786675214767456,-0.10848355293273926
rs37,24,17-32,1,warm_head,1,0.6803777813911438,0.0017926692962646484,0.786675214767456,-0.10629743337631226
rs37,24,17-32,1,warm_head,2,0.6821528077125549,0.0037839412689208984,0.786675214767456,-0.10452240705490112
rs37,24,17-32,1,warm_head,5,0.6852371096611023,0.008573532104492188,0.786675214767456,-0.10143810510635376
rs37,24,17-32,1,warm_head,10,0.6880185604095459,0.018700361251831055,0.786675214767456,-0.09865665435791016
rs37,24,17-32,1,warm_head,20,0.690707266330719,0.03937244415283203,0.786675214767456,-0.09596794843673706
rs37,24,17-32,1,warm_head,50,0.6945928931236267,0.07737994194030762,0.786675214767456,-0.09208232164382935
rs37,24,17-32,1,warm_head,100,0.6979640126228333,0.14058661460876465,0.786675214767456,-0.0887112021446228
rs37,24,17-32,1,warm_head,200,0.7007761597633362,0.2656748294830322,0.786675214767456,-0.08589905500411987
rs37,24,17-32,1,warm_head,500,0.7031493782997131,0.6499912738800049,0.786675214767456,-0.08352583646774292
rs38,30,17-32,0,cold,0,0.0012713968753814697,0.0,0.8214788436889648,-0.8202074468135834
rs38,30,17-32,0,cold,1,0.042227014899253845,0.14162635803222656,0.8214788436889648,-0.779251828789711
rs38,30,17-32,0,cold,2,0.09811139106750488,0.14688873291015625,0.8214788436889648,-0.72336745262146
rs38,30,17-32,0,cold,5,0.39432278275489807,0.15500307083129883,0.8214788436889648,-0.4271560609340668
rs38,30,17-32,0,cold,10,0.5218423008918762,0.16484642028808594,0.8214788436889648,-0.2996365427970886
rs38,30,17-32,0,cold,20,0.6119306683540344,0.18483781814575195,0.8214788436889648,-0.20954817533493042
rs38,30,17-32,0,cold,50,0.673865556716919,0.24083685874938965,0.8214788436889648,-0.1476132869720459
rs38,30,17-32,0,cold,100,0.7139177918434143,0.33968400955200195,0.8214788436889648,-0.10756105184555054
rs38,30,17-32,0,cold,200,0.7423310279846191,0.5240180492401123,0.8214788436889648,-0.0791478157043457
rs38,30,17-32,0,cold,500,0.7773807048797607,1.0831577777862549,0.8214788436889648,-0.0440981388092041
rs38,30,17-32,0,warm_full,0,0.7393589019775391,0.0,0.8214788436889648,-0.08211994171142578
rs38,30,17-32,0,warm_full,1,0.7190641760826111,0.002537965774536133,0.8214788436889648,-0.10241466760635376
rs38,30,17-32,0,warm_full,2,0.7310986518859863,0.004843950271606445,0.8214788436889648,-0.09038019180297852
rs38,30,17-32,0,warm_full,5,0.7356953024864197,0.011795520782470703,0.8214788436889648,-0.08578354120254517
rs38,30,17-32,0,warm_full,10,0.7559792995452881,0.021193981170654297,0.8214788436889648,-0.06549954414367676
rs38,30,17-32,0,warm_full,20,0.7679077982902527,0.039780616760253906,0.8214788436889648,-0.05357104539871216
rs38,30,17-32,0,warm_full,50,0.779521644115448,0.09389615058898926,0.8214788436889648,-0.041957199573516846
rs38,30,17-32,0,warm_full,100,0.7837067246437073,0.18304681777954102,0.8214788436889648,-0.03777211904525757
rs38,30,17-32,0,warm_full,200,0.796766459941864,0.3664896488189697,0.8214788436889648,-0.02471238374710083
rs38,30,17-32,0,warm_full,500,0.8115401268005371,0.9408550262451172,0.8214788436889648,-0.009938716888427734
rs38,30,17-32,0,warm_full_hi,0,0.7393589019775391,0.0,0.8214788436889648,-0.08211994171142578
rs38,30,17-32,0,warm_full_hi,1,0.2683291435241699,0.002499818801879883,0.8214788436889648,-0.5531497001647949
rs38,30,17-32,0,warm_full_hi,2,0.5041655898094177,0.005223512649536133,0.8214788436889648,-0.3173132538795471
rs38,30,17-32,0,warm_full_hi,5,0.3992379605770111,0.011815786361694336,0.8214788436889648,-0.42224088311195374
rs38,30,17-32,0,warm_full_hi,10,0.556918203830719,0.022084474563598633,0.8214788436889648,-0.26456063985824585
rs38,30,17-32,0,warm_full_hi,20,0.6717207431793213,0.04240584373474121,0.8214788436889648,-0.14975810050964355
rs38,30,17-32,0,warm_full_hi,50,0.7342072129249573,0.10034418106079102,0.8214788436889648,-0.08727163076400757
rs38,30,17-32,0,warm_full_hi,100,0.7346040606498718,0.19715428352355957,0.8214788436889648,-0.08687478303909302
rs38,30,17-32,0,warm_full_hi,200,0.7682898640632629,0.38745665550231934,0.8214788436889648,-0.053188979625701904
rs38,30,17-32,0,warm_full_hi,500,0.7761557102203369,0.9543464183807373,0.8214788436889648,-0.04532313346862793
rs38,30,17-32,0,warm_head,0,0.7393589019775391,0.0,0.8214788436889648,-0.08211994171142578
rs38,30,17-32,0,warm_head,1,0.7399972081184387,0.001737833023071289,0.8214788436889648,-0.08148163557052612
rs38,30,17-32,0,warm_head,2,0.740718424320221,0.0037078857421875,0.8214788436889648,-0.0807604193687439
rs38,30,17-32,0,warm_head,5,0.7423350811004639,0.008341073989868164,0.8214788436889648,-0.07914376258850098
rs38,30,17-32,0,warm_head,10,0.7446675896644592,0.015377521514892578,0.8214788436889648,-0.07681125402450562
rs38,30,17-32,0,warm_head,20,0.7481204867362976,0.028807401657104492,0.8214788436889648,-0.07335835695266724
rs38,30,17-32,0,warm_head,50,0.7513392567634583,0.06708264350891113,0.8214788436889648,-0.07013958692550659
rs38,30,17-32,0,warm_head,100,0.7531179785728455,0.13036274909973145,0.8214788436889648,-0.06836086511611938
rs38,30,17-32,0,warm_head,200,0.7544434666633606,0.2571530342102051,0.8214788436889648,-0.06703537702560425
rs38,30,17-32,0,warm_head,500,0.7564380168914795,0.6337978839874268,0.8214788436889648,-0.06504082679748535
rs38,30,17-32,1,cold,0,0.0009653866291046143,0.0,0.8214788436889648,-0.8205134570598602
rs38,30,17-32,1,cold,1,0.038254547864198685,0.11436176300048828,0.8214788436889648,-0.7832242958247662
rs38,30,17-32,1,cold,2,0.09048517793416977,0.11773943901062012,0.8214788436889648,-0.7309936657547951
rs38,30,17-32,1,cold,5,0.3709372282028198,0.12299251556396484,0.8214788436889648,-0.450541615486145
rs38,30,17-32,1,cold,10,0.523171603679657,0.13234972953796387,0.8214788436889648,-0.29830724000930786
rs38,30,17-32,1,cold,20,0.5904768109321594,0.1519174575805664,0.8214788436889648,-0.23100203275680542
rs38,30,17-32,1,cold,50,0.6803700923919678,0.20724225044250488,0.8214788436889648,-0.14110875129699707
rs38,30,17-32,1,cold,100,0.7172711491584778,0.2999458312988281,0.8214788436889648,-0.10420769453048706
rs38,30,17-32,1,cold,200,0.7344818711280823,0.4874706268310547,0.8214788436889648,-0.08699697256088257
rs38,30,17-32,1,cold,500,0.7739935517311096,1.0570802688598633,0.8214788436889648,-0.047485291957855225
rs38,30,17-32,1,warm_full,0,0.7393589019775391,0.0,0.8214788436889648,-0.08211994171142578
rs38,30,17-32,1,warm_full,1,0.745187520980835,0.0026755332946777344,0.8214788436889648,-0.07629132270812988
rs38,30,17-32,1,warm_full,2,0.7413023114204407,0.005400657653808594,0.8214788436889648,-0.08017653226852417
rs38,30,17-32,1,warm_full,5,0.7435322403907776,0.012161970138549805,0.8214788436889648,-0.07794660329818726
rs38,30,17-32,1,warm_full,10,0.7531630992889404,0.02230095863342285,0.8214788436889648,-0.06831574440002441
rs38,30,17-32,1,warm_full,20,0.767423152923584,0.041784048080444336,0.8214788436889648,-0.05405569076538086
rs38,30,17-32,1,warm_full,50,0.7703585028648376,0.09799647331237793,0.8214788436889648,-0.0511203408241272
rs38,30,17-32,1,warm_full,100,0.787478506565094,0.19212555885314941,0.8214788436889648,-0.03400033712387085
rs38,30,17-32,1,warm_full,200,0.7921074032783508,0.38776707649230957,0.8214788436889648,-0.029371440410614014
rs38,30,17-32,1,warm_full,500,0.8106020092964172,0.963606595993042,0.8214788436889648,-0.010876834392547607
rs38,30,17-32,1,warm_full_hi,0,0.7393589019775391,0.0,0.8214788436889648,-0.08211994171142578
rs38,30,17-32,1,warm_full_hi,1,0.53246009349823,0.002435922622680664,0.8214788436889648,-0.28901875019073486
rs38,30,17-32,1,warm_full_hi,2,0.4808128774166107,0.0049359798431396484,0.8214788436889648,-0.3406659662723541
rs38,30,17-32,1,warm_full_hi,5,0.6073434948921204,0.017045021057128906,0.8214788436889648,-0.21413534879684448
rs38,30,17-32,1,warm_full_hi,10,0.6602401733398438,0.029221057891845703,0.8214788436889648,-0.1612386703491211
rs38,30,17-32,1,warm_full_hi,20,0.7149801254272461,0.04859495162963867,0.8214788436889648,-0.10649871826171875
rs38,30,17-32,1,warm_full_hi,50,0.7509785294532776,0.10569310188293457,0.8214788436889648,-0.07050031423568726
rs38,30,17-32,1,warm_full_hi,100,0.7649896740913391,0.20520329475402832,0.8214788436889648,-0.05648916959762573
rs38,30,17-32,1,warm_full_hi,200,0.7773264050483704,0.3885819911956787,0.8214788436889648,-0.04415243864059448
rs38,30,17-32,1,warm_full_hi,500,0.7785148024559021,0.9444820880889893,0.8214788436889648,-0.042964041233062744
rs38,30,17-32,1,warm_head,0,0.7393589019775391,0.0,0.8214788436889648,-0.08211994171142578
rs38,30,17-32,1,warm_head,1,0.7407920360565186,0.0014960765838623047,0.8214788436889648,-0.08068680763244629
rs38,30,17-32,1,warm_head,2,0.7421669960021973,0.0032460689544677734,0.8214788436889648,-0.07931184768676758
rs38,30,17-32,1,warm_head,5,0.7443162798881531,0.007341146469116211,0.8214788436889648,-0.07716256380081177
rs38,30,17-32,1,warm_head,10,0.7457550168037415,0.01309347152709961,0.8214788436889648,-0.07572382688522339
rs38,30,17-32,1,warm_head,20,0.7483065724372864,0.024561405181884766,0.8214788436889648,-0.07317227125167847
rs38,30,17-32,1,warm_head,50,0.7510659694671631,0.05770134925842285,0.8214788436889648,-0.07041287422180176
rs38,30,17-32,1,warm_head,100,0.753571093082428,0.11253643035888672,0.8214788436889648,-0.06790775060653687
rs38,30,17-32,1,warm_head,200,0.7549963593482971,0.22077155113220215,0.8214788436889648,-0.06648248434066772
rs38,30,17-32,1,warm_head,500,0.7560556530952454,0.5799307823181152,0.8214788436889648,-0.06542319059371948
rs39,21,17-32,0,cold,0,0.0031208444852381945,0.0,0.8372271656990051,-0.8341063212137669
rs39,21,17-32,0,cold,1,0.04522622749209404,0.14114809036254883,0.8372271656990051,-0.7920009382069111
rs39,21,17-32,0,cold,2,0.09612452983856201,0.14513826370239258,0.8372271656990051,-0.7411026358604431
rs39,21,17-32,0,cold,5,0.35154369473457336,0.1515638828277588,0.8372271656990051,-0.48568347096443176
rs39,21,17-32,0,cold,10,0.5232766270637512,0.16181159019470215,0.8372271656990051,-0.3139505386352539
rs39,21,17-32,0,cold,20,0.5983890295028687,0.18134260177612305,0.8372271656990051,-0.23883813619613647
rs39,21,17-32,0,cold,50,0.6867456436157227,0.23914265632629395,0.8372271656990051,-0.15048152208328247
rs39,21,17-32,0,cold,100,0.7348408699035645,0.33272671699523926,0.8372271656990051,-0.10238629579544067
rs39,21,17-32,0,cold,200,0.7600090503692627,0.5316376686096191,0.8372271656990051,-0.07721811532974243
rs39,21,17-32,0,cold,500,0.7844219207763672,1.1043555736541748,0.8372271656990051,-0.05280524492263794
rs39,21,17-32,0,warm_full,0,0.7497413754463196,0.0,0.8372271656990051,-0.08748579025268555
rs39,21,17-32,0,warm_full,1,0.7324123978614807,0.003040790557861328,0.8372271656990051,-0.10481476783752441
rs39,21,17-32,0,warm_full,2,0.7480197548866272,0.00584864616394043,0.8372271656990051,-0.08920741081237793
rs39,21,17-32,0,warm_full,5,0.7535743713378906,0.01253509521484375,0.8372271656990051,-0.0836527943611145
rs39,21,17-32,0,warm_full,10,0.7623254656791687,0.0223848819732666,0.8372271656990051,-0.07490170001983643
rs39,21,17-32,0,warm_full,20,0.7753326892852783,0.04125571250915527,0.8372271656990051,-0.06189447641372681
rs39,21,17-32,0,warm_full,50,0.7832663655281067,0.09728527069091797,0.8372271656990051,-0.05396080017089844
rs39,21,17-32,0,warm_full,100,0.7970671057701111,0.19253754615783691,0.8372271656990051,-0.04016005992889404
rs39,21,17-32,0,warm_full,200,0.8073076605796814,0.37921643257141113,0.8372271656990051,-0.02991950511932373
rs39,21,17-32,0,warm_full,500,0.823750913143158,0.9429898262023926,0.8372271656990051,-0.013476252555847168
rs39,21,17-32,0,warm_full_hi,0,0.7497413754463196,0.0,0.8372271656990051,-0.08748579025268555
rs39,21,17-32,0,warm_full_hi,1,0.31964293122291565,0.0024900436401367188,0.8372271656990051,-0.5175842344760895
rs39,21,17-32,0,warm_full_hi,2,0.5735870003700256,0.0051534175872802734,0.8372271656990051,-0.2636401653289795
rs39,21,17-32,0,warm_full_hi,5,0.4373716413974762,0.012241125106811523,0.8372271656990051,-0.39985552430152893
rs39,21,17-32,0,warm_full_hi,10,0.5702871680259705,0.022254467010498047,0.8372271656990051,-0.26693999767303467
rs39,21,17-32,0,warm_full_hi,20,0.6825659871101379,0.04147195816040039,0.8372271656990051,-0.1546611785888672
rs39,21,17-32,0,warm_full_hi,50,0.7415191531181335,0.09740757942199707,0.8372271656990051,-0.09570801258087158
rs39,21,17-32,0,warm_full_hi,100,0.7670786380767822,0.19156408309936523,0.8372271656990051,-0.0701485276222229
rs39,21,17-32,0,warm_full_hi,200,0.781781017780304,0.3833014965057373,0.8372271656990051,-0.05544614791870117
rs39,21,17-32,0,warm_full_hi,500,0.7882058024406433,0.9528586864471436,0.8372271656990051,-0.049021363258361816
rs39,21,17-32,0,warm_head,0,0.7497413754463196,0.0,0.8372271656990051,-0.08748579025268555
rs39,21,17-32,0,warm_head,1,0.7514657974243164,0.0017790794372558594,0.8372271656990051,-0.08576136827468872
rs39,21,17-32,0,warm_head,2,0.7527474761009216,0.0037391185760498047,0.8372271656990051,-0.0844796895980835
rs39,21,17-32,0,warm_head,5,0.7551108002662659,0.008524656295776367,0.8372271656990051,-0.08211636543273926
rs39,21,17-32,0,warm_head,10,0.75748610496521,0.016223430633544922,0.8372271656990051,-0.07974106073379517
rs39,21,17-32,0,warm_head,20,0.7601706385612488,0.029651403427124023,0.8372271656990051,-0.07705652713775635
rs39,21,17-32,0,warm_head,50,0.7628886103630066,0.06958460807800293,0.8372271656990051,-0.07433855533599854
rs39,21,17-32,0,warm_head,100,0.764589786529541,0.13497543334960938,0.8372271656990051,-0.07263737916946411
rs39,21,17-32,0,warm_head,200,0.7659016251564026,0.26774072647094727,0.8372271656990051,-0.07132554054260254
rs39,21,17-32,0,warm_head,500,0.7677488923072815,0.6447045803070068,0.8372271656990051,-0.06947827339172363
rs39,21,17-32,1,cold,0,0.0003109922108706087,0.0,0.8372271656990051,-0.8369161734881345
rs39,21,17-32,1,cold,1,0.03443070128560066,0.13402152061462402,0.8372271656990051,-0.8027964644134045
rs39,21,17-32,1,cold,2,0.08286584168672562,0.13793325424194336,0.8372271656990051,-0.7543613240122795
rs39,21,17-32,1,cold,5,0.35292956233024597,0.14355707168579102,0.8372271656990051,-0.48429760336875916
rs39,21,17-32,1,cold,10,0.5251674652099609,0.1536552906036377,0.8372271656990051,-0.3120597004890442
rs39,21,17-32,1,cold,20,0.594633162021637,0.17461276054382324,0.8372271656990051,-0.24259400367736816
rs39,21,17-32,1,cold,50,0.6802046298980713,0.2318284511566162,0.8372271656990051,-0.15702253580093384
rs39,21,17-32,1,cold,100,0.7177225947380066,0.32904911041259766,0.8372271656990051,-0.11950457096099854
rs39,21,17-32,1,cold,200,0.7584136128425598,0.5152664184570312,0.8372271656990051,-0.07881355285644531
rs39,21,17-32,1,cold,500,0.7887260913848877,1.0629231929779053,0.8372271656990051,-0.04850107431411743
rs39,21,17-32,1,warm_full,0,0.7497413754463196,0.0,0.8372271656990051,-0.08748579025268555
rs39,21,17-32,1,warm_full,1,0.7493389248847961,0.0025510787963867188,0.8372271656990051,-0.08788824081420898
rs39,21,17-32,1,warm_full,2,0.7496723532676697,0.005358457565307617,0.8372271656990051,-0.08755481243133545
rs39,21,17-32,1,warm_full,5,0.7535862922668457,0.012129545211791992,0.8372271656990051,-0.08364087343215942
rs39,21,17-32,1,warm_full,10,0.7649410367012024,0.02216815948486328,0.8372271656990051,-0.07228612899780273
rs39,21,17-32,1,warm_full,20,0.7771514058113098,0.04147982597351074,0.8372271656990051,-0.06007575988769531
rs39,21,17-32,1,warm_full,50,0.7861881852149963,0.09802460670471191,0.8372271656990051,-0.05103898048400879
rs39,21,17-32,1,warm_full,100,0.7992496490478516,0.19177770614624023,0.8372271656990051,-0.037977516651153564
rs39,21,17-32,1,warm_full,200,0.8102853894233704,0.3777608871459961,0.8372271656990051,-0.026941776275634766
rs39,21,17-32,1,warm_full,500,0.8207797408103943,0.9462227821350098,0.8372271656990051,-0.01644742488861084
rs39,21,17-32,1,warm_full_hi,0,0.7497413754463196,0.0,0.8372271656990051,-0.08748579025268555
rs39,21,17-32,1,warm_full_hi,1,0.43721893429756165,0.0025603771209716797,0.8372271656990051,-0.4000082314014435
rs39,21,17-32,1,warm_full_hi,2,0.5429717898368835,0.00518488883972168,0.8372271656990051,-0.2942553758621216
rs39,21,17-32,1,warm_full_hi,5,0.6356644630432129,0.011596202850341797,0.8372271656990051,-0.20156270265579224
rs39,21,17-32,1,warm_full_hi,10,0.6968011856079102,0.021651744842529297,0.8372271656990051,-0.14042598009109497
rs39,21,17-32,1,warm_full_hi,20,0.7227378487586975,0.04068279266357422,0.8372271656990051,-0.11448931694030762
rs39,21,17-32,1,warm_full_hi,50,0.7512111663818359,0.09606432914733887,0.8372271656990051,-0.08601599931716919
rs39,21,17-32,1,warm_full_hi,100,0.7618417739868164,0.1912672519683838,0.8372271656990051,-0.07538539171218872
rs39,21,17-32,1,warm_full_hi,200,0.7861742973327637,0.3952631950378418,0.8372271656990051,-0.051052868366241455
rs39,21,17-32,1,warm_full_hi,500,0.7916744351387024,0.9681696891784668,0.8372271656990051,-0.045552730560302734
rs39,21,17-32,1,warm_head,0,0.7497413754463196,0.0,0.8372271656990051,-0.08748579025268555
rs39,21,17-32,1,warm_head,1,0.7517728805541992,0.0017518997192382812,0.8372271656990051,-0.08545428514480591
rs39,21,17-32,1,warm_head,2,0.7533647418022156,0.0036830902099609375,0.8372271656990051,-0.08386242389678955
rs39,21,17-32,1,warm_head,5,0.7560660243034363,0.008111238479614258,0.8372271656990051,-0.08116114139556885
rs39,21,17-32,1,warm_head,10,0.7579503655433655,0.015182018280029297,0.8372271656990051,-0.07927680015563965
rs39,21,17-32,1,warm_head,20,0.7599576115608215,0.028303861618041992,0.8372271656990051,-0.0772695541381836
rs39,21,17-32,1,warm_head,50,0.7630581259727478,0.06581282615661621,0.8372271656990051,-0.07416903972625732
rs39,21,17-32,1,warm_head,100,0.7651538252830505,0.12793970108032227,0.8372271656990051,-0.07207334041595459
rs39,21,17-32,1,warm_head,200,0.7663946151733398,0.2518880367279053,0.8372271656990051,-0.07083255052566528
rs39,21,17-32,1,warm_head,500,0.7675086855888367,0.6182997226715088,0.8372271656990051,-0.06971848011016846
rs40,33,33-44,0,cold,0,0.002819230081513524,0.0,0.8438970446586609,-0.8410778145771474
rs40,33,33-44,0,cold,1,0.05277698114514351,0.14286565780639648,0.8438970446586609,-0.7911200635135174
rs40,33,33-44,0,cold,2,0.1202654018998146,0.1473231315612793,0.8438970446586609,-0.7236316427588463
rs40,33,33-44,0,cold,5,0.4282905161380768,0.1550309658050537,0.8438970446586609,-0.4156065285205841
rs40,33,33-44,0,cold,10,0.545842170715332,0.16807961463928223,0.8438970446586609,-0.29805487394332886
rs40,33,33-44,0,cold,20,0.6204327344894409,0.19392848014831543,0.8438970446586609,-0.22346431016921997
rs40,33,33-44,0,cold,50,0.6949756741523743,0.2687103748321533,0.8438970446586609,-0.14892137050628662
rs40,33,33-44,0,cold,100,0.7428255677223206,0.392136812210083,0.8438970446586609,-0.10107147693634033
rs40,33,33-44,0,cold,200,0.77696293592453,0.6366081237792969,0.8438970446586609,-0.06693410873413086
rs40,33,33-44,0,cold,500,0.8072177767753601,1.3820242881774902,0.8438970446586609,-0.03667926788330078
rs40,33,33-44,0,warm_full,0,0.773647129535675,0.0,0.8438970446586609,-0.07024991512298584
rs40,33,33-44,0,warm_full,1,0.7586186528205872,0.003069162368774414,0.8438970446586609,-0.08527839183807373
rs40,33,33-44,0,warm_full,2,0.7744930386543274,0.0060236454010009766,0.8438970446586609,-0.0694040060043335
rs40,33,33-44,0,warm_full,5,0.7771449685096741,0.014555931091308594,0.8438970446586609,-0.06675207614898682
rs40,33,33-44,0,warm_full,10,0.7930941581726074,0.02726149559020996,0.8438970446586609,-0.05080288648605347
rs40,33,33-44,0,warm_full,20,0.809643566608429,0.05175638198852539,0.8438970446586609,-0.034253478050231934
rs40,33,33-44,0,warm_full,50,0.8159842491149902,0.12389659881591797,0.8438970446586609,-0.027912795543670654
rs40,33,33-44,0,warm_full,100,0.8176577091217041,0.249786376953125,0.8438970446586609,-0.026239335536956787
rs40,33,33-44,0,warm_full,200,0.8279459476470947,0.4940755367279053,0.8438970446586609,-0.015951097011566162
rs40,33,33-44,0,warm_full,500,0.8391054272651672,1.2219727039337158,0.8438970446586609,-0.004791617393493652
rs40,33,33-44,0,warm_full_hi,0,0.773647129535675,0.0,0.8438970446586609,-0.07024991512298584
rs40,33,33-44,0,warm_full_hi,1,0.3544611632823944,0.002984762191772461,0.8438970446586609,-0.4894358813762665
rs40,33,33-44,0,warm_full_hi,2,0.5023000836372375,0.006035327911376953,0.8438970446586609,-0.34159696102142334
rs40,33,33-44,0,warm_full_hi,5,0.4966701567173004,0.014500617980957031,0.8438970446586609,-0.3472268879413605
rs40,33,33-44,0,warm_full_hi,10,0.628744900226593,0.02698969841003418,0.8438970446586609,-0.21515214443206787
rs40,33,33-44,0,warm_full_hi,20,0.7227411866188049,0.05215024948120117,0.8438970446586609,-0.12115585803985596
rs40,33,33-44,0,warm_full_hi,50,0.7744717001914978,0.12581324577331543,0.8438970446586609,-0.06942534446716309
rs40,33,33-44,0,warm_full_hi,100,0.7846564650535583,0.246171236038208,0.8438970446586609,-0.05924057960510254
rs40,33,33-44,0,warm_full_hi,200,0.8074008822441101,0.46621251106262207,0.8438970446586609,-0.03649616241455078
rs40,33,33-44,0,warm_full_hi,500,0.8108379244804382,1.146852970123291,0.8438970446586609,-0.033059120178222656
rs40,33,33-44,0,warm_head,0,0.773647129535675,0.0,0.8438970446586609,-0.07024991512298584
rs40,33,33-44,0,warm_head,1,0.7745760083198547,0.0024225711822509766,0.8438970446586609,-0.06932103633880615
rs40,33,33-44,0,warm_head,2,0.7753963470458984,0.004656314849853516,0.8438970446586609,-0.06850069761276245
rs40,33,33-44,0,warm_head,5,0.7771133780479431,0.010182857513427734,0.8438970446586609,-0.06678366661071777
rs40,33,33-44,0,warm_head,10,0.7799413204193115,0.018379926681518555,0.8438970446586609,-0.06395572423934937
rs40,33,33-44,0,warm_head,20,0.7859035134315491,0.03412055969238281,0.8438970446586609,-0.057993531227111816
rs40,33,33-44,0,warm_head,50,0.7916784882545471,0.07880043983459473,0.8438970446586609,-0.05221855640411377
rs40,33,33-44,0,warm_head,100,0.7947731018066406,0.1520998477935791,0.8438970446586609,-0.049123942852020264
rs40,33,33-44,0,warm_head,200,0.7970459461212158,0.29759836196899414,0.8438970446586609,-0.04685109853744507
rs40,33,33-44,0,warm_head,500,0.7996658682823181,0.7407400608062744,0.8438970446586609,-0.04423117637634277
rs40,33,33-44,1,cold,0,0.0008258422021754086,0.0,0.8438970446586609,-0.8430712024564855
rs40,33,33-44,1,cold,1,0.040734123438596725,0.1162574291229248,0.8438970446586609,-0.8031629212200642
rs40,33,33-44,1,cold,2,0.09710339456796646,0.12082314491271973,0.8438970446586609,-0.7467936500906944
rs40,33,33-44,1,cold,5,0.38649842143058777,0.1281449794769287,0.8438970446586609,-0.4573986232280731
rs40,33,33-44,1,cold,10,0.5222665071487427,0.13902711868286133,0.8438970446586609,-0.3216305375099182
rs40,33,33-44,1,cold,20,0.6119440793991089,0.15889859199523926,0.8438970446586609,-0.231952965259552
rs40,33,33-44,1,cold,50,0.6917708516120911,0.21759247779846191,0.8438970446586609,-0.15212619304656982
rs40,33,33-44,1,cold,100,0.7358409762382507,0.33102869987487793,0.8438970446586609,-0.10805606842041016
rs40,33,33-44,1,cold,200,0.7758186459541321,0.5467877388000488,0.8438970446586609,-0.06807839870452881
rs40,33,33-44,1,cold,500,0.8067376613616943,1.1494712829589844,0.8438970446586609,-0.03715938329696655
rs40,33,33-44,1,warm_full,0,0.773647129535675,0.0,0.8438970446586609,-0.07024991512298584
rs40,33,33-44,1,warm_full,1,0.7788082957267761,0.002858400344848633,0.8438970446586609,-0.06508874893188477
rs40,33,33-44,1,warm_full,2,0.7828429341316223,0.005840778350830078,0.8438970446586609,-0.061054110527038574
rs40,33,33-44,1,warm_full,5,0.7772697806358337,0.012821674346923828,0.8438970446586609,-0.06662726402282715
rs40,33,33-44,1,warm_full,10,0.7984469532966614,0.02371835708618164,0.8438970446586609,-0.04545009136199951
rs40,33,33-44,1,warm_full,20,0.8081794381141663,0.04337191581726074,0.8438970446586609,-0.03571760654449463
rs40,33,33-44,1,warm_full,50,0.8141120076179504,0.09956073760986328,0.8438970446586609,-0.02978503704071045
rs40,33,33-44,1,warm_full,100,0.8238115310668945,0.19388461112976074,0.8438970446586609,-0.020085513591766357
rs40,33,33-44,1,warm_full,200,0.8292124271392822,0.38315486907958984,0.8438970446586609,-0.014684617519378662
rs40,33,33-44,1,warm_full,500,0.8415567278862,0.9725427627563477,0.8438970446586609,-0.0023403167724609375
rs40,33,33-44,1,warm_full_hi,0,0.773647129535675,0.0,0.8438970446586609,-0.07024991512298584
rs40,33,33-44,1,warm_full_hi,1,0.4532601833343506,0.0027871131896972656,0.8438970446586609,-0.3906368613243103
rs40,33,33-44,1,warm_full_hi,2,0.5478110313415527,0.005719661712646484,0.8438970446586609,-0.29608601331710815
rs40,33,33-44,1,warm_full_hi,5,0.6262757182121277,0.015295743942260742,0.8438970446586609,-0.2176213264465332
rs40,33,33-44,1,warm_full_hi,10,0.6839118599891663,0.027942180633544922,0.8438970446586609,-0.15998518466949463
rs40,33,33-44,1,warm_full_hi,20,0.7350661158561707,0.047492027282714844,0.8438970446586609,-0.10883092880249023
rs40,33,33-44,1,warm_full_hi,50,0.7803068161010742,0.10316324234008789,0.8438970446586609,-0.06359022855758667
rs40,33,33-44,1,warm_full_hi,100,0.7775256037712097,0.19623303413391113,0.8438970446586609,-0.06637144088745117
rs40,33,33-44,1,warm_full_hi,200,0.7896652817726135,0.38910508155822754,0.8438970446586609,-0.05423176288604736
rs40,33,33-44,1,warm_full_hi,500,0.8148775100708008,0.9409966468811035,0.8438970446586609,-0.029019534587860107
rs40,33,33-44,1,warm_head,0,0.773647129535675,0.0,0.8438970446586609,-0.07024991512298584
rs40,33,33-44,1,warm_head,1,0.7756628394126892,0.0017237663269042969,0.8438970446586609,-0.06823420524597168
rs40,33,33-44,1,warm_head,2,0.7774484753608704,0.003713846206665039,0.8438970446586609,-0.06644856929779053
rs40,33,33-44,1,warm_head,5,0.7798512578010559,0.008172035217285156,0.8438970446586609,-0.06404578685760498
rs40,33,33-44,1,warm_head,10,0.7823429107666016,0.015198469161987305,0.8438970446586609,-0.061554133892059326
rs40,33,33-44,1,warm_head,20,0.7865716814994812,0.0285797119140625,0.8438970446586609,-0.05732536315917969
rs40,33,33-44,1,warm_head,50,0.7912651896476746,0.06644344329833984,0.8438970446586609,-0.05263185501098633
rs40,33,33-44,1,warm_head,100,0.7950830459594727,0.12934398651123047,0.8438970446586609,-0.04881399869918823
rs40,33,33-44,1,warm_head,200,0.797823429107666,0.2543966770172119,0.8438970446586609,-0.04607361555099487
rs40,33,33-44,1,warm_head,500,0.7991828322410583,0.6278378963470459,0.8438970446586609,-0.04471421241760254
rs41,43,33-44,0,cold,0,0.003331512212753296,0.0,0.8675477504730225,-0.8642162382602692
rs41,43,33-44,0,cold,1,0.05905039235949516,0.13697266578674316,0.8675477504730225,-0.8084973581135273
rs41,43,33-44,0,cold,2,0.135229229927063,0.14249420166015625,0.8675477504730225,-0.7323185205459595
rs41,43,33-44,0,cold,5,0.4502045810222626,0.15184831619262695,0.8675477504730225,-0.4173431694507599
rs41,43,33-44,0,cold,10,0.5489304661750793,0.1643228530883789,0.8675477504730225,-0.3186172842979431
rs41,43,33-44,0,cold,20,0.6458683013916016,0.19002747535705566,0.8675477504730225,-0.2216794490814209
rs41,43,33-44,0,cold,50,0.731288731098175,0.24707484245300293,0.8675477504730225,-0.1362590193748474
rs41,43,33-44,0,cold,100,0.7802138328552246,0.34296178817749023,0.8675477504730225,-0.08733391761779785
rs41,43,33-44,0,cold,200,0.8148216605186462,0.5288238525390625,0.8675477504730225,-0.05272608995437622
rs41,43,33-44,0,cold,500,0.8448596000671387,1.083446979522705,0.8675477504730225,-0.02268815040588379
rs41,43,33-44,0,warm_full,0,0.8359349370002747,0.0,0.8675477504730225,-0.0316128134727478
rs41,43,33-44,0,warm_full,1,0.8110418319702148,0.0026350021362304688,0.8675477504730225,-0.05650591850280762
rs41,43,33-44,0,warm_full,2,0.8143372535705566,0.00540924072265625,0.8675477504730225,-0.05321049690246582
rs41,43,33-44,0,warm_full,5,0.8092463612556458,0.012225866317749023,0.8675477504730225,-0.05830138921737671
rs41,43,33-44,0,warm_full,10,0.8336102366447449,0.023254871368408203,0.8675477504730225,-0.03393751382827759
rs41,43,33-44,0,warm_full,20,0.8529205322265625,0.04301857948303223,0.8675477504730225,-0.014627218246459961
rs41,43,33-44,0,warm_full,50,0.8574594855308533,0.09942054748535156,0.8675477504730225,-0.01008826494216919
rs41,43,33-44,0,warm_full,100,0.8592347502708435,0.19666337966918945,0.8675477504730225,-0.008313000202178955
rs41,43,33-44,0,warm_full,200,0.8670139312744141,0.3875002861022949,0.8675477504730225,-0.0005338191986083984
rs41,43,33-44,0,warm_full,500,0.8750407099723816,0.9407448768615723,0.8675477504730225,0.007492959499359131
rs41,43,33-44,0,warm_full_hi,0,0.8359349370002747,0.0,0.8675477504730225,-0.0316128134727478
rs41,43,33-44,0,warm_full_hi,1,0.28948622941970825,0.0024809837341308594,0.8675477504730225,-0.5780615210533142
rs41,43,33-44,0,warm_full_hi,2,0.6025387644767761,0.0053708553314208984,0.8675477504730225,-0.26500898599624634
rs41,43,33-44,0,warm_full_hi,5,0.48380497097969055,0.012411117553710938,0.8675477504730225,-0.3837427794933319
rs41,43,33-44,0,warm_full_hi,10,0.6213503479957581,0.021977901458740234,0.8675477504730225,-0.2461974024772644
rs41,43,33-44,0,warm_full_hi,20,0.7445628643035889,0.041164398193359375,0.8675477504730225,-0.1229848861694336
rs41,43,33-44,0,warm_full_hi,50,0.7998449206352234,0.09793949127197266,0.8675477504730225,-0.06770282983779907
rs41,43,33-44,0,warm_full_hi,100,0.8202207088470459,0.19062447547912598,0.8675477504730225,-0.04732704162597656
rs41,43,33-44,0,warm_full_hi,200,0.8436048626899719,0.3732585906982422,0.8675477504730225,-0.023942887783050537
rs41,43,33-44,0,warm_full_hi,500,0.8401856422424316,0.9495673179626465,0.8675477504730225,-0.02736210823059082
rs41,43,33-44,0,warm_head,0,0.8359349370002747,0.0,0.8675477504730225,-0.0316128134727478
rs41,43,33-44,0,warm_head,1,0.836711585521698,0.001682281494140625,0.8675477504730225,-0.030836164951324463
rs41,43,33-44,0,warm_head,2,0.8370650410652161,0.0041484832763671875,0.8675477504730225,-0.030482709407806396
rs41,43,33-44,0,warm_head,5,0.8373311161994934,0.009867191314697266,0.8675477504730225,-0.030216634273529053
rs41,43,33-44,0,warm_head,10,0.8377542495727539,0.018410444259643555,0.8675477504730225,-0.029793500900268555
rs41,43,33-44,0,warm_head,20,0.8396531939506531,0.03267049789428711,0.8675477504730225,-0.027894556522369385
rs41,43,33-44,0,warm_head,50,0.8422620892524719,0.07782363891601562,0.8675477504730225,-0.025285661220550537
rs41,43,33-44,0,warm_head,100,0.8434665203094482,0.15004801750183105,0.8675477504730225,-0.02408123016357422
rs41,43,33-44,0,warm_head,200,0.8448195457458496,0.2925236225128174,0.8675477504730225,-0.02272820472717285
rs41,43,33-44,0,warm_head,500,0.8463409543037415,0.7090108394622803,0.8675477504730225,-0.021206796169281006
rs41,43,33-44,1,cold,0,0.001260762452147901,0.0,0.8675477504730225,-0.8662869880208746
rs41,43,33-44,1,cold,1,0.049219582229852676,0.11284756660461426,0.8675477504730225,-0.8183281682431698
rs41,43,33-44,1,cold,2,0.11654222756624222,0.11708664894104004,0.8675477504730225,-0.7510055229067802
rs41,43,33-44,1,cold,5,0.4201578199863434,0.12471413612365723,0.8675477504730225,-0.4473899304866791
rs41,43,33-44,1,cold,10,0.5485672354698181,0.1336808204650879,0.8675477504730225,-0.31898051500320435
rs41,43,33-44,1,cold,20,0.6435568332672119,0.15265130996704102,0.8675477504730225,-0.22399091720581055
rs41,43,33-44,1,cold,50,0.7334489822387695,0.20665550231933594,0.8675477504730225,-0.13409876823425293
rs41,43,33-44,1,cold,100,0.782310962677002,0.32070279121398926,0.8675477504730225,-0.08523678779602051
rs41,43,33-44,1,cold,200,0.8142347931861877,0.5232863426208496,0.8675477504730225,-0.05331295728683472
rs41,43,33-44,1,cold,500,0.8400984406471252,1.0957720279693604,0.8675477504730225,-0.027449309825897217
rs41,43,33-44,1,warm_full,0,0.8359349370002747,0.0,0.8675477504730225,-0.0316128134727478
rs41,43,33-44,1,warm_full,1,0.8155924677848816,0.0025031566619873047,0.8675477504730225,-0.05195528268814087
rs41,43,33-44,1,warm_full,2,0.8300521969795227,0.005177974700927734,0.8675477504730225,-0.037495553493499756
rs41,43,33-44,1,warm_full,5,0.834227979183197,0.012450695037841797,0.8675477504730225,-0.03331977128982544
rs41,43,33-44,1,warm_full,10,0.8404929041862488,0.022511720657348633,0.8675477504730225,-0.02705484628677368
rs41,43,33-44,1,warm_full,20,0.8501253724098206,0.04241228103637695,0.8675477504730225,-0.017422378063201904
rs41,43,33-44,1,warm_full,50,0.8599771857261658,0.09873580932617188,0.8675477504730225,-0.0075705647468566895
rs41,43,33-44,1,warm_full,100,0.8629286885261536,0.19822072982788086,0.8675477504730225,-0.0046190619468688965
rs41,43,33-44,1,warm_full,200,0.8699703812599182,0.38988280296325684,0.8675477504730225,0.002422630786895752
rs41,43,33-44,1,warm_full,500,0.875305712223053,0.9634933471679688,0.8675477504730225,0.007757961750030518
rs41,43,33-44,1,warm_full_hi,0,0.8359349370002747,0.0,0.8675477504730225,-0.0316128134727478
rs41,43,33-44,1,warm_full_hi,1,0.34936198592185974,0.0025517940521240234,0.8675477504730225,-0.5181857645511627
rs41,43,33-44,1,warm_full_hi,2,0.6042531728744507,0.0051937103271484375,0.8675477504730225,-0.2632945775985718
rs41,43,33-44,1,warm_full_hi,5,0.51743483543396,0.011790037155151367,0.8675477504730225,-0.3501129150390625
rs41,43,33-44,1,warm_full_hi,10,0.6640745997428894,0.02211594581604004,0.8675477504730225,-0.20347315073013306
rs41,43,33-44,1,warm_full_hi,20,0.7577822208404541,0.04106283187866211,0.8675477504730225,-0.10976552963256836
rs41,43,33-44,1,warm_full_hi,50,0.808074951171875,0.09717392921447754,0.8675477504730225,-0.05947279930114746
rs41,43,33-44,1,warm_full_hi,100,0.8107166290283203,0.19545316696166992,0.8675477504730225,-0.05683112144470215
rs41,43,33-44,1,warm_full_hi,200,0.8477332592010498,0.3971543312072754,0.8675477504730225,-0.019814491271972656
rs41,43,33-44,1,warm_full_hi,500,0.851795494556427,0.9452331066131592,0.8675477504730225,-0.01575225591659546
rs41,43,33-44,1,warm_head,0,0.8359349370002747,0.0,0.8675477504730225,-0.0316128134727478
rs41,43,33-44,1,warm_head,1,0.8367423415184021,0.0016677379608154297,0.8675477504730225,-0.03080540895462036
rs41,43,33-44,1,warm_head,2,0.8373889327049255,0.0035521984100341797,0.8675477504730225,-0.030158817768096924
rs41,43,33-44,1,warm_head,5,0.8377181887626648,0.007141828536987305,0.8675477504730225,-0.029829561710357666
rs41,43,33-44,1,warm_head,10,0.8380987048149109,0.01273798942565918,0.8675477504730225,-0.029449045658111572
rs41,43,33-44,1,warm_head,20,0.8399786949157715,0.024156570434570312,0.8675477504730225,-0.027569055557250977
rs41,43,33-44,1,warm_head,50,0.8420276045799255,0.05666208267211914,0.8675477504730225,-0.025520145893096924
rs41,43,33-44,1,warm_head,100,0.8439363837242126,0.11033868789672852,0.8675477504730225,-0.023611366748809814
rs41,43,33-44,1,warm_head,200,0.8453782200813293,0.21672964096069336,0.8675477504730225,-0.022169530391693115
rs41,43,33-44,1,warm_head,500,0.8464050889015198,0.5342133045196533,0.8675477504730225,-0.021142661571502686
rs42,42,33-44,0,cold,0,0.0025377075653523207,0.0,0.8665492534637451,-0.8640115458983928
rs42,42,33-44,0,cold,1,0.05539506673812866,0.14470505714416504,0.8665492534637451,-0.8111541867256165
rs42,42,33-44,0,cold,2,0.1276644617319107,0.14846301078796387,0.8665492534637451,-0.7388847917318344
rs42,42,33-44,0,cold,5,0.45188841223716736,0.15460467338562012,0.8665492534637451,-0.41466084122657776
rs42,42,33-44,0,cold,10,0.5619571208953857,0.16510891914367676,0.8665492534637451,-0.3045921325683594
rs42,42,33-44,0,cold,20,0.6407038569450378,0.18508219718933105,0.8665492534637451,-0.22584539651870728
rs42,42,33-44,0,cold,50,0.7298507690429688,0.24161791801452637,0.8665492534637451,-0.13669848442077637
rs42,42,33-44,0,cold,100,0.7778331637382507,0.3353281021118164,0.8665492534637451,-0.08871608972549438
rs42,42,33-44,0,cold,200,0.8168790340423584,0.5281128883361816,0.8665492534637451,-0.04967021942138672
rs42,42,33-44,0,cold,500,0.8426609635353088,1.076655626296997,0.8665492534637451,-0.02388828992843628
rs42,42,33-44,0,warm_full,0,0.8341372013092041,0.0,0.8665492534637451,-0.032412052154541016
rs42,42,33-44,0,warm_full,1,0.8092013001441956,0.0027463436126708984,0.8665492534637451,-0.05734795331954956
rs42,42,33-44,0,warm_full,2,0.8148877024650574,0.005486011505126953,0.8665492534637451,-0.051661550998687744
rs42,42,33-44,0,warm_full,5,0.8092065453529358,0.012098550796508789,0.8665492534637451,-0.057342708110809326
rs42,42,33-44,0,warm_full,10,0.8338577151298523,0.022573471069335938,0.8665492534637451,-0.03269153833389282
rs42,42,33-44,0,warm_full,20,0.851665198802948,0.041732072830200195,0.8665492534637451,-0.01488405466079712
rs42,42,33-44,0,warm_full,50,0.8559111952781677,0.09595823287963867,0.8665492534637451,-0.010638058185577393
rs42,42,33-44,0,warm_full,100,0.8593685030937195,0.19583535194396973,0.8665492534637451,-0.007180750370025635
rs42,42,33-44,0,warm_full,200,0.865760326385498,0.38501453399658203,0.8665492534637451,-0.0007889270782470703
rs42,42,33-44,0,warm_full,500,0.8727427124977112,0.9933385848999023,0.8665492534637451,0.0061934590339660645
rs42,42,33-44,0,warm_full_hi,0,0.8341372013092041,0.0,0.8665492534637451,-0.032412052154541016
rs42,42,33-44,0,warm_full_hi,1,0.23976163566112518,0.0028879642486572266,0.8665492534637451,-0.6267876178026199
rs42,42,33-44,0,warm_full_hi,2,0.6433626413345337,0.005518436431884766,0.8665492534637451,-0.22318661212921143
rs42,42,33-44,0,warm_full_hi,5,0.45970913767814636,0.011916637420654297,0.8665492534637451,-0.40684011578559875
rs42,42,33-44,0,warm_full_hi,10,0.6064524054527283,0.02406597137451172,0.8665492534637451,-0.26009684801101685
rs42,42,33-44,0,warm_full_hi,20,0.7279248833656311,0.04507017135620117,0.8665492534637451,-0.138624370098114
rs42,42,33-44,0,warm_full_hi,50,0.7972814440727234,0.1115119457244873,0.8665492534637451,-0.06926780939102173
rs42,42,33-44,0,warm_full_hi,100,0.8205311894416809,0.220719575881958,0.8665492534637451,-0.04601806402206421
rs42,42,33-44,0,warm_full_hi,200,0.8359072208404541,0.45262885093688965,0.8665492534637451,-0.030642032623291016
rs42,42,33-44,0,warm_full_hi,500,0.8473210334777832,1.112424373626709,0.8665492534637451,-0.019228219985961914
rs42,42,33-44,0,warm_head,0,0.8341372013092041,0.0,0.8665492534637451,-0.032412052154541016
rs42,42,33-44,0,warm_head,1,0.834977388381958,0.0016891956329345703,0.8665492534637451,-0.03157186508178711
rs42,42,33-44,0,warm_head,2,0.8353872895240784,0.003675699234008789,0.8665492534637451,-0.031161963939666748
rs42,42,33-44,0,warm_head,5,0.8356631398200989,0.008263349533081055,0.8665492534637451,-0.03088611364364624
rs42,42,33-44,0,warm_head,10,0.8361308574676514,0.015391111373901367,0.8665492534637451,-0.03041839599609375
rs42,42,33-44,0,warm_head,20,0.8379838466644287,0.028757810592651367,0.8665492534637451,-0.028565406799316406
rs42,42,33-44,0,warm_head,50,0.8402652144432068,0.06712222099304199,0.8665492534637451,-0.02628403902053833
rs42,42,33-44,0,warm_head,100,0.841448962688446,0.1304609775543213,0.8665492534637451,-0.025100290775299072
rs42,42,33-44,0,warm_head,200,0.8426427841186523,0.2563910484313965,0.8665492534637451,-0.023906469345092773
rs42,42,33-44,0,warm_head,500,0.8442187309265137,0.6332006454467773,0.8665492534637451,-0.022330522537231445
rs42,42,33-44,1,cold,0,0.001061921357177198,0.0,0.8665492534637451,-0.8654873321065679
rs42,42,33-44,1,cold,1,0.04949373006820679,0.14301180839538574,0.8665492534637451,-0.8170555233955383
rs42,42,33-44,1,cold,2,0.1191963478922844,0.14697718620300293,0.8665492534637451,-0.7473529055714607
rs42,42,33-44,1,cold,5,0.42016932368278503,0.15441346168518066,0.8665492534637451,-0.4463799297809601
rs42,42,33-44,1,cold,10,0.5455631017684937,0.16719603538513184,0.8665492534637451,-0.32098615169525146
rs42,42,33-44,1,cold,20,0.6468684673309326,0.19254851341247559,0.8665492534637451,-0.2196807861328125
rs42,42,33-44,1,cold,50,0.7328934669494629,0.2671642303466797,0.8665492534637451,-0.13365578651428223
rs42,42,33-44,1,cold,100,0.7802209854125977,0.3899252414703369,0.8665492534637451,-0.08632826805114746
rs42,42,33-44,1,cold,200,0.81220942735672,0.6325564384460449,0.8665492534637451,-0.054339826107025146
rs42,42,33-44,1,cold,500,0.8398478627204895,1.3657021522521973,0.8665492534637451,-0.026701390743255615
rs42,42,33-44,1,warm_full,0,0.8341372013092041,0.0,0.8665492534637451,-0.032412052154541016
rs42,42,33-44,1,warm_full,1,0.8261314034461975,0.003216266632080078,0.8665492534637451,-0.04041785001754761
rs42,42,33-44,1,warm_full,2,0.8293023109436035,0.006563425064086914,0.8665492534637451,-0.0372469425201416
rs42,42,33-44,1,warm_full,5,0.8215094208717346,0.014711618423461914,0.8665492534637451,-0.0450398325920105
rs42,42,33-44,1,warm_full,10,0.8386976718902588,0.026734352111816406,0.8665492534637451,-0.027851581573486328
rs42,42,33-44,1,warm_full,20,0.8484742045402527,0.05121207237243652,0.8665492534637451,-0.01807504892349243
rs42,42,33-44,1,warm_full,50,0.8587152361869812,0.12400341033935547,0.8665492534637451,-0.007834017276763916
rs42,42,33-44,1,warm_full,100,0.8624336123466492,0.24440932273864746,0.8665492534637451,-0.004115641117095947
rs42,42,33-44,1,warm_full,200,0.8686723709106445,0.4851105213165283,0.8665492534637451,0.002123117446899414
rs42,42,33-44,1,warm_full,500,0.8732156157493591,1.2122752666473389,0.8665492534637451,0.006666362285614014
rs42,42,33-44,1,warm_full_hi,0,0.8341372013092041,0.0,0.8665492534637451,-0.032412052154541016
rs42,42,33-44,1,warm_full_hi,1,0.42758217453956604,0.0031266212463378906,0.8665492534637451,-0.4389670789241791
rs42,42,33-44,1,warm_full_hi,2,0.615210771560669,0.006453514099121094,0.8665492534637451,-0.25133848190307617
rs42,42,33-44,1,warm_full_hi,5,0.6675334572792053,0.014748573303222656,0.8665492534637451,-0.1990157961845398
rs42,42,33-44,1,warm_full_hi,10,0.7139735221862793,0.027550220489501953,0.8665492534637451,-0.15257573127746582
rs42,42,33-44,1,warm_full_hi,20,0.7854916453361511,0.05252718925476074,0.8665492534637451,-0.081057608127594
rs42,42,33-44,1,warm_full_hi,50,0.8246462941169739,0.12693428993225098,0.8665492534637451,-0.04190295934677124
rs42,42,33-44,1,warm_full_hi,100,0.8326578140258789,0.24810194969177246,0.8665492534637451,-0.03389143943786621
rs42,42,33-44,1,warm_full_hi,200,0.8345802426338196,0.49070000648498535,0.8665492534637451,-0.03196901082992554
rs42,42,33-44,1,warm_full_hi,500,0.8380522131919861,1.2083308696746826,0.8665492534637451,-0.028497040271759033
rs42,42,33-44,1,warm_head,0,0.8341372013092041,0.0,0.8665492534637451,-0.032412052154541016
rs42,42,33-44,1,warm_head,1,0.8351420760154724,0.002060413360595703,0.8665492534637451,-0.031407177448272705
rs42,42,33-44,1,warm_head,2,0.8358497619628906,0.004541873931884766,0.8665492534637451,-0.030699491500854492
rs42,42,33-44,1,warm_head,5,0.836167573928833,0.010982036590576172,0.8665492534637451,-0.03038167953491211
rs42,42,33-44,1,warm_head,10,0.8366395831108093,0.020394325256347656,0.8665492534637451,-0.02990967035293579
rs42,42,33-44,1,warm_head,20,0.8383310437202454,0.03709149360656738,0.8665492534637451,-0.028218209743499756
rs42,42,33-44,1,warm_head,50,0.84013432264328,0.08567929267883301,0.8665492534637451,-0.026414930820465088
rs42,42,33-44,1,warm_head,100,0.8419550061225891,0.17306971549987793,0.8665492534637451,-0.024594247341156006
rs42,42,33-44,1,warm_head,200,0.8432712554931641,0.3389010429382324,0.8665492534637451,-0.023277997970581055
rs42,42,33-44,1,warm_head,500,0.8442320823669434,0.826373815536499,0.8665492534637451,-0.022317171096801758
rs43,38,33-44,0,cold,0,0.005564207676798105,0.0,0.86820387840271,-0.8626396707259119
rs43,38,33-44,0,cold,1,0.06268446147441864,0.10860729217529297,0.86820387840271,-0.8055194169282913
rs43,38,33-44,0,cold,2,0.1366645097732544,0.11187243461608887,0.86820387840271,-0.7315393686294556
rs43,38,33-44,0,cold,5,0.4383116662502289,0.11644506454467773,0.86820387840271,-0.4298922121524811
rs43,38,33-44,0,cold,10,0.5605617761611938,0.12578344345092773,0.86820387840271,-0.3076421022415161
rs43,38,33-44,0,cold,20,0.6362804770469666,0.14514970779418945,0.86820387840271,-0.2319234013557434
rs43,38,33-44,0,cold,50,0.7242173552513123,0.2011888027191162,0.86820387840271,-0.1439865231513977
rs43,38,33-44,0,cold,100,0.7712275981903076,0.29373693466186523,0.86820387840271,-0.09697628021240234
rs43,38,33-44,0,cold,200,0.8041105270385742,0.47836828231811523,0.86820387840271,-0.06409335136413574
rs43,38,33-44,0,cold,500,0.8339681029319763,1.150904655456543,0.86820387840271,-0.03423577547073364
rs43,38,33-44,0,warm_full,0,0.81903475522995,0.0,0.86820387840271,-0.04916912317276001
rs43,38,33-44,0,warm_full,1,0.801923930644989,0.002735137939453125,0.86820387840271,-0.06627994775772095
rs43,38,33-44,0,warm_full,2,0.8015666604042053,0.005780935287475586,0.86820387840271,-0.06663721799850464
rs43,38,33-44,0,warm_full,5,0.797875165939331,0.013941049575805664,0.86820387840271,-0.0703287124633789
rs43,38,33-44,0,warm_full,10,0.8215460777282715,0.024947643280029297,0.86820387840271,-0.04665780067443848
rs43,38,33-44,0,warm_full,20,0.8408412337303162,0.047324419021606445,0.86820387840271,-0.0273626446723938
rs43,38,33-44,0,warm_full,50,0.8461431860923767,0.11195802688598633,0.86820387840271,-0.022060692310333252
rs43,38,33-44,0,warm_full,100,0.8496300578117371,0.21952319145202637,0.86820387840271,-0.0185738205909729
rs43,38,33-44,0,warm_full,200,0.8599593043327332,0.4479353427886963,0.86820387840271,-0.008244574069976807
rs43,38,33-44,0,warm_full,500,0.8683235049247742,1.0980224609375,0.86820387840271,0.00011962652206420898
rs43,38,33-44,0,warm_full_hi,0,0.81903475522995,0.0,0.86820387840271,-0.04916912317276001
rs43,38,33-44,0,warm_full_hi,1,0.33693626523017883,0.0027360916137695312,0.86820387840271,-0.5312676131725311
rs43,38,33-44,0,warm_full_hi,2,0.5587276816368103,0.005611896514892578,0.86820387840271,-0.30947619676589966
rs43,38,33-44,0,warm_full_hi,5,0.48819470405578613,0.013375520706176758,0.86820387840271,-0.38000917434692383
rs43,38,33-44,0,warm_full_hi,10,0.6251301765441895,0.025152921676635742,0.86820387840271,-0.2430737018585205
rs43,38,33-44,0,warm_full_hi,20,0.7230449318885803,0.0469973087310791,0.86820387840271,-0.14515894651412964
rs43,38,33-44,0,warm_full_hi,50,0.8005232810974121,0.11202716827392578,0.86820387840271,-0.06768059730529785
rs43,38,33-44,0,warm_full_hi,100,0.8124751448631287,0.21861004829406738,0.86820387840271,-0.0557287335395813
rs43,38,33-44,0,warm_full_hi,200,0.8329182267189026,0.43005943298339844,0.86820387840271,-0.03528565168380737
rs43,38,33-44,0,warm_full_hi,500,0.8395199775695801,1.07859206199646,0.86820387840271,-0.028683900833129883
rs43,38,33-44,0,warm_head,0,0.81903475522995,0.0,0.86820387840271,-0.04916912317276001
rs43,38,33-44,0,warm_head,1,0.8198561072349548,0.0020682811737060547,0.86820387840271,-0.04834777116775513
rs43,38,33-44,0,warm_head,2,0.8201887011528015,0.004192829132080078,0.86820387840271,-0.04801517724990845
rs43,38,33-44,0,warm_head,5,0.8205288052558899,0.009898185729980469,0.86820387840271,-0.04767507314682007
rs43,38,33-44,0,warm_head,10,0.821434736251831,0.018511295318603516,0.86820387840271,-0.046769142150878906
rs43,38,33-44,0,warm_head,20,0.8242140412330627,0.03417849540710449,0.86820387840271,-0.04398983716964722
rs43,38,33-44,0,warm_head,50,0.8274056911468506,0.07952690124511719,0.86820387840271,-0.040798187255859375
rs43,38,33-44,0,warm_head,100,0.8290126323699951,0.1546323299407959,0.86820387840271,-0.039191246032714844
rs43,38,33-44,0,warm_head,200,0.8306015133857727,0.30498266220092773,0.86820387840271,-0.037602365016937256
rs43,38,33-44,0,warm_head,500,0.8323872089385986,0.7503197193145752,0.86820387840271,-0.03581666946411133
rs43,38,33-44,1,cold,0,0.0011528581380844116,0.0,0.86820387840271,-0.8670510202646255
rs43,38,33-44,1,cold,1,0.0472053699195385,0.14193224906921387,0.86820387840271,-0.8209985084831715
rs43,38,33-44,1,cold,2,0.11135056614875793,0.1459064483642578,0.86820387840271,-0.756853312253952
rs43,38,33-44,1,cold,5,0.39979425072669983,0.15199637413024902,0.86820387840271,-0.46840962767601013
rs43,38,33-44,1,cold,10,0.5455066561698914,0.16212844848632812,0.86820387840271,-0.3226972222328186
rs43,38,33-44,1,cold,20,0.6321935057640076,0.1848769187927246,0.86820387840271,-0.2360103726387024
rs43,38,33-44,1,cold,50,0.7264603972434998,0.2465214729309082,0.86820387840271,-0.1417434811592102
rs43,38,33-44,1,cold,100,0.7744906544685364,0.34948205947875977,0.86820387840271,-0.09371322393417358
rs43,38,33-44,1,cold,200,0.8017983436584473,0.5491728782653809,0.86820387840271,-0.0664055347442627
rs43,38,33-44,1,cold,500,0.831184446811676,1.129042625427246,0.86820387840271,-0.037019431591033936
rs43,38,33-44,1,warm_full,0,0.81903475522995,0.0,0.86820387840271,-0.04916912317276001
rs43,38,33-44,1,warm_full,1,0.8129861354827881,0.0025985240936279297,0.86820387840271,-0.055217742919921875
rs43,38,33-44,1,warm_full,2,0.8166118264198303,0.00526881217956543,0.86820387840271,-0.05159205198287964
rs43,38,33-44,1,warm_full,5,0.8123643398284912,0.01186227798461914,0.86820387840271,-0.05583953857421875
rs43,38,33-44,1,warm_full,10,0.8304054141044617,0.022024154663085938,0.86820387840271,-0.03779846429824829
rs43,38,33-44,1,warm_full,20,0.8405629992485046,0.04104351997375488,0.86820387840271,-0.027640879154205322
rs43,38,33-44,1,warm_full,50,0.8504691123962402,0.09697961807250977,0.86820387840271,-0.017734766006469727
rs43,38,33-44,1,warm_full,100,0.852982759475708,0.19696378707885742,0.86820387840271,-0.015221118927001953
rs43,38,33-44,1,warm_full,200,0.8606163859367371,0.38939929008483887,0.86820387840271,-0.0075874924659729
rs43,38,33-44,1,warm_full,500,0.8683530688285828,0.9767417907714844,0.86820387840271,0.00014919042587280273
rs43,38,33-44,1,warm_full_hi,0,0.81903475522995,0.0,0.86820387840271,-0.04916912317276001
rs43,38,33-44,1,warm_full_hi,1,0.4297865927219391,0.003343820571899414,0.86820387840271,-0.4384172856807709
rs43,38,33-44,1,warm_full_hi,2,0.6456347703933716,0.006062984466552734,0.86820387840271,-0.22256910800933838
rs43,38,33-44,1,warm_full_hi,5,0.6307343244552612,0.012962579727172852,0.86820387840271,-0.23746955394744873
rs43,38,33-44,1,warm_full_hi,10,0.7066746354103088,0.022909164428710938,0.86820387840271,-0.16152924299240112
rs43,38,33-44,1,warm_full_hi,20,0.7689823508262634,0.04573869705200195,0.86820387840271,-0.09922152757644653
rs43,38,33-44,1,warm_full_hi,50,0.8178330063819885,0.11423921585083008,0.86820387840271,-0.050370872020721436
rs43,38,33-44,1,warm_full_hi,100,0.7980208992958069,0.2281172275543213,0.86820387840271,-0.07018297910690308
rs43,38,33-44,1,warm_full_hi,200,0.8334364891052246,0.4734609127044678,0.86820387840271,-0.03476738929748535
rs43,38,33-44,1,warm_full_hi,500,0.8391410708427429,1.1188409328460693,0.86820387840271,-0.02906280755996704
rs43,38,33-44,1,warm_head,0,0.81903475522995,0.0,0.86820387840271,-0.04916912317276001
rs43,38,33-44,1,warm_head,1,0.8203204274177551,0.0017151832580566406,0.86820387840271,-0.047883450984954834
rs43,38,33-44,1,warm_head,2,0.821249783039093,0.0036153793334960938,0.86820387840271,-0.04695409536361694
rs43,38,33-44,1,warm_head,5,0.8219425082206726,0.008062362670898438,0.86820387840271,-0.046261370182037354
rs43,38,33-44,1,warm_head,10,0.8225942254066467,0.015031814575195312,0.86820387840271,-0.04560965299606323
rs43,38,33-44,1,warm_head,20,0.8249611854553223,0.028329849243164062,0.86820387840271,-0.043242692947387695
rs43,38,33-44,1,warm_head,50,0.8274181485176086,0.06607580184936523,0.86820387840271,-0.04078572988510132
rs43,38,33-44,1,warm_head,100,0.8295053839683533,0.1289379596710205,0.86820387840271,-0.03869849443435669
rs43,38,33-44,1,warm_head,200,0.8312274813652039,0.25343823432922363,0.86820387840271,-0.036976397037506104
rs43,38,33-44,1,warm_head,500,0.8323879837989807,0.626361608505249,0.86820387840271,-0.03581589460372925
rs44,36,33-44,0,cold,0,0.0022489677648991346,0.0,0.868793785572052,-0.8665448178071529
rs44,36,33-44,0,cold,1,0.04864049330353737,0.11432719230651855,0.868793785572052,-0.8201532922685146
rs44,36,33-44,0,cold,2,0.1147126778960228,0.11783266067504883,0.868793785572052,-0.7540811076760292
rs44,36,33-44,0,cold,5,0.4196568429470062,0.1228933334350586,0.868793785572052,-0.4491369426250458
rs44,36,33-44,0,cold,10,0.5562993884086609,0.13226962089538574,0.868793785572052,-0.3124943971633911
rs44,36,33-44,0,cold,20,0.6513779163360596,0.15175366401672363,0.868793785572052,-0.21741586923599243
rs44,36,33-44,0,cold,50,0.7351532578468323,0.20697951316833496,0.868793785572052,-0.13364052772521973
rs44,36,33-44,0,cold,100,0.7811176776885986,0.30301928520202637,0.868793785572052,-0.08767610788345337
rs44,36,33-44,0,cold,200,0.8120579123497009,0.4883739948272705,0.868793785572052,-0.056735873222351074
rs44,36,33-44,0,cold,500,0.8432977199554443,1.0485544204711914,0.868793785572052,-0.025496065616607666
rs44,36,33-44,0,warm_full,0,0.832598865032196,0.0,0.868793785572052,-0.03619492053985596
rs44,36,33-44,0,warm_full,1,0.8223302364349365,0.0022573471069335938,0.868793785572052,-0.04646354913711548
rs44,36,33-44,0,warm_full,2,0.8182530403137207,0.004627227783203125,0.868793785572052,-0.0505407452583313
rs44,36,33-44,0,warm_full,5,0.8184409737586975,0.010681629180908203,0.868793785572052,-0.05035281181335449
rs44,36,33-44,0,warm_full,10,0.8359701633453369,0.02048516273498535,0.868793785572052,-0.03282362222671509
rs44,36,33-44,0,warm_full,20,0.8493238091468811,0.043698787689208984,0.868793785572052,-0.0194699764251709
rs44,36,33-44,0,warm_full,50,0.855988085269928,0.10103464126586914,0.868793785572052,-0.012805700302124023
rs44,36,33-44,0,warm_full,100,0.8610641956329346,0.1953749656677246,0.868793785572052,-0.007729589939117432
rs44,36,33-44,0,warm_full,200,0.8649590015411377,0.3907907009124756,0.868793785572052,-0.0038347840309143066
rs44,36,33-44,0,warm_full,500,0.8737142086029053,0.9582483768463135,0.868793785572052,0.0049204230308532715
rs44,36,33-44,0,warm_full_hi,0,0.832598865032196,0.0,0.868793785572052,-0.03619492053985596
rs44,36,33-44,0,warm_full_hi,1,0.2643263339996338,0.0026688575744628906,0.868793785572052,-0.6044674515724182
rs44,36,33-44,0,warm_full_hi,2,0.5552555918693542,0.005379915237426758,0.868793785572052,-0.31353819370269775
rs44,36,33-44,0,warm_full_hi,5,0.5010653138160706,0.011974811553955078,0.868793785572052,-0.36772847175598145
rs44,36,33-44,0,warm_full_hi,10,0.6360108256340027,0.022170066833496094,0.868793785572052,-0.23278295993804932
rs44,36,33-44,0,warm_full_hi,20,0.7515979409217834,0.041509389877319336,0.868793785572052,-0.11719584465026855
rs44,36,33-44,0,warm_full_hi,50,0.803701639175415,0.09783005714416504,0.868793785572052,-0.06509214639663696
rs44,36,33-44,0,warm_full_hi,100,0.8249815106391907,0.19223690032958984,0.868793785572052,-0.04381227493286133
rs44,36,33-44,0,warm_full_hi,200,0.8435975909233093,0.3834352493286133,0.868793785572052,-0.025196194648742676
rs44,36,33-44,0,warm_full_hi,500,0.8482480049133301,0.9585604667663574,0.868793785572052,-0.020545780658721924
rs44,36,33-44,0,warm_head,0,0.832598865032196,0.0,0.868793785572052,-0.03619492053985596
rs44,36,33-44,0,warm_head,1,0.833348274230957,0.0016906261444091797,0.868793785572052,-0.03544551134109497
rs44,36,33-44,0,warm_head,2,0.8337005972862244,0.003564596176147461,0.868793785572052,-0.03509318828582764
rs44,36,33-44,0,warm_head,5,0.8344244956970215,0.008120536804199219,0.868793785572052,-0.03436928987503052
rs44,36,33-44,0,warm_head,10,0.8349823951721191,0.015068769454956055,0.868793785572052,-0.03381139039993286
rs44,36,33-44,0,warm_head,20,0.8361024856567383,0.02834153175354004,0.868793785572052,-0.03269129991531372
rs44,36,33-44,0,warm_head,50,0.8378558158874512,0.06591486930847168,0.868793785572052,-0.03093796968460083
rs44,36,33-44,0,warm_head,100,0.8388171195983887,0.12812113761901855,0.868793785572052,-0.02997666597366333
rs44,36,33-44,0,warm_head,200,0.839972734451294,0.25179266929626465,0.868793785572052,-0.028821051120758057
rs44,36,33-44,0,warm_head,500,0.8414201140403748,0.620166540145874,0.868793785572052,-0.027373671531677246
rs44,36,33-44,1,cold,0,0.000608786940574646,0.0,0.868793785572052,-0.8681849986314774
rs44,36,33-44,1,cold,1,0.040456194430589676,0.138580322265625,0.868793785572052,-0.8283375911414623
rs44,36,33-44,1,cold,2,0.09901954978704453,0.1422111988067627,0.868793785572052,-0.7697742357850075
rs44,36,33-44,1,cold,5,0.3882083594799042,0.14835739135742188,0.868793785572052,-0.4805854260921478
rs44,36,33-44,1,cold,10,0.5450947284698486,0.15829920768737793,0.868793785572052,-0.32369905710220337
rs44,36,33-44,1,cold,20,0.6490052342414856,0.17835140228271484,0.868793785572052,-0.2197885513305664
rs44,36,33-44,1,cold,50,0.7354440093040466,0.23527097702026367,0.868793785572052,-0.13334977626800537
rs44,36,33-44,1,cold,100,0.7807457447052002,0.3304116725921631,0.868793785572052,-0.0880480408668518
rs44,36,33-44,1,cold,200,0.8087814450263977,0.5203204154968262,0.868793785572052,-0.0600123405456543
rs44,36,33-44,1,cold,500,0.8352382779121399,1.089543104171753,0.868793785572052,-0.03355550765991211
rs44,36,33-44,1,warm_full,0,0.832598865032196,0.0,0.868793785572052,-0.03619492053985596
rs44,36,33-44,1,warm_full,1,0.8222602009773254,0.002454519271850586,0.868793785572052,-0.04653358459472656
rs44,36,33-44,1,warm_full,2,0.8261277079582214,0.00527644157409668,0.868793785572052,-0.042666077613830566
rs44,36,33-44,1,warm_full,5,0.8314394950866699,0.01214289665222168,0.868793785572052,-0.03735429048538208
rs44,36,33-44,1,warm_full,10,0.8370915055274963,0.0219113826751709,0.868793785572052,-0.031702280044555664
rs44,36,33-44,1,warm_full,20,0.8467158675193787,0.04127860069274902,0.868793785572052,-0.02207791805267334
rs44,36,33-44,1,warm_full,50,0.8544871807098389,0.096710205078125,0.868793785572052,-0.014306604862213135
rs44,36,33-44,1,warm_full,100,0.8603091239929199,0.19116449356079102,0.868793785572052,-0.00848466157913208
rs44,36,33-44,1,warm_full,200,0.867678165435791,0.377208948135376,0.868793785572052,-0.0011156201362609863
rs44,36,33-44,1,warm_full,500,0.8754415512084961,0.9526290893554688,0.868793785572052,0.006647765636444092
rs44,36,33-44,1,warm_full_hi,0,0.832598865032196,0.0,0.868793785572052,-0.03619492053985596
rs44,36,33-44,1,warm_full_hi,1,0.3500559628009796,0.0032091140747070312,0.868793785572052,-0.5187378227710724
rs44,36,33-44,1,warm_full_hi,2,0.5974113345146179,0.005769968032836914,0.868793785572052,-0.2713824510574341
rs44,36,33-44,1,warm_full_hi,5,0.5621504187583923,0.012053489685058594,0.868793785572052,-0.30664336681365967
rs44,36,33-44,1,warm_full_hi,10,0.6900989413261414,0.0224301815032959,0.868793785572052,-0.17869484424591064
rs44,36,33-44,1,warm_full_hi,20,0.7542018294334412,0.0419464111328125,0.868793785572052,-0.11459195613861084
rs44,36,33-44,1,warm_full_hi,50,0.8036302924156189,0.09801936149597168,0.868793785572052,-0.0651634931564331
rs44,36,33-44,1,warm_full_hi,100,0.8239307403564453,0.19336152076721191,0.868793785572052,-0.04486304521560669
rs44,36,33-44,1,warm_full_hi,200,0.8368721604347229,0.38060641288757324,0.868793785572052,-0.0319216251373291
rs44,36,33-44,1,warm_full_hi,500,0.8473867774009705,0.9430124759674072,0.868793785572052,-0.021407008171081543
rs44,36,33-44,1,warm_head,0,0.832598865032196,0.0,0.868793785572052,-0.03619492053985596
rs44,36,33-44,1,warm_head,1,0.833495557308197,0.001730203628540039,0.868793785572052,-0.03529822826385498
rs44,36,33-44,1,warm_head,2,0.8341185450553894,0.003719329833984375,0.868793785572052,-0.0346752405166626
rs44,36,33-44,1,warm_head,5,0.8346984386444092,0.00826883316040039,0.868793785572052,-0.03409534692764282
rs44,36,33-44,1,warm_head,10,0.8352553844451904,0.015290498733520508,0.868793785572052,-0.03353840112686157
rs44,36,33-44,1,warm_head,20,0.8364049792289734,0.02886223793029785,0.868793785572052,-0.03238880634307861
rs44,36,33-44,1,warm_head,50,0.8378040790557861,0.06708478927612305,0.868793785572052,-0.03098970651626587
rs44,36,33-44,1,warm_head,100,0.8392078280448914,0.13034939765930176,0.868793785572052,-0.029585957527160645
rs44,36,33-44,1,warm_head,200,0.840238094329834,0.25649309158325195,0.868793785572052,-0.028555691242218018
rs44,36,33-44,1,warm_head,500,0.8412578105926514,0.6439208984375,0.868793785572052,-0.027535974979400635
rs45,33,33-44,0,cold,0,0.005954255815595388,0.0,0.863572359085083,-0.8576181032694876
rs45,33,33-44,0,cold,1,0.05799325928092003,0.14544034004211426,0.863572359085083,-0.805579099804163
rs45,33,33-44,0,cold,2,0.12908583879470825,0.14948010444641113,0.863572359085083,-0.7344865202903748
rs45,33,33-44,0,cold,5,0.4409259557723999,0.15568113327026367,0.863572359085083,-0.4226464033126831
rs45,33,33-44,0,cold,10,0.5526774525642395,0.16613078117370605,0.863572359085083,-0.3108949065208435
rs45,33,33-44,0,cold,20,0.6526065468788147,0.1858973503112793,0.863572359085083,-0.2109658122062683
rs45,33,33-44,0,cold,50,0.7298480868339539,0.24323558807373047,0.863572359085083,-0.13372427225112915
rs45,33,33-44,0,cold,100,0.7770374417304993,0.3443448543548584,0.863572359085083,-0.08653491735458374
rs45,33,33-44,0,cold,200,0.8086020350456238,0.5427982807159424,0.863572359085083,-0.05497032403945923
rs45,33,33-44,0,cold,500,0.8334481120109558,1.0965886116027832,0.863572359085083,-0.030124247074127197
rs45,33,33-44,0,warm_full,0,0.8147530555725098,0.0,0.863572359085083,-0.04881930351257324
rs45,33,33-44,0,warm_full,1,0.7884536385536194,0.002707242965698242,0.863572359085083,-0.07511872053146362
rs45,33,33-44,0,warm_full,2,0.7977232933044434,0.005417346954345703,0.863572359085083,-0.06584906578063965
rs45,33,33-44,0,warm_full,5,0.7912608981132507,0.012061595916748047,0.863572359085083,-0.07231146097183228
rs45,33,33-44,0,warm_full,10,0.8162837624549866,0.022283315658569336,0.863572359085083,-0.047288596630096436
rs45,33,33-44,0,warm_full,20,0.836418867111206,0.041876792907714844,0.863572359085083,-0.027153491973876953
rs45,33,33-44,0,warm_full,50,0.8454554677009583,0.09961938858032227,0.863572359085083,-0.018116891384124756
rs45,33,33-44,0,warm_full,100,0.8489974141120911,0.19437718391418457,0.863572359085083,-0.014574944972991943
rs45,33,33-44,0,warm_full,200,0.8576290607452393,0.38306188583374023,0.863572359085083,-0.00594329833984375
rs45,33,33-44,0,warm_full,500,0.867199718952179,0.938591480255127,0.863572359085083,0.0036273598670959473
rs45,33,33-44,0,warm_full_hi,0,0.8147530555725098,0.0,0.863572359085083,-0.04881930351257324
rs45,33,33-44,0,warm_full_hi,1,0.1770571619272232,0.0024695396423339844,0.863572359085083,-0.6865151971578598
rs45,33,33-44,0,warm_full_hi,2,0.668350875377655,0.00496363639831543,0.863572359085083,-0.19522148370742798
rs45,33,33-44,0,warm_full_hi,5,0.40127336978912354,0.011178016662597656,0.863572359085083,-0.4622989892959595
rs45,33,33-44,0,warm_full_hi,10,0.5594175457954407,0.021084070205688477,0.863572359085083,-0.30415481328964233
rs45,33,33-44,0,warm_full_hi,20,0.70091313123703,0.040873050689697266,0.863572359085083,-0.16265922784805298
rs45,33,33-44,0,warm_full_hi,50,0.7809309363365173,0.09881043434143066,0.863572359085083,-0.08264142274856567
rs45,33,33-44,0,warm_full_hi,100,0.801167905330658,0.19267535209655762,0.863572359085083,-0.06240445375442505
rs45,33,33-44,0,warm_full_hi,200,0.828863799571991,0.3799872398376465,0.863572359085083,-0.03470855951309204
rs45,33,33-44,0,warm_full_hi,500,0.8436338901519775,0.9346952438354492,0.863572359085083,-0.01993846893310547
rs45,33,33-44,0,warm_head,0,0.8147530555725098,0.0,0.863572359085083,-0.04881930351257324
rs45,33,33-44,0,warm_head,1,0.8156595230102539,0.0017466545104980469,0.863572359085083,-0.0479128360748291
rs45,33,33-44,0,warm_head,2,0.8161299228668213,0.0036547183990478516,0.863572359085083,-0.04744243621826172
rs45,33,33-44,0,warm_head,5,0.8168463706970215,0.008038759231567383,0.863572359085083,-0.04672598838806152
rs45,33,33-44,0,warm_head,10,0.817512571811676,0.014874696731567383,0.863572359085083,-0.04605978727340698
rs45,33,33-44,0,warm_head,20,0.8190174102783203,0.02846837043762207,0.863572359085083,-0.044554948806762695
rs45,33,33-44,0,warm_head,50,0.8216513991355896,0.06592082977294922,0.863572359085083,-0.04192095994949341
rs45,33,33-44,0,warm_head,100,0.8231551051139832,0.12865495681762695,0.863572359085083,-0.040417253971099854
rs45,33,33-44,0,warm_head,200,0.8247424960136414,0.25492310523986816,0.863572359085083,-0.03882986307144165
rs45,33,33-44,0,warm_head,500,0.8267062306404114,0.6273307800292969,0.863572359085083,-0.03686612844467163
rs45,33,33-44,1,cold,0,0.002077380893751979,0.0,0.863572359085083,-0.861494978191331
rs45,33,33-44,1,cold,1,0.05127711221575737,0.11472105979919434,0.863572359085083,-0.8122952468693256
rs45,33,33-44,1,cold,2,0.12152817100286484,0.11832547187805176,0.863572359085083,-0.7420441880822182
rs45,33,33-44,1,cold,5,0.40236589312553406,0.12340712547302246,0.863572359085083,-0.46120646595954895
rs45,33,33-44,1,cold,10,0.5328670740127563,0.13244414329528809,0.863572359085083,-0.33070528507232666
rs45,33,33-44,1,cold,20,0.6387755274772644,0.15178704261779785,0.863572359085083,-0.2247968316078186
rs45,33,33-44,1,cold,50,0.7301568388938904,0.2061469554901123,0.863572359085083,-0.13341552019119263
rs45,33,33-44,1,cold,100,0.7767200469970703,0.30109620094299316,0.863572359085083,-0.0868523120880127
rs45,33,33-44,1,cold,200,0.8076324462890625,0.4979712963104248,0.863572359085083,-0.05593991279602051
rs45,33,33-44,1,cold,500,0.8281436562538147,1.0626113414764404,0.863572359085083,-0.03542870283126831
rs45,33,33-44,1,warm_full,0,0.8147530555725098,0.0,0.863572359085083,-0.04881930351257324
rs45,33,33-44,1,warm_full,1,0.8021416068077087,0.0023429393768310547,0.863572359085083,-0.06143075227737427
rs45,33,33-44,1,warm_full,2,0.8129834532737732,0.005271196365356445,0.863572359085083,-0.050588905811309814
rs45,33,33-44,1,warm_full,5,0.8064875602722168,0.012243032455444336,0.863572359085083,-0.05708479881286621
rs45,33,33-44,1,warm_full,10,0.8231015205383301,0.021961450576782227,0.863572359085083,-0.04047083854675293
rs45,33,33-44,1,warm_full,20,0.8360887169837952,0.04121828079223633,0.863572359085083,-0.027483642101287842
rs45,33,33-44,1,warm_full,50,0.8461034297943115,0.09649825096130371,0.863572359085083,-0.017468929290771484
rs45,33,33-44,1,warm_full,100,0.852428674697876,0.19670605659484863,0.863572359085083,-0.011143684387207031
rs45,33,33-44,1,warm_full,200,0.8606223464012146,0.38737964630126953,0.863572359085083,-0.002950012683868408
rs45,33,33-44,1,warm_full,500,0.8693180680274963,0.9652676582336426,0.863572359085083,0.00574570894241333
rs45,33,33-44,1,warm_full_hi,0,0.8147530555725098,0.0,0.863572359085083,-0.04881930351257324
rs45,33,33-44,1,warm_full_hi,1,0.31493422389030457,0.0025212764739990234,0.863572359085083,-0.5486381351947784
rs45,33,33-44,1,warm_full_hi,2,0.6281097531318665,0.005174875259399414,0.863572359085083,-0.23546260595321655
rs45,33,33-44,1,warm_full_hi,5,0.5281329154968262,0.011744260787963867,0.863572359085083,-0.33543944358825684
rs45,33,33-44,1,warm_full_hi,10,0.6612934470176697,0.021550893783569336,0.863572359085083,-0.20227891206741333
rs45,33,33-44,1,warm_full_hi,20,0.7352523803710938,0.04149460792541504,0.863572359085083,-0.12831997871398926
rs45,33,33-44,1,warm_full_hi,50,0.7986480593681335,0.09865188598632812,0.863572359085083,-0.06492429971694946
rs45,33,33-44,1,warm_full_hi,100,0.8183372616767883,0.19580483436584473,0.863572359085083,-0.04523509740829468
rs45,33,33-44,1,warm_full_hi,200,0.8226165175437927,0.38567423820495605,0.863572359085083,-0.04095584154129028
rs45,33,33-44,1,warm_full_hi,500,0.8155239224433899,0.9450833797454834,0.863572359085083,-0.048048436641693115
rs45,33,33-44,1,warm_head,0,0.8147530555725098,0.0,0.863572359085083,-0.04881930351257324
rs45,33,33-44,1,warm_head,1,0.8156808018684387,0.0020058155059814453,0.863572359085083,-0.04789155721664429
rs45,33,33-44,1,warm_head,2,0.8163544535636902,0.004255533218383789,0.863572359085083,-0.04721790552139282
rs45,33,33-44,1,warm_head,5,0.8170339465141296,0.009074687957763672,0.863572359085083,-0.04653841257095337
rs45,33,33-44,1,warm_head,10,0.8175306916236877,0.016234397888183594,0.863572359085083,-0.046041667461395264
rs45,33,33-44,1,warm_head,20,0.819282591342926,0.029429197311401367,0.863572359085083,-0.04428976774215698
rs45,33,33-44,1,warm_head,50,0.821725606918335,0.06693267822265625,0.863572359085083,-0.04184675216674805
rs45,33,33-44,1,warm_head,100,0.8235529065132141,0.12941431999206543,0.863572359085083,-0.040019452571868896
rs45,33,33-44,1,warm_head,200,0.8252143263816833,0.25357627868652344,0.863572359085083,-0.03835803270339966
rs45,33,33-44,1,warm_head,500,0.8267626166343689,0.6326751708984375,0.863572359085083,-0.03680974245071411
rs46,41,33-44,0,cold,0,0.0032332241535186768,0.0,0.8692751526832581,-0.8660419285297394
rs46,41,33-44,0,cold,1,0.054385144263505936,0.11984634399414062,0.8692751526832581,-0.8148900084197521
rs46,41,33-44,0,cold,2,0.1258963793516159,0.12445187568664551,0.8692751526832581,-0.7433787733316422
rs46,41,33-44,0,cold,5,0.44323503971099854,0.1322314739227295,0.8692751526832581,-0.4260401129722595
rs46,41,33-44,0,cold,10,0.5501401424407959,0.1419060230255127,0.8692751526832581,-0.31913501024246216
rs46,41,33-44,0,cold,20,0.6525455713272095,0.16145753860473633,0.8692751526832581,-0.21672958135604858
rs46,41,33-44,0,cold,50,0.7325572371482849,0.2246999740600586,0.8692751526832581,-0.13671791553497314
rs46,41,33-44,0,cold,100,0.7837162613868713,0.318190336227417,0.8692751526832581,-0.08555889129638672
rs46,41,33-44,0,cold,200,0.8195561766624451,0.5028374195098877,0.8692751526832581,-0.04971897602081299
rs46,41,33-44,0,cold,500,0.8444969058036804,1.0601723194122314,0.8692751526832581,-0.024778246879577637
rs46,41,33-44,0,warm_full,0,0.8363742828369141,0.0,0.8692751526832581,-0.032900869846343994
rs46,41,33-44,0,warm_full,1,0.8206083178520203,0.002681255340576172,0.8692751526832581,-0.04866683483123779
rs46,41,33-44,0,warm_full,2,0.8201398849487305,0.0054149627685546875,0.8692751526832581,-0.04913526773452759
rs46,41,33-44,0,warm_full,5,0.8173179626464844,0.011945009231567383,0.8692751526832581,-0.05195719003677368
rs46,41,33-44,0,warm_full,10,0.8371577262878418,0.022070646286010742,0.8692751526832581,-0.03211742639541626
rs46,41,33-44,0,warm_full,20,0.8523923754692078,0.04837799072265625,0.8692751526832581,-0.016882777214050293
rs46,41,33-44,0,warm_full,50,0.8565199375152588,0.10846519470214844,0.8692751526832581,-0.012755215167999268
rs46,41,33-44,0,warm_full,100,0.8599497675895691,0.2025129795074463,0.8692751526832581,-0.009325385093688965
rs46,41,33-44,0,warm_full,200,0.8661487698554993,0.401090145111084,0.8692751526832581,-0.003126382827758789
rs46,41,33-44,0,warm_full,500,0.8726518750190735,0.979050874710083,0.8692751526832581,0.0033767223358154297
rs46,41,33-44,0,warm_full_hi,0,0.8363742828369141,0.0,0.8692751526832581,-0.032900869846343994
rs46,41,33-44,0,warm_full_hi,1,0.22696520388126373,0.0027420520782470703,0.8692751526832581,-0.6423099488019943
rs46,41,33-44,0,warm_full_hi,2,0.5855886936187744,0.005717039108276367,0.8692751526832581,-0.28368645906448364
rs46,41,33-44,0,warm_full_hi,5,0.4643973410129547,0.012497901916503906,0.8692751526832581,-0.40487781167030334
rs46,41,33-44,0,warm_full_hi,10,0.6196563243865967,0.024683475494384766,0.8692751526832581,-0.24961882829666138
rs46,41,33-44,0,warm_full_hi,20,0.7399694323539734,0.049783945083618164,0.8692751526832581,-0.12930572032928467
rs46,41,33-44,0,warm_full_hi,50,0.8053538799285889,0.11457943916320801,0.8692751526832581,-0.06392127275466919
rs46,41,33-44,0,warm_full_hi,100,0.8287696242332458,0.20681095123291016,0.8692751526832581,-0.04050552845001221
rs46,41,33-44,0,warm_full_hi,200,0.833609402179718,0.4038705825805664,0.8692751526832581,-0.03566575050354004
rs46,41,33-44,0,warm_full_hi,500,0.8478595614433289,0.9743945598602295,0.8692751526832581,-0.0214155912399292
rs46,41,33-44,0,warm_head,0,0.8363742828369141,0.0,0.8692751526832581,-0.032900869846343994
rs46,41,33-44,0,warm_head,1,0.8371660113334656,0.0016770362854003906,0.8692751526832581,-0.03210914134979248
rs46,41,33-44,0,warm_head,2,0.8375994563102722,0.003787517547607422,0.8692751526832581,-0.03167569637298584
rs46,41,33-44,0,warm_head,5,0.8382496237754822,0.008366107940673828,0.8692751526832581,-0.03102552890777588
rs46,41,33-44,0,warm_head,10,0.8386664390563965,0.015693187713623047,0.8692751526832581,-0.030608713626861572
rs46,41,33-44,0,warm_head,20,0.8395910263061523,0.029081106185913086,0.8692751526832581,-0.029684126377105713
rs46,41,33-44,0,warm_head,50,0.8412877917289734,0.0678415298461914,0.8692751526832581,-0.027987360954284668
rs46,41,33-44,0,warm_head,100,0.842006266117096,0.13180756568908691,0.8692751526832581,-0.02726888656616211
rs46,41,33-44,0,warm_head,200,0.8430389761924744,0.25882935523986816,0.8692751526832581,-0.02623617649078369
rs46,41,33-44,0,warm_head,500,0.8443450331687927,0.6406910419464111,0.8692751526832581,-0.024930119514465332
rs46,41,33-44,1,cold,0,0.0009132822160609066,0.0,0.8692751526832581,-0.8683618704671971
rs46,41,33-44,1,cold,1,0.04485402628779411,0.1387941837310791,0.8692751526832581,-0.8244211263954639
rs46,41,33-44,1,cold,2,0.10872974246740341,0.1425619125366211,0.8692751526832581,-0.7605454102158546
rs46,41,33-44,1,cold,5,0.4153018295764923,0.14871740341186523,0.8692751526832581,-0.45397332310676575
rs46,41,33-44,1,cold,10,0.5420671701431274,0.15923023223876953,0.8692751526832581,-0.3272079825401306
rs46,41,33-44,1,cold,20,0.6460347771644592,0.17944765090942383,0.8692751526832581,-0.22324037551879883
rs46,41,33-44,1,cold,50,0.732731819152832,0.23656225204467773,0.8692751526832581,-0.13654333353042603
rs46,41,33-44,1,cold,100,0.7827224731445312,0.331890344619751,0.8692751526832581,-0.0865526795387268
rs46,41,33-44,1,cold,200,0.8151929378509521,0.5176675319671631,0.8692751526832581,-0.05408221483230591
rs46,41,33-44,1,cold,500,0.8426513075828552,1.0790250301361084,0.8692751526832581,-0.026623845100402832
rs46,41,33-44,1,warm_full,0,0.8363742828369141,0.0,0.8692751526832581,-0.032900869846343994
rs46,41,33-44,1,warm_full,1,0.8205483555793762,0.0024657249450683594,0.8692751526832581,-0.048726797103881836
rs46,41,33-44,1,warm_full,2,0.82635897397995,0.0049343109130859375,0.8692751526832581,-0.042916178703308105
rs46,41,33-44,1,warm_full,5,0.8292606472969055,0.011448144912719727,0.8692751526832581,-0.04001450538635254
rs46,41,33-44,1,warm_full,10,0.8404814600944519,0.021317720413208008,0.8692751526832581,-0.028793692588806152
rs46,41,33-44,1,warm_full,20,0.8499537110328674,0.040106773376464844,0.8692751526832581,-0.019321441650390625
rs46,41,33-44,1,warm_full,50,0.8571850657463074,0.10390973091125488,0.8692751526832581,-0.012090086936950684
rs46,41,33-44,1,warm_full,100,0.8614396452903748,0.1975083351135254,0.8692751526832581,-0.0078355073928833
rs46,41,33-44,1,warm_full,200,0.8683368563652039,0.4158346652984619,0.8692751526832581,-0.0009382963180541992
rs46,41,33-44,1,warm_full,500,0.8749682903289795,1.020392656326294,0.8692751526832581,0.0056931376457214355
rs46,41,33-44,1,warm_full_hi,0,0.8363742828369141,0.0,0.8692751526832581,-0.032900869846343994
rs46,41,33-44,1,warm_full_hi,1,0.3068194091320038,0.002440929412841797,0.8692751526832581,-0.5624557435512543
rs46,41,33-44,1,warm_full_hi,2,0.6153785586357117,0.005062103271484375,0.8692751526832581,-0.2538965940475464
rs46,41,33-44,1,warm_full_hi,5,0.5349827408790588,0.012472867965698242,0.8692751526832581,-0.3342924118041992
rs46,41,33-44,1,warm_full_hi,10,0.6757583618164062,0.022247791290283203,0.8692751526832581,-0.1935167908668518
rs46,41,33-44,1,warm_full_hi,20,0.7587913870811462,0.04205179214477539,0.8692751526832581,-0.11048376560211182
rs46,41,33-44,1,warm_full_hi,50,0.8143875002861023,0.09898495674133301,0.8692751526832581,-0.05488765239715576
rs46,41,33-44,1,warm_full_hi,100,0.8258123993873596,0.19231605529785156,0.8692751526832581,-0.04346275329589844
rs46,41,33-44,1,warm_full_hi,200,0.842778205871582,0.3780691623687744,0.8692751526832581,-0.026496946811676025
rs46,41,33-44,1,warm_full_hi,500,0.8429503440856934,0.9371249675750732,0.8692751526832581,-0.026324808597564697
rs46,41,33-44,1,warm_head,0,0.8363742828369141,0.0,0.8692751526832581,-0.032900869846343994
rs46,41,33-44,1,warm_head,1,0.8373005390167236,0.001705169677734375,0.8692751526832581,-0.031974613666534424
rs46,41,33-44,1,warm_head,2,0.8379201889038086,0.0035927295684814453,0.8692751526832581,-0.03135496377944946
rs46,41,33-44,1,warm_head,5,0.8385298848152161,0.008296728134155273,0.8692751526832581,-0.030745267868041992
rs46,41,33-44,1,warm_head,10,0.8387947678565979,0.015757322311401367,0.8692751526832581,-0.030480384826660156
rs46,41,33-44,1,warm_head,20,0.8398451805114746,0.02892780303955078,0.8692751526832581,-0.029429972171783447
rs46,41,33-44,1,warm_head,50,0.8411803841590881,0.06715655326843262,0.8692751526832581,-0.028094768524169922
rs46,41,33-44,1,warm_head,100,0.8424201011657715,0.1306617259979248,0.8692751526832581,-0.026855051517486572
rs46,41,33-44,1,warm_head,200,0.843508780002594,0.25595521926879883,0.8692751526832581,-0.025766372680664062
rs46,41,33-44,1,warm_head,500,0.8443986773490906,0.6288807392120361,0.8692751526832581,-0.02487647533416748
rs47,41,33-44,0,cold,0,0.003796786069869995,0.0,0.8684212565422058,-0.8646244704723358
rs47,41,33-44,0,cold,1,0.05872340500354767,0.10782384872436523,0.8684212565422058,-0.8096978515386581
rs47,41,33-44,0,cold,2,0.13319234549999237,0.11149787902832031,0.8684212565422058,-0.7352289110422134
rs47,41,33-44,0,cold,5,0.44472551345825195,0.11898422241210938,0.8684212565422058,-0.42369574308395386
rs47,41,33-44,0,cold,10,0.5533758997917175,0.12782597541809082,0.8684212565422058,-0.3150453567504883
rs47,41,33-44,0,cold,20,0.6424988508224487,0.14708328247070312,0.8684212565422058,-0.22592240571975708
rs47,41,33-44,0,cold,50,0.7316495776176453,0.20082688331604004,0.8684212565422058,-0.13677167892456055
rs47,41,33-44,0,cold,100,0.7811219692230225,0.30138301849365234,0.8684212565422058,-0.08729928731918335
rs47,41,33-44,0,cold,200,0.8141786456108093,0.48124170303344727,0.8684212565422058,-0.054242610931396484
rs47,41,33-44,0,cold,500,0.8418333530426025,1.0101685523986816,0.8684212565422058,-0.02658790349960327
rs47,41,33-44,0,warm_full,0,0.833103358745575,0.0,0.8684212565422058,-0.03531789779663086
rs47,41,33-44,0,warm_full,1,0.8054348826408386,0.0022072792053222656,0.8684212565422058,-0.06298637390136719
rs47,41,33-44,0,warm_full,2,0.8145560622215271,0.004660606384277344,0.8684212565422058,-0.05386519432067871
rs47,41,33-44,0,warm_full,5,0.8077688217163086,0.010811567306518555,0.8684212565422058,-0.06065243482589722
rs47,41,33-44,0,warm_full,10,0.8319924473762512,0.0201570987701416,0.8684212565422058,-0.03642880916595459
rs47,41,33-44,0,warm_full,20,0.850879967212677,0.038582563400268555,0.8684212565422058,-0.01754128932952881
rs47,41,33-44,0,warm_full,50,0.8569400310516357,0.09232354164123535,0.8684212565422058,-0.011481225490570068
rs47,41,33-44,0,warm_full,100,0.8590008616447449,0.18094921112060547,0.8684212565422058,-0.009420394897460938
rs47,41,33-44,0,warm_full,200,0.8655323386192322,0.3566114902496338,0.8684212565422058,-0.002888917922973633
rs47,41,33-44,0,warm_full,500,0.873207151889801,0.9459595680236816,0.8684212565422058,0.004785895347595215
rs47,41,33-44,0,warm_full_hi,0,0.833103358745575,0.0,0.8684212565422058,-0.03531789779663086
rs47,41,33-44,0,warm_full_hi,1,0.19621706008911133,0.0032129287719726562,0.8684212565422058,-0.6722041964530945
rs47,41,33-44,0,warm_full_hi,2,0.6622766852378845,0.006420135498046875,0.8684212565422058,-0.2061445713043213
rs47,41,33-44,0,warm_full_hi,5,0.4384150505065918,0.015532255172729492,0.8684212565422058,-0.430006206035614
rs47,41,33-44,0,warm_full_hi,10,0.5832803845405579,0.02797389030456543,0.8684212565422058,-0.28514087200164795
rs47,41,33-44,0,warm_full_hi,20,0.7281506657600403,0.05193471908569336,0.8684212565422058,-0.14027059078216553
rs47,41,33-44,0,warm_full_hi,50,0.7961640357971191,0.12046980857849121,0.8684212565422058,-0.07225722074508667
rs47,41,33-44,0,warm_full_hi,100,0.8179934024810791,0.23360514640808105,0.8684212565422058,-0.05042785406112671
rs47,41,33-44,0,warm_full_hi,200,0.8388679027557373,0.43053364753723145,0.8684212565422058,-0.029553353786468506
rs47,41,33-44,0,warm_full_hi,500,0.8502233028411865,0.983241081237793,0.8684212565422058,-0.018197953701019287
rs47,41,33-44,0,warm_head,0,0.833103358745575,0.0,0.8684212565422058,-0.03531789779663086
rs47,41,33-44,0,warm_head,1,0.8340005874633789,0.0016443729400634766,0.8684212565422058,-0.034420669078826904
rs47,41,33-44,0,warm_head,2,0.8344376683235168,0.0035295486450195312,0.8684212565422058,-0.033983588218688965
rs47,41,33-44,0,warm_head,5,0.8347551822662354,0.007916450500488281,0.8684212565422058,-0.03366607427597046
rs47,41,33-44,0,warm_head,10,0.8350837826728821,0.014809846878051758,0.8684212565422058,-0.03333747386932373
rs47,41,33-44,0,warm_head,20,0.8367209434509277,0.0277559757232666,0.8684212565422058,-0.031700313091278076
rs47,41,33-44,0,warm_head,50,0.8391258716583252,0.06463503837585449,0.8684212565422058,-0.029295384883880615
rs47,41,33-44,0,warm_head,100,0.84039306640625,0.12584733963012695,0.8684212565422058,-0.02802819013595581
rs47,41,33-44,0,warm_head,200,0.8417876362800598,0.2470698356628418,0.8684212565422058,-0.026633620262145996
rs47,41,33-44,0,warm_head,500,0.8435298800468445,0.609637975692749,0.8684212565422058,-0.024891376495361328
rs47,41,33-44,1,cold,0,0.0016049047699198127,0.0,0.8684212565422058,-0.866816351772286
rs47,41,33-44,1,cold,1,0.05284420773386955,0.1435530185699463,0.8684212565422058,-0.8155770488083363
rs47,41,33-44,1,cold,2,0.12410221248865128,0.14758062362670898,0.8684212565422058,-0.7443190440535545
rs47,41,33-44,1,cold,5,0.40779128670692444,0.15702319145202637,0.8684212565422058,-0.46062996983528137
rs47,41,33-44,1,cold,10,0.5336711406707764,0.17013168334960938,0.8684212565422058,-0.33475011587142944
rs47,41,33-44,1,cold,20,0.6364310383796692,0.19545722007751465,0.8684212565422058,-0.23199021816253662
rs47,41,33-44,1,cold,50,0.731454610824585,0.26947975158691406,0.8684212565422058,-0.13696664571762085
rs47,41,33-44,1,cold,100,0.7826278805732727,0.3932828903198242,0.8684212565422058,-0.0857933759689331
rs47,41,33-44,1,cold,200,0.8101384043693542,0.6403639316558838,0.8684212565422058,-0.05828285217285156
rs47,41,33-44,1,cold,500,0.8401111960411072,1.3648128509521484,0.8684212565422058,-0.028310060501098633
rs47,41,33-44,1,warm_full,0,0.833103358745575,0.0,0.8684212565422058,-0.03531789779663086
rs47,41,33-44,1,warm_full,1,0.8148114085197449,0.003512144088745117,0.8684212565422058,-0.05360984802246094
rs47,41,33-44,1,warm_full,2,0.829167902469635,0.006778717041015625,0.8684212565422058,-0.0392533540725708
rs47,41,33-44,1,warm_full,5,0.8317102789878845,0.01462554931640625,0.8684212565422058,-0.03671097755432129
rs47,41,33-44,1,warm_full,10,0.8386623859405518,0.027116060256958008,0.8684212565422058,-0.029758870601654053
rs47,41,33-44,1,warm_full,20,0.8489661812782288,0.05722951889038086,0.8684212565422058,-0.01945507526397705
rs47,41,33-44,1,warm_full,50,0.8580561280250549,0.13167357444763184,0.8684212565422058,-0.010365128517150879
rs47,41,33-44,1,warm_full,100,0.8616736531257629,0.25106358528137207,0.8684212565422058,-0.006747603416442871
rs47,41,33-44,1,warm_full,200,0.8685250878334045,0.46914219856262207,0.8684212565422058,0.00010383129119873047
rs47,41,33-44,1,warm_full,500,0.8728030323982239,1.2487709522247314,0.8684212565422058,0.004381775856018066
rs47,41,33-44,1,warm_full_hi,0,0.833103358745575,0.0,0.8684212565422058,-0.03531789779663086
rs47,41,33-44,1,warm_full_hi,1,0.33761703968048096,0.0030362606048583984,0.8684212565422058,-0.5308042168617249
rs47,41,33-44,1,warm_full_hi,2,0.6350476741790771,0.006521701812744141,0.8684212565422058,-0.23337358236312866
rs47,41,33-44,1,warm_full_hi,5,0.5185864567756653,0.014601945877075195,0.8684212565422058,-0.3498347997665405
rs47,41,33-44,1,warm_full_hi,10,0.6618625521659851,0.027208328247070312,0.8684212565422058,-0.2065587043762207
rs47,41,33-44,1,warm_full_hi,20,0.7464163303375244,0.05208563804626465,0.8684212565422058,-0.1220049262046814
rs47,41,33-44,1,warm_full_hi,50,0.8078181147575378,0.12202310562133789,0.8684212565422058,-0.06060314178466797
rs47,41,33-44,1,warm_full_hi,100,0.819965124130249,0.24471259117126465,0.8684212565422058,-0.04845613241195679
rs47,41,33-44,1,warm_full_hi,200,0.8460595011711121,0.48535990715026855,0.8684212565422058,-0.02236175537109375
rs47,41,33-44,1,warm_full_hi,500,0.8520707488059998,1.2115850448608398,0.8684212565422058,-0.016350507736206055
rs47,41,33-44,1,warm_head,0,0.833103358745575,0.0,0.8684212565422058,-0.03531789779663086
rs47,41,33-44,1,warm_head,1,0.8340762257575989,0.0021467208862304688,0.8684212565422058,-0.034345030784606934
rs47,41,33-44,1,warm_head,2,0.8347432017326355,0.00459742546081543,0.8684212565422058,-0.03367805480957031
rs47,41,33-44,1,warm_head,5,0.8351308703422546,0.01052093505859375,0.8684212565422058,-0.03329038619995117
rs47,41,33-44,1,warm_head,10,0.8354814052581787,0.019173383712768555,0.8684212565422058,-0.0329398512840271
rs47,41,33-44,1,warm_head,20,0.83709317445755,0.034770965576171875,0.8684212565422058,-0.03132808208465576
rs47,41,33-44,1,warm_head,50,0.8389546871185303,0.08690309524536133,0.8684212565422058,-0.029466569423675537
rs47,41,33-44,1,warm_head,100,0.8408504128456116,0.17214369773864746,0.8684212565422058,-0.02757084369659424
rs47,41,33-44,1,warm_head,200,0.8423430919647217,0.3428068161010742,0.8684212565422058,-0.02607816457748413
rs47,41,33-44,1,warm_head,500,0.843575656414032,0.8304810523986816,0.8684212565422058,-0.024845600128173828
rs48,41,33-44,0,cold,0,0.003881951095536351,0.0,0.8628715872764587,-0.8589896361809224
rs48,41,33-44,0,cold,1,0.05993334576487541,0.14382553100585938,0.8628715872764587,-0.8029382415115833
rs48,41,33-44,0,cold,2,0.13412679731845856,0.14900898933410645,0.8628715872764587,-0.7287447899580002
rs48,41,33-44,0,cold,5,0.449693888425827,0.1586918830871582,0.8628715872764587,-0.4131776988506317
rs48,41,33-44,0,cold,10,0.5504056811332703,0.17151188850402832,0.8628715872764587,-0.3124659061431885
rs48,41,33-44,0,cold,20,0.6456790566444397,0.20052337646484375,0.8628715872764587,-0.21719253063201904
rs48,41,33-44,0,cold,50,0.7293881773948669,0.2743360996246338,0.8628715872764587,-0.1334834098815918
rs48,41,33-44,0,cold,100,0.7813124060630798,0.40218162536621094,0.8628715872764587,-0.0815591812133789
rs48,41,33-44,0,cold,200,0.8134569525718689,0.6617586612701416,0.8628715872764587,-0.049414634704589844
rs48,41,33-44,0,cold,500,0.8390306830406189,1.3862063884735107,0.8628715872764587,-0.023840904235839844
rs48,41,33-44,0,warm_full,0,0.8305765986442566,0.0,0.8628715872764587,-0.03229498863220215
rs48,41,33-44,0,warm_full,1,0.8046366572380066,0.00321197509765625,0.8628715872764587,-0.05823493003845215
rs48,41,33-44,0,warm_full,2,0.8120061755180359,0.006535768508911133,0.8628715872764587,-0.05086541175842285
rs48,41,33-44,0,warm_full,5,0.8047565817832947,0.014597892761230469,0.8628715872764587,-0.05811500549316406
rs48,41,33-44,0,warm_full,10,0.8298360705375671,0.030196189880371094,0.8628715872764587,-0.0330355167388916
rs48,41,33-44,0,warm_full,20,0.8461130261421204,0.05533742904663086,0.8628715872764587,-0.01675856113433838
rs48,41,33-44,0,warm_full,50,0.8526487350463867,0.1284501552581787,0.8628715872764587,-0.010222852230072021
rs48,41,33-44,0,warm_full,100,0.8549017906188965,0.24932527542114258,0.8628715872764587,-0.007969796657562256
rs48,41,33-44,0,warm_full,200,0.8621532320976257,0.4942600727081299,0.8628715872764587,-0.0007183551788330078
rs48,41,33-44,0,warm_full,500,0.8703336715698242,1.2283811569213867,0.8628715872764587,0.0074620842933654785
rs48,41,33-44,0,warm_full_hi,0,0.8305765986442566,0.0,0.8628715872764587,-0.03229498863220215
rs48,41,33-44,0,warm_full_hi,1,0.20053614675998688,0.002957582473754883,0.8628715872764587,-0.6623354405164719
rs48,41,33-44,0,warm_full_hi,2,0.6652621626853943,0.0062062740325927734,0.8628715872764587,-0.19760942459106445
rs48,41,33-44,0,warm_full_hi,5,0.4550328254699707,0.014555692672729492,0.8628715872764587,-0.40783876180648804
rs48,41,33-44,0,warm_full_hi,10,0.5964584350585938,0.027043581008911133,0.8628715872764587,-0.266413152217865
rs48,41,33-44,0,warm_full_hi,20,0.728620707988739,0.05678439140319824,0.8628715872764587,-0.13425087928771973
rs48,41,33-44,0,warm_full_hi,50,0.789099395275116,0.13025259971618652,0.8628715872764587,-0.07377219200134277
rs48,41,33-44,0,warm_full_hi,100,0.8156426548957825,0.2509956359863281,0.8628715872764587,-0.04722893238067627
rs48,41,33-44,0,warm_full_hi,200,0.8316270709037781,0.502948522567749,0.8628715872764587,-0.031244516372680664
rs48,41,33-44,0,warm_full_hi,500,0.8420476913452148,1.239879846572876,0.8628715872764587,-0.020823895931243896
rs48,41,33-44,0,warm_head,0,0.8305765986442566,0.0,0.8628715872764587,-0.03229498863220215
rs48,41,33-44,0,warm_head,1,0.8312823176383972,0.0022716522216796875,0.8628715872764587,-0.03158926963806152
rs48,41,33-44,0,warm_head,2,0.8316330313682556,0.004853248596191406,0.8628715872764587,-0.031238555908203125
rs48,41,33-44,0,warm_head,5,0.8319370150566101,0.010832548141479492,0.8628715872764587,-0.030934572219848633
rs48,41,33-44,0,warm_head,10,0.8324031829833984,0.019608736038208008,0.8628715872764587,-0.030468404293060303
rs48,41,33-44,0,warm_head,20,0.8339380621910095,0.034981727600097656,0.8628715872764587,-0.02893352508544922
rs48,41,33-44,0,warm_head,50,0.8363869786262512,0.08408689498901367,0.8628715872764587,-0.02648460865020752
rs48,41,33-44,0,warm_head,100,0.8376505970954895,0.1652240753173828,0.8628715872764587,-0.02522099018096924
rs48,41,33-44,0,warm_head,200,0.8389661908149719,0.3254435062408447,0.8628715872764587,-0.023905396461486816
rs48,41,33-44,0,warm_head,500,0.8407161831855774,0.8109469413757324,0.8628715872764587,-0.022155404090881348
rs48,41,33-44,1,cold,0,0.0014315148582682014,0.0,0.8628715872764587,-0.8614400724181905
rs48,41,33-44,1,cold,1,0.04898461326956749,0.14113402366638184,0.8628715872764587,-0.8138869740068913
rs48,41,33-44,1,cold,2,0.11721547693014145,0.1460587978363037,0.8628715872764587,-0.7456561103463173
rs48,41,33-44,1,cold,5,0.41981062293052673,0.15453362464904785,0.8628715872764587,-0.443060964345932
rs48,41,33-44,1,cold,10,0.5393250584602356,0.16438722610473633,0.8628715872764587,-0.32354652881622314
rs48,41,33-44,1,cold,20,0.6458806395530701,0.1878066062927246,0.8628715872764587,-0.21699094772338867
rs48,41,33-44,1,cold,50,0.7306234240531921,0.25954604148864746,0.8628715872764587,-0.1322481632232666
rs48,41,33-44,1,cold,100,0.7797390818595886,0.3764984607696533,0.8628715872764587,-0.08313250541687012
rs48,41,33-44,1,cold,200,0.8144512176513672,0.5670452117919922,0.8628715872764587,-0.04842036962509155
rs48,41,33-44,1,cold,500,0.8368563055992126,1.1437361240386963,0.8628715872764587,-0.026015281677246094
rs48,41,33-44,1,warm_full,0,0.8305765986442566,0.0,0.8628715872764587,-0.03229498863220215
rs48,41,33-44,1,warm_full,1,0.8124473690986633,0.0026810169219970703,0.8628715872764587,-0.05042421817779541
rs48,41,33-44,1,warm_full,2,0.8243218064308167,0.005567073822021484,0.8628715872764587,-0.03854978084564209
rs48,41,33-44,1,warm_full,5,0.8268828392028809,0.012497425079345703,0.8628715872764587,-0.03598874807357788
rs48,41,33-44,1,warm_full,10,0.8351078629493713,0.023050785064697266,0.8628715872764587,-0.027763724327087402
rs48,41,33-44,1,warm_full,20,0.8450369238853455,0.04308319091796875,0.8628715872764587,-0.01783466339111328
rs48,41,33-44,1,warm_full,50,0.8539066314697266,0.10181856155395508,0.8628715872764587,-0.008964955806732178
rs48,41,33-44,1,warm_full,100,0.8584375381469727,0.1971745491027832,0.8628715872764587,-0.004434049129486084
rs48,41,33-44,1,warm_full,200,0.8644422888755798,0.3882884979248047,0.8628715872764587,0.0015707015991210938
rs48,41,33-44,1,warm_full,500,0.8713619112968445,0.9799232482910156,0.8628715872764587,0.008490324020385742
rs48,41,33-44,1,warm_full_hi,0,0.8305765986442566,0.0,0.8628715872764587,-0.03229498863220215
rs48,41,33-44,1,warm_full_hi,1,0.310146301984787,0.003393888473510742,0.8628715872764587,-0.5527252852916718
rs48,41,33-44,1,warm_full_hi,2,0.6141144037246704,0.007546424865722656,0.8628715872764587,-0.24875718355178833
rs48,41,33-44,1,warm_full_hi,5,0.5104012489318848,0.015850305557250977,0.8628715872764587,-0.352470338344574
rs48,41,33-44,1,warm_full_hi,10,0.6682417988777161,0.028134584426879883,0.8628715872764587,-0.19462978839874268
rs48,41,33-44,1,warm_full_hi,20,0.753021776676178,0.04960274696350098,0.8628715872764587,-0.10984981060028076
rs48,41,33-44,1,warm_full_hi,50,0.8025660514831543,0.10906553268432617,0.8628715872764587,-0.06030553579330444
rs48,41,33-44,1,warm_full_hi,100,0.8202130198478699,0.2104966640472412,0.8628715872764587,-0.04265856742858887
rs48,41,33-44,1,warm_full_hi,200,0.8355867266654968,0.41071438789367676,0.8628715872764587,-0.027284860610961914
rs48,41,33-44,1,warm_full_hi,500,0.8384687304496765,0.9938666820526123,0.8628715872764587,-0.024402856826782227
rs48,41,33-44,1,warm_head,0,0.8305765986442566,0.0,0.8628715872764587,-0.03229498863220215
rs48,41,33-44,1,warm_head,1,0.8313765525817871,0.0018470287322998047,0.8628715872764587,-0.03149503469467163
rs48,41,33-44,1,warm_head,2,0.8319850564002991,0.003846406936645508,0.8628715872764587,-0.030886530876159668
rs48,41,33-44,1,warm_head,5,0.8322758674621582,0.008640527725219727,0.8628715872764587,-0.030595719814300537
rs48,41,33-44,1,warm_head,10,0.8326048851013184,0.01597905158996582,0.8628715872764587,-0.03026670217514038
rs48,41,33-44,1,warm_head,20,0.8342690467834473,0.029953479766845703,0.8628715872764587,-0.028602540493011475
rs48,41,33-44,1,warm_head,50,0.8362299799919128,0.0691070556640625,0.8628715872764587,-0.0266416072845459
rs48,41,33-44,1,warm_head,100,0.8381010890007019,0.1337587833404541,0.8628715872764587,-0.024770498275756836
rs48,41,33-44,1,warm_head,200,0.8395602703094482,0.2655205726623535,0.8628715872764587,-0.023311316967010498
rs48,41,33-44,1,warm_head,500,0.8407228589057922,0.6677024364471436,0.8628715872764587,-0.022148728370666504
rs49,38,33-44,0,cold,0,0.0038456718903034925,0.0,0.8677898049354553,-0.8639441330451518
rs49,38,33-44,0,cold,1,0.06023860350251198,0.14069271087646484,0.8677898049354553,-0.8075512014329433
rs49,38,33-44,0,cold,2,0.136269673705101,0.1446683406829834,0.8677898049354553,-0.7315201312303543
rs49,38,33-44,0,cold,5,0.43308237195014954,0.1508159637451172,0.8677898049354553,-0.4347074329853058
rs49,38,33-44,0,cold,10,0.5501258969306946,0.1611919403076172,0.8677898049354553,-0.31766390800476074
rs49,38,33-44,0,cold,20,0.6402013897895813,0.18113923072814941,0.8677898049354553,-0.22758841514587402
rs49,38,33-44,0,cold,50,0.7286117672920227,0.24179601669311523,0.8677898049354553,-0.13917803764343262
rs49,38,33-44,0,cold,100,0.7776129245758057,0.33478879928588867,0.8677898049354553,-0.09017688035964966
rs49,38,33-44,0,cold,200,0.812508761882782,0.5184586048126221,0.8677898049354553,-0.05528104305267334
rs49,38,33-44,0,cold,500,0.8424410820007324,1.0884668827056885,0.8677898049354553,-0.0253487229347229
rs49,38,33-44,0,warm_full,0,0.829420268535614,0.0,0.8677898049354553,-0.03836953639984131
rs49,38,33-44,0,warm_full,1,0.8038089871406555,0.00406193733215332,0.8677898049354553,-0.0639808177947998
rs49,38,33-44,0,warm_full,2,0.8141679763793945,0.009719371795654297,0.8677898049354553,-0.05362182855606079
rs49,38,33-44,0,warm_full,5,0.8092766404151917,0.0186614990234375,0.8677898049354553,-0.05851316452026367
rs49,38,33-44,0,warm_full,10,0.8318338990211487,0.03422403335571289,0.8677898049354553,-0.03595590591430664
rs49,38,33-44,0,warm_full,20,0.8503530025482178,0.05371832847595215,0.8677898049354553,-0.01743680238723755
rs49,38,33-44,0,warm_full,50,0.8561378121376038,0.11009430885314941,0.8677898049354553,-0.011651992797851562
rs49,38,33-44,0,warm_full,100,0.8587880730628967,0.20707178115844727,0.8677898049354553,-0.009001731872558594
rs49,38,33-44,0,warm_full,200,0.8630790710449219,0.40334463119506836,0.8677898049354553,-0.004710733890533447
rs49,38,33-44,0,warm_full,500,0.8739562034606934,0.9847309589385986,0.8677898049354553,0.006166398525238037
rs49,38,33-44,0,warm_full_hi,0,0.829420268535614,0.0,0.8677898049354553,-0.03836953639984131
rs49,38,33-44,0,warm_full_hi,1,0.21084903180599213,0.0023756027221679688,0.8677898049354553,-0.6569407731294632
rs49,38,33-44,0,warm_full_hi,2,0.6263033747673035,0.004990816116333008,0.8677898049354553,-0.24148643016815186
rs49,38,33-44,0,warm_full_hi,5,0.4305809438228607,0.012133121490478516,0.8677898049354553,-0.4372088611125946
rs49,38,33-44,0,warm_full_hi,10,0.5789045691490173,0.021987199783325195,0.8677898049354553,-0.288885235786438
rs49,38,33-44,0,warm_full_hi,20,0.7198987603187561,0.04228854179382324,0.8677898049354553,-0.14789104461669922
rs49,38,33-44,0,warm_full_hi,50,0.7954392433166504,0.10382604598999023,0.8677898049354553,-0.07235056161880493
rs49,38,33-44,0,warm_full_hi,100,0.813988208770752,0.2079315185546875,0.8677898049354553,-0.05380159616470337
rs49,38,33-44,0,warm_full_hi,200,0.8404040336608887,0.4066157341003418,0.8677898049354553,-0.02738577127456665
rs49,38,33-44,0,warm_full_hi,500,0.8387423157691956,0.997819185256958,0.8677898049354553,-0.029047489166259766
rs49,38,33-44,0,warm_head,0,0.829420268535614,0.0,0.8677898049354553,-0.03836953639984131
rs49,38,33-44,0,warm_head,1,0.8303540349006653,0.0019474029541015625,0.8677898049354553,-0.03743577003479004
rs49,38,33-44,0,warm_head,2,0.8308282494544983,0.004374027252197266,0.8677898049354553,-0.03696155548095703
rs49,38,33-44,0,warm_head,5,0.8314599394798279,0.013599872589111328,0.8677898049354553,-0.03632986545562744
rs49,38,33-44,0,warm_head,10,0.832232654094696,0.021372556686401367,0.8677898049354553,-0.03555715084075928
rs49,38,33-44,0,warm_head,20,0.8345090746879578,0.03657269477844238,0.8677898049354553,-0.03328073024749756
rs49,38,33-44,0,warm_head,50,0.8374117016792297,0.07793879508972168,0.8677898049354553,-0.030378103256225586
rs49,38,33-44,0,warm_head,100,0.8389208912849426,0.14548802375793457,0.8677898049354553,-0.028868913650512695
rs49,38,33-44,0,warm_head,200,0.8403969407081604,0.28251147270202637,0.8677898049354553,-0.027392864227294922
rs49,38,33-44,0,warm_head,500,0.8422284126281738,0.6819524765014648,0.8677898049354553,-0.025561392307281494
rs49,38,33-44,1,cold,0,0.001417502760887146,0.0,0.8677898049354553,-0.8663723021745682
rs49,38,33-44,1,cold,1,0.04755920544266701,0.1367805004119873,0.8677898049354553,-0.8202305994927883
rs49,38,33-44,1,cold,2,0.11143872886896133,0.14154338836669922,0.8677898049354553,-0.756351076066494
rs49,38,33-44,1,cold,5,0.397387832403183,0.1490321159362793,0.8677898049354553,-0.47040197253227234
rs49,38,33-44,1,cold,10,0.5350806713104248,0.15923786163330078,0.8677898049354553,-0.3327091336250305
rs49,38,33-44,1,cold,20,0.6391576528549194,0.18626689910888672,0.8677898049354553,-0.2286321520805359
rs49,38,33-44,1,cold,50,0.7324435114860535,0.2573840618133545,0.8677898049354553,-0.13534629344940186
rs49,38,33-44,1,cold,100,0.7833232283592224,0.3649787902832031,0.8677898049354553,-0.08446657657623291
rs49,38,33-44,1,cold,200,0.8194866180419922,0.5525619983673096,0.8677898049354553,-0.048303186893463135
rs49,38,33-44,1,cold,500,0.8411755561828613,1.1423521041870117,0.8677898049354553,-0.026614248752593994
rs49,38,33-44,1,warm_full,0,0.829420268535614,0.0,0.8677898049354553,-0.03836953639984131
rs49,38,33-44,1,warm_full,1,0.8192498683929443,0.0024461746215820312,0.8677898049354553,-0.048539936542510986
rs49,38,33-44,1,warm_full,2,0.8277611136436462,0.005075693130493164,0.8677898049354553,-0.04002869129180908
rs49,38,33-44,1,warm_full,5,0.8277153968811035,0.012121200561523438,0.8677898049354553,-0.04007440805435181
rs49,38,33-44,1,warm_full,10,0.8362287878990173,0.021938323974609375,0.8677898049354553,-0.03156101703643799
rs49,38,33-44,1,warm_full,20,0.8482319712638855,0.04091000556945801,0.8677898049354553,-0.019557833671569824
rs49,38,33-44,1,warm_full,50,0.8577925562858582,0.09741640090942383,0.8677898049354553,-0.009997248649597168
rs49,38,33-44,1,warm_full,100,0.8614223599433899,0.18924617767333984,0.8677898049354553,-0.00636744499206543
rs49,38,33-44,1,warm_full,200,0.8683810830116272,0.3856627941131592,0.8677898049354553,0.000591278076171875
rs49,38,33-44,1,warm_full,500,0.8741427063941956,0.9851839542388916,0.8677898049354553,0.006352901458740234
rs49,38,33-44,1,warm_full_hi,0,0.829420268535614,0.0,0.8677898049354553,-0.03836953639984131
rs49,38,33-44,1,warm_full_hi,1,0.32047057151794434,0.0028684139251708984,0.8677898049354553,-0.547319233417511
rs49,38,33-44,1,warm_full_hi,2,0.5950477719306946,0.005751848220825195,0.8677898049354553,-0.27274203300476074
rs49,38,33-44,1,warm_full_hi,5,0.5698933005332947,0.013439178466796875,0.8677898049354553,-0.29789650440216064
rs49,38,33-44,1,warm_full_hi,10,0.69602370262146,0.02397632598876953,0.8677898049354553,-0.17176610231399536
rs49,38,33-44,1,warm_full_hi,20,0.7628397941589355,0.05115461349487305,0.8677898049354553,-0.10495001077651978
rs49,38,33-44,1,warm_full_hi,50,0.810339629650116,0.10866904258728027,0.8677898049354553,-0.057450175285339355
rs49,38,33-44,1,warm_full_hi,100,0.8347404599189758,0.2106795310974121,0.8677898049354553,-0.03304934501647949
rs49,38,33-44,1,warm_full_hi,200,0.8449005484580994,0.4135923385620117,0.8677898049354553,-0.022889256477355957
rs49,38,33-44,1,warm_full_hi,500,0.8287782669067383,0.9967284202575684,0.8677898049354553,-0.03901153802871704
rs49,38,33-44,1,warm_head,0,0.829420268535614,0.0,0.8677898049354553,-0.03836953639984131
rs49,38,33-44,1,warm_head,1,0.8303313255310059,0.0021729469299316406,0.8677898049354553,-0.03745847940444946
rs49,38,33-44,1,warm_head,2,0.8310873508453369,0.004099845886230469,0.8677898049354553,-0.03670245409011841
rs49,38,33-44,1,warm_head,5,0.8318443894386292,0.008820772171020508,0.8677898049354553,-0.03594541549682617
rs49,38,33-44,1,warm_head,10,0.8326020240783691,0.01577305793762207,0.8677898049354553,-0.03518778085708618
rs49,38,33-44,1,warm_head,20,0.8349323868751526,0.029270410537719727,0.8677898049354553,-0.032857418060302734
rs49,38,33-44,1,warm_head,50,0.8372847437858582,0.06745362281799316,0.8677898049354553,-0.030505061149597168
rs49,38,33-44,1,warm_head,100,0.8392642140388489,0.13127374649047852,0.8677898049354553,-0.028525590896606445
rs49,38,33-44,1,warm_head,200,0.8409280776977539,0.2601644992828369,0.8677898049354553,-0.026861727237701416
rs49,38,33-44,1,warm_head,500,0.8422425389289856,0.6551799774169922,0.8677898049354553,-0.025547266006469727
