split,order,method,rank,n_tasks,per_conf_mae,per_conf_bias,per_conf_spearman,maxconf_spearman,pool_fraction,truth_threshold,n_strong,strong_recall
audit,2,full_K0,0,50,0.020707871417204538,-0.01877438575029373,0.6573195702992437,0.8645858343337334,0.3,0.05,32,0.46875
audit,2,full_K0,0,50,0.020707871417204538,-0.01877438575029373,0.6573195702992437,0.8645858343337334,0.3,0.1,20,0.65
audit,2,full_K0,0,50,0.020707871417204538,-0.01877438575029373,0.6573195702992437,0.8645858343337334,0.3,0.2,3,1.0
audit,2,full_K1,0,50,0.019366180797417958,-0.016970684230327607,0.661889781417796,0.9175030012004801,0.3,0.05,32,0.46875
audit,2,full_K1,0,50,0.019366180797417958,-0.016970684230327607,0.661889781417796,0.9175030012004801,0.3,0.1,20,0.65
audit,2,full_K1,0,50,0.019366180797417958,-0.016970684230327607,0.661889781417796,0.9175030012004801,0.3,0.2,3,1.0
audit,2,full_K25,0,50,0.012501886586348215,-0.010153800745805104,0.8420024894791721,0.9335414165666266,0.3,0.05,32,0.46875
audit,2,full_K25,0,50,0.012501886586348215,-0.010153800745805104,0.8420024894791721,0.9335414165666266,0.3,0.1,20,0.7
audit,2,full_K25,0,50,0.012501886586348215,-0.010153800745805104,0.8420024894791721,0.9335414165666266,0.3,0.2,3,1.0
audit,2,full_K5,0,50,0.01681116412083308,-0.014833693007628122,0.7681733979500917,0.9380552220888354,0.3,0.05,32,0.46875
audit,2,full_K5,0,50,0.01681116412083308,-0.014833693007628122,0.7681733979500917,0.9380552220888354,0.3,0.1,20,0.65
audit,2,full_K5,0,50,0.01681116412083308,-0.014833693007628122,0.7681733979500917,0.9380552220888354,0.3,0.2,3,1.0
audit,2,gradmap_1024,4,50,0.02249870777130127,-0.01930595636367798,0.6099909034463238,0.8362545018007203,0.3,0.05,32,0.46875
audit,2,gradmap_1024,4,50,0.02249870777130127,-0.01930595636367798,0.6099909034463238,0.8362545018007203,0.3,0.1,20,0.6
audit,2,gradmap_1024,4,50,0.02249870777130127,-0.01930595636367798,0.6099909034463238,0.8362545018007203,0.3,0.2,3,1.0
audit,2,gradmap_1024,8,50,0.02196464647849401,-0.018334596852461495,0.6080506623699933,0.7939015606242497,0.3,0.05,32,0.46875
audit,2,gradmap_1024,8,50,0.02196464647849401,-0.018334596852461495,0.6080506623699933,0.7939015606242497,0.3,0.1,20,0.6
audit,2,gradmap_1024,8,50,0.02196464647849401,-0.018334596852461495,0.6080506623699933,0.7939015606242497,0.3,0.2,3,1.0
audit,2,gradmap_1024,16,50,0.022507314284642536,-0.018768185973167418,0.5923626536790748,0.7509723889555822,0.3,0.05,32,0.46875
audit,2,gradmap_1024,16,50,0.022507314284642536,-0.018768185973167418,0.5923626536790748,0.7509723889555822,0.3,0.1,20,0.6
audit,2,gradmap_1024,16,50,0.022507314284642536,-0.018768185973167418,0.5923626536790748,0.7509723889555822,0.3,0.2,3,1.0
audit,2,gradmap_1024,32,50,0.02288069059451421,-0.018203074435393016,0.5756065989072192,0.7316686674669867,0.3,0.05,32,0.4375
audit,2,gradmap_1024,32,50,0.02288069059451421,-0.018203074435393016,0.5756065989072192,0.7316686674669867,0.3,0.1,20,0.55
audit,2,gradmap_1024,32,50,0.02288069059451421,-0.018203074435393016,0.5756065989072192,0.7316686674669867,0.3,0.2,3,1.0
audit,2,gradmap_1024,64,50,0.02234135349591573,-0.017856835722923278,0.601789560526557,0.7715246098439374,0.3,0.05,32,0.46875
audit,2,gradmap_1024,64,50,0.02234135349591573,-0.017856835722923278,0.601789560526557,0.7715246098439374,0.3,0.1,20,0.6
audit,2,gradmap_1024,64,50,0.02234135349591573,-0.017856835722923278,0.601789560526557,0.7715246098439374,0.3,0.2,3,1.0
audit,2,gradmap_1024,128,50,0.021840922037760415,-0.0188429061571757,0.6240970200486256,0.8076350540216085,0.3,0.05,32,0.46875
audit,2,gradmap_1024,128,50,0.021840922037760415,-0.0188429061571757,0.6240970200486256,0.8076350540216085,0.3,0.1,20,0.65
audit,2,gradmap_1024,128,50,0.021840922037760415,-0.0188429061571757,0.6240970200486256,0.8076350540216085,0.3,0.2,3,1.0
audit,2,gradmap_1024,192,50,0.02191924770673116,-0.019326664010683694,0.6654459040163999,0.8686194477791116,0.3,0.05,32,0.46875
audit,2,gradmap_1024,192,50,0.02191924770673116,-0.019326664010683694,0.6654459040163999,0.8686194477791116,0.3,0.1,20,0.65
audit,2,gradmap_1024,192,50,0.02191924770673116,-0.019326664010683694,0.6654459040163999,0.8686194477791116,0.3,0.2,3,1.0
audit,2,gradmap_1024,256,50,0.02202046404282252,-0.01986404647429784,0.6923987107241786,0.8791836734693877,0.3,0.05,32,0.46875
audit,2,gradmap_1024,256,50,0.02202046404282252,-0.01986404647429784,0.6923987107241786,0.8791836734693877,0.3,0.1,20,0.65
audit,2,gradmap_1024,256,50,0.02202046404282252,-0.01986404647429784,0.6923987107241786,0.8791836734693877,0.3,0.2,3,1.0
audit,2,gradmap_1024,320,50,0.020801121195157368,-0.019487423102060954,0.7202256317441338,0.9008883553421368,0.3,0.05,32,0.46875
audit,2,gradmap_1024,320,50,0.020801121195157368,-0.019487423102060954,0.7202256317441338,0.9008883553421368,0.3,0.1,20,0.6
audit,2,gradmap_1024,320,50,0.020801121195157368,-0.019487423102060954,0.7202256317441338,0.9008883553421368,0.3,0.2,3,1.0
audit,2,gradmap_256,4,50,0.022584686279296873,-0.01999695320924123,0.6368643966277974,0.8496038415366146,0.3,0.05,32,0.46875
audit,2,gradmap_256,4,50,0.022584686279296873,-0.01999695320924123,0.6368643966277974,0.8496038415366146,0.3,0.1,20,0.6
audit,2,gradmap_256,4,50,0.022584686279296873,-0.01999695320924123,0.6368643966277974,0.8496038415366146,0.3,0.2,3,1.0
audit,2,gradmap_256,8,50,0.022284415364265443,-0.019660383661588034,0.6324032144038718,0.8257863145258102,0.3,0.05,32,0.46875
audit,2,gradmap_256,8,50,0.022284415364265443,-0.019660383661588034,0.6324032144038718,0.8257863145258102,0.3,0.1,20,0.55
audit,2,gradmap_256,8,50,0.022284415364265443,-0.019660383661588034,0.6324032144038718,0.8257863145258102,0.3,0.2,3,1.0
audit,2,gradmap_256,16,50,0.022158613701661427,-0.019591435690720877,0.6305524737568715,0.7629771908763505,0.3,0.05,32,0.46875
audit,2,gradmap_256,16,50,0.022158613701661427,-0.019591435690720877,0.6305524737568715,0.7629771908763505,0.3,0.1,20,0.6
audit,2,gradmap_256,16,50,0.022158613701661427,-0.019591435690720877,0.6305524737568715,0.7629771908763505,0.3,0.2,3,1.0
audit,2,gradmap_256,32,50,0.022255914509296416,-0.019377317130565643,0.6147591521087558,0.7103481392557023,0.3,0.05,32,0.46875
audit,2,gradmap_256,32,50,0.022255914509296416,-0.019377317130565643,0.6147591521087558,0.7103481392557023,0.3,0.1,20,0.6
audit,2,gradmap_256,32,50,0.022255914509296416,-0.019377317130565643,0.6147591521087558,0.7103481392557023,0.3,0.2,3,1.0
audit,2,gradmap_256,64,50,0.022100920180479686,-0.019811889827251433,0.6311026419517831,0.7851620648259303,0.3,0.05,32,0.46875
audit,2,gradmap_256,64,50,0.022100920180479686,-0.019811889827251433,0.6311026419517831,0.7851620648259303,0.3,0.1,20,0.65
audit,2,gradmap_256,64,50,0.022100920180479686,-0.019811889827251433,0.6311026419517831,0.7851620648259303,0.3,0.2,3,1.0
audit,2,gradmap_256,128,50,0.021257808605829875,-0.019476050933202108,0.6799097314146668,0.8864825930372148,0.3,0.05,32,0.46875
audit,2,gradmap_256,128,50,0.021257808605829875,-0.019476050933202108,0.6799097314146668,0.8864825930372148,0.3,0.1,20,0.65
audit,2,gradmap_256,128,50,0.021257808605829875,-0.019476050933202108,0.6799097314146668,0.8864825930372148,0.3,0.2,3,1.0
audit,2,gradmap_256,192,50,0.02137567013502121,-0.019673655331134795,0.7102024270928867,0.8756302521008402,0.3,0.05,32,0.46875
audit,2,gradmap_256,192,50,0.02137567013502121,-0.019673655331134795,0.7102024270928867,0.8756302521008402,0.3,0.1,20,0.65
audit,2,gradmap_256,192,50,0.02137567013502121,-0.019673655331134795,0.7102024270928867,0.8756302521008402,0.3,0.2,3,1.0
audit,2,gradmap_256,256,50,0.021553957362969715,-0.02002191513776779,0.7176190133200098,0.8734213685474188,0.3,0.05,32,0.46875
audit,2,gradmap_256,256,50,0.021553957362969715,-0.02002191513776779,0.7176190133200098,0.8734213685474188,0.3,0.1,20,0.65
audit,2,gradmap_256,256,50,0.021553957362969715,-0.02002191513776779,0.7176190133200098,0.8734213685474188,0.3,0.2,3,1.0
audit,2,gradmap_256,320,50,0.0207352872689565,-0.01979495108127594,0.7308295300820279,0.9103961584633853,0.3,0.05,32,0.46875
audit,2,gradmap_256,320,50,0.0207352872689565,-0.01979495108127594,0.7308295300820279,0.9103961584633853,0.3,0.1,20,0.6
audit,2,gradmap_256,320,50,0.0207352872689565,-0.01979495108127594,0.7308295300820279,0.9103961584633853,0.3,0.2,3,1.0
audit,2,gradmask_1024,4,50,0.0220446847875913,-0.018691321710745494,0.6524314041112015,0.8724609843937575,0.3,0.05,32,0.46875
audit,2,gradmask_1024,4,50,0.0220446847875913,-0.018691321710745494,0.6524314041112015,0.8724609843937575,0.3,0.1,20,0.65
audit,2,gradmask_1024,4,50,0.0220446847875913,-0.018691321710745494,0.6524314041112015,0.8724609843937575,0.3,0.2,3,1.0
audit,2,gradmask_1024,8,50,0.02158494770526886,-0.01883776009082794,0.6809856516815697,0.8704441776710683,0.3,0.05,32,0.46875
audit,2,gradmask_1024,8,50,0.02158494770526886,-0.01883776009082794,0.6809856516815697,0.8704441776710683,0.3,0.1,20,0.65
audit,2,gradmask_1024,8,50,0.02158494770526886,-0.01883776009082794,0.6809856516815697,0.8704441776710683,0.3,0.2,3,1.0
audit,2,gradmask_1024,16,50,0.021101318101088205,-0.01913236767053604,0.6942359284331344,0.896470588235294,0.3,0.05,32,0.46875
audit,2,gradmask_1024,16,50,0.021101318101088205,-0.01913236767053604,0.6942359284331344,0.896470588235294,0.3,0.1,20,0.6
audit,2,gradmask_1024,16,50,0.021101318101088205,-0.01913236767053604,0.6942359284331344,0.896470588235294,0.3,0.2,3,1.0
audit,2,gradmask_1024,32,50,0.020758258601029714,-0.01972849080959956,0.7080743557620992,0.9114525810324129,0.3,0.05,32,0.46875
audit,2,gradmask_1024,32,50,0.020758258601029714,-0.01972849080959956,0.7080743557620992,0.9114525810324129,0.3,0.1,20,0.6
audit,2,gradmask_1024,32,50,0.020758258601029714,-0.01972849080959956,0.7080743557620992,0.9114525810324129,0.3,0.2,3,1.0
audit,2,gradmask_1024,64,50,0.019962249795595806,-0.018925069967905682,0.7429045739419357,0.9143337334933973,0.3,0.05,32,0.46875
audit,2,gradmask_1024,64,50,0.019962249795595806,-0.018925069967905682,0.7429045739419357,0.9143337334933973,0.3,0.1,20,0.65
audit,2,gradmask_1024,64,50,0.019962249795595806,-0.018925069967905682,0.7429045739419357,0.9143337334933973,0.3,0.2,3,1.0
audit,2,gradmask_1024,128,50,0.019657449622948964,-0.01856247991323471,0.7387301631393419,0.9200960384153661,0.3,0.05,32,0.46875
audit,2,gradmask_1024,128,50,0.019657449622948964,-0.01856247991323471,0.7387301631393419,0.9200960384153661,0.3,0.1,20,0.65
audit,2,gradmask_1024,128,50,0.019657449622948964,-0.01856247991323471,0.7387301631393419,0.9200960384153661,0.3,0.2,3,1.0
audit,2,gradmask_1024,192,50,0.01961759070555369,-0.018409975369771323,0.7491151190574851,0.9243217286914766,0.3,0.05,32,0.46875
audit,2,gradmask_1024,192,50,0.01961759070555369,-0.018409975369771323,0.7491151190574851,0.9243217286914766,0.3,0.1,20,0.65
audit,2,gradmask_1024,192,50,0.01961759070555369,-0.018409975369771323,0.7491151190574851,0.9243217286914766,0.3,0.2,3,1.0
audit,2,gradmask_1024,256,50,0.01957489311695099,-0.01850325584411621,0.752267700743613,0.9143337334933973,0.3,0.05,32,0.46875
audit,2,gradmask_1024,256,50,0.01957489311695099,-0.01850325584411621,0.752267700743613,0.9143337334933973,0.3,0.1,20,0.6
audit,2,gradmask_1024,256,50,0.01957489311695099,-0.01850325584411621,0.752267700743613,0.9143337334933973,0.3,0.2,3,1.0
audit,2,gradmask_1024,320,50,0.01965794712305069,-0.018561008075873058,0.7483646899019163,0.9137575030012004,0.3,0.05,32,0.46875
audit,2,gradmask_1024,320,50,0.01965794712305069,-0.018561008075873058,0.7483646899019163,0.9137575030012004,0.3,0.1,20,0.6
audit,2,gradmask_1024,320,50,0.01965794712305069,-0.018561008075873058,0.7483646899019163,0.9137575030012004,0.3,0.2,3,1.0
audit,2,gradmask_256,4,50,0.022068827152252196,-0.018976181348164877,0.6620737927337825,0.8707322929171669,0.3,0.05,32,0.46875
audit,2,gradmask_256,4,50,0.022068827152252196,-0.018976181348164877,0.6620737927337825,0.8707322929171669,0.3,0.1,20,0.65
audit,2,gradmask_256,4,50,0.022068827152252196,-0.018976181348164877,0.6620737927337825,0.8707322929171669,0.3,0.2,3,1.0
audit,2,gradmask_256,8,50,0.021653463244438172,-0.019275713761647544,0.6981336544083232,0.8732292917166866,0.3,0.05,32,0.46875
audit,2,gradmask_256,8,50,0.021653463244438172,-0.019275713761647544,0.6981336544083232,0.8732292917166866,0.3,0.1,20,0.65
audit,2,gradmask_256,8,50,0.021653463244438172,-0.019275713761647544,0.6981336544083232,0.8732292917166866,0.3,0.2,3,1.0
audit,2,gradmask_256,16,50,0.021040481626987458,-0.01938810000816981,0.7273173536593156,0.8981032412965185,0.3,0.05,32,0.46875
audit,2,gradmask_256,16,50,0.021040481626987458,-0.01938810000816981,0.7273173536593156,0.8981032412965185,0.3,0.1,20,0.6
audit,2,gradmask_256,16,50,0.021040481626987458,-0.01938810000816981,0.7273173536593156,0.8981032412965185,0.3,0.2,3,1.0
audit,2,gradmask_256,32,50,0.02088096578915914,-0.019851339459419252,0.7231206853785801,0.9093397358943576,0.3,0.05,32,0.46875
audit,2,gradmask_256,32,50,0.02088096578915914,-0.019851339459419252,0.7231206853785801,0.9093397358943576,0.3,0.1,20,0.65
audit,2,gradmask_256,32,50,0.02088096578915914,-0.019851339459419252,0.7231206853785801,0.9093397358943576,0.3,0.2,3,1.0
audit,2,gradmask_256,64,50,0.01984840154647827,-0.01875393549601237,0.7409388914969208,0.9140456182472988,0.3,0.05,32,0.46875
audit,2,gradmask_256,64,50,0.01984840154647827,-0.01875393549601237,0.7409388914969208,0.9140456182472988,0.3,0.1,20,0.65
audit,2,gradmask_256,64,50,0.01984840154647827,-0.01875393549601237,0.7409388914969208,0.9140456182472988,0.3,0.2,3,1.0
audit,2,gradmask_256,128,50,0.019780281285444897,-0.01862924963235855,0.7359185544392978,0.9259543817527011,0.3,0.05,32,0.46875
audit,2,gradmask_256,128,50,0.019780281285444897,-0.01862924963235855,0.7359185544392978,0.9259543817527011,0.3,0.1,20,0.65
audit,2,gradmask_256,128,50,0.019780281285444897,-0.01862924963235855,0.7359185544392978,0.9259543817527011,0.3,0.2,3,1.0
audit,2,gradmask_256,192,50,0.019534857670466105,-0.018214864532152812,0.740891922236948,0.9117406962785114,0.3,0.05,32,0.46875
audit,2,gradmask_256,192,50,0.019534857670466105,-0.018214864532152812,0.740891922236948,0.9117406962785114,0.3,0.1,20,0.65
audit,2,gradmask_256,192,50,0.019534857670466105,-0.018214864532152812,0.740891922236948,0.9117406962785114,0.3,0.2,3,1.0
audit,2,gradmask_256,256,50,0.019808097779750823,-0.018900148371855417,0.7511570309917527,0.911548619447779,0.3,0.05,32,0.46875
audit,2,gradmask_256,256,50,0.019808097779750823,-0.018900148371855417,0.7511570309917527,0.911548619447779,0.3,0.1,20,0.6
audit,2,gradmask_256,256,50,0.019808097779750823,-0.018900148371855417,0.7511570309917527,0.911548619447779,0.3,0.2,3,1.0
audit,2,gradmask_256,320,50,0.019862554669380188,-0.018930534720420836,0.7493132480923558,0.916734693877551,0.3,0.05,32,0.46875
audit,2,gradmask_256,320,50,0.019862554669380188,-0.018930534720420836,0.7493132480923558,0.916734693877551,0.3,0.1,20,0.6
audit,2,gradmask_256,320,50,0.019862554669380188,-0.018930534720420836,0.7493132480923558,0.916734693877551,0.3,0.2,3,1.0
audit,2,maskmap,4,50,0.022636142273743946,-0.01976958245038986,0.665367524151005,0.8779351740696278,0.3,0.05,32,0.46875
audit,2,maskmap,4,50,0.022636142273743946,-0.01976958245038986,0.665367524151005,0.8779351740696278,0.3,0.1,20,0.65
audit,2,maskmap,4,50,0.022636142273743946,-0.01976958245038986,0.665367524151005,0.8779351740696278,0.3,0.2,3,1.0
audit,2,maskmap,8,50,0.022738661468029022,-0.020459313293298087,0.681534542125648,0.8816806722689075,0.3,0.05,32,0.46875
audit,2,maskmap,8,50,0.022738661468029022,-0.020459313293298087,0.681534542125648,0.8816806722689075,0.3,0.1,20,0.65
audit,2,maskmap,8,50,0.022738661468029022,-0.020459313293298087,0.681534542125648,0.8816806722689075,0.3,0.2,3,1.0
audit,2,maskmap,16,50,0.022816523412863412,-0.02107131709655126,0.7022127283686899,0.9146218487394957,0.3,0.05,32,0.46875
audit,2,maskmap,16,50,0.022816523412863412,-0.02107131709655126,0.7022127283686899,0.9146218487394957,0.3,0.1,20,0.6
audit,2,maskmap,16,50,0.022816523412863412,-0.02107131709655126,0.7022127283686899,0.9146218487394957,0.3,0.2,3,1.0
audit,2,maskmap,32,50,0.02241553415854772,-0.021449059744675956,0.7068494634707317,0.9084753901560624,0.3,0.05,32,0.46875
audit,2,maskmap,32,50,0.02241553415854772,-0.021449059744675956,0.7068494634707317,0.9084753901560624,0.3,0.1,20,0.6
audit,2,maskmap,32,50,0.02241553415854772,-0.021449059744675956,0.7068494634707317,0.9084753901560624,0.3,0.2,3,1.0
audit,2,maskmap,64,50,0.022511728207270303,-0.021591803630193074,0.722988008300023,0.876110444177671,0.3,0.05,32,0.46875
audit,2,maskmap,64,50,0.022511728207270303,-0.021591803630193074,0.722988008300023,0.876110444177671,0.3,0.1,20,0.65
audit,2,maskmap,64,50,0.022511728207270303,-0.021591803630193074,0.722988008300023,0.876110444177671,0.3,0.2,3,1.0
audit,2,maskmap,128,50,0.02235207627216975,-0.021402832170327506,0.7280279111886422,0.8569987995198078,0.3,0.05,32,0.46875
audit,2,maskmap,128,50,0.02235207627216975,-0.021402832170327506,0.7280279111886422,0.8569987995198078,0.3,0.1,20,0.65
audit,2,maskmap,128,50,0.02235207627216975,-0.021402832170327506,0.7280279111886422,0.8569987995198078,0.3,0.2,3,1.0
audit,2,maskmap,192,50,0.022327063580354054,-0.02137427161137263,0.727772410478918,0.8559423769507803,0.3,0.05,32,0.46875
audit,2,maskmap,192,50,0.022327063580354054,-0.02137427161137263,0.727772410478918,0.8559423769507803,0.3,0.1,20,0.65
audit,2,maskmap,192,50,0.022327063580354054,-0.02137427161137263,0.727772410478918,0.8559423769507803,0.3,0.2,3,1.0
audit,2,maskmap,256,50,0.022312631011009217,-0.02135888397693634,0.7279125219792275,0.8561344537815125,0.3,0.05,32,0.46875
audit,2,maskmap,256,50,0.022312631011009217,-0.02135888397693634,0.7279125219792275,0.8561344537815125,0.3,0.1,20,0.65
audit,2,maskmap,256,50,0.022312631011009217,-0.02135888397693634,0.7279125219792275,0.8561344537815125,0.3,0.2,3,1.0
audit,2,maskmap,320,50,0.022319029370943707,-0.021367374857266745,0.7281252447923465,0.8561344537815125,0.3,0.05,32,0.46875
audit,2,maskmap,320,50,0.022319029370943707,-0.021367374857266745,0.7281252447923465,0.8561344537815125,0.3,0.1,20,0.65
audit,2,maskmap,320,50,0.022319029370943707,-0.021367374857266745,0.7281252447923465,0.8561344537815125,0.3,0.2,3,1.0
audit,2,projected_teacher,4,50,0.01998763531446457,-0.013922368983427684,0.6295975616375367,0.8285714285714285,0.3,0.05,32,0.46875
audit,2,projected_teacher,4,50,0.01998763531446457,-0.013922368983427684,0.6295975616375367,0.8285714285714285,0.3,0.1,20,0.65
audit,2,projected_teacher,4,50,0.01998763531446457,-0.013922368983427684,0.6295975616375367,0.8285714285714285,0.3,0.2,3,1.0
audit,2,projected_teacher,8,50,0.019578029414017994,-0.01624076853195826,0.6788384967736021,0.8772629051620647,0.3,0.05,32,0.46875
audit,2,projected_teacher,8,50,0.019578029414017994,-0.01624076853195826,0.6788384967736021,0.8772629051620647,0.3,0.1,20,0.6
audit,2,projected_teacher,8,50,0.019578029414017994,-0.01624076853195826,0.6788384967736021,0.8772629051620647,0.3,0.2,3,1.0
audit,2,projected_teacher,16,50,0.020092710157235464,-0.018215090731779734,0.6854519040330667,0.8736134453781513,0.3,0.05,32,0.46875
audit,2,projected_teacher,16,50,0.020092710157235464,-0.018215090731779734,0.6854519040330667,0.8736134453781513,0.3,0.1,20,0.6
audit,2,projected_teacher,16,50,0.020092710157235464,-0.018215090731779734,0.6854519040330667,0.8736134453781513,0.3,0.2,3,1.0
audit,2,projected_teacher,32,50,0.01922302653392156,-0.017836345533529918,0.7216886713574204,0.8986794717887154,0.3,0.05,32,0.46875
audit,2,projected_teacher,32,50,0.01922302653392156,-0.017836345533529918,0.7216886713574204,0.8986794717887154,0.3,0.1,20,0.65
audit,2,projected_teacher,32,50,0.01922302653392156,-0.017836345533529918,0.7216886713574204,0.8986794717887154,0.3,0.2,3,1.0
audit,2,projected_teacher,64,50,0.01780942052602768,-0.016342938045660654,0.7498713607537797,0.9113565426170468,0.3,0.05,32,0.46875
audit,2,projected_teacher,64,50,0.01780942052602768,-0.016342938045660654,0.7498713607537797,0.9113565426170468,0.3,0.1,20,0.65
audit,2,projected_teacher,64,50,0.01780942052602768,-0.016342938045660654,0.7498713607537797,0.9113565426170468,0.3,0.2,3,1.0
audit,2,projected_teacher,128,50,0.016602307160695395,-0.01521893302599589,0.7684367456576268,0.9176950780312124,0.3,0.05,32,0.46875
audit,2,projected_teacher,128,50,0.016602307160695395,-0.01521893302599589,0.7684367456576268,0.9176950780312124,0.3,0.1,20,0.65
audit,2,projected_teacher,128,50,0.016602307160695395,-0.01521893302599589,0.7684367456576268,0.9176950780312124,0.3,0.2,3,1.0
audit,2,projected_teacher,192,50,0.016196386218070985,-0.0147904501358668,0.7775443928669857,0.9341176470588234,0.3,0.05,32,0.46875
audit,2,projected_teacher,192,50,0.016196386218070985,-0.0147904501358668,0.7775443928669857,0.9341176470588234,0.3,0.1,20,0.7
audit,2,projected_teacher,192,50,0.016196386218070985,-0.0147904501358668,0.7775443928669857,0.9341176470588234,0.3,0.2,3,1.0
audit,2,projected_teacher,256,50,0.015872386296590168,-0.014423682093620301,0.7874926150835504,0.9339255702280912,0.3,0.05,32,0.46875
audit,2,projected_teacher,256,50,0.015872386296590168,-0.014423682093620301,0.7874926150835504,0.9339255702280912,0.3,0.1,20,0.7
audit,2,projected_teacher,256,50,0.015872386296590168,-0.014423682093620301,0.7874926150835504,0.9339255702280912,0.3,0.2,3,1.0
audit,2,projected_teacher,320,50,0.015655803382396697,-0.014222496052583059,0.7895410652465851,0.9365186074429772,0.3,0.05,32,0.46875
audit,2,projected_teacher,320,50,0.015655803382396697,-0.014222496052583059,0.7895410652465851,0.9365186074429772,0.3,0.1,20,0.7
audit,2,projected_teacher,320,50,0.015655803382396697,-0.014222496052583059,0.7895410652465851,0.9365186074429772,0.3,0.2,3,1.0
audit,2,scalar_grad1024,4,50,0.02133405258258184,-0.018891699413458505,0.6292340597192536,0.7953421368547419,0.3,0.05,32,0.46875
audit,2,scalar_grad1024,4,50,0.02133405258258184,-0.018891699413458505,0.6292340597192536,0.7953421368547419,0.3,0.1,20,0.65
audit,2,scalar_grad1024,4,50,0.02133405258258184,-0.018891699413458505,0.6292340597192536,0.7953421368547419,0.3,0.2,3,1.0
audit,2,scalar_grad1024,8,50,0.020462921063105266,-0.018280683954556783,0.6517962000891849,0.7889075630252101,0.3,0.05,32,0.46875
audit,2,scalar_grad1024,8,50,0.020462921063105266,-0.018280683954556783,0.6517962000891849,0.7889075630252101,0.3,0.1,20,0.6
audit,2,scalar_grad1024,8,50,0.020462921063105266,-0.018280683954556783,0.6517962000891849,0.7889075630252101,0.3,0.2,3,1.0
audit,2,scalar_grad1024,16,50,0.020775590340296426,-0.018033570448557537,0.6300815630088739,0.757406962785114,0.3,0.05,32,0.46875
audit,2,scalar_grad1024,16,50,0.020775590340296426,-0.018033570448557537,0.6300815630088739,0.757406962785114,0.3,0.1,20,0.6
audit,2,scalar_grad1024,16,50,0.020775590340296426,-0.018033570448557537,0.6300815630088739,0.757406962785114,0.3,0.2,3,1.0
audit,2,scalar_grad1024,32,50,0.022068573236465452,-0.017367086807886758,0.5931938690376791,0.7399279711884753,0.3,0.05,32,0.46875
audit,2,scalar_grad1024,32,50,0.022068573236465452,-0.017367086807886758,0.5931938690376791,0.7399279711884753,0.3,0.1,20,0.6
audit,2,scalar_grad1024,32,50,0.022068573236465452,-0.017367086807886758,0.5931938690376791,0.7399279711884753,0.3,0.2,3,1.0
audit,2,scalar_grad1024,64,50,0.022642050782839457,-0.017967562476793927,0.5631547569324165,0.7777671068427371,0.3,0.05,32,0.46875
audit,2,scalar_grad1024,64,50,0.022642050782839457,-0.017967562476793927,0.5631547569324165,0.7777671068427371,0.3,0.1,20,0.65
audit,2,scalar_grad1024,64,50,0.022642050782839457,-0.017967562476793927,0.5631547569324165,0.7777671068427371,0.3,0.2,3,1.0
audit,2,scalar_grad1024,128,50,0.024591220021247865,-0.01963065246740977,0.5157390474729924,0.8161824729891957,0.3,0.05,32,0.46875
audit,2,scalar_grad1024,128,50,0.024591220021247865,-0.01963065246740977,0.5157390474729924,0.8161824729891957,0.3,0.1,20,0.65
audit,2,scalar_grad1024,128,50,0.024591220021247865,-0.01963065246740977,0.5157390474729924,0.8161824729891957,0.3,0.2,3,1.0
audit,2,scalar_grad1024,192,50,0.026007343331972757,-0.02047388513882955,0.49061455421380695,0.7939015606242497,0.3,0.05,32,0.46875
audit,2,scalar_grad1024,192,50,0.026007343331972757,-0.02047388513882955,0.49061455421380695,0.7939015606242497,0.3,0.1,20,0.65
audit,2,scalar_grad1024,192,50,0.026007343331972757,-0.02047388513882955,0.49061455421380695,0.7939015606242497,0.3,0.2,3,1.0
audit,2,scalar_grad1024,256,50,0.026623106201489766,-0.02081069886684418,0.47376537282981834,0.7908283313325329,0.3,0.05,32,0.46875
audit,2,scalar_grad1024,256,50,0.026623106201489766,-0.02081069886684418,0.47376537282981834,0.7908283313325329,0.3,0.1,20,0.65
audit,2,scalar_grad1024,256,50,0.026623106201489766,-0.02081069886684418,0.47376537282981834,0.7908283313325329,0.3,0.2,3,1.0
audit,2,scalar_grad1024,320,50,0.026857503056526184,-0.020837576985359194,0.4748880723956871,0.7932292917166867,0.3,0.05,32,0.46875
audit,2,scalar_grad1024,320,50,0.026857503056526184,-0.020837576985359194,0.4748880723956871,0.7932292917166867,0.3,0.1,20,0.65
audit,2,scalar_grad1024,320,50,0.026857503056526184,-0.020837576985359194,0.4748880723956871,0.7932292917166867,0.3,0.2,3,1.0
audit,2,scalar_grad256,4,50,0.021926617026329042,-0.01878329674402873,0.632969633661132,0.7905402160864345,0.3,0.05,32,0.46875
audit,2,scalar_grad256,4,50,0.021926617026329042,-0.01878329674402873,0.632969633661132,0.7905402160864345,0.3,0.1,20,0.65
audit,2,scalar_grad256,4,50,0.021926617026329042,-0.01878329674402873,0.632969633661132,0.7905402160864345,0.3,0.2,3,1.0
audit,2,scalar_grad256,8,50,0.021653507351875306,-0.018774301211039224,0.6454592030754773,0.7680672268907562,0.3,0.05,32,0.46875
audit,2,scalar_grad256,8,50,0.021653507351875306,-0.018774301211039224,0.6454592030754773,0.7680672268907562,0.3,0.1,20,0.65
audit,2,scalar_grad256,8,50,0.021653507351875306,-0.018774301211039224,0.6454592030754773,0.7680672268907562,0.3,0.2,3,1.0
audit,2,scalar_grad256,16,50,0.021712575753529865,-0.018524848222732544,0.6404407922485388,0.7482833133253302,0.3,0.05,32,0.46875
audit,2,scalar_grad256,16,50,0.021712575753529865,-0.018524848222732544,0.6404407922485388,0.7482833133253302,0.3,0.1,20,0.65
audit,2,scalar_grad256,16,50,0.021712575753529865,-0.018524848222732544,0.6404407922485388,0.7482833133253302,0.3,0.2,3,1.0
audit,2,scalar_grad256,32,50,0.022591239710648855,-0.01896314213673274,0.6133948721505323,0.7688355342136854,0.3,0.05,32,0.46875
audit,2,scalar_grad256,32,50,0.022591239710648855,-0.01896314213673274,0.6133948721505323,0.7688355342136854,0.3,0.1,20,0.65
audit,2,scalar_grad256,32,50,0.022591239710648855,-0.01896314213673274,0.6133948721505323,0.7688355342136854,0.3,0.2,3,1.0
audit,2,scalar_grad256,64,50,0.022336778342723847,-0.019667124052842457,0.636263744924816,0.8058103241296517,0.3,0.05,32,0.46875
audit,2,scalar_grad256,64,50,0.022336778342723847,-0.019667124052842457,0.636263744924816,0.8058103241296517,0.3,0.1,20,0.65
audit,2,scalar_grad256,64,50,0.022336778342723847,-0.019667124052842457,0.636263744924816,0.8058103241296517,0.3,0.2,3,1.0
audit,2,scalar_grad256,128,50,0.023691770136356354,-0.02046019564072291,0.603373404721935,0.8052340936374549,0.3,0.05,32,0.46875
audit,2,scalar_grad256,128,50,0.023691770136356354,-0.02046019564072291,0.603373404721935,0.8052340936374549,0.3,0.1,20,0.65
audit,2,scalar_grad256,128,50,0.023691770136356354,-0.02046019564072291,0.603373404721935,0.8052340936374549,0.3,0.2,3,1.0
audit,2,scalar_grad256,192,50,0.024173350036144257,-0.020581336319446565,0.5913989445733154,0.8185834333733493,0.3,0.05,32,0.46875
audit,2,scalar_grad256,192,50,0.024173350036144257,-0.020581336319446565,0.5913989445733154,0.8185834333733493,0.3,0.1,20,0.65
audit,2,scalar_grad256,192,50,0.024173350036144257,-0.020581336319446565,0.5913989445733154,0.8185834333733493,0.3,0.2,3,1.0
audit,2,scalar_grad256,256,50,0.02466070532798767,-0.0207825368642807,0.5739534779752088,0.8132052821128452,0.3,0.05,32,0.46875
audit,2,scalar_grad256,256,50,0.02466070532798767,-0.0207825368642807,0.5739534779752088,0.8132052821128452,0.3,0.1,20,0.65
audit,2,scalar_grad256,256,50,0.02466070532798767,-0.0207825368642807,0.5739534779752088,0.8132052821128452,0.3,0.2,3,1.0
audit,2,scalar_grad256,320,50,0.02482128530740738,-0.020796630084514618,0.5695642802486646,0.8083073229291717,0.3,0.05,32,0.46875
audit,2,scalar_grad256,320,50,0.02482128530740738,-0.020796630084514618,0.5695642802486646,0.8083073229291717,0.3,0.1,20,0.65
audit,2,scalar_grad256,320,50,0.02482128530740738,-0.020796630084514618,0.5695642802486646,0.8083073229291717,0.3,0.2,3,1.0
audit,3,full_K0,0,60,0.03217999968263838,-0.031083583500650193,0.37990238374160945,0.28596832453459303,0.3,0.05,46,0.391304347826087
audit,3,full_K0,0,60,0.03217999968263838,-0.031083583500650193,0.37990238374160945,0.28596832453459303,0.3,0.1,32,0.5
audit,3,full_K0,0,60,0.03217999968263838,-0.031083583500650193,0.37990238374160945,0.28596832453459303,0.3,0.2,1,0.0
audit,3,full_K1,0,60,0.029562028249104817,-0.027943639622794256,0.4661829240692466,0.34487357599333157,0.3,0.05,46,0.391304347826087
audit,3,full_K1,0,60,0.029562028249104817,-0.027943639622794256,0.4661829240692466,0.34487357599333157,0.3,0.1,32,0.53125
audit,3,full_K1,0,60,0.029562028249104817,-0.027943639622794256,0.4661829240692466,0.34487357599333157,0.3,0.2,1,0.0
audit,3,full_K25,0,60,0.02063930042915874,-0.018013337502876918,0.6877073129642096,0.6493470408446792,0.3,0.05,46,0.391304347826087
audit,3,full_K25,0,60,0.02063930042915874,-0.018013337502876918,0.6877073129642096,0.6493470408446792,0.3,0.1,32,0.5625
audit,3,full_K25,0,60,0.02063930042915874,-0.018013337502876918,0.6877073129642096,0.6493470408446792,0.3,0.2,1,0.0
audit,3,full_K5,0,60,0.025957466496361627,-0.02403725584348043,0.49285326409922775,0.36326757432620177,0.3,0.05,46,0.391304347826087
audit,3,full_K5,0,60,0.025957466496361627,-0.02403725584348043,0.49285326409922775,0.36326757432620177,0.3,0.1,32,0.5
audit,3,full_K5,0,60,0.025957466496361627,-0.02403725584348043,0.49285326409922775,0.36326757432620177,0.3,0.2,1,0.0
audit,3,gradmap_1024,4,60,0.029506348818540574,-0.02786225088768535,0.37394518487002915,0.21750486246179498,0.3,0.05,46,0.391304347826087
audit,3,gradmap_1024,4,60,0.029506348818540574,-0.02786225088768535,0.37394518487002915,0.21750486246179498,0.3,0.1,32,0.5
audit,3,gradmap_1024,4,60,0.029506348818540574,-0.02786225088768535,0.37394518487002915,0.21750486246179498,0.3,0.2,1,0.0
audit,3,gradmap_1024,8,60,0.028703733285268148,-0.02705712401204639,0.4250618926819391,0.2610725201444846,0.3,0.05,46,0.391304347826087
audit,3,gradmap_1024,8,60,0.028703733285268148,-0.02705712401204639,0.4250618926819391,0.2610725201444846,0.3,0.1,32,0.5
audit,3,gradmap_1024,8,60,0.028703733285268148,-0.02705712401204639,0.4250618926819391,0.2610725201444846,0.3,0.2,1,0.0
audit,3,gradmap_1024,16,60,0.0294473495748308,-0.02778214696380827,0.43146963400351873,0.24745762711864408,0.3,0.05,46,0.3695652173913043
audit,3,gradmap_1024,16,60,0.0294473495748308,-0.02778214696380827,0.43146963400351873,0.24745762711864408,0.3,0.1,32,0.46875
audit,3,gradmap_1024,16,60,0.0294473495748308,-0.02778214696380827,0.43146963400351873,0.24745762711864408,0.3,0.2,1,0.0
audit,3,gradmap_1024,32,60,0.03089095287852817,-0.029173503650559318,0.42276568838839784,0.25012503473187,0.3,0.05,46,0.3695652173913043
audit,3,gradmap_1024,32,60,0.03089095287852817,-0.029173503650559318,0.42276568838839784,0.25012503473187,0.3,0.1,32,0.46875
audit,3,gradmap_1024,32,60,0.03089095287852817,-0.029173503650559318,0.42276568838839784,0.25012503473187,0.3,0.2,1,0.0
audit,3,gradmap_1024,64,60,0.031454873416158886,-0.02917292614777883,0.4131934283341067,0.2823562100583496,0.3,0.05,46,0.3695652173913043
audit,3,gradmap_1024,64,60,0.031454873416158886,-0.02917292614777883,0.4131934283341067,0.2823562100583496,0.3,0.1,32,0.46875
audit,3,gradmap_1024,64,60,0.031454873416158886,-0.02917292614777883,0.4131934283341067,0.2823562100583496,0.3,0.2,1,0.0
audit,3,gradmap_1024,128,60,0.03130375635292795,-0.029493128673897848,0.40541396367641813,0.3215893303695472,0.3,0.05,46,0.391304347826087
audit,3,gradmap_1024,128,60,0.03130375635292795,-0.029493128673897848,0.40541396367641813,0.3215893303695472,0.3,0.1,32,0.5625
audit,3,gradmap_1024,128,60,0.03130375635292795,-0.029493128673897848,0.40541396367641813,0.3215893303695472,0.3,0.2,1,0.0
audit,3,gradmap_1024,192,60,0.03149110964602894,-0.029439300381475023,0.42053918587596284,0.34831897749374835,0.3,0.05,46,0.391304347826087
audit,3,gradmap_1024,192,60,0.03149110964602894,-0.029439300381475023,0.42053918587596284,0.34831897749374835,0.3,0.1,32,0.53125
audit,3,gradmap_1024,192,60,0.03149110964602894,-0.029439300381475023,0.42053918587596284,0.34831897749374835,0.3,0.2,1,0.0
audit,3,gradmap_1024,256,60,0.03187989021341006,-0.029679753134648004,0.43542254160905774,0.34843011947763275,0.3,0.05,46,0.391304347826087
audit,3,gradmap_1024,256,60,0.03187989021341006,-0.029679753134648004,0.43542254160905774,0.34843011947763275,0.3,0.1,32,0.53125
audit,3,gradmap_1024,256,60,0.03187989021341006,-0.029679753134648004,0.43542254160905774,0.34843011947763275,0.3,0.2,1,0.0
audit,3,gradmap_1024,320,60,0.028770102974441318,-0.027060447881619137,0.43604040896491586,0.42867463184217847,0.3,0.05,46,0.391304347826087
audit,3,gradmap_1024,320,60,0.028770102974441318,-0.027060447881619137,0.43604040896491586,0.42867463184217847,0.3,0.1,32,0.5
audit,3,gradmap_1024,320,60,0.028770102974441318,-0.027060447881619137,0.43604040896491586,0.42867463184217847,0.3,0.2,1,0.0
audit,3,gradmap_256,4,60,0.0297949590616756,-0.028439142141077255,0.38475789871603,0.25012503473187,0.3,0.05,46,0.3695652173913043
audit,3,gradmap_256,4,60,0.0297949590616756,-0.028439142141077255,0.38475789871603,0.25012503473187,0.3,0.1,32,0.46875
audit,3,gradmap_256,4,60,0.0297949590616756,-0.028439142141077255,0.38475789871603,0.25012503473187,0.3,0.2,1,0.0
audit,3,gradmap_256,8,60,0.029265313016043768,-0.02789649317661921,0.4242592933906388,0.26496248958043905,0.3,0.05,46,0.391304347826087
audit,3,gradmap_256,8,60,0.029265313016043768,-0.02789649317661921,0.4242592933906388,0.26496248958043905,0.3,0.1,32,0.46875
audit,3,gradmap_256,8,60,0.029265313016043768,-0.02789649317661921,0.4242592933906388,0.26496248958043905,0.3,0.2,1,0.0
audit,3,gradmap_256,16,60,0.03014679402112961,-0.028707514703273772,0.3839042126488172,0.24017782717421512,0.3,0.05,46,0.391304347826087
audit,3,gradmap_256,16,60,0.03014679402112961,-0.028707514703273772,0.3839042126488172,0.24017782717421512,0.3,0.1,32,0.46875
audit,3,gradmap_256,16,60,0.03014679402112961,-0.028707514703273772,0.3839042126488172,0.24017782717421512,0.3,0.2,1,0.0
audit,3,gradmap_256,32,60,0.030916873696777557,-0.0292354430589411,0.38761168510815414,0.24206724090025014,0.3,0.05,46,0.391304347826087
audit,3,gradmap_256,32,60,0.030916873696777557,-0.0292354430589411,0.38761168510815414,0.24206724090025014,0.3,0.1,32,0.46875
audit,3,gradmap_256,32,60,0.030916873696777557,-0.0292354430589411,0.38761168510815414,0.24206724090025014,0.3,0.2,1,0.0
audit,3,gradmap_256,64,60,0.030109314206573697,-0.027814791020419862,0.41515925647328966,0.31708808002222844,0.3,0.05,46,0.391304347826087
audit,3,gradmap_256,64,60,0.030109314206573697,-0.027814791020419862,0.41515925647328966,0.31708808002222844,0.3,0.1,32,0.5
audit,3,gradmap_256,64,60,0.030109314206573697,-0.027814791020419862,0.41515925647328966,0.31708808002222844,0.3,0.2,1,0.0
audit,3,gradmap_256,128,60,0.03085089127222697,-0.029082130557960936,0.42526768654765024,0.2961378160600167,0.3,0.05,46,0.391304347826087
audit,3,gradmap_256,128,60,0.03085089127222697,-0.029082130557960936,0.42526768654765024,0.2961378160600167,0.3,0.1,32,0.53125
audit,3,gradmap_256,128,60,0.03085089127222697,-0.029082130557960936,0.42526768654765024,0.2961378160600167,0.3,0.2,1,0.0
audit,3,gradmap_256,192,60,0.030744663212034437,-0.02934046619468265,0.41986673086968024,0.2920255626562935,0.3,0.05,46,0.391304347826087
audit,3,gradmap_256,192,60,0.030744663212034437,-0.02934046619468265,0.41986673086968024,0.2920255626562935,0.3,0.1,32,0.53125
audit,3,gradmap_256,192,60,0.030744663212034437,-0.02934046619468265,0.41986673086968024,0.2920255626562935,0.3,0.2,1,0.0
audit,3,gradmap_256,256,60,0.03179378327396181,-0.030664427247312335,0.4270845946452812,0.30608502361767165,0.3,0.05,46,0.391304347826087
audit,3,gradmap_256,256,60,0.03179378327396181,-0.030664427247312335,0.4270845946452812,0.30608502361767165,0.3,0.1,32,0.53125
audit,3,gradmap_256,256,60,0.03179378327396181,-0.030664427247312335,0.4270845946452812,0.30608502361767165,0.3,0.2,1,0.0
audit,3,gradmap_256,320,60,0.029362658411264418,-0.027720348123047085,0.4468875843935493,0.45912753542650747,0.3,0.05,46,0.391304347826087
audit,3,gradmap_256,320,60,0.029362658411264418,-0.027720348123047085,0.4468875843935493,0.45912753542650747,0.3,0.1,32,0.5
audit,3,gradmap_256,320,60,0.029362658411264418,-0.027720348123047085,0.4468875843935493,0.45912753542650747,0.3,0.2,1,0.0
audit,3,gradmask_1024,4,60,0.029379475116729736,-0.02808531936671999,0.43091510618039947,0.31753264795776615,0.3,0.05,46,0.391304347826087
audit,3,gradmask_1024,4,60,0.029379475116729736,-0.02808531936671999,0.43091510618039947,0.31753264795776615,0.3,0.1,32,0.5
audit,3,gradmask_1024,4,60,0.029379475116729736,-0.02808531936671999,0.43091510618039947,0.31753264795776615,0.3,0.2,1,0.0
audit,3,gradmask_1024,8,60,0.029390300810337066,-0.027947937614387935,0.47232574452244425,0.3437621561544874,0.3,0.05,46,0.391304347826087
audit,3,gradmask_1024,8,60,0.029390300810337066,-0.027947937614387935,0.47232574452244425,0.3437621561544874,0.3,0.1,32,0.46875
audit,3,gradmask_1024,8,60,0.029390300810337066,-0.027947937614387935,0.47232574452244425,0.3437621561544874,0.3,0.2,1,0.0
audit,3,gradmask_1024,16,60,0.030683606614669165,-0.02966230453716384,0.4393599437730384,0.368435676576827,0.3,0.05,46,0.391304347826087
audit,3,gradmask_1024,16,60,0.030683606614669165,-0.02966230453716384,0.4393599437730384,0.368435676576827,0.3,0.1,32,0.5
audit,3,gradmask_1024,16,60,0.030683606614669165,-0.02966230453716384,0.4393599437730384,0.368435676576827,0.3,0.2,1,0.0
audit,3,gradmask_1024,32,60,0.03268758282065391,-0.03130999977389971,0.3893027249064164,0.32709085857182557,0.3,0.05,46,0.391304347826087
audit,3,gradmask_1024,32,60,0.03268758282065391,-0.03130999977389971,0.3893027249064164,0.32709085857182557,0.3,0.1,32,0.53125
audit,3,gradmask_1024,32,60,0.03268758282065391,-0.03130999977389971,0.3893027249064164,0.32709085857182557,0.3,0.2,1,0.0
audit,3,gradmask_1024,64,60,0.032529075029823516,-0.031223917752504347,0.40016905254075613,0.3363156432342318,0.3,0.05,46,0.391304347826087
audit,3,gradmask_1024,64,60,0.032529075029823516,-0.031223917752504347,0.40016905254075613,0.3363156432342318,0.3,0.1,32,0.53125
audit,3,gradmask_1024,64,60,0.032529075029823516,-0.031223917752504347,0.40016905254075613,0.3363156432342318,0.3,0.2,1,0.0
audit,3,gradmask_1024,128,60,0.030907657659716075,-0.02958345769180192,0.4462180229113902,0.3213114754098361,0.3,0.05,46,0.391304347826087
audit,3,gradmask_1024,128,60,0.030907657659716075,-0.02958345769180192,0.4462180229113902,0.3213114754098361,0.3,0.1,32,0.5
audit,3,gradmask_1024,128,60,0.030907657659716075,-0.02958345769180192,0.4462180229113902,0.3213114754098361,0.3,0.2,1,0.0
audit,3,gradmask_1024,192,60,0.029786231617132824,-0.028365402751498753,0.45477401299300035,0.33870519588774667,0.3,0.05,46,0.391304347826087
audit,3,gradmask_1024,192,60,0.029786231617132824,-0.028365402751498753,0.45477401299300035,0.33870519588774667,0.3,0.1,32,0.53125
audit,3,gradmask_1024,192,60,0.029786231617132824,-0.028365402751498753,0.45477401299300035,0.33870519588774667,0.3,0.2,1,0.0
audit,3,gradmask_1024,256,60,0.028334345006280477,-0.026686680068572364,0.4452298844232426,0.388107807724368,0.3,0.05,46,0.391304347826087
audit,3,gradmask_1024,256,60,0.028334345006280477,-0.026686680068572364,0.4452298844232426,0.388107807724368,0.3,0.1,32,0.5
audit,3,gradmask_1024,256,60,0.028334345006280477,-0.026686680068572364,0.4452298844232426,0.388107807724368,0.3,0.2,1,0.0
audit,3,gradmask_1024,320,60,0.02830545488331053,-0.026567373673121134,0.4518407511382863,0.4018894137260351,0.3,0.05,46,0.391304347826087
audit,3,gradmask_1024,320,60,0.02830545488331053,-0.026567373673121134,0.4518407511382863,0.4018894137260351,0.3,0.1,32,0.5
audit,3,gradmask_1024,320,60,0.02830545488331053,-0.026567373673121134,0.4518407511382863,0.4018894137260351,0.3,0.2,1,0.0
audit,3,gradmask_256,4,60,0.029705930418438383,-0.02854591194126341,0.4435455836711617,0.3318699638788553,0.3,0.05,46,0.391304347826087
audit,3,gradmask_256,4,60,0.029705930418438383,-0.02854591194126341,0.4435455836711617,0.3318699638788553,0.3,0.1,32,0.5
audit,3,gradmask_256,4,60,0.029705930418438383,-0.02854591194126341,0.4435455836711617,0.3318699638788553,0.3,0.2,1,0.0
audit,3,gradmask_256,8,60,0.02986104182071156,-0.028542975667450163,0.47258926799288564,0.31686579605445964,0.3,0.05,46,0.391304347826087
audit,3,gradmask_256,8,60,0.02986104182071156,-0.028542975667450163,0.47258926799288564,0.31686579605445964,0.3,0.1,32,0.46875
audit,3,gradmask_256,8,60,0.02986104182071156,-0.028542975667450163,0.47258926799288564,0.31686579605445964,0.3,0.2,1,0.0
audit,3,gradmask_256,16,60,0.031066334909862943,-0.030078503323925865,0.4427203184342614,0.3625451514309531,0.3,0.05,46,0.391304347826087
audit,3,gradmask_256,16,60,0.031066334909862943,-0.030078503323925865,0.4427203184342614,0.3625451514309531,0.3,0.1,32,0.5
audit,3,gradmask_256,16,60,0.031066334909862943,-0.030078503323925865,0.4427203184342614,0.3625451514309531,0.3,0.2,1,0.0
audit,3,gradmask_256,32,60,0.03295556190941069,-0.03169330358505249,0.393754668972441,0.3131425395943318,0.3,0.05,46,0.391304347826087
audit,3,gradmask_256,32,60,0.03295556190941069,-0.03169330358505249,0.393754668972441,0.3131425395943318,0.3,0.1,32,0.5
audit,3,gradmask_256,32,60,0.03295556190941069,-0.03169330358505249,0.393754668972441,0.3131425395943318,0.3,0.2,1,0.0
audit,3,gradmask_256,64,60,0.03281895336177614,-0.03138292166921827,0.40069443292951334,0.374381772714643,0.3,0.05,46,0.391304347826087
audit,3,gradmask_256,64,60,0.03281895336177614,-0.03138292166921827,0.40069443292951334,0.374381772714643,0.3,0.1,32,0.53125
audit,3,gradmask_256,64,60,0.03281895336177614,-0.03138292166921827,0.40069443292951334,0.374381772714643,0.3,0.2,1,0.0
audit,3,gradmask_256,128,60,0.0308750096294615,-0.029882278872860803,0.4451102211256051,0.2915254237288136,0.3,0.05,46,0.391304347826087
audit,3,gradmask_256,128,60,0.0308750096294615,-0.029882278872860803,0.4451102211256051,0.2915254237288136,0.3,0.1,32,0.5
audit,3,gradmask_256,128,60,0.0308750096294615,-0.029882278872860803,0.4451102211256051,0.2915254237288136,0.3,0.2,1,0.0
audit,3,gradmask_256,192,60,0.03073340215616756,-0.029611309121052424,0.44162757549065784,0.3064184495693249,0.3,0.05,46,0.391304347826087
audit,3,gradmask_256,192,60,0.03073340215616756,-0.029611309121052424,0.44162757549065784,0.3064184495693249,0.3,0.1,32,0.5
audit,3,gradmask_256,192,60,0.03073340215616756,-0.029611309121052424,0.44162757549065784,0.3064184495693249,0.3,0.2,1,0.0
audit,3,gradmask_256,256,60,0.02891685085164176,-0.02737927022907469,0.4510001128795941,0.390275076410114,0.3,0.05,46,0.391304347826087
audit,3,gradmask_256,256,60,0.02891685085164176,-0.02737927022907469,0.4510001128795941,0.390275076410114,0.3,0.1,32,0.5
audit,3,gradmask_256,256,60,0.02891685085164176,-0.02737927022907469,0.4510001128795941,0.390275076410114,0.3,0.2,1,0.0
audit,3,gradmask_256,320,60,0.02893710600005256,-0.027299984130594465,0.45606462120284935,0.4116699083078634,0.3,0.05,46,0.391304347826087
audit,3,gradmask_256,320,60,0.02893710600005256,-0.027299984130594465,0.45606462120284935,0.4116699083078634,0.3,0.1,32,0.5
audit,3,gradmask_256,320,60,0.02893710600005256,-0.027299984130594465,0.45606462120284935,0.4116699083078634,0.3,0.2,1,0.0
audit,3,maskmap,4,60,0.030488899515734778,-0.0291443505220943,0.42634793555372674,0.31319811058627406,0.3,0.05,46,0.3695652173913043
audit,3,maskmap,4,60,0.030488899515734778,-0.0291443505220943,0.42634793555372674,0.31319811058627406,0.3,0.1,32,0.46875
audit,3,maskmap,4,60,0.030488899515734778,-0.0291443505220943,0.42634793555372674,0.31319811058627406,0.3,0.2,1,0.0
audit,3,maskmap,8,60,0.031024481107791265,-0.029678709722227522,0.4515040735313924,0.34648513475965553,0.3,0.05,46,0.391304347826087
audit,3,maskmap,8,60,0.031024481107791265,-0.029678709722227522,0.4515040735313924,0.34648513475965553,0.3,0.1,32,0.46875
audit,3,maskmap,8,60,0.031024481107791265,-0.029678709722227522,0.4515040735313924,0.34648513475965553,0.3,0.2,1,0.0
audit,3,maskmap,16,60,0.03234097030427721,-0.03119057516256968,0.41634743392916973,0.3478188385662685,0.3,0.05,46,0.391304347826087
audit,3,maskmap,16,60,0.03234097030427721,-0.03119057516256968,0.41634743392916973,0.3478188385662685,0.3,0.1,32,0.5
audit,3,maskmap,16,60,0.03234097030427721,-0.03119057516256968,0.41634743392916973,0.3478188385662685,0.3,0.2,1,0.0
audit,3,maskmap,32,60,0.036374678628312215,-0.03525601815846231,0.3650460228273815,0.26696304529035847,0.3,0.05,46,0.391304347826087
audit,3,maskmap,32,60,0.036374678628312215,-0.03525601815846231,0.3650460228273815,0.26696304529035847,0.3,0.1,32,0.46875
audit,3,maskmap,32,60,0.036374678628312215,-0.03525601815846231,0.3650460228273815,0.26696304529035847,0.3,0.2,1,0.0
audit,3,maskmap,64,60,0.036445360547966425,-0.0355480561653773,0.3627363154212643,0.24684634620727983,0.3,0.05,46,0.391304347826087
audit,3,maskmap,64,60,0.036445360547966425,-0.0355480561653773,0.3627363154212643,0.24684634620727983,0.3,0.1,32,0.46875
audit,3,maskmap,64,60,0.036445360547966425,-0.0355480561653773,0.3627363154212643,0.24684634620727983,0.3,0.2,1,0.0
audit,3,maskmap,128,60,0.036211620602342814,-0.035314263072278765,0.3695577342416888,0.262517365934982,0.3,0.05,46,0.391304347826087
audit,3,maskmap,128,60,0.036211620602342814,-0.035314263072278765,0.3695577342416888,0.262517365934982,0.3,0.1,32,0.46875
audit,3,maskmap,128,60,0.036211620602342814,-0.035314263072278765,0.3695577342416888,0.262517365934982,0.3,0.2,1,0.0
audit,3,maskmap,192,60,0.03618384823203087,-0.03527857156263457,0.37106180713861026,0.27330193531305635,0.3,0.05,46,0.391304347826087
audit,3,maskmap,192,60,0.03618384823203087,-0.03527857156263457,0.37106180713861026,0.27330193531305635,0.3,0.1,32,0.46875
audit,3,maskmap,192,60,0.03618384823203087,-0.03527857156263457,0.37106180713861026,0.27330193531305635,0.3,0.2,1,0.0
audit,3,maskmap,256,60,0.03618282344606188,-0.035275137093332076,0.3701470808050932,0.27224228952486806,0.3,0.05,46,0.391304347826087
audit,3,maskmap,256,60,0.03618282344606188,-0.035275137093332076,0.3701470808050932,0.27224228952486806,0.3,0.1,32,0.46875
audit,3,maskmap,256,60,0.03618282344606188,-0.035275137093332076,0.3701470808050932,0.27224228952486806,0.3,0.2,1,0.0
audit,3,maskmap,320,60,0.03618832147783703,-0.03527736448579365,0.3702269099206315,0.2698527368713532,0.3,0.05,46,0.391304347826087
audit,3,maskmap,320,60,0.03618832147783703,-0.03527736448579365,0.3702269099206315,0.2698527368713532,0.3,0.1,32,0.46875
audit,3,maskmap,320,60,0.03618832147783703,-0.03527736448579365,0.3702269099206315,0.2698527368713532,0.3,0.2,1,0.0
audit,3,projected_teacher,4,60,0.02806237522098753,-0.026072489221890767,0.40940693051593247,0.2795776604612393,0.3,0.05,46,0.391304347826087
audit,3,projected_teacher,4,60,0.02806237522098753,-0.026072489221890767,0.40940693051593247,0.2795776604612393,0.3,0.1,32,0.5
audit,3,projected_teacher,4,60,0.02806237522098753,-0.026072489221890767,0.40940693051593247,0.2795776604612393,0.3,0.2,1,0.0
audit,3,projected_teacher,8,60,0.028471752173370786,-0.026947226458125643,0.4240426843680043,0.3036398999722146,0.3,0.05,46,0.391304347826087
audit,3,projected_teacher,8,60,0.028471752173370786,-0.026947226458125643,0.4240426843680043,0.3036398999722146,0.3,0.1,32,0.5
audit,3,projected_teacher,8,60,0.028471752173370786,-0.026947226458125643,0.4240426843680043,0.3036398999722146,0.3,0.2,1,0.0
audit,3,projected_teacher,16,60,0.030638200706905788,-0.029364096621672314,0.41677960453192453,0.27985551542095033,0.3,0.05,46,0.391304347826087
audit,3,projected_teacher,16,60,0.030638200706905788,-0.029364096621672314,0.41677960453192453,0.27985551542095033,0.3,0.1,32,0.5
audit,3,projected_teacher,16,60,0.030638200706905788,-0.029364096621672314,0.41677960453192453,0.27985551542095033,0.3,0.2,1,0.0
audit,3,projected_teacher,32,60,0.030812454803122415,-0.029144731909036638,0.3834215598316734,0.3279799944429009,0.3,0.05,46,0.391304347826087
audit,3,projected_teacher,32,60,0.030812454803122415,-0.029144731909036638,0.3834215598316734,0.3279799944429009,0.3,0.1,32,0.53125
audit,3,projected_teacher,32,60,0.030812454803122415,-0.029144731909036638,0.3834215598316734,0.3279799944429009,0.3,0.2,1,0.0
audit,3,projected_teacher,64,60,0.029087160444921916,-0.027626876450247233,0.4358116884533896,0.351208669074743,0.3,0.05,46,0.391304347826087
audit,3,projected_teacher,64,60,0.029087160444921916,-0.027626876450247233,0.4358116884533896,0.351208669074743,0.3,0.1,32,0.53125
audit,3,projected_teacher,64,60,0.029087160444921916,-0.027626876450247233,0.4358116884533896,0.351208669074743,0.3,0.2,1,0.0
audit,3,projected_teacher,128,60,0.027338776654667326,-0.02592114806175232,0.4924670315079054,0.3570436232286747,0.3,0.05,46,0.391304347826087
audit,3,projected_teacher,128,60,0.027338776654667326,-0.02592114806175232,0.4924670315079054,0.3570436232286747,0.3,0.1,32,0.53125
audit,3,projected_teacher,128,60,0.027338776654667326,-0.02592114806175232,0.4924670315079054,0.3570436232286747,0.3,0.2,1,0.0
audit,3,projected_teacher,192,60,0.026695191197925145,-0.025239816308021544,0.5086411882224567,0.3852736871353154,0.3,0.05,46,0.391304347826087
audit,3,projected_teacher,192,60,0.026695191197925145,-0.025239816308021544,0.5086411882224567,0.3852736871353154,0.3,0.1,32,0.53125
audit,3,projected_teacher,192,60,0.026695191197925145,-0.025239816308021544,0.5086411882224567,0.3852736871353154,0.3,0.2,1,0.0
audit,3,projected_teacher,256,60,0.02664381232526567,-0.025121422939830357,0.5201487978693373,0.4006112809113644,0.3,0.05,46,0.391304347826087
audit,3,projected_teacher,256,60,0.02664381232526567,-0.025121422939830357,0.5201487978693373,0.4006112809113644,0.3,0.1,32,0.53125
audit,3,projected_teacher,256,60,0.02664381232526567,-0.025121422939830357,0.5201487978693373,0.4006112809113644,0.3,0.2,1,0.0
audit,3,projected_teacher,320,60,0.026630826873911752,-0.025081675665246116,0.5203595750249004,0.39872186718532937,0.3,0.05,46,0.391304347826087
audit,3,projected_teacher,320,60,0.026630826873911752,-0.025081675665246116,0.5203595750249004,0.39872186718532937,0.3,0.1,32,0.53125
audit,3,projected_teacher,320,60,0.026630826873911752,-0.025081675665246116,0.5203595750249004,0.39872186718532937,0.3,0.2,1,0.0
audit,3,scalar_grad1024,4,60,0.03477794130643209,-0.03342942314015494,0.39396536161743384,0.23223117532647963,0.3,0.05,46,0.391304347826087
audit,3,scalar_grad1024,4,60,0.03477794130643209,-0.03342942314015494,0.39396536161743384,0.23223117532647963,0.3,0.1,32,0.53125
audit,3,scalar_grad1024,4,60,0.03477794130643209,-0.03342942314015494,0.39396536161743384,0.23223117532647963,0.3,0.2,1,0.0
audit,3,scalar_grad1024,8,60,0.03395574531621403,-0.03293220226963361,0.3996035389569435,0.2400666851903307,0.3,0.05,46,0.391304347826087
audit,3,scalar_grad1024,8,60,0.03395574531621403,-0.03293220226963361,0.3996035389569435,0.2400666851903307,0.3,0.1,32,0.5
audit,3,scalar_grad1024,8,60,0.03395574531621403,-0.03293220226963361,0.3996035389569435,0.2400666851903307,0.3,0.2,1,0.0
audit,3,scalar_grad1024,16,60,0.03540339825881852,-0.034013959517081575,0.36837756220255025,0.2584051125312587,0.3,0.05,46,0.391304347826087
audit,3,scalar_grad1024,16,60,0.03540339825881852,-0.034013959517081575,0.36837756220255025,0.2584051125312587,0.3,0.1,32,0.5
audit,3,scalar_grad1024,16,60,0.03540339825881852,-0.034013959517081575,0.36837756220255025,0.2584051125312587,0.3,0.2,1,0.0
audit,3,scalar_grad1024,32,60,0.03944135275151994,-0.036903579201963216,0.29711122284043795,0.25207001944984725,0.3,0.05,46,0.3695652173913043
audit,3,scalar_grad1024,32,60,0.03944135275151994,-0.036903579201963216,0.29711122284043795,0.25207001944984725,0.3,0.1,32,0.46875
audit,3,scalar_grad1024,32,60,0.03944135275151994,-0.036903579201963216,0.29711122284043795,0.25207001944984725,0.3,0.2,1,0.0
audit,3,scalar_grad1024,64,60,0.042584450708495244,-0.03956303381257587,0.2308873180892566,0.17238121700472359,0.3,0.05,46,0.3695652173913043
audit,3,scalar_grad1024,64,60,0.042584450708495244,-0.03956303381257587,0.2308873180892566,0.17238121700472359,0.3,0.1,32,0.5
audit,3,scalar_grad1024,64,60,0.042584450708495244,-0.03956303381257587,0.2308873180892566,0.17238121700472359,0.3,0.2,1,0.0
audit,3,scalar_grad1024,128,60,0.044420190155506134,-0.04135302371448941,0.21020806183761695,0.13448180050013897,0.3,0.05,46,0.34782608695652173
audit,3,scalar_grad1024,128,60,0.044420190155506134,-0.04135302371448941,0.21020806183761695,0.13448180050013897,0.3,0.1,32,0.4375
audit,3,scalar_grad1024,128,60,0.044420190155506134,-0.04135302371448941,0.21020806183761695,0.13448180050013897,0.3,0.2,1,0.0
audit,3,scalar_grad1024,192,60,0.045047839730978013,-0.042030517508586246,0.21037562818278988,0.15671237445766956,0.3,0.05,46,0.34782608695652173
audit,3,scalar_grad1024,192,60,0.045047839730978013,-0.042030517508586246,0.21037562818278988,0.15671237445766956,0.3,0.1,32,0.4375
audit,3,scalar_grad1024,192,60,0.045047839730978013,-0.042030517508586246,0.21037562818278988,0.15671237445766956,0.3,0.2,1,0.0
audit,3,scalar_grad1024,256,60,0.045702280269728765,-0.042737596564822726,0.20534944399896218,0.1427638616956571,0.3,0.05,46,0.34782608695652173
audit,3,scalar_grad1024,256,60,0.045702280269728765,-0.042737596564822726,0.20534944399896218,0.1427638616956571,0.3,0.1,32,0.4375
audit,3,scalar_grad1024,256,60,0.045702280269728765,-0.042737596564822726,0.20534944399896218,0.1427638616956571,0.3,0.2,1,0.0
audit,3,scalar_grad1024,320,60,0.04609045990639263,-0.043116608675983215,0.19604805837506156,0.15043067518755213,0.3,0.05,46,0.34782608695652173
audit,3,scalar_grad1024,320,60,0.04609045990639263,-0.043116608675983215,0.19604805837506156,0.15043067518755213,0.3,0.1,32,0.4375
audit,3,scalar_grad1024,320,60,0.04609045990639263,-0.043116608675983215,0.19604805837506156,0.15043067518755213,0.3,0.2,1,0.0
audit,3,scalar_grad256,4,60,0.03543541414870156,-0.033726483914587234,0.38550540134699124,0.22650736315643236,0.3,0.05,46,0.391304347826087
audit,3,scalar_grad256,4,60,0.03543541414870156,-0.033726483914587234,0.38550540134699124,0.22650736315643236,0.3,0.1,32,0.5
audit,3,scalar_grad256,4,60,0.03543541414870156,-0.033726483914587234,0.38550540134699124,0.22650736315643236,0.3,0.2,1,0.0
audit,3,scalar_grad256,8,60,0.035218136674827996,-0.03377673675616582,0.38799713370692474,0.23084190052792453,0.3,0.05,46,0.391304347826087
audit,3,scalar_grad256,8,60,0.035218136674827996,-0.03377673675616582,0.38799713370692474,0.23084190052792453,0.3,0.1,32,0.5
audit,3,scalar_grad256,8,60,0.035218136674827996,-0.03377673675616582,0.38799713370692474,0.23084190052792453,0.3,0.2,1,0.0
audit,3,scalar_grad256,16,60,0.03567981811033355,-0.033984673602713476,0.38003561526432117,0.2347874409558211,0.3,0.05,46,0.391304347826087
audit,3,scalar_grad256,16,60,0.03567981811033355,-0.033984673602713476,0.38003561526432117,0.2347874409558211,0.3,0.1,32,0.5
audit,3,scalar_grad256,16,60,0.03567981811033355,-0.033984673602713476,0.38003561526432117,0.2347874409558211,0.3,0.2,1,0.0
audit,3,scalar_grad256,32,60,0.03592895906832483,-0.03367943689227104,0.3628893578899308,0.22017227007502088,0.3,0.05,46,0.3695652173913043
audit,3,scalar_grad256,32,60,0.03592895906832483,-0.03367943689227104,0.3628893578899308,0.22017227007502088,0.3,0.1,32,0.46875
audit,3,scalar_grad256,32,60,0.03592895906832483,-0.03367943689227104,0.3628893578899308,0.22017227007502088,0.3,0.2,1,0.0
audit,3,scalar_grad256,64,60,0.035612924810912876,-0.033575037204557,0.37153723094266194,0.3121978327313143,0.3,0.05,46,0.391304347826087
audit,3,scalar_grad256,64,60,0.035612924810912876,-0.033575037204557,0.37153723094266194,0.3121978327313143,0.3,0.1,32,0.46875
audit,3,scalar_grad256,64,60,0.035612924810912876,-0.033575037204557,0.37153723094266194,0.3121978327313143,0.3,0.2,1,0.0
audit,3,scalar_grad256,128,60,0.035885599255561826,-0.03350932631227705,0.3688565087040765,0.34326201722700755,0.3,0.05,46,0.391304347826087
audit,3,scalar_grad256,128,60,0.035885599255561826,-0.03350932631227705,0.3688565087040765,0.34326201722700755,0.3,0.1,32,0.46875
audit,3,scalar_grad256,128,60,0.035885599255561826,-0.03350932631227705,0.3688565087040765,0.34326201722700755,0.3,0.2,1,0.0
audit,3,scalar_grad256,192,60,0.03565161592430539,-0.033236673805448744,0.3655971461898482,0.33598221728257854,0.3,0.05,46,0.391304347826087
audit,3,scalar_grad256,192,60,0.03565161592430539,-0.033236673805448744,0.3655971461898482,0.33598221728257854,0.3,0.1,32,0.46875
audit,3,scalar_grad256,192,60,0.03565161592430539,-0.033236673805448744,0.3655971461898482,0.33598221728257854,0.3,0.2,1,0.0
audit,3,scalar_grad256,256,60,0.03560968927211232,-0.03317582085728645,0.36997673111062696,0.33059183106418455,0.3,0.05,46,0.391304347826087
audit,3,scalar_grad256,256,60,0.03560968927211232,-0.03317582085728645,0.36997673111062696,0.33059183106418455,0.3,0.1,32,0.46875
audit,3,scalar_grad256,256,60,0.03560968927211232,-0.03317582085728645,0.36997673111062696,0.33059183106418455,0.3,0.2,1,0.0
audit,3,scalar_grad256,320,60,0.03560352416502105,-0.03316505360934469,0.37274615112906506,0.32342317310364,0.3,0.05,46,0.391304347826087
audit,3,scalar_grad256,320,60,0.03560352416502105,-0.03316505360934469,0.37274615112906506,0.32342317310364,0.3,0.1,32,0.4375
audit,3,scalar_grad256,320,60,0.03560352416502105,-0.03316505360934469,0.37274615112906506,0.32342317310364,0.3,0.2,1,0.0
validation,2,full_K0,0,30,0.019439004692766403,-0.01727204637395011,0.7306974902093584,0.8941045606229142,0.3,0.05,23,0.391304347826087
validation,2,full_K0,0,30,0.019439004692766403,-0.01727204637395011,0.7306974902093584,0.8941045606229142,0.3,0.1,13,0.6153846153846154
validation,2,full_K0,0,30,0.019439004692766403,-0.01727204637395011,0.7306974902093584,0.8941045606229142,0.3,0.2,1,1.0
validation,2,full_K1,0,30,0.018569492962625292,-0.015332694517241584,0.7055645385999249,0.8812013348164627,0.3,0.05,23,0.391304347826087
validation,2,full_K1,0,30,0.018569492962625292,-0.015332694517241584,0.7055645385999249,0.8812013348164627,0.3,0.1,13,0.6153846153846154
validation,2,full_K1,0,30,0.018569492962625292,-0.015332694517241584,0.7055645385999249,0.8812013348164627,0.3,0.2,1,1.0
validation,2,full_K25,0,30,0.012634663946098752,-0.010261807011233436,0.8796469622965198,0.9136818687430479,0.3,0.05,23,0.391304347826087
validation,2,full_K25,0,30,0.012634663946098752,-0.010261807011233436,0.8796469622965198,0.9136818687430479,0.3,0.1,13,0.5384615384615384
validation,2,full_K25,0,30,0.012634663946098752,-0.010261807011233436,0.8796469622965198,0.9136818687430479,0.3,0.2,1,1.0
validation,2,full_K5,0,30,0.01598615331782235,-0.013282720744609833,0.8006064875281056,0.8616240266963293,0.3,0.05,23,0.391304347826087
validation,2,full_K5,0,30,0.01598615331782235,-0.013282720744609833,0.8006064875281056,0.8616240266963293,0.3,0.1,13,0.5384615384615384
validation,2,full_K5,0,30,0.01598615331782235,-0.013282720744609833,0.8006064875281056,0.8616240266963293,0.3,0.2,1,1.0
validation,2,gradmap_1024,4,30,0.02039385007487403,-0.017097812559869554,0.756940097879061,0.8638487208008899,0.3,0.05,23,0.391304347826087
validation,2,gradmap_1024,4,30,0.02039385007487403,-0.017097812559869554,0.756940097879061,0.8638487208008899,0.3,0.1,13,0.5384615384615384
validation,2,gradmap_1024,4,30,0.02039385007487403,-0.017097812559869554,0.756940097879061,0.8638487208008899,0.3,0.2,1,1.0
validation,2,gradmap_1024,8,30,0.020731005238162147,-0.017370476822058358,0.7322106865672002,0.8758620689655172,0.3,0.05,23,0.391304347826087
validation,2,gradmap_1024,8,30,0.020731005238162147,-0.017370476822058358,0.7322106865672002,0.8758620689655172,0.3,0.1,13,0.5384615384615384
validation,2,gradmap_1024,8,30,0.020731005238162147,-0.017370476822058358,0.7322106865672002,0.8758620689655172,0.3,0.2,1,1.0
validation,2,gradmap_1024,16,30,0.022409517731931474,-0.018098463449213238,0.6914203886736594,0.8331479421579533,0.3,0.05,23,0.391304347826087
validation,2,gradmap_1024,16,30,0.022409517731931474,-0.018098463449213238,0.6914203886736594,0.8331479421579533,0.3,0.1,13,0.5384615384615384
validation,2,gradmap_1024,16,30,0.022409517731931474,-0.018098463449213238,0.6914203886736594,0.8331479421579533,0.3,0.2,1,1.0
validation,2,gradmap_1024,32,30,0.023508224387963614,-0.01834986127085156,0.6622318747912046,0.875417130144605,0.3,0.05,23,0.391304347826087
validation,2,gradmap_1024,32,30,0.023508224387963614,-0.01834986127085156,0.6622318747912046,0.875417130144605,0.3,0.1,13,0.5384615384615384
validation,2,gradmap_1024,32,30,0.023508224387963614,-0.01834986127085156,0.6622318747912046,0.875417130144605,0.3,0.2,1,1.0
validation,2,gradmap_1024,64,30,0.02355865819586648,-0.018230868544843463,0.6470972301081528,0.8553948832035595,0.3,0.05,23,0.391304347826087
validation,2,gradmap_1024,64,30,0.02355865819586648,-0.018230868544843463,0.6470972301081528,0.8553948832035595,0.3,0.1,13,0.5384615384615384
validation,2,gradmap_1024,64,30,0.02355865819586648,-0.018230868544843463,0.6470972301081528,0.8553948832035595,0.3,0.2,1,1.0
validation,2,gradmap_1024,128,30,0.02154334220621321,-0.018224998315175375,0.6751424715577945,0.8585094549499442,0.3,0.05,23,0.391304347826087
validation,2,gradmap_1024,128,30,0.02154334220621321,-0.018224998315175375,0.6751424715577945,0.8585094549499442,0.3,0.1,13,0.5384615384615384
validation,2,gradmap_1024,128,30,0.02154334220621321,-0.018224998315175375,0.6751424715577945,0.8585094549499442,0.3,0.2,1,1.0
validation,2,gradmap_1024,192,30,0.02001203861501482,-0.017087911897235446,0.7303046912154119,0.8665183537263625,0.3,0.05,23,0.391304347826087
validation,2,gradmap_1024,192,30,0.02001203861501482,-0.017087911897235446,0.7303046912154119,0.8665183537263625,0.3,0.1,13,0.5384615384615384
validation,2,gradmap_1024,192,30,0.02001203861501482,-0.017087911897235446,0.7303046912154119,0.8665183537263625,0.3,0.2,1,1.0
validation,2,gradmap_1024,256,30,0.020948278572824268,-0.01834394766224755,0.6993945876250725,0.8687430478309233,0.3,0.05,23,0.391304347826087
validation,2,gradmap_1024,256,30,0.020948278572824268,-0.01834394766224755,0.6993945876250725,0.8687430478309233,0.3,0.1,13,0.5384615384615384
validation,2,gradmap_1024,256,30,0.020948278572824268,-0.01834394766224755,0.6993945876250725,0.8687430478309233,0.3,0.2,1,1.0
validation,2,gradmap_1024,320,30,0.020819773938920764,-0.018407256404558817,0.725297964052721,0.9132369299221357,0.3,0.05,23,0.391304347826087
validation,2,gradmap_1024,320,30,0.020819773938920764,-0.018407256404558817,0.725297964052721,0.9132369299221357,0.3,0.1,13,0.5384615384615384
validation,2,gradmap_1024,320,30,0.020819773938920764,-0.018407256404558817,0.725297964052721,0.9132369299221357,0.3,0.2,1,1.0
validation,2,gradmap_256,4,30,0.02103706316815482,-0.01816590577363968,0.7588709267761651,0.8745272525027808,0.3,0.05,23,0.391304347826087
validation,2,gradmap_256,4,30,0.02103706316815482,-0.01816590577363968,0.7588709267761651,0.8745272525027808,0.3,0.1,13,0.6153846153846154
validation,2,gradmap_256,4,30,0.02103706316815482,-0.01816590577363968,0.7588709267761651,0.8745272525027808,0.3,0.2,1,1.0
validation,2,gradmap_256,8,30,0.021184594763649835,-0.0189896865023507,0.744359330025547,0.8745272525027808,0.3,0.05,23,0.391304347826087
validation,2,gradmap_256,8,30,0.021184594763649835,-0.0189896865023507,0.744359330025547,0.8745272525027808,0.3,0.1,13,0.6153846153846154
validation,2,gradmap_256,8,30,0.021184594763649835,-0.0189896865023507,0.744359330025547,0.8745272525027808,0.3,0.2,1,1.0
validation,2,gradmap_256,16,30,0.021518303785059187,-0.018279090027014413,0.7028692872808632,0.8691879866518354,0.3,0.05,23,0.391304347826087
validation,2,gradmap_256,16,30,0.021518303785059187,-0.018279090027014413,0.7028692872808632,0.8691879866518354,0.3,0.1,13,0.6153846153846154
validation,2,gradmap_256,16,30,0.021518303785059187,-0.018279090027014413,0.7028692872808632,0.8691879866518354,0.3,0.2,1,1.0
validation,2,gradmap_256,32,30,0.022280408607588873,-0.019597708185513815,0.7256689690036826,0.8936596218020022,0.3,0.05,23,0.391304347826087
validation,2,gradmap_256,32,30,0.022280408607588873,-0.019597708185513815,0.7256689690036826,0.8936596218020022,0.3,0.1,13,0.5384615384615384
validation,2,gradmap_256,32,30,0.022280408607588873,-0.019597708185513815,0.7256689690036826,0.8936596218020022,0.3,0.2,1,1.0
validation,2,gradmap_256,64,30,0.0223564980758561,-0.01995130396551556,0.6865789014947983,0.874972191323693,0.3,0.05,23,0.391304347826087
validation,2,gradmap_256,64,30,0.0223564980758561,-0.01995130396551556,0.6865789014947983,0.874972191323693,0.3,0.1,13,0.5384615384615384
validation,2,gradmap_256,64,30,0.0223564980758561,-0.01995130396551556,0.6865789014947983,0.874972191323693,0.3,0.2,1,1.0
validation,2,gradmap_256,128,30,0.021439058581988017,-0.01989116436905331,0.6987780704826744,0.8776418242491658,0.3,0.05,23,0.391304347826087
validation,2,gradmap_256,128,30,0.021439058581988017,-0.01989116436905331,0.6987780704826744,0.8776418242491658,0.3,0.1,13,0.5384615384615384
validation,2,gradmap_256,128,30,0.021439058581988017,-0.01989116436905331,0.6987780704826744,0.8776418242491658,0.3,0.2,1,1.0
validation,2,gradmap_256,192,30,0.019735242591963874,-0.017993557453155517,0.7505585659456342,0.8625139043381533,0.3,0.05,23,0.391304347826087
validation,2,gradmap_256,192,30,0.019735242591963874,-0.017993557453155517,0.7505585659456342,0.8625139043381533,0.3,0.1,13,0.5384615384615384
validation,2,gradmap_256,192,30,0.019735242591963874,-0.017993557453155517,0.7505585659456342,0.8625139043381533,0.3,0.2,1,1.0
validation,2,gradmap_256,256,30,0.019738057255744935,-0.01821403900782267,0.7509544023587134,0.8540600667408231,0.3,0.05,23,0.391304347826087
validation,2,gradmap_256,256,30,0.019738057255744935,-0.01821403900782267,0.7509544023587134,0.8540600667408231,0.3,0.1,13,0.5384615384615384
validation,2,gradmap_256,256,30,0.019738057255744935,-0.01821403900782267,0.7509544023587134,0.8540600667408231,0.3,0.2,1,1.0
validation,2,gradmap_256,320,30,0.02058123466041353,-0.019392923017342887,0.7423676585961108,0.9007786429365963,0.3,0.05,23,0.391304347826087
validation,2,gradmap_256,320,30,0.02058123466041353,-0.019392923017342887,0.7423676585961108,0.9007786429365963,0.3,0.1,13,0.5384615384615384
validation,2,gradmap_256,320,30,0.02058123466041353,-0.019392923017342887,0.7423676585961108,0.9007786429365963,0.3,0.2,1,1.0
validation,2,gradmask_1024,4,30,0.02139525810877482,-0.016501879029803806,0.7723226241665091,0.8607341490545051,0.3,0.05,23,0.391304347826087
validation,2,gradmask_1024,4,30,0.02139525810877482,-0.016501879029803806,0.7723226241665091,0.8607341490545051,0.3,0.1,13,0.6153846153846154
validation,2,gradmask_1024,4,30,0.02139525810877482,-0.016501879029803806,0.7723226241665091,0.8607341490545051,0.3,0.2,1,1.0
validation,2,gradmask_1024,8,30,0.021328323417239718,-0.017895787292056615,0.7750371514593205,0.8700778642936596,0.3,0.05,23,0.391304347826087
validation,2,gradmask_1024,8,30,0.021328323417239718,-0.017895787292056615,0.7750371514593205,0.8700778642936596,0.3,0.1,13,0.5384615384615384
validation,2,gradmask_1024,8,30,0.021328323417239718,-0.017895787292056615,0.7750371514593205,0.8700778642936596,0.3,0.2,1,1.0
validation,2,gradmask_1024,16,30,0.020697203112973107,-0.017765535083081988,0.7789187619551751,0.8696329254727476,0.3,0.05,23,0.391304347826087
validation,2,gradmask_1024,16,30,0.020697203112973107,-0.017765535083081988,0.7789187619551751,0.8696329254727476,0.3,0.1,13,0.5384615384615384
validation,2,gradmask_1024,16,30,0.020697203112973107,-0.017765535083081988,0.7789187619551751,0.8696329254727476,0.3,0.2,1,1.0
validation,2,gradmask_1024,32,30,0.020160450869136388,-0.018189644151263767,0.7776801761382033,0.8745272525027808,0.3,0.05,23,0.391304347826087
validation,2,gradmask_1024,32,30,0.020160450869136388,-0.018189644151263767,0.7776801761382033,0.8745272525027808,0.3,0.1,13,0.5384615384615384
validation,2,gradmask_1024,32,30,0.020160450869136388,-0.018189644151263767,0.7776801761382033,0.8745272525027808,0.3,0.2,1,1.0
validation,2,gradmask_1024,64,30,0.019140613244639504,-0.01735187189446555,0.7910662622224853,0.8794215795328141,0.3,0.05,23,0.391304347826087
validation,2,gradmask_1024,64,30,0.019140613244639504,-0.01735187189446555,0.7910662622224853,0.8794215795328141,0.3,0.1,13,0.5384615384615384
validation,2,gradmask_1024,64,30,0.019140613244639504,-0.01735187189446555,0.7910662622224853,0.8794215795328141,0.3,0.2,1,1.0
validation,2,gradmask_1024,128,30,0.01822895242108239,-0.01657560368378957,0.7989753007353451,0.8780867630700778,0.3,0.05,23,0.391304347826087
validation,2,gradmask_1024,128,30,0.01822895242108239,-0.01657560368378957,0.7989753007353451,0.8780867630700778,0.3,0.1,13,0.5384615384615384
validation,2,gradmask_1024,128,30,0.01822895242108239,-0.01657560368378957,0.7989753007353451,0.8780867630700778,0.3,0.2,1,1.0
validation,2,gradmask_1024,192,30,0.01755729036198722,-0.015821982257895998,0.8031679771191649,0.8887652947719689,0.3,0.05,23,0.391304347826087
validation,2,gradmask_1024,192,30,0.01755729036198722,-0.015821982257895998,0.8031679771191649,0.8887652947719689,0.3,0.1,13,0.5384615384615384
validation,2,gradmask_1024,192,30,0.01755729036198722,-0.015821982257895998,0.8031679771191649,0.8887652947719689,0.3,0.2,1,1.0
validation,2,gradmask_1024,256,30,0.019306738509072198,-0.01699369152386983,0.7721777509715863,0.8860956618464961,0.3,0.05,23,0.391304347826087
validation,2,gradmask_1024,256,30,0.019306738509072198,-0.01699369152386983,0.7721777509715863,0.8860956618464961,0.3,0.1,13,0.5384615384615384
validation,2,gradmask_1024,256,30,0.019306738509072198,-0.01699369152386983,0.7721777509715863,0.8860956618464961,0.3,0.2,1,1.0
validation,2,gradmask_1024,320,30,0.019223788877328236,-0.01707122243112988,0.7725792052354582,0.8883203559510566,0.3,0.05,23,0.391304347826087
validation,2,gradmask_1024,320,30,0.019223788877328236,-0.01707122243112988,0.7725792052354582,0.8883203559510566,0.3,0.1,13,0.5384615384615384
validation,2,gradmask_1024,320,30,0.019223788877328236,-0.01707122243112988,0.7725792052354582,0.8883203559510566,0.3,0.2,1,1.0
validation,2,gradmask_256,4,30,0.02167882869640986,-0.01725157317188051,0.7728380602755477,0.8580645161290322,0.3,0.05,23,0.391304347826087
validation,2,gradmask_256,4,30,0.02167882869640986,-0.01725157317188051,0.7728380602755477,0.8580645161290322,0.3,0.1,13,0.6153846153846154
validation,2,gradmask_256,4,30,0.02167882869640986,-0.01725157317188051,0.7728380602755477,0.8580645161290322,0.3,0.2,1,1.0
validation,2,gradmask_256,8,30,0.0217575223909484,-0.018764513896571265,0.7670033955382513,0.8785317018909901,0.3,0.05,23,0.391304347826087
validation,2,gradmask_256,8,30,0.0217575223909484,-0.018764513896571265,0.7670033955382513,0.8785317018909901,0.3,0.1,13,0.6153846153846154
validation,2,gradmask_256,8,30,0.0217575223909484,-0.018764513896571265,0.7670033955382513,0.8785317018909901,0.3,0.2,1,1.0
validation,2,gradmask_256,16,30,0.020733114580313364,-0.01807702034711838,0.7763950792817793,0.8736373748609566,0.3,0.05,23,0.391304347826087
validation,2,gradmask_256,16,30,0.020733114580313364,-0.01807702034711838,0.7763950792817793,0.8736373748609566,0.3,0.1,13,0.5384615384615384
validation,2,gradmask_256,16,30,0.020733114580313364,-0.01807702034711838,0.7763950792817793,0.8736373748609566,0.3,0.2,1,1.0
validation,2,gradmask_256,32,30,0.02021537141667472,-0.018381461997826896,0.7869665138212574,0.885650723025584,0.3,0.05,23,0.391304347826087
validation,2,gradmask_256,32,30,0.02021537141667472,-0.018381461997826896,0.7869665138212574,0.885650723025584,0.3,0.1,13,0.5384615384615384
validation,2,gradmask_256,32,30,0.02021537141667472,-0.018381461997826896,0.7869665138212574,0.885650723025584,0.3,0.2,1,1.0
validation,2,gradmask_256,64,30,0.019171099695894454,-0.017463343176576825,0.796654809579292,0.8865406006674084,0.3,0.05,23,0.391304347826087
validation,2,gradmask_256,64,30,0.019171099695894454,-0.017463343176576825,0.796654809579292,0.8865406006674084,0.3,0.1,13,0.5384615384615384
validation,2,gradmask_256,64,30,0.019171099695894454,-0.017463343176576825,0.796654809579292,0.8865406006674084,0.3,0.2,1,1.0
validation,2,gradmask_256,128,30,0.01842590702904595,-0.01695044934749603,0.7988690756358717,0.8816462736373749,0.3,0.05,23,0.391304347826087
validation,2,gradmask_256,128,30,0.01842590702904595,-0.01695044934749603,0.7988690756358717,0.8816462736373749,0.3,0.1,13,0.5384615384615384
validation,2,gradmask_256,128,30,0.01842590702904595,-0.01695044934749603,0.7988690756358717,0.8816462736373749,0.3,0.2,1,1.0
validation,2,gradmask_256,192,30,0.017973035077253976,-0.016423548426893024,0.7912771960688996,0.8794215795328141,0.3,0.05,23,0.391304347826087
validation,2,gradmask_256,192,30,0.017973035077253976,-0.016423548426893024,0.7912771960688996,0.8794215795328141,0.3,0.1,13,0.5384615384615384
validation,2,gradmask_256,192,30,0.017973035077253976,-0.016423548426893024,0.7912771960688996,0.8794215795328141,0.3,0.2,1,1.0
validation,2,gradmask_256,256,30,0.019375054207113055,-0.017835974858866798,0.773859050830935,0.8896551724137931,0.3,0.05,23,0.391304347826087
validation,2,gradmask_256,256,30,0.019375054207113055,-0.017835974858866798,0.773859050830935,0.8896551724137931,0.3,0.1,13,0.5384615384615384
validation,2,gradmask_256,256,30,0.019375054207113055,-0.017835974858866798,0.773859050830935,0.8896551724137931,0.3,0.2,1,1.0
validation,2,gradmask_256,320,30,0.01938760495848126,-0.01798714515235689,0.7758100484192311,0.8972191323692991,0.3,0.05,23,0.391304347826087
validation,2,gradmask_256,320,30,0.01938760495848126,-0.01798714515235689,0.7758100484192311,0.8972191323692991,0.3,0.1,13,0.5384615384615384
validation,2,gradmask_256,320,30,0.01938760495848126,-0.01798714515235689,0.7758100484192311,0.8972191323692991,0.3,0.2,1,1.0
validation,2,maskmap,4,30,0.022960772613684337,-0.017630100084675682,0.7430621084436179,0.8411568409343715,0.3,0.05,23,0.391304347826087
validation,2,maskmap,4,30,0.022960772613684337,-0.017630100084675682,0.7430621084436179,0.8411568409343715,0.3,0.1,13,0.6153846153846154
validation,2,maskmap,4,30,0.022960772613684337,-0.017630100084675682,0.7430621084436179,0.8411568409343715,0.3,0.2,1,1.0
validation,2,maskmap,8,30,0.023269911607106526,-0.019505795505311754,0.7177272919883201,0.8536151279199109,0.3,0.05,23,0.391304347826087
validation,2,maskmap,8,30,0.023269911607106526,-0.019505795505311754,0.7177272919883201,0.8536151279199109,0.3,0.1,13,0.5384615384615384
validation,2,maskmap,8,30,0.023269911607106526,-0.019505795505311754,0.7177272919883201,0.8536151279199109,0.3,0.2,1,1.0
validation,2,maskmap,16,30,0.022847021619478863,-0.019751480552885267,0.7328768440135126,0.8611790878754171,0.3,0.05,23,0.391304347826087
validation,2,maskmap,16,30,0.022847021619478863,-0.019751480552885267,0.7328768440135126,0.8611790878754171,0.3,0.1,13,0.5384615384615384
validation,2,maskmap,16,30,0.022847021619478863,-0.019751480552885267,0.7328768440135126,0.8611790878754171,0.3,0.2,1,1.0
validation,2,maskmap,32,30,0.021828141808509827,-0.01972378624810113,0.7512784789542166,0.8807563959955507,0.3,0.05,23,0.391304347826087
validation,2,maskmap,32,30,0.021828141808509827,-0.01972378624810113,0.7512784789542166,0.8807563959955507,0.3,0.1,13,0.46153846153846156
validation,2,maskmap,32,30,0.021828141808509827,-0.01972378624810113,0.7512784789542166,0.8807563959955507,0.3,0.2,1,1.0
validation,2,maskmap,64,30,0.020839371118280624,-0.018907406760586633,0.775442761610994,0.8758620689655172,0.3,0.05,23,0.391304347826087
validation,2,maskmap,64,30,0.020839371118280624,-0.018907406760586633,0.775442761610994,0.8758620689655172,0.3,0.1,13,0.46153846153846156
validation,2,maskmap,64,30,0.020839371118280624,-0.018907406760586633,0.775442761610994,0.8758620689655172,0.3,0.2,1,1.0
validation,2,maskmap,128,30,0.020691500438584223,-0.018776447905434503,0.7708840841675804,0.8740823136818686,0.3,0.05,23,0.391304347826087
validation,2,maskmap,128,30,0.020691500438584223,-0.018776447905434503,0.7708840841675804,0.8740823136818686,0.3,0.1,13,0.46153846153846156
validation,2,maskmap,128,30,0.020691500438584223,-0.018776447905434503,0.7708840841675804,0.8740823136818686,0.3,0.2,1,1.0
validation,2,maskmap,192,30,0.020687391857306163,-0.01877079788181517,0.7702526492136432,0.8714126807563959,0.3,0.05,23,0.391304347826087
validation,2,maskmap,192,30,0.020687391857306163,-0.01877079788181517,0.7702526492136432,0.8714126807563959,0.3,0.1,13,0.46153846153846156
validation,2,maskmap,192,30,0.020687391857306163,-0.01877079788181517,0.7702526492136432,0.8714126807563959,0.3,0.2,1,1.0
validation,2,maskmap,256,30,0.020689449376530118,-0.018782452079984878,0.7712379963861618,0.8714126807563959,0.3,0.05,23,0.391304347826087
validation,2,maskmap,256,30,0.020689449376530118,-0.018782452079984878,0.7712379963861618,0.8714126807563959,0.3,0.1,13,0.46153846153846156
validation,2,maskmap,256,30,0.020689449376530118,-0.018782452079984878,0.7712379963861618,0.8714126807563959,0.3,0.2,1,1.0
validation,2,maskmap,320,30,0.020695465637577903,-0.01878886537419425,0.7715098606412785,0.8714126807563959,0.3,0.05,23,0.391304347826087
validation,2,maskmap,320,30,0.020695465637577903,-0.01878886537419425,0.7715098606412785,0.8714126807563959,0.3,0.1,13,0.46153846153846156
validation,2,maskmap,320,30,0.020695465637577903,-0.01878886537419425,0.7715098606412785,0.8714126807563959,0.3,0.2,1,1.0
validation,2,projected_teacher,4,30,0.019820352726512485,-0.012716797325346205,0.779250147200864,0.8433815350389321,0.3,0.05,23,0.391304347826087
validation,2,projected_teacher,4,30,0.019820352726512485,-0.012716797325346205,0.779250147200864,0.8433815350389321,0.3,0.1,13,0.6153846153846154
validation,2,projected_teacher,4,30,0.019820352726512485,-0.012716797325346205,0.779250147200864,0.8433815350389321,0.3,0.2,1,1.0
validation,2,projected_teacher,8,30,0.01972488131788042,-0.015965888566441006,0.7877327974923044,0.867853170189099,0.3,0.05,23,0.391304347826087
validation,2,projected_teacher,8,30,0.01972488131788042,-0.015965888566441006,0.7877327974923044,0.867853170189099,0.3,0.1,13,0.6153846153846154
validation,2,projected_teacher,8,30,0.01972488131788042,-0.015965888566441006,0.7877327974923044,0.867853170189099,0.3,0.2,1,1.0
validation,2,projected_teacher,16,30,0.020332744552029505,-0.017871396905846066,0.7872085424532963,0.8518353726362626,0.3,0.05,23,0.391304347826087
validation,2,projected_teacher,16,30,0.020332744552029505,-0.017871396905846066,0.7872085424532963,0.8518353726362626,0.3,0.1,13,0.46153846153846156
validation,2,projected_teacher,16,30,0.020332744552029505,-0.017871396905846066,0.7872085424532963,0.8518353726362626,0.3,0.2,1,1.0
validation,2,projected_teacher,32,30,0.019911736415492164,-0.018095655077033573,0.7737441389722657,0.8847608453837598,0.3,0.05,23,0.391304347826087
validation,2,projected_teacher,32,30,0.019911736415492164,-0.018095655077033573,0.7737441389722657,0.8847608453837598,0.3,0.1,13,0.5384615384615384
validation,2,projected_teacher,32,30,0.019911736415492164,-0.018095655077033573,0.7737441389722657,0.8847608453837598,0.3,0.2,1,1.0
validation,2,projected_teacher,64,30,0.017888510723908742,-0.015715655187765756,0.7941153851792805,0.8785317018909901,0.3,0.05,23,0.391304347826087
validation,2,projected_teacher,64,30,0.017888510723908742,-0.015715655187765756,0.7941153851792805,0.8785317018909901,0.3,0.1,13,0.5384615384615384
validation,2,projected_teacher,64,30,0.017888510723908742,-0.015715655187765756,0.7941153851792805,0.8785317018909901,0.3,0.2,1,1.0
validation,2,projected_teacher,128,30,0.01706936988565657,-0.014974759022394816,0.8194465761982862,0.8807563959955507,0.3,0.05,23,0.391304347826087
validation,2,projected_teacher,128,30,0.01706936988565657,-0.014974759022394816,0.8194465761982862,0.8807563959955507,0.3,0.1,13,0.5384615384615384
validation,2,projected_teacher,128,30,0.01706936988565657,-0.014974759022394816,0.8194465761982862,0.8807563959955507,0.3,0.2,1,1.0
validation,2,projected_teacher,192,30,0.016487525072362688,-0.014462720188829634,0.8267933720665227,0.892769744160178,0.3,0.05,23,0.391304347826087
validation,2,projected_teacher,192,30,0.016487525072362688,-0.014462720188829634,0.8267933720665227,0.892769744160178,0.3,0.1,13,0.5384615384615384
validation,2,projected_teacher,192,30,0.016487525072362688,-0.014462720188829634,0.8267933720665227,0.892769744160178,0.3,0.2,1,1.0
validation,2,projected_teacher,256,30,0.016331516040696038,-0.014322150084707472,0.8276130492013234,0.8878754171301446,0.3,0.05,23,0.391304347826087
validation,2,projected_teacher,256,30,0.016331516040696038,-0.014322150084707472,0.8276130492013234,0.8878754171301446,0.3,0.1,13,0.5384615384615384
validation,2,projected_teacher,256,30,0.016331516040696038,-0.014322150084707472,0.8276130492013234,0.8878754171301446,0.3,0.2,1,1.0
validation,2,projected_teacher,320,30,0.016053592330879635,-0.014048395388656192,0.8327596941822931,0.8878754171301446,0.3,0.05,23,0.391304347826087
validation,2,projected_teacher,320,30,0.016053592330879635,-0.014048395388656192,0.8327596941822931,0.8878754171301446,0.3,0.1,13,0.5384615384615384
validation,2,projected_teacher,320,30,0.016053592330879635,-0.014048395388656192,0.8327596941822931,0.8878754171301446,0.3,0.2,1,1.0
validation,2,scalar_grad1024,4,30,0.020475141207377114,-0.016933790511555143,0.7086117434958944,0.8580645161290322,0.3,0.05,23,0.391304347826087
validation,2,scalar_grad1024,4,30,0.020475141207377114,-0.016933790511555143,0.7086117434958944,0.8580645161290322,0.3,0.1,13,0.5384615384615384
validation,2,scalar_grad1024,4,30,0.020475141207377114,-0.016933790511555143,0.7086117434958944,0.8580645161290322,0.3,0.2,1,1.0
validation,2,scalar_grad1024,8,30,0.019669886098967658,-0.01707894802093506,0.7332213638760527,0.8945494994438264,0.3,0.05,23,0.391304347826087
validation,2,scalar_grad1024,8,30,0.019669886098967658,-0.01707894802093506,0.7332213638760527,0.8945494994438264,0.3,0.1,13,0.5384615384615384
validation,2,scalar_grad1024,8,30,0.019669886098967658,-0.01707894802093506,0.7332213638760527,0.8945494994438264,0.3,0.2,1,1.0
validation,2,scalar_grad1024,16,30,0.020910982125335268,-0.01787733617756102,0.6987806611039216,0.8531701890989989,0.3,0.05,23,0.391304347826087
validation,2,scalar_grad1024,16,30,0.020910982125335268,-0.01787733617756102,0.6987806611039216,0.8531701890989989,0.3,0.1,13,0.5384615384615384
validation,2,scalar_grad1024,16,30,0.020910982125335268,-0.01787733617756102,0.6987806611039216,0.8531701890989989,0.3,0.2,1,1.0
validation,2,scalar_grad1024,32,30,0.022254253096050686,-0.017724172274271647,0.6543180980809448,0.8402669632925472,0.3,0.05,23,0.391304347826087
validation,2,scalar_grad1024,32,30,0.022254253096050686,-0.017724172274271647,0.6543180980809448,0.8402669632925472,0.3,0.1,13,0.5384615384615384
validation,2,scalar_grad1024,32,30,0.022254253096050686,-0.017724172274271647,0.6543180980809448,0.8402669632925472,0.3,0.2,1,1.0
validation,2,scalar_grad1024,64,30,0.021762120723724365,-0.016803319917784797,0.6686143007980138,0.8576195773081201,0.3,0.05,23,0.391304347826087
validation,2,scalar_grad1024,64,30,0.021762120723724365,-0.016803319917784797,0.6686143007980138,0.8576195773081201,0.3,0.1,13,0.5384615384615384
validation,2,scalar_grad1024,64,30,0.021762120723724365,-0.016803319917784797,0.6686143007980138,0.8576195773081201,0.3,0.2,1,1.0
validation,2,scalar_grad1024,128,30,0.0219917141728931,-0.016633504297998217,0.6613656589547544,0.8407119021134594,0.3,0.05,23,0.391304347826087
validation,2,scalar_grad1024,128,30,0.0219917141728931,-0.016633504297998217,0.6613656589547544,0.8407119021134594,0.3,0.1,13,0.6153846153846154
validation,2,scalar_grad1024,128,30,0.0219917141728931,-0.016633504297998217,0.6613656589547544,0.8407119021134594,0.3,0.2,1,1.0
validation,2,scalar_grad1024,192,30,0.022349651157855987,-0.016531450715329913,0.6402954272606239,0.8353726362625139,0.3,0.05,23,0.391304347826087
validation,2,scalar_grad1024,192,30,0.022349651157855987,-0.016531450715329913,0.6402954272606239,0.8353726362625139,0.3,0.1,13,0.6153846153846154
validation,2,scalar_grad1024,192,30,0.022349651157855987,-0.016531450715329913,0.6402954272606239,0.8353726362625139,0.3,0.2,1,1.0
validation,2,scalar_grad1024,256,30,0.023046277463436127,-0.017084389759434594,0.624472242897012,0.8424916573971077,0.3,0.05,23,0.391304347826087
validation,2,scalar_grad1024,256,30,0.023046277463436127,-0.017084389759434594,0.624472242897012,0.8424916573971077,0.3,0.1,13,0.6153846153846154
validation,2,scalar_grad1024,256,30,0.023046277463436127,-0.017084389759434594,0.624472242897012,0.8424916573971077,0.3,0.2,1,1.0
validation,2,scalar_grad1024,320,30,0.023214955793486702,-0.016939992043707105,0.62137623899744,0.8407119021134594,0.3,0.05,23,0.391304347826087
validation,2,scalar_grad1024,320,30,0.023214955793486702,-0.016939992043707105,0.62137623899744,0.8407119021134594,0.3,0.1,13,0.6153846153846154
validation,2,scalar_grad1024,320,30,0.023214955793486702,-0.016939992043707105,0.62137623899744,0.8407119021134594,0.3,0.2,1,1.0
validation,2,scalar_grad256,4,30,0.02061968015299903,-0.01601875490612454,0.6686508283573307,0.8731924360400445,0.3,0.05,23,0.391304347826087
validation,2,scalar_grad256,4,30,0.02061968015299903,-0.01601875490612454,0.6686508283573307,0.8731924360400445,0.3,0.1,13,0.6153846153846154
validation,2,scalar_grad256,4,30,0.02061968015299903,-0.01601875490612454,0.6686508283573307,0.8731924360400445,0.3,0.2,1,1.0
validation,2,scalar_grad256,8,30,0.02019667774438858,-0.016567775441540613,0.6969647750110732,0.8589543937708565,0.3,0.05,23,0.391304347826087
validation,2,scalar_grad256,8,30,0.02019667774438858,-0.016567775441540613,0.6969647750110732,0.8589543937708565,0.3,0.1,13,0.6153846153846154
validation,2,scalar_grad256,8,30,0.02019667774438858,-0.016567775441540613,0.6969647750110732,0.8589543937708565,0.3,0.2,1,1.0
validation,2,scalar_grad256,16,30,0.021512948473294578,-0.017942346135775247,0.6285727880786017,0.8077864293659621,0.3,0.05,23,0.391304347826087
validation,2,scalar_grad256,16,30,0.021512948473294578,-0.017942346135775247,0.6285727880786017,0.8077864293659621,0.3,0.1,13,0.5384615384615384
validation,2,scalar_grad256,16,30,0.021512948473294578,-0.017942346135775247,0.6285727880786017,0.8077864293659621,0.3,0.2,1,1.0
validation,2,scalar_grad256,32,30,0.02230405675040351,-0.01696153614256117,0.58657078043074,0.7303670745272525,0.3,0.05,23,0.391304347826087
validation,2,scalar_grad256,32,30,0.02230405675040351,-0.01696153614256117,0.58657078043074,0.7303670745272525,0.3,0.1,13,0.5384615384615384
validation,2,scalar_grad256,32,30,0.02230405675040351,-0.01696153614256117,0.58657078043074,0.7303670745272525,0.3,0.2,1,1.0
validation,2,scalar_grad256,64,30,0.020892940792772506,-0.015568724440203772,0.6245686857709054,0.868298109010011,0.3,0.05,23,0.391304347826087
validation,2,scalar_grad256,64,30,0.020892940792772506,-0.015568724440203772,0.6245686857709054,0.868298109010011,0.3,0.1,13,0.5384615384615384
validation,2,scalar_grad256,64,30,0.020892940792772506,-0.015568724440203772,0.6245686857709054,0.868298109010011,0.3,0.2,1,1.0
validation,2,scalar_grad256,128,30,0.02078998370303048,-0.01467720948987537,0.6187499461931755,0.8055617352614016,0.3,0.05,23,0.391304347826087
validation,2,scalar_grad256,128,30,0.02078998370303048,-0.01467720948987537,0.6187499461931755,0.8055617352614016,0.3,0.1,13,0.5384615384615384
validation,2,scalar_grad256,128,30,0.02078998370303048,-0.01467720948987537,0.6187499461931755,0.8055617352614016,0.3,0.2,1,1.0
validation,2,scalar_grad256,192,30,0.02081526584095425,-0.014466955595546298,0.6101801641092263,0.803337041156841,0.3,0.05,23,0.391304347826087
validation,2,scalar_grad256,192,30,0.02081526584095425,-0.014466955595546298,0.6101801641092263,0.803337041156841,0.3,0.1,13,0.6153846153846154
validation,2,scalar_grad256,192,30,0.02081526584095425,-0.014466955595546298,0.6101801641092263,0.803337041156841,0.3,0.2,1,1.0
validation,2,scalar_grad256,256,30,0.021002483864625294,-0.014371858206060198,0.6093320586114603,0.7939933259176863,0.3,0.05,23,0.391304347826087
validation,2,scalar_grad256,256,30,0.021002483864625294,-0.014371858206060198,0.6093320586114603,0.7939933259176863,0.3,0.1,13,0.6153846153846154
validation,2,scalar_grad256,256,30,0.021002483864625294,-0.014371858206060198,0.6093320586114603,0.7939933259176863,0.3,0.2,1,1.0
validation,2,scalar_grad256,320,30,0.021072615186373392,-0.01413815783129798,0.6093567115874535,0.7650723025583982,0.3,0.05,23,0.391304347826087
validation,2,scalar_grad256,320,30,0.021072615186373392,-0.01413815783129798,0.6093567115874535,0.7650723025583982,0.3,0.1,13,0.6153846153846154
validation,2,scalar_grad256,320,30,0.021072615186373392,-0.01413815783129798,0.6093567115874535,0.7650723025583982,0.3,0.2,1,1.0
validation,3,full_K0,0,40,0.02729995052019755,-0.025710626939932504,0.5329051485580641,0.5827392120075048,0.3,0.05,32,0.375
validation,3,full_K0,0,40,0.02729995052019755,-0.025710626939932504,0.5329051485580641,0.5827392120075048,0.3,0.1,22,0.5454545454545454
validation,3,full_K0,0,40,0.02729995052019755,-0.025710626939932504,0.5329051485580641,0.5827392120075048,0.3,0.2,1,0.0
validation,3,full_K1,0,40,0.024008772025505703,-0.022650016099214555,0.6255113208776588,0.653095684803002,0.3,0.05,32,0.375
validation,3,full_K1,0,40,0.024008772025505703,-0.022650016099214555,0.6255113208776588,0.653095684803002,0.3,0.1,22,0.5454545454545454
validation,3,full_K1,0,40,0.024008772025505703,-0.022650016099214555,0.6255113208776588,0.653095684803002,0.3,0.2,1,0.0
validation,3,full_K25,0,40,0.016455438857277235,-0.01519014152387778,0.8012724664603578,0.7075046904315199,0.3,0.05,32,0.375
validation,3,full_K25,0,40,0.016455438857277235,-0.01519014152387778,0.8012724664603578,0.7075046904315199,0.3,0.1,22,0.5454545454545454
validation,3,full_K25,0,40,0.016455438857277235,-0.01519014152387778,0.8012724664603578,0.7075046904315199,0.3,0.2,1,0.0
validation,3,full_K5,0,40,0.021836813787619272,-0.020363564789295196,0.6617407915654148,0.6418386491557224,0.3,0.05,32,0.375
validation,3,full_K5,0,40,0.021836813787619272,-0.020363564789295196,0.6617407915654148,0.6418386491557224,0.3,0.1,22,0.5454545454545454
validation,3,full_K5,0,40,0.021836813787619272,-0.020363564789295196,0.6617407915654148,0.6418386491557224,0.3,0.2,1,0.0
validation,3,gradmap_1024,4,40,0.02591164360443751,-0.02325492600599925,0.5107415830797877,0.550093808630394,0.3,0.05,32,0.375
validation,3,gradmap_1024,4,40,0.02591164360443751,-0.02325492600599925,0.5107415830797877,0.550093808630394,0.3,0.1,22,0.5454545454545454
validation,3,gradmap_1024,4,40,0.02591164360443751,-0.02325492600599925,0.5107415830797877,0.550093808630394,0.3,0.2,1,0.0
validation,3,gradmap_1024,8,40,0.025415117417772613,-0.02259824114541213,0.5634825889001254,0.5551594746716699,0.3,0.05,32,0.375
validation,3,gradmap_1024,8,40,0.025415117417772613,-0.02259824114541213,0.5634825889001254,0.5551594746716699,0.3,0.1,22,0.5454545454545454
validation,3,gradmap_1024,8,40,0.025415117417772613,-0.02259824114541213,0.5634825889001254,0.5551594746716699,0.3,0.2,1,0.0
validation,3,gradmap_1024,16,40,0.026793793216347693,-0.024107798064748446,0.5751691630606034,0.6168855534709194,0.3,0.05,32,0.375
validation,3,gradmap_1024,16,40,0.026793793216347693,-0.024107798064748446,0.5751691630606034,0.6168855534709194,0.3,0.1,22,0.5454545454545454
validation,3,gradmap_1024,16,40,0.026793793216347693,-0.024107798064748446,0.5751691630606034,0.6168855534709194,0.3,0.2,1,0.0
validation,3,gradmap_1024,32,40,0.02902547592918078,-0.02674170459310214,0.5590336763614424,0.5821763602251407,0.3,0.05,32,0.375
validation,3,gradmap_1024,32,40,0.02902547592918078,-0.02674170459310214,0.5590336763614424,0.5821763602251407,0.3,0.1,22,0.5454545454545454
validation,3,gradmap_1024,32,40,0.02902547592918078,-0.02674170459310214,0.5590336763614424,0.5821763602251407,0.3,0.2,1,0.0
validation,3,gradmap_1024,64,40,0.02784484401345253,-0.025251615792512894,0.5525919166315826,0.6679174484052534,0.3,0.05,32,0.375
validation,3,gradmap_1024,64,40,0.02784484401345253,-0.025251615792512894,0.5525919166315826,0.6679174484052534,0.3,0.1,22,0.5454545454545454
validation,3,gradmap_1024,64,40,0.02784484401345253,-0.025251615792512894,0.5525919166315826,0.6679174484052534,0.3,0.2,1,0.0
validation,3,gradmap_1024,128,40,0.026954130083322526,-0.025213159124056497,0.6082644672936948,0.6495309568480301,0.3,0.05,32,0.375
validation,3,gradmap_1024,128,40,0.026954130083322526,-0.025213159124056497,0.6082644672936948,0.6495309568480301,0.3,0.1,22,0.5454545454545454
validation,3,gradmap_1024,128,40,0.026954130083322526,-0.025213159124056497,0.6082644672936948,0.6495309568480301,0.3,0.2,1,0.0
validation,3,gradmap_1024,192,40,0.02708806035419305,-0.025257067754864693,0.589515145465041,0.6602251407129457,0.3,0.05,32,0.375
validation,3,gradmap_1024,192,40,0.02708806035419305,-0.025257067754864693,0.589515145465041,0.6602251407129457,0.3,0.1,22,0.5454545454545454
validation,3,gradmap_1024,192,40,0.02708806035419305,-0.025257067754864693,0.589515145465041,0.6602251407129457,0.3,0.2,1,0.0
validation,3,gradmap_1024,256,40,0.02814609246949355,-0.02630893203119437,0.5624912651530605,0.6358348968105066,0.3,0.05,32,0.375
validation,3,gradmap_1024,256,40,0.02814609246949355,-0.02630893203119437,0.5624912651530605,0.6358348968105066,0.3,0.1,22,0.5454545454545454
validation,3,gradmap_1024,256,40,0.02814609246949355,-0.02630893203119437,0.5624912651530605,0.6358348968105066,0.3,0.2,1,0.0
validation,3,gradmap_1024,320,40,0.02520005516707897,-0.023278925692041715,0.6008525427627724,0.6549718574108819,0.3,0.05,32,0.375
validation,3,gradmap_1024,320,40,0.02520005516707897,-0.023278925692041715,0.6008525427627724,0.6549718574108819,0.3,0.1,22,0.5454545454545454
validation,3,gradmap_1024,320,40,0.02520005516707897,-0.023278925692041715,0.6008525427627724,0.6549718574108819,0.3,0.2,1,0.0
validation,3,gradmap_256,4,40,0.026333953688542047,-0.02405875101685524,0.5126401373269849,0.576735459662289,0.3,0.05,32,0.375
validation,3,gradmap_256,4,40,0.026333953688542047,-0.02405875101685524,0.5126401373269849,0.576735459662289,0.3,0.1,22,0.5454545454545454
validation,3,gradmap_256,4,40,0.026333953688542047,-0.02405875101685524,0.5126401373269849,0.576735459662289,0.3,0.2,1,0.0
validation,3,gradmap_256,8,40,0.02672476917505264,-0.02427118793129921,0.563004722242718,0.5894934333958725,0.3,0.05,32,0.375
validation,3,gradmap_256,8,40,0.02672476917505264,-0.02427118793129921,0.563004722242718,0.5894934333958725,0.3,0.1,22,0.5454545454545454
validation,3,gradmap_256,8,40,0.02672476917505264,-0.02427118793129921,0.563004722242718,0.5894934333958725,0.3,0.2,1,0.0
validation,3,gradmap_256,16,40,0.027108233173688254,-0.024793481330076854,0.5753181437419433,0.6358348968105066,0.3,0.05,32,0.375
validation,3,gradmap_256,16,40,0.027108233173688254,-0.024793481330076854,0.5753181437419433,0.6358348968105066,0.3,0.1,22,0.5454545454545454
validation,3,gradmap_256,16,40,0.027108233173688254,-0.024793481330076854,0.5753181437419433,0.6358348968105066,0.3,0.2,1,0.0
validation,3,gradmap_256,32,40,0.028541523218154907,-0.026535112410783768,0.5375014648501079,0.6005628517823641,0.3,0.05,32,0.375
validation,3,gradmap_256,32,40,0.028541523218154907,-0.026535112410783768,0.5375014648501079,0.6005628517823641,0.3,0.1,22,0.5454545454545454
validation,3,gradmap_256,32,40,0.028541523218154907,-0.026535112410783768,0.5375014648501079,0.6005628517823641,0.3,0.2,1,0.0
validation,3,gradmap_256,64,40,0.028999706481893858,-0.02607248363395532,0.5402201181428739,0.7242026266416511,0.3,0.05,32,0.375
validation,3,gradmap_256,64,40,0.028999706481893858,-0.02607248363395532,0.5402201181428739,0.7242026266416511,0.3,0.1,22,0.5454545454545454
validation,3,gradmap_256,64,40,0.028999706481893858,-0.02607248363395532,0.5402201181428739,0.7242026266416511,0.3,0.2,1,0.0
validation,3,gradmap_256,128,40,0.027291198323170344,-0.025425187001625698,0.572255955972031,0.6140712945590995,0.3,0.05,32,0.375
validation,3,gradmap_256,128,40,0.027291198323170344,-0.025425187001625698,0.572255955972031,0.6140712945590995,0.3,0.1,22,0.5454545454545454
validation,3,gradmap_256,128,40,0.027291198323170344,-0.025425187001625698,0.572255955972031,0.6140712945590995,0.3,0.2,1,0.0
validation,3,gradmap_256,192,40,0.027665752669175467,-0.02573587621251742,0.5671963636994952,0.6729831144465293,0.3,0.05,32,0.375
validation,3,gradmap_256,192,40,0.027665752669175467,-0.02573587621251742,0.5671963636994952,0.6729831144465293,0.3,0.1,22,0.5454545454545454
validation,3,gradmap_256,192,40,0.027665752669175467,-0.02573587621251742,0.5671963636994952,0.6729831144465293,0.3,0.2,1,0.0
validation,3,gradmap_256,256,40,0.028891599426666897,-0.026994366198778152,0.5101590067665223,0.6549718574108819,0.3,0.05,32,0.375
validation,3,gradmap_256,256,40,0.028891599426666897,-0.026994366198778152,0.5101590067665223,0.6549718574108819,0.3,0.1,22,0.5454545454545454
validation,3,gradmap_256,256,40,0.028891599426666897,-0.026994366198778152,0.5101590067665223,0.6549718574108819,0.3,0.2,1,0.0
validation,3,gradmap_256,320,40,0.025649181753396987,-0.024307897935311,0.6292686817217088,0.654784240150094,0.3,0.05,32,0.375
validation,3,gradmap_256,320,40,0.025649181753396987,-0.024307897935311,0.6292686817217088,0.654784240150094,0.3,0.1,22,0.5454545454545454
validation,3,gradmap_256,320,40,0.025649181753396987,-0.024307897935311,0.6292686817217088,0.654784240150094,0.3,0.2,1,0.0
validation,3,gradmask_1024,4,40,0.025305460765957834,-0.023504044984777768,0.5829586933971067,0.5968105065666042,0.3,0.05,32,0.375
validation,3,gradmask_1024,4,40,0.025305460765957834,-0.023504044984777768,0.5829586933971067,0.5968105065666042,0.3,0.1,22,0.5454545454545454
validation,3,gradmask_1024,4,40,0.025305460765957834,-0.023504044984777768,0.5829586933971067,0.5968105065666042,0.3,0.2,1,0.0
validation,3,gradmask_1024,8,40,0.02561932864288489,-0.023838592196504273,0.6347614355965087,0.5838649155722327,0.3,0.05,32,0.375
validation,3,gradmask_1024,8,40,0.02561932864288489,-0.023838592196504273,0.6347614355965087,0.5838649155722327,0.3,0.1,22,0.5454545454545454
validation,3,gradmask_1024,8,40,0.02561932864288489,-0.023838592196504273,0.6347614355965087,0.5838649155722327,0.3,0.2,1,0.0
validation,3,gradmask_1024,16,40,0.026825512200593947,-0.02516479343175888,0.6324874456920386,0.5789868667917448,0.3,0.05,32,0.375
validation,3,gradmask_1024,16,40,0.026825512200593947,-0.02516479343175888,0.6324874456920386,0.5789868667917448,0.3,0.1,22,0.5454545454545454
validation,3,gradmask_1024,16,40,0.026825512200593947,-0.02516479343175888,0.6324874456920386,0.5789868667917448,0.3,0.2,1,0.0
validation,3,gradmask_1024,32,40,0.02738246793548266,-0.025631218403577804,0.6053250014105963,0.6155722326454034,0.3,0.05,32,0.375
validation,3,gradmask_1024,32,40,0.02738246793548266,-0.025631218403577804,0.6053250014105963,0.6155722326454034,0.3,0.1,22,0.5454545454545454
validation,3,gradmask_1024,32,40,0.02738246793548266,-0.025631218403577804,0.6053250014105963,0.6155722326454034,0.3,0.2,1,0.0
validation,3,gradmask_1024,64,40,0.02618027354280154,-0.024534668773412704,0.5901495883228659,0.6682926829268294,0.3,0.05,32,0.375
validation,3,gradmask_1024,64,40,0.02618027354280154,-0.024534668773412704,0.5901495883228659,0.6682926829268294,0.3,0.1,22,0.5454545454545454
validation,3,gradmask_1024,64,40,0.02618027354280154,-0.024534668773412704,0.5901495883228659,0.6682926829268294,0.3,0.2,1,0.0
validation,3,gradmask_1024,128,40,0.026530253887176513,-0.025221324215332668,0.5994599585935703,0.6467166979362102,0.3,0.05,32,0.375
validation,3,gradmask_1024,128,40,0.026530253887176513,-0.025221324215332668,0.5994599585935703,0.6467166979362102,0.3,0.1,22,0.5454545454545454
validation,3,gradmask_1024,128,40,0.026530253887176513,-0.025221324215332668,0.5994599585935703,0.6467166979362102,0.3,0.2,1,0.0
validation,3,gradmask_1024,192,40,0.026297913491725923,-0.025021130591630934,0.6161588157934713,0.6330206378986868,0.3,0.05,32,0.375
validation,3,gradmask_1024,192,40,0.026297913491725923,-0.025021130591630934,0.6161588157934713,0.6330206378986868,0.3,0.1,22,0.5454545454545454
validation,3,gradmask_1024,192,40,0.026297913491725923,-0.025021130591630934,0.6161588157934713,0.6330206378986868,0.3,0.2,1,0.0
validation,3,gradmask_1024,256,40,0.024712592735886572,-0.022851806009809177,0.6018790934932199,0.6540337711069419,0.3,0.05,32,0.375
validation,3,gradmask_1024,256,40,0.024712592735886572,-0.022851806009809177,0.6018790934932199,0.6540337711069419,0.3,0.1,22,0.5454545454545454
validation,3,gradmask_1024,256,40,0.024712592735886572,-0.022851806009809177,0.6018790934932199,0.6540337711069419,0.3,0.2,1,0.0
validation,3,gradmask_1024,320,40,0.024548920368154845,-0.022726481283704438,0.606940351303608,0.6480300187617262,0.3,0.05,32,0.375
validation,3,gradmask_1024,320,40,0.024548920368154845,-0.022726481283704438,0.606940351303608,0.6480300187617262,0.3,0.1,22,0.5454545454545454
validation,3,gradmask_1024,320,40,0.024548920368154845,-0.022726481283704438,0.606940351303608,0.6480300187617262,0.3,0.2,1,0.0
validation,3,gradmask_256,4,40,0.025683146590987842,-0.02396858073771,0.5810883510779127,0.5814258911819887,0.3,0.05,32,0.375
validation,3,gradmask_256,4,40,0.025683146590987842,-0.02396858073771,0.5810883510779127,0.5814258911819887,0.3,0.1,22,0.5454545454545454
validation,3,gradmask_256,4,40,0.025683146590987842,-0.02396858073771,0.5810883510779127,0.5814258911819887,0.3,0.2,1,0.0
validation,3,gradmask_256,8,40,0.02624368406832218,-0.024442164475719133,0.6248986167718454,0.5857410881801126,0.3,0.05,32,0.375
validation,3,gradmask_256,8,40,0.02624368406832218,-0.024442164475719133,0.6248986167718454,0.5857410881801126,0.3,0.1,22,0.5454545454545454
validation,3,gradmask_256,8,40,0.02624368406832218,-0.024442164475719133,0.6248986167718454,0.5857410881801126,0.3,0.2,1,0.0
validation,3,gradmask_256,16,40,0.027397452915708224,-0.025661259517073633,0.6295042513205352,0.5810506566604129,0.3,0.05,32,0.375
validation,3,gradmask_256,16,40,0.027397452915708224,-0.025661259517073633,0.6295042513205352,0.5810506566604129,0.3,0.1,22,0.5454545454545454
validation,3,gradmask_256,16,40,0.027397452915708224,-0.025661259517073633,0.6295042513205352,0.5810506566604129,0.3,0.2,1,0.0
validation,3,gradmask_256,32,40,0.02754365230600039,-0.02587521051367124,0.615247244996723,0.6386491557223266,0.3,0.05,32,0.375
validation,3,gradmask_256,32,40,0.02754365230600039,-0.02587521051367124,0.615247244996723,0.6386491557223266,0.3,0.1,22,0.5454545454545454
validation,3,gradmask_256,32,40,0.02754365230600039,-0.02587521051367124,0.615247244996723,0.6386491557223266,0.3,0.2,1,0.0
validation,3,gradmask_256,64,40,0.026219850654403368,-0.0244831928362449,0.5893970893970892,0.6833020637898688,0.3,0.05,32,0.375
validation,3,gradmask_256,64,40,0.026219850654403368,-0.0244831928362449,0.5893970893970892,0.6833020637898688,0.3,0.1,22,0.5454545454545454
validation,3,gradmask_256,64,40,0.026219850654403368,-0.0244831928362449,0.5893970893970892,0.6833020637898688,0.3,0.2,1,0.0
validation,3,gradmask_256,128,40,0.02590143692990144,-0.024445107455054918,0.6069544572676097,0.6592870544090058,0.3,0.05,32,0.375
validation,3,gradmask_256,128,40,0.02590143692990144,-0.024445107455054918,0.6069544572676097,0.6592870544090058,0.3,0.1,22,0.5454545454545454
validation,3,gradmask_256,128,40,0.02590143692990144,-0.024445107455054918,0.6069544572676097,0.6592870544090058,0.3,0.2,1,0.0
validation,3,gradmask_256,192,40,0.026402294014890988,-0.025156383340557417,0.6080689369311498,0.6540337711069419,0.3,0.05,32,0.375
validation,3,gradmask_256,192,40,0.026402294014890988,-0.025156383340557417,0.6080689369311498,0.6540337711069419,0.3,0.1,22,0.5454545454545454
validation,3,gradmask_256,192,40,0.026402294014890988,-0.025156383340557417,0.6080689369311498,0.6540337711069419,0.3,0.2,1,0.0
validation,3,gradmask_256,256,40,0.025078068052728972,-0.023743407055735587,0.6262277614052144,0.6718574108818012,0.3,0.05,32,0.375
validation,3,gradmask_256,256,40,0.025078068052728972,-0.023743407055735587,0.6262277614052144,0.6718574108818012,0.3,0.1,22,0.5454545454545454
validation,3,gradmask_256,256,40,0.025078068052728972,-0.023743407055735587,0.6262277614052144,0.6718574108818012,0.3,0.2,1,0.0
validation,3,gradmask_256,320,40,0.02495911531150341,-0.023687349384029707,0.6359477471690416,0.6514071294559101,0.3,0.05,32,0.375
validation,3,gradmask_256,320,40,0.02495911531150341,-0.023687349384029707,0.6359477471690416,0.6514071294559101,0.3,0.1,22,0.5454545454545454
validation,3,gradmask_256,320,40,0.02495911531150341,-0.023687349384029707,0.6359477471690416,0.6514071294559101,0.3,0.2,1,0.0
validation,3,maskmap,4,40,0.02678959195812543,-0.024965364982684455,0.5534330661157383,0.5523452157598501,0.3,0.05,32,0.375
validation,3,maskmap,4,40,0.02678959195812543,-0.024965364982684455,0.5534330661157383,0.5523452157598501,0.3,0.1,22,0.5
validation,3,maskmap,4,40,0.02678959195812543,-0.024965364982684455,0.5534330661157383,0.5523452157598501,0.3,0.2,1,0.0
validation,3,maskmap,8,40,0.027452309802174567,-0.025517586742838223,0.5924051319667185,0.5803001876172609,0.3,0.05,32,0.375
validation,3,maskmap,8,40,0.027452309802174567,-0.025517586742838223,0.5924051319667185,0.5803001876172609,0.3,0.1,22,0.5
validation,3,maskmap,8,40,0.027452309802174567,-0.025517586742838223,0.5924051319667185,0.5803001876172609,0.3,0.2,1,0.0
validation,3,maskmap,16,40,0.029164029036959013,-0.027290818219383558,0.588308543005829,0.5819887429643528,0.3,0.05,32,0.375
validation,3,maskmap,16,40,0.029164029036959013,-0.027290818219383558,0.588308543005829,0.5819887429643528,0.3,0.1,22,0.5
validation,3,maskmap,16,40,0.029164029036959013,-0.027290818219383558,0.588308543005829,0.5819887429643528,0.3,0.2,1,0.0
validation,3,maskmap,32,40,0.029873532180984815,-0.02820320539176464,0.580673852751097,0.5893058161350845,0.3,0.05,32,0.375
validation,3,maskmap,32,40,0.029873532180984815,-0.02820320539176464,0.580673852751097,0.5893058161350845,0.3,0.1,22,0.5454545454545454
validation,3,maskmap,32,40,0.029873532180984815,-0.02820320539176464,0.580673852751097,0.5893058161350845,0.3,0.2,1,0.0
validation,3,maskmap,64,40,0.030046335607767104,-0.028595620145400364,0.5750388069999982,0.6118198874296437,0.3,0.05,32,0.375
validation,3,maskmap,64,40,0.030046335607767104,-0.028595620145400364,0.5750388069999982,0.6118198874296437,0.3,0.1,22,0.5454545454545454
validation,3,maskmap,64,40,0.030046335607767104,-0.028595620145400364,0.5750388069999982,0.6118198874296437,0.3,0.2,1,0.0
validation,3,maskmap,128,40,0.030153195932507516,-0.028682077303528786,0.5770346225461047,0.6052532833020638,0.3,0.05,32,0.375
validation,3,maskmap,128,40,0.030153195932507516,-0.028682077303528786,0.5770346225461047,0.6052532833020638,0.3,0.1,22,0.5454545454545454
validation,3,maskmap,128,40,0.030153195932507516,-0.028682077303528786,0.5770346225461047,0.6052532833020638,0.3,0.2,1,0.0
validation,3,maskmap,192,40,0.030133894830942153,-0.028641218443711598,0.5762695367601421,0.602439024390244,0.3,0.05,32,0.375
validation,3,maskmap,192,40,0.030133894830942153,-0.028641218443711598,0.5762695367601421,0.602439024390244,0.3,0.1,22,0.5454545454545454
validation,3,maskmap,192,40,0.030133894830942153,-0.028641218443711598,0.5762695367601421,0.602439024390244,0.3,0.2,1,0.0
validation,3,maskmap,256,40,0.030137859905759495,-0.02865244758625825,0.5764872026354281,0.5990619136960601,0.3,0.05,32,0.375
validation,3,maskmap,256,40,0.030137859905759495,-0.02865244758625825,0.5764872026354281,0.5990619136960601,0.3,0.1,22,0.5454545454545454
validation,3,maskmap,256,40,0.030137859905759495,-0.02865244758625825,0.5764872026354281,0.5990619136960601,0.3,0.2,1,0.0
validation,3,maskmap,320,40,0.030135952308773993,-0.028651848807930945,0.5764874196502588,0.5990619136960601,0.3,0.05,32,0.375
validation,3,maskmap,320,40,0.030135952308773993,-0.028651848807930945,0.5764874196502588,0.5990619136960601,0.3,0.1,22,0.5454545454545454
validation,3,maskmap,320,40,0.030135952308773993,-0.028651848807930945,0.5764874196502588,0.5990619136960601,0.3,0.2,1,0.0
validation,3,projected_teacher,4,40,0.023579213271538415,-0.020569940904776256,0.5384680489064622,0.4782363977485929,0.3,0.05,32,0.375
validation,3,projected_teacher,4,40,0.023579213271538415,-0.020569940904776256,0.5384680489064622,0.4782363977485929,0.3,0.1,22,0.5
validation,3,projected_teacher,4,40,0.023579213271538415,-0.020569940904776256,0.5384680489064622,0.4782363977485929,0.3,0.2,1,0.0
validation,3,projected_teacher,8,40,0.023975744595130286,-0.02183889995018641,0.6023246628674603,0.5378986866791745,0.3,0.05,32,0.375
validation,3,projected_teacher,8,40,0.023975744595130286,-0.02183889995018641,0.6023246628674603,0.5378986866791745,0.3,0.1,22,0.5454545454545454
validation,3,projected_teacher,8,40,0.023975744595130286,-0.02183889995018641,0.6023246628674603,0.5378986866791745,0.3,0.2,1,0.0
validation,3,projected_teacher,16,40,0.026096853117148083,-0.02437689925233523,0.6152184905316429,0.5879924953095685,0.3,0.05,32,0.375
validation,3,projected_teacher,16,40,0.026096853117148083,-0.02437689925233523,0.6152184905316429,0.5879924953095685,0.3,0.1,22,0.5454545454545454
validation,3,projected_teacher,16,40,0.026096853117148083,-0.02437689925233523,0.6152184905316429,0.5879924953095685,0.3,0.2,1,0.0
validation,3,projected_teacher,32,40,0.025790016725659372,-0.02429764432211717,0.6075513565597073,0.602626641651032,0.3,0.05,32,0.375
validation,3,projected_teacher,32,40,0.025790016725659372,-0.02429764432211717,0.6075513565597073,0.602626641651032,0.3,0.1,22,0.5454545454545454
validation,3,projected_teacher,32,40,0.025790016725659372,-0.02429764432211717,0.6075513565597073,0.602626641651032,0.3,0.2,1,0.0
validation,3,projected_teacher,64,40,0.02369762969513734,-0.0224995502581199,0.6376265739000603,0.6795497185741088,0.3,0.05,32,0.375
validation,3,projected_teacher,64,40,0.02369762969513734,-0.0224995502581199,0.6376265739000603,0.6795497185741088,0.3,0.1,22,0.5454545454545454
validation,3,projected_teacher,64,40,0.02369762969513734,-0.0224995502581199,0.6376265739000603,0.6795497185741088,0.3,0.2,1,0.0
validation,3,projected_teacher,128,40,0.02325716850658258,-0.022101821626226106,0.6475509876344948,0.6679174484052534,0.3,0.05,32,0.375
validation,3,projected_teacher,128,40,0.02325716850658258,-0.022101821626226106,0.6475509876344948,0.6679174484052534,0.3,0.1,22,0.5454545454545454
validation,3,projected_teacher,128,40,0.02325716850658258,-0.022101821626226106,0.6475509876344948,0.6679174484052534,0.3,0.2,1,0.0
validation,3,projected_teacher,192,40,0.02295380880435308,-0.021813745548327764,0.660336958927773,0.6621013133208257,0.3,0.05,32,0.375
validation,3,projected_teacher,192,40,0.02295380880435308,-0.021813745548327764,0.660336958927773,0.6621013133208257,0.3,0.1,22,0.5454545454545454
validation,3,projected_teacher,192,40,0.02295380880435308,-0.021813745548327764,0.660336958927773,0.6621013133208257,0.3,0.2,1,0.0
validation,3,projected_teacher,256,40,0.022831667587161063,-0.021653979395826656,0.6689586326329541,0.6671669793621015,0.3,0.05,32,0.375
validation,3,projected_teacher,256,40,0.022831667587161063,-0.021653979395826656,0.6689586326329541,0.6671669793621015,0.3,0.1,22,0.5454545454545454
validation,3,projected_teacher,256,40,0.022831667587161063,-0.021653979395826656,0.6689586326329541,0.6671669793621015,0.3,0.2,1,0.0
validation,3,projected_teacher,320,40,0.02276536114513874,-0.021614333366354307,0.6701723965815823,0.675046904315197,0.3,0.05,32,0.375
validation,3,projected_teacher,320,40,0.02276536114513874,-0.021614333366354307,0.6701723965815823,0.675046904315197,0.3,0.1,22,0.5454545454545454
validation,3,projected_teacher,320,40,0.02276536114513874,-0.021614333366354307,0.6701723965815823,0.675046904315197,0.3,0.2,1,0.0
validation,3,scalar_grad1024,4,40,0.030370903884371123,-0.02823851046462854,0.5262716555054149,0.4868667917448406,0.3,0.05,32,0.375
validation,3,scalar_grad1024,4,40,0.030370903884371123,-0.02823851046462854,0.5262716555054149,0.4868667917448406,0.3,0.1,22,0.5454545454545454
validation,3,scalar_grad1024,4,40,0.030370903884371123,-0.02823851046462854,0.5262716555054149,0.4868667917448406,0.3,0.2,1,0.0
validation,3,scalar_grad1024,8,40,0.0292285164197286,-0.027251454691092174,0.5130644013211862,0.5249530956848031,0.3,0.05,32,0.375
validation,3,scalar_grad1024,8,40,0.0292285164197286,-0.027251454691092174,0.5130644013211862,0.5249530956848031,0.3,0.1,22,0.5454545454545454
validation,3,scalar_grad1024,8,40,0.0292285164197286,-0.027251454691092174,0.5130644013211862,0.5249530956848031,0.3,0.2,1,0.0
validation,3,scalar_grad1024,16,40,0.03068254590034485,-0.028881447513898213,0.5334503549670995,0.5637898686679175,0.3,0.05,32,0.375
validation,3,scalar_grad1024,16,40,0.03068254590034485,-0.028881447513898213,0.5334503549670995,0.5637898686679175,0.3,0.1,22,0.5454545454545454
validation,3,scalar_grad1024,16,40,0.03068254590034485,-0.028881447513898213,0.5334503549670995,0.5637898686679175,0.3,0.2,1,0.0
validation,3,scalar_grad1024,32,40,0.0341935367633899,-0.0314065740754207,0.4517525032660732,0.5818011257035648,0.3,0.05,32,0.375
validation,3,scalar_grad1024,32,40,0.0341935367633899,-0.0314065740754207,0.4517525032660732,0.5818011257035648,0.3,0.1,22,0.5454545454545454
validation,3,scalar_grad1024,32,40,0.0341935367633899,-0.0314065740754207,0.4517525032660732,0.5818011257035648,0.3,0.2,1,0.0
validation,3,scalar_grad1024,64,40,0.03668826830883821,-0.03383161115149657,0.4211028048380964,0.8000000000000002,0.3,0.05,32,0.375
validation,3,scalar_grad1024,64,40,0.03668826830883821,-0.03383161115149657,0.4211028048380964,0.8000000000000002,0.3,0.1,22,0.5454545454545454
validation,3,scalar_grad1024,64,40,0.03668826830883821,-0.03383161115149657,0.4211028048380964,0.8000000000000002,0.3,0.2,1,0.0
validation,3,scalar_grad1024,128,40,0.036865295842289925,-0.03437410530944665,0.40647463747672513,0.7497185741088181,0.3,0.05,32,0.375
validation,3,scalar_grad1024,128,40,0.036865295842289925,-0.03437410530944665,0.40647463747672513,0.7497185741088181,0.3,0.1,22,0.5454545454545454
validation,3,scalar_grad1024,128,40,0.036865295842289925,-0.03437410530944665,0.40647463747672513,0.7497185741088181,0.3,0.2,1,0.0
validation,3,scalar_grad1024,192,40,0.03679563825329145,-0.034237407892942426,0.3958906071640935,0.7587242026266419,0.3,0.05,32,0.375
validation,3,scalar_grad1024,192,40,0.03679563825329145,-0.034237407892942426,0.3958906071640935,0.7587242026266419,0.3,0.1,22,0.5454545454545454
validation,3,scalar_grad1024,192,40,0.03679563825329145,-0.034237407892942426,0.3958906071640935,0.7587242026266419,0.3,0.2,1,0.0
validation,3,scalar_grad1024,256,40,0.036837047338485716,-0.03430695210893949,0.37861362245495855,0.727767354596623,0.3,0.05,32,0.375
validation,3,scalar_grad1024,256,40,0.036837047338485716,-0.03430695210893949,0.37861362245495855,0.727767354596623,0.3,0.1,22,0.5454545454545454
validation,3,scalar_grad1024,256,40,0.036837047338485716,-0.03430695210893949,0.37861362245495855,0.727767354596623,0.3,0.2,1,0.0
validation,3,scalar_grad1024,320,40,0.03701903248826663,-0.034409234672784804,0.3698779174898199,0.7230769230769232,0.3,0.05,32,0.375
validation,3,scalar_grad1024,320,40,0.03701903248826663,-0.034409234672784804,0.3698779174898199,0.7230769230769232,0.3,0.1,22,0.5454545454545454
validation,3,scalar_grad1024,320,40,0.03701903248826663,-0.034409234672784804,0.3698779174898199,0.7230769230769232,0.3,0.2,1,0.0
validation,3,scalar_grad256,4,40,0.03009106864531835,-0.02795793811480204,0.5143102431626833,0.4966228893058163,0.3,0.05,32,0.375
validation,3,scalar_grad256,4,40,0.03009106864531835,-0.02795793811480204,0.5143102431626833,0.4966228893058163,0.3,0.1,22,0.5454545454545454
validation,3,scalar_grad256,4,40,0.03009106864531835,-0.02795793811480204,0.5143102431626833,0.4966228893058163,0.3,0.2,1,0.0
validation,3,scalar_grad256,8,40,0.029499509806434312,-0.027152506137887635,0.5151372867052725,0.5196998123827393,0.3,0.05,32,0.375
validation,3,scalar_grad256,8,40,0.029499509806434312,-0.027152506137887635,0.5151372867052725,0.5196998123827393,0.3,0.1,22,0.5454545454545454
validation,3,scalar_grad256,8,40,0.029499509806434312,-0.027152506137887635,0.5151372867052725,0.5196998123827393,0.3,0.2,1,0.0
validation,3,scalar_grad256,16,40,0.030149911964933076,-0.0276440542191267,0.5462830784855836,0.5482176360225142,0.3,0.05,32,0.375
validation,3,scalar_grad256,16,40,0.030149911964933076,-0.0276440542191267,0.5462830784855836,0.5482176360225142,0.3,0.1,22,0.5454545454545454
validation,3,scalar_grad256,16,40,0.030149911964933076,-0.0276440542191267,0.5462830784855836,0.5482176360225142,0.3,0.2,1,0.0
validation,3,scalar_grad256,32,40,0.031706456343332926,-0.02871697172522545,0.5094364558873953,0.554033771106942,0.3,0.05,32,0.375
validation,3,scalar_grad256,32,40,0.031706456343332926,-0.02871697172522545,0.5094364558873953,0.554033771106942,0.3,0.1,22,0.5454545454545454
validation,3,scalar_grad256,32,40,0.031706456343332926,-0.02871697172522545,0.5094364558873953,0.554033771106942,0.3,0.2,1,0.0
validation,3,scalar_grad256,64,40,0.033233235900600754,-0.029931611195206643,0.5252802746539699,0.6787992495309569,0.3,0.05,32,0.375
validation,3,scalar_grad256,64,40,0.033233235900600754,-0.029931611195206643,0.5252802746539699,0.6787992495309569,0.3,0.1,22,0.5454545454545454
validation,3,scalar_grad256,64,40,0.033233235900600754,-0.029931611195206643,0.5252802746539699,0.6787992495309569,0.3,0.2,1,0.0
validation,3,scalar_grad256,128,40,0.033129939809441566,-0.030035693074266116,0.5191272672387705,0.6979362101313322,0.3,0.05,32,0.375
validation,3,scalar_grad256,128,40,0.033129939809441566,-0.030035693074266116,0.5191272672387705,0.6979362101313322,0.3,0.1,22,0.5454545454545454
validation,3,scalar_grad256,128,40,0.033129939809441566,-0.030035693074266116,0.5191272672387705,0.6979362101313322,0.3,0.2,1,0.0
validation,3,scalar_grad256,192,40,0.03306307010352612,-0.030009336397051813,0.5064503867693018,0.7108818011257036,0.3,0.05,32,0.375
validation,3,scalar_grad256,192,40,0.03306307010352612,-0.030009336397051813,0.5064503867693018,0.7108818011257036,0.3,0.1,22,0.5454545454545454
validation,3,scalar_grad256,192,40,0.03306307010352612,-0.030009336397051813,0.5064503867693018,0.7108818011257036,0.3,0.2,1,0.0
validation,3,scalar_grad256,256,40,0.03303918664654096,-0.03016842852036158,0.5039153277483144,0.7054409005628518,0.3,0.05,32,0.375
validation,3,scalar_grad256,256,40,0.03303918664654096,-0.03016842852036158,0.5039153277483144,0.7054409005628518,0.3,0.1,22,0.5454545454545454
validation,3,scalar_grad256,256,40,0.03303918664654096,-0.03016842852036158,0.5039153277483144,0.7054409005628518,0.3,0.2,1,0.0
validation,3,scalar_grad256,320,40,0.03314041259388129,-0.03028532403210799,0.5023484804999705,0.6879924953095686,0.3,0.05,32,0.375
validation,3,scalar_grad256,320,40,0.03314041259388129,-0.03028532403210799,0.5023484804999705,0.6879924953095686,0.3,0.1,22,0.5454545454545454
validation,3,scalar_grad256,320,40,0.03314041259388129,-0.03028532403210799,0.5023484804999705,0.6879924953095686,0.3,0.2,1,0.0
