系统实际负荷,系统负荷预测,风电总出力预测,光伏总出力预测,节点电价_bus1,节点电价_bus7,节点电价_bus14,节点电价_bus24,节点电价_bus26,断面阻塞_L24-26,系统备用,Y_机组出力_bus26,Y_机组出力_bus21
138.5507894394594,138.55590260102372,22.971743377267504,0.0,3.305633690942492,3.305633691197227,3.3056336912033037,3.3056336912056423,3.305633690392601,0.0,218.88475249504663,3.324980667238786,18.605709224594552
157.69314171901254,153.47993496772415,35.21336535862386,0.0,3.379996544090434,3.379996543959631,3.3799965469199025,3.3799965565638246,3.379996534430966,0.0,213.84941009774758,7.290698726352443e-08,19.738126475539747
167.22643587371684,167.52816388280607,35.0218901903554,0.0,3.6243954710126616,3.6156212569084305,3.703172037865698,3.9925381711846146,3.3514805122078446,1.0,199.4041146352467,3.6282837737326012,21.991251925087425
161.57512418773322,158.56752491791988,41.21011431315,0.0,3.178244929955018,3.1117299725494756,3.7754288840657937,5.969035676698166,1.109350067890657,1.0,213.0809722393231,8.40563442046229e-10,23.75212617486419
173.43892908057592,173.98741711425677,35.86138059211128,0.0,3.552867317261688,3.5303724016808844,3.754830953642084,4.496694162754424,2.8531808524398548,1.0,200.30656720515384,0.6109446286769263,23.391808562982334
166.0682582194629,169.5322919326064,25.63668629792265,0.0,3.489779795037427,3.473834216986341,3.6329422326618452,4.158813856010095,2.9938052639881927,1.0,197.65751640952507,6.907451217901375,20.35972994394375
177.76810267715496,167.6287999005232,19.78627571773233,0.0,3.7813211196683914,3.7813211201403614,3.781321120430731,3.781321121925944,3.7813211173804175,0.0,179.29418527589414,13.538646226657944,22.965791679182573
191.7056428430182,190.3535939507373,35.94417125938015,4.9503952122265185,3.4669475417819773,3.4431262405370093,3.6808197224918517,4.466426008208806,2.7260049013597025,1.0,188.16547079809192,6.0329674881477465e-09,20.725292431051713
201.11037708623005,202.05610519042025,26.289634055102905,8.33845828298832,3.7988614496039674,3.7988614517462094,3.7988614501653397,3.7988614505311973,3.7988614486747787,0.0,170.39994344951728,9.64117084894792,22.104232532204435
198.75074066809796,195.5387723068331,37.44674304702899,11.122655961896905,3.617448952246209,3.5990097726342616,3.782999420811663,4.391107909786118,3.0439129230501476,1.0,184.88941329927474,3.336660165215414,21.50956043726751
202.3556888174848,193.0667385130914,38.471189516691425,16.584124704839883,3.7238533635282107,3.7216655065434736,3.7434963688393115,3.8156500626555565,3.6558017819532362,1.0,190.26283987449858,0.6048206581148362,21.321586751861616
207.37593146843375,202.34393019046652,32.161893672352456,17.45712154982142,3.623002554593077,3.6154437085436233,3.6908673271697534,3.940151695090011,3.3878906115419603,1.0,175.6158918522583,12.702719703387114,21.900876697515088
218.1058126121119,217.89301742557166,38.044619208117204,22.999974567307994,3.9025229193425033,3.8906908767872137,3.913257206345155,4.03766437579349,3.3701659194999722,1.0,176.25952839198854,6.7651843974288886,18.128385183062147
228.60863845015828,227.8425575319584,25.88134217769725,18.049544967009503,3.9832306619208477,3.9694854747821995,4.091990997211023,4.50452840041957,3.530493228490573,1.0,150.02672477838013,15.230281478797156,23.743429053498495
218.3298305575098,210.30584362735183,29.445062803264126,18.04453575656315,3.781154074905117,3.781154076894156,3.7811540747077497,3.781154070794808,3.7811540714882703,0.0,162.62123842749835,4.8936213511349305,22.892127523701177
209.95417002944944,200.2092857250911,39.21637077058835,15.121655507321524,3.6157429179867346,3.599324172340962,3.763153547185804,4.304629846122876,3.105050875408244,1.0,176.7536247627044,4.064323090270705,21.652858006132703
208.05238609253706,204.04860270948524,33.98245113064987,10.860416968505723,3.683210631182874,3.660949888228809,3.883071821387855,4.617212216819116,2.9908079189438785,1.0,166.6274219824557,12.718273327996748,22.697702951791634
202.21468832807966,194.93927338144368,35.89481219651068,2.828476927257626,3.622473630120685,3.601217419840389,3.8133159426902448,4.51432768263436,2.9613161059198485,1.0,171.20129311235877,6.307751049463893,23.479252209386694
198.48410718102247,197.35999963296308,38.40633122928472,2.3623795933834e-15,3.7367959643465474,3.726919918036021,3.825464990882401,4.151168615622377,3.4296093895833706,1.0,172.93267262219763,3.7117603601159463,22.07006934794151
197.00457515648537,200.94809982387642,29.290633824349612,0.0,3.7382218186962426,3.7347278351578006,3.769591476469715,3.8848201133260094,3.6295442109248994,1.0,164.2631243358225,12.846124927836092,21.653736415491693
176.39358935386718,177.46855981255658,33.43300050825657,0.0,3.4450141392049773,3.439997930730631,3.4900506167740004,3.6554809199511658,3.2889889541547013,1.0,193.32628979986322,3.882465872371052,20.379931975518833
169.8383242683141,163.7893903925967,28.4190430466847,0.0,3.7060243993733,3.7056020034884205,3.7098167514337264,3.7237470133722947,3.6928861066985728,1.0,194.96177854943164,5.461699421372158,22.777066753269064
162.99879911085534,167.39372206595303,24.278540164534412,0.0,3.6340741064119926,3.6340741064477022,3.6340741075415726,3.6340741109170525,3.634074102734087,0.0,194.24208138862582,13.926318247816727,21.861609569898818
168.74428882264695,164.72154799514206,26.86846818993316,0.0,3.56712005139092,3.567120051910083,3.567120051748729,3.567120051686058,3.5671200506147964,0.0,191.80209587182736,5.248826912751237,20.66554365920564
161.56300339223463,159.31806995836024,39.68868183785572,0.0,3.123617661009622,3.0476404391811713,3.8057556263698498,6.31141986002502,0.7604065897272033,1.0,213.4369966077653,9.516217326121505e-10,24.319960678516118
154.65070679447402,157.84921080917806,38.952917055288964,0.0,3.147096557149662,3.1058790221625205,3.5171554378291474,4.87647473592239,1.865057896122644,1.0,220.349293205526,5.152506401224199e-09,20.24711560068073
160.85594356876655,159.64858105196026,37.01159633723047,0.0,3.4933017393038437,3.4757940637769433,3.6504889848242663,4.227877253342744,2.9487394107091647,1.0,207.1346781929941,7.500120782753195,21.119782376655618
165.50377148243302,163.99596399444465,33.86784701834083,0.0,3.5654160580822265,3.5654160582064325,3.5654160583229384,3.5654160587748898,3.5654160573877847,0.0,202.43496837091226,1.3005204280056573e-08,19.960894463154773
153.46523092023054,152.55694283218017,27.22001172507882,0.0,3.1948878321728484,3.187486111633383,3.261341889130441,3.5054443461886926,2.9646631986702805,1.0,211.41814805638222,7.730433196235681,18.68807499907705
169.81964752148974,167.5597833135097,27.719407935916884,0.0,3.571999659233002,3.5684819822917593,3.6035820385355093,3.7195920549025034,3.462585095261531,1.0,190.53446923151145,11.00101197805441,20.977627520775215
160.52605754589908,160.40978717555714,31.67677567271309,0.0,3.436753782442419,3.4367537825948267,3.436753783556767,3.4367537860676487,3.4367537790155676,0.0,204.5429156414114,4.193092434539921,20.614739723738786
200.08462427741298,206.40005349095952,29.724914871111938,5.258290558107719,3.6427973253530483,3.6427973259759003,3.642797325707363,3.6427973259115856,3.6427973244245497,0.0,169.73359579267628,5.152359780615864,22.309663509943668
212.67164636388188,204.43555461099305,41.10937615641098,9.48008116820596,3.636940875402329,3.6176225282168786,3.8103846780723667,4.44748736793595,3.036059037027065,1.0,172.8769231093458,1.6117922522421655,22.92384663517744
226.68962753897642,212.8479887255445,25.757276208697803,12.743723756696347,3.686542817120352,7.019955100328532,3.8356520336470794,4.383367660685018,3.9430477514364624,1.0,148.18181701810516,18.642456923775715,22.829393115441263
205.37299284319656,206.38375325238795,42.99611628509463,12.472260882287076,3.7807329081983534,3.7692511650770926,3.883818188497942,4.262476337798514,3.423602403902476,1.0,179.20471200925994,3.271952754291558,23.368351046483735
230.70115371991557,226.38281856245305,22.78180088673188,11.366452599317581,3.9427915050252955,3.942089840523623,3.949091215402533,3.972231630604911,3.920966676413914,1.0,137.75222556284234,18.136003673695086,22.502233276667788
223.36948521825002,222.18737325432764,32.150317899609156,24.670322679774767,3.776242847385805,3.7761070214173715,3.767895499177227,3.7457466530211923,3.7555553792877525,0.0,167.9919389105824,9.3242969533409,21.77664592245415
215.10392378063946,218.4589489625248,23.316935513221914,18.54955687174355,3.7045512203749063,3.7045512217448278,3.7045512213310885,3.7045512199111386,3.704551218709608,0.0,163.9531106923211,12.05775618605604,21.241896253693877
215.49165280660827,215.7197734468202,20.745185759164155,10.137915272274734,3.896327572653775,3.8963275734548,3.896327573084216,3.8963275732562592,3.8963275715962773,0.0,152.1470917042073,12.561484192910394,24.098740031056003
221.81556335495162,216.1063203753833,27.723094885865144,12.544299739679307,3.7814852984968628,3.7810624762533256,3.7899137848551674,3.774034405191193,3.776305010942955,0.0,151.308079271979,14.92121640594955,23.01255828751834
208.9113819999047,209.47109624081173,22.202084907528054,6.242624330738456,3.834887734204104,3.80838390009252,4.109688757286237,4.746549397778005,3.073909510727018,1.0,155.67993540316297,16.478909483148957,23.323231010113936
202.41469443034268,190.28349826749874,36.379496094326214,5.315593562803706,3.7326861251772185,3.7195543301779095,3.8505858868759955,4.283661344012083,3.324232067588815,1.0,177.78764224479,0.7761060549850601,22.099885432842605
199.12026675785808,186.40504164246977,25.527107783546615,1.082474374366151e-15,3.8922617690150276,3.892261769865223,3.8922617697769994,3.892261770998214,3.892261766936293,0.0,159.78759318879153,14.21996891163734,23.98470797982203
187.278881178297,191.53051538200214,31.79580717273424,0.0,3.4235427870038175,3.4093416454267316,3.5510433417855696,4.0193849315603565,2.9818275655542745,1.0,181.82361043206518,5.759630818845932,20.034863007358858
178.52027367703275,179.22159703952406,35.082128191067234,0.0,3.4978115136627133,3.4791044423404514,3.6657671643552994,4.282710489701878,2.9159429292072856,1.0,196.47972632296722,1.9085910586975559,21.681459520891462
170.24872375998422,177.61218785788506,24.923903213933166,0.0,3.4433349761786185,3.4307764711009923,3.5560876333945157,3.9702564849940067,3.0527126376085723,1.0,189.80708305492604,12.523282392073046,21.457676414008958
173.4632046374586,172.63127355047058,23.01205846290757,0.0,3.6311899855741525,3.6271606529873175,3.667366109093854,3.8002501024652173,3.505860771652235,1.0,186.49597389944162,12.225464424339567,21.53323591093395
150.13674854809082,147.69150766480195,25.815186939456655,0.0,3.306667704753973,3.303681852283426,3.333475265499995,3.431946171623961,3.213795108933345,1.0,210.78459232229991,9.420557556293897,19.077465519656197
153.931052348364,151.03988961575604,28.49051666312329,0.0,3.5144333903906944,3.509409014189121,3.559543198228079,3.725242861432209,3.358154158898568,1.0,212.80328521702188,4.430484184607923,20.112640057165553
156.8884393752145,156.16320260859231,20.95953154620537,0.0,3.5164794995810142,3.5164794998390856,3.5164794996927555,3.516479499682374,3.516479499387685,0.0,197.56764775685193,1.0215934488139703e-06,19.193721522075908
150.3775532487612,147.2448721448631,38.95460716799279,0.0,3.3345753786556513,3.3324248316489062,3.353883400264324,3.4248066166195836,3.2676843204525126,1.0,224.6224467512388,1.282698831576196e-08,18.41273290357015
169.88264520924537,169.92320859393584,37.73781856734935,0.0,3.2111315868131656,3.193502397958635,3.3694098027453765,3.950805480026477,2.662789680661464,1.0,204.02317860183285,2.346547012789304e-09,20.421202959678475
170.6546255443553,163.59682114917103,27.258250589938182,0.0,3.6551742178751248,3.635381864296365,3.8328737382327533,4.485608748900397,3.039548794468175,1.0,193.4844869880864,9.774315155751177,23.621533593192023
174.92743673693448,171.40492355778645,13.987932685726236,0.0,3.7133082923870147,3.713308293027219,3.71330829260792,3.713308292586483,3.713308292214828,0.0,175.3486939011542,4.055845221744306,20.605865409977834
172.93295659547414,180.23386886159196,19.977162020035156,0.0,3.704266397691335,3.7042663982909727,3.704266397914882,3.7042663978372663,3.7042663973980092,0.0,184.67387616322281,1.8107353781297926,22.21354810105393
199.8647811217488,196.07502976125951,23.79367008363299,6.292394811610872,3.8811612147406125,3.866584082768713,4.012037493595296,4.492778961428344,3.427751075574564,1.0,168.85731303062488,13.894086009262288,24.858305242367322
197.2830038947586,197.14425129449168,18.582028614138164,10.005749473188095,3.780935498973085,3.7809355004932343,3.7809354993129913,3.780935499298074,3.780935498771031,0.0,166.67217184242696,7.510704551060436,21.20672224008528
192.9858675838373,195.61887507161774,27.289430264007823,16.560343868255902,3.5138335470051927,3.5138335474078106,3.513833548314823,3.513833550954463,3.513833542607133,0.0,187.2375820391666,14.01215065849564,19.8159769443102
221.26865156305428,213.9119504310681,18.745251430816946,19.73509116238414,3.958489993972572,3.9579870031179842,3.9275781897088806,3.845556644126193,3.881880295052198,0.0,152.76783827297496,16.887533721589826,21.679150431063086
209.5536082892735,206.36563967077842,25.524060638478826,20.17481151874463,3.894886242844906,3.8884381230322975,3.9527786979422666,4.165432237392521,3.6943225757834557,1.0,170.60424137152194,16.541973105024784,23.036550950288454
216.83896609945933,213.9692420094587,19.28157285478123,17.16537684221428,3.8410187549476573,3.8339925525933025,3.9041013501858806,4.135819578540751,3.6224742741210973,1.0,154.7994189846311,21.801428358815723,24.495738236216088
222.56083980299036,220.54532257575886,27.333612790112856,21.08185932882776,3.9243722660719045,3.923670517767546,3.8812454018456113,3.766812612252295,3.817489779081285,0.0,161.16178297498698,9.433206281165205,21.483008486173656
224.95027071646805,232.889946670694,38.89883012279867,15.07368346105506,3.581234329804343,3.5636075117839865,3.739491261952919,4.320808756451046,3.0329661603907656,1.0,161.67562627810943,8.273031319751558,21.008006165196484
225.40755191087536,221.59655446779269,25.598827691054172,15.97194625724784,3.7897971822040257,3.7868505117803206,3.816252960834374,3.9134316818396284,3.698143306140754,1.0,153.48424714881304,17.942655632005714,23.719557726563952
234.7839922818691,241.5911817769216,30.438055501409597,10.779745711244953,3.278699517467777,41.216316553604926,5.696595802629148,12.261399889370091,3.751314205572805,1.0,141.4408951430703,18.859552037602352,24.409534175846467
194.14620343338004,198.69762949671716,28.20871546366437,2.08163652739816,3.6710433227249575,3.6687872775642503,3.6912985363614776,3.765701025707466,3.6008707959342603,1.0,169.27631618208363,12.698461904439906,21.372873126838215
192.14844165191582,189.5220550050065,26.004139899821627,2.4228348941694646e-15,3.8321579827296492,3.831030084268252,3.8422844786431507,3.8794816414265108,3.7970755677690176,1.0,166.04473532743532,13.940271885175337,23.07609942724116
185.71456806241932,190.51560393341816,16.014515032033056,0.0,3.7144136790662743,3.7127044759420342,3.729759237037972,3.7861273272418288,3.6612502518512677,1.0,164.6911949262497,19.859865340798635,22.321122688957082
178.5782518074905,188.6447523658831,24.4428517513592,0.0,3.5256674252218723,3.5256674255290714,3.525667426147184,3.5256674279022646,3.5256674224058036,0.0,178.26999719699245,15.048954887644042,20.898275601839543
175.97291759651858,167.05810365125683,20.302055572301267,0.0,3.6142931286576636,3.6009969909598336,3.733668390193535,4.1721637343541484,3.2007273195174224,1.0,178.0837624980889,20.219412241462294,20.952102749921067
164.56344593542545,164.50220173030536,40.24749660711777,0.0,3.440217632625829,3.4402176327847998,3.440217633575417,3.4402176359703502,3.440217629463588,0.0,208.15049600650673,4.431346471787907e-08,20.64103196829907
147.2028157431712,137.88496382204886,38.1611570564752,0.0,3.3704578627934927,3.359450794675029,3.4692814175342663,3.832285177233984,3.0280917574000306,1.0,225.18281668425436,1.511549316535091e-08,21.10498099836497
172.39326601257818,171.1220221844346,15.930142447267421,0.0,3.630311620254909,3.6303116207605637,3.6303116203967205,3.6303116203753216,3.630311619997833,0.0,178.48791822006544,6.02823605281203,21.695747981531067
158.715776460437,151.50931325987537,32.03329878111278,0.0,3.4341306397709657,3.4341306398448537,3.4341306400308103,3.4341306404378646,3.4341306390674817,0.0,208.75037363287225,1.1916697360495326e-08,19.126005700941175
155.23033873276083,147.57679386139557,12.853160801137834,0.0,3.561917210139157,3.561917211434858,3.5619172106391126,3.561917210913748,3.5619172102588896,0.0,192.1230712218794,9.589912003083789e-08,21.466754928298453
158.8889410759145,160.82672773699633,19.202486771063914,0.0,3.252712044085619,3.2524208655798286,3.255326302645756,3.264929130320178,3.2436551597485614,1.0,196.96391575751682,17.026223025933067,19.19220288066131
170.11218206027831,165.01370038030245,25.43969859655959,0.0,3.525902105188718,3.5184120841040825,3.593148946317994,3.8401634964796676,3.292930936395934,1.0,192.26975422522884,11.105429962495377,19.919429043355212
179.20584904547397,174.9964401184332,12.206820388734466,0.0,3.702263157753578,3.702263158126397,3.702263158746354,3.702263160259489,3.7022631549990694,0.0,167.66288680507702,22.928846018686023,21.915781652313242
170.68677910377767,181.05682528429344,18.242485472534298,0.0,3.550807205791717,3.5481229614488314,3.57490686786808,3.6634309830957523,3.467315902366672,1.0,184.84322337374104,15.265157292672168,20.67480721647948
194.13799870920167,193.61680829431418,18.687045095416718,4.873685278285568,3.861099251542598,3.8610992520117646,3.8610992523340535,3.861099251137374,3.861099250703488,0.0,164.90809609386363,8.423529526781397,22.814838651406102
193.76242443346328,191.08737636757903,14.483503572699535,10.20534350128779,3.6716487133771727,3.666809277275773,3.715098095937628,3.874698597322569,3.5211218900731596,1.0,165.16437478949626,29.071671403372562,21.857138130400468
196.52199354230441,196.99986253606056,14.575342307693381,15.529147982772079,3.4971083031860775,3.4900557841155284,3.56042716712031,3.7930132705176836,3.277745289119494,1.0,167.92347783349726,28.21669674944019,20.477394798900526
218.04316128151592,217.90270288954613,8.36281954419414,13.440609891182552,3.719527222729556,3.712233264518717,3.7850137787985427,4.02556235518816,3.4926544174635574,1.0,141.12920297738796,37.294552872211554,23.537110745585764
224.48035109895628,211.22166649096206,17.840170598783224,10.86864864713845,3.9802323101131134,3.970618246646572,4.0665492146628495,4.383612900695525,3.6811944697884456,1.0,145.85744080164633,18.8145610510345,24.462258304169577
219.21812818627492,227.98834301119155,25.17452269355525,21.370882235765375,3.8673889209132675,3.867388921645362,3.8673889212536143,3.8673889208047747,3.867388918829477,0.0,163.85001571005233,10.684757499184826,22.512662625059075
221.4428551549232,215.19351721516506,29.959945171366705,22.4127050672063,3.818908232553327,3.8185637050423913,3.797734940032439,3.7415537474792058,3.766433887252995,0.0,163.23473464736153,5.9183743988183934,21.40799029457807
215.72960112301922,216.0402468401109,20.040561488366937,10.064886828552469,3.9404056686615814,3.937572131782097,3.996888901594835,3.890473741163617,3.9056901376817295,0.0,149.43879134594266,23.279331163003974,24.47391968346663
218.22097582720585,223.4936680135904,17.0948100689637,13.498269507368812,4.051110450074369,4.0434014763681185,4.120323090940012,4.374558517949815,3.81132892900442,1.0,146.47594587013214,22.998607093646203,24.537940145503576
213.26188433172723,206.58976220023985,21.623459664340203,9.575536389343902,3.753300298594205,3.7395184395657477,3.87703652532728,4.331550218239972,3.3246265753901314,1.0,152.49764085456636,24.23600241397789,24.01604235810125
213.33893587409656,220.33973204930928,19.418437175292595,3.287465018387303,3.97255272647544,3.9620756111857607,4.0666182717179735,4.4121446654125105,3.6466703549947193,1.0,146.59239034517688,20.195661265004183,24.32402601792717
203.1707749226149,203.1259252607779,33.06641380744533,2.5533518922804107e-15,3.782498800962176,3.77836956600582,3.819571872963028,3.9557505813173255,3.6540621835586706,1.0,168.81509201039233,1.529514391438583,23.53239373322652
200.55276284836373,209.33942121005424,21.930096685024054,0.0,3.7552468089826077,3.7366458393067785,3.922249867987198,4.5356940842463125,3.1766784000173742,1.0,157.22197367898062,16.99721580456757,24.740388361084015
177.68953698712923,179.7081402517634,21.034189426289856,0.0,3.3895981216966002,3.3778005679155956,3.4955188200417284,3.8845921705063238,3.0226445443098813,1.0,183.90520829594803,13.494318537150281,20.865609341802767
167.45842193014823,167.15024444603927,19.161432908799064,0.0,3.576383477287459,3.562253528065946,3.7032448578507613,4.169238597808341,3.1368826231254148,1.0,186.57628951380946,18.69715843647701,21.547312782218544
175.6811903117116,174.26161402110324,20.571665629916875,0.0,3.559079764995236,3.551580894915202,3.6264060537916083,3.873712435744804,3.3258333564308797,1.0,180.18808582677588,12.670149050308998,21.434618024875178
169.03071340832753,170.72656674635581,16.949934506459947,0.0,3.679502624726609,3.6795026253995173,3.6795026249047282,3.6795026250223164,3.679502624515612,0.0,182.926757038972,6.654646270792838,21.69929902858008
154.08273912606384,151.51611546870208,21.863224084063955,0.0,3.4121355752972744,3.411012077059876,3.422222564236156,3.4592746062704625,3.37719002983925,1.0,203.48352389299265,13.140221333705703,19.184439911676616
166.41404002786118,174.24767732120293,8.110332949895069,0.0,3.7186320276912816,3.7186320281216445,3.7186320278119216,3.7186320278793246,3.7186320275963087,0.0,176.1154207059785,10.794783033256113,21.58388512880281
156.58395865306724,159.7261216535137,19.91562924507522,0.0,3.527739514761411,3.527739515137761,3.527739514857991,3.5277395148415467,3.5277395144581454,0.0,198.15770924503977,2.7564311983126624,20.922137255936175
159.4239393962482,158.21866289502128,15.197854229102143,0.0,3.331488073702492,3.3282300045185127,3.36073964303816,3.468188009249534,3.2301484095373625,1.0,191.02555675229786,23.555439484646914,19.888374240816184
166.66781537727857,174.22701503473553,6.020375553947034,0.0,3.608490259736465,3.608490260188706,3.6084902599185837,3.60849025993358,3.6084902595680233,0.0,174.09631555096712,13.917951426178382,20.61465164290294
171.2359144726128,168.25953264473767,13.009958435641643,0.0,3.6307129188020206,3.6181948481194763,3.743102546564099,4.155937901571949,3.241348265603803,1.0,177.47031896300723,25.16813854806864,22.68887347794129
177.1992509447435,179.89278926791113,13.242136385980636,0.0,3.636554757149306,3.636554757679324,3.636554757503871,3.636554757597328,3.63655475645412,0.0,170.97170898549516,15.817299239066577,21.058663391916355
195.15458418086,188.6614784590166,0.0,5.350836217073296,3.6948302488137212,3.6948302492772354,3.6948302491565572,3.694830249390346,3.6948302478213333,0.0,144.92973467511354,33.429810287407754,21.472691417970733
213.7144551622194,211.19772864705683,7.120130038529312,7.3099514903102385,3.869030815301538,3.8690308170263523,3.8690308155353534,3.8690308154989,3.8690308149904937,0.0,135.94571080841527,24.019206341855092,23.543987048476865
205.564856727137,206.24071924380635,5.447859996812908,9.233672674162856,3.948498989076968,3.9484989894939457,3.948498989396379,3.9484989894476366,3.9484989883626955,0.0,145.04464227559203,25.306823391869266,23.508329851509743
218.54505092219597,212.94333356151563,20.267637488850188,12.951813712255209,3.836281336075324,3.8272489152287785,3.917376138240449,4.21525773101444,3.555335041192736,1.0,148.96278457482725,23.387571415914895,23.310489875426335
219.24989118333565,223.0454142799369,12.924947826112758,18.38116633859518,3.8436629177901733,3.842708307182424,3.850084133240321,3.794790396133722,3.810271565156631,0.0,146.00378681166123,22.165841528024117,22.04617136009446
229.01616908972503,224.8830484294249,14.890374743557553,18.228008163912342,3.902208402420494,3.889690141845108,4.004633047090919,4.3897334018386,3.495687044206781,1.0,138.87983300745066,27.267074372083698,24.6491734460845
214.13675065533027,207.75365737480996,15.568811394248142,23.832159504634546,3.71864613052381,3.7147652346716575,3.77868784058681,3.744444430377898,3.641295390610404,1.0,157.1394401261531,27.92996325191926,21.269632373209454
220.11689656076268,218.41245221987276,8.121039639673917,16.097932687729646,3.7939032544710396,3.7934545393134833,3.8028478636784957,3.78599609988027,3.788405748805621,0.0,140.31284025506216,30.256324253211435,22.215269751571764
221.31678616232443,223.4353750811878,10.485407256254724,7.609894113005091,3.8795885089262105,3.864649208180712,4.013716410357945,4.5064019086894085,3.414913388195137,1.0,133.48180334784564,31.09291282635746,23.721022215172656
222.25115062054283,230.78337632790482,13.119693337283548,7.620924097509306,3.856086782340051,3.8432870995599937,3.9710047960731067,4.393127548823709,3.457962743263077,1.0,134.04969292728293,26.88843622292689,24.73517528492804
220.1760368502311,230.24484997064593,33.93417701522914,4.946008235759079,3.958918353587222,3.9558679764207483,3.9863052242569728,4.086904084591322,3.864038785063997,1.0,152.85550736990075,7.854536490727777,24.713588275155328
206.07114714746757,218.14022489202537,23.319525614014537,2.3144791646267535e-15,3.6438227687219142,3.6281219397157347,3.7847878186268975,4.302587863778388,3.155460917136622,1.0,152.6212559548197,20.11078923083975,23.25033043779399
197.4099892419593,189.39574934373874,7.026282839226125,0.0,3.80051464147108,3.7863492314574425,3.927694401657432,4.39485763172665,3.359910786740043,1.0,144.59292789903802,30.491408986813457,22.576758766659445
170.7213397174478,175.63604199043073,9.808432733587232,0.0,3.6846273221247934,3.6846273226697175,3.68462732238896,3.6846273225225947,3.684627321699453,0.0,174.88658354365262,14.794570906672707,20.58302091629595
182.58970606404748,179.828011766908,23.438747265987868,0.0,3.6661597862146804,3.6641909346794064,3.683836521864543,3.7487676129538534,3.604920185312238,1.0,175.3135304015611,13.847505454085862,20.548698733655954
170.28825650926504,171.3838261633961,0.0,0.0,3.7560502350170917,3.75605023561411,3.7560502351310037,3.7560502352053406,3.756050235096288,0.0,164.711743490735,11.02474050376501,21.302275335902777
163.7945611434336,163.59715294940594,3.4826760332093762,0.0,3.676469793965714,3.6764697945639675,3.676469794034923,3.6764697942120694,3.6764697941767257,0.0,174.63149118615675,2.0838754564192388,20.42832390061252
173.48347177854848,176.10404821171164,7.747847074027784,0.0,3.695838491019286,3.69583849170957,3.695838491280887,3.695838491183706,3.695838490746403,0.0,168.25572003918967,15.993403427808014,22.045941967801326
168.08337979232212,168.3648045503743,7.998125422597334,0.0,3.5809295026838828,3.5809295033956414,3.5809295029194588,3.5809295027308785,3.5809295024011605,0.0,176.1618268361186,14.006737157116575,19.557730951930186
168.327353583089,158.49697682318586,5.300896672465642,0.0,3.613375533137776,3.613375533528211,3.613375533257143,3.6133755331201733,3.613375532845491,0.0,172.6469870578023,17.129663075163723,21.743352905342437
153.6073797008152,156.86186721202841,16.942780537228366,0.0,3.4238506735965455,3.4238506738101595,3.4238506746277055,3.4238506764382506,3.423850670462871,0.0,198.5410988926945,19.158473283221227,19.91555100447198
164.70577238906924,162.87087506006796,0.7830981661159088,0.0,3.441936036010992,3.441936036276662,3.44193603717677,3.441936040087802,3.4419360322368204,0.0,171.12228872149157,33.73474656088078,18.80727778520509
176.94287351235056,188.92755335307947,12.083987420406698,0.0,3.532729841795613,3.532652669930136,3.5334227073148967,3.5359677760161308,3.530329466153363,1.0,169.9349804161706,24.770893465017654,19.434177452310706
199.00428543141473,192.0159423059555,6.720053997942181,0.0,4.038644486687688,4.038644487149667,4.038644487082622,4.038644487325496,4.0386444857594626,0.0,142.74606103291555,24.555184638013813,23.886463602543298
201.6077035744524,194.6430495732229,2.8156358799063192,3.79410276191898,3.953318342474749,3.953318343383279,3.953318342782554,3.953318342756244,3.953318341939846,0.0,140.25750319214876,25.70123127300892,24.275122909534712
198.2833088170332,204.89867810497228,2.7820898200706883,10.273180700997067,3.7103156014654513,3.7103156018852825,3.7103156018000756,3.7103156020188606,3.710315600729684,0.0,148.92620934569868,28.32517298635856,21.624564717540252
204.22581341806722,201.32141312922988,17.065577249733458,16.10844812484458,3.72752598227913,3.7275259829181415,3.7275259825328835,3.7275259822758335,3.7275259816211537,0.0,163.40220117011978,16.003596622299817,21.567946509516815
211.2590141624808,208.79481257888972,6.110749095243869,11.400919730660883,3.6738850639347707,3.6649715495340054,3.753912301301126,4.047872460872561,3.396637259403672,1.0,142.38734697680434,37.615588636698746,22.700735217240744
222.91149743631001,213.25588287993284,0.0,18.31458262513923,3.741533115912891,3.739690194646083,3.740374492896363,3.751873177592299,3.653744001825429,1.0,130.61566818893877,42.066025560455735,21.72957857918465
216.61157477574434,218.01797861044514,0.0,16.721785163475147,4.070549858455614,4.070549869449232,4.070549858821645,4.07054985934632,4.0705498595110825,0.0,137.05088088865702,26.117976611120362,25.656113471551844
220.0877255938849,214.91040345840773,9.330945615919822,16.85805060439842,3.721568388506648,3.712290651646924,3.8048656846922224,4.110837592254633,3.432991732734465,1.0,140.58471645311877,35.76480765214144,23.344478699543142
211.6431959185915,209.24903866512744,0.03858883719389881,18.513278348986507,3.9728454545081515,3.972845455122063,3.972845455474986,3.9728454543532665,3.9728454530680795,0.0,141.67494322429647,35.251296682576765,23.015869519654377
228.49670122185256,220.1790867405421,10.147279610240506,16.21711192986669,3.852471812690497,3.8507270367874042,3.8681367955799972,3.9256782151838507,3.7982017569981013,1.0,132.9364414082405,31.20288723938823,23.95416002659136
221.0573691222651,224.13336996667488,14.967256864144304,8.313874173249244,3.9795831121866616,3.9722989121776955,4.071051709819944,4.143436305897644,3.7978747589007877,1.0,139.28302206004057,24.741698679697166,23.165685475459956
208.6837302164433,212.42768556501142,15.96423310014392,4.035774396535499,4.06375791823883,4.063757918565928,4.063757919115868,4.063757921781846,4.063757915471418,0.0,144.8622266537675,21.600570669723357,23.418535898726947
210.25904051194865,208.3937933208262,17.270476477067767,2.2203124992656103e-15,3.9422594674715556,3.9383926612891527,3.9769764014610463,4.104500423593422,3.821985496660211,1.0,143.72193644237495,23.183384730361922,23.3255033315648
201.19467278972635,200.13565912561538,0.0,0.0,3.8563036721526847,3.8547238875099135,3.8704872862732396,3.9225872650599336,3.8071657040379883,1.0,133.8053272102737,37.360614739745415,23.979983940416528
192.81695563610066,193.76469643350438,3.3921956232792856,0.0,4.073868842645725,4.073868843937644,4.0738688429215735,4.073868843028142,4.07386884228087,0.0,146.0988099512821,26.871382277056977,23.535112441516716
188.1453677826069,193.69803565407295,2.510297956289781,0.0,3.7046211822662167,3.701690474138916,3.7309336448697326,3.827585933659386,3.6134638124235816,1.0,149.6442845812028,35.830484466838435,22.39948221138693
164.99353486403197,166.66279664383185,3.9657012458889476,0.0,3.639843802788288,3.6333487525138835,3.6981576039619277,3.912358853914356,3.4378204186850803,1.0,174.33354729570823,31.388160536466575,21.057512050520224
184.05772194837584,181.5228844680032,1.623632816788424,0.0,3.7883399370135247,3.7883399377934834,3.7883399374764433,3.788339937859833,3.78833993592718,0.0,152.57236854858823,32.26629082258066,23.181491296734784
156.7331850865779,152.84328105627736,9.601563727979634,0.0,3.3993085596195,3.3993085599000725,3.3993085606183944,3.3993085625784936,3.3993085564978553,0.0,188.10818342742425,25.97239122863955,19.80030292091548
173.24931177760823,166.5470240407277,0.0,0.0,3.701810061946378,3.700829326620611,3.7106152958688745,3.74295913117318,3.6713050512479555,1.0,161.75068822239157,37.45432589995817,21.867558497758015
156.06624150886728,148.90574269223703,15.31630310332017,0.0,3.5124616107840687,3.510659985353091,3.5286369497533587,3.5880530342384374,3.456423474994275,1.0,194.24576424761992,21.125158996023767,20.652408753447215
167.4149947561532,162.5073308091361,0.0,0.0,3.640327860043152,3.640327860557832,3.6403278602959817,3.640327860427311,3.6403278596471513,0.0,167.58500524384675,26.630321108529074,20.352367342218017
177.06539409675108,185.02431543638232,5.384379727740167,0.0,3.5787386184737477,3.5787386188573564,3.5787386187872823,3.5787386189203114,3.5787386177741154,0.0,163.67725301261152,22.98798598139527,20.347435402892387
182.6051147403729,181.36002355564545,0.0,0.0,3.6290063889745197,3.6227049895956616,3.6855815566740113,3.8933963692436775,3.433006357827269,1.0,152.3948852596271,37.77482656127864,20.952591066672138
186.15712157595945,185.2915882850182,5.215286578784024,0.0,3.855858102728994,3.8558581032538446,3.8558581030078356,3.855858103088222,3.855858102133846,0.0,153.81807758101297,23.555122670208046,23.082504780048055
199.21541754929473,192.7260773888441,9.803571655799617,4.6830378179106145,3.5835505625456983,3.5734370583372197,3.674351538032596,4.007886345768669,3.2689780258692513,1.0,150.33734930546268,29.487178426388212,21.50328060259603
204.58777281303125,210.47046684478187,6.656519948720409,11.049101378429585,4.045137443273333,4.045137444676683,4.045137443523924,4.045137443540311,4.045137443014693,0.0,148.66431649240818,20.653523594580005,24.746603543700335
209.6094505256569,198.78178889019688,8.085478655263472,13.41568402153854,3.904172421239898,3.9041724225638745,3.904172422322654,3.904172420288969,3.9041724205418644,0.0,147.42211477728588,10.887054409376113,22.422754156446313
204.24666581961566,193.17837853603035,9.988416281028222,11.198919618153067,3.8455555740164455,3.8377448373211265,3.9156818623257887,4.173273347137184,3.6026087959860935,1.0,151.2914869168595,32.312335709057656,24.48836275543266
223.8826574870244,213.64374046811463,2.19072020967505,13.289754801752348,3.8541802977859527,3.8451288610790204,3.9354458332864475,4.233954570323024,3.5726425104013355,1.0,127.42702593667488,44.56118444790438,23.473177802237455
216.69765213257503,209.35487399195716,0.0,14.156810729783414,3.888814484395681,3.8868814827033593,3.906169347763938,3.9699181165273,3.828689985342832,1.0,133.17985551761836,44.1499091665448,22.78972325327076
220.13775115421515,215.37277220894592,0.0,12.276528099839695,3.874451281536526,3.872270916695295,3.8940270214456745,3.9659336246748604,3.806632739952375,1.0,127.72170749497224,41.71415707673959,22.9515498874604
221.36045363956487,224.23446560269235,2.0978959890450355,15.48298266300592,3.7831696289955077,3.7830672880112286,3.784088488153395,3.7874636863374294,3.7799863141769725,1.0,132.6115611075782,41.98910612438813,23.33406942816297
228.49545864225277,215.91370382780445,13.653718263959563,4.4159104435084995,3.5826060659060848,21.327194466404308,4.805280608720839,8.183291468984814,4.04109842912999,1.0,122.89117339961578,36.04193801825302,30.027621139509257
205.80151871843412,207.3075744461308,9.382918850529455,9.710084331954766,3.864537137737143,3.8645371386803986,3.8645371381632656,3.864537137972001,3.8645371371644477,0.0,148.22254072476036,23.367019985093975,21.93207910232466
224.86525676086123,225.20043964912307,11.520516071531794,4.204203601177651,4.026562246193989,4.026220790512882,4.029627907112151,4.040888849598064,4.015941515445011,1.0,124.61318549782138,32.320935196934016,23.155103250421813
202.5886407408049,193.12291680841267,7.470825974209416,1.8297402717860603e-15,3.8312260073045015,3.824989760543669,3.887216225538164,4.092882371602252,3.6372524855149337,1.0,140.540276113833,32.3347309342448,22.590581417273476
204.5793646462037,209.16375530955108,0.0,0.0,3.9485149139794213,3.94228398575367,4.0067844451787975,4.197293023437848,3.7587112657971358,1.0,130.42063535379626,41.15973904999162,24.67975337936902
198.6051355246301,190.3207049499483,5.884633429132395,0.0,3.853178680888267,3.8396740627008166,3.974425724476646,4.419796594726251,3.4331282365792957,1.0,142.45140513289448,31.456115394570904,23.040969298671694
179.61486440463398,164.42176704491507,0.0,0.0,3.7713523184828386,3.7713523194134524,3.7713523186966773,3.7713523186213873,3.7713523183051825,0.0,155.3851355953661,21.152513621215043,21.070184717518828
151.89145720246358,156.63214365987528,6.310988673364137,0.0,3.7011731707723943,3.7011731712099736,3.701173170968679,3.701173170928068,3.7011731708330604,0.0,190.01511197188896,2.152343857263688,20.41958304416003
176.94189993268316,168.94618335580142,6.243331070310906,0.0,3.7003980234831886,3.700398023952209,3.700398023686233,3.7003980237912923,3.7003980229832987,0.0,164.83093567939008,22.191466035608446,20.44389010679727
168.29611412338173,172.43912024841475,20.533661132614576,0.0,3.681936571546137,3.681936572520268,3.6819365719850823,3.681936571391034,3.6819365709647434,0.0,187.91927055821037,0.44646748705161377,21.058774626785198
163.9729123774586,154.6569202278069,10.46382792044679,0.0,3.468509127337924,3.466807032418806,3.48379086424674,3.539924523850816,3.415566802985203,1.0,181.83116329534687,24.670000544761926,20.944774617512117
153.95336406758167,153.5651505329869,9.749747164947397,0.0,3.580995497139353,3.580995497737848,3.5809954974838085,3.5809954975921867,3.5809954966483586,0.0,190.87009196784186,14.997153138672529,21.297785200706205
163.13702073718895,162.8126690108522,15.212672751441003,0.0,3.53240256044143,3.5324025608654672,3.532402560866315,3.532402561254607,3.53240255943955,0.0,187.1228641197506,13.383735752199563,20.959492882307572
171.8487315718991,181.47260486129758,10.660452055813158,0.0,3.858300786352732,3.8583007868250494,3.858300786548558,3.858300786505848,3.8583007862299894,0.0,173.92984421257592,8.260187599794023,22.36367007898367
183.0898964650954,182.73296932278942,13.43198384354252,0.0,3.5876319349805423,3.5760162141858776,3.6919200928070963,4.07499671247239,3.226334160018489,1.0,166.02837221187812,24.346512401893136,21.613896752850337
191.54776332761196,191.21073416502662,12.57203054350474,0.0,3.762661672952254,3.7601697164711054,3.7850349379473704,3.8672175631272263,3.6851513307786905,1.0,157.16913967024044,21.073433272357107,21.409427718316973
193.24406849615934,192.64163659102903,0.0,6.118422568152341,3.634808366110483,3.634808367146347,3.6348083669216193,3.6348083676745535,3.6348083642374225,0.0,147.94225767593971,36.57793109497194,20.547230451122825
193.68422637457962,189.45849492477294,2.7810639481917168,10.588803788988763,3.6431846495920093,3.6431846496951543,3.6431846509824886,3.643184655369059,3.6431846450127217,0.0,155.06678053171345,37.45267048418507,20.001120193404464
213.16094716466355,209.65171896588816,9.173543850750526,14.284956132144972,3.9876503643165,3.9876503649723456,3.987650364701712,3.987650364793248,3.987650363272435,0.0,145.13284895003423,24.175517133087443,23.40605048089172
225.68550565758642,216.4619190396159,20.226453113124105,6.449443120971559,3.780726198763254,3.764230359445084,3.9288290038752813,4.472847833190303,3.26763617151385,1.0,136.44754014758544,22.050436965502858,24.281882331811296
220.58496873999744,216.5053978073751,8.489184600754204,17.65187240886245,3.845893318523124,3.845893320114738,3.8458933186355106,3.845893317202566,3.8458933174887697,0.0,143.27136750156936,14.232821922370128,21.704825774828123
225.78818160887207,226.40802061655128,13.681802949550333,16.39741423582375,3.726173472078401,5.632894427798155,3.922257703622632,4.642524378058569,3.491908265877387,1.0,139.28470938825168,29.83117557481535,23.291778112132228
218.2105224687733,215.43280765721676,4.285318066386731,11.349443702285154,3.94291486018667,3.942914866308488,3.9429148605475235,3.942914860780643,3.942914860830947,0.0,133.26264541396085,16.428245147259375,23.197571702826583
218.08356800692107,216.3190514392237,18.22573859956991,13.926317334259451,3.8328763650269555,3.832876367599194,3.832876365336184,3.8328763648745157,3.8328763644612254,0.0,149.8353058814055,12.609424771224878,23.41221540478346
215.62985647280573,207.84042570793724,0.0,14.617854805237668,3.933505395105932,3.933469757694686,3.9342158713385063,3.932877325073077,3.933068724802281,0.0,133.86345536735735,31.367535455078027,23.232931578120176
225.80469277044816,224.8457262156132,3.9564450660385257,4.121150895043539,4.062501515787685,4.044313018600222,4.225801333440844,4.825642610089914,3.4967626841269404,1.0,117.28478518527425,36.95263142995247,25.972401390995163
199.40283455696377,189.44504559467208,0.0,4.635879029146835,3.9631619068136485,3.9614971592509174,3.9781083312926437,4.033010304046708,3.9113812447797436,1.0,140.1664145486813,38.1970033660474,23.259487302673975
208.92945827429486,210.70562793290594,7.792688877022198,9.04930054765318e-16,3.9507259551124854,3.9507259552281027,3.9507259577834226,3.950725966627683,3.950725946256059,0.0,133.63137751726947,29.74636620972339,22.47950051317839
194.67240993037396,193.1571184854675,14.156115906092912,0.0,3.7328357375821097,3.732835741296132,3.732835737959216,3.732835738397238,3.732835737475796,0.0,153.79723025579213,15.326886608897054,21.823742349120227
177.13438144769978,178.2328595830206,0.0,0.0,3.6317104943526517,3.627954906966158,3.665428875974507,3.7892849671342255,3.514895925210938,1.0,157.86561855230025,34.41744501939998,21.995831068174777
179.79069332835545,186.09849334269066,16.89311375010597,0.0,3.682267045252739,3.6822670458152826,3.682267045626344,3.6822670451698225,3.682267044876611,0.0,170.83988081144258,7.382318845883617,21.44264157088711
172.26969204955128,164.21946764889918,3.9662211334385082,0.0,3.865281641542106,3.865281642160247,3.8652816417798372,3.865281641784685,3.8652816414069058,0.0,166.41843135662884,16.10304621214784,22.29591646932701
168.93460017989023,156.09969435407294,16.835350726197824,0.0,3.6230715090879886,3.6230715096170054,3.6230715093936645,3.623071509281642,3.62307150861419,0.0,182.40759867501785,9.945256836178144,21.567098396079484
154.55431034460312,148.54319595135897,22.13489924852585,0.0,3.299982571731458,3.2928576650832975,3.3639513438255046,3.598924722931441,3.078368003910547,1.0,203.76514030852064,18.10638792329416,19.318992110883297
150.79425698667131,149.11661649746262,21.612639349297766,0.0,3.248147933597678,3.248147933815109,3.2481479349698064,3.248147937929202,3.2481479292797375,0.0,205.3597771390453,15.648306957526689,17.806755960420062
165.37400387828248,173.28233640282858,14.456317098720879,0.0,3.6981445443010323,3.698144545007852,3.698144544432522,3.698144544536602,3.698144544294111,0.0,184.20283853688522,1.551558264819883,21.583002426583175
177.59199193615922,170.87437611170608,24.864269378970818,0.0,3.6062660566469025,3.601678335394962,3.647455498638623,3.798754671034384,3.4635686116286695,1.0,183.73491191883565,10.732891065874881,22.435522817726
185.03200547758883,187.2286911721932,14.308365479806215,0.0,3.875414602817438,3.8754146033445562,3.875414603055627,3.875414603150485,3.875414602509752,0.0,164.15127680612147,9.659132387747468,22.578565764023452
177.1517918290668,173.0470005052583,19.0210555951212,0.0,3.4973450853274226,3.49178092349501,3.547301193533508,3.7308025355147834,3.324276243441011,1.0,176.95497906394414,20.352056748681697,21.260811495458512
191.03818611028805,194.38601134077402,0.3117594356849262,0.0,3.8991702865420144,3.8991702874595324,3.8991702870641713,3.8991702863452464,3.8991702862370117,0.0,144.24897095381482,17.82013995566257,22.366897333053323
196.17543190593918,194.3545165066289,3.942704623530403,5.308037333706988,3.7129513165450536,3.7048533676643887,3.7856562499954243,4.052719746608676,3.461071034228479,1.0,148.3040321111884,35.68746543959938,22.265772918191384
209.14339919700848,198.85693627368295,8.261291957021802,8.158969827414726,3.969629517422685,3.9696295182092816,3.969629517944436,3.969629517320919,3.9696295169396336,0.0,141.93721362614107,19.569513893109473,23.948950844292277
200.23059765700594,202.08318897162548,14.448118411612256,13.000210610336719,3.9167025757354894,3.9131691642298465,3.948426223779342,4.064955156482723,3.806798597579028,1.0,164.77955975762956,23.350839916411577,22.943886729408717
215.71648561161422,211.83451355831548,22.33554418626149,8.956856752707411,3.7038549504620892,3.6857644685445567,3.866274770552826,4.462883597280379,3.1411647970391523,1.0,153.6363129214128,19.238522056432412,23.96766297458274
222.10682401596006,219.8754934490213,19.128618335216064,14.382327199541226,3.7482958276506104,3.738142037996504,3.839458504962685,4.174321929867457,3.4324702068934863,1.0,144.8015238038299,23.324108330261588,22.496236809125847
225.05087007940995,220.9935633581131,9.126659421013134,24.6854230703151,4.058339526690682,4.057207057116515,3.9887415190216466,3.8040702343482917,3.8858528958903364,0.0,142.69985871525802,15.058183226965284,20.759796095518002
230.70595244369915,211.60060747931206,20.91700480463018,14.350582255468218,3.8542798619575662,3.8499296853190663,3.8933365881093556,4.036801759856233,3.718971034348617,1.0,139.31917455448752,23.888702744180797,23.594638336981763
220.58443869230518,225.09844748970218,21.401987073324012,17.18181657521672,3.7761192732824314,3.776119274667741,3.7761192736883658,3.7761192730483044,3.776119272690348,0.0,149.34066565881113,10.663089078937466,23.042360578280867
219.54878779356184,221.6074715378976,11.451988489800698,13.990814464175545,3.787956281994149,3.774735241061639,3.906657329158762,4.342676111859906,3.376726234165598,1.0,139.99306762660896,32.17685290342352,23.38381177263584
220.55130060914138,216.9828225048201,5.776710977589948,12.008739703415523,3.9489171122324773,3.9393911747864068,4.0344428006158894,4.348600153206764,3.652620375010266,1.0,131.63348874167406,34.206065128643054,25.405291734276187
207.0759885697438,219.23618565810926,14.889430967330242,5.356144355523329,3.8434669092389235,3.8387800510537717,3.8855464208207113,4.040115043856696,3.6976858908779153,1.0,148.37734687347813,22.99191625813132,22.162544827181804
204.567907408874,205.78598774603157,33.217807670842426,1.5794843424356615e-15,3.890699255577216,3.8772780935908253,4.011197031406631,4.453815649236648,3.473244589525324,1.0,160.4267820476755,11.598865563033733,24.507986619959997
183.68730178880796,191.78437969185958,0.5337020875963482,0.0,3.8717127232384128,3.871712724014105,3.8717127233309854,3.8717127235636606,3.8717127234072053,0.0,151.89113208077524,12.01739927704804,22.621469407434216
201.1399107461199,199.9441430882584,5.049971261122358,0.0,4.011239887803753,4.009611932820351,4.0258559859218614,4.079544586842758,3.9606036144585683,1.0,138.6111232785406,31.976651865204513,23.354799068234854
177.88809000956655,169.83272479432551,12.096848945136829,0.0,3.7531136478857015,3.7485813113281305,3.7938058324654738,3.9432784541974093,3.61213891020265,1.0,170.16431802792107,24.106068401711024,23.533152953018384
162.86195424741268,159.64367021483318,4.897366960281431,0.0,3.336603943556776,3.336603943807197,3.3366039448363227,3.3366039477045977,3.336603939587452,0.0,177.71460546473526,29.07533356084769,18.343863012414037
164.11070790341338,166.54268130922028,12.562992867782254,0.0,3.4011201190886395,3.400360203035275,3.4079427995041143,3.4330042138567403,3.377483503717508,1.0,182.9754358351153,27.794217623916257,18.668988016864986
159.37680204860737,164.29646964894553,28.240530131071523,0.0,3.427414223778239,3.4143422543015887,3.5447768559831663,3.975879308065534,3.0208210040209083,1.0,204.41646669566424,7.135303130113366,21.02220301904515
165.68712917075362,161.15559372201247,25.920774279152116,0.0,3.506695472077614,3.501935791491141,3.5494287995322487,3.706399050718961,3.358649362708835,1.0,197.13473643946935,9.722800485081448,20.281139448555287
163.06344553678122,159.62770454863394,16.215290630829955,0.0,3.5943169119849516,3.594316913498668,3.5943169123664016,3.5943169124745293,3.594316911941618,0.0,187.32055398473318,1.4871296251440841e-07,19.617620411245554
160.48526935215756,156.04157081706612,8.853665476323426,0.0,3.548639041941698,3.5412985445873666,3.6145434275774715,3.8566268026130177,3.3203186998282477,1.0,183.31708501689926,28.058193752066064,21.794625100049927
174.02954673504217,178.81100589944475,20.94346486759355,0.0,3.597184975118663,3.5971849756707224,3.597184975581606,3.5971849759463863,3.5971849739281754,0.0,183.03023667699517,11.66149011850369,21.7374621172723
192.1800029815157,199.1632683441121,15.931586855206037,0.0,3.92202437893986,3.9220243795484544,3.922024379465904,3.922024378993578,3.9220243781119457,0.0,156.3317908804023,18.05841725934731,23.865577012872272
180.00775778075842,180.34917675783362,19.832756202929744,0.0,3.6869054920591147,3.6869054925686378,3.6869054922656472,3.686905492185945,3.6869054918061424,0.0,174.4837340434898,1.0016612774512994,21.5056833894775
196.57347877750166,195.83966129516634,11.137162991921956,5.31860735081116,3.6737846077250675,3.667837983402669,3.7271745390427267,3.92328917760755,3.488819566881932,1.0,155.78885805529868,28.411275023254202,22.488014689102968
214.42896501103257,217.33351328907113,14.394296555959222,6.985968071981914,3.943332282127079,3.9338022553508374,4.028894686524542,4.343186905575095,3.6469083458159224,1.0,143.73959318479032,25.670254534635816,24.57577926033112
220.54017806431744,211.03448057521678,18.710485512015982,12.245895824563558,3.878293579607959,3.861423558174128,4.029755863772991,4.586114907694912,3.3535649101075844,1.0,145.05429008182284,21.96323373478403,25.353679533338592
210.34423331380367,209.45228694052554,19.758599753434662,12.818608630309777,3.7450452737731,3.7362059008158037,3.824406856848077,4.1159218987527115,3.4701035752505818,1.0,156.44346866159603,21.890582835826137,23.084958446618995
223.65051140007705,221.4034759340295,12.561848414420965,8.048704091607988,3.922055036590111,3.9117754280281143,4.014347331507596,4.353360130104147,3.602315946327347,1.0,131.93216588751304,28.56621335062364,25.175367309857034
211.50911019548346,209.21393584399198,23.794026850711646,23.693785590481948,3.7565183713867247,3.756301754140326,3.7432059230351125,3.707882682023185,3.723525766522033,0.0,171.59613366101098,5.780427121487523,21.78922870843671
213.0690273173471,212.89590940552165,15.83885055318917,19.980589415301363,3.8499269124958033,3.849926913713334,3.849926912733137,3.8499269125935562,3.8499269121481294,0.0,159.17764362600045,11.698115796775378,21.960885530465088
221.21632755382242,219.74482874723168,19.767711467615825,14.249660171913373,3.810598261647196,3.803880323250216,3.870913203672933,4.092465146998711,3.6016420887378997,1.0,148.2606933454189,22.096241750159564,23.357709233916783
217.96258690725386,211.18042485537413,28.996486757473992,9.271335376654388,3.8671642888191893,3.8437129795099185,4.077714613887042,4.851118888781101,3.1377299451045166,1.0,154.98682597093,10.668767733997676,24.595139774804604
230.73549657695588,237.3507678920504,23.43045009197243,7.924685950650451,4.00059787221928,3.9960606276034922,4.041334141170606,4.190968695297944,3.859470408109199,1.0,135.5057555353877,21.84804393970334,25.301138211543627
221.51232146092204,235.18474532669654,23.417113105001796,5.497760651283175,3.850150345809949,3.829480337274096,4.050343306447666,4.637936557688715,3.2323735162508154,1.0,142.97236941761096,18.91206564658704,24.506217106658962
200.93244500580678,208.23800838626406,15.461410806232234,2.666938857936069e-15,3.7462368730839115,3.7335708968303347,3.8599544285726335,4.277667594857691,3.352271723614273,1.0,148.94096001367066,23.162307697228623,24.03435816711911
206.6859477049282,203.53467485772282,19.482540446187468,0.0,3.9403666434764824,3.9403666443802514,3.940366643850895,3.940366643608202,3.9403666428903232,0.0,145.1976023493053,12.511966099304766,24.35387026798098
216.24573370794266,219.91724755329793,18.880391594215332,0.0,3.7574866080076856,3.7409611179122515,3.916321901444599,4.393934253038941,3.261484865603437,1.0,136.6547294815754,26.82041898393384,24.542888320521588
189.17384668986514,192.79298713109512,18.315955060528267,0.0,3.8260463379202503,3.8260463386325174,3.8260463383790837,3.826046338684912,3.8260463369789464,0.0,164.43101748266702,12.395178519077676,23.744893286349047
182.72541248845272,186.46649281453887,10.029863794446586,0.0,3.827929462977052,3.809398679937013,3.99430237087048,4.605431883575921,3.2515441607623923,1.0,162.58598696611537,28.159382770369646,23.664814026763196
175.99168880880933,177.93397478812594,10.97636121258125,0.0,3.5635221617235775,3.5575197008616612,3.617413403210568,3.8153694799626914,3.376820372879976,1.0,170.67673467757652,27.50077034859143,21.20462749089626
165.80823788555355,162.80125652454169,31.153521218807583,0.0,3.735131330326355,3.735131330211232,3.7351313329094182,3.735131341446059,3.735131321603755,0.0,201.2204986803962,5.742766303435126,22.567936710666693
169.20599086393437,175.3834331987012,25.24863714592835,0.0,3.3920862296400025,3.3803264887544837,3.497667434651725,3.885493740194313,3.026308799313743,1.0,190.54108035892918,11.594233622263593,19.000351614933383
160.29930946000874,169.82032780476592,22.19477063531515,0.0,3.3584442907685093,3.3483135962593376,3.4493996015047697,3.783501321207371,3.0433370720551585,1.0,196.85541761816864,14.862789085072292,19.184244000451997
161.2069772612427,156.88395334634475,16.618470599570195,0.0,3.440300856349198,3.432801813788195,3.50762869088628,3.754940751252405,3.207049092235633,1.0,192.18752601230455,20.616615978663674,21.355609372789395
191.09743526939144,191.55405099937545,32.90461795462865,0.0,3.62008855061366,3.616738422916526,3.6501666432944884,3.7606510357240746,3.515885465025984,1.0,183.082890660868,1.0105388357786553,21.13667940055093
187.45998044076083,178.96603758025452,16.705312023535395,0.0,3.7890025394611713,3.777803808169673,3.8895468909328814,4.258871567699427,3.4406748754295275,1.0,163.85715953344845,23.921441560297083,23.82834740289065
192.50225241948942,190.69101082027882,26.094890089034422,0.0,3.646124624531792,3.639121721587313,3.708998027333272,3.939947790265009,3.428304900030152,1.0,168.74601798019822,14.542773125383393,20.991117548657204
205.7694486183741,201.98861128226082,24.137152468695756,4.240901350996488,3.872168036181895,3.872168037005796,3.872168037288298,3.8721680375335166,3.8721680339994533,0.0,161.37099081525497,9.545892179623944,22.885146507973417
208.82789492286014,220.38986251681942,29.387414642495557,10.300770345115962,3.918867746356483,3.917929244608451,3.927293808430268,3.958244846688438,3.889676346221801,1.0,161.08406370593733,13.311689157357595,24.56957524756958
203.8204791752932,208.1361837899408,19.28197446324135,9.110482284201693,3.7828337640354084,3.7717928739235322,3.88196098521765,4.246080179126812,3.439415635139513,1.0,159.94937276525215,21.23902177708419,23.82169541864843
218.8975371046378,218.52895160171275,24.842873225407413,13.822376080650002,3.707125659598758,3.6952996913788123,3.829665686563069,4.114319651300027,3.367448003686012,1.0,155.15117833501435,20.31187206764651,22.719088434771802
224.64891512466986,225.26868935008778,32.59647924100466,19.130852756641143,3.892099412270883,3.8707529720230274,4.083751821644645,4.787739301620311,3.2281353473150745,1.0,163.35093016602718,11.104413784809822,23.96548512876939
218.6222234734541,211.5086994116357,32.621114213185855,12.323698404578188,3.9123248149872167,3.8801405734296317,4.2526282208993,4.983452920130281,2.999618265164998,1.0,160.8444586115696,10.50916078996105,25.860694283263886
223.7200308985818,223.2529435560017,28.868298486932055,18.08537991864776,3.8817268383238943,3.8808603494790628,3.8284757679915185,3.687179432317894,3.7497532643390237,0.0,158.23574408497353,9.53946668836853,20.435963130098788
223.19382405365414,227.93527657210922,21.335238467849514,14.838887241251852,3.951624715076463,3.9493862358948038,3.9717222263403924,4.045545435654509,3.881998534233122,1.0,150.25401592256532,16.768203784647913,24.52611764673744
214.24322433768614,220.14525564748408,20.667020020149327,10.320340864561096,3.92107287763512,3.910271771061464,4.018047284709022,4.374258659123725,3.585112993016927,1.0,151.23245679635244,23.036819203333863,23.47623957096225
223.98975290207073,234.43227390998442,33.393305971152,9.378287968484297,3.7984918169998365,3.7685357768126386,4.067442857299275,5.055367639563156,2.8667329821636955,1.0,155.64996103185263,5.363703764105077,25.010861579473353
219.98431142864447,216.55216900728539,32.09665593374485,4.212227819284913,3.822792929019148,3.8044282776163083,4.029076598464034,4.3681700371174985,3.322820525806406,1.0,148.46423274401462,15.684765960754907,22.43788540669328
212.10998416040763,207.84567182797898,20.162065998110823,2.343037383620392e-15,3.8020558613849817,3.781269142801406,3.9886830051405053,4.6742114185784605,3.1555014194027518,1.0,143.94332213232047,15.725513281101197,24.663543827291385
204.51134486018663,208.2310512494339,30.066664199274214,0.0,3.9830642828386913,3.976653057302532,4.040625496412557,4.252062302492213,3.7836481767929566,1.0,157.53637361370158,12.02638844976277,23.533175773148105
187.31887031394078,191.53621424065378,19.819631419071882,0.0,3.513038765744378,3.5056698226945158,3.579198544203672,3.822220040390072,3.283833636427307,1.0,167.97694952824605,19.92145087577832,19.830438574763136
189.52253685207273,192.5903487695821,31.578159728540005,0.0,3.56946540630278,3.5502861574625895,3.7416603571221283,4.374175698483386,2.9729101135706673,1.0,179.5648340128,6.342850528770564,21.06591341594247
191.5911534179463,189.46323579866618,29.80841050294007,0.0,3.712134090972545,3.6942589915244515,3.872620139379208,4.462125740211069,3.156143330169109,1.0,177.2751773285239,6.416441421351939,23.991288422761542
151.8681410421549,153.560960980142,11.903534898344619,0.0,3.310870286864045,3.3091428694202296,3.326379373548275,3.3833481455098884,3.2571403279491955,1.0,194.74551718323204,22.476130619729407,18.27661292111272
176.7061901592948,175.64778326890675,26.616830011608805,0.0,3.593654701570744,3.5821653552900647,3.696808250270796,4.075717162501382,3.2362876874608104,1.0,188.63213709954215,9.269945799908518,21.422038518683816
170.21255097518656,165.5178289491871,28.619055158842595,0.0,3.666871980435338,3.6567683759521277,3.75758406750867,4.090792367205464,3.352607389984259,1.0,196.49571401006386,6.021874330494736,22.39706456680108
175.11521192833746,171.72551200016346,30.54216536763148,0.0,3.3426380767413315,3.325415374513253,3.4972667782246036,4.065256871391456,2.8069396142527023,1.0,196.16632313363107,2.3220225704948265,20.165927424285382
164.47632423492934,163.92651326163963,23.913936661131522,0.0,3.694060863158762,3.694060863690932,3.6940608635198116,3.6940608635592245,3.6940608625230738,0.0,193.7738890012179,5.90013690659645,22.429863775233816
183.50020647477527,186.97746969888516,28.91452141809119,0.0,3.691516537304077,3.679848775058964,3.796271929907596,4.181064821574372,3.3286000657999866,1.0,180.326638102417,7.285408736247363,21.96349932288974
185.1748130834137,187.5356963443447,40.993366838673815,0.0,3.59504919554638,3.5715098484026777,3.806389939013735,4.582697617402097,2.8628765128970612,1.0,189.57188236160627,2.2251148569492267,23.22853266554313
190.706395954296,182.37269193140753,28.745477987628266,0.0,3.7801337085277917,3.7801337091207494,3.780133709758543,3.780133708280713,3.780133706996673,0.0,173.42273777986927,3.4533104335755747,21.91637820034129
216.44167936418685,217.78933219042204,30.162529669543762,3.191385897897868,3.7298724475782485,3.7097773408942345,3.9102901524994436,4.57300973845815,3.104830096703836,1.0,155.30562348693564,8.367635236128843,22.463351623451288
209.50545830016338,210.16155814792702,30.227294224286357,4.781954378706501,3.5441961917083495,3.52911194165415,3.679625463119294,4.177091222001159,3.0750125815998604,1.0,164.2936169034778,9.258699139273654,21.96282697331199
225.37314175320745,223.4713037195749,27.881582621912102,14.73948692130664,3.9347216923064625,3.9099533904774786,4.111975588466004,4.670475519451106,3.0866793043769087,1.0,153.11324203501368,12.931189043492463,21.339796642601915
216.54250032037217,217.14089707875394,18.919016243273063,16.754318872794755,3.808441241915747,3.808441243201637,3.808441242384085,3.8084412416022992,3.8084412415458484,0.0,154.6169448200568,5.372284841074383,22.59700968920738
220.60621420899355,215.8110613812674,28.282456322066608,6.436406756467731,3.880055258966824,3.8738081965600104,3.960031078193324,4.012254519656765,3.7268528960109713,1.0,148.84298532053316,15.09512661964168,23.715545836489
235.13254163053935,253.27303285066537,19.790779979774406,14.9841207518461,3.87920730126497,3.876749405010616,3.881419980376503,3.907215545637344,3.7685900026038905,1.0,136.80719046133717,22.35061936107919,22.698683141679705
219.22444926110927,213.70107371150897,42.509850629661685,11.162267114552538,3.8116827403171767,3.786982224823891,4.038940896524656,4.818182793729116,3.052843907446354,1.0,167.76362804754012,4.750379001048119,25.38596389101474
224.0369386864221,220.78152259464585,39.90527589363997,17.695106620205458,3.780637607998356,3.773302412466206,3.8356791455233155,4.047484524508214,3.5338711845481856,1.0,169.76205843666995,2.383923226810569,23.078965054838733
233.73687285274463,227.02400800195556,24.157037630315426,11.29596759621071,3.546842021803912,27.73683619963533,5.055892108827435,9.117685521390545,4.005136468675446,1.0,139.30053236267605,22.658564589708714,23.52527636704651
223.19258532521607,213.51398471621962,18.279402374228457,8.456421416368741,3.8692920397664596,3.862257027840498,3.955119344930564,4.041201869009719,3.6894767775512447,1.0,139.0933325807825,24.33914482848133,22.694012501979543
226.9355919794551,225.67092540810089,27.515041701707666,3.168645527560826,3.802523336136382,9.54598307565834,4.287722398058244,5.797736993574551,3.5983921777261214,1.0,143.38948165245742,13.133959824657504,27.050540170067304
214.05169869323913,219.1789066907682,35.915867670948586,1.5117638433387633e-15,3.7319607705902405,3.711790195840733,3.913056033291731,4.578264458686665,3.1045710763369367,1.0,155.33501779633517,9.547737820206665,24.172310517297646
203.719829060144,198.2965838821002,19.024044466669835,0.0,3.8544985262472706,3.8365489436730678,4.01565330813587,4.60761533256479,3.2961909938803915,1.0,149.38973132752983,20.76326223622221,25.19768557928742
194.20301479145104,187.39086784743478,24.020874485082892,0.0,3.742270545046299,3.736066459626867,3.7979720154239596,4.002577475292315,3.549297387983068,1.0,166.46510893659737,15.264217442918415,21.57493842550737
177.09266498622088,178.26243307847807,33.16925287400181,0.0,3.617758482904603,3.6155710966886625,3.6373972636407927,3.70953543834096,3.549721537392259,1.0,188.2615455580941,9.113268833994809,20.130623142186753
177.69464141450945,182.69576472710236,31.308320795329546,0.0,3.556079204489344,3.5497555632311237,3.6128540627003707,3.821402388811642,3.359387361894144,1.0,190.19640728410457,5.469551300584493,21.521525309284883
172.93581598115793,185.83518631177,33.597128531417916,0.0,3.3906612450685008,3.3773243539403177,3.5104023954276142,3.9502417425663845,2.9758278440784154,1.0,193.7186199705352,6.482300625045995,20.342421768513177
162.45988911374053,162.0464983634901,35.95171895078197,0.0,3.544234314368718,3.5401811220912105,3.5806246485194673,3.714295492250494,3.4181629849646606,1.0,207.57743030118533,3.6081598705062308,20.556728000687205
163.40211611091613,161.0043546437528,18.18049354063539,0.0,3.4692404170599254,3.4691364798915525,3.4701735857047344,3.4736013481547907,3.466007530905419,1.0,192.7209352227043,15.938075114559707,20.45228796840541
163.3091492066131,163.38452678420018,22.83158922921169,0.0,3.6668657930625117,3.666865793590655,3.6668657934207807,3.6668657935330766,3.666865792409323,0.0,194.32410397623693,4.717392439564104,20.522457718628807
176.50013239530267,178.176991732769,41.70514788470768,0.0,3.563542222149833,3.5490687273224557,3.6934880167472666,4.17081158623002,3.1133556681295276,1.0,197.65840436035649,0.8551520970805786,21.996570673323568
158.78940353040693,162.92381032050952,35.06734676627546,0.0,3.286118738915048,3.283655743739234,3.3082319844896357,3.389459490519223,3.2095092126968656,1.0,206.24178534136985,9.5139184581414,17.762929333745316
186.52813547434022,187.94699374472208,25.726581248690845,0.0,3.635472730841272,3.617779334105139,3.7943274326941996,4.377840685126608,3.0851336368744766,1.0,173.88537533510043,11.815909850558143,23.54227920755893
181.13031720370725,176.09209691794752,34.59826669240289,0.0,3.493167886146379,3.4877620985669284,3.5417020805061634,3.719980376655941,3.3250251479735122,1.0,188.77822318065034,4.821233592679315,21.136178805741284
198.73515991817214,203.17093529238875,32.96153887107918,4.311500234526497,3.8645139256442884,3.8560620377904105,3.9403965857141605,4.2191326723904,3.6016246694414122,1.0,174.65482653202858,7.184645969154851,23.752048885713958
213.6148279102945,211.83378342795268,29.898644517286858,6.589303750986816,3.9705630113606416,3.953974398196836,4.119498787375451,4.666577327929031,3.4545872252905063,1.0,157.6403577806017,11.849897699957552,25.57466221523636
224.97155195883516,217.26676891642845,39.93243652792497,8.544381178766802,3.910782731132177,3.8936515723785243,4.064589543109653,4.629560628846318,3.3779316377395867,1.0,158.14562934386095,3.8805642036047363,24.67462459731979
224.17335972151912,217.6699675417073,31.211006643763714,13.958347936822662,3.8599184132765574,3.848911260043576,3.9587428661741684,4.3217489510565885,3.5175496926545127,1.0,156.0744124845605,11.881589264877219,24.86455317151414
226.71867082240112,219.44191897357155,40.58444268002611,12.339821230612774,3.7448862039513675,3.7256428954505623,3.9176562986259755,4.552284288632821,3.1463383716075297,1.0,161.45937688822949,4.727447308282602,23.537305365648457
222.64917879458085,230.22791527195858,32.21127598810362,18.876528769972552,3.861097865631882,3.840937685777023,4.0947581475032475,4.420597842456479,3.3246464630467467,1.0,156.3667161149216,19.964257435430525,23.794704308649152
218.99845310643136,217.55844622493726,33.837324858905426,17.247747953540493,3.7076329066653475,3.699704771403931,3.7788132277530027,4.040276437912971,3.4610345184382174,1.0,165.07061544786464,9.388153422170282,21.902584138817232
219.74766240214504,220.42078836150608,40.56359400282352,13.041600474474997,3.7764831585552003,3.7514071750117,3.9922681533565725,4.793222550336998,2.9804216656897644,1.0,165.5092860808664,8.153741154406141,24.33375707577789
212.2199350950628,218.93857162447568,33.3130397431253,12.402232537380868,3.6502021575305514,3.6480989998732674,3.6690847207110364,3.7384451153170533,3.5847850662995238,1.0,167.65990912044526,9.220207684178897,20.412699852607712
221.39456994647682,222.6381434820905,30.28232167652631,7.7106083223542985,3.9796310208270462,3.972450151768569,4.044102271821796,4.280921380074151,3.756275657603548,1.0,153.19453033493923,8.180321350344096,23.61995029063404
227.334156172626,232.35346992820777,27.990830590834392,4.226510806046277,4.053709015414876,4.029889044271212,4.314986934571239,4.795264348407742,3.394404345903123,1.0,139.68308829401624,14.621583441106512,26.196742724797367
190.94662265503067,187.95825926733278,17.43012832231656,1.8161783509166703e-15,3.6600342900807044,3.6460016178337407,3.78602230217473,4.248807940477295,3.223559149305928,1.0,165.0715293649643,19.447561027021816,21.809902948916424
211.8293438756309,216.27242032103624,21.69726113063073,0.0,3.9374209685048074,3.9374209737280053,3.9374209689652035,3.937420969335226,3.937420968369163,0.0,144.6137253067897,12.86793103611058,24.626784170381793
197.447362606408,203.58577860258612,31.276933059494997,0.0,3.76853701762311,3.746365621876848,3.967596033554384,4.698789840881222,3.078913372588983,1.0,170.0167350428469,6.213613719582148,24.036009711701904
185.95668808785078,184.90482480972466,33.831876721319894,0.0,3.442324375048458,3.4283507884757842,3.567781897777391,4.028618917921008,3.0076870704773273,1.0,179.9363980807664,8.410255897075922,21.87612019018939
188.67648462227325,195.4225934204873,32.32262568294946,0.0,3.5263346441159564,3.521937795759391,3.565810391672679,3.7108147349147047,3.3895741525692373,1.0,180.3882177164936,5.936968627901403,20.455223738950245
182.40798524291884,189.30334546728525,37.91400000174218,0.0,3.7120978374530735,3.6963656029112655,3.8779930427246097,4.238138252924768,3.265174047328637,1.0,190.8021897570574,2.131023497969662,22.888334693849497
168.3960409572549,166.58376415008726,24.6197931089393,0.0,3.4431200846910808,3.4431200850174806,3.4431200854114223,3.443120086721172,3.443120082622292,0.0,189.5170863233758,9.480805619977566,20.24897219693252
177.0965413829211,174.82741040099842,40.526101963885175,0.0,3.5422351943078136,3.5272735657206966,3.676563554169221,4.169985386703391,3.0768656019422336,1.0,197.1537053763263,2.005615414348126e-08,21.863796397780945
178.87210742809526,175.4129364450444,33.90261621022767,0.0,3.648843488087128,3.633736097363228,3.7844805203506455,4.282709437667344,3.1789401071922496,1.0,189.0941713244408,7.465027887445628,21.470090620188184
192.78158841776644,189.68151929931545,26.93227120819442,0.0,3.761887965178457,3.749948160650064,3.869085817887964,4.262850473788355,3.390509792737974,1.0,170.25451564903128,11.5167126920513,23.037513001413153
181.35722845581597,181.51965282545274,36.76054447815224,0.0,3.4547536710773015,3.4376918119521362,3.6079382931310477,4.170623919032158,2.924058103648414,1.0,192.1451318572408,2.118542356223383,20.765182195022515
182.24022920188827,188.32707420671247,21.7191066141195,0.0,3.5954138319473987,3.5852291858740335,3.6868535308981603,4.022734502270179,3.278628503937607,1.0,174.11359524372904,22.424737800315548,21.669061827400586
188.9870392062638,195.80090396424728,25.103573582997132,0.0,3.71725702190026,3.7113435479394945,3.7703493243299926,3.9653706957558934,3.533323092354727,1.0,169.98717207711854,14.492824183686324,22.384351827612132
203.60819282063645,198.5670329475855,34.57387768629126,3.4833121841378696,3.760063938698985,3.747128282725493,3.8762027226375726,4.302809672052008,3.3577106410317055,1.0,167.41661779500606,7.776875215939557,22.38636955351097
211.4071447389771,223.1769199678882,24.936924904572212,3.955344345404356,3.989458078356803,3.989458079061082,3.9894580790748106,3.9894580794854897,3.98945807645537,0.0,150.0244141388896,16.53774555303299,24.092742663654185
217.34471045616075,211.02737186767598,26.13090104981559,17.99533372750937,3.8502783987725695,3.8497195291583024,3.8159324431568535,3.7247989024352863,3.765157857894763,0.0,159.6486296783321,19.088196712427443,20.382440593593177
219.47034488259428,224.31996495905392,28.15678004852569,12.245643225997993,3.7965167000231848,3.796516701035488,3.796516700516211,3.796516699771143,3.796516699167357,0.0,155.76710951404772,6.027878841709431,21.39024633786166
230.95685767205055,235.48145103610156,38.786801467567294,19.64595331880436,3.849692006766428,3.823998538066332,4.040502793146458,4.776877793699687,2.9819052102942796,1.0,161.57840891992993,2.598891995565456,23.635552122229345
222.2159028403217,207.15301620504198,41.16886624997317,23.168840111768255,3.632993364300368,3.6143219208846933,3.686647559536969,3.9851597313797407,2.856092203059855,1.0,176.66768230292448,4.968520346433861,17.057658703853313
225.20786634234284,231.68491985161904,27.614526505525255,12.69184170154944,3.797054269945437,3.7731279432177924,4.011869401222636,4.800939381555938,3.0528448547107945,1.0,151.32806459005405,14.923492926453372,24.230574114880685
221.87717060292476,224.36598118154708,24.36815683567669,15.042460126245574,3.8151192039692443,3.8027272354208077,3.926376675668239,4.335053335306143,3.4296768132366804,1.0,155.32130754883843,13.920224647546709,23.495760114333546
217.4897236327917,207.26361114296753,19.065065512872586,10.034735996719423,3.8118500664118744,3.8118500672405053,3.811850066715477,3.811850066570037,3.8118500658761656,0.0,146.36042909675663,13.134898519387908,22.41087529423004
228.9723935357392,235.9997347965511,14.607215629939343,8.93253733661753,3.907213719203213,12.047981940546101,4.505305769925959,5.780642683443134,4.199447198958711,1.0,129.20649837986687,30.686318103356108,26.345327279033683
201.39938739174747,201.5079072734207,28.553257738683207,4.854791704982822,3.7233653024809223,3.7024224340586356,3.911394364609525,4.60207237949101,3.0719540280696265,1.0,167.06184612827803,12.825722846206181,22.963195972839724
208.9241093615474,215.5578224047505,17.75238562417109,1.850073589866608e-15,3.865918770572339,3.8597637597963383,3.921179637150106,4.1241666910767885,3.674472027908688,1.0,144.32679527608974,20.39833850881805,23.55868078497187
203.52150542525413,202.53952593712904,21.251239920834866,0.0,3.8488143142550304,3.8476720218654448,3.859070050642875,3.8967419444320615,3.8132841575043597,1.0,152.58994439389554,19.303395502921408,22.66015748999983
193.20660914252616,199.1651360938274,38.71868917830933,0.0,3.5686251378806935,3.568625138268181,3.5686251386231698,3.5686251399094626,3.5686251357978263,0.0,181.79339085747392,1.393392955096766e-07,20.58485243373676
200.60835148005785,195.64045072288252,28.853305980127445,0.0,3.795985809706733,3.795369386479126,3.8015201769082587,3.8218492981683063,3.776812448335386,1.0,162.4398500537098,13.007121382622755,22.728618322667042
178.0130692806023,175.76646562820406,27.176612975718662,0.0,3.413469821128842,3.4030618543007107,3.506914534868492,3.8501604575830477,3.0897382698260514,1.0,180.38134218186192,17.061238839431546,20.970735223725164
176.12928887499635,185.51836570255892,31.59830577259804,0.0,3.761567339942678,3.7581536629409324,3.7922159835583464,3.9047961560104865,3.6553876263006617,1.0,188.21722611313186,7.512642327237881,23.131016760045714
178.0046585806728,175.96372757161626,18.214418922112316,0.0,3.467320594132236,3.467320594642073,3.467320594569665,3.467320594889862,3.4673205929370954,0.0,174.59571557692811,15.41585902804906,18.927599646409
159.53126216494638,159.76798011613403,21.721566597715913,0.0,3.5557322334284835,3.5557322337642616,3.555732234127076,3.5557322351631204,3.555732231586394,0.0,197.69930429348582,10.206625602254748,21.240405147957354
161.99661622617353,160.90103646354132,28.526120329152107,0.0,3.4742467112955198,3.461872437724098,3.5853452977881144,3.9934383322053004,3.0893547658450986,1.0,207.68347679994412,5.806546406190248,20.734454348930655
169.1988829584295,165.5134379605484,14.148757184775917,0.0,3.7062637497604065,3.7062637502239237,3.706263750061794,3.706263749819143,3.706263749433005,0.0,180.80881487018036,8.16544742161569,22.168509251124632
182.81834845422577,184.31383369479423,13.102230680616211,0.0,3.7956787746742804,3.7956787752246814,3.7956787751049075,3.7956787754535823,3.7956787736332838,0.0,166.97908332408346,17.585058779892456,21.362107241218002
195.30082282757309,189.05471657080386,13.755731093284957,0.0,3.745403681738244,3.7279309792825215,3.9022769411847498,4.478511856667945,3.201929133296953,1.0,156.14038570509007,21.822753903870346,23.13250366211696
189.8032929691325,198.86193810679165,12.368355863712917,0.0,3.733939418816263,3.722911431642609,3.832950795753838,4.1966444724656915,3.390922618999036,1.0,158.707049937998,24.746012368863774,22.102921330430032
208.34765878513866,199.77435175483134,26.57452939232687,4.282733642870935,3.8709583857639047,3.8524045698343583,4.051029106223209,4.576060140450834,3.3170721144884014,1.0,156.97231478456447,12.277178241068025,23.45315487472705
225.70925927777068,225.30425029222224,26.133402176241155,11.967738731315434,4.029784030243425,4.0227285928303465,4.093129107080233,4.325811494729521,3.8103302042255183,1.0,145.11363277505916,17.78919007831003,25.449870219274747
229.96365670743086,231.30691823318534,26.661941328972045,9.397041615779084,3.9424561250792,3.9188879994133483,4.154055272321927,4.931312129719729,3.2093882217760705,1.0,141.41553310187786,18.32620029914,26.397895474806827
211.9974667535039,215.7074626291234,18.566503621694388,19.50870581879169,3.678829489319187,3.659808076670522,3.905744060807631,4.171633755290867,3.1837841231408732,1.0,160.5230007136582,23.9313345635319,21.510952967542732
229.32503895324032,229.02434944944108,22.32603000796014,18.0352713635375,3.772234300900522,3.769476501859882,3.7471967470879157,3.6995400555327738,3.600762837909303,1.0,145.74255578020652,26.107215503711455,20.51007461372891
226.5606613984084,224.54472898219606,24.33458187244255,21.39396373070959,3.8375895834843536,3.837365156315285,3.8237971093537872,3.7872001725458593,3.803407320608491,0.0,153.02472374719756,6.643339475967719,22.951584227134273
228.3893030781095,222.96158742368738,20.25181181413335,15.177536401713782,3.7401070428141967,3.7318838798348186,3.8139361732097607,4.085129126928096,3.484332070770764,1.0,143.85024311480677,22.434478982212163,23.360988827435985
227.75438585508047,228.56715315157095,21.79547824641644,20.364263453145426,3.979036649551993,3.967286221679872,4.04927271177755,4.338645002090135,3.5528704020526027,1.0,144.53603171060914,23.38330760823623,21.83616593841969
218.9854140267939,211.699709476302,30.27893554501834,15.38192701391268,3.6578283052758582,3.6408246142914176,3.81049068310444,4.371257973313521,3.128942010135211,1.0,164.33268878705786,10.493919784882118,23.309495838013525
216.28618508474264,222.8034250598975,11.463436107013479,9.339342301657242,3.8287218157561536,3.8181419341669725,3.9237100196335017,4.2726255631789885,3.499642972701518,1.0,140.72643992397335,29.99235330063342,24.186445238380806
229.08399197057722,235.16444993427623,32.91061453095325,4.541949769093677,3.9901574668918913,3.973688431997213,4.1380196298932415,4.6811545261942715,3.4779011230679022,1.0,141.34356329588806,9.268676724653767,25.224063696656028
209.58719221409493,202.55912534675392,21.476029639252083,1.830458600211829e-15,3.844937354726144,3.825987806658375,4.015070022821709,4.640010080795109,3.2555266707930666,1.0,149.92825205253234,18.682906883100152,25.09603474448462
194.79090045356207,181.75629845272707,20.786890966463766,0.0,3.9399671181302955,3.9355878669946556,3.979284874771564,4.123708877046951,3.8037539734930306,1.0,159.8196406252303,19.97453036158299,23.031295593142072
201.09258476004368,203.99612236919432,14.109612640412065,0.0,3.9721860242600027,3.9698894661085014,3.9928049686651392,4.06854353355381,3.900753381681813,1.0,146.18234355517995,26.14212004193713,23.46657851958977
192.02397947606053,185.3926147011772,26.992139097606785,0.0,3.7446737798309666,3.744673780364036,3.74467378011108,3.7446737803446593,3.7446737792389957,0.0,168.21317027418897,2.2577770590189568,21.41852787958622
179.06418930943573,175.05481756397504,16.13933198939168,0.0,3.7685406981028664,3.7670523530617976,3.781903349555837,3.8309877240015147,3.722246888370437,1.0,173.40760749033694,20.813213597779416,22.399707149031705
173.4210664540263,165.08945010050203,14.720867742223097,0.0,3.5583332700118873,3.5467297799069217,3.662511618300219,4.045184879832677,3.1974159213686515,1.0,174.75009794394893,25.227248115599345,20.881119237748074
171.91361480174737,166.20535688985942,0.22179023788142269,0.0,3.834324728214044,3.83432472862325,3.8343247284760666,3.8343247285282773,3.8343247281417514,0.0,163.31306380867755,14.352853157337787,22.967191286378537
174.61484833725913,175.4850807562127,18.51230261015334,0.0,3.447548008092014,3.4462492638720246,3.4592083888235328,3.5020398955003227,3.407151575882533,1.0,178.50398770413477,15.930063266823987,19.067875793677203
157.52589140834365,162.89856233216923,2.221524441242897,0.0,3.4619616460696028,3.4582179131173003,3.4955735962267935,3.619038737858406,3.3455157998805425,1.0,180.15435796372176,33.225219473374494,20.38182177203411
183.66655663084302,179.7291988811877,5.682386678884446,0.0,3.6913795489810353,3.691379549460276,3.6913795494584822,3.6913795496484956,3.691379547620975,0.0,156.95622254534604,31.224873888462383,20.745318716952806
180.76850468200084,175.82360640610588,13.138404817496314,0.0,3.7886419533810742,3.7847898141587057,3.8232271974639827,3.9502674918691993,3.668824210429086,1.0,168.0799946769044,25.62264425219088,23.416812779848907
200.20616850725526,202.3026650514568,18.090434982901765,0.0,3.8151573441987647,3.8151573447368072,3.8151573456225503,3.8151573456437218,3.8151573414960533,0.0,153.92540427355797,18.843571357793383,23.36293478334093
196.55372285471543,210.1700467610536,19.010946675009478,0.0,3.6942458122736155,3.677658370967573,3.8431710306999154,4.390210793622579,3.178306600024625,1.0,159.97615489062736,22.43692220955352,24.10519667584086
205.7499180232688,221.2366800068349,1.8595584902834759,3.689089286553664,3.9425627911032994,3.942562792944292,3.9425627912717522,3.9425627914933234,3.942562791290422,0.0,134.64070486448065,17.505531898799653,23.651262887129356
210.07114207064203,208.7599399726595,15.540096453698206,6.7217951097350745,3.834050860913192,3.8268284868186146,3.8988947161114784,4.137082494996928,3.6094046401058715,1.0,147.98083044715588,25.094366745774856,23.051270743656353
222.16514881542605,218.49456235948546,3.1006643290724565,15.88073633959861,3.9437473099905382,3.9437473141956163,3.9437473110120753,3.943747309259059,3.943747309687938,0.0,132.03053029963417,15.009656221946093,23.13612904175791
223.49729677256806,220.5394116605267,18.588687312721284,17.388441948351755,3.672322672396588,3.664672371267545,3.730640321679135,3.9540822702754976,3.416522192106899,1.0,149.50967679017882,23.535182547727583,21.382543215624246
219.773398632457,213.8782738635781,15.375636446010416,22.369231276796295,3.8554263266795705,3.8547105598570113,3.8114381035423897,3.6947197941053367,3.7464091173297698,0.0,151.88104895052413,14.872542236761019,20.70672957054253
218.78574172169883,221.18751615167906,0.0,12.252781265930944,3.8712537892177488,3.870634416568174,3.883600329443884,3.8603392844997337,3.8636653998152344,0.0,128.21072949055852,38.23363797878498,21.880385019550907
221.59986558034518,221.99326559602682,32.199902404986446,15.491839265358397,3.9079336792096,3.8935498613289883,4.037074391312988,4.511440686043299,3.4605362675956868,1.0,161.71474051529952,8.93031163464902,25.659866097319117
228.28348567448873,233.4823019788249,11.060207839799281,19.063153677359498,4.017945576632473,4.017945580167363,4.0179455770565085,4.0179455772112345,4.0179455750944895,0.0,136.4710177001037,24.08080660119866,23.999661352883102
223.45743014329815,223.68588003265253,13.51512528194067,16.539545836765882,3.933524641398535,4.860494339663988,3.9582993576208487,4.03404220110111,4.070034648070754,0.0,142.95841079777364,22.72264239064009,24.36816475071952
221.5672059211886,217.06723977238715,14.092890241966739,6.117783410127532,3.8160787537211887,3.795382533420802,4.0346672962568455,4.506205315435795,3.228736970990129,1.0,133.740487821559,27.433981030640343,24.9783134332813
225.4208294844884,233.1446343507867,7.719288462632276,2.467988639918333,4.072489399902368,4.069683610493784,4.112998404400147,4.106909880929475,4.011576990659583,1.0,120.67098182480726,35.43685417253653,25.462482994618973
205.94611392799007,201.4297249620666,8.099509420021187,9.006356671852236e-16,3.8926603579309114,3.874956661965819,4.077820479950773,4.49290852167364,3.3871084940864313,1.0,138.7039906399762,32.80521716786607,23.17603791626608
207.55108778799877,214.1459695045079,12.871958709685453,0.0,3.9231651122181845,3.9018780725282953,4.114284247550675,4.816312874471661,3.261048534020603,1.0,139.68669920502316,29.30068442457711,25.05824983040074
179.45143135090134,175.3477973109365,0.0,0.0,3.8235551133718495,3.823555114135271,3.823555113674426,3.823555113561182,3.8235551129323277,0.0,155.54856864909854,27.609675085690544,22.694904139891385
187.02699171860885,187.0501009194037,9.67725290403655,0.0,3.7861626206086485,3.786162621446019,3.786162621268365,3.7861626203516807,3.7861626199934695,0.0,156.89637085473453,16.92417393144122,21.639707861551333
175.29360069316365,182.11203064484835,0.0,0.0,3.8831042720788402,3.883104272627016,3.883104272307493,3.883104272336859,3.883104271840287,0.0,159.70639930683618,23.81645918930303,22.027476382897827
163.12532050654167,166.14516066757187,18.14457823778368,0.0,3.4351271467347924,3.427657419984103,3.5021917799503752,3.748537034658907,3.202787222533333,1.0,190.95447047088996,20.265230887511084,20.763460705400234
171.38940023858888,171.65907674745813,26.029682438070232,0.0,3.570070693718453,3.548899562126638,3.7601491462043324,4.458355086638919,2.9115594745814524,1.0,191.77445153248044,6.940312303924988,21.794133454462983
178.40718967468106,178.92166091752034,6.420955657676408,0.0,3.6736475172083805,3.670214149298999,3.7044729517657244,3.817702520787518,3.5668553262161695,1.0,162.00091920478445,29.526288634302833,22.047428326041736
182.2267987982187,181.5610025821552,0.0,0.0,3.8158520434602416,3.8158520442105215,3.815852043592475,3.8158520436589076,3.8158520436004015,0.0,152.7732012017811,10.546339758284578,22.50624095121775
183.44852060645565,189.20912150980953,5.546226190679243,0.0,3.7146500918151886,3.7146500923587342,3.714650092131181,3.714650092103826,3.714650091229443,0.0,157.3242203188663,23.317863519145554,21.678432664949376
172.4942485723552,164.00385422776068,0.0,0.0,3.887411583693187,3.8874115840609473,3.8874115839777517,3.88741158403978,3.8874115833066036,0.0,162.5057514276446,23.517724083622802,23.068000549374275
190.59925014964892,190.86025890794048,5.165490486699521,0.0,3.8478717484646356,3.847871749684663,3.8478717487782035,3.8478717488408494,3.847871748160929,0.0,150.02295891381104,20.447822701947025,22.317164152476128
191.79343832417575,191.97452747030255,22.118703551617305,0.0,3.6865780710942424,3.680399768594666,3.7420480575651887,3.9458032610899996,3.4944068498959173,1.0,164.46852883522152,16.619663411892216,22.98881575787865
218.51447776290692,216.87273441060623,0.0,1.5328554590658048,3.8918157628507246,3.8918157638255364,3.89181576770057,3.891815783934892,3.891815746605838,0.0,118.1321305845448,40.73866765441956,23.869345878821445
212.49603134452167,222.80877606072855,4.250987729531219,9.147031458626607,3.788321231445922,3.788321233501785,3.7883212322815125,3.7883212312531795,3.7883212304847933,0.0,136.99326140186605,31.338659244299233,21.58365617639322
220.62842823922495,222.07926906361627,13.317740103390534,15.448370589762858,3.9356507838638106,3.9137008326117133,4.132717977368635,4.8565985777272935,3.2529086454318277,1.0,144.3360911451891,27.456499328987107,26.180292042427656
227.90905986402996,227.4914493372018,6.3634786811401645,21.070422480096642,4.130062420552152,4.129842645468513,4.116555896474181,4.080717698632667,4.096588834918865,0.0,134.63169901804167,23.72430212819773,24.455961514300167
222.69141763784566,210.14690641259173,9.85292649828177,17.77628501893306,3.8960377517468032,3.89603775284443,3.8960377520985787,3.896037752095369,3.8960377504964465,0.0,141.0167372362163,22.224832020726097,22.86936318437157
220.56045418225185,216.9361879826282,7.455115022556251,19.017120462365433,3.8135165745796114,3.8135165762779484,3.8135165749332787,3.813516570742027,3.813516570200988,0.0,140.0748020131023,30.323052353300305,22.186988060431176
221.93489107389792,227.90567647367322,8.559511534774728,16.860459070912025,3.7888597052883415,3.782127711729049,3.8493008324748677,4.071316285628644,3.5794663743996136,1.0,137.95341521384847,32.46980288686815,22.005004798448503
220.43918897736899,228.20125533853022,11.111795978930035,21.40962469842325,3.821982288706463,3.8216565337891244,3.801962487954684,3.7488419653880345,3.772366665468976,0.0,144.5081874977639,29.07522096940307,21.85297716977267
227.21531843350868,226.22227952433195,0.8886939634398642,14.77555027129112,3.779458762634908,3.7727854518427866,3.861624406464801,3.9384453921745113,3.610181050397328,1.0,122.76454631560395,41.59928074818379,23.295242768507254
221.6009966172554,212.51630211323285,3.0704104214162546,10.477304052390366,4.079463973126971,4.079463974310033,4.079463973567927,4.079463973607267,4.079463972293255,0.0,127.2406190969727,31.62011052831719,24.473579137699076
210.33926418741464,208.01213965945774,1.1290249395522065,4.7736808236156225,3.797968055497599,3.786941683431124,3.896964933094943,4.260605348560813,3.4550014877619013,1.0,131.01566976760114,40.61454937907252,24.529876129736987
214.78124160383,214.6491902554058,0.33758812296148644,2.176970123553759e-15,4.122415700631449,4.122415703914985,4.122415700802088,4.122415701197424,4.122415700881993,0.0,120.53394428673872,23.896718601785867,24.27808669150933
204.32910337251883,203.83671227412916,10.324434665736792,0.0,3.978101062752348,3.9781010635608585,3.9781010642985097,3.9781010646518875,3.9781010597771247,0.0,141.15407884038697,26.031400145648075,23.40093148907145
202.62533760549542,205.07116623662205,5.064860606076685,0.0,3.9152870910320825,3.906642166113608,3.992902880054244,4.278005184070811,3.646393551913968,1.0,137.54186587301524,33.379147399274025,24.123168166651475
178.83801275690774,188.23605836757932,9.757241248669702,0.0,3.573106217947112,3.5731062184057962,3.5731062182058206,3.5731062182410125,3.5731062172622905,0.0,165.94456533557414,18.900554015767092,21.009423674820138
176.1917690599882,171.64152618638838,16.222707795495115,0.0,3.574948837765525,3.5741206308056737,3.5823846482032127,3.6096982444886727,3.5491880833855936,1.0,177.1732513354872,18.58732814718447,19.811530469277958
179.53118627885075,186.56129032092275,7.3477710750869,0.0,3.609744167160178,3.604362295606738,3.6580636386890153,3.835553203590542,3.4423453186606117,1.0,162.68572228293192,30.97515973679139,21.930319697636275
191.33813410723673,195.09007687845698,0.0,0.0,3.8512211094188564,3.851221109889504,3.8512211098656626,3.851221110063069,3.8512211087019597,0.0,143.6618658927631,28.450226458510958,23.18264672156401
176.74452363050236,173.1601932652474,5.281671456520341,0.0,3.664303238032312,3.664303238341424,3.6643032389469408,3.664303240530135,3.6643032353677993,0.0,163.68365556028556,30.84619178257017,20.36923623662187
171.49124230559312,174.78372058877198,3.833006066220354,0.0,3.5761963814232582,3.572205336711254,3.6120287440534145,3.7436500157305663,3.452058099710638,1.0,167.01057150096366,36.64946426724729,20.78124587084723
182.23616202910756,188.71686546177014,0.0,0.0,3.8418113178262168,3.8418113183073723,3.8418113181426286,3.8418113177570428,3.841811317458473,0.0,152.76383797089233,23.680600971794867,22.148913878658952
176.4370040146126,168.333746773777,5.382825563296286,0.0,3.805487318578276,3.8054873191882193,3.805487318867962,3.805487318702872,3.805487318524874,0.0,164.0028152881781,9.22749515851794,23.44727432013215
181.42837669043683,179.3430774006023,0.0,0.0,3.5295060298866154,3.5295060301975436,3.5295060318166054,3.5295060369129025,3.529506023705119,0.0,153.57162330956305,36.29802201668054,19.414201852739147
187.84018115296888,182.6234064586627,0.19336121575244528,0.0,3.6956962775723485,3.6882541448809967,3.7625131657270083,4.007948391883833,3.4642146454073344,1.0,147.33315242206436,38.827055765480864,23.16190228752331
205.7927881771978,207.14641360426774,4.873105082407839,3.148454904726589,3.972295951778548,3.9721895371109057,3.9732513745915234,3.9767608772448786,3.9689859695500074,1.0,136.7037399297427,35.895811663005475,22.631005826435228
231.08208361801405,233.44630159165195,5.836030047773453,8.052982920516959,3.912429944098575,3.9111896807141218,3.923565293407043,3.9644682130510973,3.8738524476361476,1.0,119.57540255153151,34.40572351421546,22.890192911075516
218.82672906225835,215.82937753774692,0.0,14.754199405678477,3.9887298470969927,3.988729848164354,3.988729847922372,3.988729846300979,3.9887298461157936,0.0,130.75366265470728,29.67720898497487,23.932373759048136
224.81298377180227,232.85365933416475,5.993428470668971,12.320854961037664,4.040546687686949,4.040546689087815,4.040546688212699,4.040546687923214,4.040546685280845,0.0,129.64340529599028,35.00863527881289,23.60357211218106
221.00079334379387,234.44671240799542,8.708717347163484,18.743922690933765,3.9971455649421994,3.987629856255442,4.037525561373391,4.225942738716835,3.6236378043713775,1.0,143.27555770194692,28.895796920205687,21.3222601942064
219.18553955310256,220.74840203901613,0.0,12.314410670850938,3.942005489409738,3.9408046045422704,3.9527873243842926,3.992391712859828,3.904652707431471,1.0,128.6728182991613,41.37812956994707,24.254816469269258
223.60037514334704,228.90274661768711,0.7620516965265816,14.287996108251033,3.8400438047080856,3.836730536878402,3.8697909696108868,3.9790597808007173,3.7369871909850274,1.0,127.31819848701275,42.49161451188938,23.75268861764296
225.74282976435433,226.9522980052806,16.9355093124146,10.829036425218055,3.958816350356588,3.9370889590511773,4.153889034160468,4.870440036366836,3.2830030266584145,1.0,136.46622012698458,26.858439624724852,24.97084970177336
222.0900217146388,224.29288082207717,4.517559862277701,18.467480391905546,3.966878701339261,3.9668787024730374,3.9668787020304825,3.9668786998253545,3.966878700108595,0.0,133.25295945826076,18.585484260139886,24.75639059114477
220.38040706993067,215.6958269408888,1.5916809976327004,8.340924477609656,3.901944272665603,3.889858256259582,4.010454895960642,4.4090416921457525,3.526018114201499,1.0,124.41979654080527,38.48148986347636,23.59406945841538
222.94008202199376,222.0922720771146,12.55675201477719,4.923988143015479,3.978828185984079,3.962767591205651,4.123023286891957,4.652688131539523,3.4792760826501232,1.0,128.6046113909918,28.38945499219989,25.142126729329057
218.76032695298127,227.07550962906646,8.721971929113737,1.1416056001998895e-15,3.999826741083824,3.99705146547036,4.024743701942343,4.116269950515433,3.913503978497604,1.0,124.73820051232701,31.225510051544198,23.78339075621519
201.73529582350025,198.48142994722252,0.0,0.0,3.9713340278205345,3.971334028422858,3.9713340282813916,3.971334028670073,3.9713340264745858,0.0,133.26470417649975,36.27392795006374,22.832421697792554
207.51171218621025,216.21507051903438,1.9796339711603483,0.0,3.919198063858423,3.9067427994167954,4.031023815798933,4.441787913162929,3.5317869126456163,1.0,129.40380105859913,35.24714209030266,25.15775266838565
198.36150468123432,207.3875742227341,0.0,0.0,4.010932783731548,4.010932785347215,4.010932783993897,4.010932783834249,4.010932783672583,0.0,136.63849531876554,20.81856363705085,25.1923250183258
173.88378276510005,167.73206794323224,8.394498209781567,0.0,3.594068806237276,3.582572936627242,3.6972809183358537,4.076404950584728,3.2364989042558623,1.0,170.6017856416079,26.358500833849785,22.404611029759767
166.218614503283,161.9929620267638,5.92311716163548,0.0,3.652320502186941,3.6523204942029452,3.6523205787631805,3.6523208578360573,3.6523202375820456,1.0,174.1731579088699,30.70906578602102,21.60541885954339
171.0628817840199,179.86544818018734,14.615352175108315,0.0,3.5210774154365976,3.5111554119521973,3.6101590585091294,3.937378326113471,3.212461365121303,1.0,177.466751100941,21.79949376755381,22.208695937420018
165.84412627985213,164.84891002160703,16.255818870326102,0.0,3.558895481270994,3.548728120338895,3.650179987762765,3.9854909262941396,3.2426477907820344,1.0,185.30168443962114,23.740951106326666,21.51593297308111
161.9188555065453,159.34073327267592,4.91720898899722,0.0,3.683777327679272,3.680017381186386,3.717534846160327,3.8415346966381247,3.566827172110285,1.0,178.0112222860801,32.020921121228454,20.827395160372973
180.68178460344853,171.4554229741922,5.045617432111129,0.0,3.8149559939249387,3.814955994729226,3.8149559942327413,3.8149559939981788,3.8149559937415933,0.0,159.26160815685745,14.395441624419703,23.211873230566344
161.6592396112453,162.5663277888056,2.975897573499853,0.0,3.4774268548218368,3.4774268551301075,3.47742685525406,3.4774268554963,3.477426853534749,0.0,176.12930025722022,33.68394586004511,19.244929567215426
193.7866387036029,198.2804748123811,4.255226346254169,0.0,3.688255402778518,3.6882554036870854,3.688255403039981,3.6882554030901185,3.6882554024520267,0.0,146.08866343768057,19.469394644241895,21.875762907306758
203.3628782820525,199.68325531922264,4.285970477027144,0.0,3.8964167020240654,3.896416703345656,3.8964167021595717,3.8964167022649616,3.896416702054501,0.0,135.71980461257323,16.50859509341633,23.223278424996206
192.9361425754628,177.97069077858828,0.0,4.1846856442996145,3.66855305783418,3.6685530586188513,3.668553058447728,3.668553057894459,3.6685530567736824,0.0,146.19390052502135,34.72633730814766,22.39325946918527
224.31963908029428,234.77725969300414,9.373832505086586,9.724420566747126,3.9549696571161475,3.9424047923322147,4.0677794356867985,4.482158109570249,3.56414942693063,1.0,129.41996194722154,31.512205750916117,25.464189394770408
222.97796563088315,213.52804289934284,8.01067459790399,13.904461909457295,4.0361858433605216,4.557909564479681,4.048582293199525,4.094117569518122,4.113955770505965,0.0,131.7541183359699,22.737657611498555,24.792057279445967
213.47813054607872,213.66113494967013,13.37849813323985,9.045543976575273,4.012047846301254,4.000114466280533,4.119188014400265,4.51274078326743,3.640869515895377,1.0,145.1585782039852,26.77442448546913,25.73208050676191
222.84321104030877,228.7484740750305,6.003981589559718,12.167871427270317,3.9399599178109668,6.033108798178769,3.9896943160127436,4.1723812627827135,4.251971867080102,0.0,128.75945774685889,33.177809507145405,23.455072295117198
218.42261210508246,226.7032548059246,6.74911436104515,14.394460094939545,3.9252803484548178,3.9145596245293093,4.021533060569365,4.375093467214095,3.5918207165091776,1.0,138.34460228885467,37.57272677792172,24.309510305538808
222.55221643291247,231.47660013327297,2.504566190797317,17.506676562234134,4.083477651819337,4.081293363854887,4.077997655952706,3.9203694093877655,3.9723602240278932,0.0,132.9576163898629,29.05835555547389,23.122033527757505
217.5935349814775,219.4138250894031,0.0,9.973871912951024,3.954552567850568,3.954552569457599,3.954552568124501,3.9545525682252753,3.9545525677578235,0.0,127.13745967424347,23.004837188392273,24.005724961005434
212.13184114239664,214.5936385887724,0.8587010555006281,15.154060386829071,3.822869856482498,3.820960298876898,3.8400142374000192,3.9029898566078827,3.7634745546026056,1.0,140.20727841261697,38.789724754579495,21.779576783341764
222.81676751402742,223.22773522703775,19.293708853471507,7.2509910774760025,3.926221540496558,3.9072470155378936,4.096578461086515,4.722342252813733,3.3360339527162237,1.0,140.50755864133654,21.878128925072406,26.273683679668007
212.81648712353334,204.73405869498907,5.087439415928808,3.335182380866987,3.904642085045984,3.9046420859524447,3.904642085857069,3.904642086830705,3.9046420830831954,0.0,131.23083738800787,29.079951445667497,22.26569128141585
217.90692060754202,209.09823793798634,7.2886720563295935,2.9317769689103944e-15,4.053703679501044,4.050015796245151,4.086814211845182,4.208437519691466,3.9389949546729968,1.0,125.47867984681463,30.749259611659337,25.91105641400081
218.0320849117162,220.70069447690625,3.6877384872898125,0.0,4.1178698406574865,4.096387336818519,4.310743855289186,5.019218597237099,3.4496736260187304,1.0,120.14543512535437,39.851382021488625,27.38145084632457
199.53081478537462,195.46279873726738,10.936730237420656,0.0,3.8450163258115175,3.8450163273594473,3.8450163261951444,3.8450163265506756,3.8450163252727405,0.0,145.6617662116849,18.183772851157325,22.872116154967923
181.64926814887863,179.86730006130472,2.5729772508563653,0.0,3.7106196262772837,3.710619626820167,3.7106196269022664,3.7106196272161545,3.7106196249297336,0.0,155.61421496147815,31.785246310056515,21.841206186904742
182.63840695563292,176.30343928366975,3.482512135368253,0.0,3.7166078636516193,3.716607864061736,3.7166078639130418,3.716607864130227,3.716607862887311,0.0,156.25421291190602,27.451935137450363,20.624655901699825
155.26964399251509,156.69148664529158,0.0,0.0,3.577733249001144,3.577733249458652,3.577733249209822,3.5777332491576543,3.5777332489665783,0.0,179.73035600748486,13.523674780789225,21.71686900330648
174.81528623792892,177.61956452297215,11.446216735471488,0.0,3.4879150935797196,3.4879150942238355,3.487915093846007,3.487915093812205,3.4879150929081937,0.0,171.12566279080792,20.079614372972706,19.09736171372482
167.27314544308828,170.39554727997125,21.462022812596828,0.0,3.602964859711241,3.5933647284381127,3.689156670894417,4.005760858212043,3.3043603952625653,1.0,188.24997798717834,17.49819458325318,21.926128514931566
172.3119227755179,170.6987536294672,7.610640346862372,0.0,3.702999076675813,3.7029990772152956,3.702999076857155,3.702999076937624,3.7029990765860754,0.0,170.0540918764171,11.422714770995523,21.80013467474463
171.39781445175475,160.3995670236866,10.084135185052588,0.0,3.4371155328470406,3.4371155333199024,3.4371155332685634,3.4371155332586216,3.437115531847857,0.0,173.9199265407502,22.752815203779257,18.335915498828598
188.74073961496583,197.68934718970564,9.889471860021464,0.0,3.670585070198109,3.67058507113487,3.670585070677011,3.6705850711182975,3.6705850689926454,0.0,158.2503159800755,22.614274206686368,20.355818304333518
193.2403930316071,186.70614500335813,7.009615885040369,0.0,3.807873960681436,3.807873961792451,3.8078739608527674,3.8078739609399226,3.807873960335816,0.0,148.27074527761823,22.116688515859774,22.72584638529775
198.4986225416962,204.35244994203268,1.4170537535643921,0.0,3.917510205683296,3.9175102065407907,3.917510205901057,3.9175102059116864,3.917510205577216,0.0,137.90167043537474,20.63671866547668,23.759124399084495
218.08147331153904,222.18069921954788,4.506866790828182,3.8914459364993754,3.928606083339011,3.926747640261041,3.957352024071852,3.940994040092901,3.8915543937803334,1.0,126.28443889169091,35.689779451309946,23.889979296869726
218.4123570143572,236.94834956469717,26.23529031426504,8.802613765566857,3.79270689262909,3.792706775797254,3.7927079652471516,3.7927119033300234,3.7927031774321995,1.0,149.35325610963227,17.005414565184402,21.54889784750658
226.64702553551487,220.44852760364634,26.338064402880203,11.494099568088352,3.9820419976503865,3.959987248861477,4.180053782701101,4.9074008403300295,3.2960463996763916,1.0,142.41695337168653,20.960386842703212,25.154895523055053
219.92660710304094,230.1832111779566,1.940709104184778,15.87483711078886,3.840065500015257,3.8317295380771514,3.9149073594594155,4.189820322115567,3.5807820096617498,1.0,134.1266290426513,41.95019812618105,24.41689439774093
224.7588088082598,223.5632303505462,9.73283833387141,19.215089370117134,3.918400235438093,3.9002269144776363,4.042664272145456,4.533732142411823,3.2861948750323444,1.0,143.45659168691077,30.75702671582236,21.77476854652379
229.7288835632063,230.36251336970068,11.743238402495473,15.091257874731452,3.872545631593256,3.8584460997411076,4.0336973099848334,4.250148998842566,3.4934678807747086,1.0,133.26761019731174,31.259756510071774,23.5127380093287
219.34332076681903,218.62606974376507,0.0,24.651246207009173,3.829489440403811,3.8260202787758755,3.8002384734183914,3.7117589708885985,3.6176507981883397,1.0,138.52727581291495,43.34555159870839,18.45678670717145
231.40152880629765,231.09002126899463,26.299229722857696,16.351694151811135,3.874104573479494,3.8603071693741895,3.9312581392008394,4.20057052095583,3.3301306145701957,1.0,144.73275749716356,20.358827153770285,21.168454357673074
229.2036319760773,226.88709133034303,14.433967906276955,9.214705234791102,4.014148574104038,3.990516835501755,4.235474841079938,4.955881148055703,3.2948578535310116,1.0,129.207082311772,31.291807976796026,25.44533943450927
230.72202610359025,228.79101613727175,12.828238670766147,9.806287948258028,4.090040233862675,4.083921141099853,4.144978624835548,4.346781144321898,3.899710681652229,1.0,128.35955562404655,26.608959390756688,24.20438497800048
222.41666873070295,233.3096302109606,20.450859514324918,5.5867230088690345,4.030913409937055,4.017926982571754,4.147508078559177,4.575789604981061,3.626980738523532,1.0,139.855467948827,21.28222912652832,25.659161290681272
206.22804501797472,200.67645677218553,11.493729055770041,1.2429776046836098e-15,3.726688577985305,3.7173045380003567,3.8109402826812486,4.120417973227436,3.4348054527220246,1.0,141.42974386448228,30.518170701107717,23.549265827503113
212.2154903970092,221.47711818788144,0.0,0.0,4.044859463131343,4.044859465047555,4.044859463313743,4.044859463653611,4.04485946319333,0.0,122.78450960299074,21.621264030555146,25.34658232757641
197.48901919961213,193.2452193215768,21.152255080247496,0.0,3.717934012456198,3.708964224769401,3.7984664838521662,4.094282495188075,3.4389358663104277,1.0,157.5341052473493,17.46333226240109,21.84528544227477
170.80891419262764,174.91549363998638,15.83045611000557,0.0,3.616744302549132,3.6118663328916965,3.6605396466256614,3.8214109537533267,3.465018922999075,1.0,179.66140085655752,20.731099670717352,20.257910548996794
166.76636625323658,169.80456290527462,6.952073480600444,0.0,3.7633586365866463,3.7633586370579892,3.763358636841705,3.763358636761183,3.763358636315485,0.0,175.52366957754583,13.059125788323536,23.28886078145255
176.7337583031104,167.60769224032367,18.67317651795696,0.0,3.6642155031186765,3.6642155034223993,3.664215504033698,3.664215504392853,3.664215500989909,0.0,177.6236956024638,16.311435671521675,21.63357957629874
168.761922552327,168.0294222331123,14.424261656440018,0.0,3.593583454017802,3.59358345434117,3.593583455704346,3.593583459844275,3.5935834489107252,0.0,181.8590708429511,18.797682361058975,20.541281945619115
172.62883471218578,174.97609991155505,22.4021233660003,0.0,3.617347128475519,3.6173471289103105,3.617347128865378,3.617347129226128,3.6173471274694085,0.0,187.644598488773,7.728515685333817,20.05870677712905
175.74664647403768,170.77312937423923,26.68774248646282,0.0,3.606730387644899,3.6037234996151484,3.6337268060561563,3.7328914342581645,3.513203509749538,1.0,184.43713389527983,14.320482043015303,22.00527846407484
171.10407510116877,175.4751166507973,14.998489385834016,0.0,3.4163120079515203,3.4109108168130553,3.464804935385349,3.6429316472215323,3.2483122358005785,1.0,179.32573160579733,20.781348557831457,19.81038176194365
196.12991054663712,187.22105609945118,21.7847431280915,0.0,3.834061043376597,3.8186640145051616,3.972298531838194,4.4800795763157115,3.355148596498875,1.0,158.32164488091675,18.85851877482866,23.7540074674494
190.0099093473351,174.16141149421836,11.127190426662635,0.0,3.624321160853541,3.617580378187759,3.6848411955151725,3.9071464957723827,3.4146544613993415,1.0,154.17045319634352,29.24746698171675,22.738487074824786
221.18982367962604,214.34255828983888,16.742747698944328,0.0,3.9777488187145877,3.9654971548839995,4.087746660652076,4.491796382926776,3.5966703142750696,1.0,130.3295703833469,24.254553946956094,24.339413674522675
197.9912157433855,198.5983803769444,27.49244567947884,5.493224179520203,3.7039104358596164,3.703910437285369,3.703910436462647,3.7039104369466243,3.7039104346746217,0.0,173.93021930688,3.346628899209637,20.55710103054174
219.94912033020637,223.0369505048744,16.6258107691278,7.608450427687375,3.9748703691047416,3.972907938255726,3.99248945579719,4.057208788510657,3.9138304882499058,1.0,138.48341234613844,22.357345497878114,22.862110948813218
231.40130600865388,231.95493542034856,25.34333896252872,4.773194726332051,3.9763371285183204,3.9558949532927765,4.1598709663241795,4.834036891608755,3.3404991927428838,1.0,129.919960935471,20.341579228560953,26.301921088952994
218.89082268805393,220.59378710678507,6.557505716232545,15.331069625260147,4.068468279669555,4.068468281798667,4.0684682800961545,4.068468279779819,4.068468279340785,0.0,140.43150594405236,20.044373221365696,24.384011276587596
219.35246644782134,228.09492983592907,8.003932747396192,14.165626361992734,4.057065669263509,4.0570656703190915,4.057065669666503,4.057065669414559,4.057065668530254,0.0,138.03290780752067,22.942533000831972,24.719566475341896
224.77205831875094,224.3555274362213,19.09933841998314,20.605785057319842,3.8856317036919177,3.8816899763303816,3.885835197119856,3.9178931121429796,3.7024788054053714,1.0,152.11435652313136,25.826955290801106,21.021918144837887
229.45613792265652,225.9163160087775,15.606669087495646,15.378225479177443,3.707149398494817,3.697007768482404,3.798203357715563,4.132667434765816,3.3917004315911425,1.0,136.49666817099808,28.901875523202275,21.9797539210969
223.97298454936512,228.3562112535813,21.18979360830739,9.701979612763012,3.9012512138795556,3.8799187419862657,4.092778232719899,4.7963051123593345,3.237721556969925,1.0,143.50347284221218,21.39087604417561,24.226697714587942
227.09177577184238,229.01527037171596,13.273708156590702,13.206443301461679,3.363014893975682,35.36946594269123,5.445205187393087,10.401617459463369,4.0879377911710675,1.0,133.72799030983256,33.44762133554885,23.54434730437238
221.6738447230818,239.3321187630723,42.69735819015932,9.39074181625527,3.8346670857602163,3.804649339614635,4.104172144371354,5.094131975705089,2.9009889000974387,1.0,162.7365065361759,3.81988079059713,26.44536218249166
219.59093546338084,218.45755656819583,16.612321078777732,3.2472704663790757,3.9869913118118774,3.9869913135046122,3.986991312367871,3.9869913128423193,3.986991310711153,0.0,136.67777720523662,19.253517826118756,23.151754185895747
226.92488303963535,220.093884618817,17.14213214584514,2.067654124063757e-15,3.982323400312632,3.9694423528122043,4.097971926633161,4.5227780348714415,3.5816685607412073,1.0,125.77710663602099,23.11955696752043,25.179182141822253
208.33169278917526,212.9799731014947,27.087627401110776,0.0,3.8191232390055694,3.792050557703723,4.062186929183981,4.9550209682706985,2.977049006493949,1.0,154.64907863077656,12.746830039036189,24.901717608525114
206.42871487751685,198.88411263359248,35.68343948622519,0.0,3.8658004325332933,3.8573598960054145,3.9415811987441596,4.219943000043209,3.603264180259109,1.0,160.1058468704581,7.646744648886338,24.01405320243323
206.97339685587042,218.0808715472284,28.51481757171785,0.0,3.643032848879321,3.6345982087595363,3.718760663768884,3.996927962188364,3.38068004198841,1.0,154.83252035069486,14.99253801774256,21.089611814025293
180.3427504879445,178.99836277392384,25.52771065166501,0.0,3.5286937648382115,3.5286937651399177,3.528693766172501,3.528693769343451,3.5286937605258237,0.0,178.79983109839074,13.483081942959268,19.63061707246325
175.16411479564042,168.73453486896614,11.794828142644223,0.0,3.5678134783414506,3.567156858152746,3.573708748938347,3.5953635557885355,3.547389797464413,1.0,170.61626341039488,27.74955720214084,21.161252424615267
174.06361162964743,176.2627012436358,25.445542290258047,0.0,3.480355654809987,3.480355655022273,3.4803556557576045,3.480355657132869,3.480355651941338,0.0,184.91408794882406,13.375371775417571,20.45406188244608
156.90557538919774,153.75038392830544,34.149228355790534,0.0,3.264742235567074,3.2647422359030442,3.2647422362049956,3.264742236965737,3.2647422337607033,0.0,211.1401588051646,2.5394561813087982e-08,18.500646973156247
169.33815385808703,165.82651892296997,16.62142634928427,0.0,3.3618629326944296,3.361862933255361,3.361862933261327,3.3618629338827977,3.3618629311629507,0.0,183.16775908670505,17.820347497772467,19.286385760757963
172.8020163259054,173.57846229569867,30.694546619440565,0.0,3.6469162400704294,3.6385282628447144,3.722225104912232,3.9988534939245097,3.3860148512009465,1.0,191.79613618975696,9.112894907020381,22.11940760884913
196.52027490613395,208.46934879832693,23.89191287761964,0.0,3.8453114136409017,3.8283822340563605,4.028090573045212,4.38819512888718,3.3717191465401526,1.0,160.30515564720193,19.443939640286956,23.203539877033375
188.85266487008477,186.7760576337607,28.719998956882254,0.0,3.74603192420409,3.7448333559950515,3.756792900104656,3.796320668890618,3.7087514055149313,1.0,175.07866394264383,7.5279287581067,21.05092256070271
194.0794091226211,196.53319382882836,20.05212126489629,0.0,3.730477351568429,3.7304773535196833,3.7304773530210427,3.730477356244854,3.730477347596064,0.0,164.17441476969222,11.893479085988599,21.041857647331774
228.64183564399593,249.13898806313424,26.43781202190097,6.240204772050596,3.9666359066188455,3.94667490715937,4.145849593240737,4.804146511496389,3.3457647791467515,1.0,143.3955422395074,12.190787843405753,26.21041538464763
226.85172538579425,229.42764016903158,21.896712189193526,10.78166326407667,3.714577452297957,3.711651974901743,3.7408429739157687,3.837322820371983,3.623582713708126,1.0,140.18958662780258,23.53163822654111,23.051125485871555
223.3320836732723,215.20103387312017,30.089906345824776,14.08378472860036,3.8729413938738317,3.86839673685769,3.9137442049569886,4.0636231842166435,3.731583400294111,1.0,154.28041211648906,13.326727881839199,23.33623747690215
222.23960937499862,220.89218032523343,30.205257314145,18.10211676514877,3.661265485264386,3.6578239945175643,3.692163855454634,3.805661333805927,3.5542206122086175,1.0,162.014695206464,11.312307241213135,20.756794820380787
222.85238874747864,219.7987181361968,27.486336261287477,15.037131510813118,3.772347882499871,3.764977597181121,3.8385197236858737,4.081585528577969,3.543100963190125,1.0,152.4613242202542,17.244850595244834,21.857396246240594
231.42256822901572,237.64967237216015,19.598823523438952,17.45564892527679,4.030322726607385,4.015156574230539,4.166488661647794,4.666660365343421,3.5585870272933677,1.0,142.18920165900883,20.586693633903867,25.913157248678875
228.36351784715967,227.624993864331,16.406455216815374,21.83212183450963,4.07547232793087,4.074482299726904,4.014628895986082,3.853186991757167,3.924682397027352,0.0,149.30794548446715,11.576917776268232,20.917534274616248
219.4912278717581,212.26919556929613,25.18229094651373,8.973357559732737,3.869004569292747,3.8690044535215247,3.8690056300905202,3.869009522914078,3.8690008958057938,1.0,149.84183735659732,13.216830103002419,22.558129271327868
222.36033704189376,214.69837071286452,31.499150595475726,11.723050311007963,3.6874041653368117,3.669557275540861,3.8682276249781915,4.324235691587226,3.1677234279700723,1.0,157.9142066798309,6.523421391523197,23.42885116048339
225.72818253810672,226.53536566474946,28.7388272849291,6.992171711064139,3.963159868021371,3.961510824967911,3.9779653424629915,4.032349569173153,3.9118675178633078,1.0,141.63248431951047,15.3416165921438,23.9703315827937
217.94466093516576,212.01396386617998,38.10111857398901,6.231871701961805,3.894675765559029,3.8625510098134406,4.233592804808259,4.967942959799158,2.9823528394647836,1.0,161.15789939149522,1.0643782017440122,24.20670151494081
213.8972189937335,220.1056193024604,21.542866066507322,1.9043975228949566e-15,4.019743509303894,4.019239052687715,4.029799327945882,4.010854039650448,4.01356303211645,0.0,142.64407622625012,18.312650532816072,24.890368933012148
222.25761087407335,221.486151772161,24.2779791924555,0.0,3.8961754379117184,3.883110335458263,4.013476441464857,4.444352505431745,3.4897957303385243,1.0,138.23304480694583,15.547933809564988,25.00265525097002
196.20641677009436,196.24993439289304,19.71412696695655,0.0,3.5670201628818985,3.5516979623775153,3.704585805868253,4.20989899340828,3.0904352684520013,1.0,160.52989898048622,15.99301529315823,22.828257543310688
182.18225830211003,186.26397816547694,39.18404737984313,0.0,3.46056371182442,3.4426047250876577,3.621802917520455,4.214075054261665,2.9019636993917057,1.0,190.03787773538699,0.9256069797422131,20.826016439035307
191.5371661881777,187.58810869066951,23.610804498519062,0.0,3.870084096714765,3.85142658256419,4.037594821711547,4.6529038224854515,3.2897569202965595,1.0,167.0272971513259,17.833743043600606,23.775875635860924
184.84426180668305,177.42215536504818,28.47347678085145,0.0,3.77237136328099,3.7723713640229306,3.7723713642277428,3.772371365790568,3.772371360764459,0.0,176.87353591760555,8.144922952460142,21.033240389298527
177.94504439388024,180.00289306577022,35.98596604824073,0.0,3.497961284602215,3.481380520192127,3.6468265462800193,4.193646075796624,2.9822297870460495,1.0,189.76330310651372,4.702587561950532,21.34738379143869
171.87142032169382,171.98067719605106,20.51815239718696,0.0,3.6219219357823675,3.6213188365046016,3.627336678099116,3.647226387366429,3.603163005001666,1.0,180.59026415819986,18.63482945061125,19.922035121732048
165.61604538890293,163.80523096296042,40.1091328480287,0.0,3.3623091180824325,3.34766061248642,3.4938261941517994,3.976921475871025,2.9066789878495576,1.0,207.21505955138176,8.290770515764301e-08,19.844212342226676
168.99437443969208,164.5329940726505,33.07798895443756,0.0,3.4855711715672224,3.4726308341192187,3.601751996301644,4.0285133686689845,3.0830722279523375,1.0,198.88629053130518,1.8221873897020477,20.95395163364812
182.17677331049285,171.12837681886813,32.428986800636245,0.0,3.56188621733166,3.5612673166266133,3.567442835168243,3.587853685699857,3.5426357705260214,1.0,185.71867477905857,6.35102796745113,19.933443913677195
191.67017104469895,189.07894749199002,29.32450307467082,0.0,3.885649589444193,3.8703485158539217,4.023025544984255,4.5276419648117985,3.409721851365378,1.0,177.24226961552063,5.798874338787258,24.604582357124883
187.7849508750946,187.55509031702542,33.990507253468465,0.0,3.6230212825266306,3.623021283002946,3.623021283310955,3.6230212830690953,3.623021280998728,0.0,180.92296126803797,3.203205166894411,22.056070614228798
217.68125566862756,221.92752033723144,27.502413547765688,5.0084715867423055,3.761243323610015,3.754361691246146,3.8230279517238186,4.0499784142305835,3.547195547264203,1.0,152.95465733709722,9.08678395171599,22.921866964026783
215.47549734677852,224.1483347485802,26.501249116728335,10.003752418451013,3.724842686400216,3.72054747509363,3.763405938299915,3.9050583489388604,3.591243515193922,1.0,157.95498020354637,15.112951413781028,21.829944020492615
235.59815805933184,243.39659664062668,27.07835312609232,10.339673194393926,3.905148075454148,3.8984581825827127,3.988387787194354,4.059799854643813,3.7369462612473967,1.0,137.89571237291912,15.040166005894672,22.821423278377587
227.03741104544272,228.5859788621418,34.400163932192775,11.771921015319078,3.9271852020473568,3.914971997367666,4.03185685039752,4.420774335181092,3.538732104720518,1.0,153.25361645598525,12.191433842241345,24.750753904364405
227.1526494645102,221.35227599113372,28.41075385973988,16.162345547084307,3.9574856183752276,3.9532569112676503,3.9452885208852218,3.9451234069444014,3.739633615364944,1.0,156.14312007085428,12.767215738999868,21.35399226607456
222.14284079245033,216.293041348038,35.36251600844467,13.04059211665721,3.834341401752906,3.805460014855905,4.093644028159371,5.046127768391626,2.936008664995826,1.0,163.64047915332137,6.023514928239735,26.22713476303523
221.73169173969427,215.66426322970736,22.062863735268724,18.413560690770023,3.859495270558524,3.8440390554173076,3.9982641209154597,4.507996992041927,3.3787419513215884,1.0,153.08168472068405,24.04002690833718,24.11943374245252
222.620926627872,217.6249578603622,27.152291646962396,22.55218521201295,3.7786904686379073,3.7645498570626588,3.8990724890853428,4.34711677261342,3.32754349110096,1.0,159.73350050203317,13.384954386488996,23.609733730220263
224.85011913819756,227.07649933345135,29.020770346865664,10.754606510825827,3.912513631310392,3.8986153850202006,4.037294772900398,4.495647270723597,3.480219595680174,1.0,151.56790932028932,10.810633471353153,25.640529855256045
210.1124621447943,204.2002628490227,32.360121432022154,10.111999900277809,3.851444717198039,3.8351081672320926,4.0592149705283065,4.20462082603648,3.4484466485240626,1.0,166.1492905977727,10.605240631870643,24.17357996901934
218.37639638196757,212.8867787182627,39.31537972710298,5.3765343240977215,3.8563537842022657,3.831425354739886,4.080165974913218,4.902284416650813,3.080974793795714,1.0,161.6566912721344,0.31721111846034716,25.903657806887427
223.81302578072442,220.39885402650427,38.9232632823111,2.1245936075814702e-15,4.11637744936304,4.099971813808529,4.263670372682985,4.804714306728453,3.60609319004619,1.0,149.5211108143349,1.6355445708601626,25.926015588604223
206.76656634368098,201.57598668590828,23.982430286007293,0.0,3.6729088183584837,3.656923071944719,3.8164319180495854,4.343628341193566,3.1756848040925068,1.0,153.26407342472635,13.722103182750084,22.977023649427746
200.34233758727734,197.8838357421044,33.35868591349477,0.0,3.6989565986254926,3.6971281439692074,3.715372821908296,3.775673729385645,3.6420839417292643,1.0,169.49326264021806,6.146968328498107,22.692564742331278
200.3069184179247,199.31177950119968,30.628058034592144,0.0,3.7599921746696037,3.7599921755649577,3.759992175207371,3.7599921759942383,3.7599921730925097,0.0,163.79408181453425,6.609601668638273,20.917243260617642
193.05825316217945,204.97659635505414,25.13587250838783,0.0,3.795105688313699,3.7951056860325254,3.795105713794298,3.795105806394225,3.7951056003930246,1.0,166.65493593893808,11.665453174394994,23.351039180993126
168.52500234844734,169.92398459278527,26.726045631182885,0.0,3.4086237718702908,3.3964319802812746,3.5180840055444524,3.9201589591021384,3.029407764243947,1.0,191.96608863666933,13.124368449336702,20.390608941901476
182.57412524511113,181.87819221716703,33.02576732046672,0.0,3.590205470347273,3.589844543043098,3.593445947303412,3.6053490313708996,3.5789791045164225,1.0,185.6348165960452,5.9705842547385695,21.67589412643271
185.4338727418806,173.45737410038382,41.62783634194462,0.0,3.5735657882654555,3.5215884987092143,4.040227798493587,5.754394674834706,1.95685350373597,1.0,188.45429393202977,6.770696348033603e-09,26.381850268673908
166.84518190422492,164.6524792208086,27.853137363211616,0.0,3.413047086016542,3.4110854408232956,3.430659116833067,3.495352529976056,3.3520316494115128,1.0,196.58839035302455,10.656714872859293,19.182438074384205
188.2186641267781,190.5173697546475,30.835436674333728,0.0,3.6226895883049104,3.6076245927500423,3.7579459889373283,4.254776750750055,3.15410487444424,1.0,181.10710535304784,4.444335921902302,23.1445869034918
175.35164082722915,176.8805315866787,31.117173980098226,0.0,3.558597358000583,3.545622204636041,3.6750907659819307,4.103000334144721,3.155015495104858,1.0,190.40729536059322,8.770646073419117,22.25102469503386
187.68445420025782,184.45302110191327,34.30949935488135,0.0,3.466618796229474,3.4582011805397475,3.5421937556408567,3.819799579801266,3.2047955439593703,1.0,184.07916276877012,0.4882956683498943,19.284799998434686
189.20497562498628,195.9069893892808,28.080891358800784,0.0,3.6771846540984843,3.677143426242883,3.67755481400045,3.6789144905034252,3.6759022714792144,1.0,176.4725893910721,9.534023073060489,21.593254856011608
201.36096842632745,206.45931618241366,31.790552692895126,2.919284719284373,3.6163169135130304,3.607461727640214,3.695820469926801,3.987857009927352,3.340883361688762,1.0,169.4131751645759,8.239179335873619,21.247090116371027
211.53173197807533,202.22917931763286,24.54797325933942,6.337950323216912,3.851552232279388,3.8493748618274783,3.871101092710512,3.9429089620973183,3.783826811280227,1.0,158.8331480824486,14.674062408035565,22.10994067248202
225.62862725203112,222.85511127732474,38.95868809936102,12.941097645853171,3.7588862916906525,3.7395408695867642,3.9627520839618864,4.406449339080096,3.209094430566522,1.0,162.7252183313402,5.193901313699794,22.287424365980034
222.37113315574913,223.03439524661746,33.16750749530022,10.35048444356343,3.736382646890695,3.7094881361569776,3.977846691202222,4.864804828320761,2.899850256591807,1.0,162.68060396682608,5.938154377879491e-09,23.620826006314584
225.55445812024067,215.95057093078657,25.780394923008476,11.041292881507731,3.902742798191482,3.883468060528582,4.1398419914686295,4.363158403742978,3.4134299408739714,1.0,147.98671923897547,19.19966534119438,23.356349268846337
217.5721985826164,210.02541987479634,16.525611246326083,20.942972758196227,3.8751707742480077,3.8736901104165677,3.8366004081611518,3.7410731085991125,3.739867635182732,1.0,158.27764003912077,23.735655822810273,18.965408867794977
227.90871688543933,227.8271918260094,34.34848724764513,17.932493258174702,3.8773683800382917,7.161340873878243,4.055573243522985,4.733525237040541,3.886962784744254,1.0,157.23692435834266,9.817658372939075,22.87751144637201
225.89274442007715,219.15329512199435,28.512161265881723,19.702638907991826,3.8568888103624817,3.8383560146693316,3.893064467461345,4.141819201171808,3.0563649685216707,1.0,160.40161832389546,16.80975726349177,17.894958905363552
224.71113098850554,227.7434659900182,26.35896091870677,6.7088587979883565,3.892837358900036,3.866303841193761,4.1310603362621,5.006113219707408,3.067533379382679,1.0,148.02567947223622,9.843400988642175,25.152098082703056
228.5042038448809,225.18080528343543,24.734455404791255,7.197743090997218,4.092811078875118,4.09005952479537,4.117515237467291,4.208259818661472,4.007225551489653,1.0,139.9384090583712,17.303088457717827,25.376821519296755
214.32407056458723,220.96352414157576,35.85696724634206,4.9284205580754525,3.7910858119266537,3.7726711823246286,3.9564158660297513,4.5637147151627016,3.218313391672342,1.0,160.21200513179022,8.57474446721786,23.255620523858013
210.30373828751203,211.15142312993723,43.934843538264744,3.1943069395572315e-15,3.755067631518123,3.6999778728355013,4.260406784478816,6.00812009855516,2.060013590710499,1.0,164.69626171248802,5.834891645256993e-09,26.039568048006473
205.4465827508508,204.83345543111687,28.00313312357717,0.0,3.9122885604303166,3.8976317887241163,4.043879858723538,4.527247770909665,3.4564012963210784,1.0,154.66526127090142,14.941429255928549,25.429325942598773
187.69397935411945,188.1832593830409,37.05128425456834,0.0,3.5357036294485233,3.4976904705394247,3.8769930137826374,5.1306347150553675,2.353334532959771,1.0,187.3060206458805,8.67256240129986e-09,23.888805851992238
186.28263215394503,190.62813697234208,27.043057968945856,0.0,3.5304185052027526,3.51661384936384,3.6543593354566597,4.109625162928686,3.101035657327774,1.0,178.93347185961466,7.035922860512415,21.616960085495414
193.6896097948482,195.71530842193746,40.88819653200039,0.0,3.708901162685467,3.6968073797429124,3.8174814518037374,4.216324145367965,3.332733652678183,1.0,181.31039020515166,3.65018641633162e-08,21.632926891211554
167.79440154894996,167.27469403152236,31.3656958792191,0.0,3.5157187937077605,3.5157187941573023,3.5157187951289792,3.51571879710088,3.5157187898027873,0.0,197.02484436350534,7.978172208670897,19.565716378160396
181.89899594083434,182.39179687761288,25.496409783795723,0.0,3.6486501240910503,3.6469755127493455,3.6636851070208736,3.718912377772186,3.5965626583107224,1.0,184.58761039109154,6.7804597263864785,20.27382211198876
172.27722521751843,168.85356262719898,14.25136266342699,0.0,3.430466485407551,3.423207000269906,3.495643528300286,3.735055190682327,3.2046659626780496,1.0,176.04543410504607,24.783322102928658,20.607388829992622
186.7208028168084,190.59862449217022,21.85518827240685,0.0,3.536267117678754,3.5258855969116922,3.629474393994052,3.9718481496492086,3.2133581488062357,1.0,170.55665790961598,17.313258535611116,21.6038737714086
169.60181235643455,164.89175062812552,30.277415549074547,0.0,3.5275407631240894,3.5220886710239,3.5764906858760948,3.756296056778234,3.3579577681787662,1.0,197.25160055059177,3.5635053733871445,20.37872391999378
190.8164558062971,186.0653999712397,27.785616599441543,0.0,3.6374269437375863,3.63359912606102,3.671793831762366,3.798032047002354,3.518365678223436,1.0,173.63250203013044,11.218528215903433,21.506577248231025
205.22896666878518,198.93320654903727,30.440214207319066,0.0,3.887853537009594,3.8852140216698836,3.911551620785007,3.9986006371826393,3.8057534690435606,1.0,157.56431178273118,10.807411765322485,22.728003893279546
208.22744875355758,203.82902245666108,19.085758337152896,0.0,3.87037228067411,3.8471294999621124,4.07905041141997,4.845577642602965,3.1474240012949988,1.0,148.91592341706402,17.36453584459053,24.81867567920123
204.74314197158859,211.55120264906063,36.29055420174619,5.821037283978386,3.609778846980881,3.594823572110964,3.7440501543432445,4.237262420723145,3.1446069081132255,1.0,169.7523888373562,7.47854625037077,22.518614010131834
216.43563005208287,210.80272872724262,29.79903642148451,4.466030212633979,3.709342361261418,3.6886679903858077,3.922116400829606,4.429105997932263,3.1130120574427487,1.0,153.64108670475977,11.670029493942058,23.272415972681372
217.2196171116881,207.97803350634837,18.48029796433015,15.113121564098096,3.715430684827839,3.7154306858410746,3.7154306858023274,3.7154306859456177,3.7154306824883316,0.0,150.66375668198077,22.235999972265205,22.444530019370116
216.539153719219,231.34764883356323,40.23737635194423,17.44493418842942,3.5836718177115823,3.5775534805397715,3.6389776528833324,3.8383827083899065,3.393990954522742,1.0,176.60289766349436,4.018170032209815,20.2380063016172
221.02826371851302,226.31891915517028,34.16303240643551,16.232762562568045,3.679157358866161,3.6615421390181924,3.837310208200746,4.418245377961372,3.13124975245153,1.0,159.60459739477912,14.993226779671026,24.02408124833854
219.9552352269469,211.92371165652912,25.765728201190512,22.087808944407783,3.7751296710725715,3.774797932445878,3.7547421401907304,3.700645880304403,3.7246026926553553,0.0,160.47156965455702,13.146423256172119,21.652336485637917
215.82663212359756,212.6329961379838,22.480827391026075,10.782343956972655,3.7340501991669233,3.71465483991533,3.9235241968973833,4.4644123218937075,3.157168071550147,1.0,153.29992031557492,18.836871199979317,23.08358709062639
229.04786204801607,230.00964139954615,36.471865271415226,19.769784234421667,3.8578732631781616,8.341164092804098,3.998778938879448,4.6297630621057415,3.7504183431723597,1.0,166.18287541433455,1.910955426106468,18.280886339785162
216.3817288885866,211.4763822010425,22.77689192139905,11.988972706222642,3.838684993971662,3.8319716757142,3.8989584516939875,4.120358008670648,3.629872542095379,1.0,152.77840388687207,20.48562159028598,22.144355429745584
226.49494354811208,234.31205669030265,22.309291590696382,4.76692232940553,4.030310508144722,4.02066634933846,4.116897619959668,4.434953843925812,3.7303365584852304,1.0,134.87623458367364,19.62912663666882,24.773324521214487
227.13735326261596,229.91063582614686,22.943998138033365,3.4013710820794603,3.9474526445335965,3.9424649790716355,3.9922328866333006,4.156721972119817,3.792315166997713,1.0,132.5813422805253,19.722473864782952,22.879292173481588
217.16178366232535,223.87247144895755,20.958039313466212,1.4665052640954027e-15,3.8953553932025216,3.89456255054382,3.911159827344171,3.8813840894946225,3.8856417123608593,0.0,139.76007561057565,15.360379035349334,22.88342733901033
206.59292863771407,212.35730534830407,23.27148057959823,0.0,3.8979764846920877,3.8956536749208666,3.9188311250065198,3.9954354591679904,3.825727293319813,1.0,153.84697765384934,14.815012577860223,23.436080286126266
193.2926398999936,199.23812788975576,24.503569918101313,0.0,3.7672422170344952,3.7472456971135513,3.9467747954489254,4.606243085236483,3.145266315166036,1.0,167.7178419259245,13.817553645758984,23.779973065750426
180.70521307024447,173.12654839055114,21.392578805972928,0.0,3.719744273851607,3.7197442742959903,3.719744274259043,3.7197442746623652,3.719744272945478,0.0,178.22497577372172,5.7584931816191975,20.806814702490698
179.2938995551561,177.3540300064265,35.61546597048654,0.0,3.7412872202851677,3.7263518003225617,3.8753802665115664,4.367937735378841,3.2767328522801553,1.0,190.29765884331212,2.9888130593571747,23.68710875745038
196.61300443050533,201.04961526191573,16.029039282975326,0.0,3.6998655074174014,3.690351934829145,3.785280179469946,4.099029741165289,3.403953376966939,1.0,156.09003131017073,24.696288149417725,23.557133830071184
191.4515081024917,195.3448011921624,24.327039774646774,0.0,3.785847344513386,3.7858473451113825,3.785847345161501,3.7858473457919466,3.785847343025748,0.0,168.02165393808716,10.252224911146454,23.089658157304296
172.04886330708655,181.5696655601837,24.455711023523676,0.0,3.5122969807103543,3.5009875021333907,3.6138356419681195,3.9868126682799137,3.160524611697498,1.0,189.2151155256499,11.644017823217194,19.907747973893155
163.06004750735826,164.03787139956606,13.957330208504159,0.0,3.5206371541778703,3.5157362274452373,3.5646386105407815,3.726267020099755,3.3681977153499156,1.0,184.48128845407234,25.81866480984121,19.897724261057583
187.94020569335657,193.62402317256306,17.754273607225052,0.0,3.794498887904759,3.786331442945104,3.8678277737284,4.137183203711232,3.540456973858142,1.0,165.93429123466217,18.954665825991004,23.00988429429817
176.14604711884033,172.11414532344213,31.514144762508113,0.0,3.622081116610197,3.600615587524822,3.8148027258889563,4.522717645850619,2.954412897232073,1.0,191.30852494718397,7.456098541509458,22.945690315921667
201.19140249311948,203.1045600368911,20.758900601032177,0.0,3.8259858945460956,3.8238860322436237,3.844838869431257,3.914090584383382,3.7606713083497247,1.0,154.38680666017453,21.063563632040566,22.251238018661564
218.07399600981404,220.43807082655294,7.111567775735646,0.0,4.228801226900744,4.221577828374089,4.293654286236911,4.53187587542837,4.0041231189019495,1.0,124.53432664323273,31.80385906880627,25.94714876629921
220.61955545611573,212.79849789807668,10.391740605535823,4.407142884927583,3.788420779090704,3.776842517203302,3.892372639618638,4.274213938854353,3.4282880870931227,1.0,128.02159715378633,31.539135149379423,24.388344813223934
205.69032838808252,202.1547635404692,16.108003935230613,2.921511525646704,3.74123932377813,3.7279287477019256,3.8607442224849366,4.299715756149517,3.3272243977325475,1.0,149.16050586011906,25.381542399922868,23.006418007902862
223.62441388836947,223.71937701397167,15.277541972093138,9.40762395672088,3.8189762593624836,3.7998828992236393,4.028598303690899,4.412352842320438,3.290824213779063,1.0,137.04698535822013,26.354535903362486,22.769453339232314
221.46281225371123,207.89682623469858,18.23525401245418,19.8053401142911,3.635556152129199,3.624524221033709,3.7130894281960227,4.017032498286068,3.2553960034953247,1.0,152.7238312791704,26.835131293395904,20.98345399561334
218.4554216300592,216.6645313918148,34.07767637381298,19.25368821341592,3.6490343419922504,3.648827369114812,3.6363147251824213,3.602564525719192,3.617510852671553,1.0,170.5899555276378,8.271011452533008,21.062332395481473
218.9736751808781,222.83975450114391,14.263505797075258,16.820279376845953,3.8345293537243883,3.8309249857531595,3.853381002801308,3.9346489168365455,3.6991718109168024,1.0,148.0015352522044,27.34953373766455,22.37220914742794
228.239160524379,218.8802630387772,23.03814680047172,8.454880678467863,3.817440163569575,3.8028551604579377,3.9483871191561706,4.429388200734526,3.3637851706701047,1.0,140.48343735849073,17.81896448713628,22.641622678392935
224.01709427215542,217.53953396706254,21.913897640877398,13.104466940292955,3.7664709865160106,3.7606033701370696,3.819151573158929,4.012660610161558,3.5839634122840427,1.0,145.10431308970428,18.70715191260622,22.590656285297616
221.35047507245517,228.20775307706378,18.928673081623792,9.669332131132444,3.901251288257191,3.9012512887449198,3.9012512888651014,3.901251289502087,3.901251286415629,0.0,140.32186960979794,22.59613147249145,23.213141095532574
230.3385009298255,222.83995261518152,29.73854462863041,7.139342516898562,4.073124532426014,4.0639240092113615,4.155728594467663,4.4591540772582015,3.786949530705823,1.0,139.16452573881207,13.82845626175326,26.33785863811051
217.63358660365145,224.9718689379071,27.174264891764462,6.042593641571343,3.945342974902604,3.9316691009259324,4.097350681414942,4.360043151132045,3.57034625926069,1.0,150.15478604874897,13.891815688430311,24.74850068078152
218.73028470571913,224.2842015465134,18.759985317304643,2.5375376132196197e-15,4.147638777252947,4.131128926084856,4.2958674423002705,4.840348590117349,3.6341127187726743,1.0,134.01278039337038,22.691705556468943,26.043700950369704
220.87928500641186,223.51458921246746,6.200926096666472,0.0,4.0044820443096185,3.9973434197166706,4.068573985205518,4.303999794773095,3.7824407687977284,1.0,120.20815379318924,33.03684157470127,23.489754136108925
185.24128563732683,190.7440332347052,30.15272562904185,0.0,3.7404204894454085,3.717531974363051,3.9459179378641007,4.700761726588291,3.028491422648626,1.0,181.19919078084936,8.22936009940575,24.88832778124302
196.72905819705116,196.10202832038192,11.601151347053488,0.0,3.9174731015794197,3.9174731024374476,3.9174731018179405,3.9174731020333495,3.9174731010708803,0.0,149.02439244604426,19.63599978046901,23.662759999924766
170.10835833758807,168.84955991137747,32.272194235658716,0.0,3.6161940061857387,3.6103773634324665,3.668416939234669,3.860244896334472,3.4352719364053024,1.0,192.6507749208176,9.696909219594358,22.10662396953815
170.78922385685237,164.24517806902233,16.216280580514358,0.0,3.6946128676666685,3.6930304564529646,3.708820062994859,3.7610066607744983,3.645393204534858,1.0,181.4095645609351,20.184694683328036,20.648310807772276
181.37348789768333,193.10032780016613,3.5373285542393957,0.0,3.8360534737574623,3.8360534743238976,3.8360534743398023,3.8360534734307183,3.8360534732237603,0.0,157.10628358481756,18.751876814514855,22.1218503862409
160.64938387747,155.8221913985354,9.63566195259161,0.0,3.499794938738051,3.495275257671712,3.5403734985320976,3.6894287481240466,3.3592138446224555,1.0,183.72192595256243,29.36943421425649,19.23376491606572
184.9123557374787,194.90664827233033,6.808477392922625,0.0,3.6662731025027027,3.658634517799161,3.7348537752154067,3.9867678245769516,3.4286809837058887,1.0,157.29773553400835,32.18551796171422,22.55887787600211
192.40085541120084,194.14737749580337,12.394623319893872,0.0,3.571808342609016,3.564576605790036,3.6367362587983303,3.875232815108871,3.3468708993270555,1.0,156.09704846481029,28.494197681668698,22.36013003982799
181.91812454141035,180.48019869921302,0.0,0.0,3.7648955638926,3.7648955643743425,3.7648955641823614,3.7648955639170705,3.7648955635433707,0.0,153.08187545858937,21.388999899144288,21.299202841345213
194.06758426434163,197.21289632587164,6.950237480754954,0.0,3.8777067630321085,3.8777067638217333,3.877706763295752,3.8777067635689115,3.8777067625712682,0.0,148.13559116216933,21.95618556013519,23.780267019771493
185.0712732984874,193.28777639079652,26.069815453987268,0.0,3.61965425511977,3.619654255616841,3.6196542561195586,3.6196542583271594,3.619654252155056,0.0,175.4553373364225,10.322025403396108,21.553627702065743
225.75602102002335,235.30768013546108,15.158241802002111,5.094719887506481,4.051005913292876,4.026339071546124,4.321001581663696,4.8220330842676535,3.3672778238871297,1.0,129.9193651643462,28.39473195069389,25.540623421798315
211.7691003282724,210.2370630381733,17.49110598024877,11.370906135665425,3.967851638497662,3.966260481001847,3.9821373602095917,4.034612402394127,3.9183599280705352,1.0,152.2395887767206,22.294701107850816,22.983662631696777
215.65784786004545,215.64931471600366,9.364404293907336,5.126571208332953,3.950629526607172,3.9491494867177632,3.963917615833071,4.012728106286912,3.904594031303247,1.0,133.02907896003802,28.844059115646182,24.229897201161233
222.99718698770764,221.96872787676227,1.2692997716592451,16.937969907451404,3.8561408358612272,3.856140836860799,3.8561408360504994,3.8561408338133503,3.8561408336704024,0.0,129.89888948730692,29.828102184894924,23.008691779975948
221.94220775134,215.98393794283828,13.674423654329615,13.081493218974824,4.009844114570922,4.003535615285116,4.066483033428364,4.274532019234929,3.8136232226727373,1.0,140.42779668037923,27.948828814125605,25.185950811843107
224.51024315626137,220.69908089135754,18.16528805729228,12.253517985090024,3.994830524112743,3.994830525360415,3.9948305242147084,3.9948305235901875,3.994830522777101,0.0,141.5485147192452,15.56022588696997,24.013699696059852
227.50392268520676,241.18117035394556,30.78989416709006,10.082372151179113,3.781972561041398,3.7731071177605653,3.8628511562938326,4.146966065293288,3.508427680841258,1.0,145.14419907138682,16.363893009080055,23.970758039806555
227.5569994119349,227.19096133891708,0.0,16.32351559747637,3.6642506863254014,3.664175845707121,3.6649226873134055,3.6673911115471225,3.661922596486848,1.0,123.45622513935291,44.61587026935823,22.16769418399961
226.84395547799744,226.2529441223834,12.017732202560499,9.4398621262395,3.8929365736410633,3.873243605891643,4.069743811883604,4.719201242666128,3.2804023893785006,1.0,129.15894729838826,30.829728477227224,24.965458098595644
226.29953961571323,235.87416704638792,18.074982165929327,10.173733323128223,3.993209564859125,3.993209566259706,3.993209565495939,3.993209566183074,3.9932095633270577,0.0,135.83851935805225,21.173207352711003,22.753000358147325
220.13122518678756,214.3064125686384,18.50729230114311,3.103135666297792,3.9974382509526833,3.979608706104811,4.157849006721786,4.743703868636889,3.4434386316068806,1.0,135.70411610755843,25.925009622287998,25.997001740932223
224.0538636008142,236.26771829734426,17.544635201725622,2.1780235208309944e-15,3.9330572087760625,3.9190259655079505,4.079766008374309,4.409017118758084,3.5323050398805043,1.0,128.96734674551308,23.388211934553873,23.894131189414438
222.54921291291888,228.7198587941998,9.133466866825941,0.0,4.135872824710146,4.134772301195849,4.1578104867039585,4.116479640297262,4.122389574126066,0.0,120.75071498111623,28.69879397297884,24.396677156041225
211.4752151846694,209.27909376730437,23.326130993616143,0.0,3.8124727781569185,3.798310728895727,3.9396223653909392,4.406674760689595,3.3719734554616894,1.0,149.7809417589406,13.619505272948187,23.790037410701416
193.16895206645086,192.58149127500374,20.304520574741474,0.0,3.823521688492189,3.82352168893209,3.8235216901242874,3.823521694680198,3.8235216833382157,0.0,162.71863982545884,13.217627553557445,23.77962534367667
191.212011941244,188.99831340003954,2.9886799542857423,0.0,3.7720873944193145,3.7584505230808407,3.8945218313649828,4.344254295309745,3.3479233234930454,1.0,146.9664597281047,33.357998634489704,22.700926791980056
173.1036371408069,180.97613114765426,2.708623989216674,0.0,3.616948032077907,3.6169480327255052,3.616948032183335,3.616948032222152,3.616948032111332,0.0,165.09978002920548,10.802332346957959,20.94932556131216
175.96499587851795,173.7574880433685,8.353107004037811,0.0,3.687248086244947,3.68724808666677,3.6872480863328883,3.6872480863662234,3.6872480861776062,0.0,167.0715554892505,6.9113466126490515,22.264493852950494
184.1763592498869,183.36725870506507,7.760536598849504,0.0,3.5624401010772573,3.562440100216177,3.5624401185223014,3.5624401782777095,3.5624400416314046,0.0,159.28814821182033,31.08419008944342,20.03766600993583
169.56879693887,170.07381332592738,5.090335337256762,0.0,3.7014328485908607,3.701432849061376,3.7014328491842523,3.701432849817568,3.7014328471776308,0.0,170.58815573378251,27.64143236421165,21.1844240571093
173.67449298748718,172.3902570986374,3.085146013738402,0.0,3.7062348607808,3.7062348616039187,3.7062348608727955,3.706234860990839,3.7062348608726667,0.0,164.8485925670021,8.515711933868019,21.048670282013866
175.96732420615007,177.48910812246564,0.0,0.0,3.851207190297328,3.8512071912232364,3.851207191275236,3.851207189681375,3.851207189733092,0.0,159.03267579384993,17.05977586152167,22.612899069233237
196.39041555079515,203.56944097190782,12.630135689385739,0.0,3.7433310901081445,3.72815997777081,3.8795402355458015,4.379870667300951,3.2714456700210133,1.0,152.44904865170565,25.420141256784618,23.976486088211747
196.18537902005485,205.29202040901376,1.2237184972782955,0.0,3.811384436043051,3.8077475525747637,3.844037079041986,3.963978443833607,3.69826203147952,1.0,139.91359676922644,36.77024472882225,21.912910287712197
196.75665928550964,189.78728232162254,0.0,4.83884370559652,3.6250719427805715,3.625071943854156,3.6250719496518955,3.625071969146567,3.6250719209953166,0.0,143.2312582332021,39.605776261473395,21.89567135984232
215.52327444303464,205.28118279238797,10.174552490104547,7.592242150489411,3.901488020740444,3.8975513257091428,3.9368324233600807,4.066661292625958,3.779040237737108,1.0,137.84990022622227,34.42131133791297,24.03646154547678
222.788172862238,214.69835790471456,21.7387306626661,14.431438385096902,3.863730941910284,3.8419609931275875,4.059185702809952,4.777140176996367,3.1865939082579886,1.0,147.51443680609663,21.51797552204316,25.106021157527653
224.48067140527758,223.99935443686218,9.382102648755021,15.591316245591361,3.7432395554224485,3.72994426288442,3.8626072341208673,4.30107471816994,3.3297000186579813,1.0,134.31783166646798,32.79530590857692,22.887741629395048
218.8111197479688,216.59880719520635,0.0,9.532976988092143,3.9079359669879143,3.904782742109381,3.9362462252605392,4.040236919100845,3.809857398010047,1.0,126.21857126200828,40.18520403269861,22.733747609120822
233.11267218141217,245.33276269212536,3.4028708165717516,13.54116202519586,3.986976751668489,3.9869767610588247,3.9869767523335597,3.986976751544589,3.986976751971341,0.0,119.62305838677759,21.98787870460916,24.46763395189874
227.81542249978398,227.84315653646894,14.277730624862144,14.457438637349245,4.013880832537336,4.001867697351676,4.121737073774979,4.517920160280349,3.64022172242829,1.0,134.7444922303844,29.983367237919484,25.160358762551137
224.49783373134008,236.81717560212513,6.130366394493902,18.136365920253674,3.905525976537719,3.905525978024647,3.9055259776569926,3.905525979925095,3.9055259727966085,0.0,134.7689406593184,36.2026419036384,23.880510248452072
218.13925335598108,217.55564032243856,4.460813183430511,13.714801510698612,3.900507369162414,3.9005073703004736,3.9005073707067557,3.900507371587434,3.9005073645493815,0.0,135.34369778605463,36.93261223580801,23.037638260976262
219.10608025416198,220.09876922595282,5.513395493837302,8.0175475429535,3.987631713246352,3.984157946691552,4.018819866715618,4.133381793640087,3.8795829125463683,1.0,128.39780538443276,33.30769249201378,24.089029706968386
222.07821309984493,208.13224065198523,7.965128841556571,5.622671972515414,3.8398870401190015,3.8273411826979395,3.9525261452383518,4.366277893002141,3.449658092781687,1.0,126.92453441411078,35.66165646485365,22.917602028019086
205.67471661986062,197.92479893863353,11.571367289297717,2.7716509079393654e-15,3.9503155927213345,3.9503155938156578,3.9503155931391554,3.9503155933685754,3.9503155919408295,0.0,141.75927920742805,20.782645405766072,24.58390696353681
218.32035523216328,220.55908835593385,0.3784309490897995,0.0,3.899224980847159,3.8880613846130307,4.029224000195514,4.205723635246513,3.6032187620294747,1.0,117.06314845865006,40.71752289277491,24.78410840973707
188.85537769965927,193.31811281108457,11.40139065644598,0.0,3.8621159581205275,3.8511904820977123,3.9602069699196756,4.320519914067427,3.5222876881791656,1.0,158.0604302538303,26.910161696869512,24.541184635034995
190.77047175784915,182.87456820610873,11.447974016472894,0.0,3.9109363995863653,3.9109364000576945,3.910936399966855,3.9109364002222646,3.9109363987438717,0.0,156.44566854495412,19.360731458671275,22.854801675510934
193.5711071003729,184.17716810205266,0.0,0.0,3.718027211933633,3.709921730661327,3.790799777066793,4.0581117020791915,3.4659126252074115,1.0,141.4288928996269,37.18745737267729,22.68103349262538
177.16014966907633,175.15589115066618,10.227034629771419,0.0,3.8561668942871,3.8561668947246024,3.8561668947673,3.8561668953399404,3.85616689315094,0.0,167.8743899638521,20.077519854663823,22.915048250962585
170.85004713758443,177.56587837813237,9.111482772558672,0.0,3.5127849024027302,3.5127849028466835,3.512784902998159,3.5127849037314265,3.512784900721786,0.0,172.5238307499684,25.379582583819214,20.163545815280084
177.38704855783428,168.04720078943228,0.0,0.0,3.748830479088434,3.7488304796518683,3.7488304792365206,3.7488304791502505,3.7488304788693956,0.0,157.61295144216564,19.414909641904003,22.397851695180048
188.1571749238711,197.8272556633514,13.425819560850853,0.0,3.548427284652551,3.540957075296464,3.6154962520157468,3.861857425712839,3.316072345955285,1.0,159.95744474237642,29.963367774807203,21.69038624209274
179.01562995059635,175.75166462466072,4.3452180144859165,0.0,3.6288531434070417,3.628853144158743,3.6288531438991174,3.6288531444078247,3.6288531422379555,0.0,160.39643514088615,26.72374731940133,21.149457687943414
180.40594956214917,182.69582471057592,5.837682197868085,0.0,3.7772096063066782,3.7772096067500205,3.777209606741363,3.7772096069597807,3.777209605448974,0.0,161.24519992567645,22.544455862652992,21.76097922898748
207.1487440036185,215.36766029162197,9.229391198636682,0.0,3.823926196094455,3.8185343571166017,3.8723351594099467,4.050153449435671,3.6562173111417255,1.0,138.01465113301842,28.425403735550375,23.89336588504375
186.78342281070243,188.74778735397817,9.534551740006123,0.0,3.689098978710963,3.6890989793658098,3.6890989791584854,3.6890989789871496,3.689098978016436,0.0,158.27778222909376,19.793487019623157,22.309938727879214
191.7864590688114,196.43872015080885,0.41812165566482884,4.881094712399879,3.554974782609926,3.5526859236306962,3.5755245971609657,3.6510092306104713,3.483781634732586,1.0,148.65131998860815,38.82508426701472,19.78927595506368
225.9475109456466,240.2733352694548,0.0,11.513011057702645,3.1391682996919044,34.179467881839116,5.100497137485374,10.238859542845226,3.9034018769801464,1.0,121.11059655158448,48.96780803110911,24.477683055171717
223.52777890937486,224.2060861061183,13.08081587363635,9.550547846892773,3.902337763352258,3.882906801440127,4.076792669611435,4.717609391898229,3.297953040888211,1.0,135.74814749050773,25.821392872316178,25.258610404058
217.52487962630616,220.04618528703705,3.9574296540226737,18.579127603549917,3.8920996565574075,3.8920996578926923,3.892099656808798,3.8920996563841284,3.892099656377859,0.0,140.7119770311599,16.987619882904625,22.645342711023826
224.9602872321766,236.2236766902588,0.0,21.39608400432407,3.9417554320959,3.9417554336010983,3.9417554323739203,3.941755432162292,3.9417554316687826,0.0,130.45252100149455,28.114084726504213,24.11847394964942
220.08973343192113,223.58134724255575,7.009257318831297,18.55993627286103,3.6944112786495644,3.6928504594187324,3.70842462309751,3.7598991529375367,3.6458631879823375,1.0,138.7263920769596,38.607617074332104,21.214372878104452
222.57003863535815,222.43952810974844,2.6158548142525726,14.623894570246291,3.8417683841103365,3.832541805083007,3.924606380924175,4.228891160611889,3.55478293617841,1.0,130.21693000136614,40.40860806926743,23.94502758884759
224.61057016106912,222.89204534752022,9.345386830655675,15.733221527859369,3.931024518134984,3.9152179715512943,4.045700350798781,4.49117163405313,3.3925023968753565,1.0,136.95783562434733,34.44492774402186,24.303817864791547
228.43950727309584,231.9924892911029,10.09310916053118,7.392618539975455,3.864712240676009,3.859708578383675,3.90963608486062,4.074652655937471,3.7090772653453907,1.0,123.30272660312505,34.2841629946547,23.594558928746466
223.20720532814397,223.24272522997774,4.175863134829367,4.7893140140442485,4.0559616697344,4.055961671043769,4.055961672470317,4.055961667600487,4.055961667794522,0.0,121.10360852582411,23.33148520245455,24.879604153844927
226.94680969345137,218.84903351852614,4.064401554486949,4.003026931873636,3.8432579074658677,3.833126675649707,3.934218072163101,4.268337608667119,3.5281338791862833,1.0,116.56524757754164,41.490931203120965,23.837281654468068
216.70263183781137,217.42128158927073,0.48330715929196255,1.7588666699262365e-15,4.062408368641942,4.061780025771547,4.074933698005389,4.051335810901404,4.054710094068894,0.0,118.77986657942358,29.958638518872576,24.185041064247173
197.97502317834667,191.97101344782672,0.0,0.0,3.796936627559412,3.7969366283303345,3.7969366278046226,3.796936627754884,3.7969366272936167,0.0,137.024976821653,23.331730208673445,22.19704071613515
197.2427073266841,189.3018812337626,7.839595788983865,0.0,3.639211105180853,3.6328339266670717,3.696466639839993,3.9067806109745034,3.4408539987608053,1.0,144.72820049707718,31.995911932784328,21.012975106981578
193.7874083967168,191.67112799533712,2.044116201555183,0.0,3.7448152242222266,3.7448152247149222,3.744815224530023,3.744815224273359,3.744815223507253,0.0,143.46522544091042,28.308220229924668,22.460041132935128
181.60499748412053,191.02839652110308,7.39559776294633,0.0,3.6272102941563316,3.6272102948618374,3.627210294553766,3.627210294800892,3.627210293218809,0.0,161.38784076008633,23.986277388725156,20.850186848060723
172.57433914371154,178.01883743082442,1.961719706017311,0.0,3.6089196719453587,3.6034617330503687,3.657922090530784,3.837920291825964,3.4391548093768147,1.0,164.33606208677193,35.26626050368044,22.0246986139363
176.71222614013567,173.68968129350998,29.172146139263845,0.0,3.459775600932866,3.4445533775016113,3.59644363535603,4.098459679552431,2.986300398229338,1.0,186.2469584015186,10.831305409873256,21.421829682594097
172.57217148930002,183.4229491034606,8.883280274537283,0.0,3.658503576405627,3.6585035767031457,3.6585035777661425,3.6585035809621917,3.6585035720974064,0.0,171.8623415803436,27.005183378613722,20.637271785088686
171.7245590171808,171.07665588444968,0.0,0.0,3.6519173115665176,3.6519173120927877,3.6519173119393384,3.651917311908577,3.651917310832506,0.0,163.27544098281908,30.04048729207437,21.162023829754425
182.25943644557339,180.40684411684347,4.832652099216841,0.0,3.839639475069382,3.839639475766073,3.83963947525012,3.839639475301999,3.839639474841352,0.0,157.57810882842114,17.30124835903283,22.380192577743884
199.1185007030487,208.59417590694753,15.785548233903807,0.0,3.785427893656015,3.7854270381811865,3.7854355931388364,3.7854638732878834,3.7854012202254212,1.0,151.74730262097728,24.205349924003176,23.167613251305802
189.83494052716293,192.7854572360408,0.10519036240054172,0.0,3.9420746883518105,3.9420746889605316,3.9420746889263474,3.9420746895466237,3.942074686965455,0.0,145.2728032360179,31.102857066282212,22.865665611708337
207.97570650170312,208.15461060810438,6.625184849811122,0.0,3.848814137256831,3.8488141389896087,3.8488141376155074,3.8488141375439624,3.8488141367187825,0.0,134.17337729883627,25.926547207579848,23.76069338749767
206.34938867338872,197.77173191124243,1.8243814197201078,3.647635369587784,3.8855138783506806,3.8855138790556647,3.8855138790410524,3.885513880117274,3.88551387632218,0.0,133.76877009011017,36.426673038434274,22.49069420253422
216.7731660038977,216.16804853584912,2.716592661557713,6.368285033490063,3.9306740155188185,3.9273052626105946,3.960920239239914,4.072022218335268,3.8258884774079847,1.0,127.57662278983074,34.27206891593346,22.561017309541313
215.85643949209492,218.91798312280298,12.707842606929148,6.623542024041639,4.0429312001808215,4.027058045037884,4.185443420951613,4.7089266310954825,3.549209293026065,1.0,137.64982182298527,28.762642062366105,24.663450902028863
223.08272421320135,229.72257851291732,26.62091776997333,14.510777486451012,3.8167092708221384,3.802880617967485,3.9720928614827047,4.227101951205532,3.4403162101613574,1.0,154.09013799894288,14.956756981808624,22.38685953006539
218.82461523298835,208.52883517451505,0.0,19.397415106902955,3.8839965284832947,3.8786444844564056,3.9164477922014176,4.049531504616675,3.6906801119348405,1.0,135.39614998734908,42.88934851920584,21.66541200514383
226.46139477045784,223.6380495366506,0.0,20.440412836379604,4.11647819576217,4.115493777990724,4.055979614278618,3.8954527390521316,3.9665429198395965,0.0,128.16470057798819,17.57193979916969,21.5388167856542
219.72064871453938,201.15604961958238,18.535140421658525,12.780489496816836,3.8098900174799386,3.7932085751242486,3.982879533353621,4.383521786120025,3.330984739896639,1.0,147.7585093097812,24.73509476197994,23.019124906447043
215.59401778075758,222.4929824190221,2.4629876223440954,13.377514886433529,3.998865549431167,3.998865550323288,3.9988655507296587,3.998865548470018,3.998865548426671,0.0,135.26704885047224,22.025359325537227,23.022125650598944
231.22027269355678,231.7375990529193,7.116765059766645,11.14797471330869,3.673584245193054,16.552523171100848,4.534519732347253,7.152618985759264,3.8462280601805814,1.0,121.96050591878051,38.98318589190028,27.42430718060622
219.8729275732819,224.12449394407346,10.387510262244538,5.028925370630042,3.868872469720663,3.8540514653474816,4.001938283192806,4.490722464388989,3.407876865964766,1.0,129.89041716074223,34.90042774810532,23.89595464699574
224.79404607481234,235.392870523868,2.0971535201398135,4.90871452741689,4.058866198274521,4.058866202882937,4.058866202218225,4.058866212188313,4.058866187288975,0.0,117.30041391014214,34.061687247865805,24.394810008792245
211.30435512954193,218.64872382035904,21.231862884420554,2.5988557655933873e-15,3.832072869966572,3.8185695937483883,3.9728175524991753,4.292536501097913,3.44563663934509,1.0,143.78149170510818,21.439032414463863,24.039625085464994
225.69946638640772,220.94675281356837,11.472136899786799,0.0,3.937286186559096,3.9204161010055323,4.094651449534706,4.613011602433491,3.4227124585829922,1.0,121.21328101415585,31.71319122657133,24.52687752517748
192.75683383180285,199.38932613277348,19.180971903929397,0.0,3.7637154972181053,3.754618505869896,3.8453900291586955,4.145401113823903,3.480760776968711,1.0,163.63486095118324,18.44709769887585,22.719306658016052
193.2378036208821,196.77389561275325,0.0,0.0,3.895598654277584,3.895598655019931,3.8955986547918724,3.89559865517976,3.895598653247951,0.0,141.76219637911785,30.778695350187295,23.629277690391046
198.63572312078546,207.68348965945867,8.628869615133949,0.0,3.846772279580257,3.8418073995035997,3.8913479234687163,4.055085466711076,3.692343615875405,1.0,144.66905527889466,34.02126761322704,22.03879075971626
170.8118377243819,173.69965014887578,3.005732934033061,0.0,3.68471130490311,3.6847113055554246,3.6847113052093796,3.68471130487885,3.6847113047234874,0.0,166.81681721699516,14.057132667837205,22.563732981468128
168.56773501588594,175.0513991825691,6.414603713507568,0.0,3.8319043286971883,3.831904329226944,3.8319043290585815,3.8319043291301575,3.831904328095291,0.0,172.9836783376314,21.438615195985637,23.739085686942126
166.68764337939768,161.83964957021138,2.409009181126883,0.0,3.4422423786318914,3.4403492409023646,3.459239332342177,3.5216734144323327,3.3833578259853043,1.0,171.1448043859226,36.65120174397345,20.614731507725224
170.3026348114266,166.79119896645236,12.504593611651062,0.0,3.541426385643035,3.5414263860004054,3.5414263863753384,3.5414263863851345,3.5414263841009426,0.0,176.7264037709954,22.114857504235793,20.996970790961587
159.9420170872568,166.81127007600645,6.598327137458304,0.0,3.4070454632679756,3.4069743727285715,3.407683734614831,3.4100282590014968,3.404834226657849,1.0,181.5158216575038,32.95812431085544,19.726300209695964
186.70655576773268,182.73293606450144,6.765178378463592,0.0,3.872155505592423,3.8721555065810684,3.87215550584037,3.872155506002745,3.872155505367809,0.0,155.5133046132331,17.21171260306042,22.60943309628802
201.06171478611228,197.7782117617509,12.030281104912472,0.0,3.868308205593987,3.8683082063259024,3.8683082060674137,3.8683082059560956,3.8683082046713455,0.0,145.96274608063004,20.001923994581166,23.200720876068466
190.1408547711047,182.07229676944658,8.041924340016212,0.0,3.908111340497575,3.908111341137501,3.9081113406108745,3.9081113408034374,3.9081113403201795,0.0,153.07580723354724,15.042808668570263,22.206518540909432
208.9680978351469,209.97040611785138,17.25153704234168,5.560731866633846,3.8873248590739244,3.8873248602241777,3.8873248595527805,3.8873248602908603,3.887324857713888,0.0,146.40378003222077,22.569636646669515,22.591003879983088
195.61498209909487,193.7774535622679,4.962354626164983,10.355559353318048,3.5583312689772923,3.5582094453450868,3.5594250350934584,3.5634427100732093,3.554542006905351,1.0,156.40492241757468,32.816874011177966,20.094391110857483
218.4334131227183,207.3803111333976,10.481205509098082,14.783909905355875,3.630876258709468,4.291988428247489,3.6465846607282386,3.7042855645327286,3.7294238926993297,0.0,141.967687191504,33.11517980184437,21.50923882082264
222.87671175581903,223.29527595307928,19.056886821042614,18.3843875987698,3.710110913258912,3.710110914489269,3.710110913723544,3.7101109122067117,3.71011091096163,0.0,150.4624660617162,19.976631171489167,20.828138340297926
213.55295345797316,222.5329221908514,11.112833898140495,19.90107043336751,3.912634543330951,3.9125187106586243,3.9055158258887057,3.8866270271754337,3.8949920273231595,0.0,153.5208126330354,28.03648120484273,22.48064671095527
224.5374286175878,219.1057969646415,18.68651043785509,14.263388972081373,3.800358956630567,3.7855453641407153,3.9333582256445903,4.421897973295685,3.3395938879871094,1.0,143.1259220820284,26.466535004109215,22.790927482758295
221.41197140926909,213.8862897970571,9.044932552906788,8.166118076468766,3.7846811194041847,3.7840902432899712,3.7899861517555946,3.809472864968918,3.7663022711669005,1.0,132.68238206263035,32.10477860780341,23.202705616858427
225.9556022691731,229.14763868616214,20.84570289666952,16.54055360578559,3.874187798478498,3.874187976940636,3.874187805411158,3.87418781189997,3.8741878162876953,0.0,143.927272690243,23.785113562457212,22.984559986091
229.56456576720976,236.11780187925714,10.220345542049312,15.057128183554616,3.8298369759900566,3.823532909391151,3.838761972378805,3.913968676053868,3.551715810255924,1.0,131.57772804896587,33.58564626629402,21.332736437652304
231.1012072959401,229.1828392938557,13.841906090658204,10.89014658639673,3.9313158518487232,3.909886212296957,4.17289935814449,4.562972544774609,3.349400457101179,1.0,129.36448599086822,31.447027003056576,24.620662261297824
210.39923011647426,222.58517611307508,15.153083981169432,1.6292791554502197,4.028255713469621,4.021668761321027,4.0873946323056956,4.304626746634409,3.823373777020677,1.0,144.07315937669313,20.326866075227993,25.076015265682948
211.93677424807728,214.04464111837066,21.345640424902655,1.5297018187930265e-15,3.8059000008532418,3.7956172605988483,3.8982204162497736,4.2373365093378705,3.4860634891101574,1.0,145.44677562313836,16.931713013409457,23.961535870813524
222.26269431169007,228.11445965820042,14.061231995249779,0.0,3.8511697014804325,3.834898621345589,3.9972545725157507,4.5338610165061475,3.3450706447376364,1.0,126.62880014062884,28.002168423681717,24.989763507996948
201.59211012415722,205.78267748691334,13.09820183471081,0.0,3.9507298059727116,3.9467612556370697,3.9863602128627913,4.11723965298348,3.827291182223367,1.0,149.04873804851098,21.060178331289293,25.04182431642637
182.42273857325995,194.89117205914138,8.035102314102645,0.0,3.57756985263528,3.570055679997827,3.645033531884311,3.892844583867177,3.3438474660238335,1.0,160.0277699854763,32.125147765039465,22.138287712078295
172.35260748671885,165.07115633094426,14.571961071150978,0.0,3.575156183134319,3.5750924308800314,3.575728564671378,3.5778310652721705,3.5731732144016752,1.0,177.35873278660947,21.675117962981876,21.51631154259112
170.33253895573046,167.33199027901168,11.912577725270742,0.0,3.423424597911776,3.41676969721634,3.4831735669357426,3.7026465494874232,3.216429192114896,1.0,175.7246239949954,26.99153617620837,20.14370413896102
171.5511459786872,170.88157520303196,7.575612657282995,0.0,3.6701837190354083,3.6701837195765217,3.6701837194272517,3.670183719767152,3.67018371800915,0.0,172.38959706291857,23.12271111869149,21.40146417159543
173.0499272338414,173.51724904628247,10.825944974385951,0.0,3.8180222966607946,3.8180222971382,3.8180222968977717,3.8180222967637962,3.818022296309758,0.0,173.42289220453756,11.943946564281058,22.296964643402674
171.10259072536005,180.785746015222,16.930223729923718,0.0,3.531717807941515,3.531717806890352,3.531717818481076,3.5317178564789207,3.531717771599361,1.0,182.64169655945707,21.613001436136237,19.79863047767797
170.50933796316622,166.37102274669797,17.810840389580623,0.0,3.380340793503351,3.3799761881379102,3.3836142921981245,3.3956386749346485,3.3690000258245516,1.0,180.74282979685862,19.658373476852585,19.8672982885782
177.7739541295567,179.54552056849403,8.81118657634005,0.0,3.5668057705784344,3.5668057710542866,3.5668057709023775,3.566805771197012,3.5668057696914115,0.0,166.57364876367726,22.314490685043154,21.66877830308772
195.2717395247087,201.50957212978048,24.830037084431048,0.0,3.6920475590814292,3.676299958077246,3.8362670106790677,4.337360471841206,3.207108554934548,1.0,166.5103194529798,13.760084358972009,21.990668728522337
199.66613502186698,208.1514157518284,26.630901052159732,0.0,3.6756065150144055,3.675151729479625,3.679689669974093,3.6946881235276727,3.6614607595600654,1.0,161.8160252376168,11.427370363743194,22.308273321307283
202.99740903835928,207.56330358376314,9.391862456515108,4.7234062015156235,3.9656270301081196,3.9656270308626738,3.9656270306436334,3.9656270313303477,3.9656270287976145,0.0,145.39729454466303,28.924196736992652,23.090394647629626
218.7411782039385,226.49252111255393,22.674558414509143,10.602639222614515,3.850831661193323,3.850831663179475,3.8508316618929697,3.850831662501237,3.850831659340956,0.0,150.7497373432695,14.502439810615506,22.041975356125203
218.00139852565468,218.67288053773015,20.608388956417926,11.621195963981421,3.861178808956522,3.8611788099874427,3.861178809318657,3.861178809231918,3.8611788082078493,0.0,150.31965172657678,12.435486156637305,21.73252750851427
222.73098493217674,212.05773554655713,29.55814758862531,15.628399544205243,3.5921027367739766,3.581154969179238,3.6903938966775796,4.051442002544274,3.251581084711098,1.0,158.6121549820655,14.613191592086075,22.411606308770025
225.33577503276607,238.60288863621403,29.644247932093755,9.122550580095035,3.8842490477298175,3.8542477365570926,4.203287185462166,4.872850039888585,3.0365730608273713,1.0,146.35946924482317,13.068791079391925,25.483515571389788
221.77618195128034,218.33754469682438,8.539285853777415,16.566735757503032,3.924379069656254,3.916440071475742,3.9956569146113,4.257478354523395,3.6774428182078287,1.0,138.10649232272567,34.34260461237434,23.42408458336583
224.8219113663997,217.52898362982626,21.74550790440374,18.60501578578799,4.043735985170877,4.029944957250015,4.13562086749561,4.501553352740074,3.559825233061803,1.0,152.29102566171323,18.56302714700184,22.713334115470904
217.55155634935156,215.46107781524387,19.425336507362683,7.434306687402667,3.782428048438586,3.7707237980404016,3.8875110548400547,4.273507351981311,3.418376586551807,1.0,145.94608015878467,21.91659158565067,22.55676004575745
226.85779133847993,225.06598252014393,28.48241827990663,6.5576810801760175,3.937956091572013,3.9296478281805425,4.01254932287522,4.2865490017492105,3.6795339624421484,1.0,141.032888823475,15.968751622912873,24.186239763846462
204.71971315203052,202.87535358697056,22.48027582276859,4.172099732612942,3.6722422410928646,3.6647855141733707,3.7391901649701085,3.98510671650961,3.4403066471249923,1.0,156.74887443792323,19.398614581818922,22.82705045089182
207.7459996048762,203.58248278608406,15.322605856584188,1.3869379282354266e-15,3.8302975543824163,3.8165995591694646,3.953280770194876,4.405029037673359,3.404232283504724,1.0,143.08569802862962,22.801791913746104,24.96835607760131
201.79582015144322,205.7097512846852,10.002822920619874,0.0,3.77571989924659,3.760271336423651,3.914420044776942,4.423900546236768,3.295204613518692,1.0,142.27375915891906,29.38510664790437,22.99634764210409
203.20869673873872,200.81231340181415,12.680154856775323,0.0,3.9059070548369794,3.904343369297128,3.9199461283367003,3.971515172065145,3.8572698364192264,1.0,144.90643493723093,24.677636155890294,23.63620399491086
176.7190409042702,174.3218969956511,12.121262736015895,0.0,3.7063212137205857,3.706321214463866,3.706321213958697,3.7063212139495745,3.706321213515478,0.0,170.92116076870488,10.196993524964466,21.98498504815324
172.05768175952812,172.9769215106994,19.60598283657333,0.0,3.6714847299447406,3.6714847303166662,3.6714847303673745,3.671484730761122,3.6714847289659924,0.0,184.56598657985188,7.561531690374909,21.934818480060553
160.57462318222014,165.37621572875244,14.87805040232292,0.0,3.380849476234875,3.3808494765185726,3.3808494778492104,3.3808494806363516,3.380849471721933,0.0,190.01945704237724,19.976841419754386,20.02246749417135
166.3311006084673,162.66268528361897,22.020321070779058,0.0,3.545517216005469,3.5313008593905266,3.6731543787971077,4.141997762135571,3.103328727781675,1.0,188.8699933166234,14.611445878458406,22.060238562819194
184.09078919939438,179.65691249411165,20.92093815349394,0.0,3.7454126433601145,3.733086394825043,3.8560800567741635,4.26258928435373,3.3620144611744887,1.0,172.47381690049357,16.129357645116272,23.821000718037933
161.60864875045087,162.540191688063,30.353550142092423,0.0,3.419779248583956,3.419779248853991,3.4197792491605203,3.41977924988838,3.4197792469708896,0.0,203.32557031750886,4.110003623409842,18.927796001255732
181.86111336746484,178.82431222749807,19.17583612210762,0.0,3.698448498422193,3.6962995959903746,3.717741760872914,3.7886107608627246,3.631608572834771,1.0,180.2573581897373,11.879500175750247,22.126330632175453
160.65814038699577,151.51877572007862,32.86440128422761,0.0,3.519819503324377,3.5084898621003764,3.621539180762927,3.99518112729656,3.167420018158775,1.0,206.57655394740402,5.451258419151392,21.73736739187092
186.31138853811214,187.84222894687318,25.6009506507616,0.0,3.675194513903698,3.6708990062070943,3.7137604064595653,3.8554226232881796,3.5415861402439806,1.0,175.11280597963432,15.523193194493187,21.162171824483806
195.42845452591902,194.64832781993277,26.7713204518196,0.0,3.729122703922313,3.7291227052170695,3.7291227049411493,3.7291227036990704,3.7291227029849274,0.0,167.573241699082,0.46163520931504115,22.52295712091421
209.57250548976143,203.76380972635758,39.82256653738781,3.3911756256482812,3.9839167949916083,3.9697445120090866,4.111158253204391,4.578548116722766,3.543099192244792,1.0,165.1877188961495,2.1315650473126277,26.24807311677196
203.32943608146854,209.16257979028606,27.512533855823932,10.55865080299017,3.569062542669383,3.5568683291029783,3.6847984817283943,4.046688953413751,3.200533071448049,1.0,170.25782330885536,15.895415467457461,21.194835968775827
222.35953269603584,221.22294652648822,29.230477928524405,11.092477461786185,3.8997912663959546,3.8805507794810477,4.0725360744091,4.707071178662844,3.3013310383508294,1.0,151.39558454334866,14.269606935402338,24.65321776550532
219.08408079726635,220.65954479585574,23.74330935613855,17.43106277116179,3.643391039912609,3.6433910407741634,3.643391040820587,3.643391040748443,3.643391036478007,0.0,159.29887847692214,14.333108845587637,21.24052871842725
212.00213121033707,222.5545619126281,33.20629817722154,11.338815995623138,3.713561383622552,3.7135613838491133,3.7135613861599506,3.7135613929873754,3.7135613756321417,0.0,168.50551792713955,9.412271520459402,22.324248185403288
227.15473009364524,237.13823096342867,36.208289666907284,11.565389989388715,3.9595683154399706,3.9489155715625452,4.057114965566431,4.3961732426574835,3.6315000761292784,1.0,152.36112310359124,11.621897412799747,24.98189804693774
225.71263302614952,223.0081677172518,38.94990824313282,16.94442482146792,3.7824853765426445,3.7761367829171903,3.8323648742231358,4.0219199045733545,3.5727661903490855,1.0,158.62053189730918,13.55097500867624,23.521616268137592
224.78584942436902,228.47448728752315,25.580931715320297,9.963660520908965,3.9137796068494772,3.9004314287903696,4.033622149121928,4.473833930950359,3.498594943191965,1.0,147.03766850678815,15.08164820625393,25.588886445018883
218.00896238156048,209.2792595968975,23.394214906938917,14.693207869596526,3.9303378595006127,3.924441909495006,3.983272826033458,4.177716263884979,3.7469490062488116,1.0,154.00330308358906,18.244283449691594,22.86961032143805
230.1856877755199,228.52836239746867,24.13357656148332,5.236873360981606,3.9950915816279866,3.9890582620924007,4.076286811775485,4.101255667978891,3.8539379634534066,1.0,137.17676970076744,14.870407568698276,23.734563667783362
207.84799251754845,205.80369944478636,24.322271125005912,5.211634904382095,3.703497075558344,3.688236583671885,3.840508700760357,4.343786837669154,3.2288315325223143,1.0,159.62608599357173,13.224130174137205,23.873097187678553
219.86130383608076,227.46409529045553,26.768798512183462,2.1549423309646055e-15,3.7848636248147933,3.7676171423642573,3.948147785726756,4.462570979997198,3.262952492001748,1.0,136.96720654769203,20.66862171012597,24.376373779566883
206.14666814617163,202.48024902353612,33.500651014319565,0.0,3.6825495703750994,3.672197673321882,3.775490876214066,4.116887656357009,3.3605620344208766,1.0,164.86520605348036,4.345739540771241,23.1965239110618
197.8443402214931,194.31347674813784,23.798764605896377,0.0,3.7617442524371243,3.761744253288316,3.7617442538987205,3.7617442575737083,3.761744248192617,0.0,161.29620404182356,10.515330243249288,21.68216698106327
190.38685628591412,193.8800751999919,26.538483693354916,0.0,3.8646351670425907,3.854355772865185,3.9569255369474883,4.295931263739231,3.544902746004238,1.0,169.95866494076049,11.755305094714284,24.350475352534275
188.65928154914315,192.39988589444377,33.57575721383088,0.0,3.8120590534564696,3.8120590540046964,3.812059054473961,3.8120590559662575,3.8120590507175813,0.0,176.43169934569408,5.504552078934329,21.592876709437324
195.5434825472942,192.8608192532894,22.461604945532905,0.0,3.69212356245194,3.675510888362863,3.8412753328684506,4.3891472777558205,3.17539947985821,1.0,164.72501040275293,13.360722592518778,22.891624911703506
164.7265203759452,171.13538251751598,26.657232229642013,0.0,3.5057618976920675,3.5057618986645283,3.5057618982803613,3.5057618977760026,3.5057618965386217,0.0,195.417477350029,1.5833878685956492e-07,18.88622445337092
170.0443908947508,170.92663970781538,39.01508673262996,0.0,3.4832127244765445,3.4515381395944904,3.767593181628807,4.81219409178823,2.497999939420189,1.0,204.71706402388696,5.79557870867546e-09,21.938931924380995
178.68124300560302,177.67284756867414,22.804477819432392,0.0,3.577991109242553,3.5737204042408446,3.6163343172642795,3.7571785572682335,3.445154208465275,1.0,178.21253622533746,14.863028452409537,20.981948701749403
167.5629260838624,171.85875612022775,14.505961505925676,0.0,3.6592844784879697,3.6562852801525407,3.6862118553168273,3.785122878068986,3.5659967888290134,1.0,181.66820958387942,23.046983379799986,20.840591492497538
183.5231343979943,182.90730398326681,33.082499759586916,0.0,3.452803534380068,3.4434146831491437,3.537098431105311,3.8467347774137823,3.160770773875944,1.0,185.7680256349185,4.482635916256785,20.798820504998574
187.12578034615817,185.60184023857485,40.86776953291192,0.0,3.691795862888778,3.6756598164735403,3.8366683659624776,4.368821488507107,3.1898969506008195,1.0,187.80008875519323,1.2691086064119464e-07,23.131570587472364
203.49141662817854,194.4252520942222,30.133728592790817,0.0,3.7066971591949622,3.699903963325948,3.767687774749179,3.9917216363364,3.4954001710624323,1.0,159.6056051478746,11.031734573332914,22.659449790165908
203.6179801458237,207.76666168328998,41.34448888284958,4.371246557606266,3.680796613558178,3.667099004738097,3.803776356546943,4.255511868657061,3.2547433738649945,1.0,176.2355199163145,2.1666845793922094,22.307826263744822
223.87027267690752,217.52568908760654,25.97936783659939,9.016924317487963,3.7766143432066483,3.7764216263412567,3.778344611536357,3.784700302298781,3.7706199794376585,1.0,147.70734823728236,15.335660368526463,21.592796802022825
218.44442775146308,210.6979247875881,42.368306175675926,9.88977678024106,3.748560552510184,3.740202953224211,3.824166804105628,4.096122733028985,3.489585138173263,1.0,166.58954040312574,1.727468015049069,22.885572923504345
219.60728819605166,222.1483020666623,32.0113993882225,21.00590758681364,4.006107698582264,3.9905234095133553,4.0615803893663305,4.34049006710544,3.37605506812405,1.0,169.17393882616312,9.669891742158997,21.583504158330136
220.8332853458424,215.856911716862,30.628002233526125,11.664323801909603,3.7891047767697215,3.787588018614528,3.8068660592777515,3.830211153783306,3.7490570974916735,1.0,156.130677478277,16.430000838110654,21.88737533738713
230.80529364782456,231.11738497614616,33.79271750451905,19.58018906202928,3.841384957011641,3.8321263549219475,3.8280086611229276,3.864746539772245,3.387342216620764,1.0,160.21594802383908,9.988458368474951,18.593718113902177
231.92385398720194,233.0901964652265,35.8596403377379,15.31739772428533,3.926436244355904,3.9126024539069344,4.013093996871166,4.364818930097901,3.431539875945563,1.0,153.53137117740667,5.912982254369744,23.129548627826544
220.462190389331,215.37400903135307,27.11950056780597,10.223183248661911,3.847964700527677,3.8247266360765564,4.059695592041956,4.806140166287082,3.1304892846617953,1.0,149.4273211614777,19.33615774486669,23.66007307790841
219.7140193196146,217.72036520500686,36.24279084559648,10.993311841498702,3.850137367318189,3.834890128899592,3.9951609719327097,4.445653009087482,3.3898759347041167,1.0,161.32792915493997,6.597658901118239,24.072930565228525
219.2821239061617,202.39872791925802,23.537286988403537,4.951151494619061,3.940724349085002,3.932576470314059,4.013877564721442,4.282587713045078,3.687291030238926,1.0,144.1945482790781,17.055324242530304,25.2824163480158
199.5634403401276,207.85343327577112,36.973544049338386,1.6887498850514356e-15,3.6504250037348327,3.628050403529802,3.851308431934978,4.589203763966972,2.9544808319246916,1.0,173.17694554091673,4.559892617006289,24.350326259467128
220.5141934851174,219.06872733895037,22.159317043022106,0.0,3.980471659678198,3.9747674912852564,4.031684779353778,4.2198034404813365,3.803048004826317,1.0,136.35373592109255,18.225613329135665,25.52999133603533
204.45327203120277,204.13025970467635,35.66668853906339,0.0,3.5385016098182813,3.5283123007057755,3.6299831770281923,3.9660179666257434,3.221571219636945,1.0,170.5467279687972,1.9542781285593835,21.971994221165563
196.26062375335817,200.82764502803667,37.06601693121123,0.0,3.72986470927478,3.7076328060860804,3.929466971403879,4.662656258995276,3.038359032112675,1.0,170.76091851684373,9.410665383142371,24.889127637068615
177.38444057656577,178.83154564488842,18.78246015538309,0.0,3.527142768506471,3.5271427692737296,3.5271427687207857,3.5271427688104833,3.527142768175559,0.0,174.77317190963103,9.296939770597133,20.549320667869058
170.05609329216733,178.54449098280583,35.793813813344435,0.0,3.466807192405319,3.466069915420121,3.473426611783317,3.4977414008300105,3.4438747567190147,1.0,197.88464211931117,4.887017706377378,19.358402182538097
180.13291327550348,181.52956091729064,27.237573161841933,0.0,3.5893073884970987,3.589307389115248,3.5893073888577214,3.589307389013881,3.589307387616218,0.0,181.71978286706073,5.49997281903831,20.015940792213996
170.36404371799034,171.3878690411164,24.38946709049317,0.0,3.608617340744343,3.6041947705744373,3.648324024207604,3.794176652005329,3.4710567910636794,1.0,190.6540050201345,11.967296174922435,21.484099169047774
168.42762718856446,165.03375014364906,28.979231393136928,0.0,3.5202480387473036,3.5149641005025365,3.5676882441340143,3.74194804399037,3.3558953357331323,1.0,201.15721004542377,2.714014275660253,19.784993952375814
171.26520490286495,171.28851266626245,26.456495106736057,0.0,3.606321107975733,3.5913188946957075,3.741013836997731,4.235774091324072,3.139689188229209,1.0,194.28664183884524,7.025160014258761,22.44007998070439
167.08608177030123,171.43127939508045,29.039652565084456,0.0,3.4991767515977177,3.4906049159714705,3.576136324928629,3.8588281848222836,3.2325566176354705,1.0,196.73258513223195,7.859432051008573,20.299648355567466
191.61324876242617,202.3723262256708,36.14081921182,0.0,3.7516075000864184,3.7370572622774496,3.882242309289651,4.362096803971721,3.2990339109079345,1.0,183.3867512375736,1.2387265797428118e-08,22.46929175787541
184.62224664549868,187.0639564194099,31.9302206518632,0.0,3.6500971680852707,3.6484985614982834,3.664449766417506,3.717170466744467,3.6003737680195536,1.0,181.27401270185925,4.536307069985347,21.364595462717336
197.8705400673678,193.60147646180732,36.04996185525397,5.657297563918138,3.7421015500271015,3.730706189285962,3.844411279258257,4.22022062862894,3.3876578809376925,1.0,180.92535617491922,1.9028099496172308,22.713747630509566
203.7665554707851,199.15183978068228,35.89641595938059,10.487214452377941,3.6416089800985953,3.6342515013271277,3.70766582966513,3.9503092431144626,3.4127604393397575,1.0,178.9029260782206,6.361251597696298,21.144289107283782
217.2887113912687,210.4719687648887,37.31769436811904,10.49744996444669,3.715904960513959,3.715904960750738,3.7159049613145068,3.715904963127993,3.715904957924218,0.0,163.92330001681205,6.882620578577067,22.442937467774446
227.30704327597627,229.91849291279863,16.36313465204923,10.828022943327554,3.7691949851026645,3.7507101138666017,3.935155707396804,4.544771157885564,3.194237665528357,1.0,138.33198644875597,24.79591179947899,24.227933027511217
220.54257854187966,216.86774822140592,38.52359761349917,18.276444804992032,3.771196068487121,3.7591429543284205,3.8619761479283863,4.210948833936415,3.366291063387791,1.0,171.82380723355269,4.952256264293589,21.42841663809859
228.8839233844099,235.29185813664512,39.81351642805296,22.507076353425912,3.749138661837957,3.7470422848293357,3.704289328120305,3.596204266480572,3.574366779044394,1.0,168.6002000597855,3.94774358310527,18.393300482119272
228.75340149572304,228.8463085893852,38.29767622016182,16.964900429320856,3.7335188428115647,3.733518848576976,3.7335188428599384,3.7335188367728525,3.733518834986273,0.0,159.95035105034592,5.717491431774069,22.13096236403695
214.471422124653,221.6930638446936,41.26432047196161,4.424323136705199,3.7660811602396804,3.7386119596433436,4.01270487854351,4.918615795084664,2.9116735023597182,1.0,164.71189676690756,2.1302521054293738e-08,23.45284121839973
216.38211324607047,216.6530441273228,29.788149981487134,11.490899976905906,3.7142370932315707,3.7091954289872557,3.7595021300805054,3.925771987631514,3.5574200835655656,1.0,158.04670885784452,16.069303268555302,21.130005681540315
221.0245525277084,227.29409663950233,34.92716712724119,3.484158126804313,3.8858618231284634,3.8586026542013387,4.18009672874537,4.760409171674563,3.1231617575787407,1.0,151.19309285166563,8.673233359992905,24.46474703940838
212.49914409909445,213.25367449412317,27.223192200092857,5.560650517387144,3.7803692153766906,3.771098790571064,3.863600863748943,4.169331627805804,3.492019992890436,1.0,152.81427287733715,18.37993210809989,22.77533346874268
210.81736393140892,197.69310218077229,29.99190643361331,1.808159606570332e-15,3.8996355877015754,3.881161982468478,4.071752741155435,4.6407087222661545,3.3357969267009597,1.0,151.27484678842342,14.757084810980142,25.114146792441073
216.3608596057336,208.75959343453022,27.208012306018773,0.0,4.045235819779751,4.0340530351313495,4.204432681671875,4.1946919090216666,3.798580380638167,1.0,146.2855668721396,13.61645085538696,25.00824577567923
186.14072757451592,197.86876265450113,36.74971835279241,0.0,3.6979494508549298,3.697949451315269,3.6979494517251528,3.697949453646596,3.6979494480112707,0.0,184.20183390950558,2.154376434880014,21.499428457751257
186.16657494515172,189.21690243377066,25.971596125554548,0.0,3.768395994126939,3.768395994590498,3.768395994609628,3.7683959953379973,3.7683959926910764,0.0,175.66079264776033,7.02888954237825,22.02083295199035
187.56396905746982,181.64053048170018,21.710199646172704,0.0,3.7414223673432385,3.741422368134837,3.7414223675782017,3.7414223676419507,3.7414223669017366,0.0,173.904213569708,3.36852011090655,22.14971173154651
184.4862782232672,182.56009011011713,28.665427023965318,0.0,3.60323703670587,3.5995455880314022,3.6363795739953355,3.758120442865947,3.4884174330831503,1.0,180.16741318698593,10.14479513421974,20.83641961013297
177.40268081258122,179.67419450553038,27.72057520309937,0.0,3.5830995406834,3.5830995411137643,3.5830995410961175,3.5830995408207333,3.5830995399747114,0.0,182.04512501055464,4.673396925378935,21.587349426546705
159.0128999771291,164.60009022889966,27.769316663593575,0.0,3.336685165298509,3.3366851656420113,3.3366851656435914,3.3366851656504624,3.336685164413842,0.0,205.08006966640954,2.4422937736163277,19.1079824388694
179.18308626271815,181.52684361057382,27.027472011004292,0.0,3.45406285179423,3.448465572840068,3.5043162974847757,3.688909833767892,3.2799639089885817,1.0,183.25673908770926,10.032407738875571,20.193811525982234
179.5301276768996,182.363266324643,22.637519875069597,0.0,3.7202685021387576,3.7202685026084894,3.7202685028090303,3.720268503935863,3.720268500391821,0.0,179.23371462908898,8.492108483187124,21.576546757602163
173.82117645012286,171.15808374037468,28.93203462064986,0.0,3.4737484634179663,3.4679216922575233,3.526062326846325,3.7182242965491206,3.292511371952345,1.0,194.9416043457908,5.127418295634292,19.888965272180954
195.22600972018623,193.17857830548328,35.76956189970122,0.0,3.563159001735424,3.560036942975038,3.591189451933246,3.6941523355648536,3.4660498067806635,1.0,177.37554188969452,2.360654608067218,21.9014173697839
184.5475718188207,175.91278364987537,28.35212714315781,0.0,3.5928463881137622,3.579141783901426,3.7158889368160253,4.167855150259278,3.166575563120122,1.0,182.24752887797877,6.834539835859234,22.23789805127855
213.1073420609332,209.78464607676557,25.128813906257992,3.045036420837738,3.807225053809637,3.7984142271287142,3.8863303429281473,4.176903954463878,3.5331712636711403,1.0,149.7306636257166,14.589133892850015,22.236742433163847
229.91106273691824,226.64154138213502,28.13902843970415,4.041532729967291,4.100387302798902,4.0747057254359165,4.393641002822889,4.83705275977454,3.4094418391659724,1.0,136.0614364806192,17.427555107914493,27.288981097394366
229.49529192304357,222.03158603805187,26.558361612753867,14.47732308781361,3.838786938425112,3.8387869420957754,3.8387869392834126,3.8387869385428024,3.8387869372140373,0.0,146.93164009798895,11.521056109571848,22.31748055063466
221.03331821704487,228.0880303096752,26.5826560695216,13.047639934729943,3.8342816945302176,3.8338403031973782,3.838244599990059,3.852801347192422,3.8205525337013575,1.0,152.65026749965654,14.011676701664793,22.768112078337527
214.4459672873532,205.8271716436575,37.00726380093453,14.123859998356583,3.7488743678209495,3.740598546125499,3.8511130860186187,3.944179358539094,3.5395354384392816,1.0,172.0262765378203,6.20616381451762,22.625467632186165
226.8288773949923,231.63285879149004,25.369368346144935,17.015674186684713,3.7719508495607723,3.77195085131205,3.7719508501012022,3.7719508501142953,3.7719508478811683,0.0,151.67252830953072,15.07138455598609,23.111119046525257
223.61045589526805,229.81912026531907,27.478671944000865,19.385616470375105,3.8518319954560063,3.8426105466292246,3.855716064617721,3.9401995996653985,3.4292206680764905,1.0,157.46980487009196,17.645384643415767,19.4127434916394
228.72857311676728,236.7022421594828,12.599138350882665,17.73787443344376,3.8910502687282325,3.876115723688291,4.058576857531475,4.217751248412145,3.484069285740655,1.0,137.25179610611826,31.475341254521545,22.44997266159446
225.03379904075643,225.86958164726747,30.902742562323564,12.053466996427542,3.9255874878104646,3.9137094460208948,4.032230843747767,4.423958695704613,3.5561303231998296,1.0,155.2303880266009,10.60406239449471,23.367678055559356
211.10395106523086,210.08761677139609,28.323022554803977,12.550468501646373,3.8269655427322835,3.8030890784210998,4.041332986929396,4.828758498416448,3.08430710318562,1.0,160.64429262193474,15.415984598532775,25.09031674461677
208.91264687901673,207.2902091149129,28.276330161879603,3.7974086297317133,3.752585226719936,3.7462649943475834,3.8093294840873875,4.0177654037134705,3.555999398825777,1.0,154.94377566651428,14.757568775151425,23.4329955568541
205.7430498418797,208.09210472279455,19.062408412583583,2.422881344547181e-15,3.858694543319163,3.858694544080381,3.8586945453735706,3.8586945426720654,3.858694540943251,0.0,147.06086687730917,20.61024522417674,22.698079424011684
195.13244694169774,209.27085934105946,40.77870820555897,0.0,3.599125790674974,3.570274379031156,3.858159263118335,4.8096543262898575,2.701725556700333,1.0,179.86755305830204,9.385675135223259e-09,22.725311511436523
182.1026681123943,189.2345605404639,28.92783711135352,0.0,3.5394136721627074,3.5264024739114688,3.656230698706238,4.0853290010463965,3.134710659008661,1.0,182.81128483547548,9.89073302719832,21.24094058028472
182.41286417099883,166.04127559071085,35.68677252833871,0.0,3.8805754883963193,3.8745771759204115,3.9344294827833575,4.1322487414920746,3.6940027391664163,1.0,185.62803076213987,5.9336023399846765,23.573068457604133
164.6920776834339,168.63984299879206,20.657429288147984,0.0,3.516286149147611,3.516286149478639,3.516286149757231,3.516286150166013,3.516286147552646,0.0,189.4658159194292,16.48331891177144,19.24689447594056
168.628986602947,168.39626924736152,42.59209862900732,0.0,3.5404972389490847,3.516503350610187,3.7559189388338314,4.5472169980060055,2.794186416328296,1.0,205.99122676860733,1.0685918173772517,23.246129259016175
154.6027893806041,152.96182988418462,24.88374027472109,0.0,3.567074281852978,3.567074281979819,3.567074281930345,3.5670742819354344,3.567074281761499,0.0,203.34124369906024,1.1351533551848015e-08,21.00943680743679
168.0460658173096,161.32381050089626,29.40426233942408,0.0,3.5751920713797056,3.562162997783267,3.692169577334507,4.121857363784999,3.1699330900310283,1.0,195.53210587832305,6.655091896293228,22.09165213483796
173.17015878447666,168.9171016355919,3.141001560601205,0.0,3.5811699706899303,3.5786924127184534,3.6034139612232408,3.685121729206139,3.5041074889642156,1.0,164.8653791894979,33.38678361919193,21.10305330367414
182.0487561688475,173.4715853377592,23.007735359401433,0.0,3.541010931117195,3.526589451407665,3.6704897302137156,4.146097906298212,3.092442244640789,1.0,178.20373423115944,14.55425600221357,20.841856301284164
171.63254606363662,163.83221285422442,23.61365070033931,0.0,3.466768125223859,3.465972406149184,3.473912243807758,3.5001543866926994,3.4420179121232564,1.0,186.5675815036987,13.988535072569757,20.55238033761923
168.30054706813573,171.52782305330481,18.143585974416695,0.0,3.544957630678076,3.544957632034044,3.544957631298131,3.544957631184778,3.544957629941673,0.0,186.81513474253404,3.135538722739535e-07,20.279984151139953
194.0305443657386,194.85040136820362,34.268404774008005,0.0,3.8929336916254247,3.8852830316767335,3.9616227765828826,4.213935052819853,3.6549659870185054,1.0,173.17609624313826,4.919314632332419,24.429643221334054
194.7915855364994,187.99253423188034,22.80203071822146,6.147540704851532,3.581237908681782,3.574034263804748,3.645913609664831,3.8834837165461042,3.3571742439300256,1.0,167.0826324053801,20.652416856398187,21.2052956603271
209.03685836994742,211.35762250451012,28.340419696444396,12.022366150648255,3.7103801955144684,3.7030691761729257,3.7760199271726425,4.017131157104959,3.482976727132108,1.0,167.4904307458762,11.452490613689147,21.983308965861173
209.93997891656565,210.62843951873538,20.771408213275635,6.13199206766327,3.8985157441623772,3.8734676577892966,4.123402254937627,4.9494669371976014,3.119414862435936,1.0,151.15574421010842,20.34954923108986,24.796070450628726
232.7392204022293,233.550973646359,16.20760365699929,18.628772622004384,3.5882497537730718,15.930987117662053,4.049227123457231,5.882021107339601,4.042510503266137,1.0,138.63485296543882,28.712301539964557,17.454352337393754
227.76232126126592,229.23581763710112,14.125302498423261,18.499305989644114,3.9302017749481,3.9222635133359613,3.946034791640814,4.053525284198925,3.5878897872214384,1.0,140.28991790303445,28.58013746245894,20.788223838789722
226.03729554147847,228.7228135689052,22.007111387641693,14.284424940257972,3.8607445046810303,6.27362930733667,3.9825185489812625,4.429825226860023,3.9988178733683806,1.0,148.11807442935967,18.281444024908662,24.48315871657601
223.31394243030473,226.2041663757164,7.5419455758547125,9.13775275302141,4.037785120211137,4.029786890684534,4.1095947534152,4.373369585412985,3.78900653296053,1.0,127.6438353529154,31.72905347234351,23.895288509906205
221.3099985569143,213.33545189514692,10.788149165534,17.06093052595795,3.7982024618706594,6.235717640693548,3.856119197631701,4.068861926244506,4.161546831131102,0.0,142.77771883760107,30.453217077341442,24.13901870636994
224.45043503143333,227.51521051509326,29.467059244968524,16.53462891961291,3.9164100600363816,3.8923936742714416,4.089681035892837,4.76383656294427,3.0965184885706183,1.0,151.6887286289267,16.77167647242826,23.602211053984934
219.5925021847886,213.8351273828055,15.013972666624241,9.453055759691065,3.9928835711891804,3.9837481613346375,4.074903033876,4.376181137490573,3.7087338656771216,1.0,139.47029897201193,29.4633082962675,25.920841289193756
206.59876871104748,197.3896124046717,29.17814926214984,3.5678320112620283,3.760991150779771,3.743383088972406,3.9190796959392697,4.499778662003761,3.213306344305547,1.0,156.0401992992255,16.412698634185173,23.9612697362849
197.1830245427289,201.4123083820833,12.296824021780719,2.525696173873943e-15,3.7213029437978946,3.7098922039574056,3.8237507443348453,4.200067269283477,3.366380936041911,1.0,149.58332513243045,26.886025374069895,22.329863849353153
202.04926432316466,203.77136970246082,12.628367908176289,0.0,3.8384136577657744,3.8241555809425978,3.970611610561373,4.413879071822418,3.4021311967736727,1.0,144.45810363873,28.694254806883112,24.490903361881617
200.16672477585814,191.8067956006963,26.63722121248552,0.0,3.8535367555263065,3.8535367567474053,3.853536757094527,3.8535367566699885,3.853536752957993,0.0,158.74193153532227,12.859911827263895,22.350925527314676
160.61127699416795,163.0721267559099,10.522468970459244,0.0,3.4593685923325386,3.4593685929036493,3.4593685926417193,3.4593685926594846,3.4593685919779777,0.0,184.72427029314798,13.951547164156155,18.4855347397813
167.78424656891818,164.32036716528876,19.841439506594792,0.0,3.5319485726528486,3.5266745708234364,3.5792995697500607,3.753231683757674,3.367904924852183,1.0,184.8825666646273,16.094816688767892,20.36042114639704
178.93660952120737,181.65235967053374,28.32460491888105,0.0,3.548603073237104,3.5486030734326426,3.548603073341823,3.54860307330143,3.5486030730420026,0.0,183.56060366453602,6.082652628185158e-08,20.699132822712226
175.19703261151875,177.85129551119593,18.20866790947002,0.0,3.658892098100042,3.6588920987282965,3.658892099119001,3.658892101436658,3.6588920950261876,0.0,176.98697392569275,17.321835379673402,21.389629355300045
160.847299482379,163.30842239587307,18.306383557806956,0.0,3.5169188757610237,3.516918876212585,3.516918876097502,3.5169188764222525,3.5169188748697797,0.0,189.7329180492107,14.092234314503834,19.0240365341215
172.17316392084157,171.50773770450118,21.077243889199664,0.0,3.57342207663663,3.573422078826319,3.5734220769807643,3.5734220771990675,3.573422076356822,0.0,182.50027216444474,1.056705977641139e-07,19.97323811047867
165.723439796069,168.82790596367434,7.256343438683116,0.0,3.4958598654786828,3.495859865889691,3.4958598656746607,3.4958598656307833,3.4958598648726507,0.0,177.61151344741455,21.258700198354546,20.157389090925196
167.49437221832088,161.54660762500103,13.192183417762536,0.0,3.5701426598223485,3.5656820304493784,3.6101910429769366,3.75729882068321,3.431398319230978,1.0,181.62966055310494,21.680175983423787,20.293387083726646
191.60289819694188,189.90247541402152,0.7290593907829512,0.0,3.767736946116496,3.7677369470294297,3.76773694728568,3.7677369504083567,3.767736942415961,0.0,144.081812590458,35.72654216085692,22.718750562620414
193.75822857797547,198.2757794734315,16.545303395460977,0.0,3.7669862427550207,3.7611454936036033,3.819425606235211,4.012048567929853,3.585314367255756,1.0,156.88259400928308,23.833606858062755,21.870882943584036
192.36698417038238,188.656431224101,3.779009315408263,4.17007700971844,3.8303819567467716,3.8303819578029517,3.8303819568703,3.830381956917061,3.830381956911624,0.0,151.07123413078696,8.771507625475511,22.325918924507082
217.8651253921058,210.72948443523686,17.479943712538542,12.088557143311014,3.92831947832114,3.9149769349059937,4.04811138683657,4.488137179616399,3.513310230216264,1.0,147.83058976009468,22.193997250315586,23.50190148390306
213.94902887961237,207.52687465836541,8.000902577559952,9.72490628849519,3.728563234654308,3.723581772656692,3.773287759123127,3.937572179954139,3.573618785784136,1.0,140.66650309707418,28.710957613894276,21.531328296145197
210.0770932801718,212.9378461162771,0.002673526651392396,14.039097037241657,3.984526309788584,3.9845263109982905,3.9845263130573305,3.9845263071292525,3.984526307752739,0.0,138.15058013902075,21.184821837367558,24.826265503524688
228.5650876537286,235.72675789926706,0.8829240108249524,11.222115880518988,4.101123682334614,4.101123683401763,4.101123682569994,4.101123682147107,4.101123681972868,0.0,118.13096529491187,22.356532352246315,24.8109251005549
218.177073577047,208.74841685877436,14.591956416457736,23.50759291859936,3.7685209941803546,3.7607387928553413,3.838391089183531,4.095041512263288,3.526461772324713,1.0,151.0957335879579,30.186817489405666,23.586706810989643
220.2184060270988,218.7977766812604,10.899422685449982,14.809212864461948,3.9164383149360895,3.916438318512408,3.9164383153048146,3.916438314746852,3.916438314862792,0.0,141.27838779684924,10.959347456414296,24.26424430777338
219.9228666251081,207.58470868959458,17.457418932693322,18.310319858777643,3.8399499631713803,3.8399499642200072,3.839949963380058,3.839949962375572,3.8399499623101225,0.0,151.21837326426805,9.190997775019785,23.68614000902313
229.29190408659247,229.8108994333822,13.454232389057342,7.9174090001844455,3.9141080396445975,3.898575185029047,4.053564972976289,4.56582533201205,3.430970932202123,1.0,127.20251566808622,28.88884699785622,23.726175046995095
222.75844473604894,215.8175098285426,12.03422894893799,10.248324455861201,3.9215184752078964,4.564915353013733,3.939270540869332,3.9907982507153412,4.015930850568331,0.0,134.5716969922442,21.117038666370217,22.890164658931436
214.39119487267698,208.94113193057677,14.184351503963315,5.7177224324370055,3.9080722202460425,3.904973665724203,3.9358916848691545,4.038079570729257,3.81169396645108,1.0,140.36603609145988,26.018804434541416,22.51142170695018
199.5713600913705,210.95894050772793,20.448258513599892,3.2304040045670458e-15,3.7969069312350414,3.79310367192176,3.831053329355707,3.956481632321908,3.67860953423286,1.0,156.88035264638154,16.84815234618706,22.4836033437719
202.5401338584374,195.89294415523528,10.815492342794588,0.0,3.9771252446613703,3.9717633787217603,4.025265103234158,4.202094904671066,3.8103486507888307,1.0,142.7753060489513,25.281946998554382,23.725345734305485
194.60743333321437,186.77769142065142,3.7353523060845295,0.0,3.7989087250268607,3.7989087269973116,3.7989087254122644,3.7989087258796297,3.7989087245430992,0.0,144.08079657109377,23.320871834498888,21.80564101071453
185.90359216953559,178.7968903574181,24.45535775169465,0.0,3.7070873119003163,3.6858259969993394,3.897975456989374,4.599155596227718,3.045770980632742,1.0,171.43554014136646,16.41065898013891,23.692452569561972
176.69742801954845,177.39302937451694,6.722342384380073,0.0,3.6868062278071587,3.6868062284265664,3.6868062283775758,3.686806228729273,3.6868062264351784,0.0,164.82669640213217,27.025938816876526,20.593281514716214
169.52818961740354,160.38479419373317,25.03804908790396,0.0,3.5725216051659334,3.5725216055862155,3.572521605429698,3.572521605275514,3.5725216046848884,0.0,187.63947872615614,4.479220813539674,20.7265708001534
174.5825702061277,172.35353409354607,0.0,0.0,3.715328987067867,3.715328988060636,3.7153289871420276,3.715328987223621,3.7153289870802495,0.0,160.41742979387223,18.07572224207826,21.301010126353894
168.12406274193927,161.25742267592858,7.141882859871831,0.0,3.7465917024523154,3.7465917029586437,3.746591702549123,3.7465917026899285,3.7465917024856012,0.0,173.71947553090328,7.144969634531444,21.89357415715218
164.00462602899145,158.43741052336304,5.465539653992144,0.0,3.5465886016917136,3.544437661677045,3.565900154068766,3.636836339264477,3.479685311553605,1.0,176.70145219560342,33.531458047015825,19.46296394496522
153.55903338561808,152.03568984353024,9.939654904126568,0.0,3.4569227693022206,3.456922769707284,3.4569227695468228,3.4569227695077576,3.4569227688106854,0.0,191.86815361010275,16.085164161775182,19.97210480638094
189.99334050643336,192.6260308737366,0.7633902252444217,0.0,3.803758681600826,3.80375868212813,3.80375868207973,3.803758682681177,3.803758680499088,0.0,145.7673549806627,30.24416629105131,22.2471638902949
172.9424877032349,164.8881542277818,4.135034940488664,0.0,3.732489480828931,3.73248948130225,3.7324894813635647,3.732489480625134,3.7324894802734634,0.0,166.61977283343646,18.600849918363522,21.705576889951544
196.86340164793904,195.56631377382521,9.501713284703607,0.0,3.9609060946411097,3.960906095653852,3.9609060950236863,3.9609060950838426,3.9609060940798857,0.0,147.37502225811588,22.230060064067196,24.22127634945472
195.60683326976533,196.9149826793877,10.06722093951501,4.972808690692445,3.648724834013444,3.640820673385239,3.7247535167719907,3.952825377747453,3.411585695710462,1.0,154.57871548314176,31.60899377407415,22.89140430366744
210.48896591859727,196.88240172467474,11.862963607662493,5.154527907105852,3.981089685166816,3.980258004033631,3.997668302984796,3.966433966125377,3.9709001924274365,0.0,142.3573614046922,18.72537383337804,24.968907644849374
219.96099831498532,215.6544240347375,6.882920735185965,12.778076563278908,3.887934051208951,3.8729024770259897,4.02289040574453,4.518619020362458,3.4203888230638904,1.0,135.88490699328977,32.89373012599665,23.868812754292698
222.74300053272867,215.3222478289821,7.7646302635740705,6.183244917392396,4.090273465477493,4.090273466298985,4.090273465778384,4.090273465941204,4.0902734649331,0.0,126.22503881441432,22.3509345559384,24.87554251785248
216.68881609312447,212.42439138710844,8.118132816636663,21.79686492025453,3.94723420752788,3.9425768110203627,3.9025351677477653,3.8153290999925473,3.653495360354503,1.0,148.20581062853267,33.74947992734819,18.98683334410646
216.79186851575466,210.15860259656375,17.43116168984485,9.887150128044802,3.82724021755072,3.808791312845743,3.99287801044228,4.601307258667552,3.2534016610678322,1.0,144.46645294474084,22.822912507005576,25.177689172822465
231.13115958811252,226.45126532861948,15.234860463964617,11.344224668147465,3.9419404631419557,3.941192406734446,3.953633420488739,3.9462622363644018,3.9272368018871537,1.0,128.28174238622267,27.490399398236253,23.645655471366936
221.58922868031758,231.54852288917124,2.578113887103712,17.801739736458803,3.892073216901464,3.8839892219774543,3.979704346783383,3.949598075151099,3.6665276868510532,1.0,132.0518344316212,39.73799592472971,21.499485670112982
220.90724590200895,221.6783190536865,13.674590414656025,16.69156096869115,3.754226702532951,3.747207878056577,3.817243054839763,4.048717956920926,3.535911714818189,1.0,144.9762209622858,28.83441942067205,23.452426179867846
222.34068491620914,226.35331310196432,3.032443479816113,10.085272765562712,3.930787444257904,3.9307874459648486,3.9307874451065095,3.930787444272235,3.930787443073935,0.0,125.87286994484816,34.10872900457686,23.063265012318784
208.22797346374966,216.24634702558907,4.5849877423848335,3.992572927081241,3.933995567579266,3.9332971854116825,3.940265804127755,3.9632979538016775,3.9122728492640446,1.0,135.89753962688872,34.87837501639919,24.114518500661426
214.46257777172573,219.56531869303817,0.43179961612820084,6.214426014821444e-16,3.901827571456949,3.900349326697567,3.9150995446715884,3.96385083706377,3.8558479087269535,1.0,120.94621197291252,35.31690269977745,22.351144201523574
203.93315537961945,197.37344297388697,0.6943805751553929,0.0,4.045326257202056,4.04532625818625,4.045326257595758,4.045326257912711,4.045326256488915,0.0,131.70593651428527,28.774066744762084,23.536781670914273
202.34192091457908,213.04120789609303,1.3255221485985602,0.0,3.7541067156356736,3.7528377958765877,3.7654993276222815,3.807347240573413,3.714637952028207,1.0,134.1306573346347,38.74024915766782,21.12904061791232
186.38841293536348,184.83635241140237,6.490297149937546,0.0,3.875369394921307,3.8753693952056767,3.875369396138499,3.8753693999468037,3.8753693910141633,0.0,156.04760665827243,26.16575902619494,22.199841067482488
183.90928020615144,190.1276069094062,0.0,0.0,3.7024340548166594,3.6940972340548166,3.77728362395123,4.052224906676111,3.443123857833204,1.0,151.09071979384836,37.66660663587682,21.452665779936588
158.46141234545243,162.588985384915,0.0,0.0,3.607416327427326,3.6052959848991804,3.626453169579747,3.69638027492199,3.5414647486274915,1.0,176.5385876545474,35.1754932695161,21.83057711076701
161.56683697006264,157.73918914822855,0.0,0.0,3.572082931874494,3.5720829323482883,3.572082932385885,3.5720829317935534,3.572082931205027,0.0,173.4331630299372,28.15911691321984,21.578224019211113
155.85357980849747,152.78622178476834,6.266890316373524,0.0,3.461223237655556,3.4612232376751977,3.461223239449378,3.461223245097021,3.461223231745959,0.0,185.81294531399334,27.99405881300479,19.25337687272303
168.06041945860034,175.93748876495744,0.0,0.0,3.568531716697276,3.5685317171821818,3.5685317181218137,3.5685317198844575,3.5685317129029857,0.0,166.93958054139955,37.43654465592375,20.937323434557406
155.28561635259692,148.52921785003542,12.84595516649974,0.0,3.5303632450653195,3.53036324535831,3.530363245334111,3.5303632453605513,3.530363244445388,0.0,193.6925142153762,13.303271403627944,20.40848248235288
184.95507170404548,188.37220473412845,1.4833703910920026,0.0,3.956151983569928,3.956151984250912,3.9561519837762877,3.9561519838551336,3.956151983567291,0.0,151.54589010198148,14.838349319691535,23.007633489710617
197.45879541887672,198.3673212223826,15.162658459799463,0.0,3.566351951133262,3.558550471882325,3.636395122980581,3.8936813000473807,3.3236931234801097,1.0,153.96789240199126,24.389821584416566,21.394437852230368
190.625973127463,186.9569847559466,17.21614799460145,0.0,3.753954218171265,3.7435489027814075,3.8473751265799105,4.190533607452033,3.430305138175165,1.0,158.55037633196386,25.064656768702264,22.699170530419067
205.58801540133956,200.43794664833405,1.6210700473308475,4.70139923857934,4.050501533302602,4.050501534286542,4.050501533548784,4.050501533623175,4.050501533101544,0.0,136.00188727537898,23.496425950959857,25.07658109962242
211.72566892417842,201.27780037817394,9.994311785750762,8.63038065988751,3.9019780521975505,3.9019780529094303,3.90197805263774,3.901978052569197,3.9019780514288205,0.0,142.91932532205033,22.16239467702595,22.928713161220042
201.67627612919404,207.02428137101566,3.4164160077080177,13.132729418930973,4.006128581927034,4.0061285832954106,4.0061285822327575,4.006128582100579,4.006128581659483,0.0,150.647524185206,22.64614622346346,24.878034825133675
204.8073905860714,196.57127127031092,0.0,16.59632398734713,3.667725986078216,3.66772598812599,3.6677259868741756,3.6677259858535676,3.6677259849808515,0.0,146.85527351560813,35.41552189763218,21.931712335541636
227.02980406877202,225.56458252470105,3.619760037301223,13.61239597566265,4.012272450636701,4.012272452223793,4.0122724510398315,4.012272450093602,4.0122724502069405,0.0,125.43521494680712,16.697382885715626,24.395394361895345
227.21278856840078,234.43259502898508,0.0,16.445145251268897,4.040275235479235,4.040275236628957,4.040275235779386,4.040275235673889,4.040275234802785,0.0,124.2369320284393,33.33043126497995,23.515831730104946
218.82015280593814,205.6364294432214,16.390735572811074,22.077025156172184,3.7400452417328545,3.7332696411184334,3.8008778792345765,4.02433144712633,3.5292955507945876,1.0,155.5935967956441,23.62742125523697,23.280169792955967
223.74615566706873,233.12886028251165,0.0,17.51061505751879,3.892120787887075,3.881996952082625,3.951959214906882,4.1993954423126105,3.5237866358894085,1.0,127.99836990312323,40.55641882047355,23.363050477476232
222.7838588827678,220.0588415188973,6.123765326828962,11.804126879213277,3.9115226233396667,4.859948483233218,3.9340577572155437,4.016834965920532,4.0528982335732895,0.0,130.8205214550856,24.061911248290208,22.397921612378596
223.09020562311898,229.61357809221565,11.496957821174812,10.92524025878285,3.764947300031574,3.751434978539873,3.8870536041511006,4.327591619929165,3.3460168982098097,1.0,134.1808067680493,33.083558796582246,23.972180969317698
223.18691950105128,220.98814045811739,0.0,5.165733165296589,3.896041924277486,3.8958915574206845,3.8973919599699616,3.902350978824939,3.891364836521029,1.0,116.88057057534567,41.53242838760658,22.797625409844315
217.49865896051966,212.0696186109117,2.025031441003954,2.1854725901599466e-15,4.0614646514085715,4.059383563886953,4.080149071476032,4.148781642203428,3.99673401027169,1.0,119.28193460722605,36.41683593907376,24.61826808772956
197.50720758219666,197.5692985408896,21.150360288581332,0.0,3.6601090408605277,3.660109041309714,3.660109042081845,3.660109044957802,3.6601090369848297,0.0,156.4077312531571,16.991763076849303,22.081780627224337
196.18878614201566,195.67104280585173,6.1236402411126125,0.0,3.7724570553445638,3.7724570560102695,3.7724570557985255,3.77245705542547,3.7724570545460008,0.0,144.6830756275364,25.594213019067922,21.188948746238648
160.3837953473433,157.30037073952482,0.016218853110603736,0.0,3.6377498795448013,3.637749880069451,3.637749879735405,3.637749879812195,3.637749879483471,0.0,174.63600369818533,15.800927152064537,20.834228574376155
198.01484958611445,186.73743981378038,0.0,0.0,3.771142314440258,3.7711423155008426,3.7711423147106813,3.7711423147176233,3.7711423139279856,0.0,136.98515041388544,31.40257995020857,23.242578091237796
176.27826888064038,171.1011270117277,6.094937652451085,0.0,3.6749973484794896,3.6749973487712952,3.674997349804867,3.6749973510364096,3.67499734522114,0.0,164.91327210447642,30.912286388238524,21.902632485255218
162.13430856284901,165.11161238600846,19.160135387422795,0.0,3.6367111154342053,3.636711115841345,3.6367111157189758,3.6367111158826706,3.6367111149838958,0.0,189.64735296185268,8.48660141445609,20.119182534664873
153.2496533811388,157.30093989965175,9.193875607330394,0.0,3.629535275006413,3.6295352754706243,3.6295352752516035,3.6295352753011865,3.6295352747374325,0.0,191.40655289272894,12.60943542290426,20.004359117342617
167.41933175311473,168.18913631944292,11.651116799830943,0.0,3.8791720291687564,3.8791720297007335,3.879172029559038,3.879172029648097,3.8791720285379627,0.0,179.68012731192306,16.199770172761625,23.486275477381874
169.21642917170456,168.90140688689084,3.9000335154889525,0.0,3.5707019800524473,3.5707019804254143,3.570701980312407,3.5707019803902913,3.570701979621415,0.0,169.62487260582816,21.103713270545697,21.006412949893885
166.64627189936897,164.10213140675575,0.05376989045929958,0.0,3.656333430360085,3.656333430727973,3.656333430535532,3.6563334305334223,3.6563334300973516,0.0,168.41088522976457,21.220707393765355,21.91713696844439
181.28232239856067,172.05568118357073,8.695251232772115,0.0,3.646813892825073,3.635825538941253,3.745469432252835,4.107856026436949,3.305029863707259,1.0,162.8653405186049,30.58030360946108,21.781925116204675
166.1128924277953,152.6218792586166,3.24752603711885,0.0,3.4761850790760462,3.4761850794683875,3.476185079500317,3.4761850794608504,3.4761850782953685,0.0,172.32525903511853,25.9808202413565,19.442065665438797
206.8824140183331,196.63974097812766,7.391532438405772,2.3994382386707476,3.7395446077754118,3.7395446084535586,3.7395446088889486,3.73954460953519,3.7395446051502446,0.0,137.0777517110277,31.62045452375785,22.243381958173522
195.33366288928633,203.75191547546396,17.105254215581528,11.780509070155052,3.6143326489456444,3.611152788403049,3.64646487820198,3.728266933277865,3.5215909743223937,1.0,166.04314610463356,26.25096069835423,21.26841115307293
205.66881685671675,204.3016195831206,6.782566590921237,11.653988280145015,3.6511782867791993,3.644589726249259,3.7103316450561636,3.9276167994588014,3.4462463256426843,1.0,148.24240507718605,33.59280301243921,21.066198132994685
221.16652400359308,226.53638965321016,6.720442325897976,15.811335475365414,3.885827121936083,3.872628686349077,3.9757670344237668,4.331551494987587,3.4261570921525744,1.0,137.29074007359395,35.188700660222125,22.953078695751675
216.35710574135672,222.82347406374168,0.0,17.895722845086976,3.983397359080515,3.9823974808661133,4.0033287754954605,3.965777720483696,3.9711471806200542,0.0,136.9384876676619,28.96404033966376,22.905391441626456
227.02956493151925,228.14835408776267,0.0,20.075979792791433,3.886052323060966,3.8768585730925746,3.968595586658724,4.271797720696021,3.600087947921726,1.0,126.73544703107152,43.93533121442383,23.56535327882939
220.5206631545061,222.77509500800255,0.0,22.818663650884147,4.060397840775504,4.060068500698089,4.040157398661895,3.98645142713212,4.010235394181824,0.0,137.3624886195166,38.86892601019362,23.098030986996672
221.33175771956653,216.18356882967564,6.005692488779372,17.783934776882692,3.8979193014980376,3.897919302175764,3.8979193017251617,3.897919301572663,3.897919300380861,0.0,137.70982473273725,28.36073965017505,23.315282304317872
222.70774298556142,217.96613308790322,3.5418816718101604,10.277936545089645,3.839392720253287,3.8339585944161496,3.88818134842111,4.06739424345901,3.6703685173770477,1.0,126.31208704940855,37.460351820476696,22.130356374715902
218.0126501696593,224.43340515252797,6.470710508543727,9.004904030392796,3.8806273576921724,3.871172986497202,3.965510514429747,4.277307686950378,3.586556618630506,1.0,132.04591072049112,36.92158214726703,24.715922213494085
212.46605605228027,209.0155988586968,8.781078198668476,3.7472740019649513,3.829141440431002,3.825823716926491,3.8589286000397442,3.968344323348741,3.7259462681197175,1.0,135.71056836979088,32.58125950330572,23.957640654968177
186.00835883035748,189.233625599672,14.935195738086971,2.6055802627945733e-15,3.729361769008104,3.7164494809506667,3.8452907565045904,4.271127067964245,3.327735294808588,1.0,162.88454124765477,25.973661091541985,22.14188578056177
179.81095753978252,186.7724872027943,8.560185265974521,0.0,3.894495260826095,3.894495261542236,3.894495261127651,3.8944952611922865,3.894495260497113,0.0,163.58152532055595,16.255292673052672,24.013040912608783
180.31146190807448,182.41409283158757,0.0,0.0,3.6372786643630906,3.637278664901674,3.637278664876244,3.637278664934279,3.637278663283518,0.0,154.68853809192547,31.653147137163806,21.902379367340114
181.0903194086067,186.21849288077695,0.0,0.0,3.769536052966024,3.7695360534542135,3.7695360544736474,3.769536056517391,3.7695360489102074,0.0,153.90968059139323,37.21607184586616,22.20913626419557
170.41023365072698,177.40019851035353,17.006639266614325,0.0,3.6538422554846637,3.653842256057974,3.6538422559221018,3.653842256112305,3.6538422547309226,0.0,181.1873351180384,12.722834203462567,22.417936011607352
167.97868453599767,173.95706017399024,11.76546553174696,0.0,3.3678539569753134,3.365603020038386,3.388063301156839,3.4622973009829083,3.297840340775652,1.0,179.1632731039379,26.60600434997269,19.71295315218058
158.03005746964672,155.84368851471697,10.12759964323047,0.0,3.524202623407331,3.5163008235375464,3.595146490792518,3.85574114906695,3.2784234098869853,1.0,188.9827591390093,25.517543923850898,21.993592920005884
168.51508734298244,162.40261815150066,0.0,0.0,3.601158275936443,3.5983541288895755,3.626334445470221,3.7188128437420236,3.513937500734067,1.0,166.48491265701736,34.87825536070829,21.346403072983485
163.39026253321822,166.95375809265718,12.536105566184794,0.0,3.6734799479550535,3.67347994859212,3.673479948181025,3.6734799481265874,3.673479947910585,0.0,184.21500337015806,2.9656549710059315,21.6823255462458
153.17194174104296,145.45455820981908,20.20946996292398,0.0,3.31577585612928,3.3118686017678756,3.350855934006386,3.479713876133015,3.194243802563113,1.0,202.17988853915088,13.817407087114114,19.559123847345234
155.40715354061527,156.8393718607873,11.77094084364196,0.0,3.3513934535484817,3.3466229842740596,3.394223638090355,3.551549671535464,3.2030117900996298,1.0,191.02829592230395,24.57430808499847,20.131430796470532
186.3359608234345,197.75729507756608,3.0126633760174073,0.0,4.0261744892354745,4.026174490136446,4.026174489467014,4.0261744895626235,4.026174489126969,0.0,151.5546651980431,17.807092618913725,25.068467342283995
191.21446843224703,192.03082812400314,14.46348077610684,0.0,3.6473209642110835,3.645925271602585,3.6598517670642354,3.705880553601877,3.603909025419222,1.0,158.47554179308872,23.518473507038408,22.20690616193887
194.77972579460877,201.21592698572897,1.5488586870001673,3.6627578320484435,3.8390968409809467,3.8390968416344453,3.8390968411646003,3.8390968411551363,3.8390968407522457,0.0,145.39389728384594,22.562218950794577,23.54120122880097
220.44820988269217,223.84635202857123,4.68676894193505,10.015042415202643,4.05385450014022,4.051152841692786,4.107708886244669,4.006246503989659,4.020754704205789,0.0,128.64659749548346,31.8562854244864,24.31172062231123
204.27533612566788,196.650127648948,12.136017774196244,14.23198100420647,3.6420964602732817,3.6356584204130566,3.6998984115175784,3.9122195078236848,3.441846337747951,1.0,156.94502967894,29.405212153206357,21.04155212297806
213.00633628743418,214.61937279099442,4.384194148801701,16.74789751702979,3.8169282560940787,3.816928259170613,3.8169282562918023,3.816928256308774,3.8169282563041462,0.0,143.343732744798,13.883501549253097,23.324555198316208
207.8856730119314,205.62726374252725,3.1998797063060964,5.388277945900742,4.022360145740047,4.022360146303004,4.022360147291624,4.022360145903183,4.02236014347804,0.0,137.1143695067326,35.297925501956314,23.946395221413532
218.65846273105856,208.14536366231894,19.20481337531858,12.459225849977567,3.8384321148555602,3.8184564247429402,4.0177776819356,4.6765590304603055,3.217104097743416,1.0,147.6329253473598,24.0160222595965,24.82414955002458
234.04479668570568,232.29536432233746,1.5823760667273086,20.784788874786624,4.006931564623687,4.006885609128142,4.004106934391494,3.9966120632754265,3.999931187711762,0.0,122.5635685405669,40.37192172018961,23.123154526179654
218.52240684537054,204.739057262446,14.149907205688283,4.683334310460023,3.9800298178408027,3.976061130312631,4.038417906826934,4.022790846500718,3.895746455698951,1.0,135.90495605329798,27.334494872741505,22.910502784200894
206.32104139401787,198.6880192322379,9.695865523135478,15.937511832181382,3.733028236391568,3.73302823723257,3.7330282367892718,3.73302823696338,3.733028235396211,0.0,154.87458361803306,25.99628917777691,21.495417666526993
214.7692720850541,213.0531166163402,5.080515551289558,9.120364825247853,3.7132183250250854,3.70697015577082,3.7854927139964594,3.8874001344548117,3.5467117364592338,1.0,135.37299400912153,36.15096620581933,22.41136740447994
214.77638547809548,227.76498454575406,7.965980023336314,3.9196035234884348,3.722547554338636,3.7111536757038253,3.824843989204179,4.200604509605195,3.368149941043178,1.0,133.28461383673206,31.326218622202358,23.13246803233972
188.7198925800763,190.27819936246684,18.774096102974266,1.0019767935446599e-15,3.839575689341874,3.839575689937695,3.8395756906825635,3.839575693611274,3.8395756852856584,0.0,164.19893342655425,19.805351738023745,23.133492864495146
206.27547109822396,199.34636323211356,6.494856532113425,0.0,3.977716626348967,3.9723396021410284,4.0259925806911205,4.20332229576781,3.8104685400741896,1.0,134.7391337109031,28.345924934625046,23.54280265349508
172.07905111695962,166.22039721553847,10.555050741435734,0.0,3.665988528974448,3.6643689581243257,3.6805293484819903,3.7339414316531476,3.615613052176329,1.0,174.01609120187544,26.879321184751497,21.213277618314194
177.60714411698956,181.41197629229805,8.348894650614165,0.0,3.7231863892160204,3.723186389849597,3.723186389587941,3.7231863892277373,3.7231863888343066,0.0,165.34489188277067,15.155659912637235,22.260885083247782
168.28560604805972,172.99544335275087,7.107177427725788,0.0,3.763452474297176,3.763452474852034,3.763452474488902,3.763452474505966,3.7634524743458333,0.0,173.77553860641785,3.1734321630853253,21.35798153722582
173.88476714516852,166.56142519053557,10.316120837341115,0.0,3.7903482767781713,3.790348277316306,3.790348277662287,3.7903482794886454,3.790348274129957,0.0,172.91768242530856,22.522931634615592,22.5006228251692
157.32826131581095,150.76728368577196,26.329081706825402,0.0,3.3653066018904423,3.361324516844697,3.401058526454696,3.532384329520175,3.2414469904544876,1.0,204.65161648570526,11.556162087163369,18.2253486504297
168.62252296260687,166.15413790762045,10.66717088733176,0.0,3.711230233487595,3.7112302339709986,3.7112302337460124,3.711230233476149,3.7112302332254608,0.0,177.446212319879,9.062155750399075,22.231868957448103
159.4085609597163,147.31135687157237,32.081941643279904,0.0,3.3114794980693945,3.3094817290729734,3.3294158495185,3.3953005768061395,3.249340478751267,1.0,205.55468297741928,8.687823258206299,18.185690970415443
156.7075772391777,156.81845361957448,9.448359745434129,0.0,3.4973242384186083,3.497324238676455,3.4973242392404056,3.4973242406368623,3.4973242359617958,0.0,187.7551467664711,25.734437626746598,20.642214573335487
175.90437239098048,185.55547769557086,18.874051472680094,0.0,3.7055455108289603,3.7030344316295514,3.7280904638689947,3.810903741523912,3.6274403697278537,1.0,179.95194517504422,15.488035482372482,22.567367450947007
171.9701287558423,171.00941836306998,13.895790800160169,0.0,3.746503257731916,3.7465032584430964,3.7465032581398443,3.746503258198954,3.7465032572482655,0.0,176.33045427484421,11.426329990738369,21.360265984519096
179.63810157206473,183.19306657435232,20.58157347112969,0.0,3.7356749489316257,3.7356749496990087,3.735674949130074,3.7356749492425236,3.735674948635185,0.0,176.66193523043,2.0795243619805603,22.664040908056858
192.74331569145383,188.86719530000835,21.34419245951884,4.659333576309652,3.668713231747582,3.6596481532580776,3.750101238498887,4.049059846093435,3.3867511532852785,1.0,169.49808133152953,16.753431443496115,22.115874755160988
197.25188181065948,196.41153018027964,8.003491982229157,10.356508906115259,3.981131783394978,3.981131784266154,3.9811317837497495,3.981131783772595,3.9811317828698742,0.0,156.04491592839327,19.322381118880067,22.835799095488913
205.5232522482756,204.69036460180786,24.504252541963346,12.501468488770211,3.817802641107482,3.8159489747304693,3.8344452222244736,3.895577602894308,3.7601457839090524,1.0,168.75760933914876,10.053334325552598,23.375697178437232
212.00984845025351,207.2505486296546,27.264123743288692,15.11513399591393,3.8230246959103806,3.8198534120201257,3.851497103867805,3.9560834132436997,3.7243843732170636,1.0,164.31954843188524,12.102246391788714,22.87934498456013
213.5335747095521,215.1390240748117,22.261004908018126,19.346720479807594,3.6739468170671525,3.663203721347027,3.7704003815650977,4.124698569887867,3.3397913412926807,1.0,163.46521439275853,21.533619486859557,22.940152731514484
228.02112673348225,228.30122528957858,19.297522187770806,11.271113079483497,4.0295094508558265,4.021074905642121,4.0868445408823675,4.313816783796743,3.7355106196388896,1.0,136.59578428604823,25.61660811075848,25.027342356270026
220.63799378755652,221.07457309839165,13.457752829321448,14.89302478750544,3.959174787773961,3.9561275031782275,4.019918817130371,3.9054762552313202,3.9218405028325645,0.0,143.2638800061628,25.727320172012913,23.18749718202661
217.38348109075537,208.4467502398719,18.7945756836863,8.897738100493415,3.8333430405394595,3.8224648939212016,3.9310091356585684,4.289761253309951,3.4949868600888676,1.0,142.74368493943325,25.936180858135906,23.87579779722237
220.98384328901201,234.76657351871904,11.019785798400466,13.21270811241494,3.9122056746523257,3.90308447452211,3.9940975530801315,4.294907007766931,3.6284979743664976,1.0,137.73565570262224,30.445353051378866,25.257627237847398
212.38507947154866,215.41775052237438,27.812572232547986,5.578121102578639,3.6104357631968447,3.596021423715823,3.739850466774617,4.215223203702794,3.1620891307721224,1.0,154.29231061886742,17.886887467892045,22.035894022101978
219.72757986502592,222.60040269496227,7.361082985867169,4.16812426448254,3.803825340413969,3.802610048772948,3.814736472359331,3.854815800755651,3.766024618736139,1.0,126.67381619156032,32.413151833194846,22.351816745501235
207.16568149076835,215.56778283131655,19.13888508814656,1.3142105204369946e-15,3.878538557346861,3.8655063867032053,3.9955438843729074,4.425333862506775,3.473183193205829,1.0,145.7990728926338,20.375954515343054,24.275507932833428
186.5063198496478,182.94985621662914,31.28369380374472,0.0,3.664316073488745,3.6643160739929663,3.664316073856165,3.6643160738160536,3.6643160726127,0.0,178.97094830581602,1.3907312798942382,21.789035839280192
192.47377017741908,190.29985389602754,13.361855082002377,0.0,3.7560829095349852,3.7387125431036816,3.912037379202307,4.4848973485630355,3.2157914329768302,1.0,156.99452720731975,25.806213746700756,23.92856123265503
168.2536993416652,170.39200686964935,24.300456531773428,0.0,3.551366163197947,3.5513661644504797,3.551366163794821,3.551366163821547,3.5513661623382338,0.0,189.25479038833612,3.054927991659349e-07,21.292123927588218
158.58938383936942,168.46085947202215,10.275040784860218,0.0,3.4982530074963445,3.4982530078512473,3.4982530077752525,3.498253007809386,3.4982530071355984,0.0,186.74885533548954,12.626931860780605,19.195384329948922
145.20003853761068,149.5632361957703,28.322363981538945,0.0,3.4121902476830304,3.4114903380106942,3.4184741714483646,3.4415566021868322,3.3904201092523727,1.0,217.03987149558313,4.543301320683395,19.02334826440798
164.68277759241266,150.72841197603438,31.590602343334062,0.0,3.515626820606846,3.513785295520372,3.5321603852116685,3.592892323728316,3.4583476414604575,1.0,202.3048076050344,2.063306239217081,21.29687437990399
164.5381046152524,174.0276088118969,24.197731001771842,0.0,3.4461170064981363,3.4406483670293797,3.495215500090562,3.67556660519071,3.276019301205579,1.0,197.66196960160374,10.42001224901261,19.61103224416331
163.40342950297844,162.1718035774858,42.31698201121745,0.0,3.2507070812746144,3.195316009012456,3.74801868064466,5.574769204882152,1.5278118062733554,1.0,211.59657049702156,5.66439141661826e-09,23.06103434696938
164.1989460418114,164.8838053051605,27.579360932960164,0.0,3.4929853355338354,3.4929853359018397,3.492985336072658,3.4929853366846224,3.4929853340896493,0.0,199.16025212586987,4.143019388067913,19.819279680562598
156.81112140021335,157.24027559040925,35.46535570067823,0.0,3.3236769008293487,3.286588929498368,3.656659772802444,4.8797895705416074,2.1700850331922354,1.0,217.22095283637992,5.7359180007337054e-09,21.975196093730805
192.24165325321175,196.24775057042768,40.057154511458435,0.0,3.633655557815441,3.625961340124556,3.7027357174593556,3.956484508024208,3.3943330073275892,1.0,180.9902543361136,1.0535926513809601,22.431829956597895
194.1715920493487,200.58489007521473,35.82071520480941,0.0,3.7638247703306296,3.7471065447203875,3.913924186302363,4.465277075086052,3.2438176462657196,1.0,176.71173717917054,4.718514617648896,22.564768008700455
200.70773658501196,192.36855729805276,39.46246398759568,5.820464236155095,3.7140740765708857,3.714074077496615,3.714074077358875,3.714074076835004,3.7140740752382113,0.0,175.49134523921077,2.3186838305026245,20.981992663468723
211.55497435145676,212.20251883153335,38.609125583361354,8.194293488019099,3.7094486399960744,3.7094486412655594,3.7094486412772256,3.709448642485352,3.7094486368316804,0.0,171.62383317076151,2.1790966363578597,22.207016448013448
203.63413516682363,203.7856035925078,18.41152874590678,9.285040696468172,3.854833522536355,3.8446081968947565,3.946638450476046,4.2838610273685935,3.536782875125107,1.0,159.9786635067282,17.306670389679045,23.91231958579531
219.7394399060991,234.00701309445185,32.102180189483,18.627294945637466,3.874260594474602,3.8649822735181463,3.949968960471129,4.234822526987298,3.5725975297192054,1.0,166.11620224181945,11.39987838604335,23.399768594583534
223.54510007358917,214.81301511268057,31.53384416311026,16.916185215046738,3.8469321288032217,3.845684160874456,3.8581366391443934,3.8992936184988456,3.808115021334919,1.0,161.14821396855484,5.615761294357866,22.229002150534267
217.3900078322984,222.33595910755608,31.318499595377588,12.901727475608903,3.709911532954402,3.6887604566222314,3.8998099298226263,4.597354480648271,3.0520241017611562,1.0,162.347120508669,10.07800645384441,22.469277428091086
210.92384521299854,208.9935600131462,21.600358557082245,23.244529334766025,3.570991257438962,3.556306024704631,3.675223985950043,4.082669471201704,3.066700162108737,1.0,169.33766996026446,17.63834978884545,19.254250855791803
224.11650340390338,226.6219150875661,35.19066864442814,11.957560002915415,3.8325392242118115,3.8215675103680478,3.931045376510865,4.292883234047845,3.4912727335423215,1.0,152.78121418025313,12.918283171399858,23.96937396271551
225.0363987661924,224.1078983483937,32.43137964668225,16.05671235538874,3.956234334914766,3.9557866946867692,3.960253347032501,3.9750161881689547,3.9423107959176567,1.0,156.55161240961675,13.650815054731282,22.87754460643141
213.7055770381155,204.80883203743153,27.78869062988638,6.982362334146175,3.731892277660404,3.7259667621033015,3.7850927007806394,3.980511227111656,3.547583772727381,1.0,158.30622797907182,11.840483792478516,23.139278158518746
201.92002761252627,204.00000982855175,16.2299182285677,4.34745434335328,3.779545584536483,3.768680234039162,3.877096777951299,4.235426833757895,3.4415874708949388,1.0,153.534225409541,23.849329606423087,22.48700346238139
192.29076697991118,198.01775640528882,12.417537475512965,2.156802327004481e-15,3.7358218795819376,3.724508187754943,3.83739836539021,4.210514331505665,3.3839184706283785,1.0,154.81419222606524,24.847287205971593,23.644502025623247
184.4262280662809,183.02702873470807,23.60730336861689,0.0,3.5328685750240716,3.5214800339074124,3.63511707220647,4.010701505090515,3.178637037419999,1.0,173.18435532744476,18.502656981578962,21.60370637593278
174.0501816334969,174.36663000428936,32.089408633988214,0.0,3.609331904738869,3.5978766656386956,3.712179224540519,4.089963285012114,3.253025795146393,1.0,191.92415525016284,4.160277676394465,22.698577515361794
164.21198918453072,157.25818825711363,23.774065982336595,0.0,3.2722875252518664,3.2668293601763225,3.3212919765866853,3.501297643237044,3.1025156206946924,1.0,196.63153155546658,13.709560864243443,18.8573358310976
171.1804128003521,173.47595762050926,45.08868375052184,0.0,3.2556688368161675,3.2336678565830033,3.453197827599802,4.1787714684436255,2.571345838246931,1.0,203.81958719964786,1.96262889099409e-09,20.61297698338428
170.6146349065207,175.04092657346362,27.426275338147384,0.0,3.6799987727021146,3.6779857060868477,3.6980724742527893,3.764461720046207,3.617383915999542,1.0,189.18663991279814,13.007716681899343,22.09200325686828
158.51942011600892,155.6254248428668,29.14981216911195,0.0,3.5052008155861807,3.5052008157501024,3.505200815821386,3.505200815778283,3.5052008150699625,0.0,206.06724707069984,5.37007697753682e-08,19.329514110672562
164.2740818749553,159.41550165652137,41.517723248333844,0.0,3.3743065282613283,3.370454727450182,3.408888733292853,3.5359178637108193,3.254499313805411,1.0,210.72591812504464,1.0212913508008823,19.837533424667374
157.9146261012383,155.6366054195693,27.087487151730706,0.0,3.5721075378502474,3.57121602374464,3.5801117225430477,3.609513104504623,3.5443776962795166,1.0,200.48093934830788,10.894671698917024,21.830496461271768
158.054947990004,157.09259262103083,25.964296432490755,0.0,3.40570831499974,3.4008874958694277,3.4489905528498803,3.6079770902857913,3.255760550076464,1.0,203.4139058771413,10.997744970266357,19.552024911420496
165.60397692341942,167.67994611346631,32.373732916841426,0.0,3.313631825687346,3.2992301851322714,3.442932498229872,3.91788637317266,2.8656802437630096,1.0,201.71797395111545,5.867505313571884,19.848373513122123
178.36925439144775,181.61901697111335,41.720606367031216,0.0,3.49876530657912,3.480458059914792,3.663131254477532,4.266888699990053,2.9293329528217424,1.0,196.63074560855225,3.299303791899365e-09,20.474651734620863
176.72434379006333,169.22646333699956,30.87262567399801,0.0,3.5399219975430403,3.5344868766445785,3.5887195550111706,3.7679652453483667,3.3708668608133654,1.0,189.37093251689384,8.470368044010815,21.343720602011114
190.77081948228755,196.21833708945394,28.56239373654737,3.7644437440600083,3.5707329620478365,3.5610445523391245,3.6577173605528492,3.977232889588369,3.2693826592373183,1.0,176.283699858526,12.995820516851314,21.66671029994757
185.31256442702647,189.4004316076692,27.974033084206265,8.414524773501503,3.6647317171583227,3.664731717722934,3.6647317176625585,3.6647317173615837,3.6647317163785544,0.0,184.20842210304107,1.8812981085610496,21.52386501847568
201.13730769966125,202.39646144571614,28.777318658273096,9.262356246573532,3.7276803239804623,3.719694269261019,3.7993806553944824,4.062753994572734,3.4792804033868356,1.0,169.9872400620205,13.347759239444832,23.16094021946723
210.79031116292327,206.29687136216202,41.575298167387665,9.901999158096599,3.7037580071928975,3.67715861880704,3.9425723856967156,4.819797633376883,2.876405167095645,1.0,172.76606716104115,3.326618403169024,25.10883020714685
210.03889641580406,209.4737445877453,32.435084243020476,13.213390820785156,3.7642302021477883,3.7550233528706825,3.8468910687358093,4.150525208043073,3.477858406312242,1.0,171.85929409597054,8.410968644639958,22.982572281431075
219.58883810580318,210.0461820567897,40.031981312682,23.943614206893983,3.8158929355166595,3.8152874014604468,3.7786789263544596,3.67993530917087,3.7236644372829226,0.0,175.82269567642467,4.342874145635867,20.152066166457484
216.49691734966015,218.44297090641345,40.2448890733251,23.10256074044151,3.7485779147140703,3.731521758136742,3.8728239103818254,4.354916241010606,3.1683499454653514,1.0,173.6517868013559,8.392862693951162,22.453567942458566
224.67610466744728,218.68705358912544,41.3269022854268,20.944521634027648,3.803798135324147,3.798145123088233,3.8447455472748984,4.003881944334431,3.611090703341353,1.0,168.62436110601843,6.960541644428309,23.50318055273586
205.92740320140192,208.3960137452545,41.53593192559296,14.684514253265231,3.633379519761418,3.611754980708436,3.8275287525782464,4.540687686730748,2.960765418096044,1.0,183.77611197840736,3.57821890914016,22.114210959983307
217.3671959787287,227.74397858462584,29.33629040831464,11.090816753824848,3.6706505885296234,3.650211182365447,3.854159529233647,4.528234000568304,3.0348989060864864,1.0,156.45451416755165,14.900747751107785,23.54583792614978
214.1831789292068,222.21134837862687,39.22137030462833,6.094177427105939,3.821975265994405,3.81774207464936,3.859981668440812,3.9995887380755635,3.6903051999322645,1.0,163.3359636763602,5.393739208250965,23.44098016088317
201.14594819418653,203.13460826979497,45.62705243383783,1.237254979569044e-15,3.692034715183037,3.6678363416869644,3.9092923269989006,4.707334148468143,2.939363527875585,1.0,173.85405180581355,4.506555969198791e-07,24.438483459336492
194.46532250482852,193.9576324765354,32.15309916683567,0.0,3.7700823354319484,3.7409337280980446,4.031784089210895,4.993080420545834,2.8634380593505155,1.0,175.04659307338022,5.466877795205837,23.666271156183413
174.58975071847607,169.1064060654473,33.78635810527865,0.0,3.519778931218471,3.5197789311802605,3.5197789328591718,3.519778938163813,3.5197789257124854,0.0,193.9006651499236,6.268789615908768,20.06007725900073
159.27084410334936,149.48565320437433,39.13685560420969,0.0,3.30520937396489,3.264791521336332,3.668088553983213,5.001035006794087,2.0480441976287223,1.0,214.80000889002423,7.792972897902886e-09,21.952746668376395
168.02743037837305,168.8807800923732,17.59013285623225,0.0,3.3948695769674497,3.388490218413923,3.4521446779260714,3.6625305208545655,3.1964446844153747,1.0,186.01272070154673,19.82117320708853,19.658940502612907
172.4073559102192,168.81919244819724,36.07760560060872,0.0,3.2941879789516095,3.256087440925226,3.636261869303021,4.89278524151676,2.109101034330742,1.0,202.59264408978086,5.011515315218895e-09,22.410965408557235
145.3794630176189,145.32717607951463,43.097398575596564,0.0,3.250917666354498,3.240049612467363,3.3484931248713723,3.7069123130507036,2.9128754880108896,1.0,229.56878367503808,3.868489281231889e-09,18.95196855190335
151.05566013581432,152.01666852733737,30.873883280227627,0.0,3.283218016771032,3.2832180175172168,3.2832180185566866,3.2832180209853767,3.283218011672424,0.0,218.07090289686266,4.055028548191203e-08,18.143635039275257
171.191874796251,166.5914088987398,26.326988581117877,0.0,3.7093951505472127,3.7093951508287284,3.7093951506404235,3.7093951506544705,3.7093951503514324,0.0,190.5122425169424,1.8897214057541392e-07,21.91012580833624
153.669972273689,154.18976131851397,27.79046110352656,0.0,3.5055890085628034,3.5055890087036916,3.505589008661999,3.5055890086367527,3.505589008373181,0.0,207.75375956362353,1.295823910961516e-08,20.0496958492895
153.40660901481436,155.53002936196415,25.216724535465772,0.0,3.4489726614909477,3.446011124313124,3.4755619071931365,3.5732308905219075,3.3568563992319587,1.0,208.85459024362137,7.941581074713655,19.814679180817883
155.19417814735735,152.23299742882804,24.167049958994856,0.0,3.432194023923642,3.4291916953790973,3.459149505085861,3.5581637616006567,3.3388089693681247,1.0,201.9237620498146,13.697837768588178,18.971050325187893
166.79764533245807,164.51604449165444,29.631252254173052,0.0,3.539177463981872,3.539177464371784,3.5391774645484464,3.539177465114595,3.539177462653102,0.0,195.22904069707127,3.5056527032278892,19.78532512576673
198.1850521332457,207.17871489031418,22.228888672467583,3.3733902745098088,3.8619612369814216,3.860595704821009,3.8742212577325432,3.919255393040133,3.819487400952008,1.0,161.68354315443338,15.206168216348043,23.267549456793166
224.48127888730707,229.84150293008327,37.52293540081319,10.615266264976405,3.8040497632041816,3.7766582059458305,4.104649785712673,4.656000880920866,3.046139595598279,1.0,161.76507656346385,5.011880317194831,23.204072928535854
205.9428763007802,196.98092902918262,18.42950145841969,8.001848018633789,3.8639822134834043,3.8531922713362023,3.960856374368591,4.316699519122034,3.5283696235436968,1.0,155.14055702137773,21.922253611060423,23.11384041601072
195.7374156505095,195.28459713937727,13.203751550445055,17.2168928782567,3.6630421989681627,3.6525652508574264,3.757106241627243,4.102627114800617,3.3371650336261927,1.0,168.76344591279855,25.11171844615237,21.158304801080373
215.72077755781743,212.97935937533495,31.465829990769855,17.027645027788655,3.773388999255255,3.759716859368547,3.896140088999702,4.34703568572804,3.3481279127153787,1.0,168.52104357075382,9.060823645891189,23.35143334357425
223.1296664025403,232.64358358615783,34.90628179937681,17.86161594536107,3.9566545143488225,3.953024955723722,3.940339734328368,3.923926711621286,3.7596094994593297,1.0,165.79910615956683,7.839555862027078,21.61295906814591
217.4417615858519,213.52969516098855,41.961290077500976,8.120870733325821,3.906828780778174,3.88151943005049,4.167284393456066,4.788066288600176,3.176772362207034,1.0,165.67048250150864,2.1040687683498596,23.91951847631562
213.8604176897408,223.83107525750015,24.858511139423857,20.145434969409145,3.7671895760331666,3.757933001373085,3.8502968737909824,4.155570868317539,3.4792711533628005,1.0,168.40773694572846,16.8997882356691,22.690116670308065
211.22751229171692,207.2541120247518,21.09431965585412,9.384797911647745,3.7774155349500584,3.7774155355368966,3.7774155356122425,3.7774155361799275,3.7774155331505774,0.0,152.2750987124699,17.613514266523232,21.343418970568795
212.20177487402657,218.7629209130841,37.92790692453234,2.3784396064773476,3.6475371143064934,3.6415877378824866,3.7009517688640203,3.897157218420383,3.4624864236970527,1.0,165.39639147534805,1.0949583843763826,22.57068214027214
217.9371407332775,210.6773292870654,38.05856306526168,3.5499972780643376,3.828880083392734,3.796261459402652,4.187121069017062,4.841894123245632,2.9268184682114224,1.0,160.84544315881885,0.4896819268123547,23.87742983362016
192.93636127013247,199.88474052446725,40.245105157211114,2.3260654696445834e-15,3.6945422922776197,3.6945422931339897,3.694542293387582,3.694542295377742,3.6945422886158075,0.0,178.41504197488908,0.44298792401954135,22.72880005373668
189.39444045260953,183.51831646840398,30.455580444504545,0.0,3.6765784478053485,3.662055994563913,3.8069638089404414,4.285902014623611,3.2248690515125586,1.0,176.35230118913057,11.50458886297713,22.675251114888106
179.35720734370167,187.18116938597947,39.88126145036527,0.0,3.658755725366277,3.642294458958936,3.80654811082513,4.3494266957730074,3.1467411198024435,1.0,194.54088607856136,2.353234179993004,23.87951957848591
170.09466938118914,168.05515034309545,29.23030664738231,0.0,3.5608926007687085,3.546934667951729,3.686209581294469,4.146530354480379,3.126742193093575,1.0,199.74087608477043,4.579303460299658,22.011612711461016
171.52703577011073,165.7810575398881,29.600036943617578,0.0,3.472616429117667,3.460760146243717,3.5790644051276566,3.9700745775355104,3.1038361416196785,1.0,192.22145969056336,8.807119282916858,21.75327686941306
164.4296606369183,160.47532149936478,23.06824803015235,0.0,3.614677518513722,3.61467751891108,3.614677518874879,3.6146775185705473,3.6146775180168493,0.0,194.37876053756017,1.3299219436523054e-06,21.287987492195587
146.69134570963132,142.4695259783819,27.87605980184248,0.0,3.144594888569263,3.1433983317362193,3.1553378062653534,3.1947992412611366,3.1073769313688064,1.0,218.39407733646067,6.62746368895199,17.37880430130912
146.59598638127298,143.52126634903604,25.884451920817508,0.0,3.203221838030897,3.1977380937276427,3.2524559420346617,3.4333051806812254,3.0326543201134455,1.0,215.207830800218,12.663564937632344,17.412332616846115
157.5835904166661,165.77269342145505,8.729265110433472,0.0,3.786281993321455,3.7862819937108805,3.7862819935202987,3.7862819935123118,3.7862819931572425,0.0,187.59464304887686,7.168871033214322,22.558734557059008
162.19882204060377,162.40046042896645,33.63606776735751,0.0,3.4829636656194545,3.47147867898545,3.586078063955668,3.9648431710518146,3.1257322842384605,1.0,206.66462415949303,4.689181464641058,21.87987691704981
169.4008436025425,167.6710723315112,37.722652780104895,0.0,3.3796847161000003,3.364736585483159,3.5138918805452577,4.006868534230455,2.914734994822158,1.0,200.51669394757081,5.628779454029234,20.6340818287432
170.4686220653463,169.81752091883882,24.367234433339615,0.0,3.4512335423181693,3.441928357085756,3.534777273888099,3.841654392451843,3.161803135993333,1.0,188.8988339479595,17.25591301204254,19.855820851465676
180.84298389877702,179.91599844193064,27.805131274983225,0.0,3.6591757212004357,3.6591757218283023,3.6591757218496705,3.659175722827957,3.659175719609652,0.0,179.90394619624254,5.082744670644879,20.32797854773071
186.5515901779623,187.52573022600583,33.08084060643135,5.137282772939487,3.678155697782886,3.6663566630322113,3.7840896802356845,4.173211828736936,3.311156098272392,1.0,187.13223202575,5.661105731012957,22.654079287565683
194.9791824984671,190.1243925027595,28.829028000907982,11.765705986434071,3.4943706479386982,3.492010012278069,3.515564895641617,3.5934166868795283,3.420944916505829,1.0,183.1248362909556,9.816146038625641,21.336402256916596
215.1020291119548,210.49781280235902,19.047686880888556,7.719055790651587,3.984825939400258,3.9615556517535446,4.193751028650572,4.961185394445224,3.261022095122666,1.0,148.3234229863721,22.614864363725857,24.820121433231073
203.31116386336456,206.51350817138237,24.12748964400082,6.478413804024015,3.6524466315630333,3.6353636460832712,3.805820944379574,4.369203348045306,3.1210938972745255,1.0,165.65438049326409,10.805582886205551,23.522654484935696
219.9875819864177,220.20062544605594,38.996117743841964,17.066930647606224,3.8239595024336395,3.793182269996343,4.100283364384683,5.1152903740077305,2.8666581281257,1.0,170.37965917549016,4.588345036018353,24.645585140312775
219.47173436207868,219.93138973259082,23.653662556851977,27.062156571060473,3.842687112180671,3.8360620283589917,3.873973162876809,4.013984296815265,3.5881004184981067,1.0,164.29598535866006,17.02915155328428,20.599102716148117
213.82365225807035,206.93171528049015,21.70559548546329,15.812159772020882,3.858554177355951,3.8488865643404324,3.932875225759594,4.21697747750429,3.5363808469634517,1.0,158.1000721421629,22.800738291399448,24.168759258572052
219.71423704869053,212.66374682529158,27.97390485231433,16.882037564720832,3.9085643764964844,3.896657065608937,4.0154704951197475,4.408163541239379,3.5381968909040613,1.0,159.98922979285265,12.853545358449518,23.777397920538554
220.40921536922042,236.28957149244982,29.91708562217404,13.091690242581008,3.9736682601381883,3.967130711718441,4.0323636250511,4.247966454776084,3.770322979480091,1.0,159.93825398101012,5.78839495489381,24.821241219226632
205.07963899491136,209.13226161154,25.83355667194116,4.87129852339501,3.747035554260616,3.7278561799360426,3.9192316666672644,4.551751271045026,3.1504762388713243,1.0,160.83771209659253,16.14807800886976,24.041759435130135
182.52152894585953,184.7562986471717,23.954780431088494,5.544725454916577,3.6674497191639692,3.6674497197398095,3.6674497197487246,3.6674497194409645,3.66744971822708,0.0,181.6292349387754,8.664316377614902,21.004361728852825
194.8262203187537,201.43939835644719,27.679505662291977,2.6919526008587037e-15,3.670301518570936,3.6539997950818917,3.8166615101412837,4.354278549204773,3.163249324960569,1.0,165.77792330773556,12.42876817539701,22.022374826416446
163.02904224991488,164.54807928145826,14.03991127454591,0.0,3.630147383184666,3.6285968865349947,3.644068044599468,3.6952021304369818,3.5819203938451727,1.0,187.3635337759455,17.901361093890507,20.399654373600825
179.13626536329608,180.32029300717764,18.699954516067297,0.0,3.491434807548387,3.483869091414214,3.5593612528208065,3.808872159659373,3.256109206285846,1.0,175.18349049121633,20.964583993397785,20.561129551692463
171.536508180516,167.28933327117917,23.681122075619278,0.0,3.5810109587793635,3.5810109593136956,3.5810109592866985,3.5810109598195448,3.5810109576859186,0.0,184.55563529063096,10.03359160360388,20.707038283143273
161.91708039277697,160.0248550751449,39.06517087320563,0.0,3.2523541122506616,3.236940215007544,3.3907430180860842,3.8990802586681976,2.772917090856394,1.0,210.93571536205909,1.587751686578537e-08,19.389772227369743
159.49242797613118,165.53493123246122,22.71919745404252,0.0,3.438245962504591,3.4301801824702953,3.5106620755485283,3.776664662030062,3.187366274375484,1.0,197.462735257622,17.570742252162276,21.366470584884624
153.7932691369512,152.76133320349612,33.7231796828665,0.0,3.3093474711601885,3.3093474713243274,3.3093474715469893,3.309347472144099,3.3093474701403274,0.0,214.59303645244069,3.137539602111932e-08,18.316745966002156
158.38683852265936,161.5967021920746,14.413951072173273,0.0,3.5095444601939363,3.5095444606322403,3.50954446036588,3.509544460402058,3.5095444600310346,0.0,191.90030813768962,3.628565424590298,19.838949483988642
147.4735113030699,148.0470437741518,23.7055765888655,0.0,3.2477403674375416,3.2477403675532064,3.2477403675150764,3.247740367514435,3.247740367328965,0.0,209.32280697565193,1.0374188799678986e-08,17.978139546753443
147.75930835609108,152.29435619554428,22.059698099116016,0.0,3.301070063857706,3.2995601337457243,3.314626509159312,3.3644227375077533,3.2541048706698184,1.0,211.05781267469135,15.305305648923245,19.57701432395011
165.39031836822068,164.27841650801622,25.066866400401473,0.0,3.4879696329872267,3.482954483081967,3.5329966086912186,3.6983920079054577,3.3319773665424517,1.0,194.29303214666209,13.635129657185303,20.745490775087042
153.50237272447916,157.81405998707797,6.371717859665015,0.0,3.6251561049063503,3.625156105262393,3.6251561052306953,3.6251561051152974,3.6251561045648355,0.0,189.09720059835888,12.54576151654285,21.22179601527893
180.11537935532516,172.03991366624697,29.525269309403683,0.0,3.60970779420448,3.5982860130982197,3.7122547311813996,4.088935406729138,3.2544423372595297,1.0,181.81033730247137,11.478795835990594,22.47846798983931
183.10373510024922,177.58984928471702,22.67099132922897,4.177427841797992,3.726055570523627,3.7073725731191085,3.8937950898884504,4.509944509172579,3.144935754861113,1.0,181.87588069360342,13.267264570143631,22.816133162607173
192.0373140153785,184.61123959279323,25.76441812435999,4.024229089371882,3.6970741718803675,3.6896412060698225,3.7638087650547454,4.008941699184084,3.465877644815448,1.0,172.6523245133173,9.768979741174757,22.937785290717343
191.86764838034844,181.50816297543733,20.634316984324503,10.88823914465018,3.4596515417206577,3.4479547880522916,3.5646672296346718,3.9504162485607153,3.0958332990974498,1.0,174.81072120200952,19.91370704331846,20.108737826268136
210.68950560485138,209.52480357265645,39.8801118269918,20.176504785367353,3.831390879892613,3.825744130539326,3.8751791562821807,4.042172775618157,3.6438636048693143,1.0,182.02276502123107,7.390500012274663,23.221266731722345
216.04994454659604,216.09439764852158,17.432197772070573,4.278202092422263,3.8070578195917024,3.8030368759675794,3.84315862581461,3.9757659606141944,3.681989535863443,1.0,141.1277206276966,25.010921270196246,21.97001599066373
228.3267967521291,241.33397021006428,26.01029800247606,18.33725033949502,3.959965160274556,3.94122300365118,4.121330844083795,4.720211984168659,3.3651230437842656,1.0,150.07675687421516,17.289851257351742,23.765187453495916
219.8632365730145,215.78423710938966,19.813919272363645,23.77394537892074,3.73525438485193,3.735007011912758,3.7353052927317147,3.7374233260872383,3.7238257361792297,1.0,158.07942000546038,24.424191047928954,22.75007522209772
215.86465471679176,208.6618656338437,13.55025156826612,16.736474195895212,3.7299766597262125,3.714217321759354,3.871467006307344,4.391196616755078,3.2397949503862407,1.0,150.58837968782728,28.23488946430287,23.94042879463117
208.896920177801,206.22527208803947,9.017598209596308,14.783256777261913,3.6196059081960574,3.614101815915845,3.6690227025737108,3.8505430102934763,3.448405474315557,1.0,151.12980985283994,33.38499747175152,21.792479764992546
202.89580156344442,205.09536731050486,20.467710115929144,3.8208505896790808,3.673562848690277,3.6672975019015563,3.7298143332292826,3.936440172827143,3.478684192767783,1.0,155.56409333657055,19.262307201019425,21.6669614374588
194.98608982589073,191.21558261791503,29.651955823606496,4.720025648050588,3.880191998718599,3.8694157565197633,3.976943163736728,4.33233451192301,3.5450055183395297,1.0,172.97362149532063,10.228826718444912,23.07551494746027
209.4381152685552,203.65439769229062,16.582303410869535,7.755874131766885e-16,3.8674537589367004,3.8628806358399728,3.9085121520110824,4.059329950220472,3.7252103222883255,1.0,144.54210734693302,19.342708027783306,23.80547879753546
194.76454297703214,203.66767775869147,16.07867214194862,0.0,3.7237907771992718,3.7142532044148195,3.809420926804957,4.123961989438374,3.427132143708908,1.0,156.7569468471039,26.49229150003265,22.084966441436134
173.0677407077385,180.60586781235781,21.02556907619612,0.0,3.4160233244349474,3.405612494891323,3.509493741000573,3.8528340765229494,3.0922027278025865,1.0,183.29715485058438,18.204680138183896,21.207982470452933
179.6198588686542,179.38555266304343,0.0,0.0,3.649910475966615,3.649910476530293,3.649910476137052,3.6499104760807772,3.6499104756840204,0.0,155.38014113134568,24.438390148980794,22.28118247125064
152.92618605920728,159.68603586801424,34.44084986365737,0.0,3.3935018987065035,3.384431922122959,3.474933876991221,3.7740540037161514,3.1113874846477567,1.0,212.96922666332017,5.333827197018113,19.450984412316767
146.09231051417066,141.98892091137998,16.427992570766957,0.0,3.4300155117768862,3.4300155121338345,3.4300155123841294,3.4300155124949976,3.4300155104611294,0.0,203.29087736396247,16.175093644267207,19.85058032021248
144.4471225511892,138.55162849730306,0.0,0.0,3.756181276613244,3.7561812770605703,3.75618127676332,3.7561812768916885,3.7561812768411436,0.0,190.55287744881048,3.789783613793619,22.407922172715576
144.04120885088972,143.62055795410973,18.220102101767804,0.0,3.289734297356795,3.289734297427316,3.28973429740117,3.289734297388731,3.2897342972812753,0.0,209.90579565966817,3.8722575967225846e-08,18.58589209774965
155.9033605336948,153.77103399818145,6.815404913033328,0.0,3.4509345119948183,3.4509345123909934,3.4509345122977995,3.450934512159433,3.450934511463453,0.0,185.73472432694982,18.059363540481478,19.455010519052873
163.53023509143887,162.10926708341123,16.740524832471774,0.0,3.4522208601565048,3.4522208605218054,3.452220860421903,3.4522208604816145,3.4522208594063373,0.0,188.40548940522186,14.430250146079155,20.599996221682883
176.38577467214105,178.3617070368719,29.199600735829147,0.0,3.62052734519413,3.620527345417531,3.6205273453401565,3.6205273452638256,3.6205273449229547,0.0,188.07235123686863,3.605988640740251e-08,21.448978713622648
161.7608631147858,163.73168445313885,10.740315447223313,0.0,3.5824503945304156,3.5824503948826636,3.5824503949652966,3.5824503952239057,3.582450393451724,0.0,183.11958837047598,21.57539629402055,19.74938680684032
172.08171267735577,181.3426894237764,18.1987756515314,0.0,3.6501746680010085,3.649868128628871,3.652926839675083,3.6630362571176263,3.640639995109179,1.0,179.34956128875163,21.97883694518937,20.59098676980307
192.70820850005586,190.31182618532068,27.085791855848537,6.122396121237784,3.655682981750352,3.6556829836431475,3.6556829822877432,3.6556829819003203,3.6556829808771467,0.0,173.52964511208557,3.072735796797986e-07,21.539572626270477
174.8554338873089,174.3593569601774,14.827869651124484,8.88152997109006,3.636874519477914,3.6368745199201884,3.6368745196714194,3.6368745196744463,3.6368745191377045,0.0,186.93778775311526,8.422890967368224,20.458771868025806
200.43641260978228,202.53052344664277,8.681819551197739,12.824955756420955,3.7070950812943737,3.702016738824369,3.7526894107160875,3.920168843186732,3.549137264407177,1.0,154.97626662232227,33.11014316267262,22.63075935810726
229.6818917348697,220.8126903662671,12.502630823487847,11.638601379035789,3.894273165948506,3.8942731676580418,3.8942731663161028,3.8942731665081127,3.8942731650967954,0.0,128.8866461961446,24.392665007046094,22.42684567532915
226.3966391935123,229.03475900711288,17.18264515378734,15.515688257055531,3.8866226899874556,3.8851058351485444,3.9002413487578855,3.950266104578588,3.839441963386345,1.0,141.53224157106604,27.36717070925866,24.109777371134175
210.1595300998647,206.43135226694514,7.794828351428914,14.123210738603982,3.900161134195811,3.9001611349446055,3.9001611347064244,3.9001611338025794,3.900161132764867,0.0,149.13030807480732,27.450424592552558,22.300741821348197
212.967071119433,201.45060803220605,17.059269597833623,12.972445718447059,3.973497388501176,3.9693661890028835,4.010588094551383,4.146831580594266,3.844999677476646,1.0,151.44031455436271,21.979373925692126,25.250242688224507
223.13832081300038,229.25712212785595,15.81858440385219,8.738111980155274,3.9363482423951344,3.926415903143604,4.031946583211808,4.3181484470479825,3.6384649076509175,1.0,136.32566045339175,24.410658141830428,24.70930500846691
215.53653876917596,217.77510815206392,6.079881330026159,10.42238302659299,3.802847662496449,3.799107946431187,3.8364235632949772,3.9597562865247555,3.6865267066691643,1.0,135.79430253151966,35.07163140463596,23.224997325103683
209.75975522287888,211.74433190611586,5.567601200681956,4.790517122085375,3.8707502203086426,3.8535636248423035,4.025054767624519,4.591854157605549,3.336174764481914,1.0,136.07586309854392,33.24017854919917,25.56284573736939
197.2397507678906,197.56717297559422,27.70863656410626,3.974262460076318,3.6805488416024845,3.668039995566023,3.792855655330207,4.205386812410906,3.291471091287272,1.0,169.93994192807878,12.11326218731226,23.536889976057946
204.6142687132724,215.1297084327535,7.912065109387275,1.468871259024937e-15,3.7872946727719574,3.7872946728783883,3.787294673713737,3.787294676281292,3.787294669796739,0.0,138.5376141689653,31.191229776127333,21.368178028394365
192.11525266615615,179.15863590332438,0.0,0.0,3.7578036934920385,3.7565233775245748,3.7692986203601784,3.8115223744326956,3.717980461993038,1.0,142.88474733384376,39.912364822634075,22.929084421220725
181.62094072341486,169.84547902792872,19.32633039471317,0.0,3.893120819028925,3.8931208197127107,3.893120819580451,3.8931208201372023,3.89312081773598,0.0,172.26940994513387,13.926378252170265,23.878579111425555
168.94762744359818,165.2268596974444,13.506728850950086,0.0,3.4699389981670716,3.4614621726061086,3.5460455562923867,3.8256040751028877,3.206274066149877,1.0,179.97409380591915,23.188952183580827,21.540231059374772
170.97245276256507,174.88366368668832,9.638461107992716,0.0,3.6771441534088867,3.6771441539841616,3.6771441535641545,3.677144153511571,3.6771441531953974,0.0,174.99774067475437,11.218830076925087,21.896321467972875
163.83284814238917,173.42233944778724,7.625667242951164,0.0,3.6867723402875807,3.686772341058518,3.6867723405124506,3.686772340667659,3.686772340051919,0.0,178.7614770567828,15.348102969680365,22.5685887238918
153.8546048009399,153.17770241864724,0.0,0.0,3.6503347583750547,3.6503347588221646,3.650334758623394,3.650334758597744,3.6503347582603163,0.0,181.14539519905975,16.19789863532569,21.44184487514939
144.88434276063174,146.65109290344657,10.974508519535611,0.0,3.2665356261230345,3.266535626431978,3.2665356264622405,3.266535626596484,3.2665356254676823,0.0,202.0680030831551,15.020453863621713,17.258492601078064
151.5308821560924,157.19015160309166,16.078093004343856,0.0,3.549009168697463,3.5490091690438934,3.549009169011736,3.5490091688420624,3.549009168105131,0.0,198.2797856944847,11.101097789687561,19.515919527062557
143.02093593220513,138.83637394353966,0.5373605834565337,0.0,3.6881128062102806,3.6881128066873456,3.6881128063500723,3.6881128065651008,3.6881128065352957,0.0,192.5960776109392,8.309587516566489e-06,22.073221453204496
156.75592236307216,159.62610457285666,23.936110524229356,0.0,3.441654155160147,3.4382720821331696,3.472019055373407,3.5835569651896737,3.3364574477495994,1.0,200.90545734261102,13.102781185596562,19.317995897412114
170.57333892105117,164.6032756770138,17.349052888923566,0.0,3.467093633086402,3.465166751901761,3.48439354302221,3.5479404592364405,3.4071595132670236,1.0,181.6696245905864,20.584292180373122,20.35043216644287
158.52925312301946,154.4665284663257,5.304126475073379,0.0,3.7772034173378572,3.777203417824054,3.777203417541033,3.7772034174938005,3.7772034172178413,0.0,181.7152223169373,11.369815745701445,21.974329535846017
173.93446415507486,175.12425822311369,0.0,1.144366296373641,3.5854834431636986,3.585483443510786,3.5854834435115044,3.5854834434613836,3.58548344248473,0.0,162.37601857835227,27.956093571937917,21.586418102084227
203.57720911035753,201.99614739686535,4.355438547449953,5.98227176694482,3.685712828378154,3.6857128288507743,3.68571283216366,3.685712834370497,3.6857128204844725,0.0,141.79881078055232,36.56114528427633,20.35839338583566
206.40224455195474,203.749871662782,18.555002308327946,15.554002228299419,3.5620245446419347,3.555257277314019,3.6227823640566923,3.845961107227605,3.351534059374582,1.0,163.15287480949652,22.86439864411646,21.642304908304425
200.89987006978305,200.58420808835987,10.421381922390442,9.921684875507532,3.7699735993521784,3.7574011470200803,3.8828514761485713,4.2974802916841455,3.3789174476375674,1.0,154.95561789620137,30.20428125810433,24.01372721989959
210.90603920277368,206.98051886993198,2.6908150387905265,18.26140943119471,3.81855283299686,3.8185528348119675,3.818552833184757,3.818552832967515,3.8185528331010516,0.0,146.18372379050982,9.262336725803836,22.863539833546852
201.5349720344132,193.92118852023438,8.626858459600747,23.683296955832922,3.789532057766806,3.789532059621158,3.789532057887166,3.789532057624734,3.7895320577392484,0.0,164.4166204363368,7.353360373574051,22.979394164338053
225.22703113204088,226.51725619525368,21.758035769984264,17.467767008725133,3.7736537556008534,3.7604147191907855,3.8803723453412835,4.28318292640976,3.3409665200503054,1.0,146.8627175586542,25.614650401542622,21.9873845244017
215.1650669083838,213.16360988493307,18.08577220113852,12.679337497089946,3.7857927075885063,3.7747043680571064,3.8967600032690424,4.188957972226554,3.460540040959074,1.0,153.32096529415642,26.371155903565256,23.69055732194276
219.8336040264321,229.2986524278674,8.900309553819907,14.61059874150048,3.85452811729093,3.841489500252323,3.971591382753049,4.401594179399641,3.448972031765134,1.0,137.83443405236778,37.958237714632276,23.635012584146107
213.75882276328167,218.2804492392984,0.0,8.36291097832347,3.95976083819776,3.9532376131531732,4.018327602431935,4.233458048944487,3.75686108442476,1.0,129.70813321133605,40.46691697663298,23.466161293851968
210.31237337815276,211.06434678246015,8.753583258436294,3.663030521296322,3.814754915009621,3.806854278615049,3.8856883394542194,4.146244638078498,3.569011880414314,1.0,136.56015623173388,34.05951815050211,23.775620926926642
187.74501083432466,190.51597068117576,6.431969939758517,1.778064489793944e-15,3.7648732826223794,3.755697243800577,3.847257512397706,4.149875497912408,3.4794598713477023,1.0,153.6086092234545,32.80549135487774,23.29475286152236
167.83814829704028,166.5209775661973,3.8829645508437487,0.0,3.6584920294609384,3.658492030044995,3.658492029684313,3.658492029803217,3.6584920289833804,0.0,171.3610868841201,22.543144931781075,20.694848402808482
179.6821532887299,168.35115996622818,4.282800784034617,0.0,3.5607841452348947,3.5606386944682322,3.5620900353375684,3.566886895349003,3.5562599967835706,1.0,159.67661699615252,33.87117406424722,19.75642453189406
173.51937689507145,171.7414910247099,0.0,0.0,3.7122604441545053,3.7117168548154034,3.7171409021167614,3.7350680465512274,3.695352499138496,1.0,161.48062310492867,34.430838840700524,21.05592241485752
157.8257532186757,163.93065709428447,0.0,0.0,3.476978225082425,3.47697822549666,3.4769782252756998,3.476978225281233,3.476978224744755,0.0,177.1742467813243,23.290181979272724,19.999920009519688
157.66958141904985,158.14236779691348,3.7890341032644193,0.0,3.413023691148394,3.413023691464984,3.4130236917021017,3.4130236921057087,3.4130236897097133,0.0,181.23595420637574,28.653741278250642,20.319770442125
147.66386776986755,147.9790591203079,0.0,0.0,3.5514490922043613,3.5514490925253055,3.5514490924819753,3.551449092421967,3.5514490917380797,0.0,187.33613223013225,24.099022866140118,19.699828394344532
143.4923327901546,145.13061846759402,0.0,0.0,3.63970990635279,3.6397099076413504,3.639709906468001,3.639709907067187,3.6397099071467083,0.0,191.5076672098453,1.989690330586471e-07,21.04807481028615
150.69122929773317,151.32930433303827,2.17935039018776,0.0,3.495761099539294,3.495761099888511,3.495761099731381,3.495761099685701,3.4957610995257924,0.0,186.77000490033132,9.474374929194935,19.676844801708263
159.4852017690399,158.00694935559122,0.0,0.0,3.771913938677449,3.7719139390575203,3.7719139388510494,3.771913938956315,3.7719139387071694,0.0,175.51479823096003,13.27582273424274,22.89507846026639
160.5851822443395,157.82219499390828,0.0,0.0,3.6685639991799968,3.6685639996328114,3.668563999476593,3.6685639991917065,3.668563998899276,0.0,174.41481775566024,19.125043693788697,21.88834893275357
155.49660946413726,148.71655744979608,9.381754324806348,0.0,3.50757035848318,3.5075703590177345,3.507570358607377,3.507570358617481,3.5075703583978513,0.0,188.84727872193804,7.913032061285248,19.49987881895084
178.12917547436314,172.14527574996637,0.0,0.0,3.8534039541697713,3.8534039549733046,3.85340395435346,3.8534039545142336,3.853403954221073,0.0,156.8708245256366,15.10077273299037,22.109133693786596
182.18478045627847,187.14538686737146,3.4627659702957834,4.51493184384827,3.687913901705323,3.687913902418556,3.6879139023208545,3.6879139015117257,3.6879139010661146,0.0,161.7658388965216,23.04201111159184,20.60743430339765
186.52744237323896,177.2354281305976,4.28141457727,11.890605784904958,3.563436786451729,3.563436787047507,3.5634367866208705,3.563436786605439,3.563436786313665,0.0,164.22283096981403,16.908190445481292,19.492835045248302
213.85537870875893,209.80959028954396,7.463109343996806,14.493441581976265,3.7184833622543767,3.7152943526350377,3.747114904874256,3.852285757180971,3.619291728701681,1.0,143.793297356587,34.3931175081284,22.211145572380104
209.78256325231402,221.98865223424832,0.0,19.499689063173722,3.9003693788882656,3.9003693795825494,3.900369379252502,3.9003693786422065,3.90036937843271,0.0,143.48187477730107,25.605649695275773,24.222433895539506
209.52554483167964,201.1769066654269,0.0,20.752392206501295,3.858571015336834,3.858571017315003,3.858571015592827,3.8585710151539505,3.8585710153075383,0.0,144.96419570792875,14.495417260182563,21.96667842483107
212.65357403680164,211.41358138704945,0.0,16.036451343747302,4.137356693071691,4.137356694318461,4.137356693392168,4.137356692969514,4.137356692456296,0.0,138.06802094410108,28.460710463494443,25.078700741626836
228.61514247251418,220.00656828891888,18.01246824644061,20.148246771533625,3.7890267819258048,3.7866153684193247,3.801455548568321,3.8553151903080134,3.69815343628356,1.0,143.47459563425352,26.371026607470494,22.832051866946582
227.66170222031087,230.93484103960506,6.050645256945706,16.291293397800235,3.9274133927063115,3.9176318345833714,3.9805939354120823,4.20676406693177,3.5635566784194124,1.0,129.5365667933593,37.46932651178817,22.582859460722034
222.96644294374883,218.2514944553096,14.422617705284447,14.614108910735402,4.018542201471182,4.0134293093399265,4.0644467302725324,4.233065602313465,3.859509724577398,1.0,139.11957031939687,27.38513093446717,23.86249831908838
207.13889810607395,212.8055075710584,3.764893480367625,9.457201975224082,3.879383693039942,3.8793836938642166,3.8793836933450927,3.879383693425599,3.8793836923538443,0.0,140.5873432062778,29.243253844873024,23.33285533000005
207.20817290362461,190.38746475725256,0.0,4.607551473401097,4.045521052493438,4.04552105364,4.045521052810603,4.045521052567945,4.045521052290962,0.0,132.47640422146964,21.64694267983358,23.25615688337787
210.85313909679377,211.45372259199362,1.2952343392939234,1.587625803577878e-15,4.056869951071163,4.05686995237551,4.056869951298876,4.05686995119595,4.0568699509188635,0.0,125.47217522764782,21.369697063205884,23.96861555000558
187.92359051009427,184.88693302127123,0.0,0.0,3.8938233835793943,3.8938233842121237,3.893823383971733,3.893823383973839,3.8938233830414215,0.0,147.07640948990564,27.13667137978882,23.689876539071772
180.20867845184617,176.84099853693664,0.0,0.0,3.7609173650780265,3.7609173658772423,3.7609173652200774,3.760917365328902,3.7609173651995564,0.0,154.7913215481538,10.649230873067793,23.153853832754113
169.08196363407748,164.6051671538433,0.0,0.0,3.8174205836436412,3.817420584149618,3.817420583823558,3.81742058382395,3.8174205836617254,0.0,165.91803636592226,12.776011285945183,23.47944668134494
174.16646743518237,169.55066050793377,0.0,0.0,3.630128780082188,3.6301287805742612,3.6301287803595517,3.6301287805342044,3.6301287794095543,0.0,160.8335325648174,29.833507701763097,20.30056834811205
153.79677822577258,147.17699149370242,18.611853316538863,0.0,3.535519162045986,3.532425525100769,3.5632944273418587,3.6653199571953388,3.4392940325724566,1.0,197.75125462265711,18.557303058116936,19.436029959158923
156.69208553316517,163.6789679033223,8.167225190189287,0.0,3.564409636747982,3.5561590612132297,3.638484878042843,3.910581859773728,3.3077820351501783,1.0,186.7315305624013,28.721077722212566,21.172370604617413
139.26770797785323,141.36494225167675,0.0,0.0,3.544209191762758,3.5442091920868104,3.5442091919729397,3.5442091918548213,3.544209191622707,0.0,195.73229202214668,14.948151119691191,20.300282860033978
153.9556669213722,161.916396062296,8.465031977098057,0.0,3.433463055790723,3.4265793348682614,3.495266416101219,3.7222856939327573,3.2193503800061674,1.0,189.0633523006266,27.001562807329933,20.537886978621913
144.71216922929938,142.45183042265722,17.524948436503358,0.0,3.55500344166232,3.553357972423356,3.5697767816016954,3.624042969899997,3.5038224170377656,1.0,208.23617776281787,17.442962751450118,19.500399045904906
166.29618899200224,164.92648030091217,3.308246629093437,0.0,3.5229922772830684,3.517012693057362,3.576678127617222,3.7738797507539106,3.337002049420556,1.0,172.85761511397686,33.26661085646583,20.67771852552631
155.75744115876302,155.62223544755426,5.99830790093746,0.0,3.474686730028513,3.4746867304223263,3.4746867305952174,3.474686731310663,3.474686728564702,0.0,184.21929280479372,27.22873659317378,19.872859902757448
170.47018333289142,168.01428638498078,3.799683259567468,0.0,3.6251950008706166,3.6251950013707215,3.62519500130058,3.6251950012095575,3.6251949999992963,0.0,168.16525534678993,27.66567625646306,20.666172430061156
181.98305748017742,178.69266600011653,20.180374460432038,4.673368015678471,3.630658681024325,3.630658681585579,3.6306586813461172,3.630658681453345,3.6306586802169023,0.0,181.0446137803101,10.664089546156486,21.027607870196544
190.00239035730326,193.38447073632867,0.0,9.855100964874726,3.688339313272109,3.688339313874909,3.688339314096922,3.6883393127875155,3.6883393124578983,0.0,154.88860755962867,27.53168033044105,21.98913655742823
200.70669599012763,206.4254410996675,1.7271348373117112,11.91042845784691,3.666060603984143,3.6660606044263737,3.666060604990219,3.6660606068243795,3.6660606006306047,0.0,147.598004585804,38.63784899178896,22.033754829096257
207.03797051907975,201.70979337251725,9.759541381152758,6.013378597790348,3.8095247089410673,3.8091020046543447,3.81331983120336,3.827260268858256,3.796376819044463,1.0,144.22507751312455,27.24981289885665,23.40805103060113
214.82141254708995,220.7521302213463,8.160276779833323,10.342869019076295,3.71004081259495,3.7038808916485597,3.7685370001154603,3.951140194404349,3.52393280812595,1.0,140.00737518280903,33.10134512432425,21.995726346294642
213.90338554049274,221.24474173453484,7.462424340336951,16.176961389631145,3.860093593025727,3.860093593677126,3.860093593378588,3.860093593171584,3.8600935925206286,0.0,144.3540066504271,18.694150738723803,22.64506946655838
225.4126079622472,227.0562368716801,2.800137913517283,10.610528106421395,3.8287071048109333,3.8194976115515664,3.9113916997120377,4.215112997295333,3.542253104411409,1.0,121.80837956587123,38.11984920758238,23.514560804468886
217.67040798322327,222.1674582047252,0.0,19.13470546397761,3.7701409751037303,3.7701409780117645,3.77014097551473,3.7701409758583107,3.7701409742808942,0.0,137.57945988081048,36.13064779053894,23.229025434231904
228.8942688121144,224.12054826623014,8.750412559755945,10.170168972541225,3.95430064861811,3.950251909604132,3.990651015999741,4.124175052665349,3.8283677802979743,1.0,123.7403116264345,34.54039306724086,23.652400274806052
209.61901486930154,218.37334682064883,18.699865121802052,9.830278738978311,3.774500422163819,3.768740235409094,3.8262164920579425,4.016182614914841,3.595334338105726,1.0,150.80729360735089,26.125819259148468,23.309911726152098
190.2776586601785,191.43521522053172,15.684344621322557,3.6524450850305574,3.5961022438346886,3.5961022443605746,3.596102244350185,3.5961022447498125,3.5961022425731968,0.0,162.88651901982468,18.20164567679542,19.903690012571214
195.03928344928875,194.67376990760158,10.573874623739506,2.4177199788007987e-15,3.9402540892027025,3.940254089904867,3.940254089596165,3.940254090061328,3.9402540883253523,0.0,151.50159178731008,20.91074735329387,23.042021116247174
189.59710645111824,183.49967618375115,2.5630107810061045,0.0,3.7851228944979893,3.776425698535745,3.8632079826112244,4.1500341397469835,3.5146035075388595,1.0,147.86500501426372,34.30440860468489,23.9338937528391
181.25871076023702,187.22032759155263,9.043135359893029,0.0,3.520017683324521,3.5125560218737166,3.587009904907528,3.833089173964621,3.2879286230450115,1.0,163.59546919395677,31.174548703161115,21.38860858631032
166.64362978288324,158.69805083905695,0.7549586325519423,0.0,3.6283118693635856,3.6283118697314847,3.6283118699054633,3.6283118700443193,3.6283118680906714,0.0,169.13886100994748,32.51203863516267,20.38757655430371
155.7582092465637,151.99503350049682,6.451259072464394,0.0,3.7346974839489935,3.7346974843823957,3.734697484170387,3.7346974842171523,3.734697483917587,0.0,185.6585579001886,8.887871985234574,20.874402936882802
147.3089320822061,137.10294076048237,0.967364864144906,0.0,3.5185525779672515,3.5185525782649,3.5185525784042095,3.5185525786827077,3.518552576843444,0.0,188.63516574927257,30.133979666544676,18.957926727999045
147.47720726080593,142.57607256228508,13.921939705525753,0.0,3.373363938378395,3.373363938683583,3.3733639387645957,3.373363938671955,3.373363937475683,0.0,200.83382394874187,17.709510483990027,18.07051251454311
169.00479987440406,163.91743325150986,22.56287688367153,0.0,3.533608707195739,3.533608707400209,3.5336087072704037,3.5336087072613345,3.533608707067298,0.0,188.54571292375985,1.4997025751037128e-07,19.134905226807152
160.00431069978052,171.00828846315787,13.253704664590684,0.0,3.618621299577258,3.6186213000087277,3.6186212998421,3.6186212998580216,3.6186212992090088,0.0,190.13229250497466,7.879829114129231,20.083313182488933
163.1682669462361,168.00901569047554,0.0,0.0,3.7884991624351083,3.7884991632541527,3.7884991625464868,3.7884991627855773,3.7884991627129363,0.0,171.83173305376374,6.752657309225113,21.60123311230514
160.99056617306562,163.70675502216235,11.590013564569743,0.0,3.52975024123129,3.5279630908006516,3.5457956217091926,3.604734335795434,3.474162336108596,1.0,186.06379264118468,25.647771100654992,21.179644215724437
160.10162844614416,165.5744483844491,10.983644264060061,0.0,3.5072527944725227,3.4978825385060155,3.5913807406824447,3.9004038349180523,3.2157984204709242,1.0,186.21905353655924,24.789168995264326,20.533760962732934
171.8221597468974,157.75280615992446,0.40641163300685895,0.0,3.632194754084556,3.632194754648079,3.632194754195271,3.6321947542395194,3.6321947539826183,0.0,163.57770687874904,17.044381055411936,20.114214028035292
177.7782973628696,179.44969046578112,16.259210851407566,4.453417462990674,3.5559052639096813,3.546652705159849,3.6389765026032967,3.944118044564845,3.268111766450037,1.0,178.04198292707906,22.810633532560214,21.14636887760155
173.92088943194517,182.91543024626787,19.14932860550074,8.733597158320347,3.611278589960898,3.611278590458436,3.6112785902275033,3.6112785902595577,3.6112785898455524,0.0,187.0119070700942,1.4918922865265245,21.33067785396075
205.49920724452525,198.19695988750055,13.776110308487299,11.697657565745695,3.8466171119168178,3.8466171126830515,3.8466171121465544,3.846617112207168,3.846617111803906,0.0,155.83560576931055,7.312009067173567,23.958910251682056
209.78414813623334,207.17384288404597,2.101297153614484,18.291048910117116,3.6756244053661846,3.671523985814923,3.7124387580615856,3.847667128634784,3.5480840976783536,1.0,145.35095209045082,40.07615128210909,20.92626131693216
220.70990940659667,222.22773273459245,10.360982354865916,20.452444383999495,3.840806390098681,3.8408063925917526,3.840806390385294,3.840806389558377,3.840806389848023,0.0,145.44958150679287,7.420145748632745,23.602172560562476
205.868935084214,213.8423517163485,16.42729684315002,11.375901252406527,3.935654772018174,3.935654773276246,3.9356547730218137,3.935654774683672,3.9356547690970025,0.0,158.92720645829723,22.625010992289532,24.261570568695575
213.24979503773469,209.15467084437117,17.4147301982273,8.95196581550637,3.9578511996806522,3.938017914464486,4.150307921922163,4.711748734480037,3.3657145759684592,1.0,147.706571566779,24.604078966471494,25.0024836996364
207.91148417578785,206.0357965575261,16.404206713158946,12.951525773023171,3.919409881345286,3.9194098832885844,3.9194098817004623,3.9194098817865473,3.9194098808644764,0.0,157.31554599999367,16.69179710608577,24.542263818512243
204.86393718869283,208.95437346444868,13.15396941651722,11.407342496221867,3.842425922701291,3.842425923412426,3.8424259230983004,3.8424259224800186,3.8424259223017874,0.0,155.6144121815953,9.598292461073257,23.910606623611923
198.55292412417697,194.132207262644,14.706571346024313,7.920502424212659,3.83170581566671,3.831705816742791,3.831705816423357,3.8317058153536765,3.8317058151367043,0.0,158.7088845922619,9.77512461528708,23.37255638111612
188.43079292661434,178.95707240199235,8.618788576233918,3.97402323932919,3.804300527937507,3.8043005284019182,3.8043005289467886,3.8043005312230833,3.8043005249757935,0.0,158.9276397751421,26.09193047344856,22.3155831522827
190.45244281410575,192.49220406776013,9.285790493280334,1.2675704306410358e-15,3.6792364829412127,3.666848540949104,3.7904577929073473,4.199001622477538,3.293919371158655,1.0,153.5637385012479,29.460585992368344,23.50663496653236
178.20282812500574,183.78697636801874,15.646438443356846,0.0,3.6525812000956104,3.6525812005683185,3.652581200329833,3.652581200394177,3.652581199583955,0.0,173.19809145765913,12.597181312127056,21.30977785035072
172.23856021668945,165.57082968678822,16.548892583826902,0.0,3.613709112519482,3.6036037322265186,3.7044371456497873,4.037704018402379,3.2993892782712333,1.0,177.35241837572502,24.589920534936976,21.065631271788074
153.67472004220784,160.10332724516982,11.711805763432075,0.0,3.654331990094,3.654331990550381,3.6543319902308706,3.6543319903273432,3.6543319900688624,0.0,193.34379454364142,2.3348593468779257,21.533153555478172
160.37125747980193,167.7405380287384,10.25458334245666,0.0,3.3677812056885195,3.3649450422710485,3.393244823905585,3.486779093269725,3.2795645878174184,1.0,184.80750013709124,29.19194026164439,19.27641244326169
145.79670159955984,146.03929199506473,2.9752280134609546,0.0,3.3278594307243434,3.327859431023556,3.3278594311337795,3.3278594312101792,3.3278594299899265,0.0,192.03260780886671,23.393291405321488,18.7663573313213
149.13152735635438,142.01555300060994,14.920766329283795,0.0,3.381789686147093,3.38178968643019,3.3817896866552126,3.3817896870011386,3.381789684810142,0.0,199.5956413840168,17.26255217144249,18.863852827771726
141.41715464087036,139.4356964676293,7.061069359814451,0.0,3.5961018675025667,3.5961018678723975,3.59610186767498,3.596101867737831,3.5961018674760754,0.0,199.78659226178527,8.211162701203465,21.121201114337175
154.27426709091617,152.7090672412861,22.34202437076841,0.0,3.353768915797696,3.3537689160491833,3.3537689165616227,3.353768918063693,3.353768913415217,0.0,206.9645147514311,6.750080402704405,18.56942458216483
143.61140732568057,145.9321209449053,11.389024833701873,0.0,3.3089148848151084,3.308914885026317,3.3089148854382824,3.3089148861174205,3.3089148829981916,0.0,202.8514710071715,22.220666155148546,18.784094548673675
170.46827568221653,166.42465926052708,16.851192593007124,0.0,3.4613939869903123,3.461393987016605,3.4613939880750064,3.4613939913314686,3.461393983363374,0.0,183.26396524472278,20.543677101266873,19.28438361154556
150.36567227863284,154.06203771000767,33.83499423838693,0.0,3.40266316207297,3.3938850164356165,3.4814750265818684,3.7709708171519907,3.1296259173404097,1.0,215.90419478148794,3.1215423206667507,19.40700807137595
176.10885272947743,177.35055371910465,12.930721664886928,0.0,3.8002268809226027,3.8002268814363562,3.8002268811694044,3.8002268812353877,3.800226880681852,0.0,171.27303455657665,9.147333805060574,21.76265711409423
171.07159143002804,170.3094295895515,28.344781034998615,5.558430843490812,3.331664771642561,3.325244477729995,3.3893073978966983,3.6010432514998048,3.1319666184916866,1.0,193.64744795759498,15.610593145699896,18.669001093040436
191.5511642593571,196.62511855597066,3.607904829720074,3.79764528658965,3.8472703791830556,3.8460996538947962,3.8577813799747065,3.896390926318899,3.810855878816185,1.0,150.9749254377276,35.005243094612986,22.140564053403324
207.8540469128237,197.16414086857986,25.449236036152715,16.22387527077706,3.7088301172523455,3.6890586513336374,3.886342115583373,4.538388309646121,3.093854330672825,1.0,167.7870882041774,16.7050685732912,24.614179525123923
205.18317603761218,218.1029363328218,25.973516268257626,18.7888261309996,3.5601030162602103,3.55055411265125,3.645834899937344,3.960749655059179,3.2630919323068057,1.0,171.56626011347896,20.492985688216827,21.08223074796582
210.5038965116562,210.83837247563847,21.884889763524487,20.78183206642314,3.783117598438839,3.77739945026509,3.815942267307832,3.9529902229666987,3.573400112743132,1.0,168.46799007092804,17.891857768840953,22.275448379065864
220.09814306435086,224.14466522180763,12.37226258823638,20.69048114166727,3.5876822802381167,3.584537892349905,3.6159132335702737,3.7196126209916205,3.489878455123606,1.0,147.69681308799085,31.0830203181691,22.155136935452283
215.9600818204303,209.58418850371447,15.965931698277993,14.331225963859358,3.8467508461770343,3.8330808286632547,3.9694829008845307,4.420308588355014,3.4215557031254775,1.0,152.91336475737032,27.069891375867545,24.766533115111987
209.8126945995096,199.33015465681436,17.999860355268165,11.940449400558293,3.8041196246748425,3.8041196252083633,3.804119626082994,3.804119628169157,3.804119621229737,0.0,156.58797512624116,20.54330694739898,23.302368706323925
204.0076697200939,202.78269413728734,25.96284596159239,11.669940338996746,3.7514731558177403,3.7510262172270474,3.755485858150116,3.7702255213568368,3.7375714777602913,1.0,167.4207010330877,15.329486975989287,22.934780170008658
210.21180192767756,218.1521429286046,17.64072590605029,12.09669970342959,3.7082319848696033,3.6914922173740616,3.8585248178692915,4.410588169048848,3.1875547858870226,1.0,154.3746103350494,24.84210459942386,21.978553158002175
191.34198531270476,193.54967627388947,17.596958160795243,5.1776671669222605,3.653605887661285,3.6536058881171054,3.653605888601548,3.653605887401327,3.653605886606876,0.0,166.2941647821914,12.991975054040225,22.365910874087863
174.8121447669406,167.33563935841914,18.823545632312317,2.7865022969880488e-15,3.5555539103964264,3.555553911830897,3.5555539109169483,3.55555391086806,3.5555539098946762,0.0,180.27461912887674,1.3175597205483502e-07,20.536497643463264
192.85231698619643,196.3798228674146,23.32624934762886,0.0,3.5376025384461793,3.5353761204609584,3.5575917523473,3.6310171577121624,3.468351545847031,1.0,166.18947583496848,13.629487379832621,20.52623993352094
174.68997535179483,179.77049051158545,31.06981717082588,0.0,3.6993491836693635,3.694496290819495,3.7429193890564774,3.9029637036469866,3.548403778949806,1.0,188.22700598835712,11.025805560034655,21.62379961846802
159.96601825150097,166.0531510936949,12.49442801784974,0.0,3.596403943956356,3.5964039443838347,3.5964039440775535,3.596403944128371,3.596403943781595,0.0,187.9461011687944,8.065457878183377,19.99915407379255
155.9809064811765,157.47061916477966,19.773181335333224,0.0,3.3811509832646283,3.38079236148787,3.384370759985521,3.396197808213921,3.369996330989003,1.0,199.2802813982363,17.778253236021254,19.491709268008517
160.00698067382734,167.93761946789832,13.49541240130149,0.0,3.6536450222810974,3.653645023906651,3.653645022655071,3.653645022884423,3.6536450224060935,0.0,188.70918621859659,3.283692723523274e-07,21.19174791434916
151.1844981103308,153.3951067387812,41.85773602591726,0.0,3.1793270268997578,3.1694663769514126,3.2678578216752867,3.5930536864390694,2.872619344730526,1.0,220.31307355779524,0.5757023401567335,18.788656471511043
140.8966119819363,146.10150029669805,38.598887424879116,0.0,3.1177510265970225,3.102281227966986,3.256641825838807,3.7668226471850157,2.6365752364653776,1.0,234.10338801806375,2.6986222504373348e-08,19.245323279185065
145.51278320799648,142.5014497674164,15.038177437433395,0.0,3.6298231768647082,3.6298231777469305,3.6298231772262675,3.6298231773991234,3.6298231768292153,0.0,204.69992716932202,2.2444178770463958e-07,20.409209315120222
151.59972046773998,146.3445380913936,30.622586336289014,0.0,3.3663169593235067,3.3546720643208814,3.4708670508518735,3.8549058159340173,3.0041117374603563,1.0,210.47645287854044,8.861438421859308,20.803374264649293
146.1366630042168,145.1116103242658,26.022172164289188,0.0,3.360818530148062,3.360818530449935,3.360818530540553,3.3608185305587006,3.360818529353311,0.0,213.2546266695947,4.615658235134496,18.056420959019576
159.94320301876,161.2964672346444,24.68678605871252,0.0,3.404986099398778,3.3978218224829146,3.469308348294811,3.7055801321398594,3.1821469423955766,1.0,203.49613305581812,10.769576598725717,19.954537256443967
170.01125979266646,164.79685446285262,32.173304753677726,0.0,3.658372797020109,3.658372797226267,3.6583727971786657,3.6583727970086004,3.658372796733527,0.0,191.6772221698282,2.1530714589209574e-07,22.417789927192402
184.5291640509929,185.573893627151,21.923284485088796,3.9395523163331836,3.6104313661686125,3.5932257872863804,3.7649063427007103,4.332331761489498,3.0752654720211474,1.0,178.66450269105349,17.089052771533982,21.805038195971775
178.41605648256268,171.50577694822823,21.728476439856276,8.80907231950373,3.6066860379458423,3.606686038424789,3.6066860384319743,3.6066860384003467,3.606686036984863,0.0,185.68021007336588,12.549142731495092,21.845857203552427
192.05307392659273,195.29489606649886,28.82343743467059,10.410319036097517,3.849247465933098,3.849247466034492,3.8492474675537482,3.849247472671454,3.8492474604164233,0.0,184.17344503142212,8.609573426395709,22.994021293550755
205.7933316784968,213.74630129277094,25.466568209304647,11.513786983519323,3.6872048599299587,3.665191428333935,3.8848456600527657,4.610830000294695,3.0024945075128375,1.0,169.72883920186698,14.01030539692746,24.463774165644413
206.65384849074744,209.1723812647568,31.671426238495304,13.919346689569025,3.544533178523866,3.527345056024115,3.6988514184084953,4.265701107698118,3.0099102850041923,1.0,177.49627432537568,9.836591797111772,22.832096143101328
212.9677724139631,218.7919088805789,24.468863235912316,23.148047208268085,3.624932827593058,3.620783011707087,3.6372676952477976,3.704754538428731,3.452968383433901,1.0,170.20486187947026,19.27681053801658,20.61568512029892
197.5186227594857,193.48198143391033,23.463571675406207,22.37627494453703,3.646330198494184,3.635781176512258,3.74104133314558,4.088939138836515,3.3182112344624506,1.0,179.1732032379111,22.80626988471649,21.39068667173619
206.8193241693605,203.89451376204406,24.24158825172875,17.68741368552178,3.7905530992617265,3.7778679630047134,3.904442686528518,4.322787769488854,3.3959919585332985,1.0,171.45964622184874,19.48835137077715,23.8249245499374
213.34875284418322,214.62885805129275,38.72315367043834,12.44377239524757,3.8214190196425655,3.811025592094471,3.9147331943896457,4.257499615261538,3.4981397100881497,1.0,170.74080397239183,4.585376117349184,23.561457028278898
200.43286861042466,205.94947331828672,35.76340267368093,8.926142596505349,3.6702075314649476,3.6617648385344013,3.7460076412917704,4.024440498741099,3.4076042642787856,1.0,183.97875604538072,4.864762444839899,21.992753208250843
197.75481801615638,187.14900705908633,41.980136133033064,4.814683815130667,3.740750956553833,3.7184099568223843,3.961737749383752,4.567152929589727,3.08096505675161,1.0,177.9726941616996,5.569104952639402,24.310685340444753
183.8459270747552,185.1958304930354,15.370354868509603,2.7809656498715288e-15,3.6586354443809648,3.6579816455635283,3.6645053930141493,3.686067184894609,3.6382994900694183,1.0,167.40333828337833,19.897895554880748,21.58730250985035
183.40483428551192,171.83285077986974,13.424024892513104,0.0,3.567601895073579,3.5676018955983766,3.567601895476588,3.5676018953490303,3.567601894308103,0.0,164.9906149731494,16.797309986787162,20.317287687565912
171.70756584184002,169.73951890522252,17.086918531570685,0.0,3.6023803190618526,3.6023803195994035,3.602380319323399,3.602380319248238,3.6023803186403818,0.0,180.35594490553365,8.960011200345741,21.204741092837327
175.98203459877428,171.69801237893958,18.36033332631972,0.0,3.6865901591129115,3.6764401295128777,3.777719063208977,4.112458431252901,3.370881542260159,1.0,177.34480435811912,24.56858128405035,21.201811451521436
151.98829722618137,152.87465436621628,23.313358153243822,0.0,3.3595579303915986,3.349698945670171,3.4480737761991453,3.7732147279114145,3.0529020379472693,1.0,205.6530880513974,15.15421499526737,20.549053600009778
153.8953407006959,155.35242667549576,20.172252712189188,0.0,3.4118593319844193,3.409525164486746,3.432815937324746,3.509794814688906,3.339256891135459,1.0,201.18731819476477,16.26644949621668,19.01203969129541
143.63460455806654,146.75604812443692,31.127507444816583,0.0,3.17196177662877,3.163696136486514,3.246172268410117,3.518766060403895,2.914865610434905,1.0,223.11178431188094,7.291837717539707,17.912038143251547
134.6810519657463,137.57287834941803,27.7188273219195,0.0,3.354732543474443,3.3547325435834163,3.354732543761733,3.3547325439767257,3.3547325428341304,0.0,226.4583970561322,3.285609316819134,18.40989183240432
147.6755568211776,138.82225173814027,19.396537380273433,0.0,3.3519867120969673,3.346589055769152,3.4004479021560106,3.578458033658283,3.184096891662037,1.0,208.67085967738822,14.443297946873448,18.302809511850306
151.33397156879658,146.4998432070316,24.312220159424903,0.0,3.402057838296479,3.4020578384034765,3.4020578384007605,3.402057838439579,3.4020578380669404,0.0,208.90612533120418,1.3661759850755415e-08,18.066221899975947
138.71692923076836,143.81214623101462,25.78433732194721,0.0,3.2614995208589237,3.2604043107884837,3.2713325263881616,3.307451627015502,3.227433879299396,1.0,222.10491625926383,9.634308262548998,17.496611255469617
165.34173707363175,162.61930561558046,39.955889743235,0.0,3.581209820151742,3.5662445473380133,3.7155708905489706,4.209112879295202,3.1157269044978797,1.0,205.00331239201262,3.597158461514368,23.07145426292133
160.80512403761412,160.3462341110356,26.87614935053003,0.0,3.5341306600065145,3.528064337753431,3.5885952581617824,3.7886574182557915,3.345442523996377,1.0,204.45148512123302,5.589926358803229,21.638396987418133
175.74356957443044,178.79877472746588,25.764703756193295,5.088836771343977,3.723432979062781,3.7234329794867653,3.723432979439412,3.7234329795735253,3.7234329783046696,0.0,191.42955979374284,1.241295081557282,20.664575709013832
179.3464343140628,181.29122329365055,28.859449753358184,6.631240319603452,3.6993969191336884,3.69939691958358,3.6993969193460634,3.6993969193691516,3.699396918608548,0.0,190.23387165083017,1.3179555242484033,22.02607792940935
179.3830145597711,182.06616029454298,36.4083208215767,9.07119541293583,3.5271446449433457,3.5061656942070427,3.738799848258788,4.280643294500702,2.914709662307672,1.0,203.95114795107514,1.2893184675521827,20.657081552628934
206.8803974418698,221.402259899062,17.283668072597337,13.408193426293323,3.5958259350049016,3.5827977936411717,3.7127950898932363,4.14245216108338,3.1905959051677577,1.0,161.05315600883733,23.426873226267357,22.026016492712838
214.43374995468974,221.2893978158431,24.48736104289018,14.134866218709474,3.8532252865254826,3.8532252901743216,3.8532252870977812,3.853225286797898,3.853225286109126,0.0,160.228527689218,8.59573248913205,22.557634722186094
208.10390153766298,199.84317272765105,31.31856217688044,24.260618817301953,3.70637944204578,3.7059213711762236,3.6782281542418334,3.6035315536603156,3.636611330587466,0.0,179.78850820332812,9.44596145375355,20.144212377490366
208.39875518562408,217.15083747432004,27.020399951160524,22.676694062734676,3.7317947197243764,3.7223964801989866,3.7843131850309466,4.005578061760102,3.384643655837686,1.0,174.84464082612897,15.662174076703408,20.628290610868184
223.3992399903334,216.4764927367932,40.53766838336887,11.9916419870161,3.709298026935792,3.6953179309262936,3.8348139957599297,4.295865702701539,3.2744582405945537,1.0,164.10042877120458,3.014017762934654,23.592178919754826
197.84155859566704,198.87333497513714,35.64443700330165,11.264263561951982,3.6042889179021342,3.5836589863876473,3.793253550812494,4.449498907032379,2.9690560302435305,1.0,181.36834531387575,8.557054200288885,22.971669772455037
196.62497890861746,190.78577024470545,33.02578389357425,9.616947952812632,3.776044510264871,3.7740437083302667,3.794008114084522,3.8599929404669973,3.7138110792234795,1.0,178.2590220621561,8.719979484708892,21.335860706063727
179.7842482299295,174.2519302861121,32.70577151571885,3.785089700828864,3.7395253619272073,3.7395253623717157,3.7395253627150766,3.739525363793861,3.739525359708,0.0,192.523274001044,3.6507651896945403,20.811015353611296
181.72148224295503,181.74644094379505,28.869389071597155,2.2577178803136865e-15,3.676899894191972,3.6768998947589235,3.676899894711118,3.676899895477626,3.676899892661154,0.0,181.49397602449127,7.117507757424642,21.558335844104665
189.65457676115528,192.7051593850341,38.1143135840603,0.0,3.718289195059234,3.699712552701743,3.885073832128592,4.49771573194797,3.1404774903573496,1.0,184.44402393733765,1.447776506414747e-08,22.985179533855014
185.07418763255876,177.07529511483585,35.477068142399105,0.0,3.7599548558269165,3.7597975787254985,3.7613669216206524,3.7665537937748756,3.7550628697268844,1.0,185.2821818764199,3.344265061608943,21.45175031031091
152.38559027534905,150.3293969390003,39.70022700311373,0.0,3.0119030300261795,2.9611257354860983,3.4677912509428666,5.142383294515452,1.4325156543067226,1.0,222.61440972465073,1.8224838434256927e-09,20.705668339230286
153.3414474052573,145.76638467609285,28.576877139313748,0.0,3.4000713649908145,3.4000713652460166,3.4000713653918173,3.4000713656335533,3.400071363980631,0.0,214.32060663759688,1.613859843967899e-08,19.124050325340484
156.5314168446881,158.75910593777115,33.433502014187965,0.0,3.459948518297225,3.459948518563438,3.459948518606165,3.4599485188231576,3.459948517396108,0.0,210.9655450401932,7.747604265047851e-08,18.845032587268783
147.08844257281,152.82964189915484,30.96436345456631,0.0,3.378832735523079,3.3665662569241492,3.4889635169515167,3.8935015630752394,2.9972936700189337,1.0,217.6931546868643,7.783091873362305,20.693978003500842
154.58861841611855,149.80506932003854,26.29089030278482,0.0,3.2380277148187986,3.234559546167401,3.2691655981598613,3.3835428674846453,3.1301530708130842,1.0,208.85504236665108,9.908215281527868,17.773935744793828
139.61169795218234,140.73202573215414,24.664746893945846,0.0,3.257220437467938,3.2504422394672714,3.3180763934777326,3.541615616301318,3.0463899662247935,1.0,219.6250559186841,13.569380363367522,18.879848325678324
136.50030805740974,135.87490736166524,29.07798960674407,0.0,3.34454080507887,3.3445408052085015,3.3445408052322123,3.344540805191227,3.3445408047631067,0.0,226.18142331395077,1.6201121578375222e-07,17.71077226719048
144.89379933389577,146.1884839761159,40.98699878100596,0.0,2.967512650294089,2.9183813634840448,3.4086227031345477,5.028930816982702,1.4393230272797073,1.0,230.10620066610403,6.3549437253258e-09,18.961016091933395
162.04598451721645,157.034692088592,23.871871207378543,0.0,3.4946863992658503,3.4861246644638384,3.571555289294492,3.8539140433703394,3.228380431067455,1.0,195.92341389416003,15.386642968548525,19.796038176183394
156.88377904201928,155.84822344422048,28.591922750009054,0.0,3.542626372767316,3.5412411046820624,3.5550635743116756,3.6007485414860367,3.499538707556765,1.0,207.69180622051653,8.409777180437978,19.59371306393568
181.61632251268256,177.47977987581456,33.00361221664034,4.136241657184321,3.5313349294525715,3.519925265306904,3.6337730680351323,4.010054103154247,3.176446394516952,1.0,191.04322451871093,4.451606695596542,22.015182477328743
194.97523067783467,188.2238394914362,33.63510949021742,10.12425179598125,3.7666138129250175,3.750065914716328,3.9151839960324337,4.460919627842622,3.2519045909000655,1.0,182.48587566364048,6.1505832160224205,24.22741583593495
206.10925639804518,211.88362279675638,42.023041073983805,17.81311695424094,3.6566332439724154,3.6351960239695615,3.8854923769378833,4.358176127361699,3.052468676315921,1.0,186.0924155046144,7.339605907449514,21.449399533886766
198.16505484711868,198.83067670050528,28.098394328546842,12.12763693952468,3.671320111205588,3.671320111724114,3.671320111737067,3.671320112007263,3.6713201093961305,0.0,175.1745310635878,13.247072786574057,21.815343827073175
206.7765529402964,204.15375853169581,26.850516223335802,22.393902942671158,3.736608870071475,3.7366088708401857,3.736608870371056,3.736608869912105,3.736608869351955,0.0,176.09624578880658,2.1488476505303535,21.935200605812856
210.69419182475121,212.78275440880128,35.81594860922761,20.816502674854675,3.7316032161432804,3.7305702454836838,3.6681209162261252,3.4996770443557454,3.574273306544058,0.0,181.98205467839796,1.1242065771705922,18.499194954870653
232.50148471625408,240.8231131909409,34.46595921480469,19.28608597795185,4.1045243918027055,4.082376463215838,4.241830535996164,4.800953995818063,3.3097282545516844,1.0,149.3845669350617,13.662878651036833,23.31275327271312
206.20747705444427,204.24260888768663,25.178301410373447,13.051244202666105,3.7426524566808315,3.7426524572585596,3.7426524575321256,3.742652459102254,3.7426524538516293,0.0,168.64178532410293,13.865241195364126,23.078255046762514
213.7689989275364,207.4394536648414,38.16118063553519,15.668275051588788,3.7756209562907115,3.7746663576619137,3.7841915359199705,3.815673427317891,3.7459288838578773,1.0,173.47662808533994,5.132761689835615,23.067051249982466
194.07365123157805,199.6668364646081,29.306853387536442,9.491855825564963,3.6159789106613625,3.5987936607847177,3.770271371615231,4.337026364836714,3.0814453269413695,1.0,178.16339150041665,13.54102225717565,22.362743957457788
193.2849205394426,194.98260777631202,34.075385776475635,5.223878060039561,3.6702977825859815,3.6622169418588606,3.7475022459442524,3.984043699870282,3.42695676502885,1.0,183.5132086434748,6.05070593582493,21.918485705387784
193.2883246946768,189.7085693575526,38.614996399826374,2.4995419843776077e-15,3.582036594628064,3.566688629690724,3.719833548263425,4.225996400340564,3.1046503429510994,1.0,181.01505908891315,1.6313643086006875,22.769849013849562
185.8165990004238,177.33551728277033,31.819907250280966,0.0,3.645834088907476,3.627160792386833,3.813486502159859,4.429315962875329,3.0650160444906476,1.0,178.53579872998748,10.10478304168813,23.99043115268488
166.85359014880711,169.8441457513244,36.40162911001388,0.0,3.5283365882611806,3.520664799153157,3.5972153733972307,3.850224466154397,3.289711682939619,1.0,203.02471837376544,3.03169099167936,22.08718386834616
150.93575252350206,145.61508505622092,28.89005473011263,0.0,3.3657635711606355,3.3572772925963137,3.441955005958739,3.721825295357089,3.101804591530427,1.0,211.76892472764735,7.77061426780442,19.428988369823553
161.63555577779124,165.1830985746835,48.22028911633204,0.0,3.0458418044606947,2.9826917136093596,3.6128153458614207,5.695451698587352,1.0816084407111888,1.0,213.36444422220865,1.1782111669658947e-09,21.052909624886674
149.21498661895254,151.12066349603458,25.144197947788484,0.0,3.250388390007083,3.2503883901418216,3.2503883900967163,3.2503883900963277,3.2503883898194563,0.0,208.13631542941624,5.774501048442988e-09,17.09458606811437
131.71399278304207,127.19869509140766,19.64046330360442,0.0,3.3350036337020326,3.3271305403119826,3.405689768920047,3.665337710647059,3.0901173127998054,1.0,223.53425236524174,13.244366699732366,19.384630765775842
143.12853659765355,146.10818659310746,24.4829502064063,0.0,3.2666444719314196,3.266644472052007,3.266644472061395,3.266644472061007,3.266644471708082,0.0,216.992366410413,8.124732925329797e-09,19.208987039542095
137.20989140111016,143.4685041625385,38.54685102646796,0.0,3.1103658748278,3.0908451059555144,3.2856270564837224,3.9294054357587545,2.5031878760147217,1.0,234.10006022806925,7.3252372876585966e-09,17.8493627797865
150.7924155437996,153.58335950397995,24.89125674724951,0.0,3.491299270244793,3.491299270396513,3.491299270362005,3.4912992703567602,3.491299270100496,0.0,207.58218607923362,1.094721637164422e-08,20.63944849962514
157.15423372771352,158.7986000731298,26.349062187083945,0.0,3.565510585710259,3.563085695389349,3.587281718765986,3.6672525602571016,3.4900862805524424,1.0,202.78597825839694,12.6328604921532,19.75735836670462
144.3920039938703,151.19767620947877,24.70787022274551,0.0,3.5046938783999564,3.494984859309922,3.5918633043902854,3.912058516738491,3.202702547566484,1.0,213.1283917283407,13.518399534831065,20.80523914943467
157.63740763268373,158.22609982806443,21.795455856996966,0.0,3.587241118912914,3.5872411192403133,3.5872411194256064,3.587241119857233,3.587241117584441,0.0,200.71925623505996,9.386304569918908,20.746454587853943
169.1868737979578,164.78557098385173,28.549074497998227,4.035583226326065,3.5004563737510286,3.500456374040202,3.5004563741678822,3.5004563739746577,3.500456372833595,0.0,196.3422150718175,4.490376929068848,20.777246309956237
185.59186227661314,190.9972322392813,38.90774981207121,10.858806136899828,3.522797224617612,3.500588793751591,3.722188747377256,4.454603935899855,2.832021636895441,1.0,200.6712492925221,2.4710078368852417,21.303180810726023
193.35008540033397,203.5928168963925,37.70879355314766,15.05945535941712,3.6496359084663266,3.6301376225729762,3.824695233754946,4.467732144142919,3.0431572242618934,1.0,193.79701773610336,2.495958872684127,21.777609345473923
187.05199085629908,189.46598473364702,34.55736877980006,17.248167315778467,3.411756397597327,3.3971933691950547,3.5425060411833242,4.0227823509193525,2.958784974315674,1.0,196.27949412994934,8.485872912588151,21.351277415573954
204.49983371282033,206.58717559221483,36.03922150364003,8.438832703451762,3.7065309713361048,3.6861575272964417,3.8894476328642287,4.561346514922157,3.0728311897306537,1.0,172.17286734300748,9.320250274250109,23.619779504873367
201.19050635977342,206.44821876541556,26.190908797277256,12.631355778507155,3.6065601818104285,3.600638582256853,3.6597254367180527,3.855014780209537,3.422373514804521,1.0,173.25100969412478,13.34944994700917,21.27903849435589
217.3843256445408,217.44116966493328,25.700124813444155,16.946121041965498,3.7683356202247102,3.7679083874425547,3.7768520233796736,3.7608070063289474,3.7631012978446274,0.0,158.0361110226183,14.616599207678549,22.42940329606727
190.78187829412258,180.17223220131257,24.162501658399453,13.396819133729824,3.6785594226915794,3.6754510193168786,3.7064672693889493,3.808979803776257,3.581874975919489,1.0,182.29440103029077,15.497960367561884,20.820302893254947
206.68085426214998,213.9093972941728,17.489821606699078,5.520563610636617,3.7748318901236337,3.7748318903346982,3.7748318915185735,3.7748318952429196,3.774831885813902,0.0,151.79499214392382,24.35338550906575,21.644542184934863
204.4937065570645,202.05509595154987,20.33727159348418,8.315200715519572,3.516910504453492,3.510880961288257,3.5710448972455704,3.7698941279056295,3.3293663385678802,1.0,157.6497501416755,24.585769103574766,20.908193803520405
192.20092912033797,189.90950974807956,23.753936328322148,5.684653282377264,3.6889534174215246,3.6747336748575004,3.816620985957611,4.285576057089824,3.246659591149862,1.0,172.6743538818956,15.991761751765951,22.728653713796806
185.34193948209872,187.04004114708593,22.226474206209932,2.4477529703408666e-15,3.7340674145206094,3.722901376682755,3.834318235536264,4.202564701492552,3.38675666254872,1.0,170.45959946103125,16.889967882378564,22.786005857824243
182.14800721904652,188.27016229011684,19.053312730263087,0.0,3.569391214114885,3.5552809527518408,3.696075834280231,4.161420287058385,3.130502732333611,1.0,175.69398934024323,17.486700066359532,21.153371028022587
165.88923118985255,158.9803973025957,23.022170529532307,0.0,3.5059946772216266,3.497875958922682,3.5788860831357114,3.846634538315953,3.2534683768496793,1.0,193.06184799673355,11.651071083024148,20.036316906671004
153.99160654318547,153.62727218378973,28.393373376767258,0.0,3.3962669986701997,3.3921514252411056,3.433217401795309,3.568945521109784,3.2682553557195346,1.0,209.55498655645175,7.224074439276254,20.49447113434135
146.13971960375304,144.06985575741516,19.11553342427388,0.0,3.6005718328407066,3.600571832928506,3.6005718329188583,3.600571832927339,3.600571832731209,0.0,210.1254229607251,1.8824700489261896e-08,20.84835968981263
147.37306156299607,156.71355892922097,14.827522597860309,0.0,3.4155519038060103,3.415551904115225,3.415551904586996,3.4155519057579626,3.4155519015900127,0.0,205.89124233763835,14.566585823916983,18.202991970564007
130.71166093326696,136.4286240156811,22.797568995996908,0.0,3.185771758360712,3.178867746733443,3.2477572931575467,3.4754457417414444,2.971027954601851,1.0,226.23716348708103,11.58644375599237,19.24117505710192
131.27347725165245,131.28208607948437,31.15686477568138,0.0,3.119795435053003,3.1197954352334865,3.1197954356335664,3.1197954361336557,3.1197954336465985,0.0,232.86923273351496,1.0208239339400293e-08,16.284589496219247
145.4674741089322,141.54272724650858,11.166231428146146,0.0,3.384551748232505,3.378652397859193,3.4375172423581817,3.6320728159644227,3.201057135363841,1.0,200.05839845609296,24.903792512266946,19.250950167725208
145.4990369805488,150.31973208622605,27.669297608996896,0.0,3.442451370364631,3.442451370969331,3.4424513709032745,3.4424513708684508,3.4424513694930448,0.0,214.40059419235772,0.47398907505933696,18.572213995637355
154.30017070238284,147.58999865171174,27.65340963792794,0.0,3.6034943784151783,3.6034943795563947,3.6034943794516483,3.6034943799164836,3.603494376473958,0.0,207.50442006418714,0.27874769162099305,19.863511936322343
153.8695830262552,157.03429002273467,18.738047134088614,0.0,3.368821382798265,3.368821383075819,3.3688213830379863,3.3688213830188225,3.3688213821641018,0.0,199.5296780276655,10.003215798345174,19.6910766350304
165.79918648311096,160.62612312900666,33.37558598535717,0.0,3.6246078440587723,3.612361486062249,3.7345579791663113,4.1384324657965355,3.243694612938179,1.0,200.32780972942385,6.6598770229372395,21.28317884360059
188.47899405637997,188.75964493105835,22.756294032193086,2.8797025147830024,3.688036895809818,3.6880368963683674,3.6880368961594967,3.6880368962131262,3.6880368951422198,0.0,171.7550675612904,6.259300765421407,21.286610740129
190.3186590004092,184.974432232761,20.333218454210854,7.630453913944984,3.7991494078315418,3.7953764059124966,3.833024142879411,3.957454558913544,3.6817931650681626,1.0,174.36071056272272,20.456615378144463,22.467858294332977
193.22401499093314,196.04817234633893,29.27611001881845,9.303038820067247,3.6619667638459568,3.656658873969042,3.7096220214599227,3.884671752085686,3.4968690343515063,1.0,181.23947470639666,10.289388285435631,21.531913181569355
222.05133545118653,214.90173242345992,11.198687971271282,16.698403111942778,3.841040529970877,3.830637582665779,3.934440187826626,4.2775206098805105,3.5174650689505307,1.0,140.1974275120577,34.54402261070476,23.250063352782906
206.0500746120276,204.97251999989723,21.82657446736565,16.47563427626265,3.6703580639912725,3.6663193911955814,3.706618047128153,3.839810078970282,3.5447383248146123,1.0,165.70553743197775,20.941060240702107,21.637348351765848
189.07228932158816,187.06903427948586,16.79566705577846,17.180216418660372,3.7189052252889048,3.7189052259110102,3.718905225705709,3.718905225777614,3.7189052245278873,0.0,181.33908334519717,10.893857280609733,22.311676775126156
212.40465357033895,213.49242477869467,16.540041345274172,11.868624530571745,3.9112182694392135,3.906782241724913,3.951045775750087,4.0973422164887685,3.7732391386328463,1.0,151.42794205315036,26.880787641412862,23.372470443622976
210.49539698068293,200.04676764824777,14.314322679598645,18.31061948290696,3.820445027248444,3.820445028312847,3.8204450275522714,3.820445026980236,3.820445026749236,0.0,161.10773461110836,8.782384206632203,23.490778910477474
200.5007809548177,206.76813402684337,26.68654997097732,10.473488660965735,3.8014466986471,3.799502320701029,3.8189037087953523,3.8830276930239784,3.740968318549682,1.0,170.52475778093594,15.873717934157867,22.805312311361817
200.92861699502373,201.71971492568122,28.58532815160496,10.34921341662164,3.8079915224994223,3.8044211912112247,3.840046645976063,3.9577931684684553,3.6969391758690024,1.0,171.55703341157852,14.901044571035552,23.088271031071187
196.9358556244338,199.27586095283039,22.429227581871316,4.868380337874908,3.8058683650309053,3.8058683651396628,3.8058683657708996,3.8058683679886682,3.805868362578802,0.0,165.84874071504012,17.622037460449114,21.618157192276833
183.17859004346414,181.06381801593514,28.14769180239136,2.9371397059910877e-15,3.5648067144262527,3.557935543495016,3.6264974021803824,3.8531028046697586,3.351084383639704,1.0,177.2094130589941,11.894833944865002,21.13715322187891
163.75407632488967,163.05113231434103,13.323909027395791,0.0,3.6638295651618886,3.6638295656575735,3.6638295654204156,3.6638295651677946,3.6638295649632324,0.0,185.2497064451129,3.481057035929188,20.956310531545693
165.0285391432168,170.59336183299612,16.576345458026307,0.0,3.664152659832206,3.664152660698876,3.6641526600834236,3.6641526598993863,3.664152659645831,0.0,186.9111088874652,0.4405468230477704,21.167025784919584
174.1518832228306,157.89638968789853,11.517394458552124,0.0,3.50814045124205,3.503863793077191,3.546537111257578,3.6875776946649528,3.3751183701585115,1.0,172.91853274637168,26.967306146652813,21.230848742574253
155.33187508393507,146.83328222851347,6.480787089933861,0.0,3.7147687456763214,3.71476874620607,3.714768745866731,3.714768745998388,3.714768745784564,0.0,185.76129931036593,4.322039611895317,20.73205782405791
145.61523520450768,137.2399740146586,13.67521092444478,0.0,3.406748650590083,3.4067486508348357,3.4067486507700853,3.4067486506479394,3.406748650143101,0.0,202.18785054508848,11.583378979794619,18.982595334637946
142.29500002072078,138.95006261686672,32.048634870452,0.0,3.38059539056196,3.380595390701011,3.3805953917266134,3.380595394078794,3.380595386807803,0.0,222.9752437009209,7.804761130048411,18.75852105980175
151.07905475336412,145.62013149601657,6.383854178136669,0.0,3.311466906999392,3.3107892707140985,3.3175508614479337,3.3398987514964626,3.2903895463164248,1.0,191.135767200486,28.566587940963966,19.28768946464193
134.7269655886207,138.2784578825052,11.206159660001038,0.0,3.3506836995275857,3.35068369963117,3.3506836995705838,3.3506836995625524,3.3506836995208245,0.0,212.81757528273255,6.102433517248043e-09,19.81598678183016
140.92199886992304,136.8985422984542,29.841499516120567,0.0,3.427715827395505,3.4277158275743873,3.427715827663821,3.4277158277693816,3.4277158268113026,0.0,223.4600506503457,1.6846088508560718e-08,20.533860570787386
137.96113026766423,141.53021008805686,11.99265862714519,0.0,3.4101214943986666,3.4101214945153293,3.4101214944505243,3.410121494476809,3.410121494401332,0.0,209.75519994564178,6.3215383055359935e-09,20.249456977746448
168.72087558896877,166.16909123771228,16.117822308540827,0.0,3.6512953843810037,3.6512953852349024,3.6512953846562457,3.6512953846620193,3.651295384278608,0.0,182.35212823954788,0.0002882582311461898,22.289313616754246
163.4617816312585,164.80539460850994,19.484068498912727,0.0,3.626361146438532,3.6263611469475556,3.6263611465766563,3.626361146606846,3.626361146346662,0.0,188.55624065689088,0.9361880589739648,20.354296130325096
181.61296445638231,181.81068828084145,16.25870187535284,3.5344673539557103,3.525690146291578,3.5172619221097823,3.6013603519413686,3.879316039072109,3.2635369209993983,1.0,171.74775081706042,27.333402215731127,20.58259471978044
195.99972979649385,190.95435262629388,24.62016061661497,8.738451265397304,3.602491431392973,3.5858233969633813,3.7521402297723863,4.301837883104144,3.0840454359397595,1.0,174.55026941960574,12.502248277991294,22.032559118107645
189.3159996549367,192.16034062273891,10.975977385274716,12.807777072572316,3.60776391103028,3.6077639122456002,3.6077639114455575,3.607763910960159,3.6077639104649633,0.0,169.5925405380753,20.94092924663355,20.944434350243554
210.22542948424055,218.1536489529127,15.039989255358208,12.705999595972724,3.8223343211828724,3.822334322670611,3.8223343214724004,3.82233432131101,3.8223343207741034,0.0,152.74691338080495,16.358116479308254,22.318728491561597
197.71508328946467,197.5401255369234,21.98667862370534,20.276017428321577,3.5368629806083987,3.535749717508507,3.546858077324649,3.5835725704785775,3.502235790102311,1.0,178.58557949865954,18.424957071107826,20.646379564762007
212.01175251655738,210.4441830444119,16.46306076443825,19.90597988487934,3.81894444863003,3.818944449836622,3.8189444489800253,3.8189444488207425,3.8189444474008747,0.0,160.88291962900513,19.452035805545762,22.97822571186291
210.96497226171365,199.54850930527743,0.0,10.139376632982069,3.7912962493071376,3.7912962514319957,3.7912962497275267,3.7912962497327998,3.791296248817506,0.0,134.56880592539179,30.799779407249204,23.040158714621793
208.23512912387304,210.97342443046168,10.439008338974043,8.89629606283731,3.8301665736285404,3.830166575113256,3.830166573965849,3.830166574062826,3.8301665730622627,0.0,147.318482906045,20.605783334544334,22.091503956551602
188.46919392132352,182.76287945780234,11.225435600755322,9.958147768859616,3.418267904974897,3.416921230757741,3.4303586084075732,3.474770799034552,3.37638065447575,1.0,168.4115066613223,30.838547879085237,20.071641668026714
203.02786621873113,199.99334337138092,21.117745921906504,11.10635848286527,3.6614803178960096,3.6524495007903783,3.742560724702756,4.040389440211274,3.380583894360516,1.0,164.35155759599542,18.680767941344854,22.55874815236026
179.5100486390334,179.8413116281063,3.254024025981936,3.2723560531531097,3.7513755543097016,3.751375554810357,3.751375554756623,3.751375554823147,3.7513755535756896,0.0,162.64180366608866,25.351836369614468,22.2212792912254
174.0232671374895,171.20149316003835,19.602061607907867,1.9849558952977052e-15,3.619725359249297,3.614173041796245,3.6695751278505573,3.8526858580305428,3.4470249224069587,1.0,179.76136628302055,16.384435228644172,20.577043429384407
167.39344965117982,166.31365332350364,11.285905708779605,0.0,3.771642455317625,3.771642455819251,3.7716424555805346,3.77164245532045,3.771642455131042,0.0,178.21614880468263,6.397253540587668,23.256897652023767
159.87217975663043,162.2506812479563,27.09769796567075,0.0,3.5165996726012128,3.516599672746496,3.516599672685954,3.516599672702759,3.5165996724285185,0.0,200.74188676481455,1.7291585446362703e-08,19.112644877176997
147.7881092578298,146.29707333416744,4.056838388879237,0.0,3.4239131497445148,3.4239131499298154,3.4239131510950465,3.423913152034176,3.4239131462911883,0.0,191.1787315869616,34.006631159027485,19.036558172775884
151.38566363009474,152.94516094373708,11.272171688920345,0.0,3.4343638128985465,3.434363813161534,3.434363813343065,3.4343638134138166,3.4343638120314757,0.0,194.00324511025775,17.41810116106474,18.518875071185256
145.91692238822984,144.0530245764154,6.114445295576594,0.0,3.3270055551750306,3.3270055558242797,3.327005556381495,3.3270055572879715,3.327005552531142,0.0,195.9246136680552,19.831775221811927,19.235250348973487
137.95277964810495,137.2455370738739,0.46472881613554423,0.0,3.471646281765426,3.47164628208476,3.471646281927536,3.4716462819433476,3.471646281674393,0.0,197.47565954719846,13.158140603433512,20.577416134808796
141.93709630507308,140.85240577209126,1.7601467343558626,0.0,3.3420320172170843,3.342032017611181,3.342032017406721,3.342032017277138,3.342032017051703,0.0,194.73122619529073,14.133508230614385,19.448683662483752
149.75120431581507,148.82778468315186,10.245944110095703,0.0,3.443432782470044,3.438875638152213,3.4843476949013144,3.6346384525386184,3.301686422319607,1.0,194.29077292610796,25.193991665628484,18.780550546497913
128.28475354959164,130.52334909951233,26.523416412317186,0.0,3.14455663856735,3.1396823727706686,3.188318725877642,3.34906787331048,2.9929464742081775,1.0,232.77769051191126,8.497743100176843,16.416566060077518
154.3565014181892,156.7194946679671,7.938058219753798,0.0,3.400425088695597,3.40042508900842,3.400425089151221,3.4004250895779893,3.400425087349729,0.0,188.5747035641472,25.54580608396645,19.207945190978513
166.43616350563957,163.61677398199708,5.64946394150788,0.0,3.563943141608779,3.563943142071043,3.5639431419103396,3.5639431416476213,3.5639431414147724,0.0,174.24017362474672,11.244787812423569,19.70282130606984
170.36431857472434,171.73234343614112,11.787668839740435,0.0,3.5833572512147485,3.583357251207622,3.5833572526431423,3.583357257131914,3.583357246379535,0.0,175.25296489614385,27.61862558459095,20.86919072716896
174.59457565217312,165.67910050069656,8.366167008811257,5.405813605559746,3.515361456307588,3.5153614568216818,3.5153614566897,3.515361456810737,3.5153614555182275,0.0,175.50263146362198,22.81658389999872,19.570867306280597
188.24783691776975,183.50806504384187,6.721910426366856,4.413992245016097,3.878318370673764,3.878318372877486,3.8783183710068356,3.8783183708828277,3.8783183707815367,0.0,157.53297870307114,10.858582105894627,23.28990398134506
188.43944106840976,184.79021143989362,2.508652897894219,12.065302781929867,3.6252962585509287,3.6252962588077877,3.6252962621425437,3.625296257736398,3.625296254221125,0.0,161.7023491403814,35.4237880257653,20.10724087091304
200.18847763491863,191.3871939369977,7.367786439228064,7.224138822252346,3.635620390012507,3.6311882548514465,3.675412947746107,3.821581014654356,3.4977623355702683,1.0,150.78609145723115,30.757127309603717,21.63641485773328
202.51410486315226,210.83510105468505,9.393853931010968,21.49094420398245,3.582099842209607,3.5767574077790427,3.6300652424421718,3.806254214367051,3.415927644378433,1.0,163.1076124316498,32.43955776657117,20.688536181911324
218.25668321965753,226.61512036587737,0.0,13.734612378800206,4.075539181377121,4.075539187483496,4.075539181836628,4.0755391820519264,4.075539181551815,0.0,130.55912482952317,27.88497211140102,24.95523538231631
203.76859370227487,199.72774415345938,1.0498849511737265,14.318667925808883,3.914503644262485,3.9145036462469642,3.9145036445258556,3.914503644491059,3.91450364443454,0.0,146.1028627021539,14.83695999766113,23.707277094591053
210.66269692275412,210.40436679770852,0.0,9.938675707920039,3.9155129359076555,3.9135708054352496,3.9542270218708513,3.88128917478132,3.891718614532936,0.0,133.64297008629978,41.259411677664644,23.79193447748923
204.98140744378503,206.7780644400595,1.9343185381995287,16.295228767128428,3.75730874715899,3.757308747891843,3.7573087480351997,3.7573087464055983,3.757308746427774,0.0,148.31696161611438,20.952809338516126,23.068948398626052
183.47702869026637,185.09808042368314,0.0,11.443240658600706,3.749701015203026,3.7497010158522017,3.7497010153746793,3.7497010152797516,3.7497010151414973,0.0,162.7286647961434,16.093531490931625,21.31390262598927
195.74649483768204,196.64722780575696,3.8689475901288395,4.095428518067111,3.918734391604472,3.918734392259442,3.918734391834621,3.918734391605862,3.918734391440731,0.0,147.06490075116648,15.562247396669813,22.30122827371599
173.74744197172544,168.4219594579403,8.329743347258256,2.99028886393595e-15,3.58411374168437,3.574402945072899,3.6712991272445152,3.9915529651063917,3.282067119516945,1.0,170.24328749382678,29.059442571428907,20.620233448180773
168.96900865974652,158.9045611318921,3.4417827187158645,0.0,3.63003655594832,3.6300365563490056,3.6300365569584327,3.6300365589944046,3.630036553148881,0.0,169.72138853962747,28.231510619864302,20.333640176634965
155.5341353961286,150.78855678602523,12.526200680148252,0.0,3.498243436527602,3.4982434367880035,3.498243437733622,3.4982434399908158,3.498243432999282,0.0,192.18034090841604,22.670342308751763,19.312183561045302
155.35066304104214,160.23812258349125,4.8753500073795975,0.0,3.6124769243321295,3.6124769247385826,3.612476924825422,3.612476925085291,3.6124769234337104,0.0,184.2482262958731,23.497761115687368,21.05958729936172
144.9506222856032,147.27246314898198,8.080192231167988,0.0,3.4776954940057005,3.477695495034404,3.477695494177743,3.477695494427465,3.477695494324134,0.0,198.48097747899706,6.294139548051499e-08,20.577689829583615
147.9037244615572,145.5030628396277,2.8216215801362696,0.0,3.5499678407449045,3.549967841117619,3.5499678410053432,3.549967840873372,3.549967840391996,0.0,190.0769329706713,19.05178455858527,20.940051579405033
134.5808883764376,137.53880464743264,18.565999788018342,0.0,3.12432742357141,3.124327423856056,3.124327423800715,3.124327423807651,3.1243274231134195,0.0,218.74358288854486,5.149247633538742,16.973355173061826
148.24997542675163,151.91004209323944,7.748983491556408,0.0,3.632905484517518,3.632905484937453,3.6329054846922917,3.6329054847627718,3.6329054845462814,0.0,195.48837776914962,3.23305915811905,22.083275291132324
140.91196801998447,135.7025815085924,0.0,0.0,3.465763382323422,3.4657633827644427,3.4657633823854828,3.4657633826364656,3.465763382636474,0.0,194.08803198001533,1.717227086044027,19.90953293678487
139.59592999724126,145.04806648354767,0.0,0.0,3.715860824927595,3.7158608251077294,3.715860824944502,3.7158608250176273,3.7158608250601843,0.0,195.40407000275877,4.3080230860566665e-07,20.959761923150218
150.2516423636638,149.9195751393673,13.015684629733434,0.0,3.604925474968665,3.604925476108591,3.604925475437784,3.604925475417979,3.6049254748936876,0.0,199.23000921913996,2.733899021401258e-07,20.87429777615703
144.5674736101343,146.6975021066958,0.5528811829880522,0.0,3.68064670943341,3.680646709909602,3.6806467094785766,3.680646709621651,3.68064670963615,0.0,190.97638360730014,4.033754238296297,22.28958598657835
164.6676694699836,162.73741404317386,1.7357811430373147,0.0,3.8161308108330205,3.816130811247856,3.816130811204045,3.8161308113333257,3.8161308101602045,0.0,172.0074861643336,24.999460829110355,22.642240351597767
177.4637046499424,183.33092745381794,0.0,2.8402154161705675,3.845120892471615,3.8451208929898906,3.8451208928577443,3.8451208923437536,3.8451208920655917,0.0,160.29911436696796,23.619118960279135,22.387498860389215
170.52106503040972,166.9048296014356,16.00344305617733,6.504944397295553,3.5340883177703835,3.5340883181724023,3.534088318112881,3.534088318213461,3.5340883169985515,0.0,186.6788439953981,15.416902598086446,21.148010266665313
190.6281829390987,194.22905485933694,8.961595418591292,9.052859321916676,3.6981167318963513,3.6981167331515836,3.698116732179076,3.6981167318789367,3.698116731680111,0.0,162.79572428925297,14.336428639682062,21.340506084806876
211.9980501988069,204.2095992133933,13.529169771728307,18.968725176093425,3.6555607442864533,3.6450629742764318,3.734695615059743,4.038828996924322,3.303023995833332,1.0,156.74854058695874,30.028467284448567,20.733715283680148
198.93845525512194,198.2723983064528,16.32533280027419,19.32253805631542,3.730322929165207,3.730322930236862,3.7303229293137887,3.730322929124819,3.7303229290625035,0.0,175.34840899142958,1.2763824760510964,20.731396410282656
198.85547124795622,198.62544188712155,6.741072505467361,20.598718907867408,3.892983269269908,3.8929832713742645,3.892983269471135,3.892983269467587,3.892983269384618,0.0,161.6121388410649,12.634264701001927,22.354724084301395
205.93589386582448,210.5078128781013,0.0,14.701885062925292,3.7930513725341233,3.792512925809082,3.803784712042269,3.783562957991862,3.786454482615178,0.0,143.90418053700233,37.27119507813858,22.250432980347682
197.2593514412831,199.7381550090953,0.0,17.41865411788342,3.857860514146162,3.857860514783048,3.8578605145600386,3.857860513955521,3.8578605136209467,0.0,154.79334307363504,26.232898427917835,23.396461290251438
208.47769303957082,206.65580526717235,0.0,17.542836227087452,3.6364693057577675,3.6364693063244506,3.6364693065555196,3.6364693055400408,3.6364693044509324,0.0,142.69006591451853,36.00203701431674,20.79238323371819
177.08212485579676,176.2744558428964,13.14062595098538,8.797105031033766,3.6801483792204768,3.6801483798139403,3.680148379495448,3.6801483794264174,3.680148378956011,0.0,180.1049892421013,9.098257599832953,22.41438354669017
191.39955788848178,187.89251847346577,6.667839182849072,4.417423006238392,3.6226054106813566,3.6210624930027295,3.6364580271505,3.6873421681798977,3.5746141566703424,1.0,153.68794526376615,35.72675781557801,22.000411558983476
174.20750458354593,168.97337249886345,0.0,1.5602522625753485e-15,3.7949794055866506,3.7949794065709885,3.7949794057484616,3.794979405845798,3.794979405922945,0.0,160.7924954164541,4.171749030215773,23.185063548854394
170.44190414616963,172.77490541360754,0.36851673281543595,0.0,3.521165882685399,3.5211658831130137,3.5211658830097963,3.5211658829517996,3.521165881952831,0.0,164.9190517899371,29.44261524966592,21.155526039168247
145.62190823316556,147.94393243095814,9.657090683591408,0.0,3.414529104352066,3.4070089811048865,3.482046205088471,3.7300534878531484,3.1806216432204675,1.0,199.0873943610336,24.87809974708519,18.921259252965307
149.42603267863367,147.94495588220414,0.0,0.0,3.317364688873763,3.3173646892360695,3.317364689103235,3.3173646890470225,3.317364688581086,0.0,185.5739673213663,21.56274109911754,19.594841798520623
148.33399372170302,144.42072781105605,1.2644260389791817,0.0,3.5111160052442227,3.511116005637476,3.5111160054551487,3.5111160055262185,3.511116005262204,0.0,187.98833924075694,12.071474718804424,20.13881500542645
141.17139451975734,136.44786009961544,7.119466692062421,0.0,3.3960007163496995,3.396000716700616,3.396000716655921,3.396000716672637,3.3960007159034338,0.0,202.44149326120555,15.536545423909953,20.0305636125188
149.2970160688387,145.52008885909,15.37510112192527,0.0,3.2800489093436767,3.28004890965125,3.280048910268548,3.2800489117166705,3.2800489066852676,0.0,201.8530122572747,18.612621641538183,18.78842527875104
138.05788611451592,133.74989604559798,0.0,0.0,3.36010970312603,3.3601097034292104,3.3601097033947793,3.36010970339552,3.360109702569734,0.0,196.94211388548405,25.115801650804865,18.243263576487625
141.43238662290503,151.3559545321051,17.481454724530234,0.0,3.439732178916556,3.439732179019202,3.439732178975746,3.4397321789812554,3.4397321788702913,0.0,210.15019244807505,7.564414481857109e-09,18.988409806713005
135.36649636672055,129.0143481297671,8.239553785840208,0.0,3.3992862894519855,3.3992862905061663,3.3992862899822116,3.3992862901404965,3.399286289654064,0.0,207.92810895455798,6.237954327007066e-08,19.06482265091942
136.8107602006913,139.73834403984435,2.620063311388825,0.0,3.466447635612444,3.4664476359609377,3.4664476356826754,3.466447635775438,3.4664476357681764,0.0,200.8708516002148,2.7364417225939768,19.63508220062572
151.90184841017177,151.2301318510077,0.0,0.0,3.5224775572428006,3.5224775577519303,3.5224775574341645,3.5224775574743363,3.5224775572751805,0.0,183.0981515898282,11.712250538738274,19.63605962929394
156.9379900764289,159.3894712676695,6.370735378694319,0.0,3.7377549485590884,3.7377549489335506,3.7377549487898447,3.7377549485175785,3.7377549484348203,0.0,185.26344678291943,6.782530090355388,21.459905055416506
167.3136793913589,165.52384749765602,10.170913352346707,3.4903568009496366,3.536669599804362,3.536669600732284,3.5366696000998727,3.5366696001233784,3.536669599412246,0.0,181.9687255869813,16.8440950218614,20.82656180383255
164.79695016213776,169.50096234825946,9.337532254140696,9.466800209679496,3.60781480293822,3.6078148030975923,3.6078148029720296,3.607814802995631,3.6078148029849317,0.0,188.78985660078158,9.287599212974614e-08,21.841889366217863
199.47427810389888,199.26081244320082,13.124169318415687,10.161757051787038,3.764711142313318,3.7549747498681296,3.8521263349969983,4.173224312222737,3.461868371970346,1.0,159.33435571057146,30.387697479140428,23.238274964375417
214.44576448874164,216.428163108698,14.161631155506626,15.816703666022903,3.900972175645275,3.890636858483623,3.9589886127708036,4.203043099859764,3.519657385481259,1.0,153.08212845172852,28.06850736682374,23.182404837933255
207.61350072952308,207.27611856563905,3.4964222494317823,16.87972693190265,3.7800386120887635,3.780038613355146,3.780038612568323,3.78003861182686,3.780038611088886,0.0,147.3773268913535,30.59145763214254,23.145433977596383
216.70858197802895,223.48127003925,10.213009344523556,18.812420098148113,3.3582852261217937,11.23179320835347,3.78088954714527,5.167444106182569,3.8066231991996813,1.0,149.87395352388756,35.52327902752536,21.739970004091784
201.9353506600515,213.44171610490758,0.0,23.1553842673527,3.6411000831494365,3.6411000845351786,3.6411000836470673,3.641100084099364,3.641100081345298,0.0,154.44062513773466,37.22584088541047,20.041584562643525
204.03032279760288,204.2922660546137,7.750975045701364,14.354433128175906,3.6720587013258434,3.672058703027899,3.6720587016343726,3.672058701551988,3.6720587006557137,0.0,155.22512362311892,24.864308108668595,22.45733152158058
200.80023890447424,204.73228484731396,0.0,14.459265619223167,3.960938443025303,3.960938443905387,3.9609384433678234,3.960938443162977,3.9609384423579166,0.0,149.37896285163743,29.809167467929786,22.857926958288928
203.0401941351521,201.04683194682852,7.723844429641072,7.807227154994824,3.836266637590778,3.8346672341188777,3.850626396291426,3.9033733973218148,3.786518431326042,1.0,148.31832221166297,33.09215230675248,23.89841478887137
199.03339718801485,196.59160999514287,9.61890601459445,5.09008809131489,3.674923833666134,3.6708276180004473,3.7117004502812416,3.8467902065979205,3.5475142605363708,1.0,149.0327855423682,30.2999970714768,20.706711284557883
179.6908104969917,178.7898427861203,18.761199791285403,4.939502850751489e-16,3.6777728647243135,3.6777728654904944,3.6777728652182695,3.677772864667711,3.6777728641109557,0.0,171.74023083099968,12.148894048433071,21.53363382046608
178.75735660585013,174.096561952539,8.60583092872728,0.0,3.6854396830663565,3.685439684541706,3.6854396831981067,3.6854396833200944,3.685439683190788,0.0,166.78596471678128,4.72686819594847,21.963603930451654
161.50021119553202,159.40307413178624,3.021609883168688,0.0,3.602702655057872,3.6027026571137437,3.6027026552732426,3.6027026559907798,3.6027026559387703,0.0,176.0550943805077,1.1892208635173356e-07,21.366872686781846
159.04461026187886,159.66481281758865,0.0,0.0,3.465273374283326,3.4652733745677016,3.465273374670836,3.4652733749265834,3.4652733732431305,0.0,175.95538973812106,32.09231580042442,20.06279516309848
146.1991644706506,144.35237181730247,14.326172332903871,0.0,3.38779546688844,3.387629333169936,3.389287050902306,3.3947660113446307,3.382627997094354,1.0,203.38270533514344,20.81308756194947,18.812541767683168
134.11102197812852,137.60480900278768,0.0,0.0,3.5800617057452166,3.5800617061514504,3.580061705889315,3.5800617060293973,3.580061705935295,0.0,200.88897802187142,3.423442659569557,19.74276370337883
136.23092653113798,136.37560641821034,12.191140683363676,0.0,3.5317385184769217,3.5317385187896546,3.5317385187531443,3.5317385187075376,3.531738518379454,0.0,210.64186219070285,2.5484898344500295,21.189100253279875
129.9851373363516,130.1700759110314,0.8976327050689398,0.0,3.4438202764042654,3.443820277308143,3.443820276687607,3.443820277282723,3.44382027715926,0.0,205.8069405539807,8.163257857941782e-08,20.287987919981315
135.13694948518184,132.44879915152237,10.19042855600012,0.0,3.3905811486220165,3.39058114894885,3.390581148880997,3.3905811488855333,3.390581148157787,0.0,210.4987869938388,13.918988382944644,19.18512260276949
135.9780056083777,132.45648827547737,2.2358678706926973,0.0,3.2342777949016868,3.2342777951747808,3.2342777951082273,3.2342777950578365,3.2342777944222,0.0,201.0998222495998,23.60572108901692,16.764211396736844
133.60247640869753,130.0972342057464,0.0,0.0,3.5859035261459105,3.585903526954622,3.5859035262164265,3.5859035267133885,3.585903526730769,0.0,201.39752359130233,1.1217629597026216e-07,19.55437481668674
146.87239549171952,145.374276593408,14.877187065361841,0.0,3.4488847416208115,3.448884742341212,3.4488847419732815,3.448884742077314,3.448884741573993,0.0,202.4657612790051,0.462415519841787,20.59577983916733
161.4881032628209,157.469972842842,16.100389066027766,0.0,3.6922681481066304,3.692268148574285,3.6922681483355944,3.6922681482022535,3.692268147708118,0.0,188.5778929352917,9.85339920848334,21.725946138616337
164.55941257931283,162.18374093552993,5.316348545975883,5.778005178872528,3.5237879161500483,3.5237879164763313,3.5237879164153396,3.523787916326208,3.523787915752874,0.0,181.87665444280813,19.85021971067139,21.180044727773005
170.9144302564485,160.57684454495353,10.441914291532228,8.584141444882205,3.645516653787766,3.645516654399552,3.645516654036462,3.645516653831141,3.645516653808179,0.0,182.67023573328134,1.8985929122307683,22.038606596850542
183.18247812446086,183.98731127065724,19.67262108361951,8.916580324049384,3.557575721893036,3.5567976744767713,3.5645611901109273,3.5902205658393105,3.5333751412438077,1.0,181.65130198373149,18.579942985274688,21.282657918405945
203.8864724024354,208.52350656475093,0.0,15.740199848075893,3.9355647874097373,3.93556479594348,3.9355647877486812,3.9355647882912668,3.935564788398831,0.0,147.11202844061467,21.645116516598435,23.751930417515204
197.3052455852764,187.2235510323874,0.0,18.257715940079834,3.663030251728584,3.661730445267475,3.6747001709226543,3.717566715236793,3.622600773787815,1.0,155.36844226163464,40.79825937662937,20.707545925567377
202.29162206338273,206.11645732993983,20.97041945069878,18.539960013599412,3.6695423463978334,3.652752219306757,3.8202873149556957,4.374011473872044,3.147298748689053,1.0,169.77784208103432,21.575046734462404,22.581261587564963
192.363692145828,192.5027106885151,15.21497659047964,19.953615477065995,3.623653300669273,3.6137160224158014,3.7138472613382754,3.792187900699557,3.316240247184843,1.0,179.8369445821621,28.577704388118747,19.035221706627457
194.596799984059,190.9152716243477,3.785366232749774,16.389977258076957,3.715296849661419,3.715296852057461,3.715296849819018,3.7152968499986154,3.7152968500762187,0.0,160.8964044806543,6.029891616907129,20.545295159110598
206.65416139720264,208.49568862907208,17.949018580976382,16.601587656195548,3.7843873754642225,3.7843873762962104,3.784387375681184,3.7843873754680413,3.7843873750835355,0.0,162.60480789548905,7.383115138398859,22.72385878990861
195.51358992497583,188.96150801704073,7.522644467761447,10.305804068968344,3.59520376940098,3.5952037699813384,3.5952037703452002,3.5952037717399548,3.595203766542501,0.0,157.51509614376153,34.99063636871939,21.097151755315963
189.34930831392612,181.9488305291459,12.091770172199679,2.6278147057679577,3.8325270967725764,3.83027823738616,3.852717792377324,3.9268832910738802,3.7625780875708625,1.0,159.79895501492837,22.29531561701549,21.727634827857067
184.92480410894348,183.01734242516915,0.4524712721261223,2.2792357173595614e-15,3.5390192218598098,3.539019222520243,3.539019222548681,3.5390192231655804,3.5390192203071087,0.0,150.46909076022547,33.56611277975672,21.232955632150937
180.55805440692907,181.8041900929844,0.0,0.0,3.6775424417324105,3.6775424425259757,3.6775424450946717,3.6775424535459065,3.6775424313877045,0.0,154.4419455930708,37.90812454673914,20.823759234788767
164.9109120444843,161.53362216820574,7.7919039729377175,0.0,3.663052553517033,3.663052553978668,3.663052553628575,3.663052553709741,3.6630525535446394,0.0,178.1206063826783,4.289859896379484,21.95017451490198
152.0684720084675,155.34408577311447,14.827077046876257,0.0,3.5731463160970716,3.5731463163758197,3.5731463166961435,3.5731463162234234,3.573146315025147,0.0,201.35314895733487,13.05629549255099,19.739637528055106
146.69353587858964,138.42615557688578,0.0,0.0,3.603320864767656,3.6033208653151116,3.6033208648949904,3.603320864959829,3.6033208648337394,0.0,188.3064641214104,9.745398294243572,20.219559362920354
143.8443843034326,141.40066500861036,5.31787113205674,0.0,3.5416804574460854,3.5416804578409655,3.5416804575766445,3.5416804576353917,3.5416804575619096,0.0,197.01412985611597,1.3967598850342107,21.34876885285328
126.79500576498465,125.03380048777345,23.684298088286084,0.0,3.249516722196444,3.249516722300693,3.249516722297303,3.2495167222719075,3.249516722034733,0.0,231.56924813446096,5.885532111239029e-09,17.9603540474751
132.87444889646596,137.34440439032454,23.86678175711749,0.0,3.2451356411760752,3.237012926948805,3.3180629203881513,3.5859431464678084,2.9924850608085762,1.0,225.3522127078469,10.64633552073785,19.638482243737982
147.5454001326491,152.7997629319058,16.608263632340538,0.0,3.2374031798631746,3.2374031801567837,3.2374031800734056,3.237403180042171,3.2374031794587093,0.0,204.3929639896532,6.4509214630101495,19.05334259316616
144.6770711774256,147.57915713044142,16.00244144169623,0.0,3.3693523105010796,3.3645440612638504,3.4125216903710687,3.571093672992816,3.219795532874316,1.0,205.8565695712254,19.851083390712354,19.708348794495226
147.48439158961364,147.4597103150464,17.282414918818,0.0,3.251246852956891,3.2478578235105373,3.281674207706776,3.3934415289117714,3.145833776880656,1.0,205.60021625674142,18.324700522249294,17.320862171902867
161.1702945008197,165.4523898529939,18.351598049648576,0.0,3.6210651184596134,3.621065119681161,3.6210651191387977,3.621065118593782,3.6210651179188202,0.0,192.2461590689821,1.582574073493492e-07,21.566668180194984
171.39806124034936,163.2251876426218,31.851174411889644,0.0,3.5811339759141663,3.5811339763525067,3.581133976386207,3.581133976812381,3.581133974672322,0.0,196.18977584811532,1.8754456230220717,20.011231550015943
168.11699057481545,165.7418934041092,10.265013899826165,3.418120844449839,3.4522708656697865,3.450992365437273,3.463749488470406,3.5059133527563775,3.4125041188314627,1.0,181.87283936987933,22.516605811212433,20.843878284714464
176.4172997361781,179.05407639793748,23.459182112295164,10.563242482578284,3.560079502498921,3.556870303090563,3.5888923113050013,3.694728998728757,3.4602598886100053,1.0,194.7575472860944,12.645191650852983,19.94737170601814
197.52146044157752,191.1631263855391,21.176367567044277,5.669748276870827,3.7174364065498624,3.6990725671423235,3.882310465557126,4.487934330163495,3.146243742777669,1.0,167.04569156447675,17.230928904706705,24.10978600038723
188.39849488761934,185.40408574152255,21.422928323318086,12.509688415877584,3.625276236615069,3.609356812774637,3.768203863400083,4.293212965219942,3.1301151886407848,1.0,183.0195799268138,16.70330530544023,22.314014705959014
201.53397996202446,195.1581726214015,19.775202085087095,21.30847189362048,3.6910434267080454,3.691043427233707,3.6910434269227412,3.6910434262000997,3.691043425775427,0.0,174.62100478406046,10.276422501085555,21.28858968271358
191.6707521010979,195.69123038297238,25.139153586449314,17.20401500780253,3.530464608937655,3.53046461568195,3.53046461014611,3.530464608784003,3.5304646082215885,0.0,188.2833271223475,4.4762385577807545e-07,19.620482458649768
210.22279984818513,201.5821370094654,17.76112566040309,18.560282403869742,3.6320805854501956,3.6320805866486428,3.6320805859886507,3.6320805851415305,3.6320805836755454,0.0,160.0008755971532,16.804471116029063,21.758671924377417
205.80249828369955,210.76204582493742,13.496275564815598,17.228063223430254,3.600583458743975,3.597919862919901,3.6244977361091752,3.7123408872432377,3.5177344053667583,1.0,159.83061918328542,26.794480334883207,21.311800672157393
218.10470994896923,210.18719891395992,33.05974078458922,5.036514447611741,3.91547857755955,3.8850250307864176,4.2093682262875625,5.081897743336,3.0034734601700297,1.0,152.7476747623747,12.773504626957145,24.571320554392244
190.9611149464608,195.10578694253283,10.121207280655003,9.441474390193815,3.7678194577572937,3.753955878375832,3.8922893206112974,4.349498415485837,3.3366038206668804,1.0,163.34276222142805,26.838433998667554,22.23010681683459
194.88341001375474,196.52934877720213,10.825498446581085,5.858847883436199,3.4940527449315137,3.4894608601477497,3.535279565109548,3.686716038385327,3.3512258057738267,1.0,157.90595569965302,31.513063118582295,20.44498153382064
191.7095266504703,197.68612020491466,23.20910929037466,1.556621174998609e-15,3.5922050696711194,3.5922050705432906,3.5922050700286077,3.5922050701973727,3.5922050689109195,0.0,160.8077274544705,14.00150278782914,20.27818333386517
170.34254201108908,170.554544471797,18.364387929517314,0.0,3.608392949435258,3.60839294993979,3.608392949783816,3.608392949437122,3.6083929490422,0.0,184.72708365820762,1.0030594728932154,19.68354731048097
156.8336915897012,148.79944739039462,16.850119086045254,0.0,3.5423454151688505,3.5423454153774783,3.5423454152814684,3.5423454152977714,3.542345415082397,0.0,196.24809100154965,2.3114321599142507e-07,21.379136162041153
147.5286607555565,141.97307104609195,23.094795709385558,0.0,3.3618336932540624,3.361833693540153,3.361833694793967,3.36183369840301,3.361833688601543,0.0,208.09417586854772,13.16655036891477,17.928902109885104
150.6695684752627,147.88423531140253,9.560406630567472,0.0,3.409759820025118,3.4089665189135125,3.4168822366546294,3.4430446595368216,3.3850847925776755,1.0,194.37559073349865,24.896494192800183,19.22152083909219
153.63428701063228,146.94651295002708,31.31197683292443,0.0,3.3650723260287414,3.365072326247175,3.365072326299895,3.3650723265396505,3.3650723252933896,0.0,211.71211718969977,2.3681609399778598e-08,19.963558363018635
137.78418234642288,139.05021859963085,26.061514783684427,0.0,3.27527494451474,3.2719043167091315,3.3055370860193483,3.4166975364687358,3.17043423608432,1.0,222.82572156543029,13.295199080456745,18.211975992859482
152.78791795012575,154.23304936035447,24.936834518128627,0.0,3.465836377109769,3.465836377586569,3.4658363775470566,3.4658363776667063,3.4658363760668567,0.0,210.6082108239733,0.6423847573908685,19.013413028612966
139.35100293068666,145.3400438686045,26.34763167799243,0.0,3.265293741917093,3.2644542057143027,3.272831258690179,3.300518452041315,3.2391806330269275,1.0,219.5471967195618,11.217354470942862,17.058267402606727
142.9627202638396,141.32715083211167,26.159991545142663,0.0,3.2493771051420084,3.249377105378608,3.249377105999238,3.2493771073586464,3.2493771027635963,0.0,215.6704230509276,7.585588541575659,17.41864943987434
156.44539204087303,149.18181542495122,31.84042385468856,0.0,3.4717213940598954,3.470636837245359,3.4814587533074723,3.5172265209253335,3.437987111296286,1.0,211.64990357849356,1.6042028194106182,19.266723858594663
161.18440927356124,166.87571732970446,22.85325079698531,0.0,3.3030080815652356,3.2989865368385023,3.3391142798622053,3.471741420888161,3.1779211172891713,1.0,198.41411904438505,14.440478034684418,18.236853249127925
155.777762055068,154.15502460676694,30.342777208835138,0.0,3.481164613383351,3.4811646136959316,3.481164613930764,3.4811646146805355,3.4811646119112085,0.0,204.78265279490446,4.711023908853853,19.06041593007505
171.36757829536415,170.43812680390607,36.961891301080954,3.6512571682128887,3.373533278428155,3.3735332779220655,3.37353328425111,3.3735333046834017,3.373533258458396,1.0,205.20075773226148,7.128036168904432e-09,20.076747473777186
180.55000851124942,183.9970811904519,35.68950116163121,9.209103333297078,3.5086091143976597,3.497983777223768,3.604005420907717,3.9544200332794652,3.178116430439309,1.0,202.80958063903438,0.13008668904019843,20.026785289698392
174.42131443452107,167.15095072028188,29.984086644249928,11.56461702627218,3.420605232671332,3.4206052329971066,3.4206052335153534,3.420605234694258,3.4206052303034364,0.0,205.20411274563682,5.391121717992382,20.248355810742698
191.73533065913117,183.8188214152978,24.158382220241744,2.9170227210420268,3.7104347441015006,3.6956213432743215,3.843432287453568,4.331965695486922,3.249675657063565,1.0,172.04057908604562,12.636408481532488,23.703087107063993
207.54420706920527,210.56379233001476,27.515877934926152,17.064558256448986,3.684751557445691,3.673255600081083,3.787964472636619,4.1670914550166405,3.327178872462183,1.0,170.76570540213964,14.496434279890902,23.222165196135474
202.05860094200906,194.97419597429905,41.32750218106438,18.770667502548083,3.5075253382629774,3.5071577233913707,3.5108258578559988,3.5229494952594185,3.496090958638897,1.0,193.33594584759226,1.556643329911092e-08,20.489625577401767
197.50078130186026,185.7444196621838,28.68590194086761,20.87979822275024,3.555089233304775,3.5550892339554347,3.5550892337441167,3.5550892323401273,3.5550892321142125,0.0,184.83162978148573,1.1202537576328668,21.25046894553833
217.1112245121588,223.1926574568476,28.777702424373306,14.247509394829642,3.7012557115064038,3.6869760954107367,3.8294608346650545,4.300390445809242,3.257099567926722,1.0,162.7456946785089,14.906751783127008,23.621367875159713
197.58485036985334,194.2874808008824,27.333769939879218,11.713990565401785,3.7998693245228052,3.7983936010568504,3.8131186591782193,3.86178679281045,3.7539680911914566,1.0,175.96407334558532,13.967276879505924,21.39736106613603
186.1139551309821,181.92686449004466,27.6140057251557,4.845822884496149,3.62365848658877,3.623658486950207,3.6236584879103297,3.6236584904437454,3.6236584828282683,0.0,185.33672573603462,7.5583237580960345,21.128739483086747
192.85936601396475,197.49912318534632,24.371299644172517,3.03804161611806,3.7606752576117577,3.7606752580836353,3.760675257956666,3.76067525811336,3.760675256706838,0.0,169.0110951521811,11.68427229791571,22.697702084930327
179.43266390189444,173.35216408554166,28.52194576274067,1.1024554378171836e-15,3.725861225521866,3.7258612256200747,3.7258612269420115,3.7258612313929684,3.7258612207724235,0.0,185.55078278713648,7.6475232559164095,20.65887451300429
172.63853802657263,166.32931492401678,20.21261102668304,0.0,3.544396484243648,3.5403998698937267,3.5802788526140508,3.7120838098847537,3.4200849606892496,1.0,182.92626732089388,19.536239690534003,20.649594821318544
171.17837090959486,164.4650923482245,32.331363275723554,0.0,3.448502525072804,3.4485025254190895,3.4485025252441965,3.4485025252515085,3.448502524606499,0.0,195.20440214050342,3.8121807241020955e-07,18.851890667797573
154.1681042961117,148.59045201325404,26.440950318532508,0.0,3.4142384301317277,3.405736575411109,3.490569709073686,3.7709536808326622,3.14979497210286,1.0,209.1327256358958,7.808711892545745,19.76052577946293
155.38104477474948,153.34654243801316,25.81461216966159,0.0,3.4867861985579123,3.486786198734164,3.486786198786021,3.486786198944783,3.4867861980613766,0.0,206.7084110368525,1.8889773036703333e-08,19.26844795637124
139.17519205424404,139.811405256475,28.516476538393697,0.0,3.23110241682003,3.2311024172620524,3.2311024172417655,3.23110241716575,3.231102415990952,0.0,222.0884572754661,1.356340955739321e-06,17.83111085189497
133.23705765267155,130.74893747725804,21.337102847675297,0.0,3.2966003788520544,3.2966003792634804,3.296600379191887,3.296600378997832,3.296600378403168,0.0,223.3827727210989,4.0315256727459824e-07,19.470469383949734
138.49951986036456,132.65908659625842,36.73191776843991,0.0,3.075486349037065,3.024529119443538,3.5329900605641584,5.213516206890523,1.4905022384736506,1.0,236.50048013963533,2.6168930745381923e-09,21.062571425707198
136.77277310785738,130.05479311251443,30.043458517802154,0.0,3.330235769815605,3.3302357699988843,3.3302357701259306,3.330235770226119,3.330235769235376,0.0,226.13764865266407,2.1958099534890578e-08,18.507607182756203
137.31593955950282,136.56337312972622,36.85831941438701,0.0,3.283325090922527,3.283325091207428,3.28332509175652,3.283325091986252,3.2833250887221284,0.0,233.13218061572388,1.959179847406277e-08,18.907176822236245
153.8378220074246,159.24099571380162,22.595887171033613,0.0,3.244621731767198,3.2384465044088135,3.300064102431092,3.5037178654858185,3.0525461831909797,1.0,204.59157031658253,16.92064395420631,19.54960143934311
151.29461016248837,149.9809516952501,30.04864838834255,0.0,3.384288282185744,3.384288282783929,3.384288282726445,3.38428828245409,3.384288281275776,0.0,209.88584859310532,0.5440424820290815,18.01619962646716
153.6031831355307,149.13465544050104,29.985919160970756,0.0,3.6283799560584122,3.6253698323877783,3.655405421728736,3.7546767496746036,3.53475244582185,1.0,212.3144278095585,4.495739939712034,21.740949176338468
174.84575497385705,174.6989437275775,35.84537322401967,4.632566766439621,3.5997244963740296,3.5973825134668242,3.6207512686051557,3.6979878871423666,3.526878968082429,1.0,199.58896572637315,0.3715617780056542,21.379735870545428
180.35425601509792,170.2214149206302,33.81890096344774,7.557152257639054,3.5177514188334293,3.5040915224671045,3.64039257081202,4.090884352808805,3.0928712000024836,1.0,193.361426845095,6.99813237697214,21.132774465669957
183.8370803946798,179.7285694706751,13.075500333849833,9.306004773598088,3.715799741708299,3.71579974233935,3.7157997420123716,3.7157997415830932,3.715799741488655,0.0,174.05671531510603,5.410789080144094,22.167936035627108
188.12333331132567,188.18258283549162,36.111889471222554,14.601465735395546,3.701398186127987,3.701398186221632,3.7013981872868147,3.7013981907561075,3.7013981823025244,0.0,196.49874354403255,6.9624467659360185,22.202178713158933
199.37828131825182,207.0243193644687,30.393610791522693,20.767468639767298,3.6797210898780572,3.6735361786269585,3.735250413916193,3.939223576530925,3.487344299117246,1.0,186.14116386921955,9.027271590511328,22.81029009169465
225.42901334247566,227.96480674815967,21.61772012264631,14.764123715306171,3.737082653798967,3.7217923658035836,3.8743617822318828,4.378622531464316,3.2614903330443274,1.0,143.60567051581558,21.795877186846166,24.293298975440333
215.61381187556148,222.4137073189084,30.62659245432581,18.519905808640875,3.89290361249595,3.891638836707468,3.9042590429286266,3.9459703865264544,3.853563654233069,1.0,169.505966038718,10.173687392844029,22.61686751940833
200.5327788306173,204.36943998870302,28.532365643560613,11.33519425588094,3.805768483775574,3.805768485239731,3.8057684840573938,3.8057684841333743,3.805768483279749,0.0,171.61788889347747,5.5816030098598395,23.590375775545663
186.72523203950686,175.2692069051788,30.416955129843082,15.912234391591046,3.3861000377793307,3.386100038109588,3.3861000386962274,3.3861000392944316,3.3861000355190947,0.0,194.25704380788963,7.842264380757986,19.40502980666764
187.82282601055914,180.54562216218739,27.29028042645924,8.56686808294459,3.6917409358937534,3.6917365641319004,3.6917801915400594,3.6919243860382007,3.691604938504432,1.0,182.66651236254438,8.272766423901116,21.185004027319785
193.52970765501837,201.57709945172542,27.70975851485445,4.121647756403849,3.689918625494891,3.6710026552789223,3.8597498095577594,4.483582443294291,3.101552408086069,1.0,175.17321180631353,10.841148730224397,23.051366050620658
184.3572892115581,190.7383704805618,35.93437021005647,2.335086611739471e-15,3.766813113382995,3.762780036100971,3.8030228551058034,3.936030338496386,3.641367431279744,1.0,184.55263429556703,5.305767691135795,21.39183874624028
174.82941117158384,175.91275194218727,19.436504466250177,0.0,3.7923600604406924,3.792360060904595,3.7923600610695463,3.7923600616738353,3.7923600587690287,0.0,181.1216662633498,14.016963684257997,22.760127069786396
159.3039733058608,162.66362340888082,36.06909229092154,0.0,3.4501920867966827,3.4262659363482517,3.6650056230744905,4.4540697443028305,2.7059881972206226,1.0,211.4504864226364,5.1901528768437765e-09,22.75010358565005
149.50001396577844,147.86332643275458,28.085432854845926,0.0,3.4212857173549907,3.4212857172538844,3.4212857201362037,3.421285729253936,3.421285708025434,0.0,220.38147502993309,1.6714204217530974e-08,19.954515065517228
162.0716793016207,163.27823246099624,33.18448902971816,0.0,3.46067668631064,3.4470115029153137,3.5833653062736555,4.0340314502568,3.035632018374466,1.0,205.19996324926143,5.3262843992128435,19.6999825896989
148.97207542799603,145.15974215754986,44.69878853470333,0.0,3.1106338524285233,3.044946821435322,3.700384525447823,5.8666870077938515,1.0674909832634416,1.0,226.02792457200397,1.250721809424958e-09,22.161107628833022
133.02692392633148,135.75550900445072,21.488556469399825,0.0,3.2874406280504958,3.2874406283069364,3.2874406282012583,3.287440628120405,3.2874406276675585,0.0,224.0185388491986,1.7139627677146652,19.078608612182908
135.71134086514957,141.36226105895466,29.132418429363472,0.0,3.1485238813145444,3.1485238813570073,3.1485238825989756,3.148523885859924,3.1485238770255495,0.0,235.8508328610546,8.058596954586302e-09,16.240121261411247
129.59382584983308,131.17451115974973,35.8132216061323,0.0,3.1404279221828983,3.1166175102500606,3.354202335956016,4.139449498704167,2.399823987390835,1.0,242.35217001356827,8.85857956532115e-09,18.573134436468024
147.9586022523628,147.40206629820995,34.998055376952266,0.0,3.3083428517193205,3.3083428518027325,3.308342852257326,3.308342853362464,3.308342849946963,0.0,223.4326599688002,8.694517407474875e-09,18.690430349376573
159.8016140514614,158.62972488520026,21.39916458069025,0.0,3.6766474420238575,3.673239438482797,3.7072451523329253,3.8196382319647286,3.570644183184381,1.0,196.9138472928446,14.359791273192826,20.844000726922474
163.46512902713147,159.68080580793264,29.050244657500997,0.0,3.2775304095850304,3.2739862860703295,3.3093502305818108,3.4262324291300854,3.1672932484174385,1.0,199.19780380524995,10.877609808396121,19.379852676532323
141.27741997304162,141.19097906999903,36.59780157964159,0.0,2.8961426490668654,2.825105846213816,3.533924591989199,5.876658004569875,0.6865993819082833,1.0,232.56561707057548,5.821103078785407e-10,21.197377242780078
167.5601631719821,158.88638985862997,38.02948020452732,5.756619723745078,3.3778018245311032,3.363780188314911,3.5036907455066,3.9661123998407555,2.9416699760041483,1.0,212.45714206421724,2.112986696471596,19.49079728471236
163.98975007976958,159.72857830924738,20.64027531255548,8.147012029438992,3.371730768724201,3.3717307688254494,3.3717307687846336,3.371730768733167,3.371730768636307,0.0,199.92920628350043,9.510874512426547e-09,19.900521644127068
177.45279726631094,173.0778192820186,35.00458903660391,9.40355924696372,3.492652345461566,3.492652345769349,3.4926523459329477,3.4926523455828904,3.4926523445873556,0.0,197.18854546974967,1.9428019737086903,19.358486338608135
188.45893291168528,195.1517820307159,31.336679162963293,20.64490101247062,3.5186869617066026,3.518686962705849,3.518686962034659,3.51868696156316,3.5186869609025684,0.0,197.3197097155532,0.8351508317866188,19.35326605413635
214.69310893794164,219.632941777307,38.57858225177322,17.840676273937387,3.690160241427674,3.688886488872542,3.70159623993131,3.7436035262240166,3.6505411672049366,1.0,171.13761401683695,9.123628801706555,21.657837964930344
203.49553050509326,202.0360561741514,36.902972394019905,20.01475080569134,3.48287142569615,3.4775911923071208,3.5302783720923325,3.7044160030523328,3.3186339452445437,1.0,187.78156999733858,5.283933338496145,19.61736491361333
201.88905912092218,180.5288049054045,33.1732907563394,19.713528234778433,3.6384450486389204,3.6384450490428355,3.6384450511760673,3.6384450561877584,3.6384450398259336,0.0,190.19438301585052,3.8491262250658353,20.24168937133795
195.61427565086788,199.27971059420167,25.642365413496375,15.501964329652765,3.503913033521458,3.491327500598029,3.616908354172247,4.031968569291155,3.112450007125816,1.0,180.80524373464777,12.825903601272277,22.048403156874734
201.31090673459403,209.02092785091548,35.768473047271804,12.09114125584471,3.5143897044605352,3.49449188454261,3.6930361231182456,4.349249328784598,2.8954838295248875,1.0,181.84472616233006,6.338216441175051,21.29144780771183
191.95048669205494,202.00472822306807,31.43530276087239,9.027439797630626,3.7693492307835315,3.769349231337892,3.7693492312408443,3.7693492312008243,3.7693492299311346,0.0,182.96675366808745,2.0262003483407303,21.87235983688183
177.06929614172563,184.8466961959392,35.039871419593815,5.122540885092268,3.6086680298344755,3.602539668399647,3.6636896308233906,3.8657978022438146,3.418050203370381,1.0,198.68939444782853,4.187167402214374,21.858411907519777
169.5630103033603,170.14018864496157,29.43719571461917,2.3194141163264262e-15,3.633944815772988,3.6274040925223248,3.6926686761195087,3.908376177545066,3.4305008149141116,1.0,196.2038091721379,6.741871351931657,21.593813393469098
158.4188656984567,162.10554529930806,33.24452045813774,0.0,3.398853930963004,3.3850762561756937,3.522552520101479,3.9769285345293057,2.970310307763592,1.0,206.87411111689323,6.223575798941809,20.017645680956434
165.20978389209046,161.2711872484254,39.48917510882755,0.0,3.306849149508038,3.2281025708604134,4.013850927926627,6.610846197363381,0.8574994359349449,1.0,209.79021610790937,1.0199579642783012e-09,25.53495961084821
155.43949337832075,153.54184952701837,43.645138563941074,0.0,3.231307734536691,3.2313077352111326,3.231307736359296,3.2313077399288903,3.231307729085068,0.0,214.9408690083281,5.807396277223172e-08,19.043297515200678
145.97728175583902,143.40929601213782,34.31671916115715,0.0,3.3448925315632647,3.344892531502004,3.3448925360248136,3.344892549881081,3.3448925167262034,0.0,220.45081159599545,3.7783806581344304,18.494161269728366
156.04591091018847,155.9151800842508,38.83894677310467,0.0,3.2805066313993745,3.2794546221712695,3.2899517760066357,3.3246461630586306,3.2477847023924857,1.0,218.52185576531235,0.49998809510856895,17.95613840265067
134.1750176920493,137.53824675207557,29.487205876853643,0.0,3.134613735522694,3.134613735753963,3.134613735930417,3.134613735873692,3.134613734489,0.0,228.61643388099756,4.845254628953795,17.052342649731365
136.5498050660013,138.31913503953822,34.95583305062325,0.0,3.2515670264473284,3.2515670266884156,3.251567027187592,3.2515670283351166,3.251567024263106,0.0,231.19521071813662,1.4348732376120725,18.0792815882225
135.51200119710063,122.9649324538046,33.08038577172929,0.0,2.970905409262498,2.9658367305869398,3.0164129762775915,3.183573705917035,2.8132481738077906,1.0,235.10507091216567,2.11334714191638,17.283967142761767
129.64247607477563,128.74667767779317,19.845347951989435,0.0,3.428212838380392,3.4282128384611377,3.428212838472731,3.4282128384368895,3.428212838270025,0.0,224.92256517702143,7.118228132558866e-09,19.88730932083341
162.7663464028276,165.7824976504202,31.104622107663833,0.0,3.4766796863684095,3.4701197412464855,3.535576128722933,3.751917562275503,3.272637790467184,1.0,203.6574221699878,8.823353019406172,20.966227714246173
156.48255986317173,164.74070765194017,27.90740588335806,0.0,3.597978699785441,3.5949479891859526,3.625188999742816,3.725139270533639,3.503710846240977,1.0,207.86341842404298,6.351028506712559,21.436990097289797
156.51580198861652,163.8665625748213,29.153632648935854,0.0,3.4227334340186375,3.4077659802789566,3.557114090882334,4.05072802019142,2.957182663762228,1.0,206.8527608656762,10.501158415971478,21.72106710572245
166.72636856985667,168.6016782673903,29.695097062902672,5.796039189292523,3.401460788622176,3.40146078926901,3.4014607890641035,3.4014607887181323,3.401460787513563,0.0,204.75400044151442,0.5200991915446613,18.580073049431615
183.43624961401198,189.2200693680921,36.24035145958601,10.593173870927298,3.4763229371143054,3.4601316693929323,3.621691223160164,4.155665481208366,2.9727064254316495,1.0,197.2557951314095,7.6477627574219245,20.841421078848935
186.90843126033,191.91015425660854,29.85514279087847,10.412397361145695,3.4804487292244914,3.4804487297423377,3.480448729819937,3.4804487304929994,3.4804487276067237,0.0,187.2891948132907,7.458352516833905,20.981710529509247
191.84059521061204,193.57296163565394,38.749976452122894,15.522893158294723,3.6406253972443556,3.6287156649562218,3.747553243293974,4.140326101327518,3.270182639165729,1.0,196.9859921524079,5.365805270155823,21.511317608791693
209.94915694461275,207.05752697815117,17.913655591870928,17.60467041423462,3.6783219350035505,3.6756898226058707,3.701953548294173,3.7887584013950186,3.5964521476472737,1.0,161.60234684779653,25.44079036407921,20.485913501765037
203.33255564026243,195.6533949243374,41.07057071568232,21.95442991161851,3.6006447751685666,3.5792411626899776,3.763813654546321,4.388976874232075,2.8850043869241437,1.0,191.14136851936286,6.142775353411358,21.92628771893874
207.6675120136598,207.5179776231978,12.129359555435787,12.277234412619672,3.614377573863933,3.6129033011774925,3.6276138866781302,3.6762341884792664,3.568521453556807,1.0,151.85433564244622,30.17630529826712,20.232729472840294
194.9993615907049,195.13222021596835,25.83333968988357,13.428053852731942,3.669573302316042,3.66957330308273,3.6695733040384755,3.669573301798346,3.6695733003093833,0.0,179.80958079517686,12.009064678374026,20.22898013927889
199.04452632331333,204.60994964353208,24.05697618466545,12.480171891849597,3.6521144291598118,3.634161888844864,3.8132957648636965,4.405355325519635,3.0937149040576806,1.0,173.17302811428084,18.2377273552424,21.755181938253052
178.27199240243812,168.00986624951378,25.195438872293398,6.007692919874883,3.567936536687392,3.5624493340161076,3.617201694897529,3.798165002995384,3.3972614347290335,1.0,189.93182205997843,11.231052633285936,19.886436604146407
176.77104891068265,175.98538992230814,27.851428541179754,3.6893107398139264,3.7352858231794044,3.7276266409193415,3.804051431557529,4.056644794462414,3.497053010190403,1.0,191.2683951647328,7.848103505900229,22.60593117789601
178.9620442173419,173.34876212468762,23.5119074839676,1.5361354869331028e-15,3.4301043685837787,3.4184052535496945,3.5351412569251512,3.9209681505600145,3.066212678741617,1.0,179.40615445156757,17.614176387773956,19.639746627960424
162.1388357439027,159.9384773759356,15.562344259120158,0.0,3.425549960991989,3.4255499612990135,3.425549961403978,3.425549961581597,3.4255499601615558,0.0,189.2769246177513,11.393670782294715,19.241498899471228
171.88640627687707,176.40240169023826,20.318880530333384,0.0,3.4564384671494213,3.4425892533819966,3.580779357124584,4.037514702237217,3.025669645770567,1.0,184.92348132265485,14.689098274760148,19.880098133658503
155.3880661794349,152.62821893521686,13.907182210791172,0.0,3.594486741772321,3.594486742168562,3.59448674209244,3.5944867421625957,3.594486741544769,0.0,196.2567546128547,1.700986984163555,20.278678452247345
143.312960878455,149.92955203148028,17.52702119668507,0.0,3.3869788388902564,3.378874817534478,3.4597382888616166,3.7270020376070403,3.1349096884755676,1.0,209.3376663664826,19.04007299881438,18.758348116302567
155.9556457305739,152.45647724261542,28.772399197009594,0.0,3.4566954757966695,3.4566954759763426,3.456695476036334,3.4566954760750503,3.4566954752696093,0.0,210.57151196083402,5.174177004349321e-08,20.567633549001897
145.49842574845349,145.13228020115977,16.1530464143512,0.0,3.646409398442829,3.646409399154688,3.646409398698385,3.6464093986528905,3.6464093983118513,0.0,203.63104514916816,0.3865387410529902,20.478121932147793
130.97241721802342,121.73771252051381,29.69766537673795,0.0,3.3538535381919754,3.35385353834733,3.35385353849571,3.3538535386387913,3.3538535375502154,0.0,231.8459839848112,1.42490932914158e-07,19.835155622409808
141.08785699513126,140.0843935425737,8.67822378501067,0.0,3.6743251744034477,3.6743251748481125,3.6743251746486116,3.6743251746765084,3.674325174358722,0.0,201.6235021625464,5.688249241273166,21.65327298559811
145.8479317850702,150.93216110392325,19.415742048734035,0.0,3.5083466455699965,3.5083466456703754,3.50834664564057,3.508346645573679,3.5083466454898153,0.0,208.5755667344977,8.442234435217232e-09,19.78623829913563
129.0818103665037,131.04636365520412,23.07284204849721,0.0,3.201481401005899,3.201481401121009,3.2014814010869843,3.2014814010735893,3.2014814008579267,0.0,230.1557582290494,8.297604478871442e-09,16.68621203299162
148.88874980750379,153.1762388961964,26.369837705040382,0.0,3.455167779440407,3.446123612034526,3.536368042375946,3.83463701738051,3.173856124743495,1.0,212.34940613690227,8.889442829299885,19.309196858224844
143.7325016899716,146.16705236716098,28.28688537555835,0.0,3.332164321978378,3.3321643221561636,3.3321643222642594,3.3321643224079986,3.332164321372429,0.0,220.19215433935886,4.244948899302936e-08,18.061725247081974
158.87764818271086,157.79430160134135,25.985545452029275,3.9356151807709647,3.5054636662169405,3.5054636664504915,3.505463666710842,3.5054636668543964,3.5054636650147644,0.0,205.06068051331758,8.547536048166824,19.627577255327548
165.8771624254571,166.38488752645503,16.0675541284449,4.084315447610536,3.6643826222786036,3.6643826227058414,3.6643826227798812,3.66438262294612,3.6643826213808883,0.0,188.95990232783174,13.688762028247837,22.010557343544775
175.58910152740785,173.40656288330786,9.381284107260417,12.995377400664035,3.6837176784419454,3.683717679123342,3.6837176788810506,3.68371767871038,3.6837176777711447,0.0,181.65801542884344,20.994042925614302,22.576255777902794
181.90607727538037,177.99418790111864,18.593210618813558,6.261910208444914,3.41723107400764,3.4089694165759017,3.491405811525217,3.7638682671189745,3.16025877610962,1.0,176.7882863803685,22.105033149169554,21.13101881844787
192.5354960226192,194.62143709208078,24.770960260043022,10.356640984008328,3.5163016226603365,3.5163016235252718,3.5163016231789515,3.516301623490909,3.5163016215005793,0.0,181.1654079206217,7.432916894849212,20.431726518148082
191.34837974594,197.35633502941175,23.24695878283995,18.75901961451141,3.571862644584256,3.564769732984571,3.6355441606191095,3.8694623756549644,3.351243252565284,1.0,185.01337561648057,16.916894379042706,20.07233026617271
211.58485877924446,215.55133312254276,16.80857441276484,20.088227668148317,3.751787568560169,3.734115984073367,3.9104464338765474,4.493240329865999,3.2021269281243736,1.0,160.0659435054085,25.03202524440252,23.45431547320883
199.6223841757197,196.60045349682633,21.465998514720436,8.79678172564356,3.581079081874945,3.5810790825316,3.58107908335921,3.581079086197292,3.5810790772705405,0.0,166.03738708639062,18.647890010441543,20.101418573638732
191.40732067550988,194.46166209560968,28.1253885748515,12.364660810548216,3.7070335245511292,3.7070335256267777,3.7070335250446966,3.7070335253658038,3.707033523489807,0.0,183.36791975775856,6.262314447491075,22.016574515162237
189.91813204012647,190.34750466623714,16.066605214681598,10.216750037506305,3.629062802633901,3.6290628033193526,3.6290628030810343,3.6290628034488477,3.6290628017274873,0.0,171.9648155553271,15.861879356433237,19.99630075152306
193.63125636771164,189.23370271299046,5.066173849248638,4.797946882743999,3.7356671066075386,3.7301557924353013,3.7851487388120937,3.966907212098166,3.5642420478530994,1.0,151.62938886537444,32.982433312316715,22.764901834551683
166.1200489726867,164.80775626181313,28.489032499096215,2.7982025574104615e-15,3.4330563869557427,3.4202321092181394,3.5481952020327325,3.9711290117160805,3.0341673994494482,1.0,197.9392502528579,12.055652576939263,21.47891521651252
183.2533926234484,187.02479090328382,10.252045812843598,0.0,3.7475568525392338,3.7475568532255727,3.7475568527898355,3.7475568529370262,3.747556852272882,0.0,161.76508215370535,14.474953894435066,22.08045834407232
162.1005199222515,162.23431369179798,21.355430765816184,0.0,3.4985212724246537,3.4985212725642225,3.4985212725248367,3.49852127248898,3.4985212723006414,0.0,196.33990204871395,1.2240002530680989e-08,19.11081756176836
165.59484559670403,163.40569243141326,12.872230711078277,0.0,3.4384175258859933,3.437430059222134,3.4472831990228077,3.47984904046818,3.407703129400245,1.0,182.6794408581862,24.69193498614776,19.06332611021948
134.61959602422965,133.87497045049477,19.18015839283575,0.0,3.3760471962756484,3.3760471963771215,3.3760471963508873,3.3760471963424994,3.376047196198314,0.0,219.62601529575832,7.3401929094113245e-09,19.61899001608521
147.02646444708805,148.09520310052687,26.260074320441237,0.0,3.4972975852841324,3.497297585398586,3.4972975853763044,3.4972975854111126,3.497297585133067,0.0,212.5590081542136,3.123788156847408e-08,18.804645980711726
154.5852082933494,150.14308030440253,17.720308403257196,0.0,3.6536468866224254,3.6536468870747143,3.6536468869132985,3.65364688699957,3.6536468862176035,0.0,196.00689837548143,8.256424838331355,21.00509351460407
132.44547552790237,136.31715328039508,6.90797518707957,0.0,3.4889967795402628,3.488996780437174,3.4889967799969965,3.488996780169458,3.4889967797533035,0.0,209.96394789588828,7.497608438591112e-08,20.087613659934235
140.60379070092435,142.42226951516113,10.570990009666541,0.0,3.437169379406439,3.4371693805950856,3.437169379813591,3.4371693798611664,3.4371693795440104,0.0,205.42540245999223,4.1106557637428695e-07,20.032616407096963
152.7968313286882,155.47785569078752,12.348470249253712,0.0,3.538092896528148,3.5270826085007,3.636945363368446,4.00005532278238,3.195626627986418,1.0,194.7740681006647,25.826399910727044,21.81290469119725
145.98449451697942,150.05184855467195,27.289501142516777,0.0,3.2823844151220896,3.275025939757829,3.3484502108427763,3.5911264837986847,3.053504881367356,1.0,214.00796322456432,14.853937345388394,18.46361434837579
161.60993656367341,167.60303108375567,12.823998741617261,0.0,3.504812426436085,3.504812427052148,3.5048124265417284,3.504812426529916,3.5048124263324336,0.0,184.84893057158283,7.164571939972593,20.28614815836517
154.52115417838576,152.3590501693627,12.551438134542881,0.0,3.700987303568337,3.700987304231017,3.7009873037962597,3.7009873039333576,3.7009873036046725,0.0,194.02765191203298,0.9373005203816701,22.54489874727988
162.8690072261234,170.01654391762165,7.702452099240093,3.2283636536285196,3.7220865841677604,3.7220865846685576,3.722086584280735,3.7220865843170174,3.722086584084742,0.0,182.88013097055648,10.830424421393346,21.398548657034514
190.49640712347656,188.9318366197702,10.191236497556515,10.320574327697125,3.7729801183287925,3.772980119011823,3.772980118589469,3.772980118599813,3.772980118095226,0.0,164.55349990218863,15.08023402703063,22.2558014929046
180.45241071771002,180.03716019373903,6.059342598113397,6.000087296238031,3.7717008851935576,3.771700886168799,3.7717008853812546,3.7717008854667684,3.771700885305651,0.0,167.18086894566903,8.26864503568374,21.062447641805278
195.83966501245519,200.5374112519897,6.920964549007742,18.50956051777908,3.743419781314714,3.743419788971604,3.743419781902389,3.74341978181209,3.74341978210242,0.0,163.76459662406043,9.073605185722116,22.937237908658588
198.75059131467216,193.03456723815202,13.053634027577427,18.217191156280602,3.530484673088933,3.5225496482978707,3.601726841985543,3.8634172368116206,3.283672017602447,1.0,169.0041739172026,29.645745799758693,21.476185977982823
197.51823889562135,199.12148427174003,0.5586631956591087,16.832941160868486,3.8783138700067252,3.878313873372592,3.878313870134677,3.878313870473389,3.8783138705430367,0.0,154.72137776529388,11.856832606201344,21.971075611372626
187.25468227238756,197.43225662324699,10.877830450465815,11.577884308636536,3.5397685868422046,3.536858871069454,3.5658925727691293,3.6618525389758396,3.4492641791790364,1.0,169.6649984044802,29.36220312463691,20.473500366736168
205.0410607045431,201.14424086876306,21.96724884771284,9.026583136142218,3.6949334726812646,3.685797427971165,3.7769586306761083,4.078257654681639,3.4107640363353577,1.0,158.43811449127193,21.45244230742183,22.434780079862257
204.1509215148683,212.71814834200796,20.88214009899447,6.604607752774555,3.5675290497383396,3.5625312433072076,3.612400312054293,3.777223736097209,3.412076240156988,1.0,156.15549637087713,23.236030049991776,21.759529990691192
198.54955039058342,197.06348714990585,16.208501410843763,10.477227517533542,3.607421630075284,3.607421630642457,3.6074216308843,3.6074216298445463,3.6074216289702106,0.0,163.56262879880353,18.843845687062366,19.89142674823688
186.88684721556064,181.51648510057416,13.866428451980584,3.3857987537778063,3.678618482731197,3.678618483282259,3.678618482998845,3.6786184829784383,3.6786184822607195,0.0,165.6330780213538,13.207487038046464,20.691955897115992
176.08995068389245,173.82952088948838,6.394763757122524,2.820888956498041e-15,3.8509596930267675,3.8509596935685746,3.8509596933569537,3.8509596935702177,3.850959692327801,0.0,165.4015744051701,21.545479183636665,23.552324167345628
161.5567974691579,155.03876868958844,1.6517771401437686,0.0,3.6180845285949674,3.6180845299204156,3.6180845287293413,3.618084529306852,3.618084529353632,0.0,174.91754273226368,1.6401741251129976e-07,21.111227822564214
163.82042410794898,160.70419974148578,0.0,0.0,3.575100180103906,3.575100180545615,3.5751001803959763,3.575100180255709,3.5751001798103386,0.0,171.17957589205108,20.66239531216835,21.720570579954124
143.80769809891785,146.50299341701864,19.307997972717235,0.0,3.3887472377566086,3.388747238073644,3.3887472379775874,3.3887472380482784,3.3887472375257515,0.0,208.71657121883777,1.8084808041287415,18.80726670711992
149.66785823683003,150.6938805715799,0.0,0.0,3.361265338492844,3.3612653388359903,3.361265338711453,3.3612653386924647,3.361265338052767,0.0,185.3321417631699,24.9838489326888,18.42485861825009
128.47394833708495,128.89023595566218,15.318389595209469,0.0,3.2856550733862573,3.2856550737125954,3.285655074054972,3.2856550743058786,3.2856550719884616,0.0,221.56163976781377,11.222498464968146,17.337935981282328
133.98552844372006,135.95777085415293,0.0,0.0,3.43072299928267,3.4307229995587085,3.4307229994520396,3.4307229994498054,3.4307229991271795,0.0,201.0144715562799,16.4261050737179,18.570767963641345
145.7940142546749,140.63193934019768,3.17251181752366,0.0,3.2921284099273045,3.2921284102763777,3.2921284101004513,3.292128410048337,3.292128409621197,0.0,192.30879429399604,19.418024614528147,17.759742248658352
148.2325137842564,141.89009950173576,18.762733104604447,0.0,3.3459951730062722,3.3419300293498053,3.3824928102512546,3.516557804715084,3.219552101002106,1.0,203.6978323881385,17.164951679999568,20.046211992459355
141.02079201986678,142.65988148033497,12.163426036585053,0.0,3.4035405161911076,3.3984990873234735,3.4488034267448096,3.615065473654243,3.246730872993489,1.0,207.06059505412162,25.897185808554447,18.575168711022844
126.9748609807784,128.1906861813658,13.434608386041932,0.0,3.2426389927629957,3.241778889516752,3.2503611640326584,3.2787266398592494,3.215886163501295,1.0,221.79794220733152,20.111468200028806,18.198802837281093
185.09470071082427,173.4319901153673,0.0,0.0,3.876222073661935,3.876222075816376,3.876222073871263,3.8762220738319035,3.876222073860605,0.0,149.90529928917553,12.774859177346599,23.84232658631017
157.2524517812924,147.0476755814746,5.484129118290246,0.0,3.470243316653247,3.467040718650996,3.498996854938422,3.6046158277986624,3.3706290404971724,1.0,183.67831165090507,29.6449512125533,20.10327002758855
178.50034118761957,181.51303574573438,7.272264205258683,4.975375117142868,3.737846059916549,3.7378460614015836,3.7378460599953316,3.7378460602567625,3.737846060209855,0.0,169.21930479632337,3.203907155764792,22.343114941257358
172.98150587197117,168.0988994022716,2.345019022613429,7.570510092084829,3.6998317152285707,3.6998317158470457,3.6998317154608604,3.6998317154502014,3.69983171500455,0.0,171.33189580657853,21.993913200172617,20.575582475447508
181.68963923452583,192.45250173335924,6.562367309458447,9.41413877573973,3.6867551672077354,3.686755167655251,3.6867551674788346,3.6867551674431804,3.6867551666982097,0.0,169.48520215502566,21.38760278740806,22.62068295400035
181.32409781090962,176.2205244356799,0.18955166860384035,21.96501313877554,3.6426233691712913,3.642623369879681,3.6426233694258565,3.6426233693640233,3.6426233691523673,0.0,174.9417183364904,18.06300644940312,21.207439050502934
211.90837447377743,201.8829443196368,17.36103436561175,16.42127442126294,3.924438997191716,3.9112805398278905,4.042578140169775,4.47653290871154,3.5151556185698287,1.0,159.7977358834338,23.98845519814506,24.821297238115
202.01420239635235,193.0027373332445,14.408205658592085,16.377453764316186,3.6696499272816783,3.6681551308711846,3.683070508995482,3.7323676761744364,3.6231554222709854,1.0,165.62845058843754,28.422808514314635,21.64796454382931
220.35954460842026,210.9105501551889,5.134720751758347,16.37938064028058,3.9105826859438855,3.9059065853434767,3.9722145168177967,3.9999244233576805,3.7989482975946824,1.0,135.5752060805179,37.5512960573667,23.935069450596913
212.49067093024186,204.20505928340194,0.0,17.00529203436845,3.807003035394435,3.807003037231435,3.8070030378845594,3.8070030333886926,3.8070030340030816,0.0,139.4919574322799,25.349201986999613,21.754538101612088
206.38560718644558,205.03705337566794,2.820224652769601,13.138157870540594,3.811576874760555,3.8115768756239397,3.8115768751160437,3.8115768749396026,3.8115768740455827,0.0,144.11804801956305,28.688619210501525,22.56909052850652
203.54884279416038,208.80101860470006,3.3526069438054615,10.65128199869221,3.815007536278044,3.8150075373807426,3.815007536806062,3.815007536349461,3.8150075354269632,0.0,145.4056114606737,30.057241620796297,23.534668105399316
195.7426950090978,207.48021447503655,0.0,3.9009740496009906,3.6318637006128234,3.6264428641524877,3.68053300748448,3.8593076044715837,3.4632528767916955,1.0,143.25174230877263,39.150622722357234,20.980869115457647
163.26586286620443,162.7347988227983,2.3060000308114135,2.3663691320774163e-15,3.5475720332700593,3.547572033395524,3.547572039493367,3.5475720585563244,3.5475720129137045,0.0,173.8381617409012,31.76023874389064,20.58936242347326
179.53072140269714,181.7374453907285,6.5461727520765525,0.0,3.8105872443637843,3.799605626648027,3.909182303530093,4.271346740152076,3.469012743332403,1.0,161.9856631152703,31.89134395797143,24.046164793969442
156.8429297222456,155.8031792905354,4.046891404176737,0.0,3.6463309268689112,3.646330927291168,3.646330926947357,3.64633092707673,3.646330926925006,0.0,182.78155458814075,7.511797724562093,21.445813309382306
159.2154768970164,149.7326580726731,0.0,0.0,3.5208857618940383,3.5192923389587674,3.53519181937825,3.5877415630787355,3.4713235987686777,1.0,175.78452310298354,36.612224835676095,19.657166655662113
142.53003948877253,147.82375398183376,0.0,0.0,3.485077392478908,3.485077392757249,3.48507739271096,3.485077392711572,3.4850773921400924,0.0,192.4699605112273,20.83214629987275,19.004212628606897
138.43014221991268,143.74900717966227,12.298496037096509,0.0,3.3538417728405694,3.353841772932447,3.353841772879532,3.353841772871716,3.3538417728380585,0.0,207.93697304643229,5.2450281219769074e-09,19.748922903525525
144.87652271613032,140.9450866843856,9.66655600874294,0.0,3.3926817027124487,3.3926817030162635,3.3926817032093566,3.392681703377264,3.3926817017815423,0.0,199.4642764911307,18.332711726251667,19.25917155156865
145.43836572119372,140.316484918628,0.0,0.0,3.672865705320078,3.6728657067734285,3.6728657056410725,3.67286570626995,3.672865706298852,0.0,189.56163427880622,6.958162038793904e-07,20.963655389875786
145.15744528308525,149.76810056464456,8.90065592768973,0.0,3.3832639203475865,3.3832639206205446,3.3832639208558914,3.3832639209586084,3.3832639190388307,0.0,199.83193498035803,23.096248849685328,19.114365578761976
148.86602325948195,155.44942740115897,13.329702697692314,0.0,3.4101956727406013,3.4101956729751106,3.4101956733555374,3.41019567427881,3.410195670896923,0.0,199.87702249207913,18.54035174400301,20.071512293880403
146.7887782809318,146.48490727185217,5.770536331751154,0.0,3.4164232372365744,3.4164232375086168,3.416423237482584,3.416423237550768,3.416423236748195,0.0,193.56023230511227,19.053655376356144,20.17550324164585
147.60506687881866,142.72005308034068,0.453435164685151,0.0,3.372146663347924,3.3721466638425266,3.3721466635358546,3.372146663578444,3.3721466632959283,0.0,187.83614310473303,14.750984220147908,19.882852085921648
151.6854519618656,152.33572921040528,0.0,0.0,3.6237068318349537,3.6237068323278607,3.6237068320051176,3.623706832168864,3.6237068320193084,0.0,183.31454803813415,5.9849581888222625,21.393182518982762
175.32426021497915,179.43482417800203,0.0,5.918305005294094,3.576785838742464,3.574152971448709,3.6004242261607424,3.6872539643387205,3.494892583339444,1.0,165.34614525413562,37.76422662638113,21.116594248448624
168.75426631708888,169.49189621869013,0.6378775085099471,4.871337723522472,3.661178307097034,3.6611783076842523,3.6611783073946027,3.661178307046868,3.661178306882435,0.0,171.86673117197822,17.976667837498496,20.615828943107246
191.86593578837122,191.44424235533972,14.353224168648545,15.264146825316814,3.5675731314389973,3.567573132217389,3.567573132717401,3.567573134985489,3.567573127764129,0.0,170.08128359434778,26.212734631109065,20.728373017233753
178.0251461819966,180.27153108879992,9.27976171576957,13.255702633373215,3.747588756967397,3.747588757504748,3.747588757164088,3.747588757111528,3.7475887567984616,0.0,180.71187564700656,9.75373713473558,23.066499260194497
194.898546712966,193.80221892695653,6.552882510514074,11.847405817804399,3.739565348340509,3.735759814983444,3.7737321574445435,3.89923543482029,3.6211972391728153,1.0,157.61334266785065,34.03531571554393,22.656058894621026
205.0508267245292,204.71044382978516,0.0,13.759224909319284,3.7478744659330925,3.747874467359172,3.7478744663041423,3.747874466217048,3.7478744654269547,0.0,143.0165741689354,31.273939791257565,22.79724932440082
207.96721081938784,209.77260437949343,11.276670067643533,18.090534325515538,3.667417881081004,3.667417882289513,3.6674178813226392,3.667417881016403,3.667417880645313,0.0,156.33442167241606,16.93559610186632,21.788635733146148
206.08257307027642,216.50941971264936,0.599273934347552,13.559895025306895,3.6326762819289975,3.631789253387843,3.640640202165167,3.669893679682857,3.605085933678232,1.0,141.83703145203458,43.768981468824606,21.572066556746286
194.309701541683,201.55134235015512,0.0,5.398720763967033,3.8254688642015577,3.8254688649247477,3.8254688645897255,3.8254688646359187,3.8254688637111043,0.0,145.81713084355215,27.577821517050964,21.80838293254116
192.35733467108918,191.64304078519328,0.0,9.448400441426196,3.760528968110906,3.755818610897618,3.802819456407053,3.95816305029858,3.6140170378377574,1.0,152.245421568403,41.24444713785312,22.294751888693018
173.9690067084016,169.23407866782063,0.0,4.092537534800508,3.4995957576661185,3.499595758101928,3.4995957578663486,3.499595757883155,3.499595757081963,0.0,165.11991752165198,30.14526740503687,19.921207487417867
184.8622566632505,188.01136747010494,0.0,5.482283018262403e-16,3.7543656045643603,3.7543656050154293,3.7543656048402023,3.7543656048181755,3.7543656041853883,0.0,150.13774333674945,25.118289281043587,21.47794814298666
173.4987987924668,175.12013753479783,0.0,0.0,3.5963810330300596,3.593331661232254,3.6237588776256873,3.7243245815613095,3.5015327349865175,1.0,161.50120120753317,38.83574094158675,20.666389831833587
156.20177923101895,152.090286390076,0.0,0.0,3.608420088288381,3.608420088697899,3.6084200884288298,3.6084200884127524,3.6084200881597766,0.0,178.7982207689809,17.611556734029143,20.857561686914078
151.88663411040932,144.1048802523497,8.740523315704932,0.0,3.4820327568199843,3.480077705105438,3.4995855867878674,3.5640615418753514,3.4212224166337,1.0,191.72257675005505,27.859231065061024,20.252673712582542
137.73801049622685,129.9191001778206,4.60576792855545,0.0,3.4690400171471314,3.469040017498697,3.469040017373603,3.469040017216513,3.4690400169303164,0.0,201.64076814091086,13.391981775474038,19.268085430839825
139.44332178028023,137.31511669844684,0.0,0.0,3.4293229294055796,3.429322929704583,3.429322929658398,3.429322929487841,3.429322929153832,0.0,195.55667821971966,18.219237898026467,20.214667256018938
135.68087336793303,134.07766128887428,10.115124801699286,0.0,3.4516068090073433,3.451606809350516,3.4516068092780667,3.451606809298689,3.451606808601517,0.0,211.13621795004718,11.940935150240865,19.67007311616371
133.03132934718838,131.5681965536749,6.671066040235222,0.0,3.313327831753258,3.3133278320429587,3.3133278319308435,3.3133278319542376,3.3133278315157093,0.0,208.8513926836051,12.092736131822033,18.30154259469617
130.40573709742256,126.30976063770039,0.0,0.0,3.3859065741406202,3.385906574261035,3.3859065742336933,3.3859065741678442,3.385906574061743,0.0,204.59426290257738,15.534590278407151,19.852630210873297
142.59900217724464,136.7778605008791,8.446519182538017,0.0,3.49350398011135,3.4935039805221204,3.4935039802866017,3.4935039803901753,3.493503980142254,0.0,201.43709425808774,3.43851773093015,19.784058491416953
151.7265225909533,155.5892848638553,12.150180745345619,0.0,3.4034833072003807,3.398342521199865,3.449638265592646,3.6191770290683865,3.2435832373897777,1.0,194.9702678132768,23.24598310878914,19.62513493442549
164.42396563212318,164.52112517119545,0.0,0.0,3.574753266979743,3.5728394283267955,3.5919360789752544,3.6550528651355574,3.5152248238525083,1.0,170.57603436787667,34.2308063214833,21.933320074577093
169.90112541935784,166.75307568472138,0.0,0.0,3.5200649663528703,3.517500278064078,3.5430912289744896,3.627672478867764,3.4402923671283205,1.0,165.09887458064208,37.99703980883525,21.57937419013474
172.4821365819365,167.5505908894595,10.462649623305168,2.774813195722032,3.833717745592903,3.8337177461636287,3.833717745787774,3.833717745877782,3.8337177455962297,0.0,175.57236092316617,6.174950385403784,21.730333628166857
187.4947939249413,184.85222541297756,2.802870718220015,10.360083436517536,3.715683296898664,3.7156832974355023,3.7156832971642193,3.715683297202123,3.7156832962391695,0.0,159.94426197578844,28.28506126940808,22.73089242835621
186.22899595885792,192.54343354877378,7.741107651972093,14.019582902890743,3.6378609205223147,3.637860921109732,3.637860920999343,3.63786092108524,3.637860919234177,0.0,170.49441345673046,29.133368719401393,22.162198954834437
177.46070514091718,189.97520138869743,15.014488857176216,14.44856704276632,3.6166627880358106,3.6166627887024583,3.61666278831293,3.616662788317506,3.616662787586861,0.0,188.26655802124122,11.081344766213357,21.58084746790457
213.98351103077042,219.6967036673498,20.346762916921353,20.034336106097697,3.7853764605801716,3.784563580496011,3.7354200351412867,3.602865704310467,3.6615680831162445,0.0,160.39747302472415,20.313740385851947,19.403681473765985
195.30611675058677,196.3179062791009,11.07015472361702,20.854444506744727,3.5582082583514123,3.55541685092611,3.5832700504269632,3.675328309496926,3.471383734598337,1.0,169.49883345569654,33.430662763867566,21.70286678736677
205.2399001991403,203.87663939632336,3.081142733626628,17.710551683439917,3.644886077042722,3.6409504760547766,3.6802206564814592,3.810013448158594,3.5224723224991252,1.0,150.56274475618616,37.88161675307703,22.222847099666186
211.1769077304412,208.61980008615325,8.994865158816761,19.068178222108223,3.7304286984980513,3.7264681176495107,3.7659875522653645,3.8966041607654875,3.6072379562581767,1.0,153.28930418494505,35.02576800101899,22.509956873878377
200.02793789358856,204.4956723654567,8.05365768773723,8.235471824482657,3.6846224774222534,3.679778893306097,3.728109102837217,3.88784640833889,3.533966628595161,1.0,149.53169641361475,29.523483981215737,21.904681622305507
186.93334397101196,194.08833423928226,4.397231945990814,12.62678500703044,3.541985327805222,3.5419853282767737,3.5419853284891603,3.5419853277101057,3.5419853268809214,0.0,164.40300514631397,26.928102661449678,20.106451425956717
189.29701676996672,185.23426396673102,15.173142348738864,4.059620744602818,3.655167820401737,3.6421402855660587,3.7721315211161293,4.20176859538202,3.2499566668419124,1.0,164.59558637983474,24.558180107746516,21.531023810186852
183.2403443146864,177.34783316987568,2.536886783474826,2.1415281948072007e-15,3.6811681922811967,3.6743620297694988,3.742275219506009,3.9667366910929576,3.4694679053748674,1.0,154.13656660081398,35.273511756075784,20.91092760635171
173.627554121068,172.83532897130203,6.836904942823546,0.0,3.6747100467988116,3.673325948447884,3.6871367516164817,3.7327831601040184,3.6316587469296397,1.0,168.72461491436655,31.13759603989307,22.585931028363014
158.578280787313,156.37186009315025,0.0,0.0,3.6482309160723774,3.6482309172441445,3.6482309160978486,3.6482309167720475,3.6482309169062344,0.0,176.421719212687,3.142660894230901e-07,20.42687695017721
157.70631939063014,151.18055593439055,0.0,0.0,3.72641443784731,3.7264144387311386,3.726414438007749,3.72641443816293,3.7264144380871453,0.0,177.2936806093698,7.67364543268567,22.297091217878005
146.20018025329253,141.0171857857803,0.0,0.0,3.5079909440628922,3.507990945582935,3.5079909441151518,3.507990944766829,3.5079909449458144,0.0,188.79981974670727,6.599623696928975e-08,20.59745233533759
145.53016793957403,144.62181727151142,11.261077223122086,0.0,3.406994245591763,3.406994246011912,3.4069942458031557,3.406994245678808,3.406994245444766,0.0,202.44563474970653,3.647787719094954,20.0611528471613
137.99615682725928,140.14436317285916,4.463069227539744,0.0,3.4470049376901684,3.4470049379584857,3.4470049380067325,3.447004937976309,3.4470049370338685,0.0,201.94359868062557,22.10301126153447,19.42778308345796
136.56471709782448,143.0693256833839,13.661059905081505,0.0,3.289614794446544,3.289614794787445,3.2896147946389105,3.2896147946226266,3.289614794274477,0.0,210.79401316645914,4.537878714605291,18.22275981356766
142.98275960746028,137.18778699739894,6.4451785807308415,0.0,3.5188428618349423,3.5188428621674426,3.518842862050717,3.518842861814133,3.51884286162378,0.0,198.27360067915964,8.384831423882272,19.623847703496377
148.36293936624455,147.23782112339885,15.282420625944287,0.0,3.2316788944711674,3.2303377354588307,3.2437200804728303,3.2879503806646375,3.1899631932252275,1.0,202.49188293452937,20.825626663718772,17.614818603107654
134.87005813786365,124.63855392675187,10.734418366662922,0.0,3.4888408616290976,3.488840862565585,3.488840862062048,3.48884086207433,3.4888408615685838,0.0,213.16031753456554,1.253915405619614e-07,18.72544430260732
156.64043091105393,161.40485936681682,11.983723805170593,0.0,3.4665309169561933,3.459694343654381,3.527910977228417,3.7533753675009347,3.253884729497213,1.0,190.49310009751827,23.85148969289832,20.10004223722177
170.8423005409456,173.36900384820828,13.501872627128174,0.0,3.6332611078741595,3.6262944419190046,3.6958091649917173,3.9255639010223757,3.416568491263589,1.0,176.93612895138386,24.50432314824017,20.84249281905207
166.22190052657604,164.57355235709946,14.886281661704807,3.241083160040328,3.550388894554632,3.541892725029227,3.6266691256877697,3.906865589194019,3.2861222863781188,1.0,186.1826251700275,24.45586949061873,22.320652725754222
175.04287039107842,175.84335461533848,23.825872881030698,6.332982337338543,3.5358961990722757,3.5358961994181977,3.5358961995308276,3.5358961991020816,3.5358961982373827,0.0,189.15980742710158,6.405311061498145,19.95972900774581
186.58206237761107,184.44783155053577,10.840104492826395,12.847300267332102,3.7772877000867684,3.777287700625712,3.777287700338405,3.777287700165112,3.7772876998355955,0.0,172.7678702888225,11.260121097233416,21.89815283764923
191.99710013969747,190.2679971456598,0.8240107892576282,17.50124927639257,3.6426513502128732,3.6426513507794804,3.6426513506369242,3.6426513504901226,3.6426513492457477,0.0,160.41984921385716,32.90873614551026,21.108264561851882
201.31120452599154,204.25840769898204,5.630696066206658,10.32039161440197,3.755525636237067,3.7502103784400065,3.8032470372790455,3.9785397390145096,3.5901987539826217,1.0,150.35099857389463,32.19021394455993,22.85315700538104
204.26132806013138,207.68300002669446,19.199606994318255,11.391667110958293,3.7956486654039225,3.7956486661690847,3.79564866577678,3.795648665873041,3.795648664820571,0.0,162.86142617673892,10.520059767657179,22.35809627287357
198.10067866372862,193.03633202977161,12.016647207556279,16.39123146174176,3.61335444197548,3.6125145894620085,3.620894805263297,3.6485924510773753,3.5872314721598952,1.0,163.46987997855558,33.424901588542525,20.484840178103628
197.02765051868508,192.7901777859697,7.291726649794995,14.746405296399532,3.5944974550107442,3.594497455772589,3.594497455598546,3.5944974554473546,3.5944974535566017,0.0,160.72837016977977,30.64653634636822,20.16157862233677
202.2058651454847,199.41802132871953,7.012886201256879,11.327065504551783,3.885005907744693,3.8802926529846316,3.927322412455002,4.0827615706953635,3.738403845637525,1.0,151.40070915634098,35.54826024452592,23.793342545867105
185.15127663886318,174.98728153089377,15.701158355990904,10.425693423315868,3.7356647755773986,3.7356647760552786,3.7356647758238255,3.735664775729682,3.7356647753712453,0.0,176.29682537884932,7.854451512980654,22.958576047596935
194.09269087856092,194.86489525922582,8.342831475156869,4.050707876372431,3.728502158543041,3.7216757000543454,3.789791407515865,4.014922225128051,3.5161705793016655,1.0,152.3784223620113,33.18595419071498,21.42162298474694
183.668287061755,181.78196214632106,1.365597018297545,1.5926264573337665e-15,3.9712178135980762,3.9712178142538415,3.9712178138489174,3.971217813911751,3.9712178133259126,0.0,152.75948893865552,23.361282898678823,22.86995278476209
168.58151929588797,169.81252999493665,25.40078574638815,0.0,3.5884607513855156,3.580159815207969,3.6629881419326176,3.9367459805003477,3.3302667158646306,1.0,190.19591716637987,12.714343766868433,20.70292380765232
162.1649563031267,167.90858786727657,12.570344686959539,0.0,3.6755244756845142,3.6755244761153794,3.6755244759156414,3.675524475749566,3.6755244753364553,0.0,185.37500166164088,11.235048657898957,21.230371539284107
166.52122640662694,168.18544082821438,11.43307496961534,0.0,3.626323614002809,3.6263236146479545,3.6263236141312403,3.626323614062051,3.626323613894715,0.0,180.9681071290358,3.4166147667816587,20.635169258115262
153.96166055595884,146.87751731195476,20.870028421925973,0.0,3.6166402888238154,3.6166402892748395,3.616640289208139,3.616640289373531,3.6166402881263657,0.0,205.27664448611003,3.8043752547573506,19.821601194730665
138.87722487210905,142.50024547568026,4.750413314958944,0.0,3.2851555757640227,3.2851555758550406,3.2851555759666673,3.285155576094543,3.285155575258488,0.0,200.23091756523743,27.956199379786696,18.884666059176013
149.81539986350384,148.75084534756613,17.77046971445128,0.0,3.5171845431391207,3.5171845432468287,3.5171845432035407,3.517184543226934,3.517184543075504,0.0,204.6852227397767,9.223944225300556e-09,20.32111945949214
144.41388517069737,146.0999607534661,10.695512268954115,0.0,3.440385255767771,3.440385255892408,3.4403852558058037,3.4403852557948285,3.440385255773364,0.0,201.81630139999348,5.6189975586974375e-09,19.93919082507057
137.93501986928803,140.25790997852158,17.373741642062946,0.0,3.375822174929523,3.375822175101935,3.3758221756978632,3.37582217685523,3.3758221728115445,0.0,217.49496940445462,11.554311621133168,19.78570088796434
173.31380363985085,174.02149306597633,8.546057441421922,0.0,3.7075881756836786,3.707588176254624,3.7075881761967127,3.7075881756363054,3.707588174997947,0.0,170.508553338512,19.290540005420073,20.97503973548733
140.41045408549644,147.77527292348086,20.19177563458821,0.0,3.2499889891095366,3.2499889885970172,3.249988995035314,3.2499890159273814,3.2499889687181436,1.0,212.57172501468696,18.843717679910345,17.842916747286164
154.63265673649903,149.30401739311267,16.883211955682437,0.0,3.349848331881701,3.343298439840838,3.408654512973438,3.6246643963575775,3.146119138335465,1.0,198.18339630788012,21.831699110697137,18.42778642955367
160.9217909168542,155.08772813649446,22.935487018376406,0.0,3.4587729645314624,3.4455858412283527,3.5771694773637313,4.012069627922757,3.0485979517650725,1.0,198.41594458522536,9.090976725386524,21.581969743730266
184.3673944158965,194.6168858449198,18.880662219301627,4.149740346173541,3.644531627297168,3.64453162790782,3.644531627994484,3.6445316292150443,3.6445316251593187,0.0,172.07253422275664,19.89474013497338,21.779517717680996
184.53658615625025,185.75021751742534,8.817486818891485,6.8094458018516875,3.8120998212950483,3.812099822177642,3.8120998216010555,3.8120998214065707,3.812099821012646,0.0,166.56128370874592,15.21202324594306,23.415228070489714
192.52962475816423,196.08575974915053,29.26618586917462,16.131464317611055,3.759863428435941,3.7537050788758943,3.8151542863336454,4.018251502005219,3.5683127849641805,1.0,188.52863658943167,7.8171416829545635,22.141065608745254
207.02425164550078,203.96497708616846,8.933638002853055,14.421506330552983,3.9210936552829914,3.9210936561193916,3.9210936556470326,3.9210936550176636,3.9210936544490465,0.0,150.9600596932942,22.362009926793455,22.530068186464554
215.8409767946466,214.9086819109362,36.28284030924172,16.412818121858386,3.8126102078251365,3.8126102090132896,3.8126102108517377,3.8126102091515985,3.812610202499727,0.0,170.73159228271538,7.936966758749387,21.57623347139265
220.59214640818772,205.7014971524989,20.22562914742391,20.150112160534086,4.006573459448271,4.005825115776344,3.9605830594267895,3.838552177906517,3.8925942016913964,0.0,155.70659687860328,12.20590739675798,20.685087309957243
192.34549369161303,198.59035492830895,13.368814579295101,13.415413951506471,3.637531001857285,3.6375310025822807,3.6375310022127927,3.6375310022848875,3.637531000922646,0.0,173.02246210342042,20.252209461445815,20.302543899209567
215.89487571407278,217.8874060003869,21.271291838494047,9.44979086598931,3.8258209735618167,3.8179434816279088,3.89654661162013,4.15633965840001,3.5807977981174424,1.0,149.0662283684447,19.546040012986474,23.91645174139424
198.35684736384457,191.13519592435253,25.075105193595494,7.140933725802715,3.7674228041457054,3.7674228045013507,3.767422806185819,3.767422811282481,3.767422797570532,0.0,167.8830968797484,15.117195121936442,21.70172172326219
205.2124254137286,202.35425019928934,28.648936901215244,10.238713795688927,3.6859688089468396,3.663872821579472,3.8843507925179437,4.613057690358303,2.9986906866663725,1.0,170.8404942275211,10.935973389399328,23.472131538272496
188.7790029474809,193.6086136260449,17.26982631386601,4.0988800975128,3.693278567260484,3.6839775050313572,3.776785284762026,4.083526448825343,3.403976390015121,1.0,168.37829168771225,16.78129414965683,21.488773866010145
183.3266643846377,187.14432997232143,6.944969011927704,1.0069008597583085e-15,3.799465412949983,3.793901822367736,3.849416392286437,4.032898894986372,3.6264143395744024,1.0,159.71971912172114,31.43907979915931,21.964733253850834
181.80310017069297,179.71226126858897,11.770863941774,0.0,3.566182636442481,3.5659794331352974,3.568007037479264,3.5747085190739813,3.5598621489899016,1.0,165.55307220509943,26.575793770713346,20.690624411595337
169.60316659360626,159.77469212909108,34.42679581697328,0.0,3.52584345808298,3.5158692944235543,3.61539339960257,3.944332846917115,3.215605025484989,1.0,197.94718931396946,7.680772611606707,22.12376030648037
175.60933260161784,174.72299932611557,16.569207767542462,0.0,3.6778938158504326,3.677893816383037,3.677893816092924,3.677893816116209,3.6778938154174097,0.0,178.02125027146297,7.006175599136663,21.550116393392223
151.56334459314394,149.1194282087627,12.523495571425471,0.0,3.7057234490477744,3.705723449345487,3.705723449190799,3.705723449201145,3.705723448976569,0.0,195.41706499759454,1.8686540568986383,20.584105732296702
139.12959277548805,142.16913022096887,9.765058528298248,0.0,3.4858034752963776,3.485803476086053,3.4858034757377903,3.4858034755525176,3.485803475210592,0.0,205.9861352965748,2.994114664871855e-07,18.98188770834833
133.80859018555958,124.55668660111844,18.036980893780406,0.0,3.441547668600667,3.4415476686618853,3.4415476690118036,3.441547669627653,3.4415476674773915,0.0,220.82443878848846,12.372214792543415,20.57641918678105
147.70611386279208,141.01096824991765,22.49826491778158,0.0,3.495244397790555,3.4952443979375634,3.4952443978724386,3.495244397860584,3.495244397702878,0.0,208.54122410959394,8.378814617927478e-09,20.527175450325796
142.32137791283685,142.71929931860973,22.077353094612203,0.0,3.318667706683684,3.30951785404769,3.400816829893645,3.7025712085495415,3.034068802993985,1.0,216.49917493442751,13.174532177224133,19.896872388071536
148.8437460757993,149.62349595478042,27.099191608147457,0.0,3.375726216909895,3.3757262170040394,3.375726216993574,3.3757262169634044,3.3757262167428963,0.0,213.48442136506713,2.5221548693242195e-08,19.31345688566312
157.27707997723383,167.43615430095707,22.99619651751009,0.0,3.6489743335062927,3.648974333824445,3.648974334327863,3.6489743353984,3.648974331329805,0.0,200.70355998766962,10.306854638058333,20.835726132620998
159.58437263064047,164.0252914982206,25.132001545732656,0.0,3.2999361826209435,3.295846356882571,3.336655421389632,3.471534413699101,3.1727253902733,1.0,198.99929212944167,12.478837386539682,18.850896584157383
161.94962988230114,170.63300475566146,19.35783578756335,0.0,3.4944410302065654,3.49444103055516,3.494441030603808,3.4944410307389937,3.494441029019703,0.0,193.98108420038528,12.800851085942236,19.284869110015652
169.8356326929526,175.64197031752101,17.548635418115808,5.344533124724277,3.571348766972134,3.571348767423984,3.5713487674910915,3.5713487680263967,3.5713487657334237,0.0,187.97954700813483,15.638777340535572,21.02257809358827
178.89835153661562,162.78256736575503,32.63178432767576,9.879078862218268,3.6763677448892174,3.676367745399359,3.6763677455294244,3.67636774584835,3.676367743359462,0.0,199.22581171529006,1.46402150316382,22.343948040275233
199.2139982086842,188.53506278288864,32.87002207415808,9.432511003516353,3.4457220840564524,3.429491148365528,3.59144651841356,4.126728999785205,2.9408717253688867,1.0,179.40007681808365,7.80765561037913,21.703043378447347
195.09561651419668,198.46431324300815,39.560500433483234,3.5161696882251894,3.803218770407968,3.803218770258189,3.8032187735519316,3.8032187841772247,3.8032187597129905,0.0,178.82952952591995,5.831634882627846,22.838366597377664
218.7403507380079,219.0209926595709,32.12256835061756,8.094121226754686,3.8197915880793043,3.8103991745890413,3.922852697672214,4.111991522921133,3.5598860333520475,1.0,155.10186308412645,13.34136810247029,22.07891390308184
215.27173692477442,215.01541772211573,29.105841579555555,20.763864584737725,3.7643986541427745,3.757449263446605,3.8030044208624805,3.9659802025857895,3.507310105825569,1.0,164.264244991094,20.563312738539736,20.532717049096004
218.13954084918058,221.67011826580259,26.07194709507029,14.169016180212134,3.82520362571103,3.821313218267096,3.8601325263670545,3.988435152425508,3.704195315350317,1.0,164.10716339543126,7.953090015735404,23.22865642542094
213.06699493819147,215.53699900028357,28.57445830853588,11.357064805314547,3.7904585648350344,3.790458565786721,3.7904585653299994,3.790458565768219,3.790458563781013,0.0,162.63229787902523,4.1328443244964905,22.71549096013631
187.72644476347756,205.0916497276542,31.64410931016007,9.314465941577346,3.592983488139479,3.5799937875194745,3.7096075052859785,4.13799683547263,3.1889491399533636,1.0,189.35991058505684,9.967032225484765,21.55398754163678
187.05613454430866,188.41902906631802,28.036236202827883,7.308428125400405,3.677692726008765,3.6776927267160646,3.677692726618641,3.6776927272362934,3.677692724537624,0.0,184.15329532728924,7.463920748558572,21.953877055323183
188.738609237622,188.2454438429085,25.570509597300163,5.718507117023724,3.5176434046467393,3.5129125445938403,3.5601179726231584,3.716137736702345,3.3704937455552937,1.0,175.97898396341338,15.239113932155698,20.891640254691538
173.61331133530138,167.3557157374859,18.826788161711065,1.4074614834719517e-15,3.743499242759613,3.7434992436365686,3.743499243019635,3.7434992429777423,3.743499242585589,0.0,180.41549398785185,0.5152700691988513,21.683168166930642
165.77705251113176,163.45090813453547,23.47585769403155,0.0,3.6255746094124652,3.6255746097845782,3.625574609711084,3.6255746097460753,3.625574608961703,0.0,190.72264925998934,2.8520042592030674,21.90279712759981
163.61993959131078,158.75665570594742,30.131660874717713,0.0,3.510185861513915,3.510185861718054,3.510185861679282,3.5101858616432895,3.510185861214079,0.0,200.7600770899842,2.496842665122485e-08,19.487448268012557
159.4106863629328,166.87198063644863,37.87055080253725,0.0,3.369530877254363,3.359578806299092,3.4588824666466915,3.787093316370642,3.0599796194840048,1.0,213.6311194824118,3.3662088569378795e-09,19.483322751247783
161.46607490397227,158.20189349761898,32.16562731168184,0.0,3.3941205648335164,3.385348180908516,3.472880699506325,3.762186473432379,3.1212625338586535,1.0,209.91405113409385,1.7792174082573868e-08,19.42082975878537
136.14112691697133,137.1480427709271,20.886628577265583,0.0,3.229545732548453,3.226195933894451,3.259620865745971,3.3700943881938215,3.125352899141571,1.0,218.9203324072019,15.780190088790857,18.721307166992787
135.77608205089228,137.10385781952195,33.24917410510169,0.0,3.1936929569380483,3.1824177977161834,3.2949234854663856,3.6667686639136123,2.8429880884673024,1.0,233.89578878397327,0.34157776511906596,18.664536894208233
129.0289361966838,132.2536814456802,39.55022047811305,0.0,2.8837915404523766,2.8559557113047402,3.1337069167154734,4.051708919465543,2.017980203179435,1.0,245.70696190967584,5.365435023100751e-09,17.13000719453237
142.19754867043636,134.64283812516905,36.34007482570815,0.0,3.2626025024577574,3.2241282211482094,3.6080319289789053,4.876881049886766,2.06589056686162,1.0,231.5816560348926,1.01680403321529e-08,21.492477352210944
145.7923912353883,153.49754717740302,35.08196614698519,0.0,3.254646008104477,3.2427956232708395,3.3610410221870097,3.7518566548570145,2.8860492024840534,1.0,223.600084153455,1.332468362190818,19.574440655150912
167.51261187256108,161.1406075470198,37.64252716262081,0.0,3.5929013083844414,3.568505377026739,3.8119326276386998,4.616489726142368,2.834085255353726,1.0,204.06598731616828,2.624986523939172,22.530178389245147
153.3178895447213,146.50234632509716,36.544862635620994,0.0,3.259973788640758,3.2599737887176032,3.2599737888561156,3.2599737891868936,3.2599737880220045,0.0,216.66291576669704,6.837338617068052e-09,18.269878634174187
164.7593318426684,166.93842979720904,18.00698554103157,0.0,3.5665162721566093,3.566516272570782,3.56651627266526,3.5665162730640994,3.5665162710425977,0.0,190.03296084955502,9.418177953532387,20.675058264814204
191.1781581185631,182.58695009968525,32.16693633939506,5.70924210970352,3.781007812677067,3.7810078128801767,3.781007814319023,3.781007819433013,3.7810078071577764,0.0,178.2290420689355,11.520384603829887,22.444017481621
193.80632443326007,187.04063216161563,37.92773138740336,8.743384810698434,3.663874512074017,3.6529996002797556,3.761511543368211,4.120156901865099,3.3256190209717773,1.0,183.61357265986643,5.999490013326611,21.48185491844026
190.38754309828474,186.67252173311178,41.44545883063761,13.797553661375062,3.561810404934702,3.552579491242343,3.644687307238091,3.9491150021708084,3.2746901705788223,1.0,194.5274879572794,7.106275758977857,20.983256730283152
208.05703013905136,210.01330380758202,43.78380045581995,14.355928108259675,3.6676464570781486,3.661165221447969,3.725836227336819,3.9395818814699637,3.4660527672664574,1.0,183.56325026690797,2.5659211518605343,21.03173429078341
212.5755841570552,218.96218152376272,21.106155329377163,12.055172940410044,3.674729862966609,3.657711120920528,3.837744194369867,4.3332299166377375,3.162956520698284,1.0,155.7069554446264,21.03677462187836,22.76222684718726
202.5191797988278,195.97662445538137,20.037198588841395,17.588622684505957,3.4470508685021395,3.439454058224589,3.505564652177509,3.729124789950342,3.194080276050073,1.0,170.84366949923543,24.500131301972814,18.934998055741723
208.34890191276452,202.29557248109683,30.336423158452,11.549341510746212,3.686682746405325,3.6688770275485236,3.8465458987130488,4.433763431902603,3.132849961657444,1.0,170.5819508822965,11.41209203047882,23.204239140536238
206.94229037442926,216.70622950165736,30.781769341901562,18.179968777742904,3.643123020180305,3.6263799484665977,3.7934455094492083,4.345617802192532,3.1223430770509606,1.0,181.54300335210272,6.91362137432237,21.742581908136945
216.35881201617286,214.30537943611768,38.615845182104934,6.500803399717557,3.9172402093888694,3.909785018495578,3.984174407472172,4.230040540222096,3.685352168751458,1.0,163.45178692816444,1.5631949029964316,23.760934805259147
201.09892635856616,206.03572233031727,31.301685766115227,9.509605187001537,3.686164369347806,3.6695941558266476,3.83493490402497,4.381406477470801,3.1707610458788684,1.0,175.71391046990937,6.443420294538292,22.30742218320598
183.93772703925214,184.13103338937393,42.47804200658799,5.583546875422858,3.3776496715673177,3.359121892565386,3.5439956017626084,4.155026021529213,2.8013578306560505,1.0,196.2784835717326,4.113048480292436e-09,20.18343491000142
178.86512304961275,176.09432344472114,29.932871787006682,2.6045636311246088e-15,3.6265563706424286,3.62655637104905,3.626556371723096,3.6265563744133993,3.626556367298328,0.0,191.9713053504503,6.915024286551419e-08,22.12982451424256
178.85926057372242,183.96445276231938,40.842607157047794,0.0,3.6587646933852613,3.6578967023341846,3.666557693194749,3.6951833279539055,3.6317664893242187,1.0,196.14073942627758,0.0522919043363429,21.28991484749407
171.91808300799516,169.2279454380905,29.756759963394945,0.0,3.626868912666671,3.6210501597552285,3.679110787528487,3.871008326217647,3.445881219326532,1.0,195.4291969013691,5.863964137949371,22.54226587064015
155.8555890425087,154.81540928181124,34.88662463764509,0.0,3.4401035447829083,3.425131402628894,3.5745262889270037,4.0682948212406815,2.9744069653786895,1.0,215.8679427630013,3.4398372262588195e-09,19.74678987913227
164.53476724694815,162.99188410575456,18.35643512639582,0.0,3.56584081523594,3.5658408156939867,3.5658408154455605,3.5658408152420624,3.5658408149331193,0.0,188.01231390514002,4.509275359694513,19.664866874646936
158.9735651058363,159.07835653565263,31.449881443563235,0.0,3.351060225844351,3.316901729126184,3.657741718230743,4.78425993622265,2.2885873322061654,1.0,213.72069161760285,7.27239873687871e-09,22.282367081766953
145.5146044293485,144.9822026155234,30.73457770732184,0.0,3.228708797621753,3.2287087979935,3.228708798577503,3.2287087995365447,3.2287087948298123,0.0,223.56249897694795,3.293968607078579e-08,16.685233871542405
140.35955229880994,142.0936685057571,35.31829709920278,0.0,3.114734358697353,3.084241599279311,3.388504160745167,4.394129466491071,2.1662813187888177,1.0,232.40482613736572,5.271061949954331e-09,20.307596887242298
138.53447772388682,136.7880808759293,36.94333666470123,0.0,3.423856137974318,3.4238561376203216,3.423856143235351,3.423856160991199,3.4238561201297006,0.0,231.6544584392158,1.2643495859614293,20.379023295932612
151.0206374431199,144.1947218569582,26.800698694993084,0.0,3.2202531090212343,3.214500854020134,3.271897953291817,3.461602446984367,3.041333779202709,1.0,210.9667414148116,13.242920571625952,18.376599046027017
130.18851550691983,132.75598235974957,37.4970537032473,0.0,2.8544339644866246,2.777775570837717,3.542687619698754,6.070816320040334,0.4700355868030723,1.0,243.71074892623898,5.762724388079252e-10,20.70437775097884
159.03464518613987,163.13715887352217,35.940858700653386,0.0,3.319783942412728,3.3197839426923186,3.319783942950398,3.31978394302474,3.3197839410843653,0.0,208.83894744130353,0.9096183607986983,17.43152204567461
167.09007868066467,172.29221143114805,41.453460273263936,0.0,3.252744106109556,3.225603752748252,3.496415369390893,4.3914811762301245,2.4085649866960237,1.0,207.9099213193353,4.543493880232602e-09,20.70350689225485
174.0459455682976,178.6316466789813,34.37529605741998,5.648029011818273,3.4701704511020046,3.470170452089203,3.4701704536248035,3.470170458298879,3.4701704439993803,0.0,199.88052660987128,3.2844083321888676e-07,19.01504171528492
189.32973061330154,190.13715835536647,47.695528375728514,9.392760398289253,3.3942551358916284,3.376786981743089,3.551087551667939,4.1271724405818935,2.8509220861447693,1.0,195.05532763847393,4.769828140866437,21.40531530456305
192.92301271423602,191.55244038440392,37.787596676412,13.346093988377865,3.537832198082561,3.5287962640156723,3.618958537593792,3.9169559759452697,3.256776644433826,1.0,194.37164435382851,4.041647064314739,20.44168781002567
208.56499196759708,210.09299344237482,14.889227767687927,13.030929035441059,3.6909295726511977,3.684394499935301,3.749602706191063,3.9651238743032473,3.487661310745639,1.0,157.59390103652592,25.249263784936886,23.296737548761648
202.6723735175303,204.46754547846527,25.45161710125074,19.057182146877288,3.472860202970708,3.4728602038467242,3.4728602095748577,3.4728602277663696,3.4728601781560577,0.0,180.29735583871707,14.419896783161587,19.130287184451035
221.16497105157137,222.0979784429882,40.79361663496651,13.998482575405685,3.8307501530768735,3.8236232761071904,3.8947366191596444,4.12977499385914,3.6090742847835644,1.0,163.9073108543807,6.126792314611547,22.978185518665203
214.18827172867114,216.55080302924887,16.47703973952754,21.066644410044308,3.5894254919085737,3.583601994132268,3.6417099724046427,3.8337640118479634,3.408290193919583,1.0,160.716999056664,25.842147523560204,20.121228934563646
207.76960810906618,202.83445634376858,27.87956899936646,11.313277273563918,3.8619399150849927,3.8517888404335836,3.953078205436491,4.287852055280895,3.5461987785974816,1.0,167.93816077958547,15.579856913384576,24.10320561380858
185.4552984370245,185.87393728641666,32.86701727928076,17.16935732320457,3.3787072937679796,3.3704236982989695,3.4530790029291363,3.7262649832879866,3.1210526032672163,1.0,198.9736419094009,9.385496530785797,20.075951109805754
205.7396970997268,203.67437665144988,37.15071510506521,11.755901804659093,3.9355123298496735,3.930912888269935,3.976806995192031,4.128492681094533,3.7924503464649097,1.0,178.40931030407444,4.2888137906933865,24.456204536227812
195.1716539937216,192.4546893009292,23.558067308271866,3.612478448284948,3.6489119720110623,3.632790342996104,3.793655039552638,4.325332709698957,3.1474614792171254,1.0,170.86665843836735,11.785869136629463,22.912404771888447
194.2961828302246,203.32361676981347,31.103041946352835,2.3972995611292984e-15,3.732523179383729,3.7325231798300655,3.7325231797401055,3.7325231795148737,3.732523178612926,0.0,171.40738023407098,3.0060680358113845,22.78611259583227
192.41750961575548,186.7510231780512,44.58014197006592,0.0,3.769917359715759,3.7502519290652465,3.946477344234509,4.595026553416296,3.1582397646217997,1.0,182.5824903842446,1.9412110676282342e-08,22.787128482471143
168.8412523372254,172.90242804354705,40.34347298242133,0.0,3.3341904905511957,3.2811894126056838,3.810044266978977,5.557974805267694,1.6856340883253973,1.0,206.15874766277466,8.720405585816529e-09,22.47686372697034
166.99251290975167,172.13846146823948,18.65119217590136,0.0,3.3300050463339868,3.3215822959659294,3.4056261088039377,3.6834012800542735,3.0680220739797504,1.0,186.63575999982214,18.038863377682105,20.008606772872067
145.84448454854837,147.8227503520104,18.7858393689834,0.0,3.209030196444512,3.209030196645067,3.2090301973936937,3.209030199194919,3.209030193621103,0.0,207.9737324375665,14.238516707189842,17.865264028231163
150.64776472181853,152.75460202837013,23.71500101757646,0.0,3.2711606976387206,3.271160697918972,3.271160703309022,3.271160719307363,3.271160679521665,0.0,208.86083912094267,9.110385953677488,18.825887783422356
141.03022773675767,138.20531782518927,14.929603293647764,0.0,3.332007903358971,3.3320079037011086,3.3320079035826558,3.3320079034210726,3.332007903110272,0.0,210.91996776106427,2.4527680772002443,18.34874960744958
146.84125041736735,144.66003302784145,29.88602805999388,0.0,3.3917055102884976,3.3917055105878977,3.39170551116957,3.3917055128227327,3.391705507648902,0.0,218.0094167210611,3.7152875943708934,19.28925880678638
142.18991907193043,134.98315036599706,32.06932340193272,0.0,3.2326554348327687,3.2295225835199917,3.260782771478307,3.364101549416617,3.135210582585592,1.0,224.5528488231121,4.879149902587444,17.073809315226864
137.59138936454426,133.2743355196274,25.201664475163884,0.0,3.349452383564702,3.342171168997323,3.414824518058946,3.6549527990437,3.122975982338961,1.0,223.67581281423077,11.550953979296617,18.581621136106946
149.7896659911979,141.4416488468742,25.190114506715165,0.0,3.316574324648325,3.31657432482836,3.3165743247553876,3.3165743247437858,3.3165743244598365,0.0,210.0937993866798,6.023303400324269e-09,17.34986794476797
152.58682422848318,152.06594483819228,34.86901392104876,0.0,3.348919765909125,3.3429679827957375,3.4023560102186137,3.598640767821108,3.163794277544273,1.0,219.67825769963056,0.6860611063077816,19.09116365189799
174.9587417437705,174.1123973163509,24.01106199521924,0.0,3.67555243900796,3.6755524396030133,3.6755524393029133,3.675552439295608,3.6755524384494493,0.0,185.8310102876626,2.4144652921094027,22.033627419490347
170.2671571440581,173.40505948353632,25.399883242617875,5.542644266761565,3.6245490548265713,3.624549055170858,3.6245490554043904,3.6245490559409244,3.6245490535080656,0.0,196.08202110894223,4.587562463603637,21.606636435724653
181.98630809678625,182.84164712349354,24.702870248113634,9.492033564389445,3.5980038676118773,3.5980038680389543,3.5980038680600215,3.598003868504324,3.5980038664196496,0.0,185.86793431613296,11.945145548360058,20.379338782884055
177.62142236333347,172.14131119450303,30.982386710205457,14.654384026925975,3.3926964338710413,3.390307817642774,3.4141418901387612,3.4929164364829415,3.3184004100828624,1.0,200.64193791404583,11.88547495926848,18.171413165452798
201.70646325828687,195.59843125039467,23.183449049062222,18.911066100423316,3.7056176484286567,3.6999579499134665,3.756431505488609,3.9430835748274258,3.5295772050428043,1.0,175.86976699004404,15.960283770327836,21.100887946139874
223.30929972761882,220.83476802429072,38.84001978362044,12.020081265358254,3.901125194194352,3.8894533168756245,4.04212390194561,4.193948129127488,3.6003849161682164,1.0,161.9528568202726,3.2372911522557266,23.099154119865766
204.8418199664083,205.6304390248033,19.577627311413988,19.845930797600484,3.4933735141893254,3.4810775737478292,3.6037688127312117,4.009278495025458,3.110918043298792,1.0,171.57431589767378,20.5235513681297,21.5867834170907
204.35005657855388,210.10279777152294,27.49506450057286,22.746216923966998,3.5365786896082922,3.527606695255992,3.6171309721176486,3.9130197532479456,3.257511908651694,1.0,177.0970951944622,15.655486769315003,20.854440116801296
209.74153213249676,212.03366721663593,25.93345685268,18.62261248697218,3.641573610579263,3.626369368059073,3.778080210277955,4.279503263662993,3.168657684711858,1.0,166.67557064250857,14.789085363785896,23.245431321427553
211.09974666085964,209.2585692885234,38.92724399523095,14.378664396258646,3.770323535571647,3.747944981799192,3.971242454113654,4.709268151616016,3.074256409833079,1.0,171.10286285502372,11.607979525709927,25.047641120693058
208.60684448956437,213.50758062087192,39.496012894956074,4.446605346425107,3.6983730543590103,3.684391283741793,3.823904056483824,4.285010984046748,3.2634811867724354,1.0,165.05245423253936,7.221257298407699,23.080287829864236
203.246670591256,197.8766721520804,19.7295160627075,5.7612149075564805,3.7804918249860098,3.7711294400004256,3.8645491072660105,4.173312634844342,3.4892822605918434,1.0,155.48791368976197,21.802236430449987,21.95166833471503
190.96277513498802,193.33155315093452,37.51337851706687,2.093074836318279e-15,3.8486032881200476,3.8361656469370886,3.960270801588042,4.370453650529903,3.46174034047362,1.0,181.09229631282187,1.462113657313906,23.070135293077936
174.84801693851048,177.74541355477666,25.73657022204332,0.0,3.561101357041055,3.5611013571404233,3.56110135806242,3.561101361103773,3.5611013537550837,0.0,187.40559985575536,7.992168368539719,21.523766132432574
159.8944661833184,163.39264431799725,21.504696479047034,0.0,3.4089078873922536,3.3990831663609624,3.497116109162892,3.821127079480312,3.10331773380033,1.0,197.93543147435963,12.343404704897127,19.952011816872126
156.64989151144144,154.8497054350906,20.369001709728604,0.0,3.4911204997389307,3.4911205001011685,3.4911205001970065,3.4911205000475265,3.49112049878523,0.0,199.75931347592282,9.110350230410159,19.31488741704009
163.9615794108118,168.96771570804324,29.612850262202763,0.0,3.5184691028632766,3.51338921093701,3.5640773467780003,3.7316078893577957,3.360463080790225,1.0,196.7576491057077,11.18818908176953,19.723771422084276
146.1643726738511,150.6461462899368,23.27989252299207,0.0,3.398335196293803,3.3983351965555033,3.398335196660723,3.3983351968060287,3.3983351955612697,0.0,210.16483702869346,6.448796692479848,18.765182054164665
134.32630078540885,132.80823664281624,34.62065486583133,0.0,3.16423725800706,3.164237258071208,3.1642372584256124,3.1642372591166525,3.1642372568133816,0.0,233.47430290882153,8.142928686423671e-09,17.875344012266556
138.45159574266364,137.91434727859948,21.8547766005389,0.0,3.1785998838915734,3.178599884206505,3.1785998862960607,3.178599891675623,3.178599876739776,0.0,219.22865334376826,9.159319747255138,17.282675340036118
136.51892435189475,135.42135215056976,21.615903043889432,0.0,3.4153266226177057,3.4132972211084267,3.433546982461668,3.500474939679508,3.3522036808863898,1.0,222.46627608339446,9.140230131657175,20.530490436590423
140.78532550369584,140.69289327348787,12.949949362842741,0.0,3.4477647302128718,3.4477647304211727,3.4477647308137223,3.4477647313757354,3.4477647286696174,0.0,207.0557068369548,17.466050896155313,20.591435653020977
159.81971345780093,163.29541840918762,21.477529371144016,0.0,3.5022479604734253,3.5022479605889396,3.502247960542648,3.5022479604950894,3.502247960381882,0.0,197.7250972953915,4.272271572409206e-08,19.728203508970278
151.57760131590382,144.26321244880933,24.96823096198034,0.0,3.2603349621907283,3.260334962417699,3.2603349650109488,3.2603349719523873,3.26033495320076,0.0,213.78218320942847,6.165481210800489,18.516059360961055
153.078405930348,160.13602838960824,12.126556178123952,0.0,3.5703315756667706,3.570331576152222,3.5703315759896297,3.5703315759901493,3.5703315751860294,0.0,196.12314188232335,9.82187189207841,20.04565358854902
179.46711234858662,187.42048468182733,27.08099067514402,5.773084277381292,3.5998035890682076,3.5841241078324226,3.7405769654365044,4.257672963100728,3.1121057649945523,1.0,188.90215992965273,11.490668630547153,23.321743978359756
192.4799368357816,203.1468429981657,25.855455913938467,8.473930540788388,3.6688508849994257,3.661158251049589,3.7379168255624107,3.991613385824051,3.4295775951426526,1.0,173.97556827456566,16.38401666790596,21.23714760363084
189.68634109138708,193.23005805413678,25.54975506250316,16.25261736278181,3.3153317786603385,3.3077554781581697,3.3833532521053713,3.633213220846786,3.0796769594887667,1.0,188.20166485732858,16.778256503518342,19.62403740757304
204.55270904067913,201.8482164599442,15.644363159899454,16.94159979391468,3.8592696815847534,3.859269682105817,3.8592696820499963,3.859269682084567,3.859269680028553,0.0,166.2492017521464,20.8635257089131,22.480343027490886
210.15009909810266,224.75207990255115,24.69299987742056,13.136864559455393,3.7663857021720433,3.750228007900029,3.9114525801402547,4.444319643269224,3.2638134160947714,1.0,163.80082318944991,17.770858789412987,24.655794710705624
222.11359072868305,217.7358946998548,8.414122635342626,15.438778853466484,3.8522964636418613,3.849428125446261,3.8516652057104364,3.872824092391419,3.7176775842099743,1.0,136.8590487581076,38.28194155552807,22.143117251357676
205.95820228245515,203.47961044429158,11.124500124918914,14.81157334440108,3.7135551743597195,3.713555175166353,3.7135551760753818,3.7135551802258537,3.713555168820536,0.0,157.52215068061898,28.173066929625318,20.920703725767005
218.05983507693333,213.26473098790254,19.634804650081353,16.76489913066653,3.9370339029451986,3.922118464582951,4.141985830047131,4.176524316248216,3.59534441370538,1.0,151.00610432089178,24.303404065582686,24.927742629187254
198.00091519663204,204.33390045406918,30.89449358447256,16.310156891502732,3.6165644497032035,3.616564450200317,3.616564450832418,3.616564449086108,3.616564448423594,0.0,179.77123897852047,4.9614349762253225,19.792987095290982
196.8491400937098,196.42188652033204,17.580084786101384,10.250520416110836,3.7701349354179765,3.7701349359422833,3.7701349359982754,3.77013493525753,3.7701349343240356,0.0,168.02786115909007,15.210589211176773,22.295906885054116
179.5101596519135,168.0490414930347,13.856664863781303,2.8389635687909722,3.591431400006195,3.591431400390411,3.5914314006760764,3.591431400099945,3.5914313987648465,0.0,172.25193775425936,21.481301166219417,21.82786860536053
168.64360346856208,170.3978151664868,29.68166307964989,2.1591220080163957e-15,3.536508788437892,3.526742449445246,3.6241928472967904,3.9462784364966024,3.2327345535682483,1.0,193.54384382755444,12.142524637596509,21.997659514238745
172.81695830590044,165.7827869349481,13.242942145103832,0.0,3.5568615892409796,3.54864070795093,3.630670231469709,3.9017879278945458,3.301157598350226,1.0,175.93092228804974,21.50484026658564,21.319892170015784
171.6402843450026,177.95550693933959,19.232456029795564,0.0,3.6941725336134827,3.694172533981415,3.6941725336690734,3.6941725337547684,3.6941725336248594,0.0,179.94315660577507,1.6606292050038985e-07,20.81281587316241
153.39855867299204,151.84820273341305,10.357127499545674,0.0,3.3785440507896545,3.378392252214959,3.3799069317947747,3.384913134203067,3.3738224615106884,1.0,192.06142516693646,28.260713026899374,17.87947145317966
156.60254941774286,150.8683038353805,25.48802357176115,0.0,3.407714564034441,3.4009599664628225,3.468358632436907,3.6911195375940298,3.1976181605698444,1.0,203.64964311278288,11.426573292146669,20.121441675229
155.89813957451074,157.81722481718313,18.508527082875293,0.0,3.490884743914029,3.4874370402619923,3.5218388876393614,3.6355412373006897,3.383646650513462,1.0,199.542654056219,15.65947120818134,19.29201759307347
135.1100873157006,128.16100208359285,7.944689391252478,0.0,3.4491845602340323,3.4491845605411124,3.4491845605695,3.449184560524874,3.4491845597689688,0.0,207.27936147851608,15.591352748178855,20.5230946612886
155.1789305056424,154.02421387663804,15.340150763386335,0.0,3.3666716010791875,3.366671601371981,3.3666716013950118,3.366671601254589,3.3666716005712285,0.0,195.69749470571094,7.534806152557744,19.469497416002806
145.2584690106031,140.76356680108105,11.668859937624303,0.0,3.403255470049592,3.4032554703927462,3.4032554703429123,3.403255470209584,3.4032554695389887,0.0,203.29696453121988,11.650324872349136,18.69628853291358
151.12574616636203,152.41458924180685,6.693680856919107,0.0,3.3705555813531567,3.3705555818004957,3.370555581514082,3.3705555815101205,3.3705555812724315,0.0,190.4138862616137,7.878044070558632,19.07002303892676
148.92461388177236,148.6069654463794,4.8388463162417805,0.0,3.5985244644944703,3.598524465020661,3.5985244646074204,3.598524464657638,3.5985244646235497,0.0,190.6988382669391,1.4197277744783818,20.92924590265026
170.5726041935054,176.80276312375327,6.0521335900486415,0.0,3.738939218726379,3.738939219336535,3.7389392190882957,3.7389392192079276,3.7389392181430408,0.0,170.23233797690747,20.531492626126834,21.945421799315948
183.86593463883048,182.6283888657743,15.4457251630163,0.0,3.6774934781070927,3.666388222757906,3.7771985824890795,4.143440494004666,3.3320733169259027,1.0,166.2049943575204,20.86298926576687,22.986525262723493
168.1895508121152,157.86966679139823,15.998642408466155,3.913362466060361,3.5763885447978483,3.5667021273388446,3.663355049455817,3.9828048818431303,3.2751002179768474,1.0,186.9408478649619,19.708632776488336,21.835542647872813
182.87676999962025,181.40475251733739,22.986232710182804,8.161373451060722,3.6217516011373596,3.6129244191858936,3.7010037308866237,3.992116724168911,3.3471890940584172,1.0,187.14605663946602,13.700668930665127,22.94903274544714
185.60375081381923,181.07592814371404,17.26394543086223,6.818742551210064,3.795519345704295,3.79551934625316,3.7955193473498303,3.7955193512174543,3.795519340825895,0.0,173.95030787141474,18.01245546678828,23.0196127896313
205.77948701683167,195.67095196766445,11.804432113653716,6.012989418784332,3.8263852452230696,3.8208025962701715,3.8765073357440074,4.060618373541137,3.6527413709272616,1.0,148.17406923200008,28.689815157484244,22.69726066711576
203.878739170164,198.31361686569872,12.70473875439275,15.997682528995107,3.7969606297194907,3.796960631083548,3.79696063000018,3.7969606297768324,3.796960629415005,0.0,160.09038074154546,13.093708883398161,23.416504669735723
205.73985405882672,206.28413547034708,3.7978869409697364,19.533811209340712,3.511618594387699,3.5107727328471783,3.5192129086679307,3.5471087306770244,3.4853087138861536,1.0,150.3729937852289,39.25529466138875,20.8138156520912
211.4306427843651,214.40169804356722,13.555182182220737,20.22628048170476,3.6559461348411877,3.6539095807622486,3.6742307112234887,3.741394553030774,3.59260071770373,1.0,159.50337622167618,29.301990861148997,20.231579714711422
208.25912140325892,204.35854532748004,9.152375300718843,9.719384657327712,3.9433175542666663,3.943317554895988,3.943317554542974,3.943317554498737,3.9433175537710974,0.0,146.06383656799312,19.544717010026535,24.09803883289053
222.8769588229888,217.37931257606084,16.08630065119334,13.639401523970648,3.855181519373512,3.8536260028343357,3.8691472658410992,3.9204469614658497,3.8067983360299276,1.0,139.87769810551904,25.443000802011305,23.590623097290003
204.29380083941237,202.4314226191965,20.14328057629804,10.689787395063501,3.824412023353192,3.8226779798733106,3.839980606164573,3.897167922761878,3.7704759447126777,1.0,162.01739184951023,20.130693428768215,22.97091954521239
180.93358902746607,188.6752951126299,18.74016556059865,6.21462459075169,3.4858152137954965,3.485815214094024,3.4858152148070487,3.4858152160268947,3.4858152110218845,0.0,177.88056296365716,20.09628699025828,19.33968599052379
185.15123195162656,168.01911199121318,11.044905715863583,1.9419033771793596e-15,3.681065745085715,3.6804974532647434,3.686167978639011,3.7049097647702585,3.663389475240233,1.0,160.58432494596184,26.217638853950387,20.63055420172437
187.51540202092156,198.8100520799913,13.071735475439757,0.0,3.81752055538221,3.8175205561537875,3.817520555680214,3.817520555936202,3.817520554747203,0.0,160.4898173344494,15.398910647995043,23.71897940218751
159.170512857466,162.1488766209391,13.792177160917278,0.0,3.45794349630315,3.453172564031824,3.500777837908457,3.6581191417945704,3.309547430704905,1.0,190.27363472919566,25.064096850653407,20.06048279115667
154.07204087406265,151.374175882317,33.19312418257391,0.0,3.3739747196384626,3.36332364762979,3.4696020739591806,3.8208653859222736,3.042681588701242,1.0,211.4559498856827,5.520233288831816,19.889734490879217
151.80103811853945,155.24871453424814,12.68408503471988,0.0,3.419433128179766,3.419433128649719,3.4194331283800814,3.4194331283623405,3.4194331279326464,0.0,197.00087603837642,7.042824867282526,18.49498011545484
158.0075258555726,152.63541304689005,8.731507490384535,0.0,3.3476862259063775,3.347686225900014,3.3476862272831482,3.347686231750746,3.347686221252196,0.0,185.7529953494965,28.7212893683914,19.60078405032129
151.54810467866574,157.70397404696266,6.026708232140171,0.0,3.4510028960402956,3.449242801366394,3.4668053647724837,3.524851803130499,3.3962565387102512,1.0,189.2543869396564,31.048805726393912,20.652318298527838
163.7106592618927,164.3390012861587,0.0,0.0,3.768959547645261,3.7689595482592093,3.768959547611106,3.7689595479394806,3.7689595479467686,0.0,171.289340738107,3.5824941234163217,21.186021189857954
161.06015904079686,152.1220897440744,12.896450397085514,0.0,3.639944158035162,3.6399441585981145,3.6399441581867054,3.6399441583225927,3.639944158000991,0.0,185.85199658596815,4.772452581656764,20.635399533868178
139.91298144703472,138.43098721878474,1.5449936823871404,0.0,3.45026613357362,3.4502661339235696,3.4502661336962905,3.4502661337406555,3.4502661336659544,0.0,196.62866589528412,4.642026600431938,20.723277585587276
151.747096554379,159.07837082126082,0.0,0.0,3.4601450845683464,3.460145084997352,3.4601450848534028,3.4601450846102915,3.4601450842198602,0.0,183.25290344562106,22.16803806346734,20.790564136087017
158.11816946232858,155.89917078243008,2.0610463007923836,0.0,3.586433216957055,3.5864332174179316,3.5864332170375413,3.586433217154794,3.5864332170219724,0.0,179.21583425868107,9.101873861687073,21.388574418990004
160.1729841284538,160.71951816630786,8.057018933946912,0.0,3.31899675576492,3.318649288024166,3.322116388824374,3.3335755845204904,3.3081890428567413,1.0,183.0213746991256,30.750675941954086,19.28341859985723
181.36741065243234,185.6593492673387,18.467075549967117,4.490744471457116,3.5857590915482382,3.5857590921553477,3.5857590918943116,3.5857590918521374,3.5857590910765293,0.0,175.824186484536,10.26543544259233,20.575951138874487
196.315563811178,200.442478555044,9.130130037126763,11.354235698132936,3.4857867671223652,3.4823238005116086,3.516877945700715,3.6310836595625937,3.378073927402245,1.0,158.99341646909846,31.51378941600965,20.577487108072457
189.40739102606926,192.33400366619048,8.066402412481025,11.450532845728787,3.6032370364693462,3.6032370366404347,3.6032370440221615,3.6032370433522782,3.603237023602432,0.0,165.5361254484265,30.79815659501795,21.133199304320033
204.9549699253368,197.31218224547095,9.456770980983764,12.403705953991274,3.6688816754461038,3.6688816764725996,3.668881676215383,3.668881677450665,3.6688816734340737,0.0,151.23689905374408,27.385790332190112,20.594610309702187
206.63387432733558,213.79554711825182,0.0,14.527736377977112,3.853444302249642,3.8534443030940553,3.8534443027962033,3.853444302563539,3.8534443008603385,0.0,143.7195247797019,37.60914117315524,24.00141808794356
215.76887775029587,223.02980594832982,1.0853005908980735,21.748670315448738,3.9125518425816295,3.912551845166419,3.9125518415723017,3.9125518381390685,3.9125518393738394,0.0,141.8287935685724,25.812752820357698,22.575879745731616
215.92304950872878,216.7679355329139,16.712233690698078,12.089238054181266,3.979822637713217,3.9704095682409792,4.064334975248298,4.374770033224271,3.6870365724836325,1.0,145.9841146664199,25.351668527171345,23.663820756426553
206.23428774324998,207.9698128266199,0.0,15.324503336121325,3.717854919616347,3.7178549227448245,3.717854919824256,3.7178549196775648,3.7178549195201316,0.0,144.4219327057321,27.45567806128167,22.838560308178604
188.33793472507898,189.224823023215,7.051304834686243,14.056558754109636,3.6891538211517467,3.689153822035439,3.6891538215529236,3.689153821028751,3.689153820753175,0.0,166.50365619088376,18.44987208881152,22.575148553633113
205.74625814301308,205.50087441971377,9.505636341540022,8.801178229836045,3.725191610466354,3.7251916114625674,3.725191611182927,3.7251916120776554,3.7251916083339385,0.0,146.72833625833817,32.18183274796062,22.85692210138605
201.96858646364842,202.12062625301922,15.97363098949976,4.021265730352184,3.9173334933007475,3.9173334939594793,3.91733349381457,3.917333494315681,3.917333492121092,0.0,153.14341331369877,15.446476510777893,23.11431136548009
187.50572664985532,193.19402434050116,0.0,1.1764119703552088e-15,3.8786492856684447,3.878649286434335,3.8786492856826134,3.878649285906136,3.8786492857600074,0.0,147.4942733501444,15.706897800269253,22.248874663883296
172.75278816830885,167.11460455735505,13.935681379409488,0.0,3.634829293908632,3.627917387806962,3.6968857064368534,3.9248345089943246,3.4198399392174235,1.0,175.89027552017308,26.39898102966141,22.66072662923725
160.83783418651808,158.00836739744594,0.0,0.0,3.662491234938332,3.662491235378988,3.6624912350897745,3.66249123508107,3.6624912348867484,0.0,174.16216581348198,14.94253063084034,20.90296759499062
162.88669566385386,155.35541674269862,4.384069379121952,0.0,3.767917259955884,3.7679172604960978,3.7679172601142086,3.767917260047669,3.7679172600297806,0.0,177.41609210080185,3.8045496427594876,21.632878325116575
158.3965345649292,155.38301825545486,4.469913086854385,0.0,3.6114831360431543,3.6114831364446736,3.6114831362307003,3.6114831362429722,3.611483135795962,0.0,181.1537729989742,17.458517066261194,20.84441308354587
146.3911590877593,148.09893570188345,1.7743637812618176,0.0,3.5449167279337774,3.5449167283724323,3.544916728120812,3.5449167280832317,3.5449167277982343,0.0,190.40683316170166,16.105241763487527,20.863170499267955
155.72765394671458,153.85570572953446,0.0,0.0,3.777330504472948,3.7773305049455836,3.777330504653901,3.7773305045378565,3.7773305044528906,0.0,179.27234605328522,12.543103519566806,21.04518404636665
152.72528927916017,157.13191015749115,6.652695662381895,0.0,3.4320312482623376,3.4320312486869096,3.432031249651822,3.432031252264918,3.432031244194147,0.0,188.5485143719087,30.701948200583985,20.123433186628017
142.65255025137918,138.61323098795222,13.99943632857062,0.0,3.281407377190237,3.2765091314769195,3.3253847612208527,3.4869247474353617,3.129051335113939,1.0,206.64000518610266,18.67291423372611,19.528126865919514
149.56206886417505,142.5676876886206,1.358675797525062,0.0,3.7240164761158234,3.7240164765065225,3.724016476268671,3.724016476306058,3.7240164761349366,0.0,186.65268202757443,10.1629032852848,21.747737340357638
164.01947640791477,161.25403164246913,16.43751876723425,0.0,3.5155100490582862,3.507191632407717,3.590194380911788,3.8645287043770105,3.2567723034634377,1.0,187.13014281910245,20.3590335902641,19.88038323346114
164.89908081359738,161.43549203674817,1.1788351647726825,0.0,3.629283466564222,3.6292834671801106,3.6292834667333382,3.629283466691797,3.6292834664348494,0.0,171.2287068208139,16.973964359629836,21.19798239016495
154.24398816539014,147.98957401426367,3.8602655243374198,0.0,3.543165577911919,3.5431655785302616,3.543165578076781,3.5431655780223577,3.543165577928719,0.0,184.80236961313219,8.214828330612589,19.216767163888647
188.8706787998933,183.0954663196214,0.0,5.35301490878235,3.6328308617664815,3.628253640490775,3.6739260316740796,3.8248789206404985,3.490460014258058,1.0,151.83435171600337,38.95476381141174,21.309050583127124
191.16067398504936,201.58932905039242,11.103852483784232,7.280686770162498,3.6148352453403327,3.614835246039909,3.6148352459644206,3.6148352456247967,3.614835244255114,0.0,161.84081803278792,21.535447611103645,20.737425306188445
188.98442364005544,190.0737681224932,7.104253188026214,14.304941474831308,3.68945733158194,3.6863051321572184,3.7177583810874286,3.8217152492011945,3.591410665419721,1.0,166.8927039215982,34.20506864832774,22.38100569852825
195.8461489624322,189.20701336037303,22.613382937650982,18.339015944192234,3.653663942607908,3.653663943239169,3.653663943132116,3.653663943181964,3.653663941296849,0.0,177.78201369622474,14.176252032099573,20.139092697647285
212.3172386813294,203.2329973943849,26.06710758598235,16.97279367890697,3.6861625498021438,3.678252624498132,3.757179377726431,4.018042037973372,3.440130570387376,1.0,164.4172573205921,15.438247702330205,22.871352121723522
208.28373478295268,207.95436979208858,4.279177170591182,16.808431219834784,3.7683899847615483,3.7683899862906536,3.7683899852203946,3.7683899853062055,3.768389983713054,0.0,148.17738565364928,31.182951186051294,22.252970317703976
211.01396941973437,218.0035152580669,0.0,8.549315125805462,3.86294039002736,3.8629403920542495,3.862940390921546,3.8629403907711897,3.862940388374657,0.0,133.04075383407366,38.54696279682422,23.979920586476414
205.11171395209624,215.11827229771012,9.915077120303444,18.727893462117997,3.5319523779547275,3.5274879845632103,3.5720345566033713,3.719266473006749,3.393090955177757,1.0,158.82598955987166,35.132184020147385,20.78694565778118
214.83912659420116,216.4650998625839,0.0,12.663161656521016,3.7525692769600854,3.7438977539261593,3.8304238715379237,4.116403368071175,3.482848415325749,1.0,132.5089809647764,40.597063155399674,23.698116240301406
216.08226950941375,223.3786675512429,15.386783367233479,9.570998186478297,3.9459657497380216,3.9348328706882563,4.059508199614534,4.339170573399174,3.6230707433941145,1.0,143.25614527708174,27.9344653573882,25.29225598512553
195.9310154165004,198.3695866152393,17.689582688470775,5.891249394429542,3.694098946092206,3.694098947565904,3.694098946379544,3.6940989462584355,3.6940989458886766,0.0,160.21176028097503,8.996999960723933,21.670721878608514
199.11413795620334,206.67271934623258,8.747831755589209,2.30816843496241e-15,3.9775318336943206,3.9775318354097053,3.977531835745465,3.9775318323777795,3.9775318324396074,0.0,144.27403690336695,15.964639860565796,24.245692411514995
185.27904760458776,182.53019893687005,4.527655954849991,0.0,3.7350036731355574,3.734305530123424,3.7412717438315597,3.7642959395157276,3.713288456976424,1.0,154.06796405470837,34.643820711837584,21.304573245974385
173.51426930093106,166.76775964030685,0.0,0.0,3.7058338491384673,3.698322858599924,3.773268956741289,4.020975058318413,3.4722104465667933,1.0,161.48573069906882,36.53557474780168,21.456734722204306
176.34050399343496,184.3292972245966,2.385007827249152,0.0,3.927688629544308,3.9276886301007847,3.9276886297545217,3.927688629800609,3.927688629416675,0.0,161.0834808671672,16.57688592930412,22.450219307323195
150.6901456040164,151.364579226649,5.063644713030777,0.0,3.3950552454747243,3.3908612712625934,3.432709547697147,3.571023264182566,3.2646050022717144,1.0,189.18080987275954,30.084833195465364,19.4432424815933
150.7543193593862,149.4294096223189,0.0,0.0,3.5417879897645435,3.5417879900422737,3.5417879901896514,3.541787989744116,3.541787989070421,0.0,184.2456806406136,26.240734308057444,19.250536422759918
141.4375285030282,146.56488047789068,5.463427712321703,0.0,3.553755993688491,3.5537559941195305,3.5537559938366883,3.5537559938719823,3.553755993583819,0.0,198.49367719290143,12.834007659962465,20.890279999798913
138.8739703439511,138.35282826112018,5.597817429252127,0.0,3.314337571975136,3.31433757228227,3.3143375722398916,3.3143375722121777,3.3143375714399004,0.0,202.54797219339025,19.047703223957658,18.577919286805734
157.2665444882947,161.59004496749958,0.0,0.0,3.560039881301284,3.5600398816006185,3.560039881835454,3.5600398821526227,3.5600398800144206,0.0,177.7334555117051,32.963625059324094,21.427723630135166
150.01983453783245,156.1631941958338,1.7490881245613485,0.0,3.315073185333206,3.315073185737502,3.3150731855331186,3.3150731855204443,3.3150731849057395,0.0,186.70570384744235,22.828546234137516,19.369855831779518
150.82957308088515,152.56714217637298,0.0,0.0,3.660312451840192,3.6603124522415307,3.660312452075843,3.660312452108473,3.6603124517752756,0.0,184.17042691911468,13.525857294935973,20.642949850548746
184.64751976727214,182.79981024671895,0.0,0.0,3.549651897113607,3.549651897652444,3.5496518975479336,3.54965189770729,3.549651895999121,0.0,150.35248023272774,35.10249893580832,20.102145968094735
185.35323788677044,183.33921969365952,13.866169331012417,0.0,3.8124916959246944,3.8077760406143506,3.8548297524735466,4.010348076169828,3.6658149697374607,1.0,164.57032484969702,20.730310457749145,22.495795035397396
184.13319872991417,184.94218169992894,11.341193505988093,5.376831360840563,3.7262748432413515,3.726274843837524,3.7262748436792172,3.72627484330655,3.726274842528401,0.0,166.43705637482532,20.15606023584748,22.966740259060963
189.8522979740526,191.2270023449235,8.345659641001648,9.600457773120532,3.741251205319711,3.741251205753519,3.741251205582697,3.7412512055282128,3.7412512047756343,0.0,162.7809698931036,20.579083619385855,21.786041147280155
198.0649516644583,199.19119856818682,11.18976145349477,5.142606706500421,3.8934628458732576,3.893462847032075,3.8934628464136467,3.8934628456817455,3.8934628455590583,0.0,152.85005116723588,13.04281984517219,24.176539114077862
190.67019339091888,190.10601022190565,13.755956259724012,13.286647575029182,3.6341548857133072,3.6329788655707898,3.644713427737719,3.683497603703174,3.597575683121263,1.0,170.0592964655668,27.939917560931278,22.277417471571074
224.45274360326025,217.60305255910114,1.689847094095976,12.743931278047647,3.806219179335941,3.8039644833295903,3.826462275503662,3.9008202548423565,3.736088632102697,1.0,124.24591356177754,39.5365269882799,23.388076399774686
201.22678025653093,199.0033832593619,0.0,16.903912957394596,3.741166987265954,3.74082355594682,3.7442503807751795,3.755576457122066,3.7304848235069143,1.0,150.96884037310252,42.32977270184619,22.48901165570914
225.7150415412432,218.10589714243625,11.855708288733698,18.48594530654715,4.002845544626387,4.002609204814275,3.988321013424869,3.9497816350618806,3.9668490032267685,0.0,139.87408481995195,22.961356272586375,23.697826752725245
214.8395831184086,226.81264453840217,4.577528119204696,12.035251094617257,3.7084081870959493,3.708408187121454,3.708408189187228,3.708408193040329,3.7084081813831524,0.0,137.24443730305745,38.93259211867203,20.678091869605232
199.2769861695821,196.72143440790396,2.3568601831431235,15.472523646586021,3.7383743573945587,3.730782627449007,3.806534358491125,4.056903175662408,3.502239620017875,1.0,153.33926679905943,38.22921936440913,23.391363919324476
210.48067954832663,220.383692521163,15.743022521638181,9.015099249450357,3.961010489484728,3.9610104909177273,3.961010489820842,3.961010490102276,3.9610104891142117,0.0,148.94242166724268,14.569040957356503,23.709735974326325
197.63739836420478,192.50734755833105,14.826844160197803,6.474526034528462,3.665585015830414,3.6633479577177503,3.6856697575809405,3.7594460567854906,3.5960030769366695,1.0,157.41139483357833,25.87378048386451,21.353970142945414
188.0315066887291,180.537541393718,8.434698960870529,2.8911232674648556e-15,3.720611364113006,3.7168232673865487,3.7546216237782812,3.8795498560178676,3.6027856075720655,1.0,154.60340518267185,29.006947152811247,20.95674564069272
169.15767455932047,160.0084721737731,13.735139094109407,0.0,3.452214568726106,3.452214569260746,3.452214569004878,3.4522145688204704,3.4522145682004646,0.0,181.25055053181123,11.740355030295003,18.46467258904083
172.53195948954564,177.94482439902083,0.0,0.0,3.6433166962401757,3.643316696905815,3.6433166964360106,3.6433166965954364,3.643316696124661,0.0,162.46804051045427,19.501921591962724,21.962058603436358
168.98359828982274,172.95959220409924,5.344801709149962,0.0,3.8247663279506305,3.8247663284653983,3.824766328186181,3.8247663279051785,3.824766327915821,0.0,171.2792262594407,5.730284246632654,22.031204665835
162.5258488772168,161.33303883783077,20.026842582367955,0.0,3.367247892876215,3.3643351904898107,3.3933986938104517,3.489457158018943,3.276650586762475,1.0,190.7459258848565,20.330770393010983,20.12084592199812
143.6843052423295,151.23361014163004,9.921752232665604,0.0,3.4052662139730576,3.405266214213068,3.40526621445474,3.4052662143514114,3.405266212798678,0.0,201.4497151540861,23.660618800429685,19.48573318532185
142.43298424955125,145.52021819831012,8.967317395068736,0.0,3.4153634412672726,3.4088271219912327,3.474047763151296,3.689610028493559,3.2120564185044587,1.0,201.17175563372228,26.14772750856538,19.483762535663953
147.64812393340202,148.96190500771476,10.420905932154815,0.0,3.575480316154218,3.575480316618868,3.5754803163520763,3.575480316348565,3.5754803161027473,0.0,198.9562446607345,3.29060018880952,19.793012148947447
159.25985638266656,163.37580015535883,2.783719097375415,0.0,3.6249632044084596,3.6249632048619973,3.624963204576494,3.6249632046089153,3.6249632043443345,0.0,178.71113590656688,12.462335414948555,19.807007143594518
164.9520427598034,163.43850022284875,15.109067741676132,0.0,3.793222282653382,3.793222283046012,3.793222282757341,3.7932222829013806,3.7932222826005466,0.0,183.0671424698541,3.818079374604006,22.086605417097434
142.47629265475902,137.76488110962055,16.896554949763573,0.0,3.247680626764046,3.2476806270320253,3.2476806270254004,3.2476806270070693,3.247680626184344,0.0,210.94132416972082,7.826106787395797,17.967800164721663
160.6264407228118,161.58362439356878,18.093535781511076,0.0,3.5789670895544536,3.578967090585926,3.578967090140026,3.578967090320851,3.5789670891908427,0.0,192.36962676863587,4.512914959695934e-07,20.679091286068832
175.88885725665799,177.1384430772393,14.268222795965588,0.0,3.742670668247446,3.7426706688544242,3.7426706689052587,3.7426706681953137,3.74267066730834,0.0,173.1571510325161,17.092202358712086,21.41058831698262
187.00001019624622,186.65570874049456,20.15597218059921,4.243826754047991,3.5705920280440835,3.56957040469106,3.579764366042264,3.6134566660464866,3.5388152155491603,1.0,171.62953985460447,21.055161740499965,19.65229681144087
195.99573046929035,200.9948684975839,12.588615168203704,8.636181819316269,3.685112659212844,3.6720242644546546,3.802622765388822,4.234266924730632,3.2780085282128315,1.0,161.71239549873036,27.94279681466033,21.635796278410744
204.7084753960273,200.14850876495052,12.176636548742788,5.080313493715835,3.8250261378082877,3.8250261385535937,3.8250261384150175,3.825026137482447,3.8250261370647247,0.0,148.08405344987574,17.761933124811616,23.753970843661506
195.14471472803294,192.7371842710304,11.311967631482188,13.64091977182278,3.7414580030180304,3.7414580036513074,3.741458003311864,3.7414580032660463,3.741458002467715,0.0,164.78440626335646,19.768438553882184,21.320131869635404
205.40354240576485,198.90182530870823,11.131440244172445,15.80228703907309,3.8735246068695735,3.873524607798314,3.873524607256816,3.873524606776919,3.8735246066407005,0.0,153.85552714562928,9.61889692687921,22.96824272621561
209.15537131163094,207.9216365773019,27.190649638975987,24.86163984380014,3.5694742045773022,3.5694742059131044,3.5694742044926473,3.569474202958163,3.56947420284242,0.0,173.311759256064,9.180315577067825,21.721957598266965
212.4155395000986,205.6007571004534,30.800682573921936,21.470485909165053,3.755693070892845,3.7556930727002524,3.755693071223315,3.7556930705057425,3.75569306973201,0.0,170.51054338922236,9.424325475622606,21.38729124191515
215.46838920501722,214.14996977738483,24.16083933849617,6.824348786503184,3.8784360583376833,3.872649537290993,3.9303885552440323,4.121223133613927,3.6984508918774055,1.0,152.64700758745468,15.309155363613094,23.862552995071297
201.6507110465488,194.0453706717866,13.50002062183289,10.095895923162152,4.016847749386458,4.016847750037378,4.016847749986447,4.0168477505386315,4.016847747870955,0.0,156.24551501143043,20.416054167383468,24.643676877755222
201.87088764273255,203.50407824514565,4.301668231426357,7.712731575727114,3.881422604012999,3.8768260295557444,3.922691529695715,4.074282667489757,3.73844979356534,1.0,144.54063063392903,34.73619655810916,23.892578062349106
196.59818396351517,191.63448821504483,13.960406785069283,3.4743126837934932,3.793302041815083,3.79330204298245,3.793302042198896,3.793302041996361,3.7933020413662826,0.0,154.83346347996047,14.993678074229003,23.091282144782518
203.44304960848197,205.08628810737508,0.10397574797837374,9.253297600863888e-16,3.8672164078867293,3.855503791864962,4.005809779994163,4.176818397776542,3.5604404868876633,1.0,131.66022902914807,42.11833275597539,23.11692661294142
183.41157269456173,183.404295129448,8.709660516134747,0.0,3.69578854023191,3.6957885408661624,3.695788540543522,3.6957885405244766,3.6957885395891332,0.0,160.8387959894832,20.983507683764525,21.048357032424487
170.2883281228813,172.79969452816707,10.006417947457077,0.0,3.737376677011701,3.7373766775425024,3.737376677248329,3.73737667734155,3.737376676773118,0.0,174.7651167717554,12.13190992034166,21.44785383038216
161.02174954616277,157.8473488736709,15.699492720277718,0.0,3.5660252403571233,3.5658748195463126,3.567375753504096,3.5723365247875067,3.561346499266486,1.0,190.53230337326883,18.682722986101354,19.34433945489515
150.85602959108158,151.87076178219078,12.25481503177042,0.0,3.5994740342648224,3.5994740347242713,3.5994740343738734,3.599474034455828,3.599474034240077,0.0,196.26684752003575,2.4428911057931932,20.327100481292764
143.90525828605413,144.16968821171702,0.0,0.0,3.3941057959104217,3.3941057959985033,3.3941057978861573,3.394105803284633,3.3941057893382087,0.0,191.09474171394584,34.13307155848376,19.507117473098937
143.03718869284359,142.9786737985801,22.543135108717696,0.0,3.3446128558877075,3.3446128560100243,3.3446128559819845,3.3446128559754875,3.344612855739188,0.0,217.84610480296251,1.263644985573252e-08,19.059204149736527
167.57115249038938,161.70422531331272,20.89919109437296,0.0,3.563709106406192,3.5615662160099233,3.5829483892511904,3.6536191060723984,3.4970561898305372,1.0,187.2704157653319,19.84479661816721,20.310478959060603
160.6567546990033,162.15607008712902,23.42367559588591,0.0,3.4525714686967994,3.437765010051805,3.5855066801666378,4.073811127256941,2.9920283253914786,1.0,198.65118549466672,12.037954575954679,21.020733020424874
155.87288001044436,148.65824099581826,18.983076752356432,0.0,3.5303279253479776,3.5303279257806564,3.530327925761439,3.5303279255678035,3.53032792459668,0.0,197.39120612345155,10.848891980890258,20.08058741218482
162.66432685930005,166.57821884063236,34.4860809991238,0.0,3.42713876187847,3.4249270090370585,3.4469963011274576,3.5199380342035456,3.3583439449008323,1.0,202.3584312252534,8.599499538225704,19.19037735224984
168.68910336856328,170.23872056145015,31.102309635785723,0.0,3.7100551703991327,3.7100551714179595,3.710055171169062,3.7100551713624528,3.7100551688440784,0.0,197.66272654071017,1.4693725762242032e-06,20.657330168933928
171.59494777335397,169.90528500420763,22.318653567929072,0.0,3.554460443315259,3.5499807745921976,3.5946797673673774,3.7424154523221653,3.415123892498946,1.0,187.39989171338314,13.772446149455023,20.631967803101126
189.6435184011696,179.15987015110258,17.64769146496154,6.094705807133997,3.6877950300361757,3.685322291793301,3.7099957506878627,3.7915445754551085,3.610882454075786,1.0,168.55938912918074,23.93817598262893,21.69877144763287
189.52773018716897,190.47507337090119,14.391330826384287,4.2603433433321864,3.5657546574608863,3.5530570632623606,3.679756081742093,4.098511969963238,3.1708060676710126,1.0,165.34832840517407,23.337478140140462,21.39062152893022
197.74016803922362,195.08311475516504,17.349018812221022,11.609575307478542,3.728487204652568,3.728487205412597,3.7284872050138995,3.72848720478967,3.7284872044474797,0.0,167.85431862804063,0.6155529549107507,21.7644879135507
202.8200075998534,200.40032236384985,12.210058270692327,21.583457081877874,3.525813727459344,3.525813728033677,3.5258137280947115,3.5258137271836274,3.5258137251606962,0.0,165.66958978110097,24.817813492935866,20.132796408178848
220.50298206725134,213.53944135283217,25.943324090666696,18.759457897984134,3.83032514880725,3.830325150031565,3.8303251478851097,3.8303251441770043,3.8303251442172486,0.0,159.01507624968653,10.259706965108306,22.351508146066408
223.26674036741653,226.14912392171576,16.779002119234452,15.410910021662703,3.8523271654662885,3.843913577628493,3.967807038719834,3.9881308049426547,3.65936009813041,1.0,143.6064429312661,27.990879196637984,23.381000878484233
212.93334681112157,206.68438271395036,8.524406630919627,16.171218883685068,3.9652233098694634,3.9652233116239968,3.9652233100019316,3.965223309487412,3.96522330934448,0.0,148.2012802533153,20.480840868347258,23.668185437584132
198.58587374150054,199.61035173452146,15.654738802979832,19.838284567062466,3.6914687787071387,3.6872382559844294,3.729451221309171,3.8689702796113346,3.5598817195450767,1.0,169.8259723350061,24.752426108432594,21.36893971161238
226.2278358269944,222.80850351999217,24.78769462291052,10.03337034504177,3.426300771848215,23.061813969631597,4.727367712307397,8.792809379884105,3.301311882284809,1.0,144.51497439935847,23.658215463050457,25.329684163268347
191.0291007393211,178.3067878089125,20.72646971148157,9.636461373428329,3.7353634176934047,3.7353634183358606,3.7353634179242268,3.735363417904751,3.7353634173217727,0.0,176.29105731807482,5.123972887542645,21.19220996689145
206.6213984448107,196.96360642889914,24.318192428047997,6.111234992360065,3.908888775531106,3.9050000503209787,3.9438025071012732,4.072049412214748,3.787933017157332,1.0,162.66933127994622,9.50010908936346,23.187091672241962
202.84057299954867,197.90054414602648,25.770570910966992,2.6669715201916527e-15,3.9983621457754013,3.9757137424857194,4.201703826121776,4.948628936767096,3.293901560838717,1.0,161.95386947416316,10.158477200182022,25.876502527541962
180.6229966307098,181.4842824985766,19.355192471419052,0.0,3.5796483867375475,3.5649542062790833,3.7115755422116066,4.196177147422833,3.1225975699556052,1.0,174.25845220163112,21.4524365453201,22.600990773492878
180.0162598569594,175.8393335591991,21.773844925054174,0.0,3.6841648051375517,3.673665250132661,3.7784318167905595,4.12469824591673,3.357584470605527,1.0,174.33178462947262,18.21668998740933,21.800973803187023
163.09682011082805,156.6294205365944,5.0466394123953595,0.0,3.8880410702425845,3.8880410707444213,3.8880410704626653,3.888041070422874,3.8880410699578123,0.0,177.01370989266138,16.93875801193768,22.607659441685453
154.95242789988905,161.3922677863978,25.0444243969045,0.0,3.5024367699038623,3.5013056454967515,3.5125922230302824,3.5498957539406883,3.467254035219517,1.0,208.82228611500574,6.7942556906906075,20.43893194451219
152.90747214562543,153.88594540998773,7.163879151792393,0.0,3.5694509502364813,3.5694509505312983,3.5694509504944962,3.569450950444579,3.569450949756101,0.0,188.96192035725846,16.01624215489213,21.09049542137648
145.20044627639783,146.57486307083823,41.174417210055736,0.0,3.2733684853396325,3.2666797833359635,3.3334209281300695,3.554008645238345,3.065321719754934,1.0,224.88498764207486,1.1652800415898061,17.693724692896932
145.28684579314825,145.9213379199995,26.491621732868914,0.0,3.280737126127065,3.2794904336259973,3.29193017706583,3.3330450620313634,3.241959719755615,1.0,214.56729030696656,10.942718879145948,17.738554400836463
166.48134791316008,164.86324184018747,20.90063443045424,0.0,3.6109300691690382,3.610930069588667,3.610930069441926,3.610930069475119,3.6109300686496497,0.0,190.28181083041972,2.1443840786782227,21.108225480003696
150.27472216664256,145.0472731067203,30.083202238023777,0.0,3.330752898075642,3.3199717845925814,3.4275477889004837,3.7830997560846527,2.99541493248118,1.0,216.2935117474061,4.624329067028437,19.306556238618462
165.1035729818126,166.79666829222492,22.100985677866,0.0,3.6302095655540727,3.628292256462221,3.6474235386565175,3.7106547857430843,3.5705731675109598,1.0,195.2985312853135,10.43975940702398,20.356415819566102
165.06325774823148,173.25827392039355,10.282812314547716,0.0,3.6048435845780324,3.6028207630233156,3.6230048648562274,3.6897158111178627,3.5419253179533485,1.0,179.41477057319088,27.008303114739228,20.597764493703842
179.2361036718218,175.86858198419097,38.99109671697955,0.0,3.7209431674788767,3.7137838792215354,3.7852206234315635,4.021327877471921,3.498259189920065,1.0,191.39704428527543,2.995428008253174e-08,21.827873810311818
198.7359981937748,201.80305060975982,29.53136512871627,4.565586339792474,3.678735123607026,3.6643083931403146,3.8082610606562413,4.284042389312236,3.230003131113954,1.0,172.01242394623154,7.626658724472017,21.92597291049087
182.07695789625504,177.48039172741304,33.11542382816379,3.528126327949265,3.6362021228822012,3.6251416693459464,3.7355049821554616,4.1002693467324045,3.292175506783229,1.0,189.82430444246762,7.011790798007065,22.468542205065518
213.90002556251,209.41447112291195,37.39869941351367,14.589379304566316,3.5411365033298456,3.5247629718515827,3.6881411886182978,4.228126352586996,3.031850820389624,1.0,172.22909574714654,9.892870737551181,22.25236217886291
217.6587918475695,214.44137602807606,31.69861843444674,20.711937542518356,3.7029800832853015,3.702980085638236,3.702980083282581,3.7029800823828776,3.7029800817605656,0.0,168.13705962768745,7.46799206667041,22.694590867431348
207.57216854165705,214.97113494575513,23.95079485621148,16.849484547016818,3.722115097672985,3.7221150985453484,3.722115097966199,3.722115097587196,3.7221150969132775,0.0,173.58031758500059,2.1294641713130744,22.084994479953
206.81106183050912,209.6341788134526,15.468229630164338,14.097127656189373,3.7669949632338775,3.750201798005362,3.9177672073083416,4.471591559316004,3.2446568817892767,1.0,161.24210270001257,25.01405518904741,23.650900122357804
211.25065385211363,216.4718505115067,35.40190887845873,18.400170699421988,3.5560846182117047,3.5380025625052904,3.718428760052426,4.3147596046475085,2.9936566446474506,1.0,181.80398439288305,6.139795634277893,21.757297952704974
223.48610362495398,227.13549675501739,35.40535035072386,10.596125435600012,3.827795896221589,3.808422239598098,4.0017362770201075,4.6406630227710295,3.2251937036868146,1.0,158.3703301471361,7.598905074365603,23.957075741687913
221.0864934630466,215.00727663044978,32.18172861237109,13.805608378824198,3.8194078137066065,3.794708232156422,4.041165363375805,4.855736591303406,3.051146958851246,1.0,158.48544167453724,11.42341365809176,25.84131835679278
213.68580186650553,215.42489251845032,16.219520804740107,9.196785125896547,3.950745981793972,3.9498257032411517,3.9590084336870093,3.9893584921423337,3.922121395565562,1.0,149.9503916522009,21.705388937481427,23.579031225222593
196.88822111453703,196.91812288311067,35.8000179997573,3.4855132809464857,3.646367056126197,3.626536310143607,3.831324742813336,4.440815461671892,3.04144423433128,1.0,180.1003955570402,3.506808694540852,23.521554935355017
206.3542649818848,195.27644031405345,17.472674712865157,8.19875771760048e-16,3.8853077755183154,3.86933614062469,4.0339393912232735,4.526964770486997,3.397531604236345,1.0,143.90498895949423,25.37122838325878,23.445299505605018
182.13555504048418,190.4084159523586,24.18096871095309,0.0,3.594668044491582,3.5820364755406193,3.708076684708422,4.124655128311392,3.201773106378211,1.0,177.23605825832482,14.642126798849894,21.494365854422778
161.46906016765962,161.66754763119567,26.729242472796486,0.0,3.593711858527622,3.593711858672092,3.593711858638853,3.593711858615282,3.593711858334438,0.0,199.68140563404603,2.4374193308782713e-08,20.26048124955933
178.3410316775872,183.7051252964478,20.594888685378898,0.0,3.621430688277032,3.619170790239735,3.641720491269781,3.7162500354041788,3.5511383296608314,1.0,178.9425823841222,15.980763431930564,22.26628117719987
143.8256684057043,146.757827809277,23.858529774853057,0.0,3.196886139709332,3.1917288632753302,3.243189153145975,3.4132717590568724,3.0364731453382587,1.0,215.6691818879681,11.246941058411412,16.990285634098253
179.35344203388468,173.93837432804187,34.42047143586354,0.0,3.5373121537965138,3.5211999931662574,3.6819702017290767,4.213335576566599,3.0361562039315446,1.0,188.26150479849005,6.255128575513336,22.834045671332152
151.70495699990335,147.69976819169688,30.87001550038718,0.0,3.412966650038001,3.4122710781096206,3.419211628627018,3.4421510042617802,3.391331433786021,1.0,218.02012524482635,0.6326925172811025,20.247102560471166
160.33035536442299,152.62740892063846,33.832315703244426,0.0,3.4826654269732766,3.4729899213286712,3.5695339601951974,3.8886239205359954,3.1817165137645174,1.0,208.2232643809807,3.2725275012867483,19.749518435422562
136.95739189155256,129.55040340038505,40.218634835454,0.0,2.8827710638155577,2.8220862168719134,3.4276111752326837,5.42894587538512,0.9952171541385125,1.0,238.04260810844733,7.604182131009178e-10,19.574962355682672
161.29354546717056,167.9589716480563,44.97495785495336,0.0,3.1782264744792523,3.1412297203114394,3.5103903800097442,4.73051190911275,2.0274718488051877,1.0,211.93474908367995,2.8504702463969113e-09,20.3591576393629
146.63876739308276,150.88465571862014,34.778332699193484,0.0,3.35141192206653,3.351411922214899,3.351411922324624,3.3514119222020895,3.3514119215442175,0.0,220.60034971518147,1.64519267656855e-08,19.819081322352062
159.24122189534347,154.85311364038958,38.14884016330842,0.0,3.2792559403204153,3.279255940384752,3.279255940562478,3.279255941025556,3.2792559395679346,0.0,209.705859466613,3.417346150523248e-08,18.011127885771067
183.9940754919384,183.54456023775776,31.904272925327092,0.0,3.622995634273934,3.6008440799318664,3.821876509435409,4.552415960596639,2.933989143480323,1.0,183.81741110216424,7.617507073315437,23.582473391701367
200.76760842541495,196.8098277987835,24.307559042382227,3.147448038621135,3.6905573666616265,3.6733947635858852,3.8446465005024093,4.410654580350194,3.1567282143090285,1.0,160.2070173361481,15.374628437481395,22.54858371614254
200.14282250355004,197.57654504723482,27.616387291304395,4.496086198185156,3.7339780410150722,3.731117397333744,3.7596614467909517,3.8540030523177236,3.6449999869419973,1.0,170.53742652092876,7.253024666869999,22.237181465931165
196.18551048261827,187.14310123743473,28.66850284336758,10.927172906795622,3.6453819319872904,3.631798510890885,3.767336483044386,4.215306200364057,3.22288038758532,1.0,179.3755542390229,11.29035117180036,23.41953658486631
216.00965894464355,230.61525545856793,36.83292385113521,15.726743233763898,3.855717503097289,3.8516214128507507,3.8924929971592337,4.027578630614971,3.7283118187356137,1.0,171.764506050046,4.19159607498165,22.938010900039625
214.78822446578909,219.42903208028815,22.039863964572948,20.769133139049263,3.703120879764012,3.7031208805421754,3.7031208800103657,3.7031208797157946,3.703120878822686,0.0,168.94352259041852,8.649200846696425,20.571008104243163
218.05007366458912,227.59994999059916,31.335149873405683,19.086866716571993,3.6151081922393598,3.615045857856555,3.611277287516011,3.601112360893594,3.605613940657232,0.0,167.53401454934618,12.245803343686196,19.639422405673223
215.15051484030013,204.10512484547036,34.5041460831239,20.878868055042563,3.7230135392539667,3.7088190869824427,3.795297589181576,4.109896179939612,3.1865925579303553,1.0,173.29976092676765,13.87880066290541,19.403618495163514
222.08989627196783,217.78098279118413,22.620246179141063,14.734208693968517,3.9281361115803253,3.9230386725043433,3.9739018943495124,4.142011118944649,3.769584302342913,1.0,150.21745154721748,20.987889243883888,23.673355176166954
220.20462174652252,207.20145824409406,39.89069552952024,5.3645094054333775,3.8637210100165493,3.8526576444685428,3.963050017614184,4.327910431750863,3.519603805124749,1.0,158.03236477687912,6.505007913842223,24.67448799542349
219.37916086734728,212.44076461308362,29.02111799364861,9.839589105817852,3.7894628123749343,3.7630809032863564,4.086420719016998,4.569561945737565,3.0722883902282785,1.0,157.97943199522805,8.229470701336865,24.54388412653918
193.25815125196112,188.28984361586026,41.808309152001534,4.103458773928894,3.5781685233514624,3.57605468744752,3.5971469487449257,3.666859474300927,3.512419324422812,1.0,185.92616359774473,0.3862957804965645,20.799940560981078
189.00841687680378,194.78829778775335,38.590509569217474,1.8310964232921137e-15,3.7139877094432494,3.7127522556151176,3.7250798512425387,3.765824074210944,3.675559894197317,1.0,185.99158312319614,2.9472289650114942,22.295465360849292
177.29852025638075,166.57743560778877,17.543986743687853,0.0,3.631859256741294,3.6318592573017043,3.6318592570400483,3.631859257098841,3.6318592560907272,0.0,177.0215624841017,9.03093963428864,20.360254623397868
182.22331050495342,198.53715381949584,10.698892024164046,0.0,3.8084813360540273,3.8084813364935513,3.8084813369517914,3.8084813365140064,3.8084813345219546,0.0,164.71874695164473,22.164647757740504,22.022205746724254
165.0882920560848,166.47740687066133,29.746941487507108,0.0,3.6203231119699426,3.620323112246151,3.6203231128929496,3.6203231144307164,3.620323109470803,0.0,198.6933359794866,3.4507871978289564,22.021566143249625
173.0934307965359,173.21166150790341,15.042615655035258,0.0,3.4764174984333804,3.4764174988941816,3.4764174991169883,3.4764175001931927,3.4764174965451327,0.0,179.24483712759346,16.775382131749765,20.151499621405833
151.1123599612642,154.92410211603752,38.10884358439869,0.0,3.291637116003681,3.277708273158136,3.416692920449214,3.8760543281120126,2.8583915314947252,1.0,217.7425785458391,4.051391933027546,18.59072099631094
147.37189748319366,145.9875599577363,30.595285056077028,0.0,3.175675641066577,3.1704465937541317,3.2226230243585494,3.3950725650830718,3.0130302796690263,1.0,217.2860031376515,7.157352887548702,18.952474440581266
163.08550364003028,165.1881759270997,30.241550306374403,0.0,3.62309104145876,3.6192412064528297,3.6576555962585853,3.7846198939990745,3.5033449746743974,1.0,204.2290350903549,4.9558955798620214,21.566533117528337
150.6406233165834,154.74471833163943,23.387106654106535,0.0,3.4592576929447447,3.459257693301228,3.459257693231626,3.4592576932695867,3.459257692418629,0.0,209.2685954115995,0.10306580463901836,19.56707867114435
158.6299051101083,160.7816145931155,30.057403734294642,0.0,3.2191904400690476,3.21538998832051,3.253311625997618,3.378647316413401,3.1009803884828666,1.0,205.7001450551123,9.204378961134307,19.244052539860608
163.09227111022275,163.25961206446533,21.06566386530723,0.0,3.3026651080289366,3.3004545623261397,3.3225118126810567,3.395413745800671,3.2339078268470858,1.0,194.2135144443684,17.864777865950757,19.58305763133908
181.18186504396547,175.32811492636867,21.48617173480268,0.0,3.6309839612430954,3.625982864245543,3.6758847682667706,3.8408167170546057,3.475428796523802,1.0,177.16276418523685,14.805072460967333,21.535236119103935
180.770535403554,177.8760366151917,34.663135282582836,0.0,3.790552678839984,3.7836912044267343,3.8521563064402513,4.078441916336316,3.5771319606002328,1.0,186.19264958520424,5.603177188134299,22.048422485700797
212.03305059022563,211.39959674415658,34.970734042305445,5.924723304596181,3.837055701925783,3.82652051975693,3.931642580229529,4.279083962569713,3.509367214826443,1.0,165.27480959604705,2.773942136043312,23.008942524418504
214.65944857109096,216.0095960643338,32.361683136942816,10.50830106308608,3.6493012556702062,3.6302388923394506,3.8204467890099636,4.4491073577565246,3.0563815831240464,1.0,163.88354857864084,8.7360562409431,22.696564451869165
198.91478355616113,199.01125974405392,32.25156268451779,14.977416044868127,3.5119058023266128,3.500217744218858,3.6168434154752065,4.0023056487061925,3.1483580427760107,1.0,183.50394920820133,6.507279704222453,20.341953104972898
194.30520879893115,198.1388648478586,37.48991334162047,15.193882137739967,3.5404944742476023,3.5292778920570096,3.641199086253589,4.011112442603844,3.191611599988272,1.0,188.01553662505623,8.341203935155619,21.323453451627117
215.66529911728037,220.34085970537254,19.962749245680328,19.51147121258707,3.6428701117013715,3.6406017330319798,3.6632360554642442,3.738045284990846,3.5723139688403776,1.0,160.09047149142876,23.032031913842122,20.180691647176513
220.97609238353112,225.33868893286763,36.768890340066086,8.113282689861242,3.8875720409738634,3.8558321375364004,4.17253894792104,5.219294033264452,2.9003275495006373,1.0,158.53892282509887,4.707493257208661,26.67264863855559
216.7074198231077,216.35411325507798,19.329941974064546,18.674199573692505,3.7175095951730963,3.7172469874122727,3.7198673414473222,3.728527934700596,3.709341376104403,1.0,158.74891386688756,20.718859961056022,21.669283447474687
214.94829518980117,219.14052812043911,38.74961702839889,10.831078310060755,3.7002444541687862,3.6750604581482404,3.9263511682481482,4.756897970918806,2.9169162752822984,1.0,166.35610073759767,7.837473473301011,23.454826169495004
214.2839575146907,216.9022501744901,34.9459212621973,14.791109249839343,3.8261016982439964,3.8117697079506114,3.9547770708923315,4.427434058330936,3.38031641769951,1.0,167.90786790001206,9.292402956251275,23.61650262537609
219.06785784803236,216.55758979769627,31.137104713231057,7.645723593496167,3.9801892700002797,3.9705058557615125,4.07550004917538,4.3409550879601575,3.6933996047735986,1.0,157.4032179862702,4.90120626126061,24.586837537736134
207.4918712328681,208.84687576573316,29.11803089073408,2.5558575893895923,3.7719496392631044,3.7570698675694443,3.9061281865700717,4.393083470762035,3.31013295072678,1.0,160.68719159316362,12.648123772134573,23.01508270051615
197.64799479226255,196.33822315692038,27.195700078301225,2.491508115279552e-16,3.804049710867447,3.78277660318737,3.995043742331299,4.696612831397048,3.1423665436813746,1.0,162.62797556112488,15.062504187567505,24.734685211457535
195.86452015890305,193.14421171486234,41.90575815052404,0.0,3.8120887955206757,3.7707893248570317,4.182883314113809,5.544904788676538,2.5275015805348673,1.0,179.1354798410968,1.419350439354355e-08,26.269456880094417
188.091895229772,188.15528336066234,33.730476028453545,0.0,3.721787248768278,3.721787249184509,3.721787249178904,3.7217872497501134,3.721787247583561,0.0,179.20755027292114,2.3654445523956307,21.536609110739015
182.4132880351897,177.6875423463432,35.57394602150287,0.0,3.5342109242407123,3.51929196152292,3.668156213593099,4.160170934423586,3.0701684477709295,1.0,187.5826870419662,2.455224120625956,20.686145377170092
179.19958904497233,177.72886697623713,35.574143526413046,0.0,3.4692250211199047,3.4692250212261326,3.4692250217490463,3.4692250235561772,3.4692250190271308,0.0,190.9064342233822,3.004410904657812,20.91737657911617
170.94199369216932,166.03009432975983,23.715024652602864,0.0,3.3637250738408624,3.3637250742784914,3.3637250751466543,3.363725077843539,3.363725069874619,0.0,189.18069366508456,11.873328500138063,18.24820325092727
146.60986413784357,151.33972715134672,33.116128289128,0.0,3.2966110299812574,3.288627626579408,3.3682875475147513,3.6315734148471357,3.0482936100306324,1.0,218.37238779127486,3.276586565069934,18.227208052159867
138.9319745264935,143.30398857339503,31.5974557024694,0.0,3.3032125930719487,3.2990498630834213,3.3405863774705464,3.477869681405819,3.173734180713821,1.0,225.95377815627558,5.9275486132421085,19.78531402153036
161.34245782853432,163.5121784804024,23.735164046167156,0.0,3.4491866561181395,3.4420336983292787,3.5134072799360143,3.7493057737298425,3.226699569068486,1.0,195.98620147407885,14.07166674085273,20.185944264700765
160.98659955411375,155.76024656423525,21.39299475287247,0.0,3.5499530476847045,3.5499530479811936,3.5499530480324397,3.549953048148982,3.549953046837593,0.0,194.4869818203542,8.850701964618143,19.776718006598898
147.8310230637866,146.76838381587675,31.27101812803118,0.0,3.554346687712427,3.5543466879364725,3.554346688111194,3.5543466884666888,3.5543466868573894,0.0,215.90323874202227,2.8739662507469134e-08,20.170682818581394
176.63546771609376,171.12290559225505,20.401157003016714,0.0,3.648103869460941,3.6462496595499037,3.6647513268336547,3.7259016198957626,3.5904301185801484,1.0,179.2918476226268,19.167317133504532,20.39906046820805
179.97102239555778,172.23088112676425,16.213860714958983,0.0,3.515924300304373,3.5041905899397445,3.621271790820211,4.0082396055675344,3.1509565543794325,1.0,170.24066302219708,21.314221025543116,21.067030534724214
197.13750108658292,197.89838968467333,32.32709488548156,4.94167999466146,3.750184808714007,3.7459380769887973,3.788312779728216,3.9283664013839323,3.6180935784934882,1.0,173.90116275615583,5.764622702427985,22.289188846099833
207.95915770634306,207.98612712639456,26.604779237769733,10.577587481697753,3.812410084103169,3.8064194160524796,3.8661954564609893,4.063762647347174,3.6260750709518432,1.0,164.0955533449469,11.26761671018548,24.112171290881268
209.84091891062778,206.51598098981285,26.259649812961225,12.576657335216307,3.819071582040774,3.8182458346004746,3.8264853036029733,3.853717766159781,3.79338735146602,1.0,166.36395550737643,13.39631902141167,23.753576889911983
211.23876181923936,217.8257408432456,27.64830589827325,18.55993767129719,3.6528390630846133,3.6526613842542432,3.654434308668337,3.6602940441819936,3.647312465587752,1.0,168.97853657777193,16.772441267368137,20.64132273322864
213.52514028062615,214.3832066977029,25.874117676413753,14.41788279033099,3.755923037523478,3.7550308720794927,3.7639330914116362,3.793356028708765,3.7281728632949966,1.0,162.84500291502178,14.56889190666766,22.172249455402795
211.2935331441048,206.20587064982095,24.291973350092032,16.861053435351952,3.6509088904385045,3.650908891098845,3.650908891509366,3.650908893636034,3.6509088866709716,0.0,164.01688199438016,15.295366250720138,22.32901471900665
209.33218360839024,219.28696364914242,34.652356987982564,17.11245507065977,3.644617932464141,3.6446179328884742,3.6446179330084174,3.6446179323050103,3.644617931287371,0.0,180.28432814909874,3.5487856730020494e-07,21.350061352756956
198.94956279231087,192.74965889780964,23.661276647556274,18.281451665288124,3.7090557916721623,3.7090557917628137,3.709055793597171,3.709055799637672,3.7090557850286037,0.0,177.19024819553238,16.249819134772217,22.38980879609874
209.0702454594472,213.67955288262115,16.911530323072157,7.011092341593618,3.828091329134951,3.8219127400299424,3.883563886373176,4.08732853249256,3.6359112019024242,1.0,148.22609237011005,27.490201166674417,24.30850388379926
203.3917719987854,207.59596620933047,31.146015526840447,5.271868123786441,3.785131527878056,3.7841098521483367,3.7943043317090694,3.8279983454904176,3.7533531010149086,1.0,174.5644804162523,2.016933967916469,21.596976802135156
194.34336622857796,184.61900413427895,25.98061098464961,2.3654592105050068e-15,3.836953305689034,3.8351419262998405,3.853216221991707,3.9129539984965875,3.7806117660022323,1.0,166.34444084341334,13.76244662212379,22.233068695623608
180.27887743265316,176.01853232118492,38.31445112876073,0.0,3.722054832188959,3.7163133668091874,3.7736028100864876,3.962951489300654,3.5434710885639307,1.0,190.44335375658443,1.2322561812511168,23.05447712490398
173.5190393787638,170.68582593650882,24.372126224967854,0.0,3.774838052825731,3.7748380533763255,3.7748380531844554,3.7748380533455923,3.774838052145829,0.0,186.94005041319858,3.350256401205376,22.1389325932551
177.470940299586,176.35324457738622,18.719231222967263,0.0,3.7007856533986727,3.68813835651994,3.81433549870131,4.231432624142137,3.307401521588608,1.0,173.590041698082,23.47291240374911,23.23481064504844
169.15149337515746,171.12994177794096,21.633252574835474,0.0,3.573233752207535,3.5574928521609963,3.714558557385562,4.233680092496977,3.083625548436386,1.0,188.51211095063573,16.612965116536927,20.885204841999684
169.887475000499,171.97265606611256,29.757987302570637,0.0,3.5403422878914483,3.535759090746589,3.5814911122438473,3.7326410844495577,3.3977855590883683,1.0,195.4932310606105,8.080524976214926,19.998869995284156
155.89922555292677,153.4042341303441,22.738871692436767,0.0,3.20210319334714,3.20210319290308,3.2021032029493894,3.202103235243247,3.2021031607440005,0.0,199.90745793536198,14.019289787844983,17.51784930107946
156.81006822094287,159.61610836725558,11.216233051182218,0.0,3.3405295025912123,3.3358219291593296,3.3827949965266946,3.538046779664592,3.1941041633564655,1.0,189.8735756439075,23.532000945947793,18.32955849473249
162.51910924263777,164.45177893148272,13.45970979342202,0.0,3.5956008237209045,3.5920078132023043,3.627859560165839,3.7463540068428274,3.4838430758708925,1.0,185.63397982467018,24.0956357738672,21.93499422131475
146.24662260981023,144.53083850866636,14.20549183626794,0.0,3.524947720251997,3.524947720634044,3.52494772049613,3.5249477203783375,3.524947720014052,0.0,202.66744491440295,4.983324170831875,20.32067095198964
164.39544356535865,165.961078650546,24.526653701665722,0.0,3.605314171838955,3.605314172223599,3.605314172261002,3.6053141726532187,3.6053141707011673,0.0,195.58197817446126,7.119825900141434,20.707958961898505
180.49999704839752,179.59742117140303,25.028783503874344,0.0,3.6327346297653524,3.632734630438688,3.632734631902467,3.6327346337806983,3.6327346249014907,0.0,180.82200767440696,13.21662139894758,20.719426874482018
199.72131790810855,201.9618584297477,15.9349578322166,0.0,3.9891642966054435,3.9891642974205705,3.9891642970401087,3.9891642972886507,3.9891642957105167,0.0,151.88667822013065,15.691967360555578,24.03677623202029
180.3317236622757,186.0514481003472,21.07691925058903,2.75518317398582,3.511812572883964,3.5095003713174577,3.5325719634821597,3.608826420413503,3.439893366727032,1.0,178.5861338189121,19.65842701306876,19.962266223899764
196.65753330664828,192.2560404732362,16.318742986874312,7.086952068098301,3.755525613075642,3.748750706780521,3.8163520173655705,4.03978269042808,3.5447975211189093,1.0,160.79584381978248,26.39433793125455,22.77960233032479
203.1274072022457,198.13003762540873,24.075504801600268,15.466815911805671,3.9015348233947034,3.9015348240525896,3.9015348241756516,3.9015348252936315,3.9015348209412313,0.0,171.20264055363054,12.036942783248348,23.344558449853643
220.6839918335458,222.23386587538852,20.242111583481233,14.337370277406851,3.7860840258557804,3.78375500395176,3.8136990804742443,3.8473423204045103,3.725179031242468,1.0,148.7021419103482,24.851482590786045,23.323536125259537
216.95056802426532,215.0437774725324,21.911634131580612,10.793558281586185,3.7580313525646307,3.7387184792022636,3.9314260226428934,4.568348233879291,3.157319730376593,1.0,151.2668683448144,16.854199558902405,23.44554650478645
223.37042248111453,209.34880489356618,37.19373315191542,16.18201028905628,3.7148245214431235,3.7042466607387707,3.8097945729970575,4.158643445734245,3.3858085615156246,1.0,167.20098346065328,4.609841199840906,21.738544201107985
223.88287671003,232.97299256172855,13.738389069374863,17.624396473821307,3.9189142923359777,3.9189142937929398,3.918914292764898,3.9189142923996996,3.918914290651648,0.0,139.41246720967874,25.5497495469244,24.229491887205302
219.43026006973687,224.5678214781978,0.0,8.475455537495575,3.9950204477780478,3.9950204487480527,3.995020447882273,3.995020448018293,3.995020447728393,0.0,123.59784256050659,20.71631002637008,23.009397018929516
211.50295205553968,210.12082559025424,21.039954032920953,8.502584125052262,3.8294159460556636,3.8246607971503837,3.8721085844489314,4.028929376120654,3.6815107999912753,1.0,152.59036959042794,20.86077945276573,22.99120273095801
229.71572037912694,225.58426703910018,24.01223058169668,10.13913817952634,3.9440737439724627,3.9300642311187772,4.069853836597054,4.531875735107909,3.508318922690734,1.0,137.66234048653945,20.07599062132744,25.167676314258998
213.90253237485737,213.6262518853866,27.097850951105958,3.575237549705467,3.9486027262148506,3.9301422951259006,4.171395828868919,4.412893051058539,3.4725809981632056,1.0,147.2004957530525,18.867957293525635,24.190046252984406
209.86760205789525,201.77589016914266,19.359198409760936,1.2792280229409449e-15,3.8548391401183166,3.837057677499952,4.0144845087318926,4.600902078017662,3.301760846825547,1.0,144.56104914470356,20.521169139238264,25.542021610300903
167.51441864948268,166.7361218090921,24.209479595917887,0.0,3.5791407240244753,3.5791407241293687,3.5791407241373916,3.5791407241856548,3.5791407238516992,0.0,192.79934050435614,2.6711535682562183e-08,20.710704613505484
183.1981319929031,188.34586416842325,18.64472899041515,0.0,3.698275763464222,3.688771264861578,3.783608968078924,4.097059278684168,3.4026458709974183,1.0,169.17930444928402,17.122025618585525,21.663313975478612
162.89987815309527,162.83332536997267,19.619432480844324,0.0,3.550603133074196,3.5506031336402732,3.5506031333977957,3.550603133403031,3.550603132323035,0.0,191.56236512269737,11.35371304502638,21.29026771510567
169.14557662347625,171.94319315540469,18.818698455413923,0.0,3.5439140964725544,3.536710882216552,3.608585930484063,3.8461418330995225,3.319863828722566,1.0,184.68905824018333,18.217501732378807,20.85344122138966
163.42933346040866,157.0063479264727,14.212999883195913,0.0,3.525105444815481,3.5251054451823483,3.525105445029441,3.5251054451307464,3.525105444582124,0.0,184.96027122581268,6.650906909528724,19.041092105917922
140.11005471791546,140.809127350733,0.0,0.0,3.4118784291558844,3.4118784295231284,3.411878429332654,3.411878429245263,3.4118784291500286,0.0,194.88994528208426,10.978194980337863,19.59621103818897
160.72730231659028,159.086466273972,9.30136803347199,0.0,3.4178352563071526,3.4178352566595516,3.4178352564306973,3.4178352565037233,3.4178352561969287,0.0,186.4729329875097,5.251824582082857,19.114520627563767
154.68215292893575,157.39512647444002,11.266144673713349,0.0,3.6099883240916046,3.609988324530784,3.6099883243200193,3.609988324356834,3.609988323865835,0.0,191.2638035428643,8.938069466952696,21.82348431049266
162.71116321947207,165.64096570459955,5.142274709305783,0.0,3.6425172737949083,3.6425172742678065,3.642517273976726,3.6425172738048617,3.642517273682799,0.0,177.38644472775132,8.057946809642951,21.361328204180058
162.900564215248,157.44963384989214,14.486868738375923,0.0,3.6851942393324335,3.685194239619469,3.685194239422764,3.685194239481591,3.6851942393618042,0.0,186.39865674761535,2.2266021209864798e-07,20.826472128296487
183.3517969684972,177.68995812085953,10.687979506390885,0.0,3.721125024615418,3.7125534471746438,3.798082284494529,4.080765645496345,3.454512905580078,1.0,162.89255964212634,26.094614005028493,21.38968637653326
204.61061611795955,192.9335816959461,10.098339325614074,0.0,3.7655656221834577,3.7577616839974053,3.8356308736206133,4.092998147926604,3.5228303051474064,1.0,142.34142738679748,26.563710268174894,23.030617343305153
192.98975858229048,194.35952167435477,15.907529351240196,2.9081781504599875,3.8482522911579946,3.8482522917187447,3.8482522920185183,3.8482522936151793,3.8482522886850727,0.0,161.93196901463742,19.735854265722683,23.20163504535416
195.66692681651975,195.7265993619845,7.8664321937520105,1.725420430544647,3.8525822418634217,3.8525822424127862,3.8525822423397504,3.852582242792378,3.8525822406460746,0.0,149.79610063462815,25.471542919413643,22.8844557687668
205.39749041422468,204.70409700380327,0.0,14.177626077935813,3.8644243225221873,3.854829326794721,3.950570030017331,4.267004866586798,3.5659795804963896,1.0,143.26993032902038,40.54482736432693,23.344004689618895
211.12609591348573,207.7468234565076,5.2207988273370525,16.989364255070804,3.7628378343094964,3.758991837424266,3.7973679324154506,3.9242056608539424,3.6432111393359223,1.0,144.6105575099116,33.7419794276771,22.94132373458399
214.83592043047574,217.28671529278648,20.665897837461184,13.48823347437428,3.695620064077998,3.6788966873966586,3.8402349179790334,4.223530229128064,3.1659351489992487,1.0,152.89825971036095,23.129734545043082,22.63638110730842
220.3115848554602,226.22335767273253,27.11233059612917,16.557577092188776,3.821858500106562,3.8012469228795642,4.00691317758632,4.6866655162809465,3.180751738935702,1.0,158.86189415979172,17.992785157545793,24.102988739988124
230.08047690745275,229.46232855180315,6.2056866088321465,12.17491058872817,3.8922495307217946,3.8922495336498906,3.8922495311682046,3.8922495313941337,3.8922495298631055,0.0,124.00065721602064,31.070986276219397,23.493266016472116
226.41999682461267,226.92306899849413,16.499617691615367,16.796771099296706,3.831025082731477,5.019203446890313,3.859256871269934,3.9629593240180827,4.0081390184700405,0.0,140.94488887138118,24.794675245622177,23.579021381407742
217.87172567854108,218.60293220491565,10.448115305867015,4.280408152236632,3.7572942975123858,7.8366392078970595,4.012857238316737,4.951604166008775,3.8198735367653773,1.0,133.219674337374,29.085745082190726,25.769435664589725
222.64692176475165,230.19940338174035,12.410109043946301,11.025433912552984,3.859284783305256,3.8495529097352046,3.946659406529383,4.267608355286872,3.5565825658500545,1.0,134.75528160401214,30.428641809035174,22.905912341003724
211.8664903661603,208.48039634352426,12.112741485427284,3.045721020394072,3.9112300951376646,3.908862222673341,3.93248931283323,4.010579760242598,3.8375792792902894,1.0,139.3375786099895,27.239537830092587,23.622073303954487
192.13417849632754,184.43203905720006,13.09553322291687,2.69147942587612e-15,3.6439951818116483,3.640323578748263,3.6769595391926964,3.7980459086887612,3.529792868066088,1.0,157.3945751260831,29.108530139549217,22.157202410321513
178.0997808797202,173.18610265193738,17.307115968581723,0.0,3.5408388178082624,3.5380995782853257,3.5654322359288915,3.6557700412410066,3.455636937082462,1.0,172.0638455410716,21.242144697938336,20.234696768918727
187.8187506562129,190.1546411155979,8.046162762674383,0.0,3.590368591480291,3.5838227973558685,3.649137981989974,3.8650127259909954,3.386766855246446,1.0,156.05951405659576,33.1858944503075,20.953403399334654
179.05628009832702,173.46205322447219,7.694098365319552,0.0,3.676284806732434,3.6762848071792753,3.6762848071120935,3.676284807291721,3.676284805792315,0.0,163.61999952824505,25.277516540882132,22.208749947667542
177.3473891823802,174.90795524892798,15.073206771668897,0.0,3.4883210268704463,3.4883210273535004,3.4883210272011236,3.4883210275054437,3.4883210260391526,0.0,172.15106651904,15.725978187152053,20.212220571496136
164.8818103172019,161.92888396479532,20.158671450445286,0.0,3.4699596564407313,3.4699596569549156,3.4699596566383786,3.469959656568522,3.4699596561885375,0.0,188.97281468658434,2.5222242864692506,19.609062308477117
151.4451111561112,151.25771328634812,4.906715420066198,0.0,3.718734772265999,3.7187347727380082,3.7187347724604236,3.7187347725434283,3.7187347723543467,0.0,187.73852472143545,6.02423962514708,20.570344476157413
165.51950788147468,162.11426986756967,10.578057069855861,0.0,3.620646943583281,3.6086396638139866,3.728450591423684,4.124440488890005,3.2471700420091754,1.0,181.84353638243894,26.47845150974886,23.16764936598007
162.46546124904617,161.30304515530108,9.48540625454091,0.0,3.5242727752321503,3.5229837930069348,3.5358455088340266,3.5783550665366715,3.484179988760689,1.0,179.82509339105468,27.618955565779846,19.586569297263992
154.33335513604882,162.5138239063618,13.933388130829892,0.0,3.521334418638726,3.521334419033426,3.5213344188537063,3.5213344189103153,3.521334418285669,0.0,193.31075809673592,10.88093247309872,19.108881605935377
170.67658964896836,173.0476237603957,17.13235817225043,0.0,3.63405249078827,3.6242986193377154,3.721624611596166,4.0432990243237406,3.3306660566844277,1.0,179.46679611186582,19.11943173335185,21.0231150833587
164.20130135993577,165.16336897523996,19.65141218981141,0.0,3.494386913883619,3.493387470080435,3.5033601173167597,3.536320945254505,3.463299986908707,1.0,189.71400546708014,19.27458502984825,20.76835108621252
189.63936482627034,184.99488050790922,6.746256328385621,0.0,3.6170373784451577,3.608323406078568,3.6952730875414215,3.982652508490936,3.3459961794153132,1.0,151.93761554080663,34.430219903122214,21.336540046743362
189.1462687528225,183.91404867069207,1.805327596124222,5.705414116842889,3.608979364138983,3.6079887871472236,3.617872961229558,3.6505413770793274,3.578168226600039,1.0,153.45995316246965,36.21624863309604,21.44327549997073
188.0100311521217,187.09490020278915,14.627878804104586,9.674234990041407,3.5951183361239845,3.587327168129734,3.6650689308545528,3.922015043347491,3.352780236992458,1.0,170.4893548732848,26.897598736083566,21.000103522487617
212.37306839504524,213.3399383757999,0.7007862045411619,10.281171791609706,3.7309284940202656,3.723378471082611,3.7987140419463232,4.047707397603155,3.496091019749833,1.0,134.3944750022717,40.30153403981216,22.60548302675403
214.02665084831793,215.98891520551084,7.3014242799708615,9.047893649523665,3.829229901763034,3.823536609762257,3.881361039925105,4.062581868861641,3.6538923418752667,1.0,138.25389659700622,31.052018517057746,22.450225525720054
223.0415783496666,218.56488305277654,10.732268375688243,11.876256237931308,3.911106093478131,3.9111060951344006,3.9111060944456058,3.9111060955496804,3.9111060905993615,0.0,134.88854831921483,26.42831168053369,24.421152465432378
220.8811378259111,216.3381453143616,0.8784189833394648,16.93781275295193,3.873246321145625,3.873246321869351,3.8732463213568598,3.873246320719302,3.8732463203655887,0.0,132.7263718433239,28.882677631224933,21.865586093298973
217.31953339650835,217.5900172934557,8.313130870276433,18.924209924474194,3.8008708040329373,3.800870805442001,3.800870804334472,3.8008708040619323,3.80087080307552,0.0,146.19248819493157,29.90853771253202,21.49812509687849
228.90603155206523,228.6579121221268,0.41051323651706995,16.81155838757202,4.017221115573223,4.013070714405821,4.020432001372226,4.062527843332606,3.8295287667972424,1.0,122.43884756087695,41.61140629933532,22.950183362486108
207.71839760872987,205.31649701386903,11.456145861538037,16.018660217507264,3.692856719007834,3.6908297826870036,3.711054948541393,3.777901618682149,3.6298104446150683,1.0,156.42165777977914,26.32559434736747,20.773809270279926
201.828223730482,195.15876274109965,0.0,5.0390396697932704,3.7942895762609163,3.7942895774287524,3.7942895764270173,3.794289576544127,3.794289576251069,0.0,138.6651374356339,21.433666529537813,22.819040806904507
198.9459869928543,192.33406185752614,0.0,2.5644358258766e-15,3.7877227311477015,3.7868183966483455,3.795842025198927,3.825666222207851,3.759594107151929,1.0,136.05401300714547,39.658520892838325,23.234794296154217
178.10711551388835,182.46310123977625,9.721439362987143,0.0,3.5981003917341017,3.5865842107054244,3.701494863616959,4.081288749518627,3.2398987190911246,1.0,167.118173738393,26.46700614674921,22.629977220870686
170.99881769713647,168.9838022492775,6.9165188771230985,0.0,3.8112877596011594,3.8112877601885886,3.8112877598077723,3.8112877598718673,3.811287759525805,0.0,170.86931312986383,10.303548571594174,22.91491884707803
164.05870887898664,166.97199980346298,6.071116839939561,0.0,3.6901457837798968,3.690145784179457,3.690145784084508,3.690145784151582,3.6901457835568645,0.0,177.3376015527547,12.752589925225768,22.678161635431106
167.94248100361042,168.90653199868774,1.5952754430129192,0.0,3.736175900872395,3.7361759026598715,3.7361759007094197,3.736175901711162,3.7361759017919933,0.0,168.64463264280568,0.2226035450261433,21.498410723051173
154.27033060258404,162.0666097649018,0.0,0.0,3.7495676855244136,3.7495676859718627,3.7495676857445055,3.7495676857913884,3.7495676854965048,0.0,180.72966939741582,15.861519411663805,21.269656166910835
158.21455658650606,159.04846975802357,12.224690831915549,0.0,3.530127582521007,3.530127582976797,3.5301275826511316,3.5301275827362484,3.53012758250735,0.0,187.95033392496052,0.9022117016033988,21.084409701827475
154.80369619463647,164.1394161407219,0.0,0.0,3.7214681532928666,3.7214681537316165,3.721468153473081,3.721468153478688,3.7214681533786136,0.0,180.1963038053634,8.212797851198827,22.91602134132485
158.77590240044944,159.25288318070437,0.9701595384147221,0.0,3.4776050151798596,3.477605015543995,3.4776050154387677,3.477605015292787,3.477605014826187,0.0,177.0482573718854,20.393014744689335,18.785228199325523
168.39845076715656,162.07240833505605,0.7033435593753105,0.0,3.441228847075376,3.4412288477668125,3.441228847362918,3.441228847399558,3.441228846568593,0.0,167.33351035022815,27.17292220072404,19.041922488699353
178.45165511754527,170.82812221343602,8.959766292013832,0.0,3.5907989546119534,3.590798955213167,3.5907989552873163,3.5907989564542073,3.5907989526775896,0.0,165.6600583888848,27.087515521487614,20.5399511544141
177.79494928404424,189.12204110221083,2.7460076615597577,0.0,3.740043346386257,3.740043346781285,3.740043349578881,3.740043358674843,3.740043336207532,0.0,160.02313310963032,33.139675374307146,20.84536662350218
182.90703264667968,179.04895902957642,1.6489196298611044,0.0,3.8640400556584997,3.8640400567558313,3.864040055815648,3.8640400559525374,3.864040055648127,0.0,153.8589051241047,17.155402250775946,23.01107745527205
199.02564773245604,202.53914975516165,0.0,5.785731980579405,3.9835469828351635,3.983546982332082,3.9835470084180016,3.983547097342503,3.9835468959563425,1.0,141.55732789114325,39.34574361764755,23.007414520389435
206.24470720986733,210.00831831287348,5.450608172484846,5.717220934940174,3.9211978938806538,3.9211978946756485,3.9211978941190195,3.921197894194626,3.921197893536895,0.0,140.15363682487094,22.001720032124883,24.34966720380009
210.42723930805784,211.92080433013624,11.127642268265827,7.101143891803458,4.022731639057977,4.0224267065895125,4.025469384255285,4.035525809224949,4.013246945591065,1.0,143.54935806486313,27.01225672544959,24.76206317288018
206.33598906013617,202.01621876851993,7.164264236947348,7.762382329256947,3.74884810243813,3.7451849616529977,3.781736483492291,3.9025437735050605,3.634909002265807,1.0,144.4527509575511,33.28086102405157,22.85184785639916
220.72335842433864,220.23321918974182,3.112022681629586,22.541141735785562,3.917057165337437,3.917057168769736,3.9170571654768747,3.9170571652094965,3.9170571652872646,0.0,140.3024795142606,17.660620473328272,22.845795241172258
215.5330768655845,214.78118143769257,5.506624163929371,16.924564294127066,4.037879731024536,4.037879731690469,4.037879731219692,4.037879730722619,4.037879730298073,0.0,141.62058655981807,25.692264518700895,24.71018275621101
215.85452917288717,228.09671437133002,11.606476563904629,19.604806619925046,3.9159103098607178,3.9159103140956764,3.915910310059368,3.915910309709154,3.9159103098133743,0.0,151.0592244944526,13.076909109717997,24.396827335269375
219.5892170463652,227.70223965123398,0.0,15.98626670946648,3.934092478676453,3.929864661945276,3.972050628655489,4.111480454364226,3.8025895794567446,1.0,131.47949022036403,40.2208382345915,23.08294031852778
220.82593210397457,216.68914108014903,0.0,10.789856930516732,4.035307264829742,4.035307265818728,4.035307264954939,4.035307264944134,4.03530726472224,0.0,124.15809922924558,21.199307759775976,24.93995389830603
223.18992213205766,226.58364968092542,3.436521402189881,8.708773016531817,4.086826677101494,4.086826678777003,4.086826677501419,4.086826677026868,4.086826676808175,0.0,124.4631036557148,22.759229524076055,25.75451809003689
205.15533172212795,202.40533277463732,0.0,4.676100836144953,3.788742871821796,3.7887428721543763,3.788742872473617,3.788742872182164,3.788742870489472,0.0,134.06071009991007,37.316449225996315,22.406080206709102
195.85984234693862,189.4927911706847,16.888991438560492,2.0452058254282264e-15,3.761564114530897,3.7615641152409647,3.7615641169275045,3.761564113861395,3.7615641120858156,0.0,156.077872509607,15.806368816214178,21.13418740541321
192.99610920789277,188.4729119697761,1.764128477403361,0.0,3.8451029719007352,3.843013057999687,3.863866621757256,3.9327902229982925,3.7800978455548666,1.0,143.71852596770682,34.665355709133834,23.239428425788006
188.4613717753063,180.31782970576114,0.0,0.0,3.8250871943538205,3.8148988922651177,3.9165597154093796,4.252561278906283,3.508188143145247,1.0,146.5386282246936,36.89206321966763,23.312321138616962
178.53030289316675,180.0325958956605,13.388643009863058,0.0,3.775828842412741,3.7758288428956712,3.7758288426564843,3.7758288427238025,3.7758288421258794,0.0,169.36005162936382,9.17663350318029,21.50222476372915
174.83406957829678,172.67643537448714,10.74660863639669,0.0,3.840775486685498,3.8407754871770265,3.8407754868589397,3.8407754869007364,3.840775486491533,0.0,170.56269906930885,10.360735797151682,22.86540114344939
166.21648968565756,160.55971352316146,1.854682083204753,0.0,3.721641952171236,3.716570737418382,3.767172286589256,3.9344166494968653,3.563905840796516,1.0,170.64325355515038,33.81237357845571,22.39724815378214
158.76717690184952,153.73904105326545,17.122942506764346,0.0,3.3513750386774963,3.351375038631956,3.3513750406998777,3.35137504712088,3.3513750319021782,0.0,192.07171742175865,20.433515740372425,19.915730249347522
159.1405409437505,154.89420903342733,4.515237658750013,0.0,3.7293032264793906,3.729303227073475,3.7293032265986144,3.7293032265976493,3.729303226623066,0.0,180.38445074601262,1.332913274896937,21.317511005501043
173.30526556865573,176.3913963814248,5.9775962511137815,0.0,3.7746229578821455,3.773982543807016,3.7803727272061867,3.801493071402535,3.75470335424622,1.0,167.38724651720844,31.35255763427005,21.56511161270343
165.8167425974719,159.00464408161594,3.2295563608914524,0.0,3.621711124188488,3.6217111249175384,3.6217111243414313,3.6217111245022404,3.621711124383257,0.0,172.17681952794493,5.387493264592074,22.08872927983373
165.14507353296514,167.02318673010154,6.036663770985224,0.0,3.4544492591336113,3.454449259539527,3.454449259337482,3.454449259251274,3.45444925882723,0.0,175.75168280811548,16.629313581694273,18.444173567133827
185.28270437427747,178.45062484942994,15.942254213837787,0.0,3.794905164931413,3.7938530007824243,3.8043517117868593,3.839051249157088,3.7621783790918863,1.0,164.42993654262676,25.122589489811038,21.90503629945015
185.00260917793557,188.81171034282164,0.0,0.0,3.711628051891192,3.711628052582167,3.7116280523023364,3.7116280526464562,3.711628050999185,0.0,149.99739082206435,30.56916462232509,21.759761770397308
194.2716698719674,196.397428090261,13.063316781193368,5.167557382910801,3.829540459037148,3.827097243583542,3.851476119170968,3.932051310887305,3.7535461633088274,1.0,159.39143248612487,24.9728350571005,22.86642269922143
209.52965547461477,209.58079002618356,0.0,6.617154957958837,3.9230810283469277,3.9230810295984946,3.9230810289134026,3.9230810281372883,3.9230810279847463,0.0,132.50423161260161,21.008590868187053,22.644290504651117
188.2178882280715,191.69904047903265,6.347536928920017,10.570663579094829,3.7163123321716194,3.7163123330634225,3.716312332323095,3.7163123321940104,3.7163123320122105,0.0,163.70938739009554,14.96363265355893,22.722560760906095
225.97607812199485,215.9864860681729,21.375206764620405,18.003133026626394,3.885533681805618,3.8756032499313,3.9746910275507368,4.302188370837787,3.576655364568361,1.0,144.0637652292495,24.21680944425251,23.2003625219042
211.19647796088879,213.23371956548914,0.0,19.115431960275245,3.7969256692847875,3.7969256700467082,3.7969256696086817,3.796925669540753,3.7969256683983814,0.0,143.645042054433,33.11298924678876,21.589881709834298
213.69494642224012,215.01369456962541,3.2765119397922358,14.915754513165226,3.8309511854467724,3.8309511866072143,3.830951185710427,3.830951185970228,3.8309511846077062,0.0,138.50807445787504,32.08920784942255,22.866815435907657
230.49806101875294,231.19675885968476,19.383545240741537,17.931445415411332,3.8205410869782295,3.8045322224658418,3.9083406414985,4.280620899820594,3.226351304281023,1.0,142.4894540877267,25.587236912418437,20.18002638790805
222.7124044392968,216.4961119346422,6.3711911280036455,15.449056870512724,4.080704529718767,4.080704531804409,4.080704529996416,4.080704529869607,4.080704529291565,0.0,134.3326804875075,23.288726437260227,24.820427962630202
226.03186965140654,224.02385411171215,8.918747755472824,15.226475732638919,3.7923336991122234,3.791501117371384,3.800995316831875,3.820814176871004,3.7684785898788355,1.0,133.0981895481862,34.68541430249192,22.73567300186092
224.80726743214305,226.07641177180508,4.4815839194846925,11.042630638115154,3.8587983609258982,3.8584089573344733,3.8622945038117287,3.8751367149419456,3.8466862603826195,1.0,125.4103515989652,39.320932403871964,22.08691827210283
193.79323974993406,187.78776685146613,11.760117381981285,5.610591593185793,3.7856968073113983,3.783770303079679,3.802993336274647,3.866527833378947,3.7257744010895015,1.0,158.18324427706293,24.634296099592778,21.75711893355188
209.76265009308787,206.114735685166,0.0,2.346484673849655e-15,3.79323523775725,3.792472689109254,3.8000815590373946,3.825229815403341,3.7695167195039305,1.0,125.23734990691216,41.887628815412874,23.333652654138948
194.0843337893497,196.20968438634628,6.978624518094071,0.0,3.7668593490577553,3.7662072755173837,3.7727138063133987,3.794218695112735,3.746577063282374,1.0,147.7740211016084,30.24489558033217,22.91601215699562
181.31893377957778,179.9130414371162,20.368287262614064,0.0,3.734424980878303,3.7344249814147226,3.7344249811885346,3.734424981312261,3.734424980249141,0.0,172.69090350579756,10.617101371764608,22.086452704438283
192.1443763495016,197.18612535840603,15.370626300303217,0.0,3.7128226532347055,3.7128226539426454,3.7128226535327746,3.712822653676612,3.712822652515781,0.0,157.2848299508622,16.969452425690363,20.60234810501338
189.87104595642882,187.64103274121737,5.886905480089263,0.0,3.602159184203519,3.6021591846796412,3.6021591846915135,3.6021591850543135,3.6021591829639976,0.0,150.6282976877711,28.80440108175896,21.20566569563315
159.6692753776916,159.23723902904496,22.504056329135633,0.0,3.4870019837973603,3.4859901993628295,3.4960859783308775,3.529453773451987,3.45553122935922,1.0,201.76750998312846,10.253831102276179,20.387569195621243
173.27694546294458,169.49516238065573,6.811492823216857,0.0,3.863661338051309,3.8636613388254544,3.8636613381871285,3.863661338264686,3.8636613380275833,0.0,169.26990930858906,9.18967545342964,23.130040708997292
174.38407686131723,170.4284387746111,4.619485322189699,0.0,3.6826690376407383,3.678247777867239,3.7223639537307793,3.8681733580443103,3.5451492548278707,1.0,165.3858100573176,31.83878772473086,21.767666937019477
167.53692200447057,163.73455285603671,24.040446924462305,0.0,3.766330760941352,3.766330761497506,3.7663307611765386,3.76633076128577,3.7663307605912397,0.0,189.13698263642272,3.429955697549091,22.1647844545943
166.00944620801204,166.80961060173013,19.03544073519851,0.0,3.652615067058734,3.646667953991832,3.7060093849899585,3.9021401352170404,3.467634829608087,1.0,190.26627486573608,16.275946636592025,21.520120797784838
157.6685143268851,156.01043383476969,15.351106545585184,0.0,3.5940382052818394,3.594038205660926,3.594038205458816,3.5940382053965743,3.5940382050672173,0.0,193.1042946570904,3.436581193278481,21.869002569115466
181.3798599603951,181.9688267306688,10.771517683224264,0.0,3.9590686743447567,3.9590686750071216,3.959068674652979,3.959068674521283,3.959068673964505,0.0,163.2384729832711,15.02327690875704,23.29033779634765
195.00245944052705,194.01295635264484,21.60200821247832,0.0,3.7124043481153115,3.708930143788001,3.743596423686189,3.8581727511445667,3.604341962204276,1.0,162.34275623191013,16.371717273014443,21.028605944999608
212.86152983125427,222.77450204475045,11.777043538601797,3.6555271481877805,3.901747776279783,3.901747777073965,3.9017477767215225,3.901747777299545,3.9017477750794507,0.0,136.96597641606115,22.62177443127645,22.63480286618656
192.83413134559765,188.61515000523175,17.435672111880013,7.652174900322153,3.8524791344834792,3.852479135077304,3.8524791347929592,3.852479134701387,3.8524791341110154,0.0,167.43194975248286,7.761364289903848,23.3021705392558
217.91689662654852,218.47587697524145,9.70123324986753,15.06259879132396,3.8438093348849804,3.842077964930379,3.8593539322993964,3.916453126929917,3.7899563552528486,1.0,143.3314628092481,32.64186411165221,22.563075543454747
216.94505567249394,220.0326751909436,10.609765712232761,12.827079895477507,3.583971070351235,3.5779554181212645,3.637980746847709,3.836371853947764,3.3968589762278043,1.0,143.11234883321669,33.27453988628306,21.608049611421965
220.83540465698917,221.2273416381154,3.09614033520037,18.583149569037648,3.881858699072816,3.881812538340889,3.879021485985295,3.8714932231911097,3.874827150672087,0.0,136.34089630729818,33.35925936114272,23.86791939430689
235.3135298811122,236.75677687380738,9.62809169285015,19.594107261917312,4.025926091835359,4.021145407418497,3.9808510932266716,3.8452172576569916,3.7258007020102513,1.0,129.29813156345034,32.390161224379796,18.996324850242317
232.18031052668135,224.34655811434865,9.54462168410045,18.636757360587552,3.80227565405645,13.21179494106944,4.1514201461775535,5.5188853838699075,4.280425080566288,1.0,132.46021627702822,35.48333828216137,20.82296639357328
221.7040866037959,236.9613380357239,0.0,12.208178963641096,3.9031328838391413,3.900711843384753,3.9248694525451215,4.004713332158812,3.8278283236419184,1.0,126.51012463737464,41.12621773117425,22.58730570109587
215.15304784933932,217.87725051389097,8.251166410246462,11.285838575811116,3.7975337265503724,3.7834967998783755,3.9235599413132496,4.386485907951439,3.360926235767805,1.0,138.27190336876362,33.820249774884154,22.45260825544908
221.07113440867516,212.61751482814884,10.6946387458763,6.613537628451485,4.001743284555879,3.990648720155111,4.101352417228784,4.467241800768423,3.656655609787697,1.0,132.93752852197235,26.008551747110182,24.915197170636418
218.79251841974798,221.02879464141597,1.8764638308424475,3.389642794955261,3.94492981082742,3.9449298145741847,3.944929811309411,3.944929811747774,3.9449298102558896,0.0,121.22890482903773,32.948452290481626,24.724575883697973
196.75922620391427,187.93323900135258,8.352474345989922,2.5594737126113484e-15,3.7426823751128477,3.738243039331402,3.7825395841020777,3.928945131017514,3.604600341952472,1.0,147.19446225805427,31.371963623446426,22.795377325385584
219.16048410231724,224.37386224794216,0.0,0.0,3.9800076823124857,3.9800076833199944,3.980007682722181,3.980007683281368,3.980007681067568,0.0,115.8395158976827,35.854100811358336,24.377907898024887
183.41623980506964,177.74179708533765,18.141779466810416,0.0,3.885560344227652,3.885560344953292,3.8855603445733875,3.8855603442963083,3.8855603438129953,0.0,168.58947067664153,9.021912273221421,24.10404284222336
188.35344808902926,203.21557098536024,24.124930644939003,0.0,3.521447571911502,3.515478310541631,3.5750407442570555,3.771901935184811,3.3357784203742664,1.0,171.1724234390107,17.256630445226897,21.391323574584618
169.1816855491395,163.01105117924973,17.442051176006935,0.0,3.5387546508228613,3.5337768324746377,3.5834464549401766,3.7476106852907254,3.383923558761332,1.0,184.08269619140077,19.45134121747277,19.674125278900377
162.17546592034964,159.81930169708946,13.770843848094485,0.0,3.43993176625476,3.4399317667349605,3.4399317665743383,3.4399317665083657,3.4399317657331427,0.0,187.6491102254325,10.552207718205624,19.82167416677575
166.14776895945477,165.73309293306176,21.39890991214497,0.0,3.6151133042251353,3.615113305794929,3.6151133048428226,3.6151133041703627,3.6151133034532497,0.0,191.0886740980099,2.479597295465196e-07,21.570323149916824
165.5568118906377,165.002078750189,29.467818909100263,0.0,3.499962898600899,3.496558567587391,3.5305276328496777,3.6427995846106285,3.3940738822536725,1.0,198.98474613649302,6.889508772250791,20.938180362408076
144.3967641722365,145.60594742394042,25.08419879834719,0.0,3.3309900249533633,3.3309900250537656,3.330990025038739,3.3309900249920763,3.33099002477734,0.0,215.44496752993604,1.2044365412051127e-08,18.350848904389185
165.08053934846643,165.2380010996821,17.09335379977493,0.0,3.636599513828571,3.6365995151939483,3.63659951437968,3.6365995145224055,3.6365995136006783,0.0,186.31462461365055,4.48544953516039e-07,21.91828389948608
169.66828169783284,175.22868514849873,10.978678852417419,0.0,3.6693971276902446,3.669397128084489,3.6693971282265125,3.6693971289129546,3.669397126217057,0.0,175.12686345160375,23.045659362135783,20.901822956678952
175.40760166861048,172.71790884040146,14.596072436708821,0.0,3.6456800626386303,3.6452910188565006,3.649172973541584,3.6620033124535523,3.6335791594522333,1.0,176.31553748517084,17.96571153011738,22.37325750673542
189.87146209655754,190.5624165102993,17.642277896737117,0.0,3.8327632097330797,3.825605578581864,3.8970257924730176,4.13307841266722,3.6101307594490635,1.0,161.73214894316885,22.178201587028667,24.334720488925438
200.71290297292512,198.74671342108945,30.690712370800135,4.703452618266775,3.659730932511842,3.656032335122758,3.692937654125154,3.8149142885497316,3.5446889676163833,1.0,166.67175535697388,13.02609423150989,22.3250703121909
204.1489531003375,210.36373491540806,21.325748166495284,6.781068514133952,3.7332995075078763,3.72014103741312,3.851438766058223,4.285393959864268,3.3240157298176944,1.0,158.17799130225134,19.06133366907192,21.87717313734393
212.81395653495326,214.3683574105469,24.452422514834538,13.913018435610821,3.7139367400572176,3.7055337142301386,3.7893807330298177,4.066505472192872,3.452567215636073,1.0,162.57938370361353,16.33610496157044,23.475570997711355
222.80645465576413,210.4955716547373,13.815613465427365,11.83524126209104,3.8709203746239655,3.8681437809217427,3.9072796267939918,3.925257610627085,3.804226228783463,1.0,139.55864526520588,27.17674993493243,22.539354211336864
214.3590341119208,211.72503461307366,23.842813074727015,14.895051554414971,3.710270112553957,3.7098414747202897,3.71411850855494,3.7282546334636395,3.696937660124182,1.0,159.9548893369507,19.000122615220086,22.227724041913742
223.7711544103689,221.46725642335818,23.374622190104166,17.776648776288894,3.8671271899248167,3.8671271913999146,3.867127197562113,3.8671271776073253,3.8671271794811926,0.0,154.75858151055994,13.321945371365162,22.42596608235018
228.4736435603731,217.11167401409799,12.682256444226317,11.635423332982798,4.1057196168263745,4.105719617779061,4.105719617278937,4.105719617374453,4.105719615246809,0.0,130.36875352181065,26.17240920123883,25.137587226804825
222.0951584189501,215.81143572266265,27.76722971600049,15.361924197169685,3.9103591041570795,3.902930748714527,3.977052309821251,4.222033218282894,3.679305959549506,1.0,155.77136995541656,11.952140119692801,22.768192293493453
218.14105455637207,229.6906966467645,24.575707242511612,12.381071738937994,3.656834545025049,3.643093115926139,3.786281923862605,4.200355488040622,3.2398708762687054,1.0,155.30668510053698,20.878815578267933,22.29335635952253
212.51185273719153,225.5564976118256,21.517885902399,10.349926332146365,3.8520197800451115,3.8395258856024697,3.9641923529260015,4.376230398572396,3.4634071010826255,1.0,153.48831634902575,21.03692636117116,23.856664797588913
219.1067150530852,202.26192764785512,28.00818967828098,4.499430289522384,3.929919677579592,3.920327483912647,4.0291685476061785,4.260988000236062,3.654153420411018,1.0,145.6078851721358,16.45329792206227,23.193183885801318
197.12884006535057,186.08236613009964,19.081540573195923,2.5697612223023946e-15,3.7929696680913043,3.792969668305418,3.7929696721548276,3.7929696856090622,3.7929696544344806,0.0,155.89333292535852,17.266431544555296,21.57927665485724
199.77484373547526,206.6978897185252,17.391346258418015,0.0,3.843621961044889,3.82432162154617,4.016904095664375,4.653412934085402,3.2433002097440817,1.0,151.15562329184013,22.689715860307818,24.022658725239552
186.91487637381766,182.64044204682108,9.266843407243112,0.0,3.8482195943589006,3.834239515759652,3.9737354083662386,4.4347865450183654,3.4133803449927793,1.0,157.72286237861496,28.495407917872367,23.693730826807695
173.2519403027728,175.16840367245968,12.549663821621035,0.0,3.631936317295864,3.6207499127966516,3.73236999234305,4.101288127354147,3.2839920825629125,1.0,174.82163378852215,23.50824958887863,22.72716220994722
189.22704030478798,193.94126898538585,21.448343945636832,0.0,3.7617856667300704,3.7617856674626853,3.761785667181036,3.7617856666955465,3.761785666095723,0.0,166.73545293074383,7.511044072781839,22.02450507576478
185.03604747002893,196.61697330512501,13.874765643703627,0.0,3.751953186163763,3.7519531866562996,3.7519531878595966,3.751953190358536,3.751953181599678,0.0,165.25117539969267,21.97645528457842,23.060207446751317
167.5981214374668,160.99534549558965,26.15876435888694,0.0,3.520528231717355,3.51040137832284,3.611449051661664,3.9454240800210147,3.2055405032757807,1.0,196.2656584808413,6.613879960852417,21.86176158445522
160.4766793525511,155.64913696995322,33.11195969492139,0.0,3.547102965742584,3.545980429688851,3.557181312197683,3.5942016097821288,3.512187361223109,1.0,210.69238258415442,0.08387762833725795,20.84773731089216
184.52915517934494,188.71691850465527,17.3018470232386,0.0,3.8177388983444405,3.8177388987709615,3.8177388987211587,3.8177388984788774,3.8177388977969415,0.0,168.31199125641524,9.760494178172285,23.43816963577497
162.0668051258874,166.30778913748887,7.7694962834005805,0.0,3.775418505922386,3.775418506723976,3.775418506041646,3.7754185062234726,3.775418506065252,0.0,180.44198941475753,2.79980581647704,21.73772090128313
183.44134820967898,188.4025796287359,33.297600759656845,0.0,3.6237369671801316,3.622879632312156,3.631434283892505,3.6597084628002023,3.597070244376226,1.0,187.82424205606617,2.568938988376391,21.44594831739875
184.11775343364135,180.51802319512572,24.964407868890966,0.0,3.697269343669497,3.6788077682541624,3.8630208927784837,4.471867997802757,3.1230366881946976,1.0,174.03336443254253,15.14326043477712,24.2868251640587
188.60163138198882,182.6321794357217,30.246127579234443,0.0,3.792642519647124,3.792642520068082,3.792642520156047,3.7926425209575445,3.7926425182133796,0.0,173.82511188174627,5.338828363350447,23.28392373196224
192.23004474455394,198.69074678066355,22.652047801530657,4.648144686490981,3.5996269932290197,3.5996269937858574,3.5996269936261625,3.599626993518196,3.599626992309402,0.0,170.02314458778125,11.235055806486036,19.615951161887736
194.80457231104432,188.20921622741895,38.948798525892585,10.52610752948458,3.6090377479645497,3.5877575019292407,3.800095852692975,4.50190030129485,2.9471326039857138,1.0,190.7550919533558,0.1403752563381672,22.612826259906782
220.7915124434721,215.97083315763578,18.217191692376826,5.992349694367809,3.924826372750216,3.919645738047717,3.9713391048667512,4.142192060461901,3.7636868253914706,1.0,138.2371437222653,23.876864709319108,24.929348906372457
222.11031825278542,221.86667907624837,34.448650626119836,11.83340398237012,3.824465371844356,3.8062599862657005,3.987916799123864,4.588314981554939,3.2582012992891607,1.0,160.74651718325094,5.8568260225127,23.74058093372616
230.86319998129375,232.76696143125608,25.89146305542451,11.644287919480087,3.669793400614787,8.136574590597617,4.089609033070692,5.631714174160364,3.2568655161887854,1.0,146.64810454110832,17.80886152770834,26.394250780302425
224.87705148422538,220.60298137959776,13.695315509982112,19.396263210041003,3.7901183375222267,5.850332877281028,3.8545965861362044,4.149938290974728,3.7046541024405677,1.0,142.54748515504895,33.77990692458956,19.977499226752414
225.67242872384926,222.2309986260553,26.807053554467068,12.210889253453606,3.8731408341697873,3.8552226978585895,4.091759428128686,4.310902068384232,3.4151815385928774,1.0,144.67256827967307,19.056725165799996,24.227647780692298
225.7420304662048,232.82647040010033,28.198864570383527,19.606817131402273,3.728654294811386,3.718582612136129,3.819079785627643,4.151235347194577,3.415382572976631,1.0,154.09322081875519,18.471690378562535,23.290410444580154
214.91313826139097,211.18422198836265,30.34422345532823,4.396804460516308,3.9939406257073404,3.9811119363009313,4.109119062632756,4.532198412118233,3.594914373381534,1.0,153.18861437970403,11.209997815891839,26.007502036879735
219.56947461859232,220.9217127686352,25.285975290032756,8.321759762065525,3.8517700471268017,3.8310832157789876,4.054978186055051,4.624686738361642,3.2383983611914067,1.0,150.46784091502067,18.01986179024405,23.543128332678318
210.72267610698012,214.7434721624753,41.012925203717415,5.411327900664848,3.85402355076183,3.829332547664068,4.075704080581687,4.8899923958166385,3.086029524712697,1.0,170.15135298876868,0.7829601411144724,24.226755398919124
209.11867718915218,209.54510871094163,18.30184255507849,2.3290519620738837e-15,3.658665138744517,3.6461596408765278,3.7709418918644637,4.183362616984815,3.2696915367068264,1.0,143.2362613798143,25.335702785589458,23.27510795810487
189.48722795568025,193.7070743370641,26.661687181205792,0.0,3.8795468228740115,3.8795468236004007,3.8795468235162165,3.8795468241581648,3.87954682132258,0.0,170.73454302654312,9.32484966268393,22.874998284620727
192.24720435874266,190.36000851189036,31.77202512109006,0.0,3.653780829024152,3.6454393496911983,3.7286722306605267,4.003767168724765,3.3943257089772025,1.0,173.42628491160642,10.898584860668107,21.515487969508772
182.8186549337952,190.28064711842654,21.631673823368263,0.0,3.746807024071652,3.744633569316513,3.766320720232676,3.8379994299924443,3.6792034234567472,1.0,177.74375812018,14.897008470740596,22.207829498835665
166.22144429432,169.5915696464761,21.60609799207671,0.0,3.3599412171339997,3.359901318342489,3.3602994400802157,3.3616152816506752,3.3587001834021093,1.0,188.52455305614976,16.037312214849436,19.280310407283785
176.7927363771837,171.73983684995062,32.80716069325534,0.0,3.6399579131566453,3.626869996269233,3.757463724667752,4.189092110155792,3.232868660445137,1.0,192.093554231903,4.635055494246006,23.434446882441
167.93861364347524,171.85397946183073,22.524543718657185,0.0,3.6142162240434925,3.6142162243478917,3.6142162246671132,3.6142162255320436,3.6142162222785634,0.0,192.2840903419749,8.232508768842923,21.98507459823633
148.91375811544907,152.90834682953573,41.442571410070286,0.0,2.974373660488232,2.9133435674194392,3.5223134584479783,5.535034085715483,1.0760811409934536,1.0,226.08624188455093,1.3988097453549594e-09,21.32275221137207
180.8003964405734,177.00706135493812,32.87138674008918,0.0,3.7917037030713363,3.7678862230360624,4.0055415761696125,4.791021841456387,3.0508799185740587,1.0,185.306069021668,6.817996727861007,24.133257416558617
172.55214018724396,171.16875416830794,33.16210601275904,0.0,3.4978967779955172,3.4942768516405427,3.530397167476336,3.649779267800667,3.385301842543687,1.0,195.9681824852938,7.265549015673127,21.049209101080148
180.46170815339957,181.80734867388375,25.077403632088043,0.0,3.5683533426683365,3.568353343109219,3.5683533437450374,3.5683533463728803,3.5683533391800655,0.0,179.1422722935286,13.85210563501819,20.52410916989134
179.50491923057191,179.3681629720101,31.825004900194116,0.0,3.6025646568832665,3.5821095005896813,3.786214947241854,4.460808632276704,2.966323278437952,1.0,187.74154257115322,5.4077910157061,22.382269605982106
191.34532580988332,190.15116022965987,29.617893500830704,0.0,3.681125768180171,3.6811257689168873,3.681125769015397,3.681125768311528,3.6811257670747444,0.0,171.0988083670007,5.288272183898519,21.836068042255935
194.57828228660762,201.31951449299032,32.723157002689156,5.566925822629369,3.665867340241539,3.65301852097396,3.781226488105937,4.204969632586364,3.26621503071665,1.0,178.9019355712366,9.045060869901095,22.993615854516694
198.05638876410188,198.3616480762638,24.03365510829897,11.758208179343361,3.5775270250558826,3.577527026565676,3.5775270286184933,3.577527038797918,3.5775270135313644,0.0,170.32980305056134,19.76775312435117,20.907297399193787
208.72648889754558,205.1016025295793,28.253214525902365,15.166598258129694,3.6350582076665345,3.6183329633245616,3.785220644557889,4.336805008273718,3.1148327452846996,1.0,169.7700631684862,15.234295864656014,22.417334498662917
213.54951894732497,214.66516422362187,34.77836424793014,12.606488694911016,3.6822796343424296,3.6711994903401353,3.781759280844127,4.147173030383766,3.3376405528388697,1.0,174.21081683385083,0.8690659320236246,22.972246918306034
216.9150547796588,215.10539495547874,37.4120106600408,17.393823831336636,3.732119632990376,3.7094388238985188,3.935752263726688,4.6837461081520555,3.026651073809053,1.0,175.71598971769703,1.50494386431806,23.25042497093749
227.19208893961914,216.5859045082445,32.6333758127977,16.861407887232737,3.7146764122889446,3.711425850045896,3.743860688140728,3.8510618631489075,3.6135698813864003,1.0,153.71908852080787,13.481816605693373,21.526469547946988
228.03561445246157,240.54920200659114,35.34345068875857,10.774483059104385,3.8764372429116736,3.8613206200668264,4.012157166550831,4.510690563072063,3.406246691814023,1.0,156.63600321709833,4.839741094136745,23.35936540636198
222.06191968934624,223.70220727347277,32.56342532481512,14.540802647025817,3.6102339354604154,3.592028275805396,3.773687851982162,4.374095178135194,3.043961239775706,1.0,164.93673606012794,7.439925423330386,21.37865262078774
225.98514136121804,221.05219456231956,32.69234392175764,9.944223899237292,3.8561473961679895,3.848460194258726,3.925164581500111,4.178682043703269,3.617043018597281,1.0,152.50263701293557,11.463195010187931,23.800989655401974
223.15257483226182,223.23109737284096,29.127926549720993,8.607826623933862,3.8783660850808186,3.8700444222054533,3.953079575811905,4.227521008252657,3.6195273205942637,1.0,145.6116507154283,17.501257704076533,22.913161980818266
205.2199866888029,197.15300455556695,37.564088330072316,4.134768415395745,3.8015458518312095,3.782399108287605,3.9734489632120797,4.6048923065168905,3.2060016121464185,1.0,169.23318691122424,8.375229946241056,24.91303377408566
218.95526383518498,219.2902955462784,29.241760615655245,2.0927311278468848e-15,3.7975550749623066,3.773343542804178,4.018252956389899,4.795340142697856,3.0501913518786195,1.0,148.58440390394833,11.416428543991595,24.134720384938237
206.24675838396175,214.0630245307813,35.40822776158708,0.0,3.977966721579287,3.9677467085488662,4.069723958032151,4.406771350365651,3.6600812984740485,1.0,165.90144908555553,1.247014590248233,24.309384433308743
190.19885501564266,186.82703150982493,24.28982428418389,0.0,3.755046256049313,3.7482075412995797,3.8164455476148733,4.041980577362478,3.5423334440694263,1.0,169.77935351836794,12.298873690934993,22.111966006295752
183.11677001453637,176.51792187020342,28.963940354993344,0.0,3.5775096717073933,3.5716685988790062,3.629951944647274,3.822585593350709,3.3958277159497046,1.0,184.08911240764903,10.048511556692155,21.589129924472484
175.99766699883872,167.48055107329387,24.738902524636277,0.0,3.5620759492274208,3.5570102695087167,3.6075565919925907,3.7746184182594633,3.404511993401822,1.0,184.55674907852827,14.825877451070763,19.812010194893347
173.63205068769585,173.4396603626504,38.35955075438153,0.0,3.4316986215331386,3.3789196016482834,3.9055587207308706,5.646165988927936,1.7900491467586703,1.0,201.36794931230415,8.994931271967195e-09,25.061022266195305
172.43552234505364,167.54700313981212,27.509371508215395,0.0,3.4657672488762534,3.451754417150202,3.5915771274640007,4.053708433939415,3.029909237536647,1.0,191.51834132893086,12.779080437517019,20.111708293407986
161.17666830448715,166.92031543177305,35.4205827110011,0.0,3.5199036316252874,3.5076485360376135,3.629932214166635,4.0340948582008425,3.1387186256973805,1.0,206.83303898275122,2.78760308472559,21.412690760565802
160.09735090358748,156.42231818846216,27.015426969209003,0.0,3.4656171790514367,3.465617179233254,3.4656171791450054,3.465617179142799,3.465617178858493,0.0,200.59487620106063,1.0867282685950125e-08,19.217199532352826
174.73443144688608,172.22893013873568,25.919411618724126,0.0,3.588503852733009,3.5702272643676083,3.7525945554014144,4.355340953667002,3.020025063857659,1.0,186.966795279121,11.822046693496702,22.77392958673852
184.12408763557386,178.4376438944901,32.254581016482625,0.0,3.5447712847965973,3.5299291504901813,3.678026793808092,4.167507778047584,3.0831184957995617,1.0,182.3833974484835,8.018438721035324,20.815075617958186
166.30084796890696,161.5507781957541,37.79144966300422,0.0,3.1372340968940917,3.0592527640339515,3.8373653532229826,6.409123468041812,0.7116867438690005,1.0,208.699152031093,7.418624463728624e-10,23.016297242735444
193.60974880464877,185.44286563499713,33.48615247737796,0.0,3.7489446800003634,3.7489446805621007,3.748944680801112,3.7489446817648804,3.7489446777925264,0.0,172.34936621071938,7.357965804273048,22.339600828910555
200.60526499289702,198.73156932462365,34.06293170880462,5.20093630591986,3.719662862268687,3.7176438300875696,3.7377901233012727,3.8043760995521274,3.6568624570710653,1.0,175.05818712235435,4.325678235117324,22.6505848116681
216.3365866820799,209.68260148317498,33.56682816373436,10.073502512789375,3.7686181213565697,3.7509711181586805,3.927056290910545,4.509039499700284,3.21972207555472,1.0,159.55989243111412,11.144486029687084,23.496162215236595
218.5093032619977,217.40823209543998,28.21932694353524,10.242246518772305,3.770589512152,3.749287140483436,3.961846282906419,4.664380479828204,3.1079961057632506,1.0,153.50547960611385,16.92055477319094,23.94715734274209
224.44772613016465,228.21375076657088,31.93174296342841,10.614204289166654,3.897340092228368,3.8805556548235485,4.048033986700089,4.6015705267263805,3.3752734518002687,1.0,153.8380137868715,11.271746777718764,23.717403424692765
225.39993665160148,230.03329734913038,27.08865690411593,22.239009094769024,3.8036730578966664,3.803673059984518,3.80367305510991,3.803673046396115,3.8036730491577804,0.0,161.9891522154387,4.442708474379839,23.44763270353345
218.85025457466574,212.68744754817538,33.94683807296464,9.495489252566564,3.859712832845508,3.8365288746093724,4.0678628280208855,4.832450087060624,3.138594235448189,1.0,158.0196313539061,10.105460359604573,25.321253843783776
227.39791623861782,230.74842078298292,28.037087596220218,20.446720220401566,3.8818175221240083,3.8677481234875213,3.961674616686773,4.075068052398821,3.3642500170281817,1.0,157.7778742794509,16.539998254263246,20.844623625412893
211.94098702406373,209.18619938739448,34.78436334963797,17.96563257709125,3.7038577697204884,3.6945152089342947,3.7877370632080196,4.095846791285012,3.4132648331601096,1.0,180.9443656113883,4.605057760335262,21.98953724397469
204.960918906455,204.77378453025617,30.537862676584627,7.973256085909052,3.7344808821657653,3.7344808837640153,3.734480882499063,3.7344808827372464,3.7344808815754544,0.0,168.45065701883317,3.1598659471172437,21.176642766088232
219.10132447364316,218.13488446903096,23.31792775540256,9.177979036648281,3.977840948097765,3.97784094896555,3.977840949324076,3.9778409477156282,3.9778409466100766,0.0,147.61635641656747,15.021411426029422,24.392966588198263
215.5570163523938,208.66479475250082,41.084438810957025,4.529517965892467,3.681566608582803,3.662173282497507,3.855683588833856,4.495259016852387,3.078352607832005,1.0,162.5608093501109,4.056827679691697,24.227264402038074
196.93399664774262,200.22270783592677,44.77985937112133,2.285827654396035e-15,3.631956312782664,3.6142016235829857,3.791361296661649,4.376895869730656,3.0797108144292316,1.0,178.06600335225727,3.643416524474765,22.012608986411106
209.87485599023626,210.944532350249,35.71543544862436,0.0,3.8464187716234424,3.8231458473457707,4.055367525046235,4.822888824857797,3.122532941490424,1.0,160.21062809013182,4.530729395041968,24.51192947719632
194.9148395241761,190.00203493462791,30.095983960840133,0.0,3.4883644565500087,3.4714568282159712,3.6401643649327173,4.197763589703335,2.9624661160283843,1.0,171.1572246171128,9.83952006016455,20.708432141605776
170.9882964115455,171.20742724327442,20.573655768047455,0.0,3.5790755994772088,3.578200493492793,3.586932474774635,3.615792748702491,3.551856100134162,1.0,183.88534969744563,17.347960531856454,20.480082431936257
182.89731042451785,177.41840900539233,24.097442606743524,0.0,3.735856572516511,3.7142341727149515,3.929986606236446,4.643075017731909,3.063308983477184,1.0,177.31784808659881,16.23855642494065,22.80034299865402
164.14860731775875,163.9971758355248,39.382015807617094,0.0,3.348331493228991,3.2957505161091127,3.8204135251836404,5.5544895043695695,1.7128419872403524,1.0,210.85139268224123,7.139237746519182e-09,24.480274916888963
173.3514548566015,166.17943057521074,20.839478745711624,0.0,3.650166229689883,3.6340465656389425,3.7948916555960754,4.326504524486011,3.1487768545526,1.0,188.4289998549642,11.416895104729278,22.82839874254598
172.52871377032966,179.27255835780662,21.44692361391739,0.0,3.683674395691806,3.683674396109712,3.6836743960488865,3.68367439642792,3.6836743947484134,0.0,186.80823053408403,8.839376092440181,21.26979591984062
163.1146030362976,164.09555845808157,30.176674360897053,0.0,3.3998577821267366,3.399857782158041,3.3998577833442014,3.3998577868595077,3.3998577781346797,0.0,200.15931528856015,10.040444003346725,18.032459241681146
163.08136772074832,168.75204037538296,26.096306835548347,0.0,3.2656889480148807,3.2586637142606225,3.328762838724289,3.5604490933602064,3.0471746236931185,1.0,198.32833487546412,13.637109725010207,17.734547026184078
162.18898667432165,163.6871038272499,30.09965731675791,0.0,3.4881680812447566,3.4881680814214735,3.4881680814771916,3.488168081695335,3.488168080594446,0.0,204.21627056986375,0.038217822762845514,20.069760447432433
188.90061471511385,191.8193319865401,27.695001346159586,0.0,3.6432533191364995,3.64325331975961,3.6432533194059253,3.643253319458251,3.6432533186546108,0.0,172.00591930237522,3.7335330732798133,20.47936317946257
192.2479785260073,197.51605056801154,20.91263776119957,0.0,3.72222687111928,3.7222268714135707,3.7222268736597903,3.722226878376324,3.7222268638363207,0.0,165.74338399456548,16.924377877725316,21.04499095643798
195.19950041508653,179.62766407048426,27.977261239199464,4.652408382695304,3.7345060673040886,3.734506068283746,3.734506067770482,3.7345060680449804,3.7345060663310874,0.0,174.92679410192662,1.1602385113821354,22.20913987571609
223.04399870827137,219.43306070203892,14.278919348819267,7.160667971701281,3.784773275764693,3.7682558336947216,3.9381332194522094,4.45026645062673,3.279724165256635,1.0,134.12090847658925,28.2919752985486,23.62888988452334
225.1528685646806,234.72525004411597,24.933660345495102,14.003560595319096,3.8223179224804573,3.8157087569502117,3.881656298856196,4.099621057361869,3.616744984172539,1.0,147.95850819300676,16.670414065229487,23.98128324453434
221.42440542979878,223.46997498180946,9.704048364362592,14.174610088794422,3.883874552771418,3.8838745538833437,3.883874553381087,3.8838745542022854,3.8838745510813983,0.0,136.2693666166021,26.86621816826446,23.00957354246917
226.86680414177965,227.61862278675486,25.019029416208244,12.458722763382738,3.935474267221734,3.9260201274846067,4.031504250007187,4.271514638804541,3.660595868942163,1.0,149.39379981828887,15.462555047133028,24.396368123390804
223.6676873638154,231.42992259381606,32.06592836756336,18.873472885717643,3.759513065744886,3.7566885416220885,3.784872201279136,3.87802267798894,3.671658419319327,1.0,161.73664580505772,10.225737389656672,21.656306434374773
214.42055015725518,217.62014341086717,20.62737784637017,10.95925163451128,3.9386203664756976,3.929119316544806,4.023922610198837,4.337259183031949,3.643097740043385,1.0,151.82536295584953,22.143443024722266,24.29230929280065
207.48271641997417,197.20005139877878,19.790765649231535,17.00918988936989,3.922681178362634,3.9226811789465206,3.92268117882862,3.9226811791072422,3.9226811771628083,0.0,165.45191800935152,13.357451143181079,22.543074875638496
219.99487936951863,217.89829854009417,32.54077118647813,12.60800789136945,3.7353201036671764,3.7262881626808984,3.816410600211522,4.114276370870447,3.4543887265237863,1.0,158.29126321887472,11.768607861978017,22.793106754590884
211.06092146619068,208.4994525374636,33.49083951785729,11.358279724374215,3.714059074046403,3.705843231073296,3.7878224858278053,4.058774036157231,3.45851178033298,1.0,168.88326129519774,8.520120360437648,22.072630604391364
230.78026303054298,225.85904238293628,31.654283555675104,3.5462467230278594,4.119520192215188,4.100216987397254,4.37344107321634,4.491040142561444,3.6578289823227976,1.0,140.21987917017088,10.8197399394049,25.984615347882944
208.4220627362803,194.93410719769844,28.23086830629365,2.7605980982312507e-15,3.7126030936731973,3.703075217295484,3.798146194135037,4.112367467809783,3.4162460525199703,1.0,152.27020973990568,14.81998250160818,23.27799718984603
196.824372460581,202.722195817784,40.063550032407264,0.0,3.8132768027187955,3.7916477913651243,4.007466187638514,4.720772616229724,3.140523595070404,1.0,178.17562753941874,1.5535238940088414,25.41395309351313
180.68631963585048,183.6991682581623,19.19255395189758,0.0,3.708938481873791,3.693178936180421,3.850430690421769,4.370167140683949,3.2187503227509007,1.0,172.62389269991425,22.40675466375009,23.69615653895648
192.4274084948378,198.66831577403852,22.020535561641665,0.0,3.766811627387668,3.7586279612622473,3.8402861475881296,4.110176529203275,3.51226517492392,1.0,166.60837549951856,15.775952182019214,22.397943959767304
173.0976870077222,185.55100773196037,35.4472814740387,0.0,3.536136461422842,3.5287104617862117,3.602808511696274,3.847711708915458,3.3051566095918865,1.0,197.40878229315666,3.332272959546613e-08,21.300636905079877
173.16989032547133,170.89107281907357,23.356560000108406,0.0,3.559242436939322,3.5559466706539022,3.5888324617503056,3.697524059627545,3.4567302217883666,1.0,184.2867094996322,14.228026230608778,21.15998103364862
168.23414008090677,169.79462383182704,11.170694730620436,0.0,3.509732067455912,3.498138610729742,3.613820334463116,3.9961627046830093,3.14912679840373,1.0,178.83878032558462,22.740376770600125,20.19194196642287
165.66015965185406,166.79833321395645,20.51746983136212,0.0,3.3889004935027924,3.388900493869451,3.3889004940192944,3.388900494192364,3.388900492299096,0.0,192.92399281609852,10.45694788338453,19.33200899687281
171.03822690522003,173.7486260351992,13.544179872569728,0.0,3.5135312818768814,3.5045836665792116,3.5938646806009165,3.8889494475824886,3.2352228068748135,1.0,178.3089020344842,22.868997480134095,21.923558630483534
172.66622686538545,166.5507198071212,22.503183870261456,0.0,3.6041624623541577,3.604162462760519,3.604162462593865,3.6041624626470257,3.6041624617417836,0.0,184.75585123972522,7.910373496544657,20.779841318007016
179.43114592212797,179.68906052548542,32.62945273060959,0.0,3.617847150264006,3.6040344085440394,3.75175237199992,4.143599396277853,3.2052346557630678,1.0,188.9514886877526,7.563455152754252,21.435096041245263
188.24304837438106,185.28131408054332,29.32695478508395,0.0,3.6079541977064604,3.584058579155666,3.8224936136137684,4.610550822166566,2.86469997557705,1.0,181.70214943006425,3.7361460130840296,23.291462988499795
192.9404555761003,192.38525131607236,12.650593586944,0.0,3.825329617999763,3.8253296187768906,3.8253296183122103,3.8253296182328387,3.8253296173653153,0.0,154.65532158468943,15.908380864310976,23.286231090106938
180.33546598997523,185.78103319792135,32.05581512115173,5.837942745527226,3.5683776418557263,3.562669459710288,3.6196267998852205,3.8078778316921187,3.390829138034233,1.0,192.94107942472402,8.653143365614534,21.59362007513677
196.09554775131767,186.43648420703065,24.24398605574388,8.956795504448637,3.6379985519584483,3.6379985525190968,3.6379985522782348,3.6379985522353966,3.637998551185118,0.0,171.50777678222647,8.749295449268352,21.003505125314867
216.79252012642726,224.72271788135697,16.479205103688873,5.0426330317959,3.8273407346346926,3.823690510757927,3.8601131501340156,3.980494469573311,3.7138033877692913,1.0,140.8478848530251,22.60193792945662,23.010604142887807
224.75568691815346,224.9397085624537,28.13565233431271,17.372217402410154,3.9563984888490857,3.9539905077818487,3.9539331042070995,3.9663089628078434,3.840054927663599,1.0,157.85296040145582,11.638741615920821,23.11013196240492
230.41223730516592,222.44349916129977,21.105065923772383,22.930452023932517,3.938991204556436,3.937295205332099,3.8347615908798907,3.5581988416017998,3.68067612537842,0.0,149.45475389189897,15.872730415292446,17.846100041749537
227.3954606686184,226.50045814737092,17.642717008302547,19.895749045460523,3.8325649928269723,3.822937416609995,3.8259952501211423,3.884626320190819,3.3730577909990713,1.0,147.14916399709995,27.154858531382292,18.581843576458596
222.84468115905554,221.80331193893625,7.267803135717633,20.22887172557077,3.751880442638829,3.7518804444624014,3.751880442275894,3.7518804389908302,3.7518804390160057,0.0,139.99716268276157,27.532611485802438,22.751302028732418
217.213585463124,214.85128343750574,22.028935374722348,17.73216773472049,3.767243357575144,3.7521619892818516,3.9026467680760186,4.400017533091949,3.298149333197312,1.0,162.63793637088597,18.101636437181398,24.042628073358642
219.21413911901055,227.44927021384962,13.514814814398912,15.587711548618655,3.7711392333723017,3.767979671643711,3.799506389634585,3.9037060847319753,3.6728635449700686,1.0,144.23914965172924,26.774417809202728,22.317796701339798
221.30793293510595,223.59577028678027,16.869393359827697,7.819906585946304,3.7793784946553264,3.7693185099815576,3.86969895965822,4.201468731115504,3.466470646985966,1.0,139.87586624289128,23.87002830449931,22.06542220872526
216.25054440544622,220.71225952624852,28.639807904122726,2.760881929423445,4.0495868235609365,4.0384057481842595,4.149972677774475,4.518715154648233,3.701808260545264,1.0,148.1035454447749,12.685598767922404,24.33662680262699
210.28972366081268,212.26850858469396,21.344889173337634,1.930519002384434e-15,3.898771166811965,3.8929151828286264,3.95134731197437,4.144472702119378,3.716625425023982,1.0,145.5794655373068,18.784018665286013,24.0195500271665
197.26603787033397,198.25904686793442,19.36818688677557,0.0,3.8164994922594007,3.8160836624856893,3.820232893547492,3.833946614404419,3.8035654295211443,1.0,157.2364546996624,20.007787434639418,22.182900088374566
184.42307643591212,178.82189530399972,22.451419591979292,0.0,3.8605233684736424,3.8605233690642073,3.8605233689576095,3.86052336899887,3.8605233674515596,0.0,174.37377617654124,8.797920275822237,22.118720871006254
178.12457159569053,175.8533372703602,19.156515212312588,0.0,3.7060568396545284,3.7060568401044263,3.7060568400943,3.706056840331353,3.7060568386290327,0.0,180.66760249842739,7.096833703943012,22.228483714247442
180.54071476303938,168.05357520016838,9.993083005060504,0.0,3.6925100219436184,3.6809115838169744,3.796643013370347,4.179149666755432,3.3317498090398634,1.0,163.2257847357926,28.95617585019341,22.571598170742824
169.0756782190723,171.87651071064946,20.307830527545566,0.0,3.7402685531445403,3.7402685534569104,3.7402685533780082,3.7402685534499507,3.7402685527152046,0.0,187.50405444901077,3.58737089716001,21.167126226068646
164.43879077153628,162.95797648071962,9.028576339388854,0.0,3.4138181211708973,3.4083049963342056,3.4633160086951618,3.6451341912370983,3.242336747286855,1.0,179.64515388598872,27.817814447051838,20.49798197446106
158.74579397122847,159.0204526032377,8.383747847357363,0.0,3.704574703589432,3.7045747040269656,3.704574703725666,3.7045747036965913,3.704574703506455,0.0,184.2741506510696,7.88277986409611,22.226707348910065
161.0519240223192,155.76745993338008,5.823037765271751,0.0,3.751897158656602,3.751897159185704,3.75189715876636,3.7518971587941543,3.751897158791483,0.0,180.99777070972277,0.922166552584207,21.34293077648214
191.17465855728324,187.00746677917323,19.907676640024814,0.0,3.856515275523908,3.8494440139098454,3.9200024142810066,4.153206631179203,3.6365692883729532,1.0,163.2108970417182,19.04790560084062,23.021814358913595
186.8174128305865,195.1351557862727,27.20123947961556,0.0,3.8115457754877196,3.8115457759239133,3.8115457759678617,3.81154577603553,3.8115457744367585,0.0,174.989712442788,5.765497980385641,21.854087364882467
169.64808188034203,177.21748702355882,1.961181759785096,0.0,3.804483439308982,3.804483439838675,3.8044834396371128,3.8044834396295806,3.8044834387914244,0.0,167.32030746255612,25.261615569028244,23.07434628010814
189.52210037898107,193.6632189682104,18.95251176402124,0.0,3.824071816382858,3.8237160753425714,3.831163099853602,3.8178030272753496,3.8197133962374705,0.0,164.61852748892449,12.466905753695666,23.145689606919852
212.70843825108787,207.56239140645107,19.18118607428815,3.9313779425325595,3.9104446076805464,3.8868521923751684,4.122261826395737,4.900319706925037,3.1766212200233825,1.0,145.69638849006392,20.97531119266743,25.653217314522692
218.8452326011726,223.29761878703803,0.47672914289017854,5.409206508953741,4.007464729027995,4.007464731519428,4.007464729302403,4.0074647295156565,4.007464728672847,0.0,121.66065238907021,33.31362207659174,23.813725852798786
226.70479468218718,234.01487442506257,12.182342451843844,14.255064380078487,3.8576445968254154,3.8428276355087996,3.9906741267201458,4.479325029637904,3.3967746942750896,1.0,135.3402247566776,33.5842028080039,23.06149537765489
218.07471528131705,215.01549336163092,28.383739377081735,11.551927062233524,3.710583307836326,8.63472005788238,4.063328408107486,5.359049829251998,3.6339327895918516,1.0,154.0431078035724,18.446383498014452,25.573901185948174
219.72345234071688,218.90661116689276,18.273735697194468,19.574885540278967,3.7429098731791606,3.730813150074697,3.787641988054155,4.008793256483203,3.256734828032545,1.0,153.08319384226667,27.016139285108732,19.96327504489654
227.09293148182755,228.70045049834653,14.759132441132659,14.336285856582107,3.666449451723864,3.659089679768889,3.7265248406108675,3.9525377959603385,3.427201116545623,1.0,136.8573400958256,27.031635629195904,22.50703148158144
223.7675084183715,225.7352135328364,3.893276495588271,15.784667457412157,3.947785863951192,3.9386334261297034,4.029958209514905,4.331797888796811,3.6631065085819388,1.0,130.838583916431,38.53625467628932,24.321094736659322
224.86574225402111,216.56956716385295,14.64038037788481,10.11735846572668,3.897143906160847,3.8971439080183345,3.897143906837292,3.8971439056334765,3.8971439050824084,0.0,134.08302268447258,19.97174034046709,24.148579923302847
213.42294410012988,217.28680617560164,0.9393270281095141,12.621672735406483,3.871404082662681,3.8714040835868038,3.8714040832834375,3.871404083253549,3.8714040813031785,0.0,133.35790767235747,36.12194113040546,22.13799062010763
216.29760032433356,214.44571552464015,5.058740415538063,9.950563445626631,3.9263303490159944,3.919833611373805,3.98465930682695,4.198916229083582,3.724254456852854,1.0,134.17357213794725,35.987604265858195,23.0342149953698
225.65180696052028,234.4231037679991,15.600887187023506,6.572845810462151,3.982649004300098,3.9740540528930293,4.059816127709099,4.34327037017979,3.715309830393163,1.0,131.86058694805496,23.984147742964446,23.707396444080178
218.38497653939524,212.07689026438612,14.940909477584485,2.217549394096189e-15,3.943670782333486,3.9300184647089567,4.066243902981956,4.516485783700366,3.5190262547192135,1.0,131.28320442720516,24.36293490888212,25.169830474193027
209.78917352458882,214.9777566447643,20.39407943499525,0.0,3.880314186429161,3.867379027380843,4.002672858426176,4.389189809669599,3.4886872057884073,1.0,146.16982305005646,20.898245611103523,23.05816682165599
210.18040884067335,212.51906799549036,3.9551532924018624,0.0,4.001776871570536,4.001497836616843,4.004282168742288,4.013484752659305,3.9930974771497842,1.0,129.1915285652975,34.50384156623938,24.977835511825305
180.4154924162329,184.0583181086957,22.333575514815696,0.0,3.53115211588209,3.5199591261402485,3.6316449201539327,4.000780250330577,3.1830030329835757,1.0,180.7556351074536,12.668473028192142,21.635864243434067
182.06643315768267,179.6933192231205,24.026425598104534,0.0,3.6338404519548386,3.6315030146879264,3.6548264150669816,3.7319131269631303,3.5611363049543066,1.0,178.87345279844413,15.735185739260494,22.360750234306572
169.4127832224228,172.196859959361,20.246848387950024,0.0,3.568105106991757,3.558661635827912,3.652890394534225,3.964328067820184,3.2743734280783308,1.0,186.86408828280372,17.10972405623824,20.19962713325684
174.5998586353633,178.31670232952612,0.8442721687945696,0.0,3.6533817464289746,3.653381746974783,3.653381749342825,3.653381757254049,3.6533817373172544,0.0,161.20174062791702,33.72835008727806,20.648221551674066
163.32370780337246,159.52010683805503,4.652013474733836,0.0,3.5983650644405767,3.598365064897936,3.59836506463587,3.5983650647040033,3.5983650641695664,0.0,176.7074492450826,17.1458625108931,21.272444304943058
181.30884537968066,184.5666792103489,18.666752749576382,0.0,3.7028001986924775,3.7028001992577715,3.7028001989472914,3.7028001988987778,3.7028001982662766,0.0,171.63565055106645,8.41959438466246,21.180788783737732
180.67931801242835,187.59149337737227,8.269467033539527,0.0,3.8312104675955743,3.8312104681637766,3.831210467899153,3.831210467737248,3.8312104672447753,0.0,162.81059331687618,16.231955717339456,21.888270316604533
188.0226591988606,185.7470517352322,18.671322861446647,0.0,3.862019132148254,3.8620191345192274,3.8620191324621023,3.862019132768264,3.8620191320213397,0.0,163.3344183925968,9.001970587991805,22.293546519610167
193.28374165704344,194.66318055955713,1.1596102969385158,0.0,3.8430965061233855,3.840065294230708,3.8703113087493675,3.970278118455805,3.7488130536576474,1.0,142.84116040796735,37.34223252191373,22.774986279977288
193.68964654300308,206.30889751260295,0.0,0.0,3.6690900882655217,3.664368463103996,3.7114817425059115,3.867196944465352,3.5222276769109673,1.0,141.31035345699672,40.278001707831194,21.695870807745518
199.59175426110448,194.32409232111422,0.0,3.2507830779208016,4.063972031926619,4.063972028023864,4.063972118726821,4.063971955234303,4.063971978543542,0.0,138.73507760739602,21.605031279761732,25.032778638890957
200.56605673963188,200.64208829909632,7.682670125466388,10.809802585965327,3.753194937355904,3.7510135413915653,3.796678500107148,3.714754889955711,3.7264692195150992,0.0,153.15068774141844,33.24283343526961,20.830267456873113
210.73891802141443,214.3418018898316,0.0,11.215690770955558,3.7558443150311116,3.7558443162057595,3.7558443158292643,3.7558443162410047,3.7558443131148005,0.0,134.87089487413778,39.75436775625924,22.608358537691558
223.01166985479563,224.214354674664,0.0,9.96192811415199,3.8516977216508526,3.843266536674473,3.9568488527110133,4.045268718895626,3.640137701300711,1.0,121.38555353845521,40.70918142374982,23.827182941326967
219.13732825018056,225.66958248437203,5.007950828333976,7.701395767178755,3.9685809048944725,3.9679974449665445,3.9738193354783586,3.9930614040947385,3.9504327923446163,1.0,128.87813259168445,36.11097596183672,23.434190142105074
229.13729423541986,233.26680366886433,7.5647329910434555,22.65246700311512,3.934214165669664,3.933174878297194,3.870343579382748,3.7008694286649133,3.775921954432377,0.0,135.6310763338377,32.76315726110165,19.352184950428487
215.8760749221855,209.18082444857077,11.564481195503372,22.44977072611039,3.827215420646399,3.826277524437964,3.7774629567685527,3.646475135006081,3.6979379462153497,1.0,154.01850978289028,30.702772556887286,19.074221643425233
226.37002808644166,216.95835195494308,1.745055830247647,17.091940693506743,4.035964610158826,4.035918358011055,4.036886618837383,4.035149542346866,4.0353979282997825,0.0,126.98423903949538,30.85853053273976,23.086161738392278
220.593369736022,212.3132639360316,25.119703898557674,12.05933091237877,3.806616542702676,3.78421953666994,4.007701148284991,4.746335451988449,3.109975408197909,1.0,150.3771153475209,17.863300470437967,24.405252421932115
210.939780642214,214.12636202873972,0.0,8.806434064229338,4.024803354565114,4.024803356013717,4.024803354746303,4.024803354741025,4.024803354571358,0.0,133.10556193655415,20.19101454147392,24.52458171258854
219.25438863387419,215.94722147950375,4.9405398926107615,2.7615584418568995,3.840681558148762,3.82793517563394,3.9551210315983845,4.375485952767665,3.444215397729599,1.0,124.29498680199211,38.11301724267382,23.449087326302344
207.8135371091425,203.2371214903027,16.091739590161595,1.6519435218026167e-15,3.9037842844471826,3.903784284990368,3.9037842854275935,3.9037842849573274,3.903784282608112,0.0,141.51974885672303,23.578737705818398,23.004118927859242
200.25026745443992,192.468378788504,4.422933408548803,0.0,3.920129343348269,3.91312364803651,3.9830278150670813,4.214069712634791,3.702222743802498,1.0,138.92437514232324,33.7138626744815,23.962664055422145
199.8621333260604,197.67412703852102,8.244034204986772,0.0,3.884761049446239,3.8847610499751943,3.8847610503030303,3.8847610491754296,3.884761048628613,0.0,143.11021499100704,20.13899815104948,22.364017063493293
186.6254229915497,183.59438182263062,0.0,0.0,3.9448854829304287,3.944885483720284,3.9448854834412974,3.9448854829402387,3.944885482296733,0.0,148.37457700845016,27.768526218665958,23.22585541412495
173.9849433223217,169.13163645371588,2.6109681098973136,0.0,3.676367046466076,3.6724730921312116,3.7113277135326355,3.8397470312908153,3.555248681057119,1.0,163.59158545184252,37.43412296021629,20.69475734628938
189.66170390532778,186.0035507478752,1.0789882401551014,0.0,3.949368716217768,3.94936871721235,3.9493687164457323,3.949368716213389,3.949368716026171,0.0,146.49046794674283,20.22842057845838,23.546964267016367
169.4814245552574,173.62940177280305,9.113231063478034,0.0,3.5731554870894553,3.5663469300901904,3.6342840132147445,3.858824445531654,3.3613807237181867,1.0,174.41450737194484,32.446136579019495,21.10938342289685
163.57260296915118,166.99469005953327,8.570107582184328,0.0,3.6469003222622742,3.643015508079519,3.681778927776024,3.809896812774913,3.5260662526099797,1.0,179.8922808637298,27.06197858274949,20.401563236740337
170.3490435926685,175.89934467388753,0.0,0.0,3.7826563753067663,3.782656375684362,3.7826563755541587,3.7826563755841005,3.7826563750293167,0.0,164.65095640733122,23.94105391527825,22.455479673851674
172.32719407981637,169.4179214006447,2.608956194906145,0.0,3.6590982133408887,3.651518346934771,3.727151699944891,3.9771292627223978,3.423332487249039,1.0,165.46530360596535,36.797038534236584,22.35928506896024
170.32141354915694,174.79619412464422,0.37833021213253143,0.0,3.774315272410842,3.774315273043623,3.774315272617883,3.7743152726279856,3.7743152723518305,0.0,165.11469357115945,15.34205570045416,21.86083567949427
183.640343526226,180.76050402778168,2.6672209986084403,0.0,3.90864504132305,3.90864504211889,3.9086450416118312,3.908645041601549,3.90864504110769,0.0,153.81628938177323,20.333487205271545,23.171879162597417
197.4697317837442,196.4902765343591,4.045498578503076,0.0,3.7955373260527927,3.784528889147919,3.8943731763813627,4.257422099976912,3.453128623855299,1.0,141.53373209910285,34.50073422770307,23.339301569615067
210.90340784386004,211.06928792667452,10.388103822175083,3.3965093484384825,3.769499218036647,3.7554909892892367,3.895267787173725,4.357247357056368,3.3337843193923424,1.0,138.08314325141427,30.747219206093046,23.530296811431604
210.45551106811752,213.4626811816398,3.8803892249750787,11.767982191938081,3.931789636264515,3.9317896354702038,3.9317896489291315,3.93178969401639,3.9317895927857007,1.0,140.5535115979277,35.253999961920506,22.97189672287248
221.00142561119867,220.24859142329055,0.0,7.655519179106081,3.7980176594543376,3.797835939744989,3.7996491790451254,3.8056421593582996,3.7923653937555795,1.0,121.35101079813077,38.86640658991068,21.268429074317947
221.9239199137257,213.88737546033772,0.0,9.199461201465077,4.036769324538925,4.036769332887735,4.036769328260603,4.036769322414171,4.036769323436333,0.0,122.73783225424731,20.20062967676074,25.27307783662816
226.29132570394032,229.74202995886506,5.067011280744244,16.951098258343617,3.9626011921928157,3.962601193493889,3.9626011925814466,3.962601192441146,3.9626011916212707,0.0,130.86559183560007,28.39613603529461,23.53356985994272
214.38712877720815,216.69383727664803,8.452233534657852,21.25266041189027,3.91196058716599,3.8985533730104605,3.9813446865527338,4.281582109992948,3.4071984536811364,1.0,150.9399847853689,32.732033881272734,22.391160472931713
216.92040042751077,212.36777373667093,0.9027697054191376,18.83981423089664,3.953882230160629,3.953882231402294,3.9538822303703993,3.953882230153692,3.9538822300140204,0.0,137.96012996135028,19.080927379494717,22.80455388863673
219.84557250644968,224.823001324915,4.764896856834547,20.86895350475109,3.6877838598126904,3.686572935914148,3.6986557765882706,3.7385910579743413,3.650118994752842,1.0,138.6607973373442,37.893331627125946,22.499350674162898
220.67318232706546,221.76389730521154,0.0,14.532761090439664,3.9631189196898786,3.963118923472631,3.963118930786116,3.9631189103621267,3.963118913407557,0.0,129.28123416806392,18.344256443033146,22.76579111694733
225.81718749769936,229.9504269464094,8.736122818262142,11.023826852240388,3.9954234801760515,3.982616533307899,4.110406713862308,4.5327690358688155,3.5970734912990605,1.0,127.80218498210999,34.85116690065088,24.09154690533671
220.9489725027139,217.37889830668195,8.164238587949152,5.648533023129421,3.807639469214788,3.8076394704552374,3.8076394696946103,3.8076394695175644,3.807639468422092,0.0,127.62010276454441,28.030240152529363,21.931215634699115
206.24375970514816,206.43152662132337,0.0,6.744479854905436e-16,4.0158550870603005,4.01279619256699,4.0433184297408,4.144198190628907,3.920710587530962,1.0,128.75624029485155,40.07219474181461,24.298294948488603
212.92081810658772,209.71839626790978,4.415204702165956,0.0,4.16358988209744,4.163589882840549,4.163589882558342,4.163589882712656,4.163589881195154,0.0,126.17242887649132,28.011405209927588,24.4491076470721
213.27007669244034,200.0737095281325,13.261408480095985,0.0,3.8558813886232555,3.846070896519545,3.943961863736309,4.267503589423497,3.550733802712722,1.0,134.98640450009088,28.39235917405122,24.75363216971691
175.16624276502446,184.9307302484828,2.1981431006781413,0.0,3.790065546217828,3.7900655467303848,3.7900655463141226,3.790065546476193,3.7900655463939885,0.0,162.0010635114577,5.705984417662812,21.228385276397013
194.45126656403048,198.79785676651116,0.04531282807454478,0.0,3.9571827543649745,3.9571827551224517,3.9571827558195594,3.9571827533550574,3.957182753235082,0.0,140.5968592243541,26.690105857358716,24.03977323669275
164.31322520853865,164.41287038605736,12.981709743919216,0.0,3.7134525301713377,3.7134525306517623,3.7134525303672,3.7134525303560135,3.713452530089357,0.0,184.92345154132266,0.9489964491942131,22.845714344884996
164.499926127378,158.3274381464981,0.0,0.0,3.913908768602841,3.913908769185199,3.9139087687128313,3.9139087688471346,3.9139087686741725,0.0,170.50007387262204,12.146405007188653,22.122091055699684
160.31833403992528,155.69714797322658,7.4019359887894725,0.0,3.6462977793816487,3.646297779823102,3.646297779679386,3.646297779707483,3.6462977789235107,0.0,183.24317275524643,17.657837426083393,20.193036560690956
177.24585207098292,184.45265365349698,3.807726651282975,0.0,3.659978258813018,3.656587389869166,3.6904221290823402,3.80225011645676,3.5545079660208727,1.0,161.9565335516309,33.02243100790554,22.689866076245785
165.97789043713308,166.7550573213751,17.69806756347541,0.0,3.5979633481878777,3.5979633486228226,3.597963348483248,3.59796334839914,3.5979633477331334,0.0,187.01764647576368,6.576209326666101,21.195794450667766
182.04266014404885,180.67317440415954,1.8282894711075988,0.0,3.449880223677578,3.4488577776228535,3.4590599468157275,3.4927793749387748,3.4180778260884357,1.0,154.60904216275208,35.489745163590435,18.962998034889907
192.41983540244024,182.48729010509317,14.189637856114638,0.0,3.563577271123526,3.563478502501957,3.5644640479405645,3.567721398137873,3.560505106269037,1.0,154.85092775329514,28.983798014441494,21.20019522973266
206.74455699025083,200.43809563401263,16.867292434187654,0.0,3.849408745928008,3.8494087496816216,3.849408746170732,3.8494087465244395,3.849408745880113,0.0,145.5841393467141,13.910529542630162,22.639342105318082
202.51327303600104,202.77768082672227,7.348605327663429,5.459123417576367,3.606591002028134,3.599517303741495,3.670100018694803,3.9033846013436277,3.3865692194372734,1.0,145.0123108203713,34.291990876747064,22.61141172024769
204.65648735745958,201.2259451597548,0.0,1.519466419463336,3.95992357972905,3.9599235804976565,3.9599235801338524,3.9599235803657815,3.9599235790721146,0.0,131.79413374724024,28.58445147385701,24.29404784364784
235.99407444349762,235.32931024922985,0.0,15.61045430184706,4.099987790849057,4.098920506450019,4.034396360317902,3.860356097508388,3.9374307490267517,0.0,115.35584640973414,36.717552750217465,21.53994759711431
223.0291378418496,227.9558306215443,0.0,18.754507847143056,3.810352240876327,3.810170214921143,3.7991648622151315,3.769480281925854,3.782626256394644,0.0,131.55958561957254,32.72321072330045,22.318516754758335
222.83368502240424,231.3387661118091,1.8277977245331702,21.013028001565036,4.002573346153656,3.991175008239492,4.041340706456438,4.240310099035289,3.5386467151337353,1.0,136.09833148252463,41.65547314181721,21.79310220807713
222.2004485336734,220.21440906097473,3.560302081107551,15.124275594924503,3.938715537718094,3.9387155450235536,3.9387155488874828,3.9387155288258264,3.938715531873129,0.0,132.34726821457286,18.709170583048895,24.137132567714588
220.23850983151823,228.74675177104933,10.295404526706157,13.408770871408846,3.9502164034844998,3.9502163896623266,3.9502166845213513,3.950216173348228,3.950216220184323,0.0,138.17687415641439,33.00110717729595,23.616002746674607
226.18041222077514,234.78071614794814,17.227739724669778,12.635147083431935,3.537016396286816,15.379475218002128,4.290101888203838,6.575303613517756,3.794572215217579,1.0,136.28033356302635,32.55890411999028,24.944352453802072
229.29835001055804,230.3950765927357,9.431551180344279,10.611218030142634,3.9552407277310215,3.9365004087843727,4.123494894865181,4.74153474055096,3.372337958254341,1.0,123.77883193077469,32.67551558145038,24.75799656993262
213.96854293177128,208.40437732392954,0.07812949713701786,5.230700806014645,3.8591788379970056,3.8556370536332776,3.890977659013803,4.007782721128808,3.749014429266486,1.0,126.40547692077467,40.309016785571394,23.03471720773628
232.91794114886594,230.23243793430362,0.0,3.325968152515433,4.040482085386834,4.040482090242673,4.040482092839971,4.040482113576349,4.0404820625696605,0.0,105.24766427314324,41.375319219750814,24.29318156299861
194.91302709174875,195.37136058455195,3.5617111684604734,2.1059098719833544e-15,3.9769102622147177,3.9769102630485222,3.97691026249272,3.976910262345117,3.9769102620508754,0.0,143.62252456261626,14.740547043282584,24.555947973472602
208.14382517784628,204.83837582397302,12.593199005552039,0.0,3.708636007979812,3.708636010677519,3.7086360088123795,3.7086360095664537,3.7086360063330654,0.0,139.50333888342567,24.531212549063248,21.06615756087848
181.2591583821589,179.05526771175437,0.0,0.0,3.848561914683019,3.848561915226424,3.848561915030195,3.8485619151824433,3.84856191414351,0.0,153.74084161784089,25.947195307156406,22.31141325972974
197.14260900001617,197.09471780510358,10.206032620522372,0.0,3.8515879331748404,3.8514008515713534,3.855317199740629,3.848291216537269,3.849295861462403,0.0,147.1366902775261,28.945649374936377,22.30883229500732
190.1998463993749,191.27991141439313,2.751153670546414,0.0,3.649766902375211,3.649766903035657,3.6497669030517144,3.649766903876436,3.649766900523436,0.0,147.88136431161612,32.965793989476374,21.352245415998013
180.3006525857411,176.73454914884616,1.4436975507414889,0.0,3.5653185431535293,3.5653185441553985,3.565318543851772,3.565318545169763,3.565318541269942,0.0,156.00905535773907,32.288579477997416,21.31841455829546
176.86840741362363,179.40519543625476,16.089766368767783,0.0,3.7063932289846986,3.6991720635625893,3.771226232868807,4.009374152908877,3.481784601634225,1.0,172.26195360202797,22.27062064101295,23.365596860646175
178.4441794777574,182.05824280426918,9.891308071274867,0.0,3.8333477874907227,3.8333477882080955,3.8333477877024973,3.833347787699189,3.833347787386015,0.0,166.9884812867944,8.026321774067945,22.426511762797567
164.85679776754776,164.71852239307256,17.29299033442909,0.0,3.3690288944429865,3.366822685270612,3.388836666123367,3.4615955891346384,3.300406493417208,1.0,187.91161322330206,18.145592350918676,18.66007464595091
169.73600554098772,168.3444297361105,26.46151594804403,0.0,3.5667637443055584,3.566763744658141,3.5667637449639455,3.5667637450052507,3.566763742821267,0.0,195.48945527211717,4.446764493465574,21.243947105280757
185.3588481901676,179.3885490149362,4.797849491234329,0.0,3.725810210272386,3.725810210825961,3.7258102105503053,3.725810210739586,3.7258102098723866,0.0,154.69478135485102,20.421108356224504,22.561054924125344
185.45308264271532,176.9214612250586,8.129316173225067,0.0,3.76827735298961,3.7682773534425724,3.7682773533579983,3.768277353598584,3.7682773518928583,0.0,157.14845433081496,27.226289417871545,21.016497893690385
202.51170804245467,200.72177977365897,4.278666349454371,0.0,4.008965011795416,4.008965013406724,4.00896501201416,4.008965012192451,4.008965011758228,0.0,137.14558280215874,20.098476363411347,23.156812229493088
216.97350456155968,205.61337058246724,14.129801359519128,3.713410695466339,3.8358277707692037,3.826900962391033,3.915974596643535,4.210374029447211,3.558165669821668,1.0,134.51852445991776,26.305409870169825,24.13228598928809
206.43683055327097,202.13378012409999,12.162063429420407,11.063273153157553,3.9151354119292123,3.9116141073013106,3.94675036327737,4.062880024681022,3.805608004778356,1.0,152.33508360317273,30.55918775834725,24.7036281453783
226.49295986159896,236.13636470233308,23.84591877492108,7.22501407912049,3.920980403105609,3.9144264176460837,3.9798233430452497,4.195968251423338,3.717123861375782,1.0,142.36016094888464,13.032001710664145,22.863189946306996
217.77955974514532,206.9257374281337,15.565349114604748,17.48044530459517,3.9765313316400652,3.976531333281082,3.9765313320275935,3.976531331848725,3.976531331138117,0.0,149.3559829221632,16.396213076138558,23.422181383125405
219.1800309982772,233.21921963278908,19.54271414907582,15.872008367635948,3.8012212479276424,3.781314678879355,3.9799462305298863,4.636448014167219,3.182043191589939,1.0,151.81961759572147,24.130910062897044,23.7717993860548
218.56743184629437,214.17016912923506,9.777153323150579,9.168583205966081,3.9450632484092405,3.942547129460634,3.981343786045558,3.9761820148771734,3.890359746569672,1.0,135.71923844233254,33.30284510877914,22.510246572053415
220.096303643327,224.78430951908177,10.207002300192686,17.608999877502143,3.8443656734792166,3.8385640353654535,3.8837243983671357,3.907143875536459,3.6420052827448206,1.0,143.0528207483717,32.77287339072512,20.41045281691375
225.85098152472935,220.0625514542462,8.333039876637619,19.656052542461996,3.798105071739317,3.798105075904031,3.7981050722123895,3.7981050701487082,3.7981050699533743,0.0,134.64182213962252,29.453794656274685,23.375642315562015
224.30816525866362,221.4671707043503,6.382337413372937,17.73440165134015,3.907227343876142,3.8915669147877163,4.039099437448214,4.531267417795119,3.4050989729218615,1.0,132.96427078538346,37.42848178369325,24.47893647977072
225.185460913008,221.21668717415145,14.803734829985883,9.348968963354883,3.8418513198809734,3.8418513234545446,3.841851320326181,3.8418513204498272,3.84185131938514,0.0,134.9524136619517,18.694210330317897,23.131938529008593
220.0496065963038,219.1247962308544,15.823656138928488,4.09622152395639,4.018334094738562,4.006051120687189,4.128612986822488,4.533695078972469,3.636281912545221,1.0,135.06861658707078,24.835907327364055,24.362723879847344
225.93316126523754,221.18111501018726,7.853275011281881,2.3216987982299327e-15,4.150016575417811,4.139189843749828,4.247221045550409,4.60427749892094,3.8132596566145556,1.0,117.99257142209223,29.438881537449134,27.296728252024472
212.17261840038472,206.2707606143585,3.2328179335806286,0.0,3.8176137350260304,3.809230394126641,3.8928809761916945,4.169356471328349,3.5568565483555545,1.0,125.91010006985181,37.64935181264512,23.05013176848442
188.9612266252976,184.37651790217154,14.705856886751558,0.0,3.7580110606897623,3.758011061432594,3.7580110608564747,3.7580110608216106,3.75801106049288,0.0,160.04618984242487,7.960154905207803,22.989979942739776
201.60269488871512,197.26774536521683,0.5080898570470896,0.0,4.100092433879413,4.100092434457661,4.100092434140731,4.1000924339296345,4.100092433566923,0.0,133.93080473582492,22.34582020752904,25.650384654839776
172.47098589756095,174.26620030389932,8.72847414441466,0.0,3.5567730844649508,3.556773085112256,3.5567730846396017,3.556773084650078,3.5567730841982943,0.0,171.8500181027204,14.175676821748942,19.625554236092363
172.33970129945072,172.19511868445477,20.567826985007052,0.0,3.5545122579848156,3.548169848583011,3.611455622167236,3.820622911958229,3.3572366405181278,1.0,181.62083181766292,19.163471081817825,21.38189440929721
173.03748765896646,177.39931481904847,15.303506612978179,0.0,3.5333919796140476,3.527398075213912,3.587206398699912,3.7848802872452767,3.3469563357539625,1.0,176.77845120320293,22.99409571374385,21.17175188896766
189.72780995664243,195.44184751758874,24.084494012576464,0.0,3.5810286853156996,3.5678648873161993,3.699215779371191,4.133346685110087,3.171579185333801,1.0,167.79625518587855,15.590213246844664,21.40944354050079
175.8654266009459,185.82998883411068,15.698971008748282,0.0,3.571723224997547,3.560600078874433,3.671588955252079,4.038420886532461,3.2257465881131573,1.0,176.33740628105255,20.423941419447516,21.237475786869844
184.12977515695593,182.43059882957817,21.087429438476505,0.0,3.7230124070000477,3.7230124078453843,3.723012407484875,3.7230124069230714,3.7230124066102603,0.0,170.78691058886653,2.0856831673420295,21.02203816129809
187.39867300716855,186.89049086936237,29.335765802497164,0.0,3.77795318254213,3.772150855297145,3.8300475874298714,4.021403430272142,3.5974763871256408,1.0,174.16511180883927,13.626111049744182,23.22579519421325
176.22469456184535,183.2725174348213,31.094140050276323,0.0,3.798576614136264,3.7985766146452886,3.798576614632474,3.798576615277103,3.7985766128637404,0.0,184.35748703203475,6.5007456230423495,22.454810615194084
201.15716463592443,186.29303365114964,18.3930739738681,0.0,3.6981656509330834,3.6800676131051673,3.8606533019842306,4.45751129037956,3.1352405026669716,1.0,152.89600193234912,18.862606764084045,23.864150026972606
207.50414167895627,208.05343396773836,21.580263417909652,4.673930601351669,3.8230275243248064,3.813876251374181,3.905189415856604,4.206990696947702,3.5383843859164985,1.0,153.94452336806245,17.59702204645929,22.48050576629381
209.53993239094464,202.58698398732074,26.621948946567183,10.272069961297488,3.6778873978638917,3.6694678456270173,3.7534797587271505,4.031149501425671,3.41600386012386,1.0,163.02209177094363,14.659172773791438,22.03798582094451
217.52190091320375,201.19875596787838,31.58890370451933,10.107356437174333,3.9229300021509994,3.9127837657147366,4.04894463554071,4.158737689839862,3.6674296731901133,1.0,156.95767484390404,12.85706145557613,22.918704137271092
232.21978940034677,232.15290082285702,15.910105738095577,4.930002047020937,4.0783095720877585,4.070489138036543,4.1679884046499565,4.300576662649597,3.8685575613958476,1.0,123.57486144519888,26.7202350891954,26.132760086884847
223.3673068354039,223.03915559113383,17.16770942023906,14.717665195570211,3.7072735003587183,3.693097655984775,3.8345469411741857,4.302054273448886,3.2663451013496023,1.0,141.38261243384736,27.01291369030689,22.103075054039582
229.43584048422835,232.50308907543263,18.897363699405744,11.2153184733281,4.044957268147119,4.044957269933429,4.0449572690178455,4.044957271263606,4.044957264973175,0.0,136.65381411753788,21.95044955163063,24.402110950667215
219.81279765257875,228.22440596667502,11.399329249159935,19.04287498366686,3.8186828535320068,3.8186828539619895,3.81868285527762,3.8186828519656335,3.818682852360487,0.0,145.66451959331198,14.958444509190343,23.00020260730884
228.2399292269845,213.8482538405497,16.193558678627607,15.77797351169831,4.062732809551129,4.059168289614216,4.024980284778595,3.925157071609985,3.8318253076646145,1.0,141.89654216599558,25.617563662952698,19.580955606200387
222.7736659978541,230.85237483670076,21.641716500171526,9.221265545959085,4.0583742526491715,4.0504206981810755,4.129782798079968,4.392084334246621,3.810985201291644,1.0,143.1959565784081,18.614380814975227,24.153190489668887
210.09021588373622,208.39445109279177,30.9027659033846,10.91883502413616,3.7942668528559564,3.772936542018203,3.9857744618071327,4.689230047978338,3.1308044383029334,1.0,160.81297020569238,14.076705314650336,25.073752541983662
217.83817131637556,209.28553085548762,37.014448187050625,2.67564925278746,3.677403414699817,3.6542422067327864,3.8853491575781147,4.649186146514535,2.956992432726771,1.0,157.44096207030458,5.229307872257393,22.563990300024493
211.7335088106892,201.05244922370125,30.18492674872019,2.704888893827802e-15,3.7271258013881603,3.712986220990114,3.8540736689917514,4.320385097103031,3.287325319797495,1.0,153.04666829650682,8.770547829490072,23.759526182038158
218.79938313436276,228.81108859744555,19.220207547526865,0.0,3.9196505191997613,8.937859469830848,4.245733237484926,5.4435170350015145,3.956393293843641,1.0,135.35542788600253,22.08948957349337,25.634477503911445
190.37854428916344,191.50401274919562,16.828022874283384,0.0,3.6621055252365506,3.6537811047912423,3.7368437622450603,4.011376094404886,3.4031810291016296,1.0,160.18844396777402,21.51882598024723,22.241833520506077
200.68847822707193,189.66018367564658,24.703555272305902,0.0,3.752600666861986,3.7358543286374952,3.9029524937520814,4.455232546287118,3.2317190873001196,1.0,155.83908746598314,19.803123026647363,23.24249677081256
176.9197280318869,185.28582163379622,18.120414984263196,0.0,3.6936705643757803,3.6936705647937527,3.693670564828926,3.693670564613838,3.6936705634940488,0.0,175.86869433162613,15.289037813214104,21.93256485908312
177.0318730174552,173.84104399034206,11.29828817115435,0.0,3.713119708982412,3.7131197093648454,3.713119709461736,3.7131197092585415,3.7131197080038123,0.0,168.8408090898459,21.522952021215072,22.669342180072675
182.36595805642048,187.863347901847,38.550241413127544,0.0,3.618999981380879,3.5936025768632684,3.8470227179048364,4.684607552441628,2.829033900012356,1.0,192.63404194357932,2.6149869271961283e-08,23.5661225769189
196.98074137055045,193.1091273458505,25.516684626813152,0.0,3.8953443954621827,3.8749356411822773,4.0785780796396685,4.751641465586767,3.2605463150064993,1.0,166.76954438572383,10.8054902973973,25.076056853615015
174.70041297115793,181.9376194990464,33.150542326730786,0.0,3.6583433711033138,3.6583433711828586,3.6583433717433476,3.658343373587113,3.6583433690562317,0.0,191.36587976888538,5.443277865523221,21.172617348466694
186.5321062010097,191.3369109961364,23.83237841364828,0.0,3.7508193913508854,3.739116795335489,3.8558875349820116,4.241829236975111,3.3868194204250313,1.0,171.08565233104116,15.085128294065678,24.077965320294062
181.33151510350908,167.95607498588166,34.380790783424395,0.0,3.793608542176479,3.772476770780536,3.983333611766901,4.680241487943795,3.136321589018059,1.0,185.49199694512427,6.361541455477618,24.741057371579135
186.3455912784699,189.09720433987394,21.297156532315963,0.0,3.813604623488111,3.8084977451205884,3.8594551612164065,4.027875710912571,3.6547591942211977,1.0,173.33666938547975,14.090874551290014,21.880795445163688
197.86799566550246,203.82150175000254,24.671058523531265,0.0,3.755220058292864,3.751887098170763,3.785144016845903,3.8950622375917687,3.651550956861886,1.0,160.32648939322155,15.810697713704897,21.46226987778955
204.39566832160367,202.8947838287738,24.262286955637062,5.524963521332264,3.787337947186295,3.7873379478737035,3.787337950253035,3.787337958666793,3.7873379377587857,0.0,159.84025548362933,11.409414127234738,22.549996817045695
214.61474956192666,212.6181808325023,32.24600862723436,9.485692754355307,3.786358390398675,3.755709160557267,4.131317888447134,4.692814458719607,2.953124286292209,1.0,164.3584332224735,8.935847371934893,22.885992372522757
207.33951584916696,204.75536374080025,38.294385430896135,9.305468794172144,3.8720952962389728,3.8635689964913627,3.948646041434159,4.229836172298078,3.6068915140784794,1.0,172.1835025194403,2.9016926709863036,22.535194277266083
215.8948630395557,210.66504628460842,24.787948813972708,11.933119706335686,3.8394614862913308,3.8244447686986573,3.974284451969845,4.469523095172389,3.3723783727978827,1.0,153.52289456795043,18.720221472072716,24.104073280330386
231.01622659402085,234.1197275272644,37.48908181800885,23.651096038828666,3.915769534800887,3.9095651499150303,3.915973791697789,3.966110818008764,3.6272822164926315,1.0,160.46676262005934,9.052555032646717,19.981695172788637
227.58602596497906,212.58642512284308,20.83065448933413,17.73216924902774,4.02346908323381,4.023469086024117,4.023469083591541,4.023469083465129,4.023469081837366,0.0,143.2335659348172,18.403456978649686,24.698447720168655
222.26814060590416,231.825061410188,23.699569465697966,15.785345640613237,3.7529794837631494,3.744456515178322,3.829500348325494,4.110580717813807,3.487879220907855,1.0,157.99170090479384,11.998709033452549,22.410776476128163
222.0071692986415,221.35125123323823,21.84025622397385,7.539807566416605,3.807345127493673,3.7956604305462736,3.9122525751771673,4.297603998560265,3.4439018753965445,1.0,142.61837328690152,18.923768336080478,24.593532863577998
227.27008977468606,222.6533033968163,24.701960890274684,16.45648329482442,3.666763105736097,3.6537329907354983,3.7837499865910007,4.213472208873221,3.261471645913529,1.0,146.14726457146477,23.818672466210604,22.41807565824796
220.92406989972667,211.30473380039174,20.018012797119408,10.41156298803412,3.9089735855358487,3.895658196535117,4.028521694287852,4.467651948852049,3.4948089618026446,1.0,146.52857817031907,18.37713995034559,25.365853542842387
215.7540462252159,216.3793568968398,27.425521599239932,3.4462716536792626,3.764525475966552,3.7581014508062425,3.822201604645419,4.034060522793885,3.5647112557131013,1.0,148.1393313703985,16.477124697384898,22.936676116877937
219.74422737058296,225.732070243192,19.363573952189153,2.3471102388318697e-15,3.968037878024478,3.9672652062497407,3.9749750866433344,4.0004571937857945,3.944004488297261,1.0,137.40698075813646,18.804228930846453,23.004974934830777
189.44182534885272,187.52682448051905,35.89087644073165,0.0,3.643365204346042,3.6359422611104026,3.7100098062485336,3.954812181947508,3.4124804438650505,1.0,180.17942028622986,3.8948974230055597,21.019784894114363
200.522388354358,194.44920405805027,19.65461120681203,0.0,4.0213730098964255,4.020931273157149,4.025339012052611,4.0399071342058805,4.007633120819996,1.0,153.4898828602968,17.66249077062911,23.873104587079315
170.9890568059302,170.45862083029277,32.13991406379736,0.0,3.581909135748217,3.5723999570526574,3.667284355344293,3.9808889988669818,3.2861336852705803,1.0,198.13267150253228,5.4058458320286285,21.42238328670826
164.34377412816195,174.03686268148093,22.05428852706269,0.0,3.3620136368715743,3.3552596051818147,3.4226526239582564,3.645394865756464,3.151934836794058,1.0,192.78187245211757,15.37930431845469,19.452079801159137
172.45680589853484,178.7687595870535,32.491595814418396,0.0,3.602470804778168,3.601532469460285,3.6108953607529086,3.6418408716373407,3.5732846213173093,1.0,192.45699077327828,7.801393845040786,21.881598290660992
187.7809914131779,193.16672119851364,37.056904438395435,0.0,3.8142956084702835,3.802857005283873,3.9169935678137735,4.29422898984911,3.458506945836655,1.0,181.932510792369,3.4755829693160303,23.88867447343868
167.8682923775719,172.95276069331436,27.877706862548262,0.0,3.5701291375896513,3.5568382935373815,3.6894568672551036,4.127777616512315,3.1567279986522556,1.0,196.32002392397914,8.963597934621237,21.71750883317402
179.2382263839613,176.41680342713337,27.09428479749803,0.0,3.6350178854328483,3.6265730095642414,3.710837601790144,3.9893424565763307,3.3723467038625636,1.0,181.30639610097464,14.184097413600597,22.03295927891931
181.6976899162977,183.84171945450936,33.374178171890755,0.0,3.7045298354514165,3.6965086717885014,3.776545375053477,4.041076555223224,3.45503790136316,1.0,189.8776267737205,0.16923166515804222,21.680627864595454
186.56292362243713,184.5378422515851,22.102240199604324,0.0,3.74173380636219,3.741733806905961,3.7417338065573977,3.741733806491426,3.741733805926208,0.0,170.74314599225488,5.10567258374357,20.734052989943283
194.9265429801457,193.8513166275507,36.44467317246428,0.0,3.763719159707016,3.759553130458773,3.8011225789084357,3.9385147370329308,3.6341380805828036,1.0,177.1694221452243,1.9326804681752203,23.07421976317047
199.3716774625032,205.98253886890564,23.566152263756443,0.0,3.816573781699211,3.81657378191794,3.8165737837397185,3.8165737898759864,3.8165737751328135,0.0,160.43117033127416,13.052362802040129,23.304709929436886
224.05240354950143,218.49139739361408,34.94747083880676,5.372012541466896,3.8705526151452205,3.8598673733093016,3.996759437999738,4.154247532498361,3.590290155802524,1.0,148.9884779069286,10.070910637982921,23.80429896662985
231.0808467423567,234.57703124326952,35.742856856130786,10.238050979972645,3.729232803165954,3.706073705302664,3.9371595992828667,4.700926987883287,3.008887462475923,1.0,145.90104494662765,13.055350726692168,24.74540101808218
212.226685480869,219.7917788328086,41.98260415271139,10.283752920358777,3.804484835269839,3.7719656441592617,4.096448333796684,5.168903660289682,2.793001223736821,1.0,173.85287158837795,3.156312702849862e-08,25.33388368730521
224.66749398729647,233.36736615632427,38.60523184115302,16.99984949574005,3.471307861795267,26.60585177231188,4.850464129347735,8.860963592737933,3.370970904864511,1.0,161.77031069901685,12.454023784444281,18.53662539072553
209.86195639089703,214.92619002154032,26.9057890428488,19.149753303257253,3.8409753324750966,3.840348133919355,3.8534777900939696,3.829922970424515,3.833291099743563,0.0,171.6300131169457,8.006981642064135,22.967263886831933
221.51166098192385,228.71195538659308,33.88274312092724,11.522066785562151,3.8268750223254084,3.8157783700171315,3.9265029019557995,4.292461146897165,3.481722399649841,1.0,156.51531454163796,10.12480226651635,23.465366008713104
226.86309459081116,233.1119796675852,25.217599906755396,9.379063891413043,3.908374107690217,3.903101722158415,3.9557106547662455,4.129589374238058,3.744380681677477,1.0,141.75901888950943,18.17127742169674,22.998142503279844
219.61552250329675,221.47124762113367,43.57490083371165,14.312059689408478,3.6270981898547534,3.614580559322943,3.7394838642723744,4.152304693716978,3.237747234450345,1.0,168.86222539808315,3.8231357586855337,22.616370379907227
222.8786429017395,228.8605688354394,28.602155432866574,13.765935934228644,3.7718875090753268,3.7715641679560035,3.778332938225243,3.7661896640030226,3.767926041155958,0.0,157.33768175970545,8.124661024786208,21.963739733891813
220.8116045800883,221.21978458142823,25.525063493000676,12.000747759498756,3.9123979054307174,3.902907238336669,4.02360219777896,4.16923309631654,3.6619311556139422,1.0,153.7049403563837,14.680612973394505,23.84098348900434
219.9326441883439,211.03581944194775,39.59520290738759,2.752913696554191,3.7803294433835712,3.767652202192473,3.8941481317892594,4.312232782281777,3.386013928943197,1.0,154.48630232771,3.7836497790351364,22.31777287138659
215.76358926589276,212.62581041508614,17.765255653832618,2.4390211056192457e-15,3.9058088742419743,3.892249391473621,4.027548507387453,4.474728782488319,3.484051893871552,1.0,135.76987872610147,23.789861515804443,24.913512525524375
201.29606755632827,205.3078394550992,30.359753664378896,0.0,3.996294893330766,3.974217267015642,4.194512028974216,4.922613398165543,3.309587873582659,1.0,167.66630651527095,4.617083992016506,27.04422072402529
194.01601559060109,194.90265754678924,28.07030145510988,0.0,3.536112552249973,3.529763521274586,3.593115371179545,3.802501050285725,3.338630960074259,1.0,167.456137570968,13.419978121459575,21.477422842550823
189.38811727078968,195.69125120555822,40.94129919928498,0.0,3.584204047021525,3.530894681686738,4.062825687685061,5.820923287639506,1.9260586059290703,1.0,185.61188272921027,1.0727652682769919e-08,25.219997971537992
183.17821066852488,190.77033327793706,32.114200366316304,0.0,3.724439395903984,3.7238870348241293,3.729398606830447,3.7476150324410322,3.7072586168700616,1.0,183.41867547355898,6.964191178816101,21.918649583927387
167.29893486093147,168.5565550025404,41.73816660966237,0.0,3.560421250891302,3.5571929688709862,3.5894053829336188,3.695871385272399,3.460008101398449,1.0,207.7010651390685,1.703405952306433e-08,19.921516507330306
166.0703544598231,170.02980592827456,43.97325307204427,0.0,3.4009332206735574,3.3957000592980817,3.4479175410065053,3.6205027607837907,3.2381598939032545,1.0,208.9296455401769,1.2618638193595186e-08,19.354971458464266
161.01483421836303,164.94627545243836,23.42514596827922,0.0,3.492526295339939,3.4805570259141616,3.5999886804280203,3.994725033015642,3.1202316709838476,1.0,196.59152469854416,16.515451966217025,21.980803986037483
177.75396820885504,179.77231672343768,33.7460773244201,0.0,3.5377743206151666,3.5317861738431198,3.591537043765738,3.78902104093607,3.351517773017599,1.0,187.73909444903074,7.325304151662221,22.014857446189126
169.0505254794937,160.28577886406617,34.81511937221582,0.0,3.555354762869261,3.546417159434827,3.6355982702183827,3.9303528448387772,3.277357708885455,1.0,200.12694396881906,0.589342578129053,21.7626877971362
194.32394838505215,205.42382028120542,39.97420850633015,0.0,3.8244147770192516,3.7890105241060636,4.142280905796888,5.309883105304959,2.723193627473827,1.0,180.67605161494785,1.239786261390157e-08,24.92515126566643
192.8503295537095,189.454962421451,31.882715705627433,0.0,3.6585131332654477,3.642032388818158,3.8064803974350196,4.350001355974163,3.1458926747731044,1.0,173.3353457712302,6.625478700640983,21.574854177615286
214.3947477327875,208.8959697518097,30.715510112958594,0.0,3.8338626337061505,3.8290318898326516,3.8772339855186657,4.036547858717478,3.683606141831918,1.0,151.3886930427258,10.644909727068947,22.425211827958343
209.9832875285011,218.37122735513114,22.735168992694177,5.743243635978174,3.814611858438312,4.041187610071043,3.8199954263220097,3.839770623624012,3.8483860165216384,0.0,155.73038822797918,7.174772071957832,22.561767165069245
222.63553687943886,218.3451331401911,29.566587460279695,12.598269334587775,3.9456263906353892,3.9400301940709075,3.9990690510863836,4.163032470059854,3.777065354393343,1.0,156.8797246324395,9.568232717352359,22.953757982592307
221.46298458721336,207.97318866874855,23.82444038236119,13.946491274517284,3.81683161697149,3.7940493060485863,4.077198693147081,4.469138440290595,3.2042668887284353,1.0,150.04203806135513,20.078326557395616,23.261887716793055
223.68083093795215,224.5105223899933,47.222233984989124,12.66949939539341,3.89023507139971,3.8640965482884058,4.12491170685758,4.986937992827555,3.07721705067458,1.0,165.7692433293243,2.2873414638898804,25.303667191194652
227.42624362737084,218.4764702339196,44.232223713605364,15.907583652057381,3.8423130959821505,3.8243525043466287,3.9608973704565527,4.43445681870079,3.2102362896778827,1.0,163.28799956319435,7.8083835107336315,21.806883200844226
220.52535824170621,217.21285810837057,28.954088513685864,19.106056240830593,3.8688418492791676,3.8536983376807954,3.9194648968672694,4.1813545825248095,3.250963898369397,1.0,163.63058802203523,16.641531884043196,20.21764726505816
234.4954535653652,235.58784379221044,27.796008637126324,19.51350690682603,4.033804963719071,4.031975490518943,4.002517653710111,3.930048763458604,3.8947960822977143,1.0,145.24092530525994,17.247308565197056,21.950149163042635
236.04463632237452,237.2609465142404,38.04375127262923,21.580336809272723,4.016124548411292,3.992178230003105,4.1701926697096035,4.790339227409758,3.1664503195009184,1.0,152.91308188492656,7.874783358828237,23.26987982892184
225.98164136920184,222.31329658593896,31.14594062554087,7.742475948726571,3.8766005707357465,3.855692156207454,4.064320304307964,4.753862076239501,3.2262609403800155,1.0,147.3529257211194,11.582167998986836,25.72653548007847
221.26362870100888,217.30486062096756,30.304094679818153,4.653413937801892,3.8339481859887554,3.825733630020303,3.9077000499561674,4.178609184585646,3.578440898813611,1.0,149.75359088395987,11.56442628087043,24.549472613045275
215.2444487749292,204.5190510555913,33.87188237584168,3.4791473473791097,3.73791513474466,3.7074172138416817,4.054586525354953,4.784470562511246,2.8630472903355644,1.0,163.38284386916908,4.548595139630495,23.86984573028127
225.60189044880303,226.717576144512,43.92192483498892,2.1469058143738574e-15,4.052700098735103,4.027474973657369,4.325802486035696,4.85751596651198,3.348327144991145,1.0,149.39810955119702,2.707846018487401,25.130970820757064
199.77877825615633,199.0083010688378,32.32418249466046,0.0,3.7417185474164616,3.714921415657254,3.9823083015458143,4.866054951547759,2.908215063636835,1.0,165.87119156094923,8.439411220289529,23.850714385364302
193.09905686582434,192.6533023672383,27.022093089904853,0.0,3.858994911120679,3.8420494696214886,4.011134327654904,4.569980646425429,3.3319203736221965,1.0,168.9593983854914,10.620686168144253,23.909024329643184
203.33907642775767,201.5560195024092,28.441285664804695,0.0,3.7067020048668953,3.695401668735101,3.8081585870492143,4.180834114556612,3.3552139928807487,1.0,161.1510440329721,9.477331567080807,21.759371810271123
189.59986586920388,192.21396065425486,22.09860110969203,0.0,3.618267048217362,3.6095046092630616,3.6969379003245875,3.9859157151640106,3.345718329942821,1.0,167.89994675503226,13.776694637101091,21.74267158643084
194.61590377477384,192.90756144465635,42.657684760497894,0.0,3.525949223547025,3.503676705762617,3.7259161338110993,4.460444864991854,2.833180252998004,1.0,180.3840962252261,8.332260420091861e-09,21.638328047049615
172.84262684091232,181.39200206225468,32.19608201878007,0.0,3.4706620197730804,3.4706620203215732,3.470662022403123,3.4706620289125225,3.470662010955826,0.0,197.9232484228793,3.92543782865322e-07,18.684045697169974
171.73263366679367,171.98168178423595,22.94052958277983,0.0,3.4436166507825647,3.4301773685461723,3.5642770941695625,4.0074932310882865,3.025598436015966,1.0,186.33122478995725,14.778158817175644,20.527127823806236
168.98019348117074,167.19957440008397,19.422142154060403,0.0,3.6963226259650015,3.6963226260906468,3.6963226260434947,3.696322626059496,3.6963226258961304,0.0,185.9220059940077,4.384981069301038e-08,21.979744035346002
183.4465061691808,186.3884986778775,14.843967698228164,0.0,3.5951600510725275,3.589712413256688,3.6440699843934525,3.823728463808059,3.4257155961762265,1.0,166.2837881737916,23.226672411081026,20.83007180566921
190.63893427351593,190.48330629204315,35.43352378840761,0.0,3.610474416094303,3.610474416696089,3.610474417560809,3.6104744203330323,3.6104744117528025,0.0,174.32168981441916,9.381914988369266,19.99861522897768
175.73916403883283,173.92466921113243,28.871266368535363,0.0,3.749725300224219,3.7497253006884894,3.7497253004941236,3.7497253006552724,3.7497252996846253,0.0,184.66225864587344,3.137002602604091,22.946518852466472
199.98022427929453,199.2881642085953,33.74065394466184,0.0,3.774131002507275,3.74823598486416,4.041227201858933,4.672423266089791,3.0282370151276568,1.0,170.18319536622477,4.920471431746669,24.58338781693474
204.77866827283248,209.38268669784603,31.624079402348954,4.958170867902103,3.667920209563456,3.661958132904113,3.721448878460194,3.9180731253840175,3.4824745278273266,1.0,165.56178156094117,11.086112895243838,21.10381797282428
210.9939424592233,210.412514529918,22.37619628249562,4.223483916128554,3.7823922836932784,3.7602441748839612,3.9812422537420185,4.711668180733509,3.093492861742647,1.0,150.49195513597346,18.85244497293059,24.161362649383776
217.99186200508282,217.98071136149164,27.98491304786223,11.350704913619412,3.920263004341891,3.904604803008001,4.060845338159812,4.577239588475598,3.43322702899544,1.0,158.4148022706987,12.934701265085918,25.307285303989257
224.78727489563903,225.304861654507,27.43288724699694,11.128915343983888,3.992298950657593,3.981443917101398,4.089757517478449,4.44774733171549,3.6546617337385126,1.0,150.80602863175386,14.626280489150098,23.712736518561307
228.25434356508512,227.18551719106438,18.33985038846152,20.957351276729206,3.9627239457589356,3.946248732794966,4.0340394048823205,4.364163748872064,3.318457106998848,1.0,148.1434205597207,24.585472634585724,20.13182619934098
225.45188930684853,222.51660944129608,37.050271204809036,20.779601884676907,3.7872324775267385,3.7698372855698556,3.8816336963157774,4.283364761473372,3.13986381313416,1.0,167.5728449408894,8.107275376862631,20.365506036343607
223.529619527859,222.37860530344807,23.8883025199127,18.69129392032636,3.9184680439617443,3.9184683224076666,3.9184680537719303,3.9184680864662895,3.9184680707640376,0.0,154.24141265257757,14.405916127948021,23.12327802056063
223.06926195875315,229.17311034477345,40.4444071094425,11.143007541774645,3.9628995311863866,3.952279762269838,4.058245862464412,4.408476892363975,3.6325799856702043,1.0,162.46878756087577,2.188834013046007,25.23406694170535
224.25461975344552,226.60261839457107,23.904057835802,12.597371252351406,3.83982387560082,3.8379816619840206,3.856363657078975,3.9171184301425175,3.7825231583100396,1.0,147.5912086962628,18.8032980213731,23.299760807095517
231.5635212698915,249.77466402462287,23.965533443405736,12.845012371079486,3.952268331024848,3.9508789737945187,3.964744572681844,4.010572936091253,3.909045474552398,1.0,137.72285294000397,21.97027973975716,22.776093246462683
224.60744256229853,222.22864499693011,35.43363512403949,5.943735419197596,3.9796112953120195,3.969812825812316,4.0675838259247055,4.390729046178693,3.6748376735858144,1.0,149.41264705956027,6.325542870278926,24.97986043259767
220.56919782589742,223.5107627997906,36.52906387555807,1.6638951105427633e-15,4.219690833182066,4.20141232524016,4.383798765045242,4.9866084537780555,3.651152354453172,1.0,148.07402880929766,6.478638211654587,27.016835583870414
206.44562357850572,210.5005370603962,44.26728613885689,0.0,3.8672297509168407,3.8525101400701964,3.999385225870392,4.4848255064995195,3.409387940722461,1.0,167.91182149176257,4.063090865137461,23.732598756405345
192.41075003783996,195.3662325541355,29.409272175223887,0.0,3.5512213942849082,3.5480340173380274,3.579838273500128,3.6849552642358234,3.452080561942775,1.0,173.42872630050323,6.961243729753187,21.34641865065509
187.4547714000404,189.27963804924278,22.374915510987623,0.0,3.777370700416901,3.7720158795848873,3.82544730686873,4.002044765656197,3.6108132387788414,1.0,169.678138006097,17.57109122739955,22.497970223004355
194.05274844350362,191.4709597483117,40.0761046457426,0.0,3.61250974332828,3.5917570701579757,3.7988311993372292,4.483236747095736,2.9670143304866774,1.0,180.94725155649618,1.832296995697107e-08,23.084368006822416
203.38498163987103,203.69032736088414,38.88683150119457,0.0,3.9695328242514423,3.9553236062892934,4.097105892191911,4.565713841495592,3.5275663867020897,1.0,171.6150183601289,0.030668830340041763,25.23686418880191
181.94630368534544,181.4303418121978,17.93086907451115,0.0,3.5115235690765734,3.5114303542149354,3.51236047111448,3.515434622150762,3.50862419065329,1.0,171.8124344825996,20.30767951702067,20.08473806151771
170.66466346144125,170.21787925624972,19.61723046475347,0.0,3.570853869605892,3.570853870060975,3.5708538706706343,3.570853873085338,3.570853866316983,0.0,184.71575759906608,16.169680330392705,19.642290175846906
188.73092305844145,192.5735205496354,23.58804431733596,0.0,3.8622983456440987,3.8573797718485654,3.9064582543609303,4.068668697928918,3.7093099624922883,1.0,169.54340995529995,12.40284939657549,22.13665725718574
161.54763332670498,164.10685314022774,16.55248698413799,0.0,3.348018747401426,3.3425601831725826,3.397026780083966,3.5770456028007196,3.1782344353643532,1.0,191.77754805840354,17.42376027532707,19.68562199848235
181.91622430548333,182.31678333095377,21.991036185067482,0.0,3.4496155282676777,3.4378975426046954,3.5548218411831836,3.9412710705488236,3.0851368824786167,1.0,176.07331991577945,16.840664185822618,20.39218102162401
180.26028491787596,176.77214300972295,13.965401605727648,0.0,3.683053484437736,3.683053484902461,3.6830534847013485,3.6830534846882856,3.6830534838064013,0.0,166.76844839156263,17.419540740503102,22.44387950224457
192.88240454972401,191.88185610963768,30.430111599014207,0.0,3.786026310256044,3.7834926789754206,3.8087737434005065,3.892330780585402,3.707219693447735,1.0,170.3896707474405,13.114743379910475,21.706313650484223
202.73609238585084,209.11564549712404,11.242432091723005,5.0612774072171405,3.7293405551527443,3.727528137649766,3.745612791928881,3.8053848069479916,3.6729667247955127,1.0,150.0474886438788,26.90173410377498,21.760232298441448
218.3298828552653,239.57302941545842,7.74417999531526,5.357519851282068,3.9485748845612796,3.9401010213551495,4.024654882524605,4.304115839248817,3.685001968999228,1.0,129.862836135086,29.60078511636573,24.013932252778563
206.98495209265428,208.11726511324042,21.97416383721111,7.971987786013665,3.7960610717200405,3.79606107336568,3.7960610728298594,3.7960610750382595,3.7960610687176497,0.0,156.93288187426103,15.814566006159033,23.183634541848836
220.07274033556342,222.05452160611114,21.850477570288117,18.57073558972235,3.8321264083145894,3.831857653022523,3.8345393506277308,3.843402678377258,3.823766973675429,1.0,154.62564404689996,19.227429235248717,23.227576798465467
222.8239281382615,224.12042811906633,22.82373737754905,18.82240191678777,3.8775083398198222,3.856540848380206,4.017405854420471,4.574311298575445,3.1421255192993014,1.0,155.70562122140535,17.71615028928375,21.74446382888865
223.94512760808888,208.33916844823187,23.01551415415721,16.576587218848697,4.013260164524503,4.013260165026918,4.013260165512674,4.013260167265354,4.0132601604805425,0.0,150.49654338307704,16.904607309911825,23.610132573391816
214.10154654335284,211.77362096549274,16.718661590103235,22.233047873257135,3.9491021995449205,3.949003976198421,3.943065732561458,3.927048576686179,3.934141858811641,0.0,158.43661403334877,16.613574693589456,22.17664552158324
223.7891291258965,227.92350953253367,26.040347733388103,17.563460123170255,3.9257033150784135,3.9011052486075015,4.101957871172521,4.598652437356842,3.083866386428704,1.0,154.48099371403055,18.333662044336187,22.017067150458384
218.7074767196646,219.0654006377452,10.403106411280982,12.847632311454698,3.763293209271524,3.7466358560266273,3.9128461138058066,4.462191526207539,3.2451794300548973,1.0,138.9968536029507,28.611190933908997,24.269916930380308
231.32261526814492,229.72767836796328,13.824667391741642,8.394765257861843,4.0244117664651995,4.022944255980161,4.037587582219482,4.085985651181867,3.978765244233019,1.0,127.59882048522854,22.82452242884521,23.500407041188453
212.55115108445247,216.025834811509,12.957208036573029,5.118997027288274,3.980913708390665,3.9806652848514794,3.9858657467728063,3.9765360437604715,3.9778701017580147,0.0,141.47802905891973,23.555928208673325,23.136513666791863
222.77646838025487,227.87453296464847,26.58023655692379,2.6638972249829072e-15,4.090546267942236,4.076447955603304,4.282354197720394,4.327335731108842,3.7642789017910885,1.0,135.03148926943092,18.324397358443058,26.074781981439806
195.0182006126925,198.8924081014733,19.932216198134995,0.0,3.7490638603151427,3.7490638608597155,3.7490638608813254,3.7490638615547693,3.7490638587573097,0.0,162.79752897861823,11.713853133889542,20.925823261398516
223.5440810076573,224.39387545812176,26.116942973052723,0.0,4.035519758861455,4.021899248248669,4.166672856883724,4.558787690011681,3.6271203528094174,1.0,136.7284734196663,16.928518129389182,26.170620037339997
183.4766131488882,183.13784873430632,30.408772244845903,0.0,3.7307739502876394,3.7307739504552915,3.730773950558618,3.7307739508651965,3.7307739496304317,0.0,183.36730171464475,0.23062861438199184,21.951312796543913
179.9269521019795,181.6513307018612,24.49590572713732,0.0,3.6814776969810077,3.681477697497401,3.6814776973059913,3.6814776973342282,3.6814776962190816,0.0,178.5136257127063,7.651385328793024,21.89247063104064
172.1350099284308,177.20525408453537,14.789290330260929,0.0,3.650774775387246,3.6507747751992237,3.6507747792194705,3.650774792533129,3.650774762357839,1.0,176.39136419377468,24.191615079701478,21.47404966198656
162.99683108274195,160.6708406552948,16.216975410025274,0.0,3.5838662885181845,3.583866288795367,3.5838662890158055,3.5838662891958677,3.5838662873560736,0.0,188.38993098453162,15.652288898439554,20.7908807514386
172.8045512077686,178.14673802967673,13.565958096178608,0.0,3.81881041179402,3.8188104122368283,3.8188104121172093,3.818810411841737,3.8188104113901007,0.0,174.9991353597082,10.76515833391684,22.774621666810464
164.94110390057486,165.64260754822072,5.134327969232606,0.0,3.5022140405932687,3.502214040922315,3.5022140412748195,3.502214041557009,3.5022140389278977,0.0,174.73040233037213,28.652141266842307,19.170464112122676
189.1076812020724,187.54135096566034,24.300637016216985,0.0,3.6256182100124392,3.6233316421913018,3.646147459572392,3.7215565488065123,3.5544963095226314,1.0,168.5689082084666,16.33887795124456,21.623228717972278
196.77716221848644,204.9667351361338,0.6423702277225987,0.0,3.8135313385412797,3.812642468082625,3.8215117979582947,3.8508260291396583,3.7858836914234506,1.0,138.84624295175877,39.98042222365868,22.69792389372815
205.17729498926974,202.1185501904277,10.774638838191583,0.0,3.9917571702881416,3.991757171876443,3.9917571707399473,3.9917571711250073,3.991757169619996,0.0,141.40845938793802,19.666154396843773,24.52074065146148
189.61143793738376,175.28885911904487,0.0,0.0,3.992710141151067,3.9927101419332525,3.992710141381883,3.992710141385337,3.9927101410870467,0.0,145.38856206261607,18.087945459095437,24.896808108635646
224.64997346538664,225.31658774124736,21.618152659251777,5.775241505095717,3.9209558197997096,3.900046956062667,4.108679591997668,4.7982361953038275,3.270602198324066,1.0,137.7214531449274,18.860461468729905,24.684239912260157
217.41878689934464,217.3225637192785,12.53572935520135,8.787758130983867,3.95160391193228,3.951603913684332,3.95160391227887,3.9516039122052344,3.951603911600906,0.0,137.01177776184156,17.597715865934365,23.462273141657892
221.98041871451008,226.76941409237088,5.672982659097767,7.73659888513319,4.010923430140749,4.010923431880431,4.0109234304062715,4.010923430442741,4.010923430104764,0.0,125.8134930648666,16.647975556779524,23.80091161861739
218.81019468529541,220.5610096749323,17.21348707149566,20.957293919129597,3.854031843830622,3.846737204200234,3.90046726815588,4.087994411475572,3.594343851945737,1.0,153.8561913640043,27.944884320231594,21.90742851264878
230.22848139900387,237.57616544015485,19.854674023893622,16.372078983899307,3.9912682872809353,3.9803355986922964,4.055561401872135,4.3218589571926715,3.592944400993177,1.0,143.97111961441544,16.87056252002745,21.84945607118208
225.00179249834594,229.4248840667464,9.003265208195014,22.214709474005314,3.787236001524753,3.7861775969181166,3.7221906234215165,3.5495992836645045,3.6260322761910366,0.0,141.9155994781576,19.441060703401362,18.99219174354978
229.92873270089973,225.52967006381056,5.0022745307534215,19.951089056746973,4.044984113698662,4.042954875040826,4.0160259288612545,3.9516359270107757,3.9006832004613985,1.0,128.8802435629171,38.230078306304655,21.3771979566303
224.24897140734117,233.7802886226658,20.96127648028984,13.948287890906407,3.4133373285052215,29.928995987464823,5.177564221597887,10.005185966226438,3.4628888269072404,1.0,145.41965377880345,28.843765461982663,22.46781455467231
228.90147966612872,230.73645639387007,27.393588468223438,16.989832054835894,3.861124891940568,4.794956206151616,3.8460527218378875,3.828703784600022,3.9080359009271426,0.0,147.99010322068216,14.868051068916088,21.49582569995517
221.72903827965112,208.26448312501407,0.18368140782829348,7.181032677578139,4.002583409146844,4.002583410241111,4.002583410292436,4.002583409018714,4.0025834075595235,0.0,121.45684201893872,36.11655299234651,24.847946319346697
212.87043140579112,217.4052965673396,14.66577474214539,4.892815340186969,3.801821554797388,3.796075907406846,3.853407077172311,4.042893667752246,3.6231077409633445,1.0,141.0330193051218,25.566774940119736,23.31399111717296
206.28622427825988,211.68577214132523,10.029518778790798,2.051127733570085e-15,3.764180492084381,3.7641804928657843,3.764180492764203,3.7641804931883645,3.764180490513181,0.0,138.43625042375055,25.412549088336693,23.148819467821692
219.43665654935492,221.82133039697072,23.932919770843327,0.0,3.729016649463082,3.7175742722814777,3.831748526621687,4.209108493397321,3.3731105034593143,1.0,137.4424005946997,20.216752701163504,21.98831894068949
208.0719698604136,208.4043658921394,3.995292808186464,0.0,4.066098218037044,4.066098219659669,4.066098218507522,4.066098218169922,4.066098217460785,0.0,131.32116029641736,26.464987126532115,25.19340091893026
190.56224518319618,187.95746339041605,9.235214716899806,0.0,3.796934450814072,3.796934451703669,3.7969344512110785,3.79693445183758,3.7969344497447044,0.0,154.20664346686004,23.67849041459452,21.57503769942062
205.84507180774716,200.92864773784308,25.2060258220297,0.0,3.7545028643949703,3.7493960534462305,3.800352796266613,3.968771116813147,3.595659535588025,1.0,154.7990001671671,17.076964254041123,23.384749313412883
176.78443015139757,180.9424893105984,10.790944651598862,0.0,3.702670521810834,3.702670522335106,3.702670522247767,3.702670521761204,3.702670521306883,0.0,167.92865475568755,14.207623845234412,21.968839936161338
183.40468929733674,178.84506141657604,8.46109914897371,0.0,3.750172387555519,3.750172387492982,3.75017239046561,3.7501723998786622,3.7501723777785854,0.0,159.74016018285653,29.547005103523915,21.623922224924424
175.99701110931625,187.7131997101072,17.059069117114355,0.0,3.827025468910763,3.827025469452427,3.827025469228186,3.8270254691961902,3.827025468457289,0.0,178.08395558493572,7.637815669624409,21.44239118230465
178.12860603387287,180.65785018903705,6.930809744785324,0.0,3.674913144246545,3.673949852957023,3.683561768511814,3.7153303364388406,3.6449506955856052,1.0,163.96921064498534,30.655898069361342,20.429315281351176
176.36877615996096,178.42828860475464,3.565363216154861,0.0,3.7854016293537285,3.7854016298127418,3.7854016296311914,3.7854016296895274,3.785401628770663,0.0,162.41669831261004,25.13829038177301,23.28281893218069
184.90207545146842,184.9172868588234,8.336502519306483,0.0,3.581010854756095,3.580391667163068,3.586570052407785,3.6069903783901505,3.5617514709683826,1.0,158.33931069805166,31.906831068277498,20.911885213875333
193.74652049820295,199.10591510603004,8.664018797093561,0.0,3.746749554859437,3.743043956213159,3.7800191363202504,3.902226671389064,3.6314898172628,1.0,149.78216474640934,30.263609387331186,23.427806301366154
209.63040995135344,205.78083166300695,17.04393805799512,0.0,3.7671107525181755,3.748470865228923,3.934463227907994,4.5491909321071855,3.1873318219407345,1.0,144.82432282017234,22.848839609627078,24.08746066303817
199.00178202388807,204.82346438441368,10.362681043179357,4.1756383418307985,3.6246808933517567,3.622879505525917,3.6408541031746,3.7002623645235087,3.5686501351661843,1.0,149.58442043539404,30.46816028663032,21.20317214003044
223.87684413395672,223.05332542950242,0.8674058207795194,11.561229870195977,3.8149019204663492,6.2765325447077895,3.873391652167081,4.088239140295159,4.181841024418183,0.0,123.14954959812658,37.8932425529671,23.273811000672794
226.56729907614567,233.4493640798138,0.8736075031989157,9.266350721880016,4.073039653933589,4.059755800446801,4.192304668099659,4.630395044132715,3.659855789140473,1.0,119.5853151871774,40.41005465117749,24.77366619884375
209.7586689044524,210.8106043423053,8.964714429541003,10.407168811869006,3.9234545162001906,3.9234545168340933,3.9234545166686594,3.9234545169565873,3.9234545151526863,0.0,144.83566754780702,25.416911005490224,24.38877276102092
227.89935621876197,225.82753767128636,16.35541115191795,12.039589286092966,4.060575563745533,4.049530071706503,4.212628196566059,4.23641989960495,3.8080176950071523,1.0,137.35297566703258,28.424973048373285,24.915074110069042
231.04047967109287,222.47019833509148,3.4700634500096017,20.636303744744367,3.541689975720422,31.118593779553,5.002804442702004,9.469342485888925,3.6768032746035266,1.0,128.44815400770892,41.59259857973561,15.38285381123872
227.78048896707605,223.53681032675468,0.13818982099856447,16.469535749410117,3.8733252828678633,3.8652963513110485,3.9431778115849916,4.2017504652837125,3.619749597147111,1.0,122.34706365401621,43.139658026453425,22.429388032284116
228.32531394349832,222.2794852584085,0.0,8.127038851146407,4.077682526697132,4.0764320294535565,4.1026098216289,4.055646465929023,4.062361800026988,0.0,115.35830727472225,28.822603917168006,23.359588422251225
222.85243187444362,225.38792489111893,8.897051470482216,5.978465075020965,3.867381908669618,3.866600209526684,3.8744001667015975,3.9001799888050126,3.8430677299648983,1.0,128.12846612312865,29.707156652721935,22.312263826748612
215.50625345514706,214.45124830539805,6.367327727401721,9.255217996893837,4.025379289718909,4.025006913391359,4.028722558990234,4.041003226416899,4.013796807693527,1.0,135.30175896230173,35.838570212224255,23.471647815892045
221.57698342830122,217.56290651390012,8.548234749339,4.051506722824502,3.9641674982285973,3.964167501113829,3.9641674984759208,3.964167498559221,3.9641674981375417,0.0,125.73145338400894,19.43084686366631,24.627909413475862
222.75066185462413,213.44709620061658,11.441526356268202,1.7465410246330318e-15,4.090123499783139,4.071090779214191,4.286557947727037,4.749711876115966,3.5421012365523357,1.0,123.42954666961532,30.184690564769017,27.19688735980889
223.65756142261733,225.7436010516364,13.054099749168179,0.0,4.017501821012471,4.017501825486104,4.017501827596893,4.017501823696339,4.017501812462386,0.0,123.76337389271254,29.56572696148147,25.071955950809706
197.9065171137487,199.4705341228771,3.491492508267601,0.0,4.005721371721782,4.005721372262336,4.005721372235103,4.005721372187402,4.005721370644116,0.0,140.50870298636934,30.672291639585996,24.94493527966202
202.00565310741084,200.82685619924314,8.660888811225535,0.0,3.8858571302650193,3.879828198104079,3.939986036943398,4.138815117267207,3.6983319703161492,1.0,142.89951854808743,26.180721130866434,22.79523769048196
187.3965154947904,183.3325752678681,0.0,0.0,3.840535116098164,3.8405351171583737,3.840535116356719,3.840535116120611,3.8405351158438092,0.0,147.60348450520942,23.886760147633527,23.177008912332305
186.10663700541988,188.19942668903266,3.5529242287594704,0.0,3.7491200248186103,3.7474264607369774,3.764325170104901,3.8201774887956303,3.696443045853188,1.0,152.3204280718009,37.55144718656286,23.039506588854966
175.52924263285763,163.59390693658366,5.19005371733373,0.0,3.6171248248820045,3.617124825213763,3.617124825817377,3.617124827725628,3.617124822161297,0.0,164.49222592694855,27.64592082667085,19.873028226797903
177.88439763155833,177.42960816563462,8.486526811850124,0.0,3.512451481574094,3.5124514822670796,3.512451482178703,3.5124514830135984,3.512451479904946,0.0,166.53588137997696,25.537650234633848,20.357919321879663
183.6176299927196,189.69636755328148,4.176222740787633,0.0,3.9112096590893177,3.9112096595491757,3.91120965938281,3.911209659594801,3.9112096583425857,0.0,155.2525478095289,27.146992812345644,22.64595457955203
186.0977431153511,189.53897702356218,11.754284717663937,0.0,3.6683456193941386,3.6593898207657674,3.7487524889853274,4.044107132688819,3.3897826106826767,1.0,159.87786707481723,28.68996260366637,21.844954305814486
194.86947350301196,201.75208401588694,6.772954904581334,0.0,3.8175225068947656,3.809016120858455,3.893894472596681,4.174427900645097,3.5529380921839953,1.0,146.82757565727934,27.80914839897569,22.456689384323855
198.54647917409739,199.53055741523875,0.6278029250189272,0.0,3.9302543690432095,3.9255307686564334,3.972663761340877,4.128444119736829,3.7833305058198943,1.0,137.0703446396471,38.29574974412339,23.118583789365378
201.48665775765244,205.97197905204825,7.830713611279935,0.0,3.8159526692931656,3.8125298447709226,3.8466834436361395,3.959565302141503,3.7094884204666543,1.0,141.77721254645854,32.247314978758574,21.67273331038939
207.03210078577695,209.16590774027517,0.0,4.141292975809849,4.0288857895652646,4.0288857911066716,4.028885789721511,4.028885789913356,4.028885789614588,0.0,132.1667755450449,20.372875381391392,23.87593221720989
199.53818216748235,187.7029890372572,5.91365037752114,10.452557244778708,4.018477483318641,4.018477483904346,4.01847748350643,4.018477483414504,4.018477483005007,0.0,151.489116720733,19.059410508558468,24.455183913399537
220.65646252087853,219.87813829672473,16.32844922212888,14.955988798545265,3.8405396059061134,3.837957630456782,3.863721077969922,3.9488724511142044,3.7602292960087165,1.0,144.8846722365803,26.405393927097602,22.192300199367228
217.16426577828065,212.83883055537052,7.238614849538369,19.9065378116286,3.7940045417211348,3.7934718179804627,3.80462379427255,3.7846169779038727,3.787477770934704,0.0,144.54132519539095,19.12527996152351,23.300122194381828
223.6875981245947,229.94864424477115,3.247443852477587,12.495305233600854,3.947386752867231,3.9473867534929603,3.947386752957145,3.947386752678687,3.9473867525976347,0.0,127.11401957131326,14.480930312504286,23.480459010676995
215.37379126056004,215.97239272090084,5.4657971658694295,18.5415037715023,3.775323431616191,3.770926968930492,3.824290578620857,3.908151884382694,3.654913748054258,1.0,142.94160876988892,38.01136399646287,23.19285169670266
223.703275382506,221.57940336755166,10.550914200288524,18.834664743585282,3.719054422256474,3.711443310756382,3.78738844004265,4.038396464811575,3.4823168181185746,1.0,140.32361327622337,33.27836023985152,22.791856439617124
231.02260454658753,237.11170533879027,17.35982723245205,11.17382980810188,3.981437721881127,3.976444169992969,4.026270790785176,4.190953921084966,3.826117229586457,1.0,133.0594033465869,24.41940809774444,25.452794804567276
220.0833081887758,221.33144833477704,6.006536444978073,13.29911326535866,3.8850398425706514,3.8850398437546367,3.8850398433021542,3.8850398422219405,3.885039842057978,0.0,131.99938866518005,19.66498593524252,22.008205396275613
225.99809653946195,222.42373196272698,0.0,11.111958957722061,4.01050030804146,4.010500310243334,4.010500308414575,4.010500308400474,4.010500307676288,0.0,120.69979670984162,32.06717645119823,23.656704931586386
231.14352789129543,232.03926273482233,10.27398627844871,5.837804919578107,3.979932167466131,3.9761286850433915,4.04229167809436,3.9860979884260264,3.9101738089081515,1.0,119.69311586689892,34.640991017909776,24.730757975681268
213.20129144234656,213.73978686047184,0.0,1.778330123403194e-15,4.061059477036542,4.057496681567393,4.093046949620477,4.210544976835045,3.95024150082128,1.0,121.79870855765333,36.901384648176844,24.956266141593048
215.7610822812062,224.50523669390955,0.7317771725941193,0.0,3.9861895027547587,3.978925233235588,4.051409521578375,4.29097904491174,3.760240094298859,1.0,119.91133746546859,37.83206316513337,24.121071783626608
190.28588830784886,189.55118801316345,12.286201749097142,0.0,3.6468181615471873,3.6468181623104914,3.6468181619021904,3.646818161663376,3.6468181611017,0.0,157.159494175965,14.379109454453515,22.255600036892645
188.04795855536094,179.01590721501114,6.443976951958104,0.0,3.6699326744134773,3.6691286928630076,3.6771509837259067,3.703665645723498,3.644925434505609,1.0,152.98354229209426,29.398259625291846,20.30341773651027
177.81574107573317,178.56678773247992,5.440158641491029,0.0,3.689374922376837,3.686444610829627,3.7156838215052153,3.812323020421931,3.598229898157355,1.0,163.92505278615658,29.519057115446344,22.074161861395677
176.22521098566378,182.97995554852082,9.08612608445465,0.0,3.58483889348993,3.584838894070149,3.584838893719631,3.5848388936362476,3.5848388930752657,0.0,169.73060951783427,15.953166966594543,20.284948575243178
176.78987344360223,179.18337388165972,10.771757328032894,0.0,3.591093292432301,3.5834787260806,3.659458322458965,3.9105802630249324,3.354248249473224,1.0,169.6204116937588,28.40482431038302,22.343453977223685
171.20199980287245,176.90466322544273,13.897460203920227,0.0,3.565782141013906,3.554983452482669,3.662734827303758,4.018866415311419,3.229897506409545,1.0,177.42368506397398,24.687032369763724,21.99081400648649
185.63641771377974,184.19364850054484,11.058593543530145,0.0,3.7813262246664987,3.7813262250621476,3.7813262253052744,3.7813262252679913,3.7813262232834166,0.0,161.13891895652793,21.972928161347205,22.446955613754668
182.6788065748844,177.68323668995836,0.0,0.0,3.9439907372167307,3.943990737814299,3.943990737446406,3.943990737496902,3.9439907370091687,0.0,152.32119342511555,20.171577774348048,24.381973727336703
187.8324023110557,182.85307333466335,6.4939636351276215,0.0,3.7689035296059967,3.760697490805444,3.84257891370339,4.113207119545686,3.513661200310476,1.0,154.4719215972633,33.35803280715399,22.62435712045431
188.25196168994017,178.80632191578852,1.8288134943526448,0.0,3.7487613059246643,3.7448424007755836,3.7839459865297154,3.913188162009953,3.6268668642998563,1.0,148.7512746653476,35.55126866612195,23.23999332470267
209.1095678968028,210.48270748692113,4.487716536502739,0.0,3.880350998319325,3.8675013402980745,3.9957176839545014,4.419488519874864,3.4806725726626437,1.0,129.73400392305834,36.40900424632474,25.07192153163632
209.2525708682647,212.95632926353457,0.0,3.794878378037704,4.0236660336593495,4.023666034914427,4.023666034069491,4.023666033526532,4.023666033432661,0.0,129.98597414557165,22.23060442916709,23.553344503597557
222.44800783921798,216.82379359938935,12.761560556939362,7.829568646691666,3.9810064908795653,3.975736855401306,4.02831830886068,4.2021065090531735,3.817098576074441,1.0,133.55250918301454,26.603688422714544,23.38930955144378
218.09740225319155,209.49333512662125,3.431455889420826,9.104503551554679,3.896260051304115,3.89178449266513,3.9364424790701524,4.084042636885365,3.7570513241711136,1.0,130.16685103809073,34.29065702603277,23.989350059528345
227.12892578694138,234.0505484604837,1.8161508063141687,15.129937338801588,4.028055490480917,4.028055491719289,4.028055490862947,4.028055490314185,4.028055489984923,0.0,125.05383914691225,24.48676047978764,23.71619653892844
221.51485537241894,219.76169825402215,7.281328252419559,16.535942199896088,3.8599392232468124,3.8470477452613556,4.006210599762123,4.23480742599511,3.511494681897446,1.0,137.8336242327704,36.41072838490835,23.545566807638295
220.03789925295098,218.37309884974036,1.4474400813015695,22.8475597262071,4.043078090757251,4.031276811766959,4.049944725601643,4.163340875207755,3.5054979112774567,1.0,138.6314214372447,39.968195198133806,19.57165285504061
228.46843117903222,234.76738509173526,9.832301522490882,18.017136767975792,4.001596788231559,3.9947726354853392,4.06286536051195,4.28792022748708,3.789336842142292,1.0,133.63577485297753,31.732816838365157,23.44214592339128
224.77390222276853,227.12733919607464,5.175958527258759,15.49188576349612,3.79097460917199,3.790974610034979,3.7909746096082126,3.790974609575361,3.790974608160773,0.0,130.01619681859785,30.03789245244385,22.711604124962406
232.2688017340254,223.44832281891226,21.49561686338214,12.771662047537648,3.995755917994141,3.989021191547572,4.056221597360408,4.278327236477402,3.7862775284005323,1.0,138.37397192446375,18.820442903683617,23.95642158501295
227.16234672463523,234.11236450520857,14.575724672626828,5.551239915098817,3.923637068079425,3.9083845966826285,4.102716795698777,4.33442319391635,3.5217360913765536,1.0,126.89824199215747,29.648656427972053,23.893874194957153
225.47215583576428,226.67390293167603,3.296854006075804,4.675099350983393,4.150555416247161,4.150555417610604,4.150555416393379,4.150555416537597,4.150555415972841,0.0,118.12308850985039,25.339070373317448,24.397147447613396
205.51508577649582,194.82355915721323,0.49912504590129536,3.09069070254511e-16,3.961941207036744,3.9619412133051197,3.961941208294683,3.961941211625866,3.9619412044228564,0.0,129.99936150678522,37.19324917304624,24.10087775415566
218.75467330260776,219.34744920375007,14.690315289443213,0.0,3.9117857940281184,3.890025532579111,4.107153581377589,4.824788576104146,3.234950108242401,1.0,131.13246304768091,23.855851707399843,25.475114310161935
179.7967183356362,183.56747991495212,9.511383100281073,0.0,3.7123643490303375,3.7123643505016326,3.712364349278961,3.7123643495212137,3.712364348841669,0.0,164.19263726717054,16.459414511613783,22.84721851889902
188.48263581543802,189.24502546020568,2.3695123040492123,0.0,3.8308808664026928,3.830880867200244,3.83088086666365,3.8308808664834317,3.8308808662179903,0.0,148.76401236967115,17.23004563190612,22.105973562687577
170.99881075842578,175.18662904812402,3.9551594877439995,0.0,3.653928975213639,3.653928975800315,3.6539289754284088,3.6539289754816284,3.653928975081356,0.0,167.90142551777623,16.505257178817555,20.916770763513526
191.44685562085508,192.437231428509,9.23234818081034,0.0,3.9803222632845445,3.980322263814196,3.9803222648546512,3.980322268703344,3.980322258513301,0.0,152.90871064487766,25.67580458629017,22.845994089665414
173.1707086868581,177.04229180325865,11.798921121258171,0.0,3.4662083680851907,3.46620836866422,3.466208368410873,3.4662083684067113,3.466208367231632,0.0,173.4130171783683,21.746078986010897,19.868853078913055
164.29117453708562,160.51103018871217,17.721427602426317,0.0,3.504503129363012,3.5026385318071194,3.5212438461278346,3.582736703887647,3.446506289238835,1.0,188.96700887300423,22.237474965344642,19.859528714009606
180.080175063289,181.0918299017771,13.00921665392962,0.0,3.537199179886214,3.5310589153084635,3.5923276492932046,3.7948283619209553,3.3462111229012623,1.0,167.7718668506411,28.992912410423,20.64196972761675
166.97665987146013,166.9099006284229,19.122610701827657,0.0,3.6292905918802485,3.6291391693725874,3.630650096663503,3.635643896976601,3.624580699382863,1.0,186.91341454264082,19.36059433252125,20.73699240262589
179.31053020766205,185.4744724481184,7.094576907691177,0.0,3.7171079879407665,3.7171079884051688,3.7171079896016566,3.717107989345799,3.7171079848493718,0.0,163.12132432746776,29.33815526679069,20.590391890224858
193.71889172167022,191.80468211769715,12.16924673277766,0.0,3.7415063736589724,3.72810081549933,3.8618640395093498,4.303968001289985,3.324537105617665,1.0,153.5554069127532,29.394148466545378,23.448180180691946
197.34161340033722,193.69811062662163,15.91111563598373,0.0,3.7859500964734014,3.774113634025829,3.8922201187514167,4.28257662386609,3.417786315254539,1.0,155.4554056350492,22.00245240902956,24.479838318780125
204.55478318388583,205.64884679546907,14.892402524792155,3.60659777907716,3.8646769034108486,3.8646769049515473,3.8646769036237374,3.864676903483493,3.8646769033046415,0.0,147.91859073473248,8.75874923990532,23.195016520807147
223.0166309200969,226.17306954956726,23.821622956220935,5.662110138043469,3.904608911989709,3.874084636469594,4.233101279445512,4.889271826305987,3.0488558060574373,1.0,142.14586367743595,15.865837303453672,26.097658687678422
222.34368474730542,217.04868856784464,20.85818285139542,9.46656337594057,3.916228571107634,3.8994210887532716,4.11470295307476,4.36271035484491,3.4753102181611513,1.0,143.46015504582462,24.002302918129274,24.749460180431424
220.13093227055097,204.876001337186,11.854676015873414,14.34129449115686,3.9686098648942902,3.96860986578325,3.968609865466633,3.9686098637161376,3.968609863614184,0.0,141.01826354800912,17.281986361024718,23.698534244674864
225.77314961868998,209.44220042001342,8.911247233503266,19.85534480320707,3.9789138082042803,3.978913810286847,3.978913808516795,3.9789138084222158,3.9789138075091612,0.0,137.64191077290965,25.690610964920086,22.673134601240196
224.5605598184902,225.75734155170605,11.188005946268122,8.663519233603017,3.997011303453524,3.9912474970361647,4.083201807159673,4.051542514894189,3.877000684505553,1.0,130.22948635668706,30.31853065759902,24.911111476145244
220.49314166997448,213.49004146678618,26.72112847501294,13.719920427209777,3.9182706295562637,3.9175932994296643,3.9317724293339813,3.9063348591713014,3.9099721970660677,0.0,156.31365950396375,10.609129954176572,23.510916466256067
219.56870488365212,233.54956322027368,7.719615684901196,15.969475128346934,4.053835544851893,4.053835545817598,4.053835545317734,4.053835545380137,4.053835543771954,0.0,138.6552073035246,29.995550928325198,23.582451788279737
228.10848258278423,225.21930015504773,25.178123989871978,1.239059081773752,4.126877792882558,4.103293981279359,4.34643529359906,5.073878429587681,3.40677451995535,1.0,132.70257989114495,20.220494017924846,27.938636163408265
225.3361589404646,220.65325468587383,0.0,9.951890837022283,3.977967603101052,3.977967604422368,3.9779676036123988,3.977967602903665,3.9779676027719155,0.0,118.62339818270448,25.401810403591757,23.63964967756431
220.34582055098997,226.9376742290415,12.427018387712392,3.387878895177608,3.888697697358013,3.8728475103213236,4.031003717703959,4.553729503255332,3.3956901543042313,1.0,132.59313258471343,26.864230941456956,25.149670471958796
228.550031256853,222.89228132912933,1.0096149422838123,1.292501840726058e-15,4.014066298964156,3.9957375964903643,4.181942095093848,4.798592095789362,3.43255962623456,1.0,107.44468324236607,37.34049136755922,26.408696115338792
217.64826113704396,215.32181693361838,8.31900451982755,0.0,3.885134332120329,3.8697793270734415,4.022994522090864,4.529389648800113,3.4075290073079536,1.0,126.88459728691885,33.364702481124375,23.603998455776914
183.12716635378706,186.18336241679035,14.708207198535549,0.0,3.5067679510275265,3.497711871423665,3.5880751631903633,3.886736990637323,3.225085779627274,1.0,166.61486164948516,26.19185384632579,21.70258051064968
195.77697201405942,198.8874364048952,12.18680508668187,0.0,3.7185608327728645,3.705530576177585,3.8355489676699532,4.2652757937313535,3.313265029417222,1.0,151.49157229231912,28.00625326546934,23.43352824474169
180.68153511693413,181.02119964096752,0.0,0.0,3.682822173042313,3.6828221736450666,3.682822173215013,3.6828221731757846,3.682822172753197,0.0,154.31846488306576,24.53517441440037,21.395014110965416
179.2992384916234,181.59044819596156,4.060782467827461,0.0,3.6686586613953818,3.662570783945907,3.7233167871517128,3.924089822531241,3.479300065101765,1.0,160.1134108344405,31.737619288740564,21.29754086757731
176.37394335080742,182.6482690415659,20.85470717443802,0.0,3.6425447535436497,3.6235789924887665,3.8128229750942557,4.438297686222333,3.052629811997902,1.0,183.72467410396644,14.281785920099823,23.86079151042369
170.65457436070955,178.69873326988835,17.168064697509305,0.0,3.481573435295539,3.4815734356767125,3.481573436969286,3.481573441128784,3.4815734302161467,0.0,183.92471452243532,14.977458606749261,19.809440391658732
184.79540483967662,176.9419771125967,19.512121854029626,0.0,3.723262432274242,3.7153498225589816,3.794303355450919,4.055254520187037,3.477146978793385,1.0,169.8675172540817,20.388570031611223,21.589298645895145
182.0075714384135,173.21172874205888,17.825606852093866,0.0,3.7808162870764024,3.7808162874598565,3.78081628800586,3.780816286648688,3.780816286072146,0.0,171.64460271650998,9.451477425450063,22.118674838641937
194.72767860790154,196.70622656889208,23.619712799349852,0.0,3.7253726084822723,3.7064640029860683,3.895137677205394,4.518727393464868,3.137235472579676,1.0,163.1873265700526,19.487975498705417,24.45424882600136
194.43646221429293,198.23304548701813,23.696332595071503,0.0,3.7301411072261397,3.7301411075687714,3.7301411087906313,3.7301411115201386,3.7301411026950433,0.0,163.0199316861703,18.509458228152077,21.552336111289826
201.8493781392173,200.74161420876214,26.887028751000543,0.0,3.861945000446569,3.861945001449431,3.8619450008667364,3.8619450011538565,3.861944999579048,0.0,154.72233572418656,10.512691922777085,22.338757301767945
205.9598352369315,210.779584926669,23.730350694918947,3.8930342062943537,3.928001189210698,3.9280011902023024,3.928001190046422,3.92800118918941,3.928001188009032,0.0,155.20960426785342,13.2942068940467,23.705839312971406
210.7015878681394,208.0157129903462,25.34846104682037,11.070198223070918,3.8755476680533434,3.8728695865259577,3.8995920028757096,3.9879128851094006,3.7922480422378873,1.0,157.66233081043205,18.591738486414165,23.869017001853816
220.62993294300634,219.90019610786263,16.181714570534513,13.007101424423594,3.8167102398530193,3.799187776689399,3.974030284340969,4.551906353588334,3.2716878415469024,1.0,143.07268434338954,27.681505884391616,23.095071400005075
214.59015267586932,216.6818630632524,16.534633727640482,4.044820570290072,3.6976875395140154,3.693683473717968,3.733636817952011,3.865687552073431,3.5731442120585917,1.0,143.7950266340726,21.528210886401038,21.52098356828652
226.97860025850025,226.1623370237082,7.348381613908488,16.48786621937541,3.878690595916296,3.8779848830692596,3.8353196025499603,3.720239050871621,3.7712030818845976,0.0,131.9473646539349,31.81496572528123,20.956600331919564
238.88130839026041,233.265427140127,18.570621743962885,6.343716015902682,3.891642717972046,15.11525634038476,5.1009547699372115,7.466945291176729,3.3825968906066852,1.0,121.72087249172006,25.207474943075404,29.32677578066058
228.00639220721393,225.19669530606433,24.882367422298536,23.413860676754496,3.719596061015817,6.855887724884199,3.787434843012495,4.075137934114749,3.9867652726570526,1.0,157.57914130955476,15.888905251433668,21.018647692330127
231.30469924610554,222.2604696015265,21.950145410075166,7.881803212887945,4.041528477508104,4.020541383122411,4.229954639668625,4.922091298757169,3.388741483739302,1.0,132.6508710598924,20.1326124903075,26.418487279939107
222.29107876291033,220.099732529126,11.014863080094274,12.529246452798661,3.9720147492645337,3.9720147522967193,3.9720147493929865,3.972014749616774,3.972014749341683,0.0,135.28069807276137,15.653858205475476,23.11610067716143
227.3816927097508,214.44275919518176,20.38809777351984,5.657932957527677,3.8791117454876685,9.248770259339796,4.517491634384012,6.076222707676639,3.3242267016904674,1.0,134.12371637445082,25.797614893534533,28.477868104376576
223.6626907916761,225.2284087421872,26.425719658669646,3.8307999676491336,3.7080335333612195,8.418238336258385,4.178690148646621,5.907530217414233,3.176550038855589,1.0,142.87858445560067,15.4231142626086,26.62253153119827
217.45573377069528,217.7682144224046,14.128700499241807,1.914782532478689e-15,3.908659668619025,3.9068491890367385,3.93697110999155,3.919056216242885,3.8730932079426363,1.0,132.06100585424667,25.70124027613766,23.827910413458245
212.84338009096442,209.887616372433,15.152263596988314,0.0,3.7868582009648297,3.779701265603721,3.851114535506018,4.087144203369505,3.5642473974465245,1.0,135.31968566187538,26.5797269898206,23.758366766439654
201.830490075535,197.99292761794848,20.912307555280965,0.0,3.653983933303112,3.6366942114200516,3.809214360513474,4.379414739372373,3.1162008423229923,1.0,155.5825711841752,20.89838744547649,23.008886059324716
193.9685963297233,193.01084498495706,21.11325537395379,0.0,3.6923253778331535,3.6813448476329036,3.790910677154554,4.1530392636943185,3.3507846890648363,1.0,161.93028992003286,17.082410829947396,22.04337466130099
191.2853910652293,184.23907817941193,12.661524000204567,0.0,3.8614252059365928,3.8503458800645323,3.9608975126851527,4.326284299596171,3.5168115530608928,1.0,156.79351530431592,26.322748215393304,22.77363148430625
199.00111829730767,189.766792374273,0.7512720460138996,0.0,3.8771545543329684,3.8771545553545814,3.877154554687676,3.877154554743231,3.877154553766872,0.0,136.7699346394295,29.476508806952257,22.501921462454032
167.15426748305867,175.0433828993757,30.00569942481653,0.0,3.581615955543957,3.5599972254927685,3.7757130326774604,4.488680391618994,2.9091825406258938,1.0,198.07213910016307,5.26478225367877,22.401224837267403
171.02121413731876,173.4781498899972,36.11662337597933,0.0,3.6318830370183868,3.631883037246039,3.6318830372580235,3.631883037442297,3.631883036409509,0.0,196.64662700446,5.5529845592226645e-08,20.21146737221438
168.51856754000306,165.97144230088873,29.42342959400528,0.0,3.586532609506132,3.5731679226217,3.706523314952205,4.147279340551818,3.170834645526686,1.0,196.9239195789378,4.16065377881279,22.058853580701722
172.07145678906912,185.26881587384455,28.962814922455255,0.0,3.5645247237811937,3.564524724299775,3.564524724685283,3.564524724799931,3.564524721886425,0.0,193.4843844791272,2.6464635522468485,20.734218216717924
179.74532892186488,183.92871992029052,38.10655616704489,0.0,3.6519681248773126,3.6349246299860165,3.804987870116855,4.367067860704548,3.1218437602010374,1.0,193.68659221488247,0.7328301646613975,22.74847402077996
192.30733937339267,199.23276671281172,31.030641698881112,0.0,3.752385883916257,3.7379618757227133,3.881887377343048,4.357578918357295,3.3037385743812524,1.0,173.62961163406857,6.836529417902979,24.094207601773693
179.7448221652736,169.0557668081192,20.97955898689418,0.0,3.466496837826561,3.4517481490815975,3.5989133832962783,4.085312639127206,3.0077505707872434,1.0,176.36407339807948,14.528875635791547,20.15104515369512
194.89658208190542,196.4126337183248,18.254791874389017,4.136622206154876,3.7752973684716715,3.7673389811242903,3.8532365159851367,4.073931232502334,3.5389213092028404,1.0,164.70585770474446,22.261337377008562,22.524850310167302
218.12424596254198,208.35085125038862,21.768444949468446,3.814565692398031,3.6907222670306736,3.672018121398223,3.8586516626768934,4.475498546202927,3.1089446406869854,1.0,143.27199472949843,17.556520495855935,22.288106008427462
225.32402179448826,229.1348347042366,34.26048534465161,4.061539017566684,3.893057420050763,3.8628652804270276,4.164128233712547,5.1598394780269015,2.9539548046303694,1.0,144.80200486168286,7.190202125047515,25.77377766627783
222.8428271900562,216.9081316478371,35.541990622570935,17.930631279733994,3.7696775987581885,3.749726610353518,3.948801375604492,4.606768038412592,3.149117955476575,1.0,160.54407624986058,8.20316779698916,23.24117999794169
219.2387446236347,223.06164572695258,41.82724562354445,12.73584929008494,3.7840434348788046,3.77196561117426,3.892480440533853,4.2907968226136,3.4083723166259206,1.0,167.47237282141643,2.615581538918692,22.211337107876442
219.33211806778235,225.77218545123503,22.54334995503609,19.035420601347354,3.938453353471486,3.9204000320627146,4.050877089814315,4.508029973365006,3.2914595463041274,1.0,155.3285896889207,20.145054128014596,21.469146930041667
215.51938792457588,209.80853105362112,20.39708561064649,19.71589846027207,3.629235544727111,3.613734195162582,3.770129121617,4.138033068821799,3.150037217253838,1.0,160.841577463137,21.836598426959476,21.793087770228006
229.6064983252085,230.06403212891237,32.94350300947878,16.593453298759183,3.8640607486273666,3.849817392221855,3.991940334699625,4.461674199127207,3.4210324014733824,1.0,154.67542946636325,10.973677480424804,23.116249794316357
229.93715695328476,229.9389501751872,30.97612467723667,6.1745268291843125,3.87516857632555,3.85650332318961,4.042748792524569,4.658313024106847,3.2946006653129842,1.0,144.05362030554267,13.55981066912081,24.305122604760143
226.0050190481755,231.4832008084549,27.969575196030622,3.1093699762233147,3.896546460957091,3.8914253755408033,3.9425245636454513,4.111413674918084,3.7372591016805874,1.0,139.05197243489462,16.253262454408247,24.47261802884496
222.8285260144018,225.97462195577634,41.177645893567245,4.527784821352287,3.699065889694926,3.646096610097695,4.17463418044679,5.921516065199894,2.051498525584473,1.0,156.68657974717397,1.5863234384404767e-08,25.98709181552535
217.77399984561686,205.6191698091944,24.823516233700925,1.386599864043841e-15,3.9359487008118514,3.930657423039061,3.983454817990052,4.157956725834777,3.771367653044516,1.0,144.7559698526748,9.774908703144208,24.784230689789794
203.71980680294655,213.40776370827655,27.34669949799539,0.0,3.878877346528303,3.8741669546362063,3.9211681549981963,4.076512923479766,3.732364307256855,1.0,160.70389822588703,8.860870214915465,22.687998869742902
193.0970357970507,186.52762745909487,19.036485057726868,0.0,3.86637208936348,3.865281966503947,3.8881024094207803,3.847162198859181,3.8530162735561224,0.0,161.76073232609943,18.295434663552616,23.094909436137858
183.6066803691999,172.0645577001844,14.757032695061328,0.0,3.709936331441321,3.694077135060857,3.8523232274966652,4.375346089096528,3.216648601514635,1.0,170.52285665960278,18.31296265535104,23.272119931096846
199.55490552810465,199.6091794541087,31.174573355873545,0.0,3.6761030802662082,3.6708033982620902,3.7236846359284472,3.8984636510520785,3.511260680759857,1.0,168.27332860761683,7.299300554257057,22.955308471825948
183.5571326307246,188.75154374386173,19.892345138226784,0.0,3.6827057123334415,3.6827057130202845,3.6827057157975203,3.68270572563926,3.682705701374728,0.0,175.39506597761948,11.171995389231054,20.8650046725213
180.97559459561973,186.84206677883319,36.99409108719564,0.0,3.637717727127922,3.6264427498800336,3.738946622770531,4.110785802538449,3.2870185160820715,1.0,193.1924874763141,0.6305028422621319,22.012558286575416
163.2408094836336,167.77719124466134,29.418400938289793,0.0,3.498522760629577,3.4985227609056007,3.498522761152541,3.498522761677709,3.498522758949598,0.0,201.88534844084106,5.5639432145036185,20.489310657761596
176.65135075855355,172.88007361333646,21.89857300400655,0.0,3.484419806583893,3.470318970632381,3.6110198067861483,4.076053431098737,3.0458244827987837,1.0,182.89897246186004,14.59857315196977,21.035732233367945
152.7432910407725,144.73206229499118,38.24828186074983,0.0,3.433459922659813,3.428167527367677,3.480976065325278,3.6555147990461347,3.2688441420744128,1.0,217.7386284075826,7.45824171307988e-08,20.958700045568982
171.3873739273643,171.48430458293868,35.22741827471111,0.0,3.2906819297229277,3.2677409936683937,3.496650023067981,4.253222609144822,2.577122352052476,1.0,203.61262607263555,2.5692350258023186e-09,21.218599946371327
188.50418777280478,194.1315677930018,34.749072523840944,0.0,3.594319380739813,3.5922881329248595,3.612556312506218,3.6795451462167255,3.531139025805382,1.0,178.445795658604,8.08516698132393,21.102792613844134
192.16710520068207,191.50304803404242,31.960045656463116,0.0,3.651138364972141,3.65007177157029,3.660714452937295,3.6958898287298623,3.6179627938723655,1.0,174.58738864247138,2.482109876235779,21.24732780210832
218.24960230950666,222.10669939058508,28.811281086552103,5.140469653515793,3.9511981346144007,3.928701728954369,4.16118774199458,4.851513300893762,3.265253451761016,1.0,151.40598651344052,12.604323301381825,25.787336080142907
201.0911168005534,202.89522468044427,39.93286088455634,9.873429592063312,3.8292443305591375,3.8117675365256076,3.9861543177254846,4.56252414540865,3.2856425411117853,1.0,180.17927171340872,5.083206065343985,24.81226057953988
228.61772609033085,233.08456176377587,19.976673829311128,8.717182540556317,3.8659082702311935,3.8568221457132528,3.9474852349954364,4.247137929494718,3.5832915628301665,1.0,136.6000079589985,21.077804826658205,23.908030001137423
223.21291517271214,214.3900999359164,28.246424195895734,7.019009575255833,3.849799705185717,3.8446319261162567,3.8961970226330855,4.066626029004511,3.6890600032726506,1.0,147.88567598764308,12.011169918863196,22.083217423610467
228.6689902166819,234.22044898646908,28.35474615783472,14.522361038364638,3.8404648039405043,3.824700285385975,3.9820016989592135,4.501902292468996,3.3501218287917256,1.0,150.1133908022381,13.727535012379319,24.144528982236245
222.52309611667204,221.53297352868398,43.9409025668878,18.05024677500934,3.831319189540953,3.823210252122909,3.867445767422717,4.032784933637344,3.515982759824788,1.0,169.49288648549592,2.5425529510404847,20.54569560545251
223.0179036725334,205.9816183558062,24.231561667166066,11.142070609054626,3.8565303978354586,3.8546422809497343,3.873482280138252,3.935750802962258,3.7978019912202545,1.0,147.03870841561275,16.76805985294358,22.834312185316513
221.68343240991013,205.38365137701308,41.49090523727174,14.847320315367343,3.891195343619617,3.8752256732965353,4.034574096976244,4.561240299644589,3.3944714046398765,1.0,168.2189211117112,1.304544620320949,24.098598575522196
222.53569416434735,219.2437010013736,27.625481600949946,8.072378554328038,3.840685351417676,3.8152518783836156,4.069031920175987,4.907806272361848,3.0495973799666496,1.0,148.76703307341555,12.576282322283404,24.198299284124413
220.4959631513459,221.61201848659732,25.215434731087413,9.505914447693812,3.9081674456596307,3.8823811261602232,4.197737501643365,4.674373932395281,3.2060070783012096,1.0,151.1251141155801,17.157852536938524,24.251703056306248
212.8311304163862,217.13674321850607,38.635270751210776,3.356927484014041,3.95027387406478,3.9451636419100193,4.018735398370559,4.0418858794686745,3.8301815455052814,1.0,155.6844138972343,13.167108092066105,23.193130921479735
221.13733396806353,224.62643771309533,32.242281971218226,1.219726717429991e-15,3.9059439499308928,3.874907421362418,4.2445642675133675,4.8820325750923335,3.043771708485544,1.0,146.3081582934654,12.51637698372369,25.66673405486534
206.1294962369725,207.5565253543776,44.76911504573002,0.0,3.8990755719191084,3.8689647112235646,4.169416616970803,5.162447237143712,2.9625011794435387,1.0,168.87050376302744,1.407978000587835,25.375791285047367
212.70703562244765,218.21048243157742,39.18302355845619,0.0,3.9032768199197325,3.8593399626075016,4.297750301055308,5.746750562934008,2.5366557778037144,1.0,162.29296437755232,6.120994592223504e-09,27.48808095820946
179.7743391146211,170.72744160770057,27.593456710558566,0.0,3.6331380391688013,3.633138039909565,3.6331380396939337,3.6331380395721595,3.6331380383357015,0.0,181.64374881493833,2.6640465807141602,21.95683421993374
179.17976999271735,180.45184938392254,27.45170966908277,0.0,3.740524334224499,3.740509496996005,3.740657550402923,3.7411468849222684,3.7400628184882594,1.0,186.0438906577446,5.2966994109368395,22.06129173854963
161.88475940032058,160.5931082457317,40.21836189739433,0.0,3.401568703239229,3.385716604469893,3.5438918658518928,4.0666806206592945,2.9085017716215766,1.0,213.1152405996795,1.9908642234254318e-08,21.475004174349053
173.86875647507281,168.1424884892031,34.29161939933896,0.0,3.397410171179956,3.3890939244728537,3.4720750205401942,3.746337781794572,3.138739920471585,1.0,194.0326134611526,5.4526410308425834,19.76107146459352
169.00672176435583,165.99508308550173,37.65882045800166,0.0,3.365887224450266,3.335817974857993,3.6358546756848464,4.627512991203455,2.4306071172141093,1.0,205.99327823564403,7.976117652716908e-09,20.439249207967826
169.24060059458995,181.65298073466244,37.20079377785127,0.0,3.5975597924365847,3.586891855083071,3.693338573760838,4.045158112298256,3.2657420558743837,1.0,201.65166920753848,3.307595920268388e-08,22.633957295358254
169.41915746669454,174.3584811262869,34.74402159159117,0.0,3.4503048207211395,3.4503048211730363,3.4503048219067307,3.4503048245174353,3.450304817041137,0.0,195.00249259598868,6.058066647659879,19.187823410252168
187.0063269990768,178.79630406757855,16.07601695465952,0.0,3.7176747130242505,3.7109595220919065,3.7779649812573126,3.999426291563647,3.508804020784597,1.0,164.22704143319294,23.679712341341688,22.11644511261113
199.7905588149146,197.51682756278578,32.85285264171482,0.0,3.670466780061085,3.648464702860992,3.8680056246762518,4.593615460535803,2.9861096440942885,1.0,171.726947320367,1.8752326479822592,24.462754142295648
190.70844706320705,184.2868932327658,40.96699399362636,0.0,3.5269703819016507,3.507744646152238,3.6995827003490263,4.3336311391007145,2.9289691526517685,1.0,184.29155293679284,2.414476655698776,23.022159403007674
195.02807614322097,186.5211024300672,31.445921239970254,3.4823427567529586,3.731164521491258,3.730917353483099,3.733383646414785,3.741535049517429,3.72347654526474,1.0,180.12384152583502,0.11699744309140964,22.40360283322729
211.7791004118644,215.67736925275585,35.240746736121025,7.1811148790935055,3.7829454051203437,3.7829454057028165,3.782945406115161,3.7829454070664714,3.7829454027227083,0.0,164.44610468259367,4.943110402608385,22.61596709362223
217.84900183635793,195.95828149899253,36.32596455161145,8.868205472198367,3.8599410486196803,3.855050841544056,3.9039404986426,4.064608707064676,3.7079971790781947,1.0,164.40481874365864,3.2425261033782857,24.34192180920699
219.5737614140165,217.10107333630248,19.283823373881486,16.371114716227062,3.790554328539547,3.7826629720938416,3.8614044738696687,4.121654865487866,3.5450998083405607,1.0,153.72575054532476,19.171740854384808,22.703404616514614
229.68323836426788,224.81701178706885,34.823875732971224,18.38490801646156,3.8081826971577413,3.7841786640004766,4.023700477837204,4.815351465047792,3.061539125151877,1.0,151.66846720156596,15.360493055446323,23.96649639084766
224.14657705969069,222.57634016432618,25.281506118047716,17.34030746883526,3.836045723926737,3.8352639558122776,3.8430646656715393,3.868846982057832,3.8117291844351233,1.0,153.82189599996642,19.229363765493336,23.227552963902657
228.98917265912593,230.01133080543093,31.549152331647498,13.65721291969014,3.866280545483443,3.8571026601774157,3.948681392560475,4.251360413376806,3.5808095665954225,1.0,152.43254978638114,8.555919841901241,22.607194731399254
216.49420642594083,222.91918147235606,36.89439564176891,7.968155316296461,3.851512901359297,3.8492767950822793,3.871589098467212,3.945334015846244,3.7819605624424133,1.0,161.03897223356915,5.6885292369322045,23.68269468793192
220.87927874078963,229.4645983092115,37.22322191843276,8.43590419594385,3.8226650451075677,3.7934352146729746,4.085096033301213,5.049071025835385,2.9134943963559925,1.0,159.78994955837504,8.674259034846854,25.289602261693688
221.5930929207914,209.67526760383802,37.63900616334154,7.727835327394676,3.706052222842554,3.67922830988679,3.9468824269935543,4.83151230592803,2.8717157217339997,1.0,161.1828646951073,3.1934160988909834,23.3899139225956
211.587627848003,213.86779095004272,27.323426733288276,4.756076779283007,3.800895031025001,3.7860186151128787,3.9422186282243286,4.382867675814826,3.3515299396998084,1.0,153.57523466737433,20.011166051652264,24.01084608566197
217.21900805763747,211.69289040848366,31.310055102616662,2.6168071948930795e-15,4.018420357322995,4.009139695967302,4.101743926216182,4.407812338832626,3.7297526832541728,1.0,147.35604441302777,9.581454389266122,24.711246049198415
206.21928769459646,203.0071440061524,27.901077831482713,0.0,3.9810028777919837,3.980123418046755,3.988898836989364,4.017902679642057,3.9536479744426045,1.0,156.0313705412543,13.053035504886045,23.44949730785594
195.60133150792214,197.25338562303133,29.76331251858482,0.0,3.826030235945376,3.8026420154828564,4.036014134460831,4.807337782245744,3.098558230541719,1.0,169.39002609623955,9.540032156338576,25.81447208976102
160.48537283132382,166.6932823563054,35.58339623269126,0.0,3.5079763051037545,3.505714593913878,3.5282823812912274,3.602871701308051,3.43762756909741,1.0,208.45335336767909,5.8897465211687585,21.305243628671118
173.50210406921963,170.8660454750737,26.072043913657055,0.0,3.6708963956265874,3.6708963958488106,3.6708963957521257,3.6708963957368392,3.670896395360767,0.0,190.57030991022054,4.282968100364496e-08,22.100231684662074
185.4509384393461,184.63206471656173,35.11533316021996,0.0,3.629748460500522,3.6085803141453083,3.8198001116190734,4.517907603875952,2.971330092451483,1.0,181.91830262331982,6.190617001918468,23.48078994301862
168.82650303094167,175.94419108594403,31.518437938338607,0.0,3.432556612575456,3.419808352988391,3.5470129164948503,3.9674396941461816,3.0360321289122036,1.0,197.70445478333176,5.288076405225409,20.13550797924474
184.53018833468613,178.92401370287587,29.044581183903112,0.0,3.5564744414455225,3.537651742777098,3.7254682157675747,4.346224832507663,2.97100936176443,1.0,178.81705437793667,10.027323727440255,21.252549967177632
166.65805358212953,167.0326244960054,31.74048030788298,0.0,3.5480065196362984,3.5379658666455227,3.6381534149268964,3.969285623484099,3.2356999896472805,1.0,204.45665388042033,2.598971924791935,20.571219997053504
176.40297375417552,179.03134249218274,21.078679880313675,0.0,3.6990184113390256,3.699018411494452,3.6990184135051773,3.6990184204441796,3.6990184041365404,0.0,182.42601614031878,13.088416323736732,21.577207413298314
188.82810872618438,189.9369852245557,33.659504743727254,0.0,3.5863684444363093,3.5863060470341024,3.5869286669070557,3.5889865015527103,3.5844276001699593,1.0,182.73552568758413,4.189264571734652,21.26965573866536
185.76872494063494,178.9780641605885,21.564812628205043,0.0,3.6884393508557802,3.677104000288397,3.790210296905483,4.1640405595749925,3.3358622521400747,1.0,174.61439225569086,15.205011665128751,21.970573747231242
183.51823274207985,191.53391806124483,18.51877829098175,0.0,3.713321645977893,3.7133216463824823,3.713321646430542,3.7133216466582217,3.713321644725819,0.0,171.44623253462947,15.354964174865293,22.188016647844005
230.3073862653926,231.7400009964051,29.5933188831774,1.7472087970795454,3.992833949736895,3.977890025730983,4.164025353960005,4.4185082979899315,3.5917224881972403,1.0,138.4786386452261,8.369090141930805,24.61259883233793
223.9012934113214,224.82852459965017,32.32602838171171,5.158460343959563,3.8564790642681688,3.8549043569084827,3.8706171017170603,3.9225496635143653,3.807498993140425,1.0,148.15939253704528,13.206229479999914,24.163005196008537
222.38976285910468,210.43026521486158,19.93392060636999,15.442697315777169,3.7435938134906728,3.7389799566200197,3.7850179165869604,3.937179059492067,3.6000834033587306,1.0,153.95505345836943,19.588349620617908,22.493554513684742
227.1565208954922,225.32666673733374,20.438712237640587,14.08977514158423,3.4818318415127743,12.460663350687112,4.062956948224585,6.207063470081726,3.5005338040717167,1.0,140.18132737818522,27.287051012432944,25.489242925843218
225.28751732646916,223.31199234971635,28.424747528170194,18.865683382919197,3.839761597749115,3.8388451636983496,3.7834411703276527,3.634000600154775,3.700181143345078,0.0,157.2630788122973,15.394855298312764,20.13527812352194
220.67624144216785,230.56366033189394,22.476599274455637,19.056168277459548,3.807891604300729,3.807200851654177,3.771761056177486,3.6688683897122814,3.713560406655128,0.0,156.87208271937814,17.621540479392905,21.107487513422413
221.09481634712074,219.20469740499408,29.701024911790984,8.872188484901558,4.015999183294209,4.008636179219068,4.082105797412782,4.324932005306807,3.7869782413327253,1.0,152.99487098329382,11.108559533439655,24.775322057653884
227.03730444961832,221.391291862499,36.316974197225235,15.228635892935916,3.8858526440952956,3.8734570362574225,3.978587725784912,4.335738256506148,3.468367358292468,1.0,162.4837460043795,3.9859547862189126,24.094738428250825
224.2709273326815,223.85241634408433,19.86079616538739,11.351266964965962,3.9473930194578246,3.9223118106797155,4.1725769448587195,4.999734105240633,3.167261769944771,1.0,142.54792345814855,20.870233776315057,25.019920448164683
220.62777959212625,223.67698001118922,21.42885425847991,9.933626946925726,3.9203785167265064,3.910075252808704,4.012883195122152,4.352676130705044,3.5999036408634044,1.0,146.03926412661883,21.28595127964524,23.096882249049006
213.77143930324434,216.19700467874708,37.2336628644198,5.177081897004676,3.9527841516261377,3.9485578784466777,3.9907284549418978,4.130107409662383,3.8213292270944725,1.0,159.41975178663938,9.631123431512703,25.00606316493269
210.7346665515044,215.93169851140644,26.053339927037154,1.375949426039318e-15,3.970963139482274,3.9566643957018477,4.099339997646042,4.570900467883704,3.5262120371517973,1.0,150.8262663068535,15.59908345488382,25.425405546344347
204.34494414133187,200.48797473414933,43.849398369766405,0.0,3.8495738934664785,3.837036203250544,3.9621396664928903,4.375622048600915,3.4595989992814453,1.0,166.43720663078287,4.312131270363816,24.366285375745264
188.80986937561934,191.76133422167828,19.145464610477145,0.0,3.698690723788692,3.6812251019417714,3.8780412726271978,4.308919715228946,3.194224925506029,1.0,163.5005932299079,25.622208738105385,23.45120651615832
193.18723816563153,188.19606348262946,18.707238613499996,0.0,3.7436054918327,3.7400334003251112,3.77567641616064,3.8934809822849585,3.6324984033628294,1.0,161.18590172833672,21.034535590778223,22.53894627760504
187.96782713609974,180.6187893706888,25.349271480205832,0.0,3.683645622199805,3.6742842119576213,3.767694153446632,4.076425535154245,3.392466375351203,1.0,173.55043079202562,12.512618280784867,21.755549188647144
187.76783488908399,191.6609444800819,32.9967206099862,0.0,3.694173435705845,3.6909057895002038,3.723510987381534,3.831275189612673,3.5925358926280797,1.0,180.22456240919925,2.652083591931153,20.93642411321294
173.29492746265115,164.48404958130308,28.51466891145877,0.0,3.4544459429983316,3.44867822079062,3.506229656389719,3.6964442513517652,3.2750455126986453,1.0,188.78113877129152,10.894056773336203,19.745501308849466
163.06009095651717,157.605373398992,12.26239038266047,0.0,3.4063400748957253,3.4049068952343187,3.419207439592007,3.466472502560297,3.361762145076518,1.0,184.03318879608926,23.36388923294562,20.024995315499442
188.33976730398484,185.23004007159918,27.56089596862686,0.0,3.702717187499729,3.6924467525547,3.7949271229345327,4.133637387096091,3.3832634277704368,1.0,176.67271814932357,10.287836757904227,23.494647135040818
175.9535548633952,170.80822061237356,12.576433108532997,0.0,3.709597186044273,3.7095971858388026,3.709597190247755,3.7095972048725274,3.7095971717035816,1.0,171.20460790221648,25.61322292721539,20.980634367188593
186.60048357525213,188.23082575460393,8.662194361929346,0.0,3.7884745148302663,3.7884745154494253,3.7884745153191877,3.7884745160095883,3.788474513547826,0.0,157.21229539511938,23.156190416717642,23.332206060429332
186.6343428599366,197.89989721447594,17.403389171217974,0.0,3.733801417942871,3.7306734193797815,3.7618851969235316,3.865043865136178,3.6365075247338208,1.0,168.8755950622944,20.069428321386784,22.121411666179323
195.6751540499071,197.57235416046356,13.323468940243735,0.0,3.7170593360366713,3.70838638142626,3.794926780315844,4.08095347754176,3.4472939576412336,1.0,152.60719829481354,27.4227306385339,22.600560435757075
211.9865072885011,210.40192115751918,18.729710560669403,5.216866059463267,3.8280559978075144,3.828055998935847,3.8280559984270552,3.828055999064327,3.8280559962157565,0.0,149.46430698768975,17.881758737980206,22.403447544567573
201.71215891725961,200.85441330691714,12.617304515421148,7.015567052372591,3.9055421872938836,3.905542188083993,3.905542187826593,3.9055421879849233,3.905542186228094,0.0,154.56317175518186,20.331859946448773,23.499843699583327
224.03191718368885,231.32598400646913,17.56410308572959,7.509419517312048,3.9808544618327564,3.972170664374337,4.05881931116723,4.345203800185734,3.7107516335991595,1.0,143.57952878988203,13.547394403391962,24.285947941151058
214.67086166866625,216.23399734952724,15.32178484635665,9.050368881803355,3.775738134857292,3.7678284253871355,3.846753021363446,4.107608539708161,3.529712886819228,1.0,144.4360869064944,25.925299665295633,23.784589893782915
222.45250724626442,225.07506126433316,14.43866210086811,9.30286691065513,3.8928523551918954,3.892852357385068,3.892852355940681,3.8928523554346657,3.8928523544631926,0.0,135.0598132250984,17.526495932748308,22.878773727633906
225.04044733661743,236.93381318364672,17.733268603154432,20.755217472138597,3.783447903972365,3.783447962717115,3.783447905576569,3.7834479095277858,3.783447911343769,0.0,147.4587013428486,12.922464345426018,22.838702902752605
226.8114208446695,215.58020888873796,15.7159752679883,17.154367105910087,3.934844607708119,3.934844609612749,3.934844607964174,3.9348446076025203,3.934844606715626,0.0,142.64831116028353,20.222198848990825,24.238619433147456
224.83310607842427,234.04890591626562,32.181467151690676,17.294969620465324,3.936257241548605,3.93582512512883,3.940136871480839,3.954387726951613,3.922816580564175,1.0,154.10853478233045,16.1671686274596,22.906481965020518
218.8945708871693,210.18104345089148,15.856631643538044,9.860703667332624,3.905510858534452,3.905510859662595,3.90551085996412,3.9055108636288014,3.9055108540845374,0.0,141.9988673844652,23.661275532068736,23.232026271863162
226.0964079725648,227.26816214571483,13.850295541767546,8.065072744462444,3.974036631644669,3.9739731960526097,3.975301221441589,3.972918720892032,3.9732593906259677,0.0,129.30717133283167,25.611719524507542,22.79563865426525
232.42894237702887,213.77867239427874,40.305893611449854,2.667037395024627,3.7644206811167944,3.7502763477089105,3.8914112370810883,4.3578794716650435,3.3244723103501035,1.0,141.72355460465016,7.219108322119815,24.45447542209494
215.0657963431354,211.29938680526132,19.259295221544317,2.199150352370881e-15,3.8695753734333858,3.863610157402503,3.9231322288523813,4.119860021264231,3.6840320379850566,1.0,137.2634649089562,22.17901367285219,24.10398660385361
202.20127366075334,193.74031823095072,14.49931147218262,0.0,3.9773625972965188,3.9773625990297217,3.9773625982106298,3.9773625970222017,3.9773625964902415,0.0,149.05323246623556,15.027344901284087,23.247899557019384
184.19123911,189.07306290964593,21.480045116320355,0.0,3.86104296264997,3.8431268682217676,4.021897079071504,4.612754683561108,3.3037770611195634,1.0,170.018749866819,19.79159772541825,25.35170758725419
197.53570555364553,194.61963232202123,23.797528179184667,0.0,3.874989443942224,3.873647892899441,3.9017317131337013,3.85134892197479,3.858553202846179,0.0,158.56219675755227,14.70325658497123,23.169003553047997
187.99096219417882,196.08186060089244,7.14086798514545,0.0,3.769096822401573,3.7690968230626485,3.769096822576409,3.7690968226579105,3.7690968220552548,0.0,154.03127156153656,19.630824316113436,22.705346146427132
158.36240239663135,157.1344722304502,25.7334516272358,0.0,3.432307925758504,3.4323079260441216,3.4323079260714935,3.4323079262419633,3.4323079249083674,0.0,201.81971483404863,6.773860583188315,18.300376969328813
162.99521081096353,159.56226143795487,3.5549448164195274,0.0,3.445705407546608,3.4457054078932963,3.4457054077740255,3.4457054078491494,3.4457054070284614,0.0,175.60530117097932,24.1747626984102,20.13501163297901
167.52922208954712,168.94280504107735,1.809281837741352,0.0,3.681273982004273,3.681273982408018,3.681273982228709,3.681273982187089,3.6812739816276987,0.0,169.2710672573425,22.41438213284698,21.60939705240475
173.6529302069453,172.49396893975418,8.32295060074151,0.0,3.873567588052104,3.8735675884425684,3.87356758858172,3.8735675890232772,3.8735675867831545,0.0,169.84079886233522,25.69564710062841,22.61361338893112
179.17645923962505,179.00433436657335,7.942161258293254,0.0,3.8292254763970193,3.8292254770632472,3.8292254766490545,3.829225476361609,3.8292254762980513,0.0,164.17788120274437,5.5164340106110386,23.123158906293476
172.04537111052377,175.34569914019016,7.207633370257875,0.0,3.6311313948075927,3.62430654570973,3.6924061932070993,3.917483930171032,3.4188498786304478,1.0,170.2934558817361,28.226686445928667,22.1005058732419
172.14378289242381,170.70148890507173,8.988823082126816,0.0,3.4215670725589518,3.416400253366003,3.467955762635805,3.6383530819153855,3.260857258184589,1.0,171.7444141450112,29.36824523821831,19.08036823394811
203.03488800998485,205.59504669017588,13.685986014976223,0.0,3.8892963561989458,3.8741671453933253,4.025129301623247,4.524077851835207,3.4187142522251732,1.0,147.74485572836736,25.167513823142013,24.25519928025315
204.34840196970544,188.09733793711652,16.739153058091443,4.192262312783381,3.774258261764898,3.7742582622884693,3.7742582620362373,3.774258261890806,3.774258261193553,0.0,150.34675977355036,12.659131336277014,22.44142618516257
208.9488016911925,216.94730824379428,4.810094954683229,6.830112557150327,3.637457811993599,3.6290237230926055,3.713180681870004,3.9913298177731895,3.3751221363066795,1.0,137.2140485802729,35.187226049009574,21.371907768389367
219.08604965179413,218.68501577719093,12.388757543266324,10.547970936438347,3.9257853350393193,3.9157173196510215,4.0161779066026755,4.348212543709341,3.612627680255912,1.0,140.08815202580945,28.990018600035803,24.12041751108253
226.9279736937184,221.4409726175116,13.68042012609589,16.681337741314678,3.893836855860266,3.8868684054236606,3.9407415793157594,4.1269689539507235,3.65014184978101,1.0,138.2933111377288,29.023952663035157,23.849066360265866
227.57819085443182,238.7317358234537,11.452509880523657,12.003320674008567,3.956317979599622,3.9435052280672505,4.071353376367425,4.493907307147709,3.557787278178909,1.0,131.10178224834718,25.79631464178621,23.783057434774804
211.97020156904125,213.57032538090147,7.0796203975502054,12.485913375490139,3.675260539496394,3.6749808762163663,3.6777714214347172,3.6869945206966124,3.6665617952416163,1.0,144.53711567047753,35.65430490251067,20.647842503977063
215.38388085182848,210.3647889852138,13.978192878482417,18.066223879530934,3.764799337565843,3.764799338744038,3.7647993377776756,3.764799337625247,3.764799337103385,0.0,153.88601754391,12.18928607751776,22.91499903200571
218.8870314602231,217.7951946925591,16.528373425191948,20.884416907948765,3.7943130506125096,3.7799640895560755,3.8878396650443903,4.262799202673389,3.2872535360458652,1.0,154.04711789048147,28.549425922335097,21.363424030745925
220.39585349228182,223.4215691189243,7.217064550781959,14.144816570551873,3.727436781229913,3.7223295619227237,3.7732903763871803,3.941722157573489,3.568580759409319,1.0,135.86846345720025,31.130903839942892,21.678732634660374
223.3308630030914,211.97152241102555,13.828877350057718,7.073158352398603,3.905818040619619,3.8985523830423823,3.971050510315529,4.210665767889222,3.6798254971289968,1.0,132.38061628764274,26.1069650728254,23.551396139208126
211.07253592622163,205.90019030388865,7.551172070278904,5.961104920758637,3.672405699863691,3.6672453429277914,3.7187363749476816,3.8889205902611637,3.5118968738452243,1.0,138.35238562823014,35.4693525212804,21.733504423379344
210.9352445561377,206.51010190301096,2.675413915782952,2.7107812593462363e-15,3.9111099379583796,3.895656676710642,4.0498522797707865,4.559487774406049,3.4304484682514764,1.0,126.58803021521359,39.00044935020915,23.883494533721912
223.22325383709722,223.00293439339146,10.43897487856124,0.0,4.024931070652489,4.023976447541973,4.033501881283539,4.0649846134695595,3.995238204012847,1.0,122.23972012975224,30.964825197828056,24.97106635554461
193.5243383750488,195.54750352707975,8.906378426017273,0.0,3.769439388203287,3.7694393887803046,3.769439389338032,3.7694393917551916,3.769439384905942,0.0,151.12181886525153,26.48376136369342,22.426786522240015
173.21143919023717,175.94103069338632,11.498016860780053,0.0,3.7690066402359617,3.7690066408016394,3.7690066405550215,3.769006640575683,3.769006639997102,0.0,173.1280088145176,8.310467887516852,23.147588772082653
180.7509178454763,179.8055748457736,22.385700116866484,0.0,3.7768193907175585,3.7768193909480057,3.776819395575805,3.776819411892555,3.7768193742658407,0.0,176.89839563497787,14.135854534168038,22.26353529641919
162.9493863735679,155.84292145992856,10.774385577829102,0.0,3.8033059343763598,3.8033059347476366,3.803305934559279,3.8033059345021707,3.8033059342785935,0.0,181.95747477641962,5.075171917747048,23.133665430497008
171.80511878689924,172.8053517826961,0.8532835093301794,0.0,3.7408967825418977,3.7397276558199457,3.7513934332850156,3.789950268033565,3.704531997145363,1.0,164.16654233951857,34.12290584140732,22.213732256455888
174.46582177402405,170.00807486481438,15.170760080202445,0.0,3.5824198716405435,3.578357169074416,3.618895592778796,3.7528800846454646,3.4560527258478744,1.0,172.8255347565475,25.356339762821563,21.389827761631107
169.6279530180909,164.59601887895116,15.695144235501308,0.0,3.682406727019129,3.682406727527521,3.6824067277203922,3.6824067266587726,3.6824067260654294,0.0,180.0009255950653,16.333442480632744,21.325867749427882
187.90786762189802,175.93154780491497,10.948983028817871,0.0,3.6835136580308903,3.6686842375881126,3.8166550314497227,4.305716764560967,3.2222562834990116,1.0,157.8467962967175,25.931304881574867,21.810063391474866
174.84132423475154,168.30810865837537,12.565283697093781,0.0,3.747012287200724,3.7470122876624896,3.747012287496006,3.747012287663017,3.7470122863903765,0.0,172.1008210520117,20.49510130045228,20.786168903981604
205.26363599730786,198.97596069858284,19.21841398059397,0.0,3.8383884339492504,3.838388433623954,3.8383884401541963,3.8383884624154536,3.838388412577114,1.0,149.55252247073847,17.249154963791717,21.817651190160365
194.65952966839424,186.42229640492187,13.986858372308195,0.0,3.682091901976528,3.6691832521967593,3.7979882251022627,4.223704553465244,3.280578590081938,1.0,152.23692729755777,28.189664080243094,21.839782396597414
183.11561941876775,178.88152195475448,2.902644704641974,4.217710595691485,3.5928899977972266,3.5928899984607376,3.5928899981425406,3.592889997867395,3.5928899973857544,0.0,158.85156910105712,24.344819074437034,21.774599869539493
192.8662757228538,200.37075817038553,14.851771933337918,8.440528296715794,3.620128150677671,3.607270748230535,3.735564363620138,4.1595905874204435,3.2202088545900347,1.0,165.624790798163,27.13467367895089,23.14513551294461
226.02215018827272,226.45483828547637,10.580670807189003,14.168876749030007,3.9874302571633162,3.9874302666174852,3.9874302576304057,3.9874302581465058,3.9874302579928487,0.0,133.81617434719684,18.870144426800948,25.060929254145563
204.5888980329307,203.77558324084652,2.4803494821897245,10.015489805796594,3.9083472282716216,3.908347229576947,3.908347228394301,3.908347228395043,3.908347228396776,0.0,143.06207155973638,10.622364186575032,22.42824256037981
212.0648079299658,208.4286882618342,3.5017348088241977,10.303584261706924,3.9226738726079744,3.9226738738626232,3.9226738731506616,3.9226738736992024,3.922673871387898,0.0,136.5254713870861,34.800860440554416,23.60421673214199
219.70776220011805,222.14226968539643,6.034227679183897,18.970549229138644,3.751693078708207,3.751693079324359,3.7516930804105812,3.751693084644126,3.7516930715448056,0.0,141.57655256933748,35.52087748702152,22.315734284535687
221.21168798320082,222.72778624693612,6.2168328197431455,16.473289595153034,3.833729910957226,3.833729911716905,3.833729918710792,3.8337299451903717,3.833729883180193,0.0,136.89702171777793,34.381231100015555,23.17239138788555
229.94203685679386,230.86383943257354,15.598707656816533,6.047680763505287,4.051485401383136,4.038671637124323,4.166529842682457,4.589116995339285,3.6529233640845353,1.0,129.5584257199933,23.069395024056693,24.646970387862527
220.5690478144929,221.32601074881765,0.0,14.961613252681582,4.025823134627652,4.025823136473655,4.0258231306962,4.0258231180386925,4.025823121698583,0.0,129.50408287949924,32.765409438399914,23.91027429068164
207.24698942441785,216.62180847896735,13.446628363768905,11.651234670730215,3.8802329265767668,3.8802329274256717,3.880232926740102,3.880232926654141,3.8802329262759243,0.0,152.9330126119502,12.863818766359827,22.804173664419807
216.1407154103415,214.50332746784372,5.977818984888369,3.4892423189821167,3.9840064132100417,3.979673910213431,4.022904456231347,4.165786745339775,3.8492473317343596,1.0,128.96240957545174,32.4688934303913,25.054026074804714
196.83777552196608,194.34100322093812,11.700355561834556,2.7423828488775816e-15,3.8184166056063935,3.8184166060857034,3.8184166065331726,3.8184166081537465,3.818416602964896,0.0,148.7911642328977,23.965540309799763,22.003471109071704
205.98048963628446,201.47833720171852,2.0042919145227804,0.0,3.8744048860913254,3.8604407565451324,3.999777515156916,4.460302697086153,3.4400616893070763,1.0,130.88074150470567,38.366095253287554,23.767563990381145
172.3870630843967,168.6972143653448,0.0,0.0,3.5991909521852983,3.5985484417341267,3.6049595419697336,3.626149018909506,3.579206146667159,1.0,162.61293691560314,36.04977906718304,21.084027478279022
180.59562101701914,172.0148592905346,14.356970213813556,0.0,3.708027329480848,3.6916442080517258,3.8551181195233806,4.395419566027405,3.198443344262534,1.0,167.45303610060557,23.609527688529397,22.933954464359402
176.4694479451534,179.15899897444942,2.767966114475199,0.0,3.634811286237321,3.6335215760847803,3.646390555129065,3.6889241184968613,3.594695858844061,1.0,161.68686758286762,32.61838771753786,22.21530356480301
170.22366302366635,169.0792643836037,4.246132254278764,0.0,3.566815017616725,3.5668150183240583,3.5668150177339055,3.566815017836633,3.566815017639019,0.0,169.18583754474878,10.714011436315353,20.187481068559023
175.53966870555996,174.8251103816382,0.0,0.0,3.8773303601498634,3.8773303607100593,3.8773303602345743,3.877330360288525,3.877330360134955,0.0,159.46033129443992,14.45533819349707,22.242175470726366
180.08956468703335,179.5780058982928,1.8972445648512994,0.0,3.9770577105556386,3.9770577114091146,3.9770577108612373,3.9770577109032734,3.9770577102454108,0.0,156.6730697569357,22.880253552479083,24.70296923067149
184.9886721475269,186.24887010881616,5.46684200720378,0.0,3.6881611281792317,3.688161128802837,3.688161129054352,3.6881611280326507,3.688161127011306,0.0,156.03950109923704,27.67988459824412,21.72526491268747
172.44300859097552,175.57482559874086,24.607504607053233,0.0,3.5788189491688858,3.578818949659817,3.5788189499601515,3.5788189511057,3.5788189466911304,0.0,183.1668211223742,17.50377305131902,20.75965697893196
176.54418973359356,178.67099157179194,11.053285708835137,0.0,3.572477607168359,3.5674483932725223,3.6176308515160334,3.7834900680146735,3.416047893299164,1.0,168.4203982538632,27.701114721889418,22.20151245042528
187.3378647061004,193.14280910024743,9.209195297810858,0.0,3.774017991328196,3.7711181840867294,3.800053017868491,3.895686214012644,3.6838217760275724,1.0,157.30604945958422,30.030574542177312,22.164397217466806
189.70302471934895,195.71497812400386,12.6677336561871,0.0,3.858451033620974,3.858451034492374,3.858451034022833,3.85845103368418,3.85845103317832,0.0,157.75907286367993,15.17924327785844,23.907530937166673
201.94087535403503,193.13364142370153,0.7778253074543622,5.07344315452294,3.800233809005775,3.8002338096095127,3.8002338094104933,3.8002338090313974,3.8002338081798785,0.0,139.06601457734374,33.424335325133534,22.27454455924407
187.94032554962416,186.30610457945647,3.6084274769142404,12.026577437797428,3.508696220240081,3.5086962209298975,3.5086962237562576,3.5086962328783984,3.5086962093947323,0.0,162.72579018496648,33.84853697932523,20.87932819965516
207.57913364763857,208.73048384235616,0.6540353442518619,10.300765767486807,3.91786983472582,3.9178698357626995,3.917869835106732,3.917869834864399,3.917869834349384,0.0,139.33893698283782,26.059202667037468,23.30264593411075
218.3174586913413,212.56675147147786,11.285341795596812,18.89802718515054,3.846304685575677,3.8463046926857896,3.8463046859607726,3.8463046857990353,3.8463046860817944,0.0,145.89766817039146,9.253275682878922,23.513249620482807
217.41874265983893,215.1443943957197,1.8365778120900136,14.560204835426624,3.781761875568047,3.7817618766500076,3.7817618761200764,3.7817618752206044,3.7817618748053685,0.0,133.91850345142018,27.664541720705145,22.74616932507552
219.4138193915227,220.794598940799,20.074146638706495,13.032603871197933,3.898202659293838,3.8943214092046956,3.933049269804853,4.0610496293129,3.7774794333204484,1.0,147.37183016439812,23.550503614180844,24.500350541637136
221.33660011687937,226.96247236456134,0.9826732405821719,9.992567495115788,4.028468303631008,4.013307863362232,4.164581635210131,4.664560114426496,3.5569148240899677,1.0,124.7145281145203,38.68419017852885,24.372521213309557
219.703736400911,217.30385094441766,13.587531472615693,12.513584887754039,3.926362104780066,3.919575240116487,3.987295883841911,4.211120971139595,3.715262021876585,1.0,141.34040960221435,30.809998253448796,24.20193572363389
223.87896389465268,219.59341990036944,10.958017643039168,11.047214406617785,3.977406942774818,3.965751675608304,4.082050158563031,4.466430995324061,3.614879098507156,1.0,132.87062241866178,29.697928976229715,25.96865726646085
213.24782565738087,209.70013982678663,0.0,10.623879596497641,4.138727503864324,4.13872750520963,4.138727504226143,4.138727504166306,4.138727503612118,0.0,132.02302131639,25.964851314583914,25.371558140885504
219.74423766370577,225.96973653383733,0.9446490657738719,3.4072819226831155,4.220692860953779,4.216463850495879,4.2586617347250195,4.3981309516035605,4.089152810604012,1.0,119.6053075666577,38.123090673085066,26.02903521275892
172.5622610942358,168.26150181076272,7.164061482248005,7.245226571805515e-16,3.5900764595062604,3.590076460051132,3.5900764598441235,3.590076459772538,3.5900764589271144,0.0,169.72237378740024,21.025734293870606,19.580957433574266
199.42077581276328,204.08532105189116,10.860318372977732,0.0,3.8564919883989996,3.856491991407459,3.8564919887372557,3.85649198864932,3.856491988541894,0.0,146.3201668870781,9.598708181417468,23.855420106405425
185.19189596380826,176.28559101100691,3.904905695254662,0.0,3.747173205861439,3.7384757273640723,3.82526082761881,4.112096291779751,3.4766450407810003,1.0,153.6202762121935,35.334942179744985,22.50229723219591
176.2017775443481,181.64309914537972,24.625837199857774,0.0,3.654828135006371,3.6505704231689884,3.6930546920460374,3.83347044386959,3.522395362089247,1.0,180.06954145276308,15.622420492420321,21.370760157544787
188.12175248594318,193.39703499181326,5.559411786139622,0.0,3.681548255605626,3.676753620926288,3.724595402747133,3.8827183947760746,3.532414942997878,1.0,152.97213975031516,31.072445344189504,20.85116772174142
179.58258176038692,184.15229340902698,15.518958883202309,0.0,3.6128504086472106,3.6027022153951895,3.7039628247444853,4.038641628174895,3.297198913205607,1.0,169.44042334786565,27.14902187300264,22.820340855288762
150.66797174565838,152.66817486395743,6.765304933355985,0.0,3.5518975634209453,3.5518975636505092,3.5518975634768895,3.5518975635417487,3.551897563502934,0.0,190.39546077338701,4.175446032913098e-05,20.2422951627637
172.4448213162336,175.70943478314416,0.0,0.0,3.6137924936804398,3.613792494037631,3.613792494209059,3.6137924948280813,3.6137924922690803,0.0,162.55517868376631,33.47576981823003,21.27583086143212
167.52832894278,161.8794448307508,0.0,0.0,3.4696700743423925,3.46967007486543,3.4696700744411415,3.4696700745487368,3.4696700743168782,0.0,167.47167105721985,16.207443989527608,20.911178199005597
179.74972181611932,182.9799416334881,3.8943024029638793,0.0,3.8993534857718375,3.8993534863380237,3.899353486313804,3.8993534868789057,3.8993534844325337,0.0,158.95645924682145,28.083423235562226,23.962069572855746
186.37729594159308,188.25768443121004,12.92847706331627,0.0,3.79676588268692,3.7878454094313345,3.876855595703258,4.1710452435527845,3.5193016368916066,1.0,160.49862048048388,28.157890492611443,22.76020299776614
168.00716392988502,166.64764610837273,5.698501077442693,0.0,3.4868710562901306,3.486871056877654,3.4868710606189577,3.4868710730142336,3.486871041689663,0.0,173.23644762958156,35.333096598702205,18.80095200618958
187.69365857310544,198.46847967608855,5.227968137268639,0.0,3.7430247516147785,3.7430247524210296,3.7430247517648847,3.7430247517716184,3.7430247514403243,0.0,153.1543464390855,15.341159166362258,21.127437808412207
202.6999151908138,208.12143192036518,3.9923704401962987,4.081868582199698,3.9710192453613082,3.9710192466286025,3.971019245727061,3.9710192459005573,3.9710192446559205,0.0,140.6405738740516,30.229327186095862,24.470338821450685
196.3863530918782,190.45385866799938,4.678583829726314,5.686189124867164,3.7774650160985153,3.7774650173883986,3.777465016516355,3.7774650160271204,3.7774650157797924,0.0,149.21852922916716,18.421893103639665,21.838751690214117
208.67352748901345,212.739250380039,0.0,6.6625356032926515,4.0022295399313315,4.0022295436939475,4.0022295402268,4.002229540277158,4.002229540114431,0.0,132.6664032352831,24.62295230432425,23.8107139718469
217.73834142272605,219.13814112676496,0.0,20.51107101503083,4.0140490452735715,4.014049046662961,4.014049045443596,4.01404904531872,4.014049044885847,0.0,136.15144627635567,29.848415236582255,23.737202675259613
219.74343792664925,227.46056759860517,0.0,20.689475027402054,3.8832379523784617,3.8801345851972924,3.9111005834851795,4.013447030639135,3.7867101508157672,1.0,133.9856911179989,38.06569266678465,23.29457106288619
224.5336785626586,227.7319018215906,0.48920049460812914,12.693255199471812,3.7844498305949905,3.7822025201906837,3.8178238425637807,3.8069717025749883,3.737258880373373,1.0,122.35185513517231,42.35791063366323,22.583107733662544
226.64461631405717,210.21509772940456,0.0,8.88030828416131,3.909924520511424,3.9025498036748276,3.976136160971066,4.219348160428742,3.6805397199238086,1.0,116.87167524141853,39.488939939576525,24.423129878372034
227.42080851366916,225.92407543926993,7.963308346116528,18.364353335522416,3.774307160668334,3.7681396237438043,3.8296804924784995,4.0330806591917305,3.582470790637461,1.0,133.01829577168158,32.72883205667216,23.366909892411105
230.8408756199998,234.28002833744642,8.50089390339623,12.204075756893694,3.930025332294002,3.9255693945765215,3.970031609044261,4.116984674134082,3.791426888335078,1.0,126.25765170761406,34.918436372229316,24.329336001160552
223.15242404731023,228.82356698255157,5.558214191660357,8.961668345434138,3.785969920808581,3.7837387718046522,3.806001622871053,3.879583093100644,3.716571734314132,1.0,126.85291171537492,37.31040944954182,23.40235604771302
226.22916797708143,228.04936271275668,5.671836808150857,3.4505561096916715,3.893743877102618,3.882141789199021,3.997909645776186,4.38053669813062,3.5328701100441093,1.0,118.4414693400407,36.77667845986615,24.413865947944966
198.92579441581196,198.11242318367644,0.0,2.3808266501054327e-15,3.800153383026049,3.7968114975330205,3.830157473055763,3.94037003776424,3.6962066725353595,1.0,136.07420558418795,39.8596245931244,23.43292416881905
196.04817594204212,205.48617253761626,16.9765797427666,0.0,3.8427218103036505,3.8427218113820873,3.8427218107317005,3.8427218107744703,3.8427218096412346,0.0,155.23971230498836,14.748108103176477,22.622394884995135
201.71573847554018,205.42442041194732,5.146356723601156,0.0,3.887532680115838,3.887532681807706,3.8875326803371517,3.8875326803694445,3.88753268017155,0.0,138.28093664531337,13.62380029745823,23.88448424354195
169.37159388525382,163.74667043930145,17.894515305081278,0.0,3.611264656853144,3.611264657323889,3.6112646576499707,3.6112646592051205,3.6112646544804985,0.0,183.99400750963775,16.840032621268154,22.010708187149927
179.38890277730866,175.734837155955,1.610108109280287,0.0,3.7158792432316305,3.7117031976275054,3.753372579413817,3.8910950274099765,3.585986653627705,1.0,157.27379564831998,33.37413197904739,22.485723495500366
161.48675502392177,168.89570286313315,10.402320815179317,0.0,3.7379518752196264,3.7379518757095984,3.737951875450658,3.737951875403648,3.7379518750311824,0.0,184.401137274721,9.07856550780654,22.103414090214
172.5515713405511,175.6793966228217,10.459577180255149,0.0,3.622784184650092,3.6227841851585616,3.6227841850419202,3.622784185428051,3.622784183773029,0.0,172.66334288421956,17.914758585397188,22.00936805744475
142.16535978921328,144.8015337736703,9.337352929240357,0.0,3.421030475062096,3.4210304753105323,3.4210304754651317,3.4210304754071457,3.421030474315621,0.0,201.76003015199998,18.305386597752076,20.45078030305612
158.75872636547174,172.5950799458784,11.880970458592017,0.0,3.43504168854022,3.4350416888901263,3.435041689460066,3.4350416911068824,3.435041685963465,0.0,186.9532811645514,22.62430874170846,19.792985026469125
159.48592194981978,164.449471612932,17.227427865444838,0.0,3.556952880318691,3.556952880736866,3.5569528805022284,3.5569528803975667,3.556952880039909,0.0,189.47099233127906,7.2548454412268955,20.6044737015202
174.22852604566341,170.76590343764093,11.968671612951159,0.0,3.669765289384976,3.6697652898232564,3.669765289596272,3.6697652895889985,3.66976528904718,0.0,172.41145138040153,13.324053004024975,20.37579884289695
175.62493927500887,172.91567342625638,16.716368589559373,0.0,3.5871588212636745,3.573261449791086,3.711932075966169,4.170255605268361,3.154892107762822,1.0,175.7071516483595,21.703625005018626,22.15322069143596
184.98345308407082,184.90610854345704,10.038258621269406,0.0,3.7969688234137764,3.7969688240199075,3.7969688238596477,3.7969688239907122,3.796968822423048,0.0,160.41618009494442,23.570391486272634,23.3915472558703
202.70326554572446,193.47302304301775,8.945925186992724,4.6194252051675395,3.7773554848519892,3.777355485496674,3.7773554885820566,3.777355485879148,3.777355479666086,0.0,145.28075961654778,31.559071889364105,22.272954223206433
206.65302525187997,208.5747021695708,6.75646018522474,10.619483590765608,3.6496546264908556,3.646670641609555,3.676445423815528,3.7748547561834283,3.5568401054584786,1.0,146.25553122557167,36.04058204212032,21.449343702463743
231.8476857440583,220.37488068533912,15.634606955576011,11.194715160869926,3.909456218426355,3.897710206954195,4.014914159622079,4.402287687722608,3.544105824908006,1.0,130.62168560421895,25.639530156655816,24.696525107973013
208.56981729924377,205.12573515441653,7.344936514093098,14.802812518288906,3.7952927097328564,3.781763274450304,3.9167625690470573,4.362951895618003,3.374470338858517,1.0,150.97592890093895,34.15412411970811,22.820661118268337
233.26419200533718,230.57421477935677,11.609947747806816,20.48032468393859,4.043194922364206,4.030959861262898,4.115848059671753,4.41581988934282,3.5986264770140908,1.0,132.76541932930544,34.972200294738656,23.138761804914157
234.88417426204737,233.20790491337164,15.08125922616465,24.549200461968432,3.9982210802297566,3.988397626588286,3.974846156659772,3.9882666364095383,3.5006764130700465,1.0,138.76633724255063,28.205476330869907,18.417283113259398
218.02183707893417,213.99133009003646,14.69053947962911,14.239269113095535,3.810424380608116,3.8104243819848644,3.810424381526666,3.8104243827392916,3.810424377894758,0.0,145.26766098402356,26.137634628268025,21.62039738571499
223.33651163592782,218.050486688389,13.007268542173076,16.410305010524283,3.7508451922829,3.7349774898984034,3.9305181781375897,4.161557525270332,3.3213236992556534,1.0,139.78733616863323,30.49522217709778,22.87541201711321
222.53119417985238,232.45071346285667,5.148882624895486,15.854413215867671,3.869822168112366,3.8563998333687834,3.96219279321593,4.326531686210021,3.403911551565169,1.0,133.21573637613943,34.0670072903166,23.47827653737326
215.79070466736613,218.1773570718504,12.443606596308674,9.489501751991336,3.9237448536004775,3.9237448546017633,3.9237448542270603,3.9237448551685423,3.923744851774232,0.0,141.12738605979447,25.257201652304385,22.40004962617728
209.0022336216797,204.56494153821765,0.0,3.9940472103461833,3.7434639772712277,3.7434639781383465,3.7434639776249528,3.743463977629481,3.7434639765853888,0.0,130.07655091691385,32.162520647946465,21.752226216880246
188.60585678950392,193.0784761484879,12.827253707196732,1.7604204289297517e-15,3.8608671929128375,3.860867193212907,3.860867194075624,3.8608671924805207,3.8608671914697332,0.0,159.2668184437258,19.602089193808663,23.242160225925836
196.25949248735822,194.37984869653204,13.033556225774769,0.0,3.843950334318313,3.8363014905192925,3.9126231157395366,4.164875499977623,3.6060391141293424,1.0,151.8276172988202,24.76916821902383,24.536419709420812
189.3803910657552,197.044717302626,17.459560954685955,0.0,3.814121427116403,3.814121427979353,3.81412142762427,3.814121428396995,3.8141214258365124,0.0,162.483456159737,16.225692287505446,21.89524587948398
168.83662922485382,165.2718941349183,23.392861684103284,0.0,3.5136936569543975,3.5052206795010763,3.589765667469875,3.86919728413983,3.2501484120357933,1.0,190.22136514938592,14.04770166869524,20.376413638947632
166.58154839977678,159.79034937558436,11.21688855897749,0.0,3.823450706783874,3.823450707247847,3.8234507070730617,3.8234507071284343,3.8234507064000267,0.0,179.2829425092924,13.223270472661952,21.86549708480575
169.97896631670744,167.70882500253572,12.53424703617066,0.0,3.3793015568098674,3.3793015571961393,3.3793015573942493,3.379301558121932,3.3793015549966356,0.0,177.4224896615859,23.20525157026956,17.995561649678077
175.28044134061798,176.67618396115589,25.396513363452176,0.0,3.533946058010906,3.5334489681562333,3.5384090276822087,3.554802635870538,3.5184844657590975,1.0,187.68496323402894,11.8241901175128,20.637541037664143
157.6027556320965,164.3038439180269,25.655331432398075,0.0,3.543026070290168,3.5387073986077953,3.581799933152119,3.7242260754728505,3.408697201371863,1.0,204.44398214587432,9.249675037371068,21.16127468134381
156.68353850381845,161.39043463459072,12.815520627424066,0.0,3.519419991042548,3.519419991360418,3.519419991456382,3.5194199916101643,3.5194199900750776,0.0,191.90696351978548,17.231938309505342,20.675902975851336
183.23785639357197,183.17648761711027,24.804017763522268,0.0,3.6789178400542006,3.6707821455209655,3.751961661872484,4.020269980105625,3.42586350664331,1.0,174.80407192444258,16.390752330838783,21.84412041175174
177.45993317106877,186.69337795685797,27.97017086108929,0.0,3.6901625282899584,3.690162528701484,3.690162528947043,3.690162529750733,3.6901625265655222,0.0,185.68475334293092,4.6344837586944125,20.776954470571134
174.12969064406028,169.19827916570898,18.70384242525842,0.0,3.7013367335113183,3.7013367341632226,3.701336734241546,3.7013367355013567,3.7013367313212395,0.0,179.27053446360674,17.999639946979766,21.83001493124606
179.6036345095377,182.51985726816665,30.13604214812821,0.0,3.7543640842354744,3.7509091226309192,3.7853833892187394,3.8993250938107415,3.646900244761925,1.0,185.04423503450317,6.955675042372706,22.482462481177016
204.43385707321363,202.44478685126424,26.0051449283788,5.250132387480364,3.6983247367579133,3.69832473743071,3.698324738107439,3.698324739533461,3.698324733410557,0.0,164.39203026369236,10.789043408152613,21.85081894581368
196.9035952166025,192.88602595804213,16.038865154896307,8.716325845611099,3.8555844382918893,3.855584438928345,3.8555844387868814,3.8555844390976612,3.855584437247655,0.0,162.87223080880733,15.920210595254956,22.472017567249978
210.99555367510501,223.03117975691234,23.244554712279275,11.830313285012043,3.8142712320017944,3.8071706083541894,3.878021997835168,4.112194585173578,3.5934119296076834,1.0,161.20989835606207,18.53153675875551,22.485763357317126
211.32524442390397,228.0163191187412,22.158567981827066,7.910948572400902,3.622089432332571,3.6214079783804,3.6282076575892592,3.650681436131963,3.600893342728162,1.0,153.70109614078703,19.273378814198622,20.299423902998637
224.93459812130556,229.3310991916485,20.85048654423915,19.190328317453925,3.816304958169797,3.8139580570426816,3.8338160207354144,3.9013063205361016,3.737180536484023,1.0,147.5419910625475,27.015048255803354,23.415875715888564
227.30586127522335,214.4056870801521,16.160944886480785,19.46997548626199,3.975812026009789,3.9757667186613723,3.973027412552436,3.9656387192298923,3.968910838685381,0.0,145.7222021070924,17.227383178432202,22.93449164219675
214.71184405451,227.05533117000522,22.971429573383936,11.994456242015206,3.833798783876804,3.831845438299092,3.851336313285902,3.9157560615113853,3.7730414531657446,1.0,155.33990742668072,17.407639152983116,21.932626011645105
220.84760564768376,225.55370534284174,22.697957552295648,13.54545005106974,3.838819930462715,3.8313844492108897,3.905577526050371,4.150794950119096,3.607543723767891,1.0,150.45197446798963,21.745250280631005,23.054128743727222
225.4350976996951,236.58841037329142,23.95934651582937,10.466202053961403,4.011945439128328,3.9980747232803906,4.206072935838066,4.21545875978914,3.700265126811605,1.0,145.54142440678632,19.264490092140775,23.1583236988231
208.08481335293655,217.00434919839674,30.282633023652384,10.11220245962502,3.860252348491177,3.8557664619193526,3.9005275030443145,4.048468268606506,3.720722377115879,1.0,163.22383195866655,13.94281703663264,23.52582256903942
212.53505192728258,216.29551168041988,29.220259006992674,4.242607342411492,3.9116751443582007,3.9056589448608854,3.9656897470702046,4.164098957807322,3.724545981874782,1.0,157.77723745423168,9.435759549783059,23.63461515502062
210.35802309059582,222.25322593826326,32.40428852992306,2.783404890165343e-15,3.9665721384890573,3.9590018248577605,4.034539869992103,4.284202420147174,3.731103509683267,1.0,154.97495618945553,10.453292705565868,23.285955820073553
213.84562321723456,209.24582436431686,12.966127039558705,0.0,4.040259192578149,4.034516680091017,4.09181657335327,4.281199789027845,3.8616428749883545,1.0,133.1097347922596,27.958989233989843,24.671725714527444
177.65034057407138,170.06391075998184,18.108636810914017,0.0,3.6662924459974433,3.6662924463820405,3.6662924463042947,3.6662924464677578,3.6662924452201673,0.0,178.03726634736498,8.787236372567858,21.544984405081227
178.41100047218688,179.11199053983555,16.336687686445384,0.0,3.554543932752979,3.5545439333181723,3.5545439329466957,3.554543932918827,3.554543932525803,0.0,172.29875617852517,6.172058515300233,19.33492449851788
168.60369735364912,168.53547294843085,20.528091718844777,0.0,3.5635255980832894,3.563525598547467,3.5635255984989413,3.563525598959134,3.5635255970034585,0.0,187.0243623445726,12.507918788276099,20.423026977947835
164.27389508639675,167.37803508947187,18.048623335705766,0.0,3.620341407529612,3.6203414079085956,3.620341409137056,3.6203414128700353,3.620341402631253,0.0,188.02361529812086,16.807596858370008,20.020535528915946
168.00996611934823,169.56526796987973,35.42138702643448,0.0,3.5336625885311745,3.5296659495580225,3.569545176129347,3.7013509404995477,3.409350304924544,1.0,203.5671550694604,0.7099548324958583,19.55415504892289
148.73955633074894,146.74216511770916,37.308690854505166,0.0,3.273726614533385,3.273726614656295,3.2737266148140645,3.273726615022428,3.2737266138170877,0.0,219.15104227345284,7.013613423019199e-09,17.397167979021724
170.98020156979373,172.64436405747216,13.788717866674416,0.0,3.53989927393434,3.531777854719205,3.6128149257669095,3.880652443593701,3.2872889750091714,1.0,178.62787201983767,25.309008091711515,20.783754068331312
169.52667727109002,170.6262256463113,35.79029941672294,0.0,3.4667034388990294,3.4558443928564975,3.5641980236765836,3.9223201430351198,3.128941440888074,1.0,201.05938811098775,2.2708405918475107,19.567104702912367
168.23346309214708,162.68764235420656,40.2973175451897,0.0,3.3539423451878845,3.303776488115231,3.8043409671595274,5.4587683302415675,1.7935732359976466,1.0,206.76653690785292,7.292355272531722e-09,22.99190515137229
185.82803868490151,189.16228751404577,24.968168538418865,0.0,3.6716618490410324,3.6601699766394247,3.774838076164305,4.153830294144805,3.3142162670018034,1.0,171.8035151594516,14.642028337059418,21.713071226817675
184.85336713816844,174.1693370889331,34.102127308739995,0.0,3.6793214129741862,3.6575824524867655,3.874497942161111,4.591430399915741,3.00314832496362,1.0,184.49192771378816,3.472658452877811,23.344466182434402
192.31331177181949,185.2566171013509,34.540391345139426,3.95940627065403,3.6655915084575224,3.665591509064368,3.6655915090124798,3.6655915091419073,3.6655915071146774,0.0,178.3061922178051,5.001962592124032,21.775639590345428
192.54375765508556,189.1584204237505,31.095899261044956,9.245156010024866,3.5665144678297316,3.551283528804925,3.7032607404972477,4.205564176792272,3.0927682144002877,1.0,184.3211509622149,5.026513158459327,22.852173083408275
210.66371940558895,199.98535566960246,20.45642047339083,6.509795625013961,3.846799361764991,3.8374342611999124,3.9308810262585068,4.239734115850791,3.5555053271568693,1.0,150.5843502119152,21.340998018392632,23.07450377523905
207.26157610834468,218.97183129511328,31.79917515267168,14.542845860759844,3.6671068681196513,3.6474639062211764,3.850474123504722,4.453156847955494,3.068189305697597,1.0,175.97770612013235,9.702301317350488,22.623192468725396
221.41281969536334,217.277460728432,33.55399044048745,13.534798658044913,3.8772774360916262,3.8665261668408117,4.028045295450871,4.033398115309084,3.6362060524476663,1.0,158.8207951436956,10.887904736267526,23.01363656996139
222.27378554533342,227.50963606930884,25.440085821165955,9.283685212181267,3.8125069224668975,3.802108941243306,3.905861990164683,4.24877861949709,3.4890859419666724,1.0,148.69950973953007,17.64378058940379,24.547740394928493
227.6686545438823,227.02644200604425,33.12931644906154,11.90621888558498,4.0481962193041845,4.034315254543127,4.172822168867225,4.630604611778775,3.6164398316156365,1.0,150.70251649605984,7.838955362872649,24.928753837806394
223.2444314848897,234.137235230097,35.19552638291984,10.7561912198968,3.9780559900734938,3.9553102721731266,4.181920992415162,4.931080195800877,3.269965496754949,1.0,157.367713076668,7.3349395729922025,25.867341224662965
214.95392174006145,212.74324220006406,22.15884640343318,13.260822608225796,3.7283034255762697,3.7128809643941776,3.8667692553304933,4.375389051407313,3.248599908424318,1.0,159.7696266688954,17.854526189875592,24.02891213735986
221.05188765854413,225.54109564832794,24.860593283685333,9.45631963182378,3.93212372805389,3.918475021328257,4.106722014523808,4.221686635954884,3.59717273659724,1.0,151.76993461017665,13.996669073100318,25.051267194542575
210.20236294966404,211.46252262200355,33.199436109823786,4.366687023551337,3.736126393248335,3.718170815416285,3.897334992510934,4.489494699683732,3.177632416663315,1.0,162.59865341655788,7.99471731659749,23.79155283440922
230.01963868785836,232.62489483342003,21.281101913071552,1.7950860518110823e-15,4.112921509259235,4.084220546093715,4.398153674376439,5.167317680282065,3.2676082229220818,1.0,125.30736551766199,19.635219217235974,27.811585910217
185.68166938745173,183.2165147030247,31.179762004123628,0.0,3.604043740570896,3.6017103792178533,3.624993106985898,3.701945394886854,3.5314663781887936,1.0,180.36058587031113,4.588301835140942,20.58196684873539
184.0415183471812,185.7760302222654,29.016568717992165,0.0,3.6494988323642725,3.6494988331061387,3.64949883256529,3.6494988326484954,3.6494988319294452,0.0,177.65107580071214,2.068283229358429,20.956658959885047
188.73178595436966,188.85227951974517,28.49504785572858,0.0,3.694902064719076,3.672657580762824,3.928325984587963,4.444906236503926,3.0610112953038437,1.0,176.32871942214447,13.51829107023083,23.611787888236645
188.82277024779094,181.2772088995717,31.448781465507533,0.0,3.829944559001471,3.8207820996074644,3.912206867369489,4.214377005616549,3.544953534383307,1.0,177.1814815427423,6.240856561017619,23.74573538826976
162.65844573856356,151.4104628566502,25.92096840801512,0.0,3.4968082712709405,3.490396012765662,3.5543787502691675,3.7658495916577657,3.297360065710751,1.0,203.52864956913248,6.917096584128407,19.354992311502844
164.41168048650763,156.78523097063265,30.347242792061905,0.0,3.565655679530477,3.5656556799096593,3.565655680138106,3.565655680976387,3.5656556779852804,0.0,200.01819119870333,3.58555024381647,20.984577930860915
158.40073611685597,162.3946958915442,32.55400534808149,0.0,3.352949910498449,3.348131885438383,3.396207061187535,3.555101446785014,3.2030890584744083,1.0,207.1005316039309,6.76332790592991,19.2927755769629
161.46700406779192,165.75296609309171,8.86805171409991,0.0,3.4199822720315205,3.4171762823314187,3.445174985046055,3.53771415187907,3.3327041828780057,1.0,182.3223866146129,29.65512138044725,19.962624042064437
168.21716710632893,177.71928275682922,30.7406834961458,0.0,3.4100316934343042,3.403751333386968,3.4664179717626835,3.673538944548046,3.214686054135793,1.0,194.91519166087866,9.84958087235282,18.825591813312958
148.3804385181204,145.09355113532033,36.308086776068976,0.0,3.418995321346604,3.403372242243806,3.559262301487027,4.0744981815098615,2.933051865435292,1.0,223.4415609499796,6.1057497970840674e-09,20.03039260121284
182.66533687702054,183.41017944225086,38.00548976678196,0.0,3.534801073008052,3.5002664283067126,3.8448596930911685,4.983782950944943,2.46062839717645,1.0,192.05099490341613,5.2515157144106815e-09,24.31107588727578
186.9267910930048,187.50642192784335,21.316864805153003,0.0,3.7383010965111465,3.7383010971520445,3.7383010973168274,3.738301096264546,3.7383010954802187,0.0,168.68582713900472,11.548195344406196,22.5369763085031
198.64688855877318,202.7044429850831,34.72401046488365,4.0421013134198285,3.6343881458033813,3.622331730458042,3.742632944032266,4.140243298860066,3.2593829147091724,1.0,178.19986893435453,1.3751055783809503,22.577777596485046
218.68029565618153,221.397038996817,41.65618556718967,10.977219258801954,3.818303575203593,3.8163316753356713,3.839058418539449,3.8844486497176507,3.762218933334909,1.0,166.86686470502528,1.6620865907789797,22.55261392308803
219.27838371743945,226.84481653232857,32.62303534081407,15.732621760900694,3.753622199055351,3.73835593579208,3.9320211938751353,4.169362210960958,3.3499078216806173,1.0,161.81754342239995,14.159722203754058,22.536365250465835
220.0464219674436,219.3166007375364,21.641493035355804,17.804968222481342,3.837401557406846,3.821045477879886,3.984249567842227,4.523659226514138,3.328658648475147,1.0,157.212559567059,19.11448165261019,23.443538917839078
220.61662307673546,219.02730911446167,37.166254395289286,23.328559543529494,3.6499207915551075,3.631085226198438,3.8190247726816198,4.440190958295571,3.064046211263336,1.0,172.5917295711841,9.063653194741764,22.14687519811581
217.81410154721462,206.14987478311923,28.119463734743768,17.536108964068667,3.873431799715767,3.8734318006138047,3.8734318006719985,3.8734318008179316,3.8734317974338546,0.0,161.29777576260653,10.427556199119223,22.661295811168277
222.91778817572646,229.83739788344695,20.881417954968693,12.351261837303106,3.9953343913703123,3.984908203359087,4.088942705955764,4.432789575937963,3.6710360580305808,1.0,144.28046683021302,22.56851745571513,24.923929768423513
218.0666799546469,212.27560425406838,26.690671193862276,6.462064863226765,3.94237037650087,3.925149042063257,4.096986814913207,4.664931860207024,3.4067143987440263,1.0,148.76745176346657,15.808712929398796,24.79561841903159
223.61301918611832,235.6048428712457,30.47180864060834,9.75133438106972,3.887847722232698,3.885642424777667,3.9076473969915217,3.9803765619832565,3.819253381771782,1.0,150.72580322514554,13.680463560475758,22.13838443422296
215.65619487261094,219.01307827895778,27.455063073761217,10.131832905475894,3.718925590056732,3.703699951248372,3.855624295375826,4.357752994435331,3.2453441336492115,1.0,157.241996347946,11.062886533703653,23.973181088151303
196.3651665682818,192.86124447633517,32.92834126937667,4.619519748697169,3.788963310421951,3.7699433769460633,3.9597278979730803,4.58698915710492,3.19736339328159,1.0,176.18385999781023,6.645503029406284,22.921642625477187
219.82709464023966,222.05130652292928,30.418396163652236,1.7125632493286415e-15,3.8315748098884894,3.819635624813721,3.9387671406261773,4.332511501378598,3.460215773724785,1.0,149.2277292589705,9.70064070159653,23.73994567272664
195.0492929419222,198.21957272866618,32.349515527179804,0.0,3.768032688679041,3.760759464288047,3.8333330856714736,4.073197859332521,3.5418048156706066,1.0,171.51924089513392,5.15403315894092,22.36904195005571
197.32421859183103,196.47611649719192,36.46230455372644,0.0,3.644957688868019,3.6186673196933508,3.880997632378973,4.748031684059401,2.827216651048184,1.0,177.18783789926712,3.6182156958072124e-09,23.7914444032334
168.84900760888004,161.3615992072426,24.979063477782734,0.0,3.757780253603439,3.75778025405162,3.757780253802667,3.75778025378009,3.757780253319618,0.0,187.98966591493237,2.017471666659718,21.084783478496316
165.9995877246523,168.5210395773451,39.433827642796956,0.0,3.177548929340576,3.1309186437171883,3.5962045200399007,5.134031749688744,1.72715094994271,1.0,209.00041227534751,6.9199222938178905e-09,22.59794536214319
162.09576816327115,167.06528704742797,41.27300694403578,0.0,3.4698178306149896,3.4560644016036495,3.593298745976219,4.046875149857381,3.042028339302438,1.0,211.39961721414846,1.7497449088782209,21.39389613654985
164.3255446083766,160.27312127030447,46.910125962070154,0.0,3.0707232364468364,3.0096401739980454,3.6191386111855457,5.633606146038191,1.170783121639731,1.0,210.67445539162338,8.490220800249272e-09,21.478808706229184
159.02148765264153,160.11261761083918,34.31448898284505,0.0,3.40874166895268,3.3986686614028327,3.49917905836627,3.8313783200375995,3.0954287471544233,1.0,210.87732144340683,2.193903596779551,19.75084730839376
142.8646390383771,143.59428638068346,30.397308849077305,0.0,3.443225346134081,3.443225346248339,3.4432253463888327,3.4432253462057214,3.443225345672823,0.0,219.70046385080835,1.276921106807536e-08,18.924470986024787
167.72131912830142,168.2718466284304,33.82826924014611,0.0,3.4680968245971484,3.462055465843715,3.5223372990292123,3.7215761920591746,3.280185148411304,1.0,203.0992450449504,1.350609422880367,19.303867825062888
155.84360159678585,164.68856863189689,39.99245040649123,0.0,3.283395739151418,3.2685702448771976,3.4165018514565357,3.905434062559371,2.8222605233364613,1.0,219.15639840321407,8.288696624297446e-09,18.79249679856342
187.0506257372023,195.44229787624204,30.64467836715336,0.0,3.5710936017274815,3.571093602212201,3.571093602360065,3.5710936030811764,3.5710935999452134,0.0,179.11752095104663,5.2514313853651435,19.877239441112906
175.58634940834946,181.53780245525545,33.25116557329049,0.0,3.577170783185811,3.5612900057547194,3.7197514288732765,4.243485984313749,3.083211822558593,1.0,191.15081686487594,5.040498297238845,22.96975917684023
187.58902691410205,196.31663315289117,28.05152526791613,3.0994632558621324,3.8117088889170394,3.811708889557681,3.8117088897962925,3.811708891262467,3.8117088866419784,0.0,178.19756533811588,6.9763024393945825,22.125065699092552
201.5832473556977,204.22542824157134,25.35705252894871,12.683739581317768,3.738776185025949,3.7358803439152757,3.7647756063310713,3.860278015037241,3.648703321094227,1.0,170.05255842160904,17.564010381809116,21.403638203360707
201.27681555529512,201.7255929431703,32.83719682743987,12.528382014196783,3.6133109563813632,3.6009447187399273,3.7243373951050045,4.132165415112211,3.228668959810418,1.0,179.00984402803053,7.302881077216187,21.318571028349588
216.42890197183812,218.6116880236112,20.76943031922841,5.718980397673045,3.686303320001643,3.666653192289002,3.862725972879238,4.510770725588968,3.0751015011274876,1.0,147.4333410996769,18.031470260533702,22.934514893927048
216.06267602285715,214.53150505847483,28.657196575741445,9.336304001814655,3.9518259098800312,3.9517945109675026,3.9521078307970208,3.953143394994518,3.950849218628912,1.0,152.65328249124386,16.595551372344456,23.888727763214977
228.97703942512697,221.93066161934993,18.237076392012604,15.437779801172953,3.9267110634099534,3.926711065131822,3.926711063545771,3.926711062785557,3.926711061752852,0.0,141.79621333153204,15.900761260593349,23.99694028643723
229.07686871759867,225.19567940074828,30.198643278194332,13.574320314913782,3.9333620108416643,3.919726637287375,4.023161651815598,4.382046522935938,3.4531092006448154,1.0,151.0960264191237,15.794171519447477,23.587170551899465
217.84417452437495,225.56448537787543,19.878520536639112,11.079779965435867,3.6767840966199774,3.6603622649071967,3.824222441027554,4.365800542324692,3.1659960375446605,1.0,151.2946039626023,18.642910635262492,21.801570105277662
216.09357323197366,204.74947021278066,29.224441748826393,10.065083890880686,3.8162215911547457,3.7900878890011147,4.0508549470746695,4.912722249130393,3.003353560710267,1.0,154.8504505541807,13.847869545504063,24.08092009779129
230.26889233538915,220.30921724241423,31.208328549487298,10.69846693818202,3.9744511242266842,3.9522385350759346,4.228934835574672,4.607057653376471,3.3782720101736587,1.0,150.87594789265427,6.8823961838024434,25.320248879084517
217.09318601626916,224.81744615361762,33.010052574691116,5.456331742940176,3.833121498945433,3.814863422236101,4.020281413311743,4.472823034642603,3.3052020218022715,1.0,153.59281461580645,14.500417184947324,23.557439670795937
213.26377188209227,218.22589696025048,29.12526070828172,1.5428636706778198e-15,3.8603082089200806,3.844117688946986,4.005669833197717,4.539619610653031,3.3567147817060903,1.0,149.9127818938723,14.13368270160881,25.125216453231424
206.85700473404395,219.2838789922972,40.29665155994869,0.0,3.736519815001508,3.7130791606487525,3.9469744774736175,4.720027358061601,3.0074168872175084,1.0,168.14299526595588,2.2362289957793147,24.785479207570642
184.21456439013605,182.148016423873,30.833467655675218,0.0,3.6095628629898697,3.5959494203334814,3.731786944542984,4.180746721591334,3.1861275506542177,1.0,185.6586332485276,9.175278527505244,22.095740893987546
179.9204289046457,186.34805622227216,32.57956915168336,0.0,3.612084623850891,3.6120846243832965,3.612084624471839,3.6120846253600085,3.612084621883727,0.0,191.02681017470624,0.8529781540831958,22.027643951374014
166.7715487664702,177.71946566668439,41.51367336662566,0.0,3.4244922080724365,3.4173090594469198,3.48898388639051,3.7258780317202485,3.2010660749474384,1.0,208.22845123352977,0.20026967567281653,20.339579688247774
163.80726885903675,160.07825259121816,36.73863959048458,0.0,3.506858769095104,3.490771964598419,3.651289165535525,4.181818307879448,3.0064915047742096,1.0,208.65096107321023,4.601796355457333,20.507466547165443
171.17395252344238,165.2387500237753,33.197691321255135,0.0,3.4656281786462695,3.4581266757175184,3.532978102159585,3.780371302038984,3.232299888853868,1.0,197.46808084256747,6.5925252670647385,20.034603044088524
159.8264228403729,163.18550198733928,21.852188566357473,0.0,3.4341759099836917,3.419740023501622,3.563784054691598,4.039867350275887,2.985159116122448,1.0,199.14574647899533,13.265718849172192,19.661756823176376
147.3645968925299,152.4782796431041,39.360329731397144,0.0,3.096066782590863,3.0668982029221907,3.3579478474302777,4.319902832753783,2.188801298192929,1.0,224.11838832215022,4.700932580321043e-09,19.6590448591602
147.11341402753905,155.2126378740918,33.17752190350334,0.0,3.46145844242755,3.448077447188838,3.5815955666275117,4.022889425264431,3.0452532224797744,1.0,221.73631973904543,3.112425904881817,20.32769269892164
158.26159845847602,163.80127023418854,16.74722253237825,0.0,3.4935501495012087,3.4862220995535527,3.5593427816074525,3.8010156570297857,3.2656169687860945,1.0,194.63424184683655,17.125969233420093,19.481127875866424
193.2897224659248,204.69607009614782,35.199434682475854,0.0,3.7301065545062912,3.7301065553666284,3.7301065549459675,3.730106555268904,3.7301065534911357,0.0,174.0694481184375,1.6304656635449826,22.56076788605654
184.05408433941827,185.7071002817573,36.43659216717516,0.0,3.6982255638163464,3.6982255644486117,3.6982255650767684,3.6982255634455536,3.6982255621797844,0.0,186.54550250992511,1.6068505688932306,22.504067797093093
187.1702884669625,186.58031705510516,19.27309383085443,4.101227347706425,3.6839344331909576,3.6757861207452023,3.757091538448175,4.025815975608395,3.430487638452626,1.0,172.20048641912672,20.195978790361423,23.3673771482611
196.88523522770512,200.20657314949366,22.30447286998471,8.078506192890805,3.6906122645353263,3.6885866003307615,3.7087990720375497,3.7756037853665485,3.6276055612730973,1.0,169.77195429151504,14.760007986397227,21.937158463288444
208.57193811226628,209.85627858760986,22.85668040534554,13.156320052776383,3.644029227234694,3.637585363833483,3.7018834653476653,3.9143966237937153,3.44359796146673,1.0,160.23711357818183,21.674377923936376,22.079898509457074
214.89791263666305,223.5579798371867,35.74046811879732,21.662375154553164,3.765230992488215,3.7440498481443107,3.8891858553006005,4.251000166049928,2.9924674998201386,1.0,174.5508096517841,13.194027210532273,19.37520738061472
213.8711083416443,213.3261087679117,26.455755173212793,15.152768313989949,3.7135085206788636,3.7118682868345747,3.7282348666151757,3.7823284346786905,3.6624903026433593,1.0,162.1712034706598,17.71056376207163,20.8993882644903
217.07762951187422,216.09202374772144,22.65226174779489,19.705485523000323,3.8698578022932257,3.869857802815239,3.8698578031510067,3.8698578047188454,3.869857798509131,0.0,158.79424454010734,14.590938741464862,22.300097231417983
224.36784070665826,228.01521156027,15.310520202157772,18.1309766629076,3.928943313423297,3.920217905011259,4.014634926260287,4.255050048202414,3.670199768463705,1.0,143.88643555568365,29.790610833267444,23.589735595083056
228.85451298304886,225.53997139534732,22.255284351316156,11.337795439111508,4.004427564239333,4.0044275718534506,4.00442756533479,4.004427565342155,4.004427563474377,0.0,138.84773764561754,16.16012259597269,24.680633023788296
222.51869121891227,229.39206781562305,39.07775005695341,10.535199048541902,3.8916883306546,3.8728042979615562,4.061232773838794,4.6840121357317255,3.3043155034410154,1.0,163.6228486372781,2.362616855383862,24.526589123032274
187.32625398625188,177.1729223094651,11.960828922805645,8.480019691272144,3.6598899073107445,3.6522949726261764,3.728078682558531,3.978553194656897,3.423655484950948,1.0,168.9212468388551,25.41631123954679,22.519488796200747
214.44875574119507,218.5071588868384,35.755031219605975,4.452317975436443,3.7282358164468166,3.7148735352797657,3.853663343739042,4.259197721716798,3.3220054794471587,1.0,157.49155027911033,11.187605363558673,23.83048701193485
191.9686037140522,185.07111989899693,34.237942372827796,3.083536036651151e-15,3.7295423383971187,3.716463545221406,3.854036005397725,4.239846929156148,3.3349025181880636,1.0,176.1957103429157,8.351309364480654,21.809852285383972
201.44498190848967,203.87004965071253,25.226336435020855,0.0,3.858073779052628,3.857383630465427,3.864270068075639,3.8870305948673867,3.836607243771514,1.0,157.961697492992,16.448797066023896,22.5877208203949
182.27506738278254,185.94753677350607,36.95778340632488,0.0,3.583402225867002,3.5834022269720447,3.583402226570639,3.583402226568718,3.5834022243494457,0.0,185.15962463965298,0.4916192538639705,19.6525347933995
175.50884190179968,169.4551530061531,22.486498917294053,0.0,3.6842180970967306,3.684218097361123,3.6842181012472626,3.6842181125471205,3.684218083682929,0.0,182.68117193798855,13.831274619992357,21.762668575154912
165.4457309126361,161.87482650354147,39.46515607543004,0.0,3.3865188855207493,3.3652406655871516,3.5775587973188543,4.279296419281558,2.7246767692736342,1.0,209.55426908736382,7.775231297071507e-09,20.018968768119734
166.6841164176612,163.63962955588414,10.796348429600117,0.0,3.621026369838449,3.6210263702548633,3.6210263703242043,3.621026370586609,3.6210263688028266,0.0,178.46963063634047,19.963462620826796,20.467797148704715
146.66949459371548,142.2599542846231,6.797094635587601,0.0,3.5201619088351466,3.520161909031464,3.520161908881,3.5201619088843517,3.5201619088673852,0.0,195.4846222384004,0.19635308752380431,20.76849620093219
150.7823766871817,160.8052573671126,21.339409995396597,0.0,3.567133182517444,3.5671331829751565,3.567133182808321,3.5671331828288335,3.567133182126101,0.0,204.96905463264855,2.4070753739587114,21.46572442202438
165.06760974734203,167.99594635490152,28.38547817218409,0.0,3.2087278644953523,3.1986034414767683,3.2996268635150314,3.633521738092835,2.8938157327346374,1.0,203.93466203458192,3.2118984661463568,18.65971037312213
166.45371909444054,162.64907622680678,13.32345415922825,0.0,3.5177421511807214,3.50820740869231,3.603346890632945,3.9177946172956672,3.2211715482368475,1.0,183.37213916623733,21.965741430625847,20.78283544669804
160.74375338789324,169.86784342665695,23.838179777828746,0.0,3.2449742350956603,3.2432092627415403,3.260820498037313,3.319027802213944,3.1900761562981397,1.0,201.3279139733078,13.014359410326195,18.859141372010566
192.339746574077,199.6036480891118,30.318976367357774,0.0,3.701131037637035,3.699461848834564,3.716117345001479,3.7711658047556456,3.6492122103121436,1.0,171.2360849059292,13.55971918402224,21.895209462550138
176.50134989468546,176.40551816380062,10.698042655761663,0.0,3.572668851530594,3.5681180009074507,3.6135272591132797,3.763610460594259,3.4311182477052755,1.0,169.57381909916506,25.734906573972527,20.087892069616586
197.68494534745747,202.72485910295035,18.25647945871815,4.2529616720559416,3.869826139512676,3.869826140527307,3.8698261399376666,3.8698261399676586,3.8698261387982034,0.0,160.6234143707318,13.108652344067897,22.48739497311346
204.7407186257937,214.33453462017548,7.994713051340804,10.122281333457101,3.8405178019176742,3.840517803397921,3.840517802313008,3.840517801719351,3.840517801581287,0.0,149.86271326445564,14.960853485924252,23.89552106429929
191.82538366642643,195.07937325314592,36.28143055958186,12.688356829889639,3.5747174700815423,3.5532554315473237,3.7674077422662196,4.475207552031781,2.907157815805873,1.0,196.2898903560967,6.760557224687105e-08,22.127811409797243
215.22345114745215,207.27534483081652,12.679118293397226,10.244698627147901,3.9364503259652692,3.925107932144562,4.0382845251278265,4.412347136867757,3.5836540903793765,1.0,142.79312186185004,28.090929231152074,24.3798677134336
213.41389022419236,219.07544798676318,28.03270452395879,16.096429468750216,3.900633239294189,3.895254949215372,3.948920559900144,4.126292025371078,3.7333457747854366,1.0,163.27749676118623,15.453515845913621,23.086889839103453
218.53719726044744,216.63035634063854,23.389947980624473,22.013800819485773,3.794396742322899,3.793357253286243,3.796187247953885,3.809475561525734,3.7490854548578443,1.0,161.0272500727176,21.983741381095204,21.094743282622037
214.9193382379782,207.60318897778322,22.58385722784142,16.665944167781582,3.653440552628896,3.6483117280653286,3.6994881235530914,3.8686324260049316,3.493912516998793,1.0,157.08417827227385,23.389565232028797,21.990428100580147
203.94123879898683,209.35892727171304,24.123247602556265,8.283798344901394,3.8155722942718246,3.798401997287402,3.969730504218029,4.5359923597965475,3.2815038122692584,1.0,165.7630914733875,14.197352278536556,23.845283906358688
208.92179339247153,222.79360504441365,18.941513418899586,8.58404670069518,3.924514791539548,3.9217154567284562,3.9803162311507005,3.8751855753336395,3.8902183037274782,0.0,153.35349953800343,21.738672347695694,22.45973789957329
211.08547522229574,211.89213344662556,11.745651954903108,9.8484087571853,3.8212476396199593,3.818341686279522,3.847337848005068,3.9431737407126786,3.730860251373514,1.0,145.30022341826512,30.693674745704364,22.87156433862293
207.4432513196824,206.5360955438273,26.369563679972142,3.671183607554231,3.6013915695003362,3.5929806700246023,3.6769062416892924,3.9542906106943563,3.339777179588412,1.0,156.4955483620094,16.294235312383197,20.69104005344837
207.7467154382117,209.74731372596793,16.854569273820236,1.8642757449954948e-15,3.9044953415270345,3.894482936880448,3.9943886367462524,4.324589306658117,3.5930673891078224,1.0,144.96534304712742,21.291966253554783,23.75485116515922
191.79526301651327,198.081895604308,27.477395598552093,0.0,3.780535498236584,3.780535498855106,3.7805354989011954,3.780535499732663,3.7805354965799607,0.0,171.60491282423115,4.120871418428299,22.602987202192246
167.52681054704567,163.47467532586586,9.717292020518547,0.0,3.569175016993463,3.569175017436752,3.5691750171824417,3.5691750171865295,3.569175016674428,0.0,177.41880941274815,11.79306134713159,19.71711979540437
166.56950551894556,173.29233923109072,15.700069913086915,0.0,3.5522399810477934,3.5522399815141807,3.5522399812637473,3.552239981148383,3.5522399806978875,0.0,185.04098713354702,9.231046152390228,20.376521939137348
158.74700326436266,152.1232753611688,21.051373801904795,0.0,3.564856170991218,3.5648561716434704,3.564856171237227,3.5648561711650313,3.5648561706465163,0.0,197.4267293086807,0.7343601279342918,21.22294961128658
165.35641349454357,169.26834040558077,7.275434532527414,0.0,3.615706488068883,3.6157064884968486,3.6157064886361807,3.615706488935759,3.61570648682696,0.0,177.50536539134416,24.099124901917353,21.761697164296656
141.9433471639266,146.08307870344103,13.410379884900383,0.0,3.5881942722400675,3.588194273314335,3.5881942728082503,3.588194272794073,3.588194272092258,0.0,207.87456325274556,1.7422494319470057e-07,21.19774856310526
160.06211721137853,157.94865831316596,13.850565458600887,0.0,3.4317974224881156,3.4311085364612786,3.4379823830364056,3.4607012924792753,3.410370135324688,1.0,188.70637549322305,21.244541274116568,18.338897285338067
149.63573446366252,157.04774036698035,25.10256420604079,0.0,3.5239132758043468,3.5235365607606473,3.527295497014923,3.5397192445047883,3.5121958479446,1.0,208.7221409159321,13.154538034559673,19.79477718424746
154.05901568414006,155.94528358016345,10.528154193424543,0.0,3.446101255027856,3.4461012552590615,3.4461012552413592,3.446101255303534,3.4461012547380547,0.0,191.35372694566323,13.948493614262675,19.684421606900315
160.19579214385257,167.09297769363394,22.95552675297685,0.0,3.247816190671129,3.2425124455788743,3.2954342280215356,3.470347247385989,3.0828474034935223,1.0,201.25680222439678,13.887229322329178,18.39309416995836
183.38050921167567,184.5445946568604,1.0610045474684116,0.0,3.685078079236041,3.6805512002828356,3.725721263921422,3.8750138971297656,3.5442730976219563,1.0,152.74107637395267,36.23505890590292,22.82275589702455
199.404183460385,192.23889724196997,8.773004536486777,0.0,3.8146743216611156,3.809872239565732,3.857788334407056,4.016156940365014,3.6653093585918852,1.0,144.29141863715597,33.606454374999565,22.633890382963497
183.8873189301228,172.1177928782097,10.796888245791381,4.299330994548577,3.595780295786852,3.5957802962614007,3.595780296436648,3.5957802962394565,3.5957802945149178,0.0,167.77601270109932,22.677027594961753,21.38024206549836
175.77219745307175,180.4069889562915,16.637701526703317,10.9322157032695,3.670132477054384,3.6636777118518755,3.7280845919623133,3.9409572771500057,3.4693621252959357,1.0,185.09116255713954,24.838291981305684,21.976009416264027
210.11992322489763,212.16651166086166,15.503972144902935,15.834511131163204,3.7488754701008413,3.745671511916311,3.804710973410918,3.7360937961925087,3.6958007859766844,1.0,159.1460820369188,22.588680316019843,21.12808191502075
218.56964525152452,215.6940542127005,7.560094193426665,12.649132458394488,3.9476783257198456,3.9476783258605836,3.947678335454398,3.947678365331931,3.947678292486633,0.0,134.93659330877477,38.28475157098751,24.155843494729023
213.36158336127033,228.36982628689947,5.733844186199613,20.178937243690065,3.7231049126925093,3.7231049134678322,3.7231049129318508,3.723104912727153,3.7231049121109594,0.0,146.16714838233935,24.611537097533052,21.963481378486023
216.3530193233356,210.09881475591854,17.32805564053697,19.68867393649996,3.8032700861696993,3.8023687844897047,3.7478797094599674,3.600906948806752,3.6659945563058356,0.0,156.93193756115812,25.368805825599733,19.819205334591462
224.68800993966258,231.34516794235327,11.955817003450198,7.133963172049447,3.9244414676283377,3.918889332069312,3.9742896197950683,4.1573944131366405,3.7517466306988467,1.0,130.6491287548367,27.885329278535124,24.069852029969972
219.70633860905286,214.74937120779614,4.384514588343307,8.591830236104297,3.9827652607112363,3.9827652623070793,3.982765261533869,3.9827652628425185,3.982765258417782,0.0,128.1432589657212,32.89687609883776,24.07324623906226
206.88191847241166,203.8212911427129,7.081120702942359,11.149430348143143,3.7531158063101238,3.7531145690998238,3.7531269186098317,3.7531677334866806,3.7530773098518035,1.0,146.84762727822124,34.50829712416607,20.8803387750131
201.30504393456602,210.31829574340378,11.148871766815615,9.892326787675612,3.524077116335404,3.5152987048221047,3.602891371727536,3.892395941267898,3.2510315898709212,1.0,154.66034196800663,29.15210737109254,21.853467964908376
205.7135159337569,219.5593085178549,0.0,2.4984885792040274,3.8554520728838684,3.842511836372484,3.9733959702016945,4.38879712078501,3.455991746529969,1.0,131.93246857133977,40.97917363220282,24.099536007980667
190.0722368896944,189.31607439922703,4.058183473617395,2.2930484281998146e-15,3.919597850212759,3.919597851889128,3.9195978504103595,3.919597850608378,3.919597850320842,0.0,148.613649164062,15.007491163605568,23.108825421407627
184.7710985811001,187.32232206067036,13.24951657891374,0.0,3.769447751458711,3.769447752100211,3.769447751952465,3.7694477516659646,3.769447750845219,0.0,164.2228644020094,12.537997583131427,22.292211721976475
184.81770811457704,178.40591491665842,13.911146335070631,0.0,3.8203555109653458,3.8203555118849466,3.820355511265686,3.820355511269847,3.820355510700162,0.0,163.13599741857598,12.107969593065508,23.263594598379626
160.0538759868141,151.19400781164148,0.20922587517349403,0.0,3.662349441883196,3.6623494426519914,3.662349441984767,3.6623494420417217,3.6623494420703104,0.0,175.12746984947586,5.60235142294102,20.796016520831767
162.40951997927218,158.33622313929274,16.34226526093932,0.0,3.5904239444104054,3.577586622276743,3.7056798711725225,4.129043861951407,3.191129233548387,1.0,186.38124071462136,23.62473091179553,21.67154044235759
154.3692323395985,160.02266615794244,19.293670522449457,0.0,3.440872124048933,3.440872124440329,3.4408721243239317,3.4408721241296045,3.440872123647442,0.0,200.49048668524557,3.4707706765406043,20.716591325204885
148.51914517641382,151.1415262426418,2.869472677242953,0.0,3.5561944093249127,3.556194409717766,3.556194409525351,3.5561944094843043,3.556194409239977,0.0,189.77575945648442,10.999178373336365,21.366447595260198
142.19599910358068,141.70275738594646,9.643602463123058,0.0,3.3346162252257496,3.331334371784121,3.3640813332607813,3.4723140808013007,3.2325367738657222,1.0,201.4877747989409,26.754746160273328,20.099632067445356
162.90812596442714,160.05907315512965,7.15301516582093,0.0,3.7253772041799715,3.72537720465161,3.725377204390136,3.725377204445737,3.7253772041222533,0.0,179.57003194467927,7.406682611104659,20.927176419614806
157.60726515077405,161.09999036173798,15.691878382263868,0.0,3.26424730321193,3.2634322435795453,3.271565072446296,3.2984450743372524,3.2388954920837083,1.0,193.53378326624494,22.795134963755153,17.347406326122343
169.27803881143137,172.7998079303713,12.179745843300665,0.0,3.3914276625471236,3.391427662878489,3.3914276640718053,3.391427667505072,3.3914276576460862,0.0,177.4315601411612,27.22364084065348,19.20987719602299
175.278028844598,176.92748436373952,1.9912391718959082,0.0,3.5831203326792886,3.5831203337091067,3.5831203329218213,3.583120332836243,3.583120332612473,0.0,161.85567002938674,15.567690432845238,19.67239343098463
199.61868677234668,204.9945292879708,0.0,0.0,3.6132772194232343,3.6132772203658807,3.6132772258811627,3.6132772443258743,3.6132771985211742,0.0,135.38131322765304,38.988475465908365,19.77072641659852
183.2863126425048,182.04022493930657,0.0,3.1088128652723106,3.7013271201820594,3.7013271205848555,3.701327120642877,3.7013271210449266,3.7013271191829444,0.0,154.88536672800154,29.43811669364197,20.972672848807736
202.06341280689753,186.36198802732537,13.26264388718048,7.316933383083888,3.8310316277777132,3.8238766267033215,3.895270597059441,4.13123647927111,3.6084809841714787,1.0,154.28182499598097,24.61668662567419,22.19961245540194
193.46027144945185,204.7607603500194,3.880603262435689,12.055257672341593,3.8632096796079414,3.863209680188171,3.8632096799560554,3.863209679772339,3.8632096791934316,0.0,157.42908215836368,24.06202083610048,22.159901388914893
200.01447622637596,201.417683878972,3.169082054867197,19.225517327750193,3.8669537023836233,3.866953703255734,3.866953702589511,3.8669537026193477,3.8669537025495946,0.0,158.03783478365142,9.672379593800928,23.19368734853044
202.7917440398396,201.7690093381218,10.576310895070463,26.858889625722856,3.6896232347157882,3.6826551348894974,3.752184169527433,3.981986209150341,3.472886002600486,1.0,166.2621877119424,29.626393120455834,22.799122213004022
222.3092613280093,223.252088422746,5.250255460303379,16.6864662487325,3.7626144312613126,3.7555301583853167,3.826218389171572,4.059851714538158,3.542263730845075,1.0,134.7568308173878,35.568083849430664,23.78025072491477
230.2945681573128,249.06543287918504,7.989447987980985,17.635186218825606,4.00499923075699,4.004999242865721,4.00499923147893,4.004999232630556,4.00499923135931,0.0,127.80417533342438,27.546546276488154,23.321440015440228
224.37232548319253,224.383392001132,7.169786959764268,17.40578097792695,3.816422730444965,3.814864868908773,3.8191694135713266,3.7223687593833406,3.7486243955441423,1.0,135.17980218136668,39.05804449649883,20.218482423642318
218.8515641049027,217.46445440006556,6.563308241102923,13.846094130674729,3.6474715268776112,3.640687905023112,3.708376196627271,3.9320943582436594,3.43647229076041,1.0,138.15604705914407,34.79029613666135,21.281841043261565
201.17245627197096,188.28240561920953,20.899998208313924,8.48927031335293,3.8561867286673914,3.8561867292137566,3.8561867289124785,3.8561867289853726,3.8561867279946136,0.0,161.93986880792016,11.04705537392138,23.379107689843455
194.15107679620118,196.74285325889443,0.527666385816643,5.907821280481198,3.748259897182408,3.7482598983934206,3.748259897445868,3.748259897416632,3.7482598968997065,0.0,147.48975281855138,25.377341283235776,23.02285962895163
189.30759683651655,189.94890394237387,8.720874352538956,1.976787746132639e-15,3.8569064886525615,3.856906489454785,3.856906489117178,3.856906489668354,3.856906487689277,0.0,154.4369174685479,22.249684912872407,22.70308364966788
187.62103680978475,188.26356377510484,8.58529273778469,0.0,3.982733420363117,3.982733420973422,3.9827334207136733,3.9827334207048226,3.9827334197310815,0.0,155.88597530562856,21.3242206983451,24.721637829598077
171.10667705013088,164.581329474385,19.00762066052232,0.0,3.7694084687464278,3.768409359002799,3.778378675225278,3.8113284942785794,3.7383319250408955,1.0,184.22009103773257,14.896737350487335,21.426489873655356
174.31185124533562,182.07997350886353,0.0,0.0,3.781708773782006,3.781708774646613,3.781708773919848,3.781708774022893,3.7817087737555517,0.0,160.68814875466427,18.796550808692814,23.155361489707765
171.60179040600474,176.9384471589038,3.481458060302331,0.0,3.741013330235546,3.741013330649571,3.7410133304398228,3.741013330369937,3.7410133300629553,0.0,166.8281872189653,15.049452846926256,21.98298324962175
163.27743485800784,164.21989792331655,11.784651354930464,0.0,3.4930059636746016,3.493005964124233,3.4930059639755524,3.4930059639404982,3.4930059631216124,0.0,183.08422078998058,15.893478034638841,20.391332208375797
150.5548527916583,150.79822734040613,0.0,0.0,3.7304719352414843,3.7304719357934437,3.730471935451549,3.730471935425835,3.7304719351748616,0.0,184.4451472083416,15.196261484882095,21.390548468928085
138.3345140665987,138.59288794799656,0.0,0.0,3.4873907309938534,3.4873907312386194,3.4873907313076473,3.4873907313854615,3.4873907304482077,0.0,196.66548593340127,25.115701073872536,20.01271084711481
145.5190847123232,153.9554066560687,5.0555472037170315,0.0,3.509218175731246,3.5092181766482455,3.5092181758406578,3.509218176223983,3.509218176221262,0.0,194.64525101548384,1.6798841121623908e-07,19.287716573435723
145.3964839403451,148.42163632025174,0.0,0.0,3.4797336356080995,3.479733635950559,3.4797336359429276,3.479733635933366,3.479733635245248,0.0,189.6035160596549,20.30981461850845,20.141167256222914
163.48757263264412,162.54367014588195,20.740810113011147,0.0,3.492353630525343,3.4860539591620694,3.54891328522874,3.756671112890865,3.2964073436625974,1.0,192.2731878826225,12.426964572292526,19.496811119081674
174.54909441859246,178.50021006830494,1.6602444914491647,0.0,3.7136944588513687,3.7118534667352474,3.7302232423183637,3.79093761741641,3.6564318438654833,1.0,162.04590777438807,34.372617514480865,21.273133370356273
178.89247404170175,173.30514905581066,15.437120963360822,0.0,3.642347952640925,3.6412987840955027,3.6517675937853973,3.686368299974765,3.609714379058413,1.0,172.43399281981428,22.41313237208036,20.376389064239266
189.04388137718183,192.1674157475573,1.0419550990593667,6.196106614600008,3.850398711124838,3.8503987119611964,3.8503987113813833,3.850398711391644,3.8503987106836512,0.0,152.7477365471821,27.135149960697312,22.11240245795661
187.46059734429963,189.96790946536248,9.914579124962431,10.287534923340317,3.5430039388403625,3.5324940951445325,3.637363323296603,3.9839690616057406,3.2161035861717573,1.0,168.86020134687024,27.133565847748237,22.16474183842089
202.16075474074037,203.47972877514272,0.0,12.62835915640188,3.7647495902728214,3.7641081494361237,3.777535986192896,3.753446248469647,3.7568908569793984,0.0,145.34848772074912,37.728942941465895,20.914339491973617
212.56041838797628,200.82248630997273,0.2881867447599901,9.619384737310863,3.8480389909451067,3.848038991978298,3.848038991282877,3.8480389914312507,3.848038990645226,0.0,134.03769637379162,26.599458901856405,23.539630719826736
223.66679210625392,216.89074684886845,1.402597441129713,23.939410020058165,3.9578921150035877,3.95789211664979,3.9578921152566924,3.95789211492827,3.957892114552657,0.0,134.72230913128374,29.334021127076294,24.175855238141157
215.7422650141277,213.77474929119546,0.0,14.718605811760654,4.048247564830753,4.04824756880145,4.048247565162186,4.048247565048374,4.048247564818784,0.0,133.1290027828361,28.111987824836763,23.481548150875426
220.54560306878722,220.52749080573022,9.219894274121135,15.540308615222301,3.9416025206503567,3.941467750242454,3.9442890559524515,3.9392275853290384,3.9399513288347583,0.0,138.39425019762194,27.17883323628234,22.959259982672638
224.37213012178717,217.17296190537078,13.570194974456891,14.549449549340535,3.755327352629625,4.0632699580184966,3.762644242264924,3.789521015179508,3.8012303305219333,0.0,140.0172839812875,24.79312859888107,21.66791803630843
223.25522483789754,233.7561462130866,13.443081887487754,12.402320458331422,3.9323606137605873,3.912866630211875,4.107381329177177,4.750276412791239,3.326015689089124,1.0,140.01089257720514,28.583970318239427,24.94524507458743
209.59760383159906,205.514143382693,0.0,4.903276400194227,3.8728540899324493,3.8633941408771704,3.957787331512063,4.269768476137699,3.578609837050036,1.0,130.07536379530956,41.90401238279549,23.40157011290993
200.85674119954035,203.3793057562901,3.2708021996779215,5.546316295671613,3.8225955385996544,3.817088271398683,3.8720408362826246,4.0536658434604265,3.6512963580391222,1.0,142.63690704770266,33.793045884687864,23.37560506744826
187.95316520786994,187.7730506140191,16.78475252247812,2.0122193584162027e-15,3.6232079243003703,3.612386650034092,3.7203633955684325,4.077239863510402,3.2866207579593385,1.0,166.92609735265017,14.957535976340521,20.82565866476271
177.08793757298307,164.5860157014406,15.996389067449464,0.0,3.6969730436800994,3.686075529394395,3.7948130067202963,4.15420378532748,3.3580145113966915,1.0,173.91853150308523,22.473058812172336,22.494579382899822
183.90683388847194,183.33368649351226,4.902247779680355,0.0,3.911353713363917,3.9113537140474723,3.9113537136891194,3.9113537135459375,3.9113537128811298,0.0,155.88989932951304,23.70725186799962,23.764281776827428
182.03428709161935,176.5667769949173,0.0,0.0,3.7921194204135826,3.7821197256038324,3.8818985990969144,4.211680090161641,3.48108681503895,1.0,152.9657129083807,41.1272857816549,23.250551808882165
160.80577314607743,167.1088452898701,0.0,0.0,3.747510924992112,3.7475109255888994,3.74751092523494,3.747510925273139,3.747510924954179,0.0,174.19422685392246,15.714864304115322,20.949602597909827
152.1128479366315,150.98089875019872,2.744674629984495,0.0,3.539097805001102,3.533477002199711,3.589562445115163,3.7749317532479143,3.3642671959119603,1.0,185.52682525627603,35.44413528914078,19.821147571067158
154.29535032427435,151.55710088530952,0.0,0.0,3.4778045797737844,3.477804580149997,3.477804580168232,3.4778045801709982,3.477804579025248,0.0,180.70464967572553,27.2131632844698,19.689129764375682
130.31995393098913,123.37108064851842,2.95150438682912,0.0,3.422960046795095,3.4229600470842523,3.4229600469422663,3.4229600468981003,3.422960046670781,0.0,207.81461825590142,12.590346949884804,20.1437473359329
153.86227614802652,150.54875301152583,0.0,0.0,3.4726368280227313,3.4726368284334193,3.47263682821731,3.4726368281950077,3.472636827600769,0.0,181.13772385197342,25.544329219913724,20.13538337527131
150.73422996883235,151.81492450787226,14.909156185450081,0.0,3.3043851121497108,3.302973370075298,3.3170600052629924,3.363618070770658,3.260473984755568,1.0,200.42839031120673,19.4357931309052,17.680917498652168
157.91458869809048,161.20194533622072,0.6309411841860197,0.0,3.5907141862400254,3.590714186530962,3.590714186733179,3.5907141871146253,3.590714184977825,0.0,177.74292971699344,31.72522736073582,19.75745382243988
169.26466897226763,161.67060012957256,0.9810218986132153,0.0,3.3482397033769926,3.348239703802454,3.348239704123669,3.3482397054270283,3.3482397011994816,0.0,166.72021450232,33.65194331617896,18.84135569347443
188.7415347228429,194.83791838260893,8.29954408111487,0.0,3.9134124246316007,3.9134124254058316,3.9134124248162463,3.913412424864895,3.9134124245808515,0.0,154.15557719997565,10.716228581339731,22.28897171370987
168.95313717040457,165.990717409005,13.66902990243764,4.835816303073003,3.7021343805939795,3.702134381036394,3.702134380754936,3.7021343808259894,3.7021343805218363,0.0,184.7279530084732,3.3992526924413013,21.738496622318962
197.49698023524437,200.46436984577582,0.0,10.872465716747907,3.9776008965635103,3.9776008986660343,3.977600896817431,3.977600896934547,3.9776008968063565,0.0,148.0265995968761,15.250945408734875,23.204722036735127
201.58502781023228,207.00558362888546,2.4047248262697454,14.327346762475422,3.769273070004689,3.765758717166354,3.8008256046373226,3.916725995138263,3.65996190016923,1.0,149.88769196662042,37.12846838391594,23.39837142558139
201.1784695958221,198.09837016458854,9.700852007663972,14.116834488950705,3.8642114411813275,3.8642114423259875,3.864211441423976,3.8642114414014617,3.8642114408910073,0.0,155.9316996021163,19.00714906045848,22.58495775875665
216.37716710046124,217.5542773808744,7.800871163062513,16.258338557932525,3.7506903714298843,3.748431736040632,3.77096883588308,3.845456732447723,3.6804372933213636,1.0,142.7596350616345,32.36666380507936,22.671699786015857
217.2251540298736,209.02094874238097,3.208649266674418,18.597986926391968,3.594060032640152,3.5940506467717084,3.5941443016877686,3.594453842872101,3.593768077347932,1.0,139.8386117640576,40.95748787707415,21.35667604273565
206.03928423625544,212.37927197872068,6.959115403192187,18.52702176993628,3.5150071351321115,3.5131837897719858,3.5313774826838435,3.591509882281478,3.4582934080947045,1.0,153.20536386459344,37.475723428174874,20.440888699313405
227.9952403651786,244.57999239340123,13.487618042682346,14.447257281534121,3.866655712619228,3.861977059870977,3.9086615635997175,4.062959612299162,3.721129884247511,1.0,135.9315143739693,28.39632564163449,24.474548764302114
215.7185778787537,218.98443920301807,7.776526290813036,14.848608293270015,3.7815799590088006,3.777166929629185,3.842819214016952,3.8491743341469338,3.68151700862371,1.0,141.79544161680414,37.14877683242133,23.062634532760665
197.13797354373784,193.57279396627953,12.558131639933258,9.570460075181312,3.5222845775334024,3.5199218178145055,3.54349788889367,3.6214197128730667,3.448792799262426,1.0,159.35655460580253,28.559338281443637,21.471698449184146
200.2755139538378,186.8997218143075,5.14565719168008,5.779964766977615,3.7948748261603793,3.7936045311056388,3.8201966749622125,3.77248997751957,3.779311597029165,0.0,145.6171839158712,35.00808025489116,22.75533707062893
177.52764112707075,184.18933328360637,4.4538263061422985,2.7452130261119067e-15,3.685478839068366,3.6765866416737607,3.7653146836498923,4.05857180924826,3.40889409964996,1.0,162.14193625546682,31.961110941859715,22.095838500831423
189.44553401305163,196.3776160926129,1.6809444854569497,0.0,3.784436359041664,3.784436359847435,3.7844363591986165,3.784436359235593,3.7844363590964587,0.0,147.32185676820285,12.599829698251389,23.455722624980226
172.34567850739037,175.00713564291536,22.092614606491054,0.0,3.3699508632947617,3.3644648033803684,3.419205757701296,3.6001313644927864,3.199311319419373,1.0,183.4331650995682,17.423170190088992,20.48569766756146
156.29657319741597,150.97758545643774,9.506062425990116,0.0,3.378003364918942,3.378003365183416,3.3780033651569368,3.3780033650734764,3.378003364342945,0.0,187.45741579622825,18.940681813726464,18.798191659593073
169.49465301153998,166.85258816745292,15.388550868802636,0.0,3.5271859578390763,3.527185958239556,3.5271859584692966,3.5271859585790293,3.5271859562213903,0.0,178.67279192298753,21.83408219833135,19.155191644985198
165.47884864957584,160.11627546675157,0.0,0.0,3.8116169719336805,3.8116169722675584,3.8116169722217665,3.811616972229217,3.811616971578134,0.0,169.52115135042402,23.092723017474253,21.626677178917408
147.955325139581,144.59346099870265,16.010055647573466,0.0,3.6453175849749475,3.6453175853031934,3.6453175852565374,3.64531758518286,3.645317584536072,0.0,206.05240461298422,4.553279100445987,20.38085432614432
155.44718001848403,159.30573258231,20.23036118307945,0.0,3.3910138332986226,3.3888378018291574,3.410550664565294,3.4823143546721202,3.323330083472925,1.0,199.3487632497479,15.16827378988389,19.627174108785155
157.98335816745333,159.12516905024611,14.404901729236009,0.0,3.394708850755052,3.394708850983359,3.39470885182328,3.3947088539262125,3.394708847292668,0.0,190.6746870412749,24.355456385141842,19.915331393996443
152.16941789627623,150.68721907268886,3.507955277019088,0.0,3.575567214211981,3.5755672146842143,3.575567214331477,3.5755672144198147,3.575567214287208,0.0,186.5031939292808,6.104016587704391,20.28199778424086
166.65883543150932,168.11567236351289,15.04582092834653,0.0,3.6343314361893357,3.6343314366649806,3.6343314366191235,3.6343314368879422,3.634331435392358,0.0,185.17571561829922,10.71652038329717,20.95820231249266
169.6697963810716,179.09998730887537,0.0,0.0,3.816517081771378,3.8165170824149657,3.8165170818839353,3.816517082048914,3.816517081943806,0.0,165.33020361892835,9.485010533784036,21.97094505098432
167.54527585540518,164.35668754159803,3.768523163532643,0.0,3.6868147186400644,3.6868147189751665,3.6868147189391967,3.6868147190602216,3.686814717977658,0.0,170.86522201385526,25.330442799320824,21.822120949318
170.9325841070251,168.70223488758185,8.441670723072306,5.810040563575105,3.694936986992707,3.6949369875793234,3.6949369873412454,3.694936987268635,3.6949369865449393,0.0,179.30002038821635,17.647383676517965,21.528751787883188
186.1911349876324,191.08678482881814,0.0,9.522491476963632,3.659701351392801,3.6597013523197734,3.6597013515220884,3.659701351569154,3.659701351489862,0.0,159.17387510017932,13.163521394241437,21.879922894581235
214.62755282244973,225.14620765627387,17.520777496202815,14.66592157078045,3.9018645932550204,3.8881956575003973,4.024586911373503,4.475376834632138,3.476703180280656,1.0,153.9123370041923,24.81134161666652,23.626375486306603
198.01123854778254,198.89185691797772,9.844192357761054,15.00625182316784,3.790183764256592,3.790183765067907,3.790183764434324,3.7901837643025815,3.7901837642600005,0.0,162.90572003096742,5.310979633821056,21.705739835584904
214.83510850797558,210.71205167407348,4.019100595996286,16.069585432609607,3.9779593978960897,3.977959403016518,3.9779593983724704,3.9779593981210213,3.977959398041151,0.0,140.78000020868598,23.194195508112013,23.08584879520867
207.61235640011887,196.66845539786723,3.0137734398198277,20.330958603267433,3.6617853719548417,3.661785372642054,3.6617853722851543,3.661785371616576,3.6617853711125905,0.0,151.26759151800164,28.065972983043334,21.050209472594485
205.01871467146017,212.7161195114063,18.751488250928347,21.57967399400087,3.816572282780447,3.816572283504836,3.8165722829943487,3.8165722827488673,3.8165722822131785,0.0,168.6871510311769,12.866484670435508,23.6972082190199
203.7671957586788,204.9943358484357,5.8409703147602166,20.244359744473293,3.8874641808874792,3.8874641828411005,3.8874641813534656,3.887464180658353,3.8874641807975103,0.0,157.15222194445823,11.272923266152702,23.448091736749184
208.7216193821379,202.36183034354167,13.557772481469073,5.809761148972479,3.8880979782122798,3.888097978171187,3.8880979830413644,3.888097999760482,3.888097961657093,1.0,146.43182105473937,29.54211326202219,22.072781853326788
204.89668858471242,202.62198287063057,18.757439305537265,11.003858988949137,3.8981541647279006,3.89815416565885,3.8981541650614844,3.898154164922403,3.8981541639217028,0.0,159.80479101644647,17.183692726950962,23.36916245546314
200.37901724467113,208.2600950855896,0.8707742102402429,5.265821045729613,3.6848139288333717,3.680777588977656,3.721052960619557,3.8541680332698194,3.5592667738665913,1.0,140.66912580197635,38.195574391085856,21.448750133560562
192.15324226114862,189.82742383298933,7.529802661293271,8.915591725954476e-16,3.556894058242946,3.551481555594586,3.605488543895199,3.7839883050375698,3.3885424459478055,1.0,149.74595045584707,32.42767871919076,21.368979582696895
184.99110891099738,182.66043016211393,22.89547068327433,0.0,3.7230679006170146,3.7203405181855995,3.7475548658321,3.837501633205704,3.6382348218530205,1.0,171.55674237375212,17.28052906517203,22.95918061596016
194.3680415944705,206.68614683028156,5.208773624370673,0.0,3.855218529456229,3.855218530512114,3.8552185301723836,3.855218530996414,3.8552185278199227,0.0,145.93172323159635,29.891317294564086,23.8104567164555
174.23770991780643,177.84605851115865,20.90805055437393,0.0,3.744028896411162,3.744028896984388,3.7440288968775257,3.744028897243181,3.744028895368084,0.0,179.6900547910361,11.675393400022294,22.669155611537413
157.626494633887,165.2804705667934,12.844566053309448,0.0,3.612202022195554,3.6122020228069016,3.6122020226721627,3.6122020231022534,3.612202021164149,0.0,188.5640676813053,18.559413344390595,21.81292844267263
159.96864491049428,157.62160919691803,6.063119107920642,0.0,3.4323235729421118,3.4293177438671223,3.4593104818546307,3.558440181010874,3.338829639319345,1.0,181.78986374502304,29.99113892144419,19.5530253540296
155.6630508135739,159.1626096730249,34.53324543867203,0.0,3.365131646877951,3.3651316472754105,3.365131647543953,3.365131648535432,3.365131644997516,0.0,212.20873060974355,2.107386167730281,19.031056491864682
152.35875003520061,148.78546238097618,23.968224663162495,0.0,3.265402618769167,3.2563110420316854,3.347028531022967,3.646861023796618,2.982616336415225,1.0,209.808042839491,12.576091125497078,19.74549944699788
154.89622846652614,148.46246948079408,18.302891364406218,0.0,3.4415002956386958,3.441500296109146,3.4415002958875895,3.4415002958489165,3.441500295281769,0.0,201.1455499540227,1.2234202908221439,19.27588772462728
162.59760480636365,164.75291450493307,20.9065578869418,0.0,3.5810119049136597,3.5783390066015346,3.6050096994514513,3.6931596297002227,3.4978735131382876,1.0,192.27605185118347,16.034859007110757,19.7481347811079
144.54652911116776,141.55883661510978,18.01493371788198,0.0,3.580009170224737,3.5800091703265418,3.580009170312907,3.580009170311012,3.5800091701537378,0.0,208.47830230555184,1.3449698718449489e-08,20.68226773612694
180.81760968479796,179.1786764206563,8.42948751770679,0.0,3.7552687482694727,3.7552687488870897,3.755268748532505,3.755268748688952,3.7552687478547413,0.0,162.57314329983183,16.901395852426866,22.714044731596335
172.67935867515658,169.89267636281747,25.76472449885017,0.0,3.514376004370976,3.5143760048125654,3.514376004905211,3.5143760047836854,3.514376003332783,0.0,188.0082227919175,7.279776646132481,19.930276022745737
173.24977402527003,178.895440273218,10.885447862740289,3.940650325078124,3.6468836063058334,3.6468836067748556,3.6468836064503294,3.646883606495947,3.646883606236123,0.0,178.07472432727263,4.8682813898965005,21.960044536670697
189.35904687318487,181.39231076578906,27.65719085875864,7.759201815674677,3.784761356873172,3.78476135746235,3.7847613572486,3.7847613575288035,3.7847613560759767,0.0,177.59597162092084,6.944934362658222,22.133049426782225
196.61327075607744,191.6867408277736,17.725695206792395,8.944031641050419,3.7228674671655004,3.7220563319873214,3.7301500061665127,3.7569005904316217,3.697637712266706,1.0,166.40715156993707,21.653177014205628,21.14972983497821
209.61347467242535,209.24032804004764,21.495320325028782,19.21898977433368,3.8076390330329035,3.7965892023999754,3.890726778621804,4.210273145585959,3.4362038176237286,1.0,162.77355946068639,21.789689671052166,22.192994985792392
208.13993535570182,199.3564045138659,23.423028400109,17.469155949580927,3.834294730581974,3.834294731279125,3.834294730899553,3.8342947305778283,3.834294729849492,0.0,166.23093215839344,8.89211753904716,23.48757447609887
198.1546380409959,199.84311746507208,34.97876690032178,15.964831901782253,3.609985424281712,3.59174510993566,3.773750441856163,4.375300520892335,3.0426349434915942,1.0,184.90856863791453,7.203165164258691,22.185700502638312
220.69596277416196,223.57816590882769,13.590064064618312,17.86918521978682,3.8072020426421163,3.7980327744718316,3.889525485953177,4.1919201874604335,3.521999220344858,1.0,145.9964107675488,30.63945671916304,24.229361683390426
215.2560427981983,216.27176936179822,31.58613383311521,13.319228879457668,3.707754523462828,3.696252970481622,3.8110176729913023,4.190329178358688,3.3500078016732755,1.0,163.13929408476685,13.743609186158656,22.233191250559237
221.56007024527128,218.1970668467473,18.135809961741533,12.369652016421346,3.8387921236932043,3.828142017175174,3.934410814305954,4.2856423015477345,3.507529006294334,1.0,146.80199871775784,20.174647439030085,24.521848738101628
203.0197963662744,198.01900710116678,15.691297360523397,5.934525913055445,3.9257676880078343,3.925767688573645,3.925767688914046,3.9257676882626877,3.925767686543064,0.0,151.6118790355057,21.579561060188684,24.220954837502237
198.20849588945623,206.49716843117628,4.365845257123632,4.1218402088736,3.916900320395608,3.916900322696628,3.916900320671648,3.9169003208031885,3.916900320388972,0.0,145.73188808753537,17.61755405897769,24.338989457532477
193.583448096162,186.80151704005297,24.201865125929373,1.1350564813482497e-15,3.796968230480241,3.793250781373432,3.830344201950339,3.9529425310781114,3.6813399146086443,1.0,164.76307880245292,14.844060089535665,22.587388123938336
178.16042569293782,181.38962122219144,19.56603784134771,0.0,3.561301233454021,3.5613012340617036,3.5613012336664003,3.5613012337248664,3.561301233044384,0.0,175.09786271008596,8.252917670286754,19.950726707161156
163.38785505642582,153.4620482433457,15.998512527968412,0.0,3.5281233290895404,3.523760567962859,3.5672930342570637,3.7111732063876697,3.392423096508361,1.0,190.72730310126013,18.5419299652129,20.937307304965465
154.86892580679597,157.61252003011694,23.884976608134618,0.0,3.6442494834038315,3.6442494837866644,3.6442494836537467,3.6442494835778194,3.644249483077208,0.0,201.75683664203552,1.7199387906511554,21.02620039924388
150.71006069612338,151.05563983888797,28.9357019783718,0.0,3.5262171747238362,3.5165913190050855,3.612639940851339,3.930092486808411,3.2268125850036085,1.0,212.63032562908435,7.975297844381754,22.091051702279817
158.71673249467668,158.37325239200516,26.7154912505103,0.0,3.2605263719094797,3.259698772016086,3.2679567226058026,3.295250268034589,3.234784531011935,1.0,205.64201426060637,10.754410735241368,18.91434606237833
147.24867835719112,149.11391639208117,21.164543353399385,0.0,3.526995623720836,3.526995624025973,3.526995624089516,3.526995624159107,3.526995622747248,0.0,208.27135290174746,11.381306334292544,19.080912048273333
161.3280714669225,161.2894657546067,19.01000599703419,0.0,3.4029614462176716,3.4024131116159952,3.4078845000074165,3.425968113376799,3.3859059300656686,1.0,195.810758959399,14.274111744916782,18.09779610589935
138.82334691886268,137.80702793298605,21.51706963393517,0.0,3.115173638646222,3.1151736372418863,3.1151736534258005,3.115173705853201,3.1151735879574964,1.0,218.49271884868395,12.499402283990182,16.479856667281513
153.1159515298865,159.91693430468484,34.916413829574154,0.0,3.4059851758614403,3.396378775004091,3.492233273630756,3.809044217792898,3.10718571058648,1.0,216.9006145578665,5.224185459944559,21.131338177698776
154.01680593888125,151.22419804812822,37.66347407094555,0.0,3.2308198600644222,3.219354405215081,3.333758898076478,3.7118798622868074,2.874196000123583,1.0,216.42608975589198,5.374611231117535,18.661363214205885
164.05266871931667,164.68997414137436,38.95924917260202,0.0,3.4717849102333274,3.4584057436878397,3.591905617851359,4.033139173473678,3.055636564285086,1.0,210.94733128068336,5.131855004316408e-08,21.915369303189554
166.4306791129674,169.4480016655678,26.46264522597245,0.0,3.4403553791975714,3.430904518987173,3.525207003551641,3.836888350257772,3.146393881525355,1.0,199.88366086297606,4.588137628116993,19.885314584803208
172.77298242819043,168.44756796808278,21.248519751586972,5.540667997507173,3.4753831309145697,3.467038509714525,3.5503027339218804,3.8255012675744795,3.215830307610379,1.0,188.68358023759285,17.88959644076473,20.665180212628936
190.13822929881994,187.96229181526832,29.019046280602154,6.278857241822903,3.686556824949666,3.6865568251964085,3.6865568250385574,3.686556825062153,3.6865568248163254,0.0,181.55648543761788,5.240434208423309e-08,21.833052465294823
185.3098179329504,188.44102436463456,35.89635326008229,15.448052227030837,3.7336241426156436,3.733624142827439,3.7336241436931514,3.7336241463442814,3.733624139166194,0.0,202.7240724655203,0.27923149093310407,21.776243609163355
195.67446974247125,187.08100144996973,29.347572708486446,18.25124298638909,3.5076852182563925,3.4972926292166218,3.60099187028968,3.94373065674289,3.184431969999819,1.0,185.18730598098063,14.579984393335547,20.505042195311646
204.7505061035967,212.04152199512438,18.57031339537112,22.6351466653143,3.813190609171342,3.8131906116442,3.8131906093742263,3.8131906091719014,3.813190608965312,0.0,171.42981308331542,7.370283948740486,22.473882577591098
205.07853650566878,204.1695471241694,36.443746671471814,11.193391554895722,3.7735523770396355,3.7679175401733778,3.8241430205139615,4.009975171175385,3.598285239338847,1.0,175.6319426685294,4.414621658678256,23.33122992609132
224.57137878450146,233.34709436300423,31.496309697501264,15.988883593806055,3.8648765437494683,3.8616708162459297,3.893658391979924,3.999381350635308,3.765164195521381,1.0,155.62522460711347,12.49557176154658,24.32592384516925
210.5101944259784,221.32598734433904,23.909744816768267,13.654707223166788,3.7165266342796084,3.6958250339259022,3.902389567336003,4.585110841258984,3.0726197369635218,1.0,162.4942790079523,16.294068112160836,22.50612010147199
201.23675067123986,201.6776881552374,21.06068259023672,7.281029821563713,3.5130681226289657,3.4978350419856543,3.649833632127872,4.15220772693635,3.039255225780292,1.0,164.80697184381168,15.61417584197147,21.580620266123173
216.35941523425595,214.99908120328,8.940396762178048,7.586080089507,3.900343126374644,4.180743785648996,3.907005604297014,3.9314785600328475,3.942140610120504,0.0,134.3164179571826,22.091656165545874,22.6004635102194
199.35696496796777,199.65774718427224,27.149301870007296,5.4482857835465754,3.6497340248687915,3.6335735872595594,3.794825524184873,4.327783071863215,3.1470764190415754,1.0,168.4526301055644,11.32119902634753,23.34786926752432
205.63189657064706,208.8458161452584,22.433100013889703,2.6207861281282564e-15,3.8948106170413683,3.8948106180534747,3.8948106180231683,3.8948106204828314,3.894810614101339,0.0,153.79414886864734,12.666234828586823,22.323383380027675
199.97389502212144,210.22315290489004,20.73982841208842,0.0,3.809352747429794,3.809352748057267,3.809352747680896,3.809352747669925,3.8093527469197666,0.0,155.7805528397856,7.58774487175277,21.79807138886799
165.0558168087378,165.97757243038564,24.091495353843438,0.0,3.3004088520174686,3.29425530572322,3.355656568741604,3.558595319138185,3.109007666108223,1.0,193.69269390579652,13.297302938032777,18.328307528797115
169.2096727333477,167.66646965047732,34.409118103206765,0.0,3.3445438332202952,3.344543833704955,3.344543837833768,3.3445438500216627,3.3445438182515437,0.0,203.9242683368544,1.099795342686079e-07,18.779750845322017
145.5074486440853,141.36205400919724,31.322740534607615,0.0,3.412959133873847,3.4075274213862285,3.461726088154521,3.6408593674705076,3.2440100185221774,1.0,216.8398035767617,8.61189730523136,20.49166206647843
159.9721695391788,156.76170767642236,39.84599472895435,0.0,3.249493558407911,3.214699340288432,3.5618826765113005,4.709366435885135,2.167247064803979,1.0,215.02783046082106,4.528511216344223e-09,21.10319942935869
159.71999432461905,157.52964063938754,33.45077396669742,0.0,3.3587786267235993,3.3496732693672904,3.440528264716531,3.740815233045926,3.0755637073477065,1.0,209.10644317466853,1.6796321424563727,20.396309282416112
152.4222251998987,151.24318357038086,32.568729882159886,0.0,3.470691764306976,3.4676784846905564,3.4977455713447045,3.597121001716186,3.376966068126038,1.0,212.13695615413343,8.763796108488602,19.955257996811238
140.8529263124562,135.0570075185695,37.28947088875432,0.0,3.023199931722499,2.964055893256599,3.554206373283135,5.504726524994138,1.183571637589354,1.0,232.79871287171156,2.3677925894791437e-09,20.605729604621015
155.01755842875028,151.9148069679146,30.600406262561155,0.0,3.4479791434328457,3.443750963703782,3.4859405492946274,3.6253823347896317,3.316464964687374,1.0,210.37935590532229,5.843383641412489,20.456893419393296
166.3978565589314,169.10198196976827,31.935663347982853,0.0,3.4989183274559212,3.498918328507935,3.4989183283341863,3.4989183289762753,3.4989183248907505,0.0,201.0141300968033,0.3601487352500624,20.53532999107886
176.5140658605269,171.85082274551726,38.10456496290467,0.0,3.4522901042325187,3.4520045643261583,3.4548537398846118,3.4642706159995877,3.443408598996378,1.0,195.49924283345723,2.7936276106576097,19.776825063988184
162.6089713475866,171.27655884967967,39.93370494987531,0.0,3.2770056697077155,3.2628460649932607,3.40413329862993,3.87110503800702,2.8365824192069504,1.0,212.39102865241335,1.4565073655462214e-08,19.350291559441253
191.98313914671397,196.63555975484334,30.839983823591922,4.466539690686066,3.6673393690151705,3.6673393697180687,3.6673393696669776,3.6673393692573075,3.6673393678499515,0.0,178.51566956118236,4.64793877637909,21.73401945968975
184.7309624179336,184.43253864046184,26.342823964573824,8.432659489790638,3.4878634297894724,3.4796034560754703,3.5620230574972656,3.8344299964399102,3.2309434855724692,1.0,187.21696043593977,13.091800273411833,20.85392591285138
191.19608020981906,187.08514643330898,27.353102733086015,9.304059547990084,3.5266538614716776,3.518964601086555,3.5956895130398965,3.8492748136105637,3.2874855057341317,1.0,178.51202369204418,14.632949375994459,21.037674237354842
185.97762635144784,183.65749491588548,27.192469541102348,20.19691260986675,3.350195833016278,3.35019583274821,3.350195842075909,3.350195871800271,3.350195802131139,0.0,196.62073050803508,12.176285786161818,18.12439291777088
198.40505906929764,210.48562249580158,33.58387565134998,18.522622034123465,3.687337605772293,3.6708358678489055,3.8354933535262314,4.3797066589888285,3.1740641610887828,1.0,190.8509895353407,6.905010713867113,22.705476923684987
200.72654696679544,201.46276749181624,36.39416801101693,19.372091271059524,3.388908820784473,3.37647083334135,3.500579441387422,3.9107737037199803,3.002035108494083,1.0,190.38303076630075,3.8390169343682423,19.392242199505077
208.54323586396606,200.39951350741435,42.72848707340365,22.41856580861152,3.6400677115497415,3.6308226028132253,3.6905954486303325,3.9050959326179737,3.296619807397749,1.0,188.57544473035134,3.980913683851571,19.322377284332145
223.42878521714226,216.58247636953914,31.729312196049072,18.08992580728412,3.898988887933637,3.8927287697663604,3.9200149008891065,4.028552432055408,3.643737281055637,1.0,156.82725625291613,16.60932542778496,22.232696885660875
216.6457662200234,224.3814700980142,25.242826896827886,9.756370224471572,3.743162364329361,3.7231453056858475,3.9228793316343684,4.583024932465983,3.1205476612139074,1.0,156.93411079977759,11.064608736990529,24.415269456835404
198.79383060722805,195.60229134197172,35.16499678373451,7.154296648889814,3.779018432771307,3.771291415657387,3.8483930839367964,4.103223612912507,3.5386756416566767,1.0,176.2600905507971,7.4815959962121354,22.306930348669248
195.7731212457764,184.31718138479792,29.550683704155336,4.326755403294977,3.749666138766134,3.7467874056701453,3.775511956826021,3.870450142098253,3.660125421210458,1.0,173.089129312171,5.825954456854489,23.24997414519072
186.29357046092176,192.00897916060296,32.93748566553716,1.7030317982197684e-15,3.855477631995782,3.8398799128824153,3.9955169261943455,4.509916458630466,3.37032297534484,1.0,181.75391322125935,8.309855507342567,24.527217761691663
177.71789066451254,176.6571081573112,27.31381755269212,0.0,3.751841230992156,3.7428434486550883,3.8326250451801247,4.129364299010366,3.4719723289897924,1.0,187.12737881530717,8.711614391095,22.05781861220134
183.7918318224283,184.0295697327443,31.666250531106275,0.0,3.5621080298456835,3.541933859520145,3.7432355744761954,4.408562580251686,2.9346064972499164,1.0,184.17170972772362,6.726401418677172,21.292668078411204
153.844631604412,146.68017018112647,32.04125598416238,0.0,3.4044054674400486,3.404405467713939,3.404405467882483,3.404405468387465,3.4044054662152514,0.0,208.08277574193505,4.916728513765432,18.845743871135934
168.31079188390913,172.0163537503754,30.52743858503372,0.0,3.4598065671775777,3.456376230791835,3.490604781693837,3.603734365591088,3.353108677424658,1.0,200.82939665825435,2.619838253234955,21.05482406725582
147.87468528518573,143.95749275331454,37.43189957135245,0.0,3.3083828610815225,3.308382861157844,3.3083828615348976,3.308382862653699,3.308382859570437,0.0,225.28266474535022,5.438857831715775e-09,18.47778218961691
159.84419218245216,166.25002174208925,28.870044913273194,0.0,3.467905414533563,3.4679054147197905,3.4679054147481456,3.46790541472115,3.467905414025091,0.0,205.32251447020977,1.397392743675056e-08,20.85219082420484
146.1383836166536,151.62452843914357,22.648681723971826,0.0,3.366354738015114,3.3586723178734563,3.4353289726153458,3.688688673254766,3.127399156360235,1.0,211.481554667642,12.747878371010046,19.74007338567489
145.0929691251145,146.56160064038073,35.50238371758279,0.0,3.2533238964793703,3.2533238965083378,3.2533238972233263,3.25332389917153,3.2533238940909706,0.0,227.41954525189996,3.4587181940879994e-08,18.481425723856695
148.48974192266078,147.9295822693142,39.00755731479057,0.0,3.292348474538022,3.2923484751477394,3.292348476270303,3.292348478383545,3.2923484694451166,0.0,222.57450833772356,3.5171583038669034e-08,18.50538834739064
155.53510882112633,147.84828794226044,30.017018479489174,0.0,3.241194850956946,3.23165631848443,3.3268336180198492,3.641406334292412,2.9445063626168992,1.0,208.19004396868786,9.921817635008818,19.717289424754473
179.7108418535262,189.75755662120102,21.49630788666046,0.0,3.7731919277534116,3.7619750215619865,3.8738994538253735,4.243823511822676,3.4242989586092576,1.0,177.58804591837443,14.448537794178812,23.90450667292749
168.77392038007454,178.4004528315676,29.178327540761924,0.0,3.465085601993164,3.461694268639775,3.4955336416180898,3.60737694375497,3.3596008647730833,1.0,199.3338707378153,5.634974490004962,19.77131390490124
173.01054262996328,184.9096818089122,28.44742402951973,4.5397500107927575,3.482837648376293,3.469818969776146,3.5997218313998736,4.029066815343674,3.077901977437583,1.0,195.69066817031862,12.75001887105641,19.943317684399265
187.52968931266577,188.83622900332628,33.70482539811907,4.686998392412791,3.5645374021043534,3.563592080730568,3.5730246791613016,3.604200580459395,3.535133926636249,1.0,182.82810951295477,9.862337830553198,19.914286417264307
184.2860847841475,184.90701154453447,28.622251799187787,9.928243260322665,3.479139270177378,3.4758974291967712,3.508245147237783,3.6151583459476444,3.378304345759156,1.0,190.09363283247018,8.259544661509757,18.989753000011234
196.7961679648704,198.62652543450244,44.28497667270773,19.286630873634984,3.5247158331225457,3.517255116785736,3.5916995786902417,3.8377477119444046,3.2926561369542124,1.0,197.33142284769372,1.8526311162319615,19.855891718843946
196.93630672582586,207.93194428822605,32.62366626305494,13.7683507232416,3.388820663915006,3.3742597779297325,3.5195510724541332,3.999756726892093,2.935915878946413,1.0,186.48363084838124,9.716302634681135,21.58410948211255
212.68095529954525,224.1368186501189,37.14102595778486,15.539751235233487,3.8180227904016886,3.8023156988183886,3.9590440509137426,4.47705059261378,3.3294661915815835,1.0,171.14957420217883,9.773693506975215,23.020486919941998
201.51846888585465,196.06145679344831,37.669562746966164,18.03310804839296,3.5707037519323324,3.5477307277776724,3.776959940759971,4.534590773350032,2.856146091049835,1.0,191.68952292222752,9.65814768050256e-09,22.438832524023063
192.96222707637276,194.80053949372802,33.28383569889637,15.36324452392567,3.4008340539438002,3.3888647429708363,3.5082968082200887,3.903034520018113,3.028538149574718,1.0,192.88426593753326,8.643602864872939,20.755590063337028
213.29452785920284,208.4658032054756,33.90209605945117,15.432686858479073,3.7494295876678354,3.73254949934755,3.9009822594212404,4.457673313481003,3.2243877794232123,1.0,168.91084597057935,11.128148214825467,22.912944646629548
207.6331578666424,198.72054507068472,34.562619991730074,6.437430983986187,3.6946415537319255,3.680168205615485,3.8245860326502843,4.301904770781445,3.24445955718108,1.0,170.1646682681498,5.106105141552451,23.151875473103964
182.14341716445873,178.99313903305085,30.244781491120854,4.773016016934443,3.6320454969042943,3.632045497324411,3.632045497211652,3.6320454972862293,3.6320454961793427,0.0,181.0606354473639,7.55219015724914,21.969614039710166
198.74669795845904,196.6412331711993,22.80902636490243,1.1578574318149707e-15,3.693597824319923,3.688832086172162,3.7363855356575812,3.8935555533067894,3.545363306036779,1.0,160.21624337344076,14.545027820884632,22.45686061288715
181.20603867884148,170.8750670726385,33.79153373901378,0.0,3.521688384166052,3.506627443780486,3.6569083763865087,4.153605399759553,3.053229804751355,1.0,187.70244505274485,5.930443713916319,20.624752072583487
175.2382381659132,183.18009595090612,34.64613622237695,0.0,3.542675462710153,3.5191299522950628,3.7540715404489475,4.530582477126727,2.8103110781775316,1.0,199.7617618340868,1.759791006582804,22.786514626195732
152.81687963159555,159.1049279436596,27.01786590041016,0.0,3.4255240821761204,3.4255240824550213,3.4255240827088427,3.4255240831628186,3.425524080784978,0.0,214.35150998165352,3.0367366380417406e-08,19.973975707479198
174.63738924580818,166.00944472452835,22.727243210025456,0.0,3.6467421769459003,3.6467421775479765,3.6467421772033872,3.6467421769995587,3.6467421765896715,0.0,182.15862928436653,0.6333101059490611,22.164415325069616
131.89151788317903,131.87613271581301,34.81665891778615,0.0,3.351952763010329,3.351952762543325,3.3519527692720805,3.3519527900782977,3.3519527419908406,0.0,237.1262569457506,3.00159643817788e-08,19.07727317905108
142.22896466659367,143.49117226583152,31.08844493614308,0.0,3.3480847345109637,3.3480847349028613,3.3480847374565297,3.348084744968963,3.348084725192148,0.0,221.22419395503033,7.705957157059387,19.307234256950323
134.6220486061337,134.04655688085725,20.668634859306025,0.0,3.2971719276555236,3.297171927752463,3.297171927721871,3.2971719277041256,3.297171927548788,0.0,220.4070012556394,5.603562725489042e-09,19.40831400110565
127.8397973277269,121.42293309151638,23.522887982288545,0.0,3.127812149821236,3.127812150025649,3.1278121502023337,3.1278121503163816,3.127812148821348,0.0,230.5680602659584,7.09798577797211,17.6662545069428
144.17390119855406,146.3712059910007,41.73147729389384,0.0,3.277487394771664,3.272246998404607,3.3245366735265707,3.497360499922655,3.114489025285822,1.0,229.29519783153347,1.0394762393691358e-08,19.175102140270862
140.73539475992692,146.31453778379364,34.15419915895649,0.0,3.215203921994505,3.2050015967461674,3.306802341541058,3.6432663632920437,2.897868705276825,1.0,231.43048339677483,3.4942763938131135e-09,19.34299404351007
154.39947405035167,149.7136920550292,24.09159418668712,0.0,3.516292368716535,3.5162923638807517,3.5162924167216274,3.5162925902778692,3.5162922031184034,1.0,204.5749601002275,14.710337008073115,20.982963740557366
183.30398922664799,182.19253043496605,12.524624093487878,0.0,3.8827977964970084,3.882797797231449,3.8827977968287564,3.8827977966763996,3.8827977960494833,0.0,165.5989703837966,13.333295860357493,23.07615702940961
175.9563768363281,173.59840761416464,28.522850106667864,3.1083821364166306,3.504663167092151,3.504663167674957,3.5046631676511306,3.5046631684855707,3.5046631655347875,0.0,189.38118129804806,6.44119333186329,19.842259507697726
182.06639923597078,188.56889229747145,9.85251202967846,7.657614234743274,3.690001169569718,3.690001170188208,3.690001169760832,3.6900011697949133,3.690001169485545,0.0,171.24503273946425,10.715491323082327,21.5098051945946
190.6804614325357,189.67163278449445,27.469563643065428,5.483111832442909,3.6111445920794165,3.6077930887920076,3.641235033791208,3.7517647898630475,3.5068987234236233,1.0,180.60188421499714,6.541116270104682,22.13045761037355
193.42424171693162,201.94181734409034,21.720224591962598,12.710151840479712,3.733926451593237,3.733926452103108,3.7339264519981357,3.7339264523148925,3.733926450530648,0.0,175.714684331307,12.765086217347413,22.964474066149837
199.52811850907983,190.6808009492606,17.58339521539222,16.89339804080967,3.735554354640695,3.729941611275531,3.785946640001177,3.9710501703040455,3.560974412670224,1.0,174.50821889573064,18.286480956705624,21.61758384502934
226.75145392286072,224.98167419666018,19.150471457172745,20.045120003730723,3.939098330586308,3.931750422760034,3.9312882632629624,3.9682541334959938,3.5835843887698102,1.0,150.03679337362973,21.848229473980656,20.209877293464736
206.55690793690587,208.54747180279784,27.745801564399848,18.982465261880886,3.6380443765072075,3.6380443771438906,3.6380443787230323,3.6380443754067464,3.638044373481316,0.0,172.13062450232562,15.08104288823835,20.714555062369662
198.23986478583492,203.1761238617034,25.99388324464248,12.425030865715033,3.580130510805655,3.578693603623444,3.59303134970005,3.6404193682112544,3.5354366136845874,1.0,175.89827456943158,14.605451569402744,20.36058521699122
211.2776984178015,215.18591846543632,20.399659090985654,12.32248776933602,3.9441439554305235,3.9435694092399003,3.949302346246449,3.968250411908339,3.926273133507152,1.0,157.42051383134802,20.081130016045908,24.095561652582386
200.78592958816552,206.354300080151,16.750478559567096,9.334780213673369,3.8038234579862173,3.8038234587105553,3.8038234583949393,3.80382345880347,3.803823456974178,0.0,160.9911170950421,17.477681686210737,22.568684668306695
194.0083788119102,216.6815557736801,34.246980095395735,1.8115475357380846,3.7757284192289426,3.7672088523336127,3.852218723999562,4.133186825885475,3.510734035058046,1.0,174.73996401755116,10.44058757698904,23.012040332064405
216.31768155033058,228.27879421244614,35.785675949602926,1.94924007060064e-15,3.8709800292577143,3.8546353751814597,4.017725469259701,4.556758335423407,3.3625924911673373,1.0,151.79987371567483,10.565272459215917,23.44394385030712
176.17202992471238,179.99659385143863,29.282938769882072,0.0,3.4952806805125296,3.493466401500584,3.511569626568699,3.5714030181577594,3.4388489625743928,1.0,190.46735712374942,5.7384291195244845,20.137112274013642
168.30803497231062,160.3742518749331,31.504645934646472,0.0,3.5271253527790414,3.5271253529626354,3.527125352945157,3.527125352867407,3.52712535245431,0.0,197.13016509529695,3.58583814640159e-08,19.49117952324266
157.89154556195015,150.3554115794713,38.25645779102209,0.0,3.459448213957144,3.4572432057269875,3.4792451995496583,3.551964503329017,3.3908631802682123,1.0,210.15630731753487,3.835030219233674,20.63091112298633
160.5047001583568,165.6887146708267,26.273818005260484,0.0,3.6650216139752336,3.6650216143711396,3.6650216143432073,3.6650216141670633,3.6650216133041162,0.0,201.94154599693914,1.8342113968673917,20.53133623933775
134.57970736379033,131.89278170731293,38.927521434751355,0.0,3.1963317830256806,3.194367680060304,3.2139658740208272,3.2787403228859255,3.1352399202382006,1.0,232.7310381785398,1.4935612737162085,18.208252221282663
151.16974920477338,159.6202667434514,36.51494125817941,0.0,3.274920032380351,3.2685169226027613,3.332408372921675,3.5435774991258895,3.0757563885443084,1.0,218.1145697683026,3.910869234592771,17.850116666589287
144.46846561882325,145.1951511603705,26.50819600832964,0.0,3.359421034412192,3.3594210346837827,3.3594210359681655,3.3594210394541086,3.3594210296754223,0.0,217.5370369341374,7.493537881439008,19.200937200317192
136.38201965693582,137.11915429689083,18.405125689727022,0.0,3.403520795113422,3.401254826287083,3.4238650976907867,3.4985948329149683,3.333039626868053,1.0,217.22945405435428,16.7959234723898,19.06224714182422
141.19942687877355,139.9443749970571,17.6342562134634,0.0,3.3428738704838317,3.342873870601191,3.342873870543188,3.342873870507147,3.3428738704281575,0.0,210.57887633356506,6.586653197410412e-09,19.329432360004397
152.3530412354494,154.0701717224079,19.655496192489196,0.0,3.2484510455950537,3.2484510459019855,3.248451046359246,3.2484510472839583,3.248451043423904,0.0,202.5020793503901,15.597348912465634,18.81513554498886
156.17579588375747,151.9355111211729,12.396989283839071,0.0,3.4813183045946534,3.4744330572679214,3.543135369889042,3.770204989594812,3.267158148975401,1.0,191.99892178452345,22.85685499999253,20.974415597823853
172.22985056587055,170.9579541285189,10.81656071773111,0.0,3.696093489646098,3.696093491800196,3.696093489966992,3.6960934904030154,3.6960934901877365,0.0,172.66214714464178,4.4892097607161263e-07,21.370402062790234
188.1337128777783,176.4370617607887,18.366758385386028,3.752179918687725,3.7833074401826923,3.7708527322094945,3.8951281877418604,4.305873901770544,3.395913626112726,1.0,168.08007380897158,24.97758149773616,22.441772864641088
197.94375228939558,197.3597346006112,16.129606528226958,10.49457517228764,3.818285540371283,3.8182855416470205,3.8182855405611678,3.8182855403854137,3.818285540305498,0.0,159.99025885321012,5.9559306592184935,23.439847735936993
199.72469534742714,203.4932892956089,13.00389958177568,12.337723466116053,3.4969073830834985,3.4956284058841702,3.5083902975992323,3.5505699258011743,3.4571257679056244,1.0,159.548715608581,29.484521850125667,20.944252311368448
191.88491260582157,197.69346263951755,25.486907161123835,9.467503117930045,3.802231191309845,3.8022311919505567,3.8022311920389007,3.8022311914366367,3.8022311899482544,0.0,179.77075233706117,9.264792640619259,21.557595995979703
207.50129413394308,204.6894187227037,45.27151410740019,18.77539196526795,3.6800045637096868,3.6729467428471185,3.7433710271102143,3.9761319758501488,3.460476645229587,1.0,184.60676387767003,0.28926323433421297,22.193138081050197
215.13068287279336,211.30117966368778,14.984371302549038,20.166733617797213,3.9287951857138945,3.9287167776675953,3.9239744503851544,3.911183114815726,3.916847827930115,0.0,153.85225497225258,15.396267649631302,23.232174887853034
199.39271588643467,206.16068640608157,17.08157793879276,17.698709134295104,3.5921677128805247,3.5891957149598124,3.6280650527766443,3.6667561535250557,3.515581913844346,1.0,169.78956150235857,22.865940811580433,21.41551345756267
215.87299922255048,215.33321780986168,20.127894954526518,13.839370764329692,3.6066494052426905,3.597290943546091,3.6906714649437005,3.9993056098519157,3.315561866815539,1.0,153.5198781882291,23.14831684543776,20.997578743324617
210.00336593053746,211.22766829343178,8.269974876454622,12.379564577924146,3.819203544460285,3.8192035471976955,3.8192035446091164,3.8192035447948496,3.819203544639032,0.0,147.14667133672918,12.626465244423251,21.54301588360894
215.61439360082426,227.07261102905738,28.758500387138355,8.847826873138956,3.9010352391505627,3.896598164962862,3.940872150611065,4.087203137218813,3.7630235258260973,1.0,158.9619865471611,10.73399506446966,24.28399001922113
202.20915847546993,188.28857813462844,19.408436255729555,5.981392956887332,3.653240832236504,3.6342933442408656,3.823354999888464,4.448227098864684,3.063894242543867,1.0,164.11569404317186,15.601455031970612,24.025162561133232
198.27069304188177,206.77547388859676,13.35389362316904,2.6420409878719357e-15,3.823312412930926,3.821452052231215,3.8400150936013704,3.9013682299510695,3.765447348621125,1.0,152.10181920651962,24.835629256843678,21.57990550280397
169.17454462914637,159.77965473960984,18.68334359317072,0.0,3.6874618979847607,3.6874618984455934,3.6874618981684817,3.687461898006958,3.6874618979106883,0.0,182.9112824410356,0.009811984553882111,22.165128205396503
161.83968804827285,163.62693998422543,0.7209005975534445,0.0,3.590632061537105,3.590632061864856,3.590632061958175,3.590632062457484,3.5906320603028035,0.0,173.807477074343,32.00471392605136,20.913048959659918
155.70361164327986,160.82367691090263,24.707778100297755,0.0,3.725189867946343,3.725189868307516,3.7251898684557694,3.7251898687947094,3.7251898668343246,0.0,205.1556918950639,4.845598340548881,22.91110192310662
149.44083916443876,144.8017333523339,23.215946260493382,0.0,3.4144774230613653,3.4144774232489015,3.414477423231657,3.4144774232054145,3.4144774227592256,0.0,212.5868300075035,1.0208533477219827e-07,19.457085834455494
147.07962222856088,146.38815755923642,37.7642245892817,0.0,3.1848631969814365,3.1728053271865027,3.29312104904565,3.690779354600929,2.8098127417302976,1.0,225.1727813125485,1.6148845250804565e-07,18.07176129408799
133.90608342530834,142.4041208494663,3.737340780526977,0.0,3.5833956780772165,3.58339567884365,3.583395678415933,3.5833956784582846,3.5833956783671614,0.0,204.99966020979826,2.727954621346155e-07,20.87513677641197
141.2811683027516,142.77531780015948,0.4973036325528164,0.0,3.453961060368749,3.453961060643836,3.453961060830145,3.4539610610877594,3.4539610592741856,0.0,194.22079577686173,30.483838575941263,20.68352110853993
143.63786723870507,147.88751668143018,10.169492055221973,0.0,3.45390551604869,3.4539055162718784,3.4539055167092427,3.453905517727568,3.453905514154568,0.0,202.15724890399383,21.417116994771128,19.722991600029474
131.78651697937585,132.8676262168764,12.11468285136666,0.0,3.2340460534159137,3.234046054184292,3.2340460538287075,3.234046054009154,3.234046053420434,0.0,215.19494619878634,0.330788840491083,17.464700185069173
140.64773445223375,137.9120546415996,14.957812981859092,0.0,3.502386289543919,3.5023862898948654,3.502386289757731,3.502386289775547,3.5023862893413864,0.0,209.0619223614213,4.8089635243683055,19.63601541497508
165.02898271798352,165.36984770337023,7.337415295468559,0.0,3.393290941177744,3.3907391079542166,3.4162017889555854,3.5003590907598436,3.3139181873267445,1.0,176.89727082397076,30.015516424259935,19.97443403253583
164.26972904049268,170.59232567313842,12.296136951091821,0.0,3.556805367143103,3.5568053676180886,3.556805367259685,3.556805367335485,3.556805367123928,0.0,183.74264225867552,2.168451489288907,20.635670418050584
172.8669894230081,172.86986253992978,16.57481466388134,4.2720837651274275,3.598939898752335,3.5989398992149715,3.598939898947752,3.5989398988348595,3.5989398986000625,0.0,181.59317092819867,1.002313066307165,20.075719562104933
168.10092191231365,165.05752641944102,16.08392851336241,11.285695954813567,3.498191689987573,3.498191690314834,3.4981916905277752,3.4981916906545116,3.4981916890235656,0.0,194.54037544517996,13.777420512104621,20.55688953377712
205.42519139539152,204.57481550125624,18.024845119411005,7.1578622374212095,3.8817345760439768,3.8730509721927304,3.959697632980019,4.2460755376313255,3.6116379564067853,1.0,155.07642032720494,23.494152143084985,24.156003673641262
195.44213429019746,204.73868566463392,9.88292783842866,18.454508406529563,3.63075669475713,3.6307566952315615,3.6307566957735187,3.6307566977813353,3.630756691503894,0.0,168.39560272439434,28.225974061146296,20.174129728118913
205.0238304790612,213.97461207313384,5.474515481264117,20.291484951432516,3.5954710022898304,3.595471002590257,3.595471006689239,3.5954710208290885,3.5954709799523017,0.0,153.79464727586299,38.85025553600291,21.72857393926234
217.90787277301612,210.27149901279248,0.0,22.183684772389498,3.845984637141728,3.8405973857467575,3.8943524140277814,4.072019416987417,3.67841843565404,1.0,139.1565903216458,41.03111531426597,23.06972248553086
215.9007257813233,202.45947504202775,23.436264359764856,8.891237041452221,3.701366430331808,3.685463735458468,3.849209630799354,4.3410524490344855,3.2154429720152904,1.0,150.13258302904475,19.6705749528527,23.874150129018233
206.4764870649738,200.28028473978958,5.947200752474239,18.8533359100296,3.7802754759011883,3.7797016337865244,3.779965884306055,3.7402975205541655,3.7530280797175686,0.0,155.91832123888977,28.252017774068495,22.405432608002123
208.15684434099057,212.17887814281343,6.49574226813651,8.814550870474035,3.7568722787015396,3.7568722793852576,3.756872279366108,3.756872279849468,3.756872276843645,0.0,142.37443926376872,33.24081755220914,22.674198957433074
188.08260567463836,196.5414952406094,6.997768739362105,5.9857066411216735,3.8478560290726653,3.8478560298337396,3.8478560293041983,3.8478560294148587,3.847856028936265,0.0,160.09517211553725,15.203924572180835,21.990126855658033
202.49706823478743,196.80857773879868,9.936292785118043,5.191449705342548,3.80188865331719,3.7974882017978215,3.8413967508436184,3.9865199233354236,3.6650160883273735,1.0,147.31454929810116,27.78702631128096,23.631560392041575
188.98623876573694,185.83322621654972,15.275417343266815,2.3398994349153337e-15,3.890033695346677,3.890033696216499,3.8900336956472468,3.8900336955415553,3.8900336949975185,0.0,162.655477101986,9.796833421047706,22.295086490825476
167.31549802112082,167.83759764075285,18.185258201567727,0.0,3.701039280634288,3.7010392809296717,3.701039281444567,3.70103928031697,3.701039279585929,0.0,185.84576837291706,12.560461975793993,20.948638721126596
181.67394864038556,175.0935039582238,17.89727193494854,0.0,3.5757182417653213,3.5662646676087673,3.660594236144425,3.972365099010594,3.281672316286942,1.0,170.87558219819493,23.4986773720164,21.980009925131768
152.2920016631172,151.07350371966368,9.502740253846971,0.0,3.5963667556079106,3.5963667560436985,3.5963667557030528,3.5963667558199237,3.5963667556440164,0.0,191.7426602308892,2.2564902357798724,20.019871925667097
138.91861771157645,133.64167722443548,23.527577481281252,0.0,3.359277689620186,3.3485808895495692,3.4553156027770338,3.8080869974203284,3.026562212175266,1.0,218.02425660589364,11.615827577652443,20.961362982690503
155.38922858484003,154.99330351988652,25.576615753001402,0.0,3.5473021374369496,3.547302137830764,3.547302137923438,3.54730213818973,3.54730213627419,0.0,200.81649661654333,10.500255823894136,20.611559299592408
142.47051774153277,138.77357170903315,7.681304938312866,0.0,3.5718685758355497,3.5718685761610742,3.571868576334212,3.5718685766653158,3.5718685746809506,0.0,199.92653653758597,22.13048374718361,20.779364954680048
132.62342419966868,139.18196320506075,0.0,0.0,3.301787632731078,3.301787632994323,3.301787633007561,3.301787633004251,3.301787632427536,0.0,202.37657580033112,20.384800470625894,19.095412799344906
164.384759342197,167.7116258697345,23.712834918977524,0.0,3.551140196517379,3.549475853420927,3.566082993077829,3.6209716370679508,3.4993721038114853,1.0,193.2521143131049,14.44709969422753,21.249221555960236
141.4281848041944,138.91674389588457,6.459214747548253,0.0,3.4014174563633754,3.4014174569986477,3.4014174565650133,3.401417456673798,3.401417456549603,0.0,200.77251634470042,0.06724901257415297,19.62480466890782
146.67133882806706,145.51752454625094,5.1988098145428685,0.0,3.576757109717656,3.576757110806862,3.5767571099334314,3.5767571102795808,3.5767571100832805,0.0,194.27601483750638,4.5279665556470106e-07,20.8871849392604
164.52264592216974,166.81318724317208,6.918511153820264,0.0,3.688181884784614,3.688181885201964,3.6881818852752133,3.6881818856354185,3.6881818835450777,0.0,177.63256323529475,26.187829946016244,21.811666448261796
171.79319360618018,178.3337191703047,10.578572691187253,0.0,3.4521532471122924,3.4504833547306215,3.4671458631832426,3.5222175091903836,3.4002125576916153,1.0,173.92622526585595,29.059604796057226,19.473017686287854
181.23042503832812,186.7838353395296,0.3713753904333193,4.113079563889791,3.564730628207043,3.56473062862404,3.564730628520802,3.564730628498441,3.5647306274240464,0.0,158.53420784594925,30.93554422931148,19.728984205196763
182.43121872260616,196.7341543530851,11.830880625234585,7.166164178446259,3.5905174293439797,3.5860051225619376,3.6310297823556437,3.779841837768877,3.4501657032674506,1.0,172.1548182941363,28.025373346943518,19.967271116534853
192.715391450874,191.43762366695915,0.0,14.890803132285093,3.5967951066226167,3.5967951070485302,3.5967951078885028,3.5967951106243783,3.596795102677989,0.0,158.3558654759439,39.41637170932859,19.93844110130698
205.38464713271162,203.04433377792193,9.428735938725154,17.01279235041498,3.7814774831182496,3.7814774839002268,3.781477483331756,3.781477483104149,3.781477482574744,0.0,156.01421186578372,17.491263926301638,22.039709944826285
216.24046734098988,220.10145711448007,5.40557471554481,14.477721574078249,3.9273330623086293,3.927333064383898,3.927333062840852,3.927333061912671,3.9273330619958866,0.0,140.94984884061267,14.339920003548537,23.98511849222102
213.98655880711334,219.46608894893058,6.052777161968538,19.273355317817966,3.9889100761094283,3.988910077245418,3.988910076419001,3.9889100761823566,3.9889100757782767,0.0,145.15934769836963,17.571733908377237,23.433929754034143
200.49544420272227,202.6250217907401,13.514727281995123,16.760593999639475,3.557905195454602,3.5579051971982825,3.5579051957350107,3.557905195393054,3.5579051950617586,0.0,165.92247820709446,14.141577200525946,20.0759521764427
205.73816455425668,199.56340119301387,0.0,12.731374216662676,3.894720289176371,3.8947202903313642,3.8947202894302113,3.894720289511923,3.8947202890510977,0.0,141.06783028781314,24.513463073211035,22.27121039853172
201.19978516331923,214.57458172451018,7.270158261751279,12.70088633300449,3.96661958076172,3.966619582066949,3.9666195810436675,3.966619581043845,3.966619580634066,0.0,153.2354136773987,16.013212590339602,23.084890679825225
200.6863174302984,202.79546440182696,18.77819434689755,9.70116687800448,3.7992025322732257,3.799202532802202,3.7992025327690904,3.7992025332701154,3.799202530608813,0.0,163.3704810673098,20.9056096177464,23.270010121442063
196.88599204499974,194.76698971196433,17.867430357383018,3.1509003554171553,3.9255142248365202,3.922282890793263,3.9545257648079293,4.061092442715886,3.825006123037129,1.0,158.56259255615413,20.02122755556459,23.38396726877158
189.81306676115943,185.63386239548822,6.985018570890102,1.029810662068851e-15,3.898167585464141,3.898167586030267,3.898167585890261,3.8981675862343854,3.89816758447859,0.0,151.7077454467189,26.334866093753373,23.672905939465508
185.53451846152862,186.16551881951142,6.210022201071086,0.0,3.797612996416098,3.79761299830024,3.7976129967940357,3.7976129964833465,3.79761299638688,0.0,155.77244674928136,12.408713297170994,21.39242710056605
172.9268165890793,173.88271213167764,0.0,0.0,3.6803126561801793,3.680312656866056,3.680312656344778,3.680312656458623,3.6803126561993817,0.0,162.0731834109206,14.166320927283818,22.00218817893275
155.4161716270294,153.3563646825984,11.109889068665016,0.0,3.4825414037118363,3.4825414039196794,3.4825414038142037,3.4825414038318288,3.4825414037228164,0.0,191.5706697702949,0.00022905515656972226,20.778887609265805
154.13206448124893,159.00416894952082,13.532118232310353,0.0,3.5681585670778055,3.5681585673682927,3.568158567428808,3.5681585676457406,3.568158566092785,0.0,194.11457753901246,18.347496682781486,21.248210575202936
132.12966055866696,134.25690478719858,1.013936890436047,0.0,3.3786971925555407,3.378697192662646,3.378697192710643,3.37869719264726,3.3786971922893003,0.0,203.8507084612454,24.90539045609016,18.60767812441378
145.85852867799983,141.36372762290665,6.700274953595376,0.0,3.4915483732793677,3.4915483736761526,3.4915483734934587,3.4915483735857733,3.491548373214313,0.0,196.17537706242388,7.626427504824333,18.899929085410662
137.62096624212566,139.4576873932526,0.0,0.0,3.3575665723692123,3.3575665726578707,3.3575665725641928,3.3575665725713226,3.357566572055702,0.0,197.3790337578742,20.70691757016104,18.622726208210317
141.85711814691598,148.010716708388,0.16240743366907176,0.0,3.5370401749742273,3.5370401762170722,3.537040175284856,3.5370401757036727,3.5370401756684986,0.0,193.31117529324035,1.0108622644611387e-07,20.43997882865927
141.19068128173794,139.98481609829858,14.66707630389218,0.0,3.4688063580942794,3.468806358222208,3.468806358153893,3.4688063581558897,3.46880635806854,0.0,209.53246876677667,7.62176961755976e-09,19.325821048970905
155.42592954780716,153.05159333328223,0.0,0.0,3.3982612878297482,3.3982612881609673,3.398261288256305,3.3982612885426606,3.3982612867931348,0.0,179.5740704521928,31.377311743932406,19.714956146190467
160.85397201468945,155.37397680274313,0.0,0.0,3.7222657744891468,3.722265775198021,3.7222657745302725,3.722265774728894,3.7222657747166994,0.0,174.1460279853104,6.059241840876122,20.84290419843535
173.77569829072985,173.39107380944887,5.390126036003244,0.0,3.803098813675736,3.803098814817097,3.8030988137957906,3.8030988140297963,3.8030988138532513,0.0,166.38774400623774,9.385917864847253,21.444629504311894
175.53515035537026,166.80570808852715,10.573429593888024,5.597218944308081,3.754020044965839,3.7540200455084634,3.754020045071722,3.7540200450248364,3.7540200449205217,0.0,176.30230910210034,3.413628017789659,22.40458028251146
184.47161589942266,192.34219536540178,2.4906525251199,7.436088865243929,3.643575674111869,3.636439574700647,3.7076449378300604,3.942987448627467,3.4216129616931865,1.0,160.23341212142543,35.10376877353834,21.42077630789831
181.2205707062289,190.89285985349414,2.468425788653449,12.585590746648148,3.7595910371115826,3.759591037577881,3.75959103740985,3.7595910372561114,3.759591036800466,0.0,168.81058696378594,19.30419522917135,21.5814755887347
193.93534962518967,196.60580383113307,3.9744392720492407,13.801668345859136,3.7111799039286884,3.7111799044310563,3.7111799042782008,3.711179903755591,3.711179903305797,0.0,157.9000650188781,25.867652207214764,22.545237165919133
214.32147224014318,219.95759675151234,9.414581910665097,7.960810956795552,3.7605726244406608,3.7605726255707683,3.760572626154734,3.7605726242380872,3.760572622140247,0.0,137.2717921110657,28.329285290048485,21.773431120607523
197.49665693657235,195.6672249617106,7.32870571595413,14.634258727835324,3.73108433776356,3.731084338684543,3.731084338225929,3.7310843380918586,3.731084336715851,0.0,159.95629056911673,26.453912340868307,22.058569855665358
197.67323866562666,187.9784055449048,12.572181103577394,20.900053274619676,3.8241643311772786,3.8241643327733463,3.8241643313961458,3.8241643313734155,3.8241643312359104,0.0,169.3617631296426,5.241660928290815,22.1336277134596
197.63419336696026,197.81510024576014,0.0,13.298348080032074,3.682525086433553,3.682525087062234,3.6825250870557675,3.6825250860154664,3.682525085719509,0.0,150.6019669298816,26.43044939491978,20.503579007616178
198.25992875569457,199.86499533575653,9.40472552360145,7.171390386206968,3.6083081448235017,3.6008135116054056,3.675596393653954,3.922763045658528,3.375193522224309,1.0,152.319182094163,33.25204981091553,21.76561391147531
195.5994487027415,190.7209055696558,5.278878804702761,4.473652364970145,3.6796849727985426,3.6796849735251924,3.6796849738060757,3.679684972956214,3.679684971327715,0.0,148.7943374504797,28.4509980294433,21.598516310818898
199.59812449206464,200.31271701828757,8.153116438029208,2.7752225751480837,3.8510375486204307,3.8508294397675917,3.852905996254561,3.859769269373508,3.844564466858397,1.0,146.63970997951265,34.980384281285296,22.30893869158502
178.75715049278838,175.73101403008656,0.7635824435551345,2.2831922557108827e-15,3.5028369970108004,3.499607198728821,3.531834744181509,3.6383507580705157,3.4023766790460908,1.0,156.96280957419896,36.28399358958376,20.299432256670414
164.1237103057564,161.03440201451508,4.493689509085752,0.0,3.553347899461068,3.5533478997603516,3.553347900429285,3.553347902310954,3.5533478963926797,0.0,175.19106987663938,33.427695754139904,20.755970552115677
158.17251484170808,163.21668080136322,0.0,0.0,3.5640815076367756,3.5640815080594637,3.5640815079144907,3.5640815078576344,3.564081507270061,0.0,176.82748515829178,23.96717103644906,20.57819691794433
166.4125680348097,171.13953196829914,0.7730163896608289,0.0,3.5574501835687617,3.5565470869777944,3.5655583635279497,3.595341743699499,3.529360059466852,1.0,169.43820419458473,36.644791833939465,20.124247802115704
143.35656495971512,135.82571285436137,4.564496452585602,0.0,3.6144044252385537,3.61440442566095,3.6144044253533165,3.6144044253734116,3.6144044252339462,0.0,197.05688562260778,6.9017162377066015,20.004516510004336
145.42663073007793,138.78613429063196,0.0,0.0,3.810234888438674,3.8102348887994997,3.81023488864936,3.81023488860211,3.810234888305449,0.0,189.57336926992187,14.566123106232409,22.18357552144707
139.6690020432449,138.53211441872563,0.8597891676542769,0.0,3.62624053906751,3.6262405399188817,3.62624053906899,3.6262405395707327,3.626240539706269,0.0,196.19789469486255,1.5312978934546021e-07,20.351851975603058
132.89925068342797,131.99317875303765,4.900562508592352,0.0,3.6421098009778263,3.6421098012878907,3.64210980115526,3.6421098011751747,3.642109801029654,0.0,206.9339498126513,4.723667296970667,21.314443263863083
148.77334007638078,146.85250750045705,7.040856343180187,0.0,3.5572966263311643,3.5547018965470607,3.5805926068693386,3.6661645982495834,3.476589611566617,1.0,193.72232275301528,29.5266852710135,20.714379441161025
154.93883030687869,158.87334654616743,10.78678412592915,0.0,3.506098641860517,3.506098642117678,3.5060986450396077,3.5060986537315695,3.506098631675066,0.0,191.19365967697993,23.99992254239929,20.102560315275284
136.6849285159896,135.83191967303182,11.638488448320533,0.0,3.539063933141161,3.539063933928316,3.5390639335323,3.539063933224761,3.539063933018735,0.0,208.76855186484778,1.7633218022408594e-07,20.661531439488446
159.33921917106494,156.16279196354603,13.012127349088848,0.0,3.5445123147911617,3.5445123152078475,3.5445123151168914,3.5445123152306137,3.5445123142620014,0.0,188.15499646973115,13.264090223878606,19.748830026125212
177.8099349916559,177.15567405410604,11.732381371132583,0.0,3.703532067188511,3.703532067719173,3.7035320673723517,3.703532067412279,3.7035320669449443,0.0,167.2397580107569,10.516608077335574,20.999069985672566
183.3748320289664,185.172541541564,9.692336073351326,3.404406091005128,3.5522109437527005,3.5447884384012456,3.6188516158177624,3.863639556116407,3.321339797922205,1.0,164.84277560779458,27.791903465861196,21.535625039916106
177.7775538340541,182.56839451715237,12.626499528638291,8.756806198974706,3.736110878282366,3.7361108790671067,3.7361108785614876,3.736110878513784,3.7361108781926693,0.0,179.1052959425435,7.999816821620907,22.33415013778908
182.3107739672694,184.5011930773786,2.520263718128006,15.466892525123379,3.865932973716351,3.8659329743585227,3.8659329739323005,3.8659329737510717,3.865932973732703,0.0,170.37828402955256,8.706305203347851,23.039198779117655
201.36576874988032,207.12804696848903,9.528860675114537,10.300752866673667,3.8070337079103482,3.806317206478537,3.8134666048276675,3.8370962466125964,3.7847474654748834,1.0,153.89204227842492,31.01987243276091,22.16367097777607
198.74148120710763,204.2155176235348,9.420499709777424,10.850535429688971,3.6663248597931943,3.6653332429815135,3.67522780029706,3.7079305363493598,3.635481352946212,1.0,156.57971230020175,30.302106245018397,22.236473540115703
211.02910268213927,204.49885997248091,0.0,15.99070422377698,3.736497781466531,3.7312021393038064,3.7840430704343557,3.9586888685416413,3.571781020972996,1.0,141.25040508502323,42.069990535740864,22.98033160331262
205.96477698640837,212.30675378339197,0.0,9.35524126284232,3.820231888356892,3.820231888653299,3.820231893908574,3.8202319105405156,3.8202318704504528,0.0,139.10871049398796,40.1920528280091,22.41463194238595
220.94543091413288,221.1297619501554,4.018170088077238,9.405223638956812,3.729057448160715,3.7290574484969614,3.72905745074766,3.7290574460876873,3.729057446175097,0.0,130.22422322509527,34.10079970694147,22.360063786666174
215.52095135325393,223.5795866423648,1.361787727783842,8.617169444275008,3.812594669347101,3.8125946700870186,3.8125946702001374,3.8125946695320114,3.8125946678378244,0.0,130.15816513550675,34.815958029490254,21.521142117482196
197.18005608644972,193.1067833755429,13.706596567607466,10.9245380872353,3.7194622781643205,3.719462278570906,3.7194622838643094,3.719462274865503,3.719462272989875,0.0,162.43015140650414,23.906760100803854,21.527281737933148
184.91993365221543,180.33263173487057,4.672039718038764,5.0195467234440985,3.7541580279506515,3.754158028854958,3.754158028192739,3.754158027957496,3.7541580278073194,0.0,160.02379249922416,15.379887358313663,21.804500812711336
183.50236501831017,180.62086179340054,0.0,1.796229758495892e-15,3.717245079857861,3.706320246293542,3.8153303222542485,4.17562207379719,3.3774367975954966,1.0,151.49763498168977,35.98632075950854,21.99340841345594
170.6115616908948,166.86256977873677,7.418239583313544,0.0,3.546481780733677,3.5427375554382445,3.5800981513519883,3.703579530312628,3.4300206201458097,1.0,171.77417284664446,32.0387545824079,19.96671686247084
151.3249183294149,158.04268415986934,14.700409478445566,0.0,3.3537348760850607,3.3524714637629893,3.3650780362063673,3.40674431038111,3.314437428703051,1.0,200.71137830256083,22.037701097273185,19.263484607130945
171.1542291230296,173.0574678463236,4.498156421075704,0.0,3.5258592994075264,3.520766313487977,3.5715851010002466,3.7395474643675333,3.367446007835264,1.0,168.18920977925504,33.09870866401964,19.643263123551066
147.73422777676134,153.47845174291066,10.294940775700827,0.0,3.4952926818587913,3.4930310096284627,3.5155984088837426,3.5901864470066958,3.4249451553303523,1.0,198.55213971271283,25.748453742391952,20.736827984423186
139.78991000692946,140.52768212422347,7.58226384232168,0.0,3.6224730293681455,3.6224730303015447,3.62247302966913,3.6224730299184102,3.6224730297067294,0.0,203.08731588368002,1.193449150581238e-07,19.893846590148247
151.03503102577167,157.0052972828315,26.05889026565259,0.0,3.309614839680886,3.30961483998926,3.3096148403658714,3.309614841140297,3.3096148378647827,0.0,211.5351157839041,4.256684133096,18.029695040833907
143.93493130536828,142.8623840667669,16.439766361033065,0.0,3.1742401859786105,3.1723594828953123,3.1911254994118226,3.253149498222376,3.115742402002779,1.0,207.75192959733212,20.52766572460473,18.59464635622535
152.56156041476154,151.73932333997843,16.266662398688442,0.0,3.395794299135172,3.3957942995454293,3.395794299285842,3.3957942992623003,3.395794298965802,0.0,198.19979940003836,2.3184716830884757,20.205232084592268
162.84539882031785,165.32222866933972,9.09894443019182,0.0,3.677984531175498,3.677984531719691,3.677984531493529,3.67798453159045,3.6779845307196024,0.0,180.33910691004252,15.500970314403123,21.734027430286236
145.1461967307803,152.4449423968443,8.292581362433232,0.0,3.6112584130215413,3.6112584139283177,3.6112584132055825,3.6112584134962593,3.6112584132821968,0.0,198.43680596053235,1.1886116075052828e-07,21.830143375199956
160.8351139599926,161.73254448972276,13.911368026084515,0.0,3.5674827778691047,3.5674827784142433,3.567482778112246,3.5674827780870344,3.5674827776161324,0.0,188.384237408356,7.890849261506997,20.17018325871537
155.60168451790383,163.23454603883678,15.028528667709411,0.0,3.4909086970053718,3.4905049500841145,3.494533614989335,3.5078488491463076,3.4783504659071607,1.0,195.36045895646023,22.618349677388963,19.338960691979807
177.88486255325714,183.67726836114608,7.68513771879079,4.88251654775538,3.5900150104128454,3.590015011015977,3.5900150109186257,3.590015011280477,3.5900150094538343,0.0,169.11707325351756,23.09729768833516,21.34213208780072
189.14090891943204,198.8042644148666,21.64884760585814,10.718420937879557,3.7011415197405126,3.699108667881648,3.7193928579864837,3.786434608133332,3.637911255368223,1.0,176.85590441286752,19.317708016326563,21.940930070855778
182.68094877460413,186.97974214794078,14.151667436212565,10.496627646773696,3.460037767957873,3.4600377684863184,3.4600377682698538,3.4600377682228816,3.460037767408283,0.0,178.4744831007736,13.3419992818515,19.511368542665522
199.36245936489536,200.3820464408729,4.795241701499847,9.775795786225723,3.847679252530014,3.8476792534240536,3.8476792530518087,3.847679253491447,3.847679251521506,0.0,150.22681798201302,26.47344931981688,22.394544852397217
210.9360828483246,201.8696399324293,38.19408779930671,20.50045303942317,3.7482008679949037,3.7264318138257324,3.943647588559423,4.661572528809867,3.071091713791436,1.0,178.64521896859986,7.0777768089301905,23.63162497269404
216.68125772517982,208.4412909929979,13.06841464651417,17.434883587126055,3.734194125831936,3.7264912175956333,3.803352310900772,4.057387707144267,3.494601262033388,1.0,147.1554568440174,30.55533089937954,22.136439636189994
199.55658329466908,202.1873905425753,4.237421651735381,20.96240395175898,3.8058527235891164,3.805852724188079,3.805852723333027,3.8058527212802153,3.8058527211729656,0.0,162.2965312434193,26.529826523051497,23.362572226822298
194.28956732054428,199.36676847756078,11.479387828407765,15.34689510437657,3.793215425586686,3.7932154262008226,3.7932154259291986,3.793215425937598,3.793215424958604,0.0,167.099984578006,22.00765477660914,22.80959933451718
213.2067871696406,213.5828749738114,16.02476597231137,10.309530560445957,3.9286692804046885,3.928669281555033,3.9286692812671085,3.928669282741481,3.928669278203445,0.0,149.3161828697541,20.00521154632244,22.892402479414482
198.24802422980437,200.1998140004709,5.4423670063034475,9.92431103702784,3.8104559078672633,3.800070560861588,3.9036975405731265,4.246197495198703,3.487427914502665,1.0,152.5373626419411,34.984678493456634,23.805888101708014
185.72475431988718,197.49656168572324,2.604357130658206,4.961440170818427,3.7129460377365127,3.71294603825679,3.712946037975243,3.71294603810199,3.7129460371967444,0.0,156.91797272012604,27.379449735733306,22.851561657512256
184.6112582525544,190.83023368696766,15.479820966320615,2.110268203670969e-15,3.7822765982154074,3.775913241158761,3.839408033708321,4.0492661573438395,3.584349422898864,1.0,165.82841683124877,23.21363687923835,24.01250950990151
170.19540278412853,175.1117547975168,5.397253643023661,0.0,3.6126928279173676,3.6071056403154,3.662855665531025,3.8471163773813783,3.4389077889150768,1.0,170.67480170469526,30.331509742847345,20.53288688763851
162.92133462726278,168.0194263402306,10.001990897142154,0.0,3.5743420714467766,3.574342071753951,3.5743420718165146,3.574342071940288,3.57434207073817,0.0,181.56632040557417,18.492976426975734,21.649723783742115
164.67237415103946,164.73183329756804,2.6037802018635725,0.0,3.544057798067468,3.5440577985862807,3.5440577983579478,3.544057798277212,3.544057797635194,0.0,173.33678625271114,23.81025801579285,20.71881200638416
149.70480522179275,151.08253771524835,0.8508991596356861,0.0,3.4910256999606717,3.4881938071199614,3.516450975802548,3.6098444042870996,3.4029419160248837,1.0,186.09012686811056,36.35569334713492,19.665714015908133
151.21789157447364,149.55605189795284,20.589501234919215,0.0,3.301770936248249,3.3017709365842443,3.3017709367829235,3.3017709373057262,3.3017709349214037,0.0,205.80164928106322,10.111962203688286,17.435868873628902
131.2507587265174,131.85221712691984,33.18114430574788,0.0,3.2029898145807767,3.202989814652938,3.2029898147217084,3.202989814715073,3.202989814248612,0.0,233.98318903822474,0.8155115492081305,17.527195940497286
147.70302264006165,145.59014457577962,19.532364582478994,0.0,3.47251233698575,3.4725123372416364,3.472512337832585,3.4725123391230115,3.4725123346384112,0.0,206.96638506508523,13.315846335888462,19.85611225795269
130.78872418694425,129.95107280600652,8.592844407827009,0.0,3.3383425691646904,3.3383425692643427,3.3383425692707096,3.3383425692717434,3.338342569040725,0.0,214.60587228208087,9.197628883844452,17.684810058639172
142.82457135683117,137.8381090365732,22.756970468638617,0.0,3.5226916117360734,3.522691612077703,3.522691612034929,3.52269161182685,3.5226916111926236,0.0,214.09111631008074,3.1766778505344746,20.105243547971025
147.65399937707403,148.38059093242856,18.036895998704278,0.0,3.469330606325852,3.4693306067793115,3.4693306066051677,3.469330606426465,3.469330605907473,0.0,203.84035764622803,6.69631278260954,18.92032812563904
140.07753220543842,144.90751589267748,23.388704582484802,0.0,3.2776841315974803,3.2749771883103636,3.3019875883957788,3.3912602922366886,3.1934867981625916,1.0,217.58819911271544,12.440427789225977,17.97820758496672
168.4570286456184,175.9924144252879,21.823182986684067,0.0,3.591596923549437,3.5846848741508173,3.6536546251683752,3.8816081616945364,3.376603103241003,1.0,191.1031606553095,14.449422442416346,22.397228562539112
162.6427569970335,161.72513733483657,29.603953223508466,5.898279216975752,3.483049587876315,3.4830495879987393,3.4830495880470114,3.4830495878918235,3.483049587616895,0.0,206.96190884275634,1.3097601789495598e-08,19.3723083969967
175.35237518148304,164.33676737301369,17.609868879929884,8.348112352165876,3.442741340293695,3.44274134071481,3.4427413409676006,3.4427413416265717,3.4427413385942116,0.0,186.0385018921895,18.163216784582346,19.635284031245586
184.32658870948632,198.33339495851556,24.592951378996364,15.329286256684755,3.4336578120443706,3.4336578125286654,3.43365781272202,3.4336578124932613,3.433657810503827,0.0,188.03134596592344,15.313242783949116,20.61328815876174
196.14016644161146,189.89653695916542,20.81747550330174,13.962410262954245,3.6011985872448578,3.592675162258516,3.6777235240946826,3.9588188519007055,3.3360842162738815,1.0,174.0854820789437,25.156387356693884,21.100141969661006
195.5320792070682,196.80733378947897,17.36706816194404,12.983605539883666,3.554245598559587,3.5542455988554957,3.554245600622285,3.554245605920779,3.5542455915193547,0.0,169.60956880433545,24.036437957281823,20.129515549798864
206.90445086058833,208.5391312614009,15.744688718692236,13.884133455855313,3.7461721382861155,3.746172139308921,3.746172138820258,3.7461721388657043,3.7461721369602845,0.0,158.59540251253551,19.426578812102097,23.023999066050703
202.2732299991824,211.5715464562607,23.822446388261632,15.640195280354249,3.530458345756996,3.5304583470188993,3.53045834683681,3.5304583478116114,3.5304583427918947,0.0,171.38878083440196,20.696645246512666,20.597569658463712
204.4635267131182,199.91690799367777,20.79613572585352,12.231339254014292,3.4767985821377567,3.4669343184512162,3.565361826295753,3.890676883690264,3.169978482146646,1.0,162.84181144854531,22.644883545249435,20.341436340742263
202.84390493138395,208.0589602379762,34.229985486427005,11.307996164756611,3.814378127912067,3.794913080550637,3.989139032007649,4.631079766498499,3.2089332996370556,1.0,173.77836346073877,8.424232908938658,23.941253380272133
201.64807522217032,195.0597535096352,8.106967526287832,8.992946286528966,3.7647891533575346,3.764789153963585,3.7647891536663383,3.7647891532732416,3.764789152822315,0.0,148.73819669264643,22.61890966638149,22.188363649354077
191.90452272283605,196.7192908609429,16.76471828753662,3.618650569014464,3.7756482987199997,3.7645251636318036,3.875513929057658,4.242345492572448,3.429672008548209,1.0,162.20680091326645,23.78335782366925,24.300514528557525
194.6780517514493,192.61752386699195,18.78540436923333,2.068437544276881e-15,3.703465058631204,3.7034650590521676,3.703465059780046,3.7034650608611006,3.703465055754557,0.0,159.8731448272935,17.963841477375574,20.70982409226913
157.38018891744568,151.9517934914975,17.55163991628218,0.0,3.461172626362735,3.452882118733048,3.535606386800637,3.809020298817839,3.203302964782984,1.0,195.60740185139582,19.42951575997113,19.729902141908784
156.29114899011958,159.3573878416873,16.01397042279223,0.0,3.646921467176517,3.6469214674979056,3.64692146783385,3.646921468620369,3.646921465439214,0.0,195.2045283225922,15.447564762264237,22.03838973402102
153.013266025807,147.05974990737317,8.022488636216838,0.0,3.59162173884766,3.591621739257008,3.5916217389861482,3.591621738869567,3.591621738660458,0.0,189.72370964495667,10.262496851537064,19.920626896035404
159.24923707104915,161.72322431208,25.407393223497905,0.0,3.432799113702116,3.432799113669365,3.4327991151974913,3.432799119673536,3.4327991086899523,0.0,201.6938240073163,14.279337214781707,19.29069523199082
148.18066144464797,149.17629798296593,29.387629725620513,0.0,3.0618733674319656,3.0563540881077365,3.111426510570287,3.2934476614128685,2.8902005647165145,1.0,219.57508371648424,5.741364067984392,17.906239090978065
134.32530218628756,133.1094639475405,35.61626804819975,0.0,3.228548033926062,3.2285480342912667,3.228548034792855,3.2285480359173135,3.228548031427634,0.0,233.84224732009255,6.057806158258338e-08,17.412791538629268
143.46364938370422,140.66646453250704,34.842970882552954,0.0,3.341278262531381,3.333694367011086,3.409367921962269,3.6594783575919685,3.105387218546892,1.0,225.28203259817607,0.7722139447039432,19.433514174821923
135.4734803199173,127.22364977375314,18.931429280769148,0.0,3.230757032029509,3.2277674922817425,3.257597691781104,3.356190180584915,3.1377697665543582,1.0,218.26315641553373,18.752830692982183,17.80852077718398
141.1149150738781,135.23450184284692,22.753326999221407,0.0,3.273078479949985,3.2730784800694384,3.273078480042862,3.273078480050777,3.2730784797636376,0.0,218.31148329670185,7.4012663394538195e-09,17.34623607453089
143.17139565110315,139.72088107745228,35.569242707662106,0.0,3.1306558332035674,3.115127142556519,3.270075376190024,3.782198405830704,2.647648253876328,1.0,229.24625392399417,3.20856569045108e-08,17.323262534005472
155.01694269608186,150.74740949591504,28.595725205781932,0.0,3.505222616840466,3.505222617094795,3.505222617065482,3.5052226172006464,3.5052226163288442,0.0,210.63864045271748,1.537991652026319e-08,18.85301263225013
148.45400513701156,143.69554217902308,19.15973132209571,0.0,3.4336307865081728,3.433630786751718,3.4336307869083544,3.433630786909155,3.433630785616684,0.0,207.74503846811214,8.250509984150414,20.17816601548974
173.7205496366357,180.02674128793376,23.743750116201735,4.973952500943658,3.5364688569433396,3.5287325022359552,3.6059273287387037,3.8610657540381097,3.295835675359917,1.0,192.08225704989985,11.054056379993359,21.426809993086362
173.99512876646637,178.01285514606005,20.08583127748282,9.722447601046943,3.5632384700457185,3.56323847058244,3.5632384703313926,3.5632384702719753,3.563238469555852,0.0,190.6370215359521,8.91201774304097,20.0921055240425
213.7120126528461,216.184280088764,24.991389636557102,12.719407976370528,3.8544722680305763,3.854472269433073,3.8544722692148405,3.854472271741404,3.8544722643809486,0.0,162.04850336541733,13.184996933035814,23.885638780655086
195.74762901885526,190.53931707685348,21.788008290986205,7.76925725480924,3.732615181571489,3.716033144703742,3.881491876003804,4.42835339958272,3.216844076247872,1.0,168.96513817382368,17.903065983791727,22.452492972591536
185.72541618726498,181.71414006177642,29.335830937316924,8.416974401601854,3.490202895065297,3.4902028956054822,3.490202898480458,3.490202908126847,3.490202883773935,0.0,185.47529571146347,10.754402808267878,19.33446310677566
197.61690309293573,202.87791351037072,27.535947242783596,19.612686204909387,3.66934916307355,3.6691221971728116,3.6713869124920517,3.6788720757571203,3.6622895464409413,1.0,185.4633502601606,15.456994118131028,20.4989906668462
204.2571678925451,197.54059325580772,12.664452678144242,16.600228983558225,3.592786545912339,3.5927865471897116,3.592786548165373,3.5927865540662878,3.5927865383030224,0.0,160.80392101510387,28.394021921473744,20.05090060142206
185.0109699816857,175.50649943074015,22.633830329689488,11.049872027648837,3.587960022937111,3.5879600233113957,3.5879600235915468,3.587960024202104,3.5879600214368317,0.0,183.72123945509514,11.045986399204745,19.543027983115614
209.64415005982985,214.8338608699653,33.188307722308906,14.83821170116843,3.6672003289161466,3.6502643612250294,3.819254695601207,4.377788606096395,3.14042043844268,1.0,173.57441324321186,11.229946700620502,22.71052714027394
184.9189602879574,181.60684397833398,25.035650674905707,11.100796692319157,3.4691153756566844,3.459962681082904,3.551290022070775,3.853138150446002,3.1844280501740667,1.0,193.0767831744993,9.95528271962174,20.816450976321292
192.0960700155251,199.50939288894108,35.32263632225876,4.744216991323858,3.7606495172401093,3.7530665155052656,3.82873116110275,4.07881215006166,3.5247862435224433,1.0,178.97776917583914,9.353894702212783,22.403650353330118
180.44686680089177,182.09916197705635,27.429058056934736,3.685512590450476e-16,3.6959403189350244,3.69594031964002,3.6959403194192175,3.6959403198067777,3.6959403179504586,0.0,180.75359895385273,4.4592086853356685,22.228365194446564
183.08088969736477,173.72585526871444,12.941006182594633,0.0,3.577000679785001,3.5711851640736922,3.6292134919566,3.821004274134734,3.396113672411336,1.0,165.80910238312012,25.346310460183417,22.239010764396067
155.4076639717486,160.86487519696,14.650695952791818,0.0,3.431293963236789,3.4312939635301145,3.4312939642011413,3.4312939652875243,3.4312939606512396,0.0,193.9632758496267,20.402120437916064,20.5710872817951
158.98709019921267,157.20596294455927,24.859351975655652,0.0,3.5110131257699897,3.511013126347544,3.5110131307606007,3.511013144345605,3.5110131099888178,0.0,201.97312713054788,8.183356602233392,19.69363760805973
142.53052403027803,134.42813511596304,18.274893425116492,0.0,3.4438995041874443,3.443899504896137,3.443899504501472,3.4438995044973226,3.443899503735957,0.0,210.52347276291172,2.5794899561760704e-07,20.714250452342142
135.820011428239,134.98227480513043,31.476495965136067,0.0,3.333736913743089,3.32880148988253,3.378048091169179,3.5408141840844256,3.1802244718485873,1.0,226.89222177320477,5.7939674277388065,18.225758799521014
138.78895163948175,135.92672911393072,41.851737857713374,0.0,3.021469248891291,2.9601473097041393,3.572029296314458,5.594374758816953,1.1140990898329455,1.0,236.2110483605183,1.4368710273430695e-09,21.93209027629226
129.32714418352936,133.37743156150162,34.587402974556824,0.0,3.237627746627369,3.2376277466871706,3.237627747177985,3.2376277484237694,3.237627744916135,0.0,239.54064389181903,5.293734595027252e-09,17.48820369915479
142.00448187318665,144.43123436445416,34.68453908177409,0.0,3.3111688057762474,3.3077339655140507,3.3420074570869773,3.455285575060949,3.2043308261466272,1.0,224.08948605909268,3.245789525543735,18.245804774485084
144.78051625716495,140.56460146878592,36.40389337538386,0.0,3.2953209342250114,3.295320934497481,3.295320934713002,3.2953209350302415,3.2953209330214905,0.0,221.39878863375037,1.3527804065871837e-08,17.986484371493518
135.6507979413163,141.68157998255123,30.092106326233285,0.0,3.149733749742422,3.144879431278418,3.193316746795889,3.3534080502623085,2.9987440288680647,1.0,231.12630921603395,4.956911305333504,18.667945348111438
152.01750244334255,149.14980857617212,42.0204109597233,0.0,3.0097856193186328,2.9809130212606663,3.2690093050390856,4.221203068480567,2.111726407007324,1.0,222.98249755665734,3.791100538260087e-09,18.465825261464555
163.99907556903264,160.76301484992396,44.92565096368912,0.0,3.335571298490145,3.318875131533481,3.485472665936001,4.036098072766378,2.8162502972558663,1.0,211.00092443096736,1.9612691555875743,20.52317059116758
175.01592298030516,164.49709054025843,39.26887186368687,1.175586396901563,3.430551196627016,3.4083610390079544,3.629778660076087,4.361591216681869,2.7403439790027204,1.0,201.22704479846033,1.5862939049671232e-07,20.83151052661969
161.83366604192685,155.99941754622256,32.91528487925748,12.015916753414114,3.5413696990612125,3.53591973544209,3.590300512237446,3.7700356885824515,3.371852907698175,1.0,220.02830712241555,4.644599919472504,20.145806744557625
189.31337891600967,189.52218481528425,37.49790853653838,8.8110493307444,3.4563913330784897,3.4493268837269557,3.519817311915902,3.752796874690211,3.2366572284998285,1.0,195.5914324816151,1.2661453930119213,20.072122502094413
193.50150474746877,190.44146203747962,32.41228854580212,14.060811610393568,3.759471206999795,3.7515785475418335,3.8303330179550716,4.09062626046159,3.513976271913309,1.0,187.09085426177924,11.912886622098098,21.99528701456997
204.2383940219132,208.01373698086212,41.46481364748226,20.22329141858742,3.658392733928724,3.653487464111275,3.7024331840318285,3.8642048275901963,3.5058182039328107,1.0,191.5348199675815,3.481648595042853,21.162840610323936
206.08077693583033,207.99428490255573,23.18188319656666,19.11297097889168,3.7464226662215094,3.745640236605199,3.7620194993188654,3.732634851739567,3.736836587843277,0.0,173.1357246431401,11.29790954389983,21.020656684955526
195.84284287397162,189.90678934118435,41.48397425436225,23.796274851473846,3.4024637665371573,3.392054318671529,3.4959217735844708,3.8392165269524883,3.0786861589175785,1.0,201.15606834548512,5.015309623941684,20.09824060085292
203.33666127320345,199.24182362320187,31.041254581234213,10.686692383285187,3.7494645609522683,3.7363206387231434,3.867473207658884,4.300948630146805,3.3406332771242724,1.0,172.24789373392326,12.295182096782451,22.64235554633444
221.8437982339383,216.0081326991035,25.17801812175724,11.654025928564488,3.917691567834067,3.912755014423096,3.962012903327864,4.124816308765736,3.7641439342845224,1.0,151.09950910334618,13.16787900881553,24.03526706147599
187.48126586713715,184.18938322877676,42.260355375032944,4.078730703322304,3.6781671406455434,3.6522960695718494,3.9104425463928645,4.763648504000846,2.873468035533758,1.0,191.9553598885812,1.307527476057543,24.49861602773458
184.37439509577405,185.01008801263217,35.17935172599665,2.5573441806219144,3.578601664978454,3.561637024762937,3.7309134372722217,4.2903928669040905,3.050930013858775,1.0,186.84962492404014,5.260561167017118,22.11922537644091
186.59344655922067,171.44445882589918,26.717944554187937,2.386628280415255e-15,3.803772713386439,3.7893657898416326,3.933120827138314,4.4082489636457725,3.355656775445352,1.0,174.7515780109077,13.371518817801645,24.287063208854324
166.01480870474649,172.56371714714723,38.203088142127335,0.0,3.4598749485123266,3.4585476183639,3.471791972806291,3.515566198362349,3.4185893947640955,1.0,206.01094434723205,1.5099980342628292,19.756485485771105
180.63883270002302,179.51630730813997,28.710549805602984,0.0,3.5576879938490067,3.5424535445290224,3.6944657876804183,4.196885007134346,3.083832537970524,1.0,181.14306504721367,13.786142764246609,20.86838279163381
141.60059628139146,143.99349556017904,22.248638117183614,0.0,3.440373576403896,3.44037357649042,3.440373576462199,3.44037357646173,3.4403735763078087,0.0,216.5285857915469,1.4529208130079175e-08,18.946005265076728
160.32284604754435,163.95653155736377,26.252524538263213,0.0,3.4905797920992487,3.4905797922538473,3.4905797922053847,3.490579792221418,3.4905797918922885,0.0,202.49953083698256,1.1488012556642636e-08,20.123889870307615
135.10531175717043,135.72082833536308,40.995454955782094,0.0,2.9242080340483265,2.8545404875128093,3.549696533978526,5.847273037901789,0.7572543929130578,1.0,239.79741204617073,1.897006066508288e-09,20.683268560868807
147.29625928540867,147.57198195772642,24.642327921530082,0.0,3.306599088757327,3.306599088905038,3.3065990888861165,3.30659908886031,3.306599088535658,0.0,212.88384820376228,6.496607167576256e-09,18.582103919779243
149.17964396444913,142.345148266229,27.840910926638205,0.0,3.438215936483459,3.4321326878471647,3.4928325063395533,3.693452893628239,3.2490013075902913,1.0,213.03746070690647,9.936203561211922,19.07899981095139
136.8493225658278,126.07304638972471,20.932562874714783,0.0,3.152319860263424,3.1523198603411062,3.1523198607207825,3.1523198615777788,3.152319858892003,0.0,223.40909987069608,8.755874859976009,16.394694634889614
143.08239196082698,142.7882398393482,31.180102386038204,0.0,3.1908366784820843,3.1824984996523353,3.265698436415244,3.5406844929023906,2.9314842540325317,1.0,221.65356740755027,7.891688740758952,17.35391857387444
141.5020097968171,144.0124008359897,13.191264043592223,0.0,3.533466610992369,3.533466612051762,3.5334666115626168,3.533466611378724,3.5334666108658173,0.0,207.02172979914468,9.368567235508522e-08,21.34847128713221
148.393159723944,147.76306052821332,25.902926044459786,0.0,3.374280560707055,3.3742805611060276,3.374280561121185,3.374280561289579,3.374280559934472,0.0,210.6176612876755,1.1040706555512503,19.180561088043774
172.07948303631946,176.66868785257606,26.27039353425954,0.0,3.5653381416743675,3.5558654702078147,3.650385597899245,3.9627862795770987,3.2706982020600863,1.0,190.7198467674025,8.11440295815324,21.946632580111984
168.73556619162915,162.85157810011358,30.599791904455603,3.634007910866811,3.424444958302089,3.4218938540864623,3.4473492593523316,3.5314825144443227,3.3450948847483555,1.0,202.00416022129835,7.640854300116715,20.049846120367953
191.75239397799885,189.07394422400765,34.04659055481111,8.904484311802571,3.5416231197163883,3.5343489870106937,3.606931676810074,3.8468264208172678,3.3153669772850787,1.0,184.13992078920387,9.60844879833041,21.364312508268572
184.73346042670482,188.94074453258958,25.111906058323765,12.001637612723282,3.666942585760452,3.6559887705657848,3.765288032197331,4.126535577163844,3.3262328481658927,1.0,186.39946895615287,13.019910299781943,22.212936468159068
202.0845118587592,202.77385570439836,43.08976807697455,15.300789869639866,3.563610431860746,3.5422035289688734,3.7558056859086535,4.461787170744722,2.8977657269706123,1.0,187.7680598618486,2.2853571360959957,23.056505899179903
201.77806534499018,206.22840959143463,24.731497154228666,9.300365173450718,3.662306677826777,3.662306678838726,3.662306678335534,3.6623066787314578,3.6623066766299393,0.0,168.1337154899785,11.179020004562105,20.57088583453385
206.32212172019882,197.3794793507541,36.74768856385354,20.751215975831816,3.7475604364992834,3.7475604373941978,3.7475604369666047,3.7475604373485227,3.7475604349237854,0.0,180.729614081467,5.400368690146539,20.84133386360166
195.89727932324328,198.50343931860968,37.879174263017646,14.754989424371997,3.527000762161133,3.5114269825683744,3.666825123450309,4.180435152352918,3.0425907231177938,1.0,192.66691619032912,3.772806793707237,21.856026844173744
203.8429634052319,221.40469014366295,25.08994333017338,12.112261545174785,3.8222162276520613,3.822216228144833,3.8222162282062304,3.822216228469084,3.822216226210229,0.0,170.87408921745555,9.220335691159333,22.702874490986314
185.6845204143014,185.39852752448485,21.63842254814651,10.843716657207425,3.73055368946817,3.7305536900905936,3.730553689758654,3.7305536895392297,3.7305536889993287,0.0,184.84597888241066,5.040287465415062,22.128855719185623
182.81957830392378,178.96300880101617,37.01437639299967,10.416014942820743,3.5282668826295036,3.51463841617075,3.6506258510430865,4.100081100406786,3.104364266229012,1.0,200.97022876143782,3.0897854434973016,21.963644575942546
190.61736190060049,195.26785665240524,34.43142973163057,5.123644852447055,3.399136045074452,3.3826096686077873,3.5475130026005792,4.092538867894919,2.8850962373034346,1.0,187.40095087597797,1.0183885858661321,20.67641573935564
199.81245790961023,208.61585576098878,32.67957182409694,2.2224809144667805e-15,3.6842544227923373,3.6842544239159247,3.6842544231469065,3.6842544234784937,3.6842544219667634,0.0,165.68824144157793,2.7454410466263077,22.073429321756525
175.00853489591597,159.50270210649808,33.51213207256856,0.0,3.5247231477933023,3.517434620834862,3.590160932012377,3.8305303637718775,3.298019307887945,1.0,191.38084694770265,6.772815693836759,20.878806898634657
165.14137274489775,162.2398805191797,22.018985421466827,0.0,3.582875253279832,3.5828752537724595,3.582875253500974,3.5828752534793233,3.582875252800394,0.0,189.831339370342,8.807251229977714,20.90087571830897
152.75307893394609,153.24777005998942,24.59587978749423,0.0,3.380808227725034,3.3761933855076878,3.422241164808769,3.574434756454317,3.237267213374829,1.0,209.0705451804628,12.722142402979289,19.67754617728797
148.03241869217308,146.12162344282007,17.268476412554516,0.0,3.526515166115745,3.5265151667162336,3.526515166502542,3.526515166373037,3.52651516575413,0.0,204.9608250185337,0.4365677367122847,19.94651360891518
134.602784220316,135.4686883437709,34.09304782325182,0.0,3.1143828892306114,3.0779779188904786,3.441233649568785,4.641838657555562,1.9820352200541798,1.0,239.12349197782453,9.207870786182394e-09,20.145323331456638
141.19632488880274,144.7400112656697,15.675974397711128,0.0,3.4055007863126714,3.4055007866547062,3.4055007865077096,3.4055007865279934,3.40550078612024,0.0,210.59770597792792,1.158990212187485,19.349027578813864
129.42172207674918,129.63066506422072,38.27071277768987,0.0,2.8312882404755824,2.7690102641230823,3.3904317723070028,5.444306529804497,0.8941813034783513,1.0,244.62804750138108,2.1540911321900333e-09,19.528178349094325
132.96007714088012,135.55249928781515,25.712291836723544,0.0,3.1907691178705786,3.1893762918176494,3.203274176384941,3.249208399308963,3.1474463677937736,1.0,228.80521335671477,7.531168787124052,17.680732435539095
139.2160127875112,136.2428802608246,17.97202900151965,0.0,3.419328286203789,3.419328286323885,3.419328286282732,3.4193282862914107,3.4193282861318597,0.0,214.56577072093097,7.1792299722921095e-09,19.14759852769361
141.23222958264088,151.33561540577554,30.41919162259994,0.0,3.207025839701117,3.207025839858249,3.207025841207752,3.2070258446229802,3.207025834679154,0.0,224.09572771848713,8.939748783656686,16.529987671283415
156.16031829496163,151.13393046505527,33.84355285307355,0.0,3.2211313535709754,3.22113135380115,3.221131353770432,3.2211313538565167,3.221131353070822,0.0,209.8482879469411,1.1036416749129684e-08,18.902276061161807
162.7193820065364,158.58863668939625,32.67171994204071,0.0,3.39105029824279,3.3859913745477566,3.4364702809654357,3.603309294470998,3.2336964912073087,1.0,203.92472946764548,5.126658905583822,19.11453267338994
167.19083814266702,170.63037460641567,29.77070650224556,6.38401371283082,3.5461806848083395,3.546180684925832,3.5461806870801835,3.546180690368036,3.5461806786560404,0.0,199.07906188469096,13.364183923053915,20.747174144070772
173.78010657871516,176.07701931938834,30.2950003716296,8.172417032933565,3.592652808943316,3.5926528090807204,3.5926528090472982,3.592652809057317,3.592652808684733,0.0,199.50582617763874,3.355671231422655e-08,20.275214520399977
185.1713384570775,191.93383582829208,31.025416314064763,8.187903891575377,3.557050683206319,3.5517978658033273,3.6042114843749893,3.7774449528907996,3.3936659571352035,1.0,186.5602420159189,14.203324555123626,20.4563622478912
197.5321348175336,198.8529199555955,25.854987032853884,19.819553117434637,3.522104508620882,3.5145304105211124,3.5901062112669266,3.839893558459264,3.286518182482573,1.0,180.30177570288032,18.947198057042904,21.366620650019573
193.6280902093974,192.66714752369268,28.04385784775448,20.106657957359438,3.5358287261030683,3.5194056846940156,3.683277936244841,4.224895945146783,3.0250030246515234,1.0,190.87964243540682,11.686190363980213,21.197127738797953
199.99986822074058,203.49985336033464,34.929599192684364,16.251355031888718,3.626196392994265,3.604237931478185,3.823343643615429,4.547515056810621,2.94319590176564,1.0,187.22923181896334,8.453937241944649,23.91733459639813
196.55525588272778,195.0985510156446,26.399433079469716,20.520378205776517,3.551144340013604,3.551144340188943,3.5511443401832796,3.551144339921077,3.551144339707865,0.0,189.76286643085996,2.778215003345919e-08,19.264293875526107
182.3899901513355,174.59853588991962,26.657476881976457,12.254127496041084,3.5807711221967704,3.566507477894074,3.708832844343103,4.179235737771372,3.1371117838195857,1.0,191.17694508913186,14.277657716110937,21.223620022180288
205.89694143484562,212.89904458081318,32.650481339163804,7.791304887439811,3.803644993411736,3.797872015846845,3.8554759062160997,4.0458638725694165,3.624081046510901,1.0,169.69041747930888,7.68704661015761,24.1325989500136
202.11997691109377,200.30856740963705,27.778253655670333,6.68780983862482,3.625828667182202,3.612260652773619,3.747644926479655,4.195106665455036,3.203806223681046,1.0,168.8286407934041,13.869392228718096,22.78972620917339
188.8303915868473,194.44117182492147,21.20369853952055,5.6534184059863914,3.601464361226212,3.6013340966103264,3.6026339116599893,3.606929961060427,3.5974125501160894,1.0,172.9458928639794,20.363490040586324,21.92803565189096
172.75847591951361,173.8384571662075,29.50646925212407,2.8206094494500716e-15,3.5188109628779434,3.510366249990737,3.5946292102969024,3.873128678052751,3.256144864957764,1.0,192.76024475523167,8.71116187106382,21.447225760566326
158.28252867466023,159.46666498983015,33.003135856739235,0.0,3.488502622257372,3.488502622251458,3.4885026237659105,3.4885026281535834,3.4885026172936686,0.0,206.7967453082544,8.956041878355581,20.39481249454591
169.4690851272421,162.22590098863162,32.64409635916762,0.0,3.500005912916093,3.4933849987187595,3.5594497445904483,3.7778018801941897,3.2940676309911385,1.0,199.86323927704015,4.1242335046537955,20.979644810314547
164.3113329802145,160.31292738485874,28.408937287820777,0.0,3.464780889779275,3.4500725519355857,3.5968351579547995,4.081903678237548,3.007289702368317,1.0,196.63203414641524,10.820603147263965,21.640270527391454
146.14226569628983,149.38744526155014,27.566570798619818,0.0,3.255077223393716,3.255077223673696,3.2550772243191575,3.2550772259912497,3.255077220576551,0.0,216.66045439779705,7.187817652277054,19.01999335802315
149.83429679333247,147.98304924325132,41.00218273545502,0.0,3.2454988531365347,3.2337891432597443,3.3506308589304385,3.7368071453192173,2.8812776361015238,1.0,220.2412496243581,2.6928605322265837,18.773294857171134
141.7044917671952,144.10560915907118,13.061364929846086,0.0,3.4878310111392734,3.487831011403457,3.487831011540232,3.487831011764182,3.4878310102073518,0.0,206.71790004524942,15.468223845064651,18.79984577141564
140.38669914961918,141.74445741317282,25.87616952149579,0.0,3.2697476630357296,3.2655601880057623,3.307343614720908,3.445442993739634,3.1394995703282023,1.0,219.54371472297095,14.345481893080747,17.675197870005764
140.59036990237507,140.52694499950428,28.229611424553454,0.0,3.266921686691055,3.2627625840648524,3.304262904302772,3.4414265825600983,3.1375560992371634,1.0,223.05042957459403,6.2877788252927145,17.727929679193625
129.80032410456516,124.69084341900215,21.73098686954839,0.0,3.1102592026438485,3.1102592028478018,3.1102592029400595,3.1102592030336056,3.110259201802391,0.0,230.1402585734328,5.734476716053612,17.742322493844867
149.33406598138365,141.0000887656284,9.883904518139765,0.0,3.2630522733831206,3.2623914414135853,3.268985356274334,3.290779056627839,3.242497595003438,1.0,194.5495976847593,27.82315707971555,17.899561154222923
147.60572271066164,146.30621785729292,21.572817444177403,0.0,3.254444547993498,3.25444454816639,3.2544445496411454,3.254444554002609,3.2544445424503525,0.0,211.1577662836662,11.353989796535638,16.933151564105493
170.18438048227438,170.30713430076617,13.55618263138452,0.0,3.7359003121581638,3.735900313083476,3.7359003123446275,3.7359003124761365,3.7359003121150245,0.0,177.24861030049098,5.5278956669223,21.0231510117729
171.78893442999993,169.85502510212027,19.705764704817085,5.441969843754134,3.5275811024517587,3.5275811035327354,3.5275811027043944,3.5275811028394135,3.527581102307536,0.0,188.52933587515042,2.8079205074016267,21.331111175028735
180.3632890548612,177.0007090083464,17.442726025571886,7.329733315620627,3.529428278436078,3.5235472485048946,3.5822292910678084,3.7761806819386528,3.3465034988642643,1.0,182.97482345237137,15.022221315329496,21.888245533087407
183.29895625592403,179.60031974031418,15.519919494996598,14.531743404490793,3.54760874302968,3.5454181309761883,3.5672764809889053,3.6395210249208816,3.479471477256682,1.0,181.2087673220879,25.420050004406786,21.17126905133428
195.24181671364164,208.7857162513902,27.877975835462433,16.623572039391043,3.656348970411562,3.65111856841818,3.7033085232396314,3.8758027629088656,3.4936614491442555,1.0,180.50442163699378,16.41079512933504,22.274446261497584
203.3028358505474,214.77842274210508,20.970323057601508,7.731905536588457,3.857864200615306,3.847530926871436,3.9903794571002074,4.075299805819329,3.6048428920960744,1.0,160.84086446742856,20.935359931861324,22.679779019898994
213.79336237640487,228.6514053581267,29.86918825341054,18.11270623745224,3.73024693084485,3.7302469324177623,3.7302469314548743,3.7302469305534447,3.7302469295969587,0.0,172.42347687509502,0.6642066574631311,21.567008075648314
202.65682223782545,201.07980111003033,24.26864218329597,20.691799698889483,3.522946230929121,3.5152338963006353,3.5921890448770677,3.8465353060198897,3.283060176918741,1.0,175.52115404642066,19.58935670631419,20.334939546466753
201.30810574676318,206.04783854729732,21.68855084852007,16.099903794634557,3.4933597755310024,3.493282255313427,3.4940557711972935,3.4966123373678446,3.4909485558301543,1.0,173.4739192796504,19.692638963153286,20.435506009250943
197.7142320428026,199.13549001273807,22.237924997660333,14.403707999318769,3.674361630697592,3.674361630759732,3.6743616345224956,3.6743616467949862,3.6743616177754626,0.0,174.6945840608764,17.428290510274305,20.272695363986703
180.7733750285877,176.1030612436149,21.74006662601136,7.429099546723299,3.6494086191731405,3.649408619492975,3.649408619264396,3.6494086191988795,3.6494086190603157,0.0,184.45215061839056,1.899016390423354e-07,20.80740507982102
187.8582222105572,190.48371066457295,24.19177359414582,5.815287536149426,3.659231795747258,3.659231796166905,3.659231796600135,3.6592317964414742,3.6592317940307324,0.0,176.52038889799655,12.83153215523775,21.242208004535012
173.31173646604168,170.86060040928228,8.910178748032966,1.5065422062984154e-15,3.648897094103745,3.6488970944777743,3.648897094421043,3.6488970945441004,3.648897093402466,0.0,170.26749564170362,21.637502118782606,21.975916250609494
162.61520299762648,156.14269079730178,19.75826442345788,0.0,3.4480763849883034,3.4480763853291343,3.4480763856961363,3.4480763863748876,3.448076383100126,0.0,193.31100498747315,11.61053571099307,20.000657334290523
170.24901422600368,170.7360006868737,13.685484966434494,0.0,3.5718484333796714,3.5718484338736483,3.5718484336283365,3.571848433626875,3.571848432640709,0.0,177.36415861748543,18.716713060911385,20.06045690549188
152.32287096372846,151.3451280467281,3.0295139367967296,0.0,3.6445977872223914,3.6445977876366054,3.6445977872847326,3.644597787364378,3.6445977873393747,0.0,185.61262077506422,3.6750115224363715,20.167102048224923
131.89935165591956,132.9088976016377,27.862273976061264,0.0,3.224624473094731,3.224624473236434,3.2246244733529155,3.224624473426547,3.2246244725162176,0.0,231.89087555604846,9.490751387101967e-09,18.872804383917423
138.27942981068196,142.9553808894656,6.350894579105838,0.0,3.523389268770357,3.523389269096632,3.5233892689630117,3.523389268988643,3.5233892686290607,0.0,203.86101660789188,10.920310741496102,19.567777078653187
132.0289611094135,130.41629644205375,11.143981855426635,0.0,3.455559950840333,3.455559951140557,3.455559951219726,3.455559951193593,3.455559950180813,0.0,215.01407377357435,12.689576605100017,19.277492711895047
130.83764304875032,127.97075893406813,11.463706848836551,0.0,3.33283503283512,3.3328350330915977,3.3328350331554155,3.332835033040616,3.332835032303976,0.0,216.45221128549807,12.959627166976256,18.400694030772407
128.8331127912707,121.64230349703975,22.66725551453793,0.0,3.3110983640425804,3.311098364119207,3.3110983641114586,3.3110983640846774,3.311098363943429,0.0,226.77846379195074,8.719895407202398e-09,17.479585514331895
151.22354539088693,157.55012275979487,9.547512741399707,0.0,3.227067680952793,3.2270676812745624,3.227067681540257,3.2270676822608055,3.2270676793503084,0.0,194.13159685564943,23.00122531441232,17.541263104543045
136.25412299571238,133.73581926453855,8.943343436244259,0.0,3.442157046484289,3.4421570467388443,3.442157046936123,3.442157047064841,3.4421570456252555,0.0,207.80510255074316,17.903544106737534,18.431943778794952
167.54878133320244,164.98442657539735,8.937437916033321,0.0,3.591446699681594,3.5884670142903743,3.6181988863707937,3.7164663917063763,3.4987659419956345,1.0,176.443156738492,28.13588993321496,22.104918907410372
166.12303676456844,158.44920402752226,17.547527023090325,0.0,3.4478122440550747,3.44781192361743,3.4478151220206,3.4478256930166604,3.4478022736942546,1.0,184.20097314064202,21.84021828526156,20.21915408112356
166.80697420990666,168.167320729606,5.8397105574706725,3.8862821723826904,3.423597381058065,3.422813053591473,3.4306392271537685,3.4565056939543304,3.3992014833054083,1.0,177.64073991934646,32.430994194607244,18.933195521839924
171.7423843584859,171.80813516863486,5.199920952956076,10.915776246542794,3.6090026618337667,3.609002662603664,3.609002662036239,3.6090026620040794,3.609002661709578,0.0,178.95043894922276,17.02984655937964,21.449315500715677
182.9453177145705,188.73562455383913,13.407507762665483,15.151223930546536,3.5408235518082147,3.5408235520139106,3.5408235553461265,3.540823564980769,3.540823540357345,0.0,180.08344996889383,24.388135671771124,19.951396962154696
194.54204110315595,198.79262593835168,12.546303663761517,17.301956136152732,3.672815293174039,3.6728152941174987,3.6728152933660123,3.672815293135149,3.6728152929851103,0.0,170.7395341003322,7.075500635024125,20.223371775624372
200.35352085782873,206.20002207127405,12.33996324173575,20.238478342556107,3.5329020531590754,3.5329020542086083,3.5329020536990066,3.532902054216166,3.5329020517995047,0.0,166.36100975512954,23.88850307690532,19.640910775424206
197.5476326926183,190.5355266690714,24.08736683566497,17.559567230648682,3.624991077264976,3.624991077749889,3.6249910786397277,3.624991081118572,3.624991073152091,0.0,177.8412408709687,16.18588265731253,20.476753321872383
213.49209061014224,219.33312947289087,18.079791227009025,16.004251108171946,3.91761461107595,3.9176146119416457,3.917614611716288,3.91761461124795,3.9176146097171975,0.0,155.58854174507064,18.89829449562815,23.233978307840278
207.6569109596118,203.92936299679715,14.86974037425789,17.01886012340247,4.007081530680985,4.007081531508288,4.0070815311243875,4.007081529833664,4.007081529544052,0.0,157.36600039371808,19.140843525372063,23.791695362075718
199.89234876922416,200.23779785021108,14.910061499665424,15.393802412738102,3.585203471713828,3.5852034726306834,3.5852034719114054,3.5852034716383243,3.585203471462512,0.0,164.25646792620097,9.134756615275556,20.641892963158902
207.5491629977353,215.11513852983558,7.77875697004342,10.425894308343715,3.608284783381139,3.8537573221230867,3.6141173498247663,3.6355418311193137,3.6448757606615025,0.0,146.19513727546,32.33592348086251,21.264660767795164
200.70800373005562,194.37728324911708,10.333148048939359,5.614935899450052,3.638980683905796,3.6276520773403074,3.740691079166886,4.11429892731577,3.2866133569967144,1.0,149.5196752346558,31.088601517599756,22.935885827754806
189.25661510122006,183.95706804837488,11.116668688634002,1.2317141473720222e-15,3.816682240955467,3.8163442082455306,3.8197171684843956,3.830865219267202,3.806167983647494,1.0,157.54823730851672,24.771950337998565,23.178694830959063
181.94274477625368,173.908293436268,18.340489973888005,0.0,3.7016514778461187,3.701651478390925,3.701651478082363,3.701651478162259,3.701651477424769,0.0,172.8377280540946,5.804627379785679,22.444021973023567
164.74874972235736,168.68617299200815,8.768092899652746,0.0,3.484602831117436,3.478875492155984,3.536023973778933,3.7249067556754163,3.306458497576522,1.0,178.13764133765463,28.975049507034733,19.242808103952672
155.04059901761514,153.77446054184085,6.864380713231042,0.0,3.577402793657096,3.5774027941630147,3.5774027938359136,3.5774027938628787,3.5774027935457053,0.0,186.70039127262842,9.926131545470097,21.734776591412082
150.86837830331274,149.6797455444315,9.9536183107854,0.0,3.5221087872259873,3.5221087877346027,3.5221087873728347,3.522108787338876,3.522108787035777,0.0,193.4502888635631,9.993725162315426,20.800605973090196
136.47663630976268,136.19141747231487,6.340683897015102,0.0,3.3209827371861134,3.3209827375076033,3.3209827375578898,3.320982737415225,3.320982736627554,0.0,205.15955869825999,16.813613075528686,19.501320134567543
136.35244113220503,133.90693445298336,19.18920860946594,0.0,3.195698167549411,3.195698167632678,3.1956981677316274,3.1956981678855363,3.1956981671018427,0.0,217.62975790456358,11.822842707669004,16.87107216558831
139.5099539272155,137.08805681080125,0.0,0.0,3.399217868599787,3.3992178688677264,3.399217868796719,3.3992178687850503,3.399217868433912,0.0,195.49004607278442,18.048024815001416,19.36176216015974
147.95939768637191,150.39169696070428,13.10003316374133,0.0,3.5164734785985923,3.516473479692272,3.5164734791158043,3.5164734787308993,3.516473478428312,0.0,200.05417344491696,3.0900840870403815e-07,21.124750056676316
139.01576449930099,129.46426516669936,1.7110888168640297,0.0,3.5486904389615344,3.54869043939243,3.548690439090251,3.5486904393029532,3.5486904392013803,0.0,197.5675054449743,2.289883631919831,20.221946524228645
137.81691591820584,143.9880698585866,9.82936983998508,0.0,3.3585105055032476,3.358510505818737,3.3585105057061457,3.3585105056592615,3.358510505400301,0.0,206.98972704569746,5.445362175972333,20.016137794658007
163.15006146312473,165.94928261065638,4.5759568298832125,0.0,3.719023538451826,3.719023539304359,3.7190235384867587,3.7190235386664483,3.7190235386956854,0.0,176.52168213666488,1.2846453759897605,20.9172239209503
166.37240008067397,161.81192594285056,6.553406495635132,0.0,3.433776398745182,3.4337763991659798,3.4337763991327996,3.4337763991991115,3.433776397982918,0.0,174.85626684537226,22.40678694557413,19.571817168687435
173.2001953815728,170.54758649062506,5.906484303389402,5.284525454174986,3.8728496584733767,3.8728496591408925,3.8728496587250705,3.8728496586207486,3.872849658276657,0.0,172.4307160517198,17.036870220911307,22.53669092292943
172.96052146722977,174.32501575455368,3.2803368169261367,4.727718419479466,3.5637754414851726,3.5637754419299608,3.563775441732875,3.56377544156935,3.5637754411718188,0.0,171.1466934956529,19.978155961114265,19.54808683853713
174.4236852554632,185.47987372305593,0.6888946228789953,16.07627228993552,3.6049438190969005,3.6049438196960866,3.6049438196598396,3.604943818781131,3.604943818635888,0.0,176.22415047130016,19.84658185236622,19.931160973815388
196.9912167012423,187.0519074090748,18.623139115288676,13.546908619743213,3.498181755723315,3.4967357704954845,3.5111640956504937,3.558851491113326,3.4532055035147122,1.0,169.48600434419365,24.70961859930389,20.926621187842766
209.09700056650183,209.679118285044,9.98024668102773,22.392990790382424,3.874964378072729,3.874964378970481,3.8749643782089565,3.874964377804232,3.8749643772537263,0.0,159.31890913318574,21.270524460990213,22.154975442412457
200.386300930122,199.50389587351904,4.936780919198324,21.766294433066204,3.7237249298187582,3.7230721790958405,3.7295854712914336,3.7511127101460824,3.703421551697135,1.0,162.25276595531238,38.91051968869395,20.959212890789804
206.54930144504968,208.92902766936973,8.45106785025281,15.867554747978387,3.9013523811716606,3.90135238191762,3.9013523814069107,3.901352381059396,3.901352380965325,0.0,153.5782752613119,11.121138601202215,23.195533403514386
202.28288680294827,199.74675268013846,19.619137497060354,17.162902902480408,3.626240391954688,3.626240392462352,3.6262403926075852,3.626240393477827,3.626240389806753,0.0,168.54790923680414,19.060445239294165,21.407417224210462
200.67559583235783,202.16924218164124,0.6193481445920196,15.050839632164125,3.9626969761097883,3.962696976712209,3.9626969773374907,3.962696974897519,3.962696975025478,0.0,151.38380577523682,22.38704586469436,23.009511998125923
189.37186674541377,187.38002996110282,18.26645387988337,10.085989558644481,3.5014147995425655,3.4952701960839114,3.5565822232007123,3.759226037577796,3.310291782297116,1.0,173.38608751279222,24.692175462342806,19.595579323820257
191.18658544053648,188.76897532210245,10.012236439200775,5.8137923496101935,3.7496669849152413,3.7496669854873397,3.7496669852094557,3.749666985269416,3.74966698451838,0.0,160.03562780570715,15.923546714775224,23.08012616419327
186.60999337967192,184.1419954587963,15.158201993471925,2.39163920050466e-15,3.7709488828433084,3.7558086101187174,3.9068811423731664,4.4061945015144754,3.300022711717278,1.0,164.4713931528457,22.135501802556647,22.404292955024605
167.5187049754167,173.08934575174325,0.1471555531193925,0.0,3.680593944258236,3.6774055243196306,3.7092201887365257,3.814371579716502,3.581420666969017,1.0,167.62274862753168,37.13402029163526,22.80478158480822
162.99914189819734,164.07952505554152,11.375349499630625,0.0,3.6902051107497504,3.6902051115460432,3.6902051109780696,3.690205111063701,3.6902051106919735,0.0,183.48543669495825,6.981151755191209,20.35429345244948
165.8494757287697,163.37106070683961,16.82078456424562,0.0,3.427696274381907,3.4276962748160917,3.427696275783161,3.427696279156154,3.4276962700908276,0.0,186.79997339000238,15.813661564229653,19.17481963519245
153.2134370048654,152.73580680733437,14.032885791362153,0.0,3.420420443393819,3.4159372754974857,3.460671181424131,3.6085222590919774,3.280975061087167,1.0,195.71266104800338,23.775119613232484,20.261371168064315
144.7424234390416,144.54429027267258,3.2676150860425714,0.0,3.3852791012257604,3.385279101465481,3.3852791014751733,3.385279101439599,3.3852791006206555,0.0,193.92389040592244,23.636809893943923,20.039107719617174
138.1021228746317,133.50557633723483,8.070274708672473,0.0,3.4421027811188893,3.442102781486444,3.442102781372203,3.442102781303659,3.4421027808725855,0.0,206.41133179429352,9.405920354975235,20.09918774811762
125.8859779118766,121.39357304441653,0.0,0.0,3.339402876776283,3.3394028770585074,3.3394028769921196,3.339402877045435,3.3394028767256754,0.0,209.11402208812325,12.19376262679504,18.605592530521665
144.12562701076484,147.92783871680905,4.780994595229199,0.0,3.277314492144461,3.2773144922657798,3.277314492268204,3.277314492212235,3.2773144919093573,0.0,195.77426020039837,21.8014984226936,17.951110314145243
132.90929924527578,132.5789766465033,6.2026892807477605,0.0,3.4028078319232367,3.402807832258385,3.4028078320976336,3.402807832154268,3.4028078319845827,0.0,208.5136434559618,1.6596579567417686,18.167102800893172
157.81534607638733,160.66755973224429,0.0,0.0,3.5717157058235744,3.5717157062311404,3.5717157060798894,3.571715706092438,3.571715705435024,0.0,177.1846539236125,23.586638825277152,21.492072492430008
164.73866940557153,162.5124365578669,0.0,0.0,3.6713034887552887,3.67130348920255,3.67130348879096,3.6713034889885376,3.67130348891226,0.0,170.2613305944284,7.788705623701827,21.528555977295216
151.26794851939718,151.71646386108878,7.057211267132575,0.0,3.6100039189929594,3.6100039193098605,3.61000391907994,3.6100039191938778,3.610003919119594,0.0,190.03911269201154,0.12280120609159596,21.09830740326169
169.55494801787853,173.02081433887514,3.8468288549109606,4.418997947304064,3.536397414538612,3.536397414938895,3.5363974149041737,3.536397415162771,3.536397413644583,0.0,173.37562595940443,27.484599795914434,19.82825530939697
175.05582522150783,189.621803012856,0.6048339522231735,1.6713372578851384,3.4623302645552543,3.4605947002412005,3.4779124966953407,3.535149950450472,3.408346899096054,1.0,161.9252518665502,36.68464868929643,20.962019946339396
201.28765476157702,203.61293873426752,8.218390799658332,9.075903662359494,3.6799266055175957,3.676783512509312,3.7081458985603892,3.811802454707256,3.5821631782621797,1.0,150.20130212648553,29.83934512334441,20.848702266436007
202.14236201223645,203.30679974548207,6.596834671603966,17.314288239269406,3.766605607885858,3.766605612607092,3.7666056082408375,3.766605608422685,3.7666056083623825,0.0,157.6928412631321,15.031400680915366,22.959282258921657
181.79577779941098,186.93523190665164,0.0,20.465274546984695,3.751220694520402,3.751220695020704,3.7512206947150606,3.751220693854462,3.751220693853327,0.0,172.7193680472775,21.40658007911519,23.016093457197638
196.2789120296948,194.99550945589007,13.109288319344452,16.884637079101637,3.756862191328506,3.7502217615143394,3.8164812407008624,4.03547699515509,3.5503168817637625,1.0,170.38650239186467,23.02650472586619,22.120479289581645
195.410941555782,202.24925459547956,0.0,5.718530213745037,3.816866274431734,3.810161424581779,3.8770636971503945,4.098183962374523,3.608317237832271,1.0,145.66037074571398,39.35622878167645,22.0936877431821
216.91234506843466,214.96450257938412,11.978944461138894,10.166799851294378,3.8257231561379514,3.825723158215557,3.8257231564915988,3.825723156594571,3.82572315576502,0.0,141.6267215834328,17.920251596642448,21.814161348929208
202.16736323642414,212.8211909778489,27.018512901995383,7.0930058656972665,3.74064196599132,3.7315731961513983,3.8220631161241583,4.121143467560462,3.4585650651235125,1.0,165.19300401889276,16.153275229655087,21.550504236834005
199.64273890323747,188.79981762854746,3.284951055161727,7.454727533596119,3.9640310309186297,3.9640310326187573,3.9640310314400313,3.9640310309671456,3.964031030499734,0.0,145.2111544486766,26.517611924956174,24.18569666607943
216.24061089312514,221.61651430449697,8.017899214014149,4.391444240173501,3.724254978547332,3.719760835430397,3.777477441777779,3.8428101409857964,3.6066204924381036,1.0,130.7534064409543,34.69030535657829,22.845153833857943
190.68478215647684,192.01695365893056,0.0,2.415745339736293e-15,3.718031517718868,3.7121994813554062,3.7703926576663465,3.9627282761604294,3.5366306455617633,1.0,144.3152178435231,40.58589964636183,22.313512232922438
166.92864905872793,169.78145662896225,12.741554820459678,0.0,3.784964837267714,3.784964837634663,3.784964837538557,3.784964837544418,3.7849648367426334,0.0,183.39307307118267,11.590771910495747,21.692803788464076
150.3880064066426,152.55143071891408,0.0,0.0,3.3826818662030154,3.3826817877214936,3.382682574922129,3.3826851757074468,3.3826794114412078,1.0,184.6119935933574,36.892357799502605,18.421777280697288
156.50562889953468,159.39518149573053,11.796885392617439,0.0,3.281687698486398,3.281687698878885,3.28168769946159,3.2816877013127996,3.2816876955651275,0.0,188.6591098111251,22.867646343208868,18.77811531998436
136.9917509650825,129.57686299945598,0.0,0.0,3.4415684270697513,3.4415684273899676,3.441568427288297,3.441568427100391,3.4415684267897033,0.0,198.00824903491738,17.83100482323234,18.396156343127192
142.64210216088998,139.19693513142033,2.0190014209714566,0.0,3.693972205117404,3.693972205493915,3.693972205292949,3.6939722054317286,3.693972205286625,0.0,194.3258678066869,5.023148323546745,22.35127835951477
135.31663617312392,130.9848874347564,2.1199432149011623,0.0,3.493242593295761,3.493242593671087,3.4932425934693128,3.4932425933611726,3.4932425933402804,0.0,201.80841298164464,4.927787985195637,20.651162014584237
136.04204850845622,138.1849826039087,10.105949742603574,0.0,3.372222182915832,3.3722221833441415,3.372222183312593,3.372222183339249,3.3722221823848684,0.0,209.26808397115298,12.615231710675134,17.948454983484385
130.73302777208946,129.66028165077836,13.073546265296855,0.0,3.311004947353011,3.311004947657259,3.3110049476451464,3.311004947489762,3.3110049470236125,0.0,216.6081775358961,7.838910302012284,18.847239099320774
139.9292901088858,139.84576695052868,6.449905653580008,0.0,3.400861819564069,3.4008618197106415,3.400861819584526,3.4008618196291462,3.4008618196118094,0.0,201.83030735615645,5.007927840373699e-09,18.548798858657474
145.6087976421618,137.82624067260346,15.015569897395663,0.0,3.5347510700406013,3.5347510703575478,3.5347510707333267,3.5347510713714665,3.5347510684103747,0.0,201.77383639700332,19.770066854877797,21.348631090765316
161.66187000024317,162.09613204704684,5.774635580174462,0.0,3.5322319614960525,3.5322319620959672,3.5322319616889786,3.5322319617271285,3.532231961314529,0.0,179.34527286025627,14.347003630935154,19.422482754518956
165.74917370336863,167.69800606581643,7.994385949614071,0.0,3.465929531541198,3.460837915442079,3.5116430330604986,3.679560215101702,3.307558852479284,1.0,177.5931815509044,28.256937731120175,20.52390086987405
168.19177005853302,161.18185192200346,13.530855867385329,4.01368874136502,3.5935988800253393,3.5935988804991523,3.5935988802896253,3.5935988802001027,3.59359887965552,0.0,185.7530199316406,9.340678182852507,19.99648772106918
172.68802591858204,181.95890921875935,7.615341472595719,8.892565201891244,3.405523016714152,3.4017417027885513,3.4394723762561483,3.564176906426995,3.287908243821487,1.0,180.35894197187233,29.554451456011826,19.09133152263317
187.33424250077164,188.3454128263513,31.552389547231694,13.356141080992577,3.594564152328695,3.5945641508399673,3.5945641685982004,3.5945642271153493,3.594564096381734,1.0,190.89016948771837,10.538121607317915,20.8709066462693
200.87486568362277,191.460304484161,0.0,21.097817391322362,3.535488655803002,3.535488654771768,3.5354886682505713,3.535488712759751,3.53548861296537,1.0,154.8217358534453,41.83700420503448,20.48891387071546
198.19039210243784,189.68861508593204,0.0,20.19326229005552,3.6516693654568377,3.649244361265346,3.673441519162933,3.753416111658971,3.5762415218280665,1.0,158.25921538889443,41.517584168427746,21.87876776291389
219.3123409184011,224.12618856787955,17.997170410375787,17.4575520738304,3.705961803772516,3.691896112856379,3.7818450594462854,4.105433000382722,3.1817285759418006,1.0,150.49626615665872,24.824780272714875,21.01004675503618
203.02475310261696,202.2725253793702,8.42896142804036,18.694792920822238,3.6023349443476906,3.602334945026343,3.6023349459728924,3.6023349498692414,3.60233493921915,0.0,158.4865774329311,32.5256853891825,20.611108028738272
204.18942608609524,203.3564544668854,0.0,16.328259148683372,3.7403229617779994,3.7403229623631216,3.740322962041242,3.740322961564882,3.7403229609921915,0.0,148.10337199210096,31.093198737076406,21.676758771788084
195.48073757067124,191.85511718984694,8.542447892527822,9.055035855688962,3.774324866838117,3.7743248678216963,3.774324867120099,3.774324866966437,3.7743248662801534,0.0,156.96264643595694,22.197377392642434,22.485994917572754
199.7121166296724,195.1201436482552,5.732090836634063,11.530877354307028,3.6422822915732156,3.6381188424864614,3.6796625336662436,3.816969558262042,3.5127815070316184,1.0,151.91882678627383,35.51034554505434,20.6326001033338
174.48083980171793,174.34074078876645,9.70036476693913,5.255854220886683,3.6789365416032846,3.6730414240725917,3.731864032318931,3.9262800098335493,3.4955735885569,1.0,175.85706854335376,27.277305090331637,22.992725355169682
176.24473752900394,189.33996664126965,7.059283432041574,1.8058887244132363e-15,3.874321671367895,3.8743216718135303,3.8743216716380173,3.874321671431131,3.87432167094302,0.0,166.32458322068334,18.08993434019768,23.91596019022238
175.2687792349529,171.06030952912695,10.826798979464472,0.0,3.6670155553090416,3.6670155553475827,3.6670155570463936,3.6670155623761724,3.667015549623118,0.0,171.45275772284683,25.02495983817924,22.131516968907977
164.47395898677598,158.53283386036233,5.799063359713633,0.0,3.690468739240201,3.690468739644623,3.6904687396818447,3.6904687397525815,3.6904687382757864,0.0,175.9656992930721,26.447173099754824,21.13423025145241
161.32177440826945,168.37859179055985,3.465493463690942,0.0,3.631381077966921,3.6313810786359353,3.631381078018003,3.631381078100322,3.6313810779417106,0.0,176.95399223154064,13.575678284142345,21.706934542083133
155.92050201466992,160.8863167849476,20.870780774523137,0.0,3.3790851617806528,3.3772271274284487,3.395766953575253,3.457043365532066,3.321292462035191,1.0,201.0666327901786,16.20172495737286,18.52793517407556
147.59191252209368,142.29388775511353,6.729366572614223,0.0,3.3924459495421235,3.3924459498253436,3.392445949935167,3.392445949974673,3.3924459487521634,0.0,193.5468188796833,21.926212916722946,18.481269076592984
135.832382490463,133.84387562119193,10.419723759874328,0.0,3.4015389507885523,3.4015389511107785,3.4015389509981206,3.4015389508683977,3.4015389504915174,0.0,209.8744996910801,10.009513743870665,19.584989619987876
144.70461263296866,145.4674206888873,24.040452351252313,0.0,3.4232842924269336,3.423284292729307,3.4232842927134537,3.4232842926227294,3.4232842917516795,0.0,212.8574422719716,4.994503212389239,18.61966827619069
142.93157988960002,144.53758468444923,18.4435729488882,0.0,3.4335802314884996,3.4335802315839454,3.433580231562803,3.433580231568913,3.4335802314001187,0.0,213.07688649712932,1.1940120887760073e-08,19.08422706731237
147.35504477612662,139.31186128562928,7.446354890894442,0.0,3.454802280595617,3.454802280821348,3.4548022821810154,3.4548022856525646,3.454802275844257,0.0,194.1742778322469,28.86887487040947,20.089578495819456
149.7559209133172,152.84752013517456,0.9203660502490946,0.0,3.5367563100766084,3.5367563103503072,3.5367563109741695,3.536756312508774,3.536756307530139,0.0,186.0910479615237,32.22624689727232,20.57647520575444
146.96249393629373,150.97944959913337,22.39724005798572,0.0,3.4106621988427617,3.4106621989557033,3.4106621990341752,3.41066219922611,3.4106621984322687,0.0,213.77010451374096,1.8676841446277255,18.86616420678708
152.0861917100798,141.2158216285248,5.449550891398287,0.0,3.309577635775117,3.309577636060447,3.3095776361221287,3.3095776362737808,3.309577634903667,0.0,188.7576753473023,24.946228989980447,19.490826290211935
168.48673923377973,168.29301808783126,10.215277697675798,3.7498344873484513,3.5678237658885967,3.5678237663258137,3.567823766169772,3.5678237660581447,3.5678237654306635,0.0,180.42185923095778,16.21458709740175,19.910443803187476
180.78010420123925,179.07709423359393,7.189751835845599,10.352645762664961,3.770826504286492,3.770826504788935,3.770826504510122,3.7708265043509503,3.7708265041136158,0.0,171.74092757116603,13.046192864885493,22.34913364588848
181.13954436114477,179.99474082685134,0.0,14.297937332878652,3.698011600599584,3.6980116010919577,3.6980116008139623,3.6980116005940586,3.69801160036473,0.0,168.57673188515787,21.176106712333155,22.042431009208403
203.46421580425041,208.09713608496645,24.696406714820785,11.1727160070345,3.814477261222978,3.805891080195149,3.891565638775923,4.174730626050762,3.5474108962957387,1.0,168.08700318044473,16.302324509392225,23.51021779515154
212.13954116470595,210.18803674428548,8.004890253271487,9.473821120869685,3.859677341135287,3.847789829474337,3.966405692480979,4.358445752521197,3.4899257169647244,1.0,140.80360498284776,34.62189681717263,24.406747253553498
214.77424000973144,218.89474621298905,6.414206951218272,9.525073056288672,3.9837149512407644,3.9837149543341144,3.9837149514579395,3.98371495162245,3.9837149514443326,0.0,136.8389166552002,15.218833877010141,23.55314376536412
197.17142403867098,196.31711801516042,11.181466089842875,21.360281735954512,3.646631935047519,3.6466319356992125,3.646631934549651,3.6466319313927262,3.6466319321695004,0.0,169.16981572933406,18.903696745016298,21.593676140609368
210.3255431665985,206.49558751912528,15.596863334752399,13.93073301530495,3.76448358151034,3.7639192148298117,3.7695505744236266,3.788162912768243,3.746929399816058,1.0,153.83501029112932,28.431973782115282,21.39686158323753
199.2755051608362,200.21396011897016,9.62679984794852,8.060263095353912,3.7306657805239074,3.7306657810656874,3.7306657814971245,3.7306657803338354,3.7306657791958613,0.0,155.44600551370132,22.47042492607157,22.54543747612006
213.30837827265222,212.9502555397427,12.478201932845897,8.478055602774663,3.8657485743990336,3.865748579751176,3.865748575059507,3.8657485755009464,3.8657485738239403,0.0,143.5074439042084,25.0425287399607,22.66371149659117
174.57787333143708,173.1362016874156,10.941476655384974,5.135962922030602,3.5576974177737406,3.551909416140758,3.6096632023199398,3.800546591376063,3.3776662168041645,1.0,177.16012368484,30.389300181343476,20.310779281240812
181.3658041260867,172.32116110769314,15.355575719188009,1.3579598120651954e-15,3.654725265679448,3.6409176782391133,3.77869242180216,4.23405494827001,3.2252512147621166,1.0,169.7712513073345,21.74532179628572,23.440622900339736
167.09888401721378,169.3697623546447,10.559253137229774,0.0,3.6771267810381305,3.6771267816442963,3.6771267811317974,3.677126781148009,3.677126780991589,0.0,177.80176347022515,5.362035076875408,21.139313781800688
161.67868144291162,153.6916066003567,20.683862068300968,0.0,3.563839802459687,3.563839802744626,3.5638398029150182,3.5638398031224336,3.563839801364844,0.0,194.7453671479577,9.739102716453822,19.49106358603046
153.46863633809943,154.06052586730178,8.937571086168624,0.0,3.4856462298810924,3.485646230152541,3.485646230249184,3.485646230382658,3.4856462291532764,0.0,190.36897708580284,18.978940757959766,19.723756396341862
151.62919973572696,151.7863666751818,26.467140956223094,0.0,3.406665009868168,3.4051083867293084,3.4206406761835355,3.4719768081995586,3.3582474602014596,1.0,207.87445135997453,12.55587581822382,18.454603878283223
138.08914815047638,135.7647323807768,15.467222902884789,0.0,3.4008302164123796,3.4008302175323473,3.400830217125233,3.4008302171563316,3.400830216161105,0.0,211.5770109917691,1.1676572010032981e-07,19.572186416871812
138.03208722399668,133.48913926816593,19.0890829400429,0.0,3.382754847635118,3.381694115776089,3.392278305180097,3.4272603550245533,3.3497616105422803,1.0,214.33206879152033,18.928203987282135,20.089705521819496
149.54723194546725,149.997064111657,8.1627278850534,0.0,3.499969964200361,3.499969964783288,3.4999699644163087,3.499969964526276,3.4999699641722684,0.0,193.4153907630585,7.242518372587627,20.315719359945376
136.30195045707782,131.83052782401674,18.804030944633272,0.0,3.3734224816819522,3.3734224825230474,3.3734224821825904,3.3734224821589107,3.373422481355913,0.0,215.21066668243878,1.4301057439986972e-07,18.401041265955772
151.0995050532078,152.1069626788623,26.55896669516937,0.0,3.228433874244017,3.224595732728097,3.262893443903417,3.3894721037149855,3.109051519818613,1.0,208.63082701518198,14.32331851695014,18.442735684312403
160.76892844472422,159.60701402161777,20.85226286565589,0.0,3.3413486632460105,3.3325629635926526,3.420228351820458,3.709973275577571,3.0680764478429734,1.0,194.2108925241178,16.812682309133002,20.07489886863382
139.91947453610823,142.45137287077154,21.107825058349377,0.0,3.427660531266062,3.4215400585832207,3.4826113051597485,3.6844593090781825,3.237288079967468,1.0,216.6995660824201,13.073914127292808,19.46891038186169
156.19093456570863,154.32361324061526,10.432612647016411,0.0,3.3963428764900114,3.3935329324668224,3.421571092411116,3.514240669224628,3.30894179091607,1.0,188.86028790784442,27.580414906909688,19.822011461729637
191.63590801768225,189.47304573487423,28.671214883862337,3.0593388738209906,3.578731498484868,3.561521579060314,3.746756418785838,4.227338372319509,3.0666804136290877,1.0,173.20258841169664,13.927906897165283,22.64030769458741
165.38460156252347,163.13495589244968,20.283174747435666,6.370673276204847,3.4737855713225554,3.4737855714467396,3.4737855713777464,3.4737855713908967,3.4737855712754566,0.0,196.65241502340461,5.576213674628614e-08,19.09106828460719
178.77537133029278,184.96967221195226,26.673262738922485,15.304257405539447,3.4284224989683194,3.4208122900817513,3.4967484068383032,3.7477266400143985,3.191712992038193,1.0,196.19514588448186,15.330092057809791,19.599580821575795
188.98197607937047,181.08761368720218,10.542504144195133,11.357634983558901,3.721232693046979,3.7212326940536062,3.7212326932332833,3.7212326931862725,3.721232692961211,0.0,168.3088321346699,9.154131911485594,21.684973252076276
201.00980720120364,201.27969726711373,9.895715526156302,12.580053543899421,3.706776755983717,3.69985391352266,3.7689313622660494,3.997240854511562,3.4914472175539926,1.0,155.41749451873386,31.521452265745626,21.854239835985176
216.6997773101128,215.2877929055539,30.468364209108163,23.433591179107243,3.7292459248469987,3.726615306429872,3.7190507351995796,3.7116901712427897,3.58923620139549,1.0,168.49458808798104,11.499764118888981,19.692012231185796
219.130431798258,231.00735939496928,15.731701122386873,20.6145613680286,3.6885558529983222,3.6878094806627058,3.6952569632348258,3.7198718218286206,3.6653404064818282,1.0,154.69182194589834,23.549508689495784,20.75346478149931
221.5317553116831,218.4882973192271,25.908766352173423,15.063569471374167,3.7781952507669145,3.7630244649686766,3.9145911252640264,4.413689860473553,3.306646278562301,1.0,156.42277711233916,18.104946842561766,22.46906601499548
183.8221324403811,177.18289259573186,18.61765174985524,14.75447351076942,3.61589541369396,3.6158954141865602,3.61589541404317,3.615895413761554,3.615895413060196,0.0,189.57777381357167,6.346978884251331,20.604280571388554
189.8457173263913,188.12202964404602,25.719712372542407,8.801697591419648,3.4706263791412497,3.4636813985783306,3.5329797424690463,3.762019315864781,3.2546082644503618,1.0,176.82114494826715,20.19136225120773,21.133091066767555
170.56023795077755,164.36893656001615,9.714382161115852,2.432878640057036,3.6263643571615085,3.623998705773305,3.6476036295657224,3.7256208146048007,3.552782639250579,1.0,178.51688360407803,25.35301960726094,22.00338693500973
180.07278420640466,178.55237303841244,28.345337778626586,9.988322502461693e-16,3.586764802673351,3.5776303265501808,3.6687758804590795,3.9700231816840437,3.3026441469339325,1.0,183.03222390319908,9.972736796244627,20.62406458877588
182.85881070017567,178.4511940837088,11.698924607973288,0.0,3.772308634404035,3.752525299752723,3.949927195540372,4.602364819863399,3.156963688594841,1.0,166.490306607242,21.937871559254894,22.741839063140336
154.55116002343635,147.0836319928282,18.69151507007862,0.0,3.378001679105972,3.378001679415561,3.3780016794498873,3.37800167956389,3.3780016783142615,0.0,204.5061722030136,5.170870123868561,19.67484635459892
144.7511146904602,146.76572325161948,33.34542556796527,0.0,3.3323481413290432,3.332348141434949,3.332348142303818,3.332348144435358,3.332348138331918,0.0,222.78719163336518,1.6983797865940227,19.51488660175072
153.24931190982818,148.30014561438983,12.257827565327364,0.0,3.4694730073818896,3.4612698908783663,3.5431221528818146,3.8136539774848823,3.2143215797959215,1.0,193.0733033816909,24.699961688061784,20.955868372939264
147.01524305540033,155.26498043671282,17.967089964395136,0.0,3.542143979597153,3.542143979899222,3.5421439799683663,3.5421439796988805,3.5421439790436584,0.0,205.68995190345845,7.204371123503579,20.640032333124626
132.3217103957,135.60857305465245,31.235477599968508,0.0,3.116480041363638,3.1132031697808547,3.1459004238592256,3.253968879879892,3.0145555385856158,1.0,229.73170316749227,8.446293253399427,17.49004680556419
140.36082553744308,144.6799310791127,28.900882607711818,0.0,3.2173129501220274,3.2064298167044063,3.315023795425736,3.67394029341214,2.878801735405681,1.0,224.1360211733148,5.846241068156002,18.065226126956173
149.45661282159745,137.69952010113047,31.175072568626796,0.0,3.402439930737431,3.4021400504061985,3.405132319203088,3.4150221347840106,3.3931123724557706,1.0,213.99591359323153,7.80623820874707,20.199274483628052
133.39415821363212,134.75472185212962,34.999840763892735,0.0,2.9298577115385673,2.8978022840331272,3.2176574440357864,4.274818212886705,1.932799127149593,1.0,240.23265171381036,1.3465887364113573e-09,18.0232372253294
156.56396611818292,161.6264451291444,33.40950567111174,0.0,3.3054081327657796,3.2974763887302556,3.3766208429744284,3.6382030291906218,3.058697535199386,1.0,213.02429391945492,3.6277866454946373,18.580173259649428
145.21958525090398,139.55563255066613,31.776375905393856,0.0,3.244387627217001,3.2443876274757573,3.2443876278831087,3.244387628910485,3.244387625077995,0.0,221.12838752100197,3.860221865984512,18.16255613551482
184.1177853962894,181.35838661176268,29.909375835874094,0.0,3.704512308698043,3.693835346659343,3.800372118302466,4.152489293240474,3.3724138561594748,1.0,181.3430495951572,8.2489253650108,23.03031773225098
161.14028635964956,167.73950982634258,37.897226769449254,4.745044625876276,3.2275336707414475,3.181648925519884,3.63949565565747,5.15273558653466,1.8003251411124621,1.0,218.6605220797117,5.224848634448301e-09,20.732611828263362
178.54310686243232,187.37162389612772,28.571136858575247,10.54908720715546,3.3716167975044278,3.361685834356223,3.4607788810233893,3.7882936247271335,3.0627220678692186,1.0,197.30801742394735,14.73993443355926,18.75398694753876
195.57804046884021,189.91775077306696,19.356655556672152,13.009500862131825,3.7002600121615803,3.6879827154435465,3.810487929536117,4.2153827779551225,3.3183844274838363,1.0,171.1856683054287,18.78328647966644,22.777385821981625
206.89590262295965,208.06387373759048,24.350131195982353,9.276397292111431,3.7707481695488996,3.76704119059633,3.804030147091882,3.926283087834477,3.655445552414433,1.0,161.8272340443127,15.739012056928397,21.959205065924614
190.90212276943998,198.19289844496686,32.277100238252466,18.755610459587945,3.528937630895503,3.5289376318346535,3.5289376321175245,3.528937634630885,3.5289376269463073,0.0,195.86596318149657,7.023193899553161,20.632301147019202
202.56800697003604,207.60020461979317,35.81886537333144,16.366002747453106,3.524029649446933,3.5143914254067297,3.6105634793121366,3.928423987388622,3.224240288579722,1.0,186.22255920723228,10.236800794708595,21.297127125665057
211.1914791089512,212.23401339573812,20.889299517810716,7.841680140634553,3.86516263787166,3.8651626381699926,3.8651626441155087,3.865162664639995,3.865162616651763,0.0,150.62593282002297,21.047595815327256,22.207869276011632
208.6456055635376,222.97547280530398,14.408289629020818,8.953631919692494,3.8512824927860994,3.851282493522315,3.8512824929690352,3.85128249298181,3.8512824925017672,0.0,150.2701550197507,11.116555104150684,22.88427927347497
218.2197447948721,221.92657346678226,40.530230301552336,5.271222318270365,3.910427243473635,3.8932479623032306,4.0646661039861565,4.631224213173661,3.376079353080742,1.0,161.49343831758128,2.2071965518948007,25.348784959050707
195.78313002387756,194.2997208147705,34.850026176466834,9.53226672194952,3.429396540322488,3.4282283986485016,3.439884340684147,3.478408667339573,3.3930624157357476,1.0,180.70616226895618,9.982669955940219,19.006079010410335
191.90764646701086,192.50996940398247,27.112110143303674,4.112850037658968,3.487647894646279,3.483602132879099,3.5239715214525194,3.657397331016812,3.361807667357033,1.0,177.6338261397018,9.321999218241887,20.925124506315086
173.8629661343494,174.78954320402136,17.378136989885046,2.5400564598422988e-15,3.544173563680212,3.544173563966033,3.5441735646577333,3.544173566830371,3.5441735605377205,0.0,179.52750473966827,17.865670129168485,20.84262966318698
145.87778564140453,144.85195286258207,19.07845493822637,0.0,3.6005769645456813,3.600576964897809,3.6005769648404464,3.600576964823905,3.600576964238184,0.0,207.85740961309637,2.237347644799258,20.45508984533208
175.50351172715114,179.44555488381366,33.0981948583163,0.0,3.565132057730081,3.565132058182877,3.565132058088784,3.565132058320583,3.565132056764479,0.0,190.12737625249898,3.3743845382841022,20.478917451962143
151.56356504692957,148.95205395166576,20.633043411538953,0.0,3.3606301949916775,3.3494098327341955,3.4613687500260966,3.831406784418834,3.0116297288279066,1.0,207.15084233492473,14.817528922809634,21.039266411598284
149.94168933898246,146.22007193033073,20.4686977349267,0.0,3.256322455015189,3.2563224553274095,3.256322459978213,3.2563224746429977,3.2563224384920018,0.0,209.0973655035815,12.509421281325853,17.657288834590403
137.8449808382894,130.0680202024253,38.68259908520449,0.0,3.1825563917217505,3.1713408789320114,3.283251404322211,3.653129496494987,2.833706774544443,1.0,234.82510190213617,1.4364534556892385,19.596717326879997
137.72009150074675,136.6467059198684,34.593944613367164,0.0,3.239817988946947,3.2398179891079577,3.2398179892043277,3.239817989322968,3.239817988405414,0.0,225.93486865725566,1.622409655291941e-08,16.916682829643673
144.3885761650964,140.93532629588412,31.051562105858142,0.0,3.3271625775661486,3.3223787699608045,3.3701125185322605,3.52787844481423,3.178366028188007,1.0,217.83539295778934,8.761733073437936,20.19060980970302
137.05062444629993,130.98948633341777,19.436763315681944,0.0,3.6187519960228514,3.6187519963377928,3.618751996349248,3.6187519963062287,3.61875199558889,0.0,219.1490277773014,1.3596484985295385,20.231624169879442
138.24023388562665,138.3384048617575,31.406394136510777,0.0,3.141220524259087,3.1412205244660742,3.141220524547988,3.141220524674182,3.1412205235326605,0.0,227.38450486401098,1.4252262181627286e-08,18.038240594104245
164.2680173619934,165.90327501859366,32.86479620502706,0.0,3.5632922051859297,3.559029901679346,3.60155998276672,3.7421271460961174,3.430716627097675,1.0,198.60532986295928,11.75670203616283,20.444506300453234
160.39637275074386,159.64625385864963,34.230030511615006,0.0,3.5628058677130947,3.562805867963683,3.5628058688254662,3.562805871144513,3.562805864381212,0.0,207.06214618272165,1.5201843871989862,21.693492520939678
160.1842076115162,156.8246040316177,30.91300835231901,0.0,3.551892432408149,3.54954966928965,3.572926208852021,3.6501885556638003,3.4790226383010183,1.0,208.40982962557172,4.96752464785362,20.53282198544632
166.32046728665102,171.75434142365705,37.10099986986518,3.652615068655185,3.4990829296195596,3.4990829300195947,3.499082930386989,3.4990829311841565,3.499082927375454,0.0,207.52693049808047,3.530859819462393,19.497001566234363
172.23423913313636,160.90982362785599,25.396100846637378,5.15687930279461,3.3429341559541212,3.3429341563900645,3.3429341606545857,3.3429341740163956,3.342934140555225,0.0,196.7351882510346,7.276456375830046,18.909411681423386
185.00010537683664,187.18010429930087,24.783813449495984,11.577485915853215,3.5786130083356498,3.57861300867079,3.578613008935896,3.578613009141723,3.578613006790909,0.0,184.74875564266017,13.185168094388855,20.699389550927265
209.32880785729864,214.24882283503763,37.86865116508364,9.814695562367223,3.5991268443328925,3.5747522482475733,3.841823100558208,4.492083416959589,2.8820268151754487,1.0,172.40280513882772,3.8489851592930067,21.44385860551711
209.60083146371497,203.76876631528665,30.590574955616088,22.857608294047928,3.704295816759002,3.704295817025988,3.704295816124137,3.7042958137668993,3.704295813951629,0.0,182.8160807423833,1.5347294586468607e-07,22.623746641027825
208.0297843441988,213.83894636408274,20.328303140915366,21.365202299553737,3.7977103930760547,3.7977103942053243,3.797710393316292,3.7977103931877,3.7977103923363456,0.0,170.71035758501037,8.490337040483725,21.42010035390799
210.26466996217482,215.6276991630095,28.197856482498228,16.047529336846257,3.5237547504991,3.512188803822596,3.6275960308780344,4.00903114903597,3.1640051485695686,1.0,170.08759790128812,12.509754699668546,20.724191854045344
200.92457130626605,199.1159687903921,27.82622793425467,6.98254229070418,3.635266249823398,3.6171572820959557,3.797852024703714,4.395070443358546,3.072001160161094,1.0,168.43139836293,14.076290886667161,23.301402423473483
200.83302137250104,195.78589108656598,43.308589427133185,11.393773165631671,3.4624627372375345,3.446981036456788,3.6014603979087365,4.112033747868375,2.980916734777033,1.0,185.00058640210835,3.9923948687795647,22.007800393835502
197.67884379929527,203.0125317258226,30.691200624746408,7.904795462245381,3.6358239798963923,3.6188069455868326,3.797028808618565,4.304009364180884,3.1210163844076875,1.0,182.86637121336406,9.511994098925813,22.17478505200535
184.87082429927017,188.64684147978738,34.66947500644792,2.6988526466021225,3.6041487562621963,3.582084460013648,3.802246214016216,4.52990797640162,2.9178563508285267,1.0,189.4218065532347,9.794763511107234e-09,22.446053482918725
180.67058492770727,176.34189088805473,29.801693372932622,2.201552654059399e-15,3.738115804821699,3.736015799548147,3.7569700549319034,3.826226454634062,3.672796800842716,1.0,187.8459388024309,3.453911406508578,22.83570660525556
175.05117777671455,171.07990913888818,37.79724799018662,0.0,3.2204616755865363,3.176640323655596,3.6138981234867322,5.05908910290689,1.8574333490539785,1.0,199.94882222328542,5.929628390216918e-09,20.539263320238163
161.4057941720714,155.4816751848016,34.26763700099619,0.0,3.5462219794718437,3.5412840074553595,3.5905560348109753,3.753406164529242,3.3926302787719247,1.0,205.0437626812261,3.0620539770209225,21.557897612380554
150.1515786949659,161.5267858749235,33.31969402948426,0.0,3.2319972141374973,3.207466248154426,3.4522409004408616,4.261251327435253,2.4689810148820066,1.0,222.38667242622012,5.380335069315646e-09,20.19882377011517
150.60414578692792,154.6936765355406,32.56762063374956,0.0,3.1318030890787343,3.1245487482729186,3.1969339438266355,3.436175945939056,2.9061625812402845,1.0,217.033108383846,5.276576145033453,17.710724009109637
156.28316761221362,155.66074800048418,27.447308587613303,0.0,3.5083109480457466,3.508310948180795,3.5083109484172086,3.5083109489784174,3.508310947041541,0.0,210.82399324451643,1.3149733909148158e-07,19.3697629361932
142.76679068730508,147.65340875342204,21.81017242674365,0.0,3.3553787309814993,3.3553787311559855,3.355378731764705,3.35537873277413,3.3553787286250594,0.0,215.111950419803,12.894175314585793,18.3189576151283
132.0731581624114,129.55459268010037,21.8114233839775,0.0,3.236351867914562,3.2350607150647557,3.247944085554613,3.290525214031888,3.196191580291628,1.0,224.2139529856821,13.452989178573752,18.049345953258154
143.58080976690985,148.32622893250908,14.847362318101098,0.0,3.447331501107605,3.4473315013993475,3.447331501690688,3.4473315020979283,3.4473314999581346,0.0,205.64651720778448,13.472805808137142,19.008829577404917
128.81068901262765,120.84830128122778,46.907099463180174,0.0,2.8459502928289275,2.7688632673758815,3.5380522859805126,6.080316899092135,0.4482196637871489,1.0,245.95376307284016,4.044901757913534e-10,22.350320047144937
145.45287096694523,149.186849928326,30.711791409959098,0.0,3.180653080983367,3.171604771737134,3.2618905250930355,3.5602960795073506,2.8992126143927375,1.0,221.20938536330615,6.625386416922684,19.399600081180346
167.35288377183102,167.5456333935106,35.40258592554464,0.0,3.5065155525844354,3.506515552382151,3.506515561165923,3.5065155902073752,3.5065155235176637,0.0,199.07211257930368,3.475163327321202,20.709584058474874
160.50541940921434,163.43389679276652,45.7493475597426,0.0,3.3463150023071146,3.327691148097655,3.513523513185187,4.12772240846024,2.767034821369573,1.0,213.92986834516327,2.6505280223658637e-09,21.090605059363334
179.15917639152363,181.8868417118562,29.171489597270437,4.137915428523745,3.650219929096738,3.6502199294820388,3.650219929631998,3.650219930149147,3.6502199278054364,0.0,190.02682574179573,3.8288558685988385,20.204655265358824
186.26393708600682,186.36636104526,16.373725733945342,7.536423612883246,3.669245693844962,3.669245694449349,3.669245694332088,3.669245694811975,3.6692456925930412,0.0,170.74494772604095,20.909788486776353,22.46085840374648
194.76574855774714,182.31419087089432,31.480208977872405,9.652293777477045,3.6608809604402213,3.66088096055141,3.660880962847575,3.6608809700913794,3.660880952495958,0.0,176.48613037144446,15.804391174490704,20.389710812776883
197.76197534448562,195.7337994801716,32.859943314915476,7.470546486495444,3.733646523469493,3.7320162581060314,3.7482833617237556,3.802048147527246,3.6829383972060667,1.0,183.86931374773945,0.712956876009867,21.446158781024614
198.8965316993351,184.7968660136403,18.565412083262334,12.964902123042595,3.630975367395332,3.615372474332304,3.7710611200875315,4.285631302541649,3.1456597600940652,1.0,167.67150550999503,22.184687265967344,21.89931372949768
197.0508270107008,207.97411316947122,33.395714844492666,7.895470275952306,3.750915644807699,3.7453916739413886,3.800510911623381,3.9826867917654534,3.5790969089534626,1.0,179.71660276863648,6.352112498473872,21.595398127219045
207.4844228135852,214.81592465892822,43.0308969738423,16.693319009482327,3.577191912462175,3.569114655496547,3.6497110652468727,3.916092143311679,3.3259552514575916,1.0,181.33306698192274,6.815212734020272,21.06772069922438
207.44202222728796,212.20416439635025,22.561735986236403,14.85783738713456,3.590369465825493,3.5841348959927815,3.6463446359728158,3.851955505373799,3.3964480776235324,1.0,169.306629081745,14.05377098558561,21.559560569648433
209.030753545252,207.20330484466515,36.626442550188244,10.708003272350464,3.7135173506861436,3.701140568012662,3.8246384787177523,4.232814313233144,3.328547311756049,1.0,174.27916969036175,1.854692268674904,22.784042062993244
