数据,目标,方法,k,剩余最大V,剩余危险组合
RTS-GMLC,Y_机组出力_223_STEAM_3,pearson,0,0.9950751066207886,60
RTS-GMLC,Y_机组出力_223_STEAM_3,pearson,1,0.9934831857681274,59
RTS-GMLC,Y_机组出力_223_STEAM_3,pearson,2,0.9934831857681274,58
RTS-GMLC,Y_机组出力_223_STEAM_3,pearson,3,0.9929665327072144,57
RTS-GMLC,Y_机组出力_223_STEAM_3,pearson,4,0.9899468421936035,56
RTS-GMLC,Y_机组出力_223_STEAM_3,pearson,5,0.9899468421936035,55
RTS-GMLC,Y_机组出力_223_STEAM_3,pearson,6,0.9899468421936035,54
RTS-GMLC,Y_机组出力_223_STEAM_3,pearson,7,0.9863810539245605,53
RTS-GMLC,Y_机组出力_223_STEAM_3,pearson,8,0.9852306246757507,52
RTS-GMLC,Y_机组出力_223_STEAM_3,pearson,9,0.9773703813552856,51
RTS-GMLC,Y_机组出力_223_STEAM_3,pearson,10,0.9749926328659058,32
RTS-GMLC,Y_机组出力_223_STEAM_3,pearson,11,0.9749926328659058,18
RTS-GMLC,Y_机组出力_223_STEAM_3,pearson,12,0.9749926328659058,10
RTS-GMLC,Y_机组出力_223_STEAM_3,pearson,13,0.9698789119720459,3
RTS-GMLC,Y_机组出力_223_STEAM_3,pearson,14,0.5363897085189819,2
RTS-GMLC,Y_机组出力_223_STEAM_3,pearson,15,0.4860830307006836,0
RTS-GMLC,Y_机组出力_223_STEAM_3,pearson,16,0.47886085510253906,0
RTS-GMLC,Y_机组出力_223_STEAM_3,pearson,17,0.43853557109832764,0
RTS-GMLC,Y_机组出力_223_STEAM_3,pearson,18,0.43853557109832764,0
RTS-GMLC,Y_机组出力_223_STEAM_3,pearson,19,0.43853557109832764,0
RTS-GMLC,Y_机组出力_223_STEAM_3,pearson,20,0.4032078981399536,0
RTS-GMLC,Y_机组出力_223_STEAM_3,pearson,21,0.29965388774871826,0
RTS-GMLC,Y_机组出力_223_STEAM_3,pearson,22,0.04330158233642578,0
RTS-GMLC,Y_机组出力_223_STEAM_3,pearson,23,0.0,0
RTS-GMLC,Y_机组出力_223_STEAM_3,spearman,0,0.9950751066207886,60
RTS-GMLC,Y_机组出力_223_STEAM_3,spearman,1,0.9934831857681274,59
RTS-GMLC,Y_机组出力_223_STEAM_3,spearman,2,0.9934831857681274,58
RTS-GMLC,Y_机组出力_223_STEAM_3,spearman,3,0.9934831857681274,57
RTS-GMLC,Y_机组出力_223_STEAM_3,spearman,4,0.9929665327072144,56
RTS-GMLC,Y_机组出力_223_STEAM_3,spearman,5,0.9899468421936035,55
RTS-GMLC,Y_机组出力_223_STEAM_3,spearman,6,0.9863810539245605,54
RTS-GMLC,Y_机组出力_223_STEAM_3,spearman,7,0.9863810539245605,53
RTS-GMLC,Y_机组出力_223_STEAM_3,spearman,8,0.9852306246757507,52
RTS-GMLC,Y_机组出力_223_STEAM_3,spearman,9,0.9773703813552856,51
RTS-GMLC,Y_机组出力_223_STEAM_3,spearman,10,0.9749926328659058,32
RTS-GMLC,Y_机组出力_223_STEAM_3,spearman,11,0.7483017444610596,31
RTS-GMLC,Y_机组出力_223_STEAM_3,spearman,12,0.6863796710968018,17
RTS-GMLC,Y_机组出力_223_STEAM_3,spearman,13,0.6863796710968018,9
RTS-GMLC,Y_机组出力_223_STEAM_3,spearman,14,0.5363897085189819,2
RTS-GMLC,Y_机组出力_223_STEAM_3,spearman,15,0.5226079225540161,1
RTS-GMLC,Y_机组出力_223_STEAM_3,spearman,16,0.47886085510253906,0
RTS-GMLC,Y_机组出力_223_STEAM_3,spearman,17,0.43853557109832764,0
RTS-GMLC,Y_机组出力_223_STEAM_3,spearman,18,0.43853557109832764,0
RTS-GMLC,Y_机组出力_223_STEAM_3,spearman,19,0.43853557109832764,0
RTS-GMLC,Y_机组出力_223_STEAM_3,spearman,20,0.4032078981399536,0
RTS-GMLC,Y_机组出力_223_STEAM_3,spearman,21,0.29965388774871826,0
RTS-GMLC,Y_机组出力_223_STEAM_3,spearman,22,0.04330158233642578,0
RTS-GMLC,Y_机组出力_223_STEAM_3,spearman,23,0.0,0
RTS-GMLC,Y_机组出力_223_STEAM_3,mi,0,0.9950751066207886,60
RTS-GMLC,Y_机组出力_223_STEAM_3,mi,1,0.9934831857681274,59
RTS-GMLC,Y_机组出力_223_STEAM_3,mi,2,0.9934831857681274,58
RTS-GMLC,Y_机组出力_223_STEAM_3,mi,3,0.9929665327072144,57
RTS-GMLC,Y_机组出力_223_STEAM_3,mi,4,0.9899468421936035,56
RTS-GMLC,Y_机组出力_223_STEAM_3,mi,5,0.9883776903152466,55
RTS-GMLC,Y_机组出力_223_STEAM_3,mi,6,0.9883776903152466,54
RTS-GMLC,Y_机组出力_223_STEAM_3,mi,7,0.9883776903152466,53
RTS-GMLC,Y_机组出力_223_STEAM_3,mi,8,0.9851452112197876,52
RTS-GMLC,Y_机组出力_223_STEAM_3,mi,9,0.9636973738670349,51
RTS-GMLC,Y_机组出力_223_STEAM_3,mi,10,0.7507718205451965,50
RTS-GMLC,Y_机组出力_223_STEAM_3,mi,11,0.7483017444610596,31
RTS-GMLC,Y_机组出力_223_STEAM_3,mi,12,0.7483017444610596,20
RTS-GMLC,Y_机组出力_223_STEAM_3,mi,13,0.6863796710968018,9
RTS-GMLC,Y_机组出力_223_STEAM_3,mi,14,0.5363897085189819,2
RTS-GMLC,Y_机组出力_223_STEAM_3,mi,15,0.5226079225540161,1
RTS-GMLC,Y_机组出力_223_STEAM_3,mi,16,0.43853557109832764,0
RTS-GMLC,Y_机组出力_223_STEAM_3,mi,17,0.4032078981399536,0
RTS-GMLC,Y_机组出力_223_STEAM_3,mi,18,0.23629844188690186,0
RTS-GMLC,Y_机组出力_223_STEAM_3,mi,19,0.18933135271072388,0
RTS-GMLC,Y_机组出力_223_STEAM_3,mi,20,0.13722145557403564,0
RTS-GMLC,Y_机组出力_223_STEAM_3,mi,21,0.10183030366897583,0
RTS-GMLC,Y_机组出力_223_STEAM_3,mi,22,0.03997194766998291,0
RTS-GMLC,Y_机组出力_223_STEAM_3,mi,23,0.0,0
RTS-GMLC,Y_机组出力_223_STEAM_3,dcor,0,0.9950751066207886,60
RTS-GMLC,Y_机组出力_223_STEAM_3,dcor,1,0.9934831857681274,59
RTS-GMLC,Y_机组出力_223_STEAM_3,dcor,2,0.9934831857681274,58
RTS-GMLC,Y_机组出力_223_STEAM_3,dcor,3,0.9929665327072144,57
RTS-GMLC,Y_机组出力_223_STEAM_3,dcor,4,0.9899468421936035,56
RTS-GMLC,Y_机组出力_223_STEAM_3,dcor,5,0.9883776903152466,55
RTS-GMLC,Y_机组出力_223_STEAM_3,dcor,6,0.9883037805557251,54
RTS-GMLC,Y_机组出力_223_STEAM_3,dcor,7,0.9863810539245605,53
RTS-GMLC,Y_机组出力_223_STEAM_3,dcor,8,0.9852306246757507,52
RTS-GMLC,Y_机组出力_223_STEAM_3,dcor,9,0.9773703813552856,51
RTS-GMLC,Y_机组出力_223_STEAM_3,dcor,10,0.7507718205451965,50
RTS-GMLC,Y_机组出力_223_STEAM_3,dcor,11,0.7483017444610596,31
RTS-GMLC,Y_机组出力_223_STEAM_3,dcor,12,0.6863796710968018,17
RTS-GMLC,Y_机组出力_223_STEAM_3,dcor,13,0.6863796710968018,9
RTS-GMLC,Y_机组出力_223_STEAM_3,dcor,14,0.5363897085189819,2
RTS-GMLC,Y_机组出力_223_STEAM_3,dcor,15,0.4860830307006836,0
RTS-GMLC,Y_机组出力_223_STEAM_3,dcor,16,0.47886085510253906,0
RTS-GMLC,Y_机组出力_223_STEAM_3,dcor,17,0.43853557109832764,0
RTS-GMLC,Y_机组出力_223_STEAM_3,dcor,18,0.43853557109832764,0
RTS-GMLC,Y_机组出力_223_STEAM_3,dcor,19,0.43853557109832764,0
RTS-GMLC,Y_机组出力_223_STEAM_3,dcor,20,0.4032078981399536,0
RTS-GMLC,Y_机组出力_223_STEAM_3,dcor,21,0.12510067224502563,0
RTS-GMLC,Y_机组出力_223_STEAM_3,dcor,22,0.04330158233642578,0
RTS-GMLC,Y_机组出力_223_STEAM_3,dcor,23,0.0,0
RTS-GMLC,Y_机组出力_223_STEAM_3,M0,0,0.9950751066207886,60
RTS-GMLC,Y_机组出力_223_STEAM_3,M0,1,0.9934831857681274,59
RTS-GMLC,Y_机组出力_223_STEAM_3,M0,2,0.9934831857681274,58
RTS-GMLC,Y_机组出力_223_STEAM_3,M0,3,0.9929665327072144,57
RTS-GMLC,Y_机组出力_223_STEAM_3,M0,4,0.9929665327072144,56
RTS-GMLC,Y_机组出力_223_STEAM_3,M0,5,0.9899468421936035,55
RTS-GMLC,Y_机组出力_223_STEAM_3,M0,6,0.9887359142303467,54
RTS-GMLC,Y_机组出力_223_STEAM_3,M0,7,0.9857602715492249,53
RTS-GMLC,Y_机组出力_223_STEAM_3,M0,8,0.9852306246757507,52
RTS-GMLC,Y_机组出力_223_STEAM_3,M0,9,0.9636973738670349,51
RTS-GMLC,Y_机组出力_223_STEAM_3,M0,10,0.7507718205451965,50
RTS-GMLC,Y_机组出力_223_STEAM_3,M0,11,0.7483017444610596,31
RTS-GMLC,Y_机组出力_223_STEAM_3,M0,12,0.6863796710968018,17
RTS-GMLC,Y_机组出力_223_STEAM_3,M0,13,0.6863796710968018,9
RTS-GMLC,Y_机组出力_223_STEAM_3,M0,14,0.5363897085189819,2
RTS-GMLC,Y_机组出力_223_STEAM_3,M0,15,0.4860830307006836,0
RTS-GMLC,Y_机组出力_223_STEAM_3,M0,16,0.47886085510253906,0
RTS-GMLC,Y_机组出力_223_STEAM_3,M0,17,0.47886085510253906,0
RTS-GMLC,Y_机组出力_223_STEAM_3,M0,18,0.4032078981399536,0
RTS-GMLC,Y_机组出力_223_STEAM_3,M0,19,0.17271888256072998,0
RTS-GMLC,Y_机组出力_223_STEAM_3,M0,20,0.1607191562652588,0
RTS-GMLC,Y_机组出力_223_STEAM_3,M0,21,0.08335202932357788,0
RTS-GMLC,Y_机组出力_223_STEAM_3,M0,22,0.03931093215942383,0
RTS-GMLC,Y_机组出力_223_STEAM_3,M0,23,0.0,0
RTS-GMLC,Y_机组出力_223_STEAM_3,loco,0,0.9950751066207886,60
RTS-GMLC,Y_机组出力_223_STEAM_3,loco,1,0.9934831857681274,59
RTS-GMLC,Y_机组出力_223_STEAM_3,loco,2,0.9934831857681274,51
RTS-GMLC,Y_机组出力_223_STEAM_3,loco,3,0.9934831857681274,47
RTS-GMLC,Y_机组出力_223_STEAM_3,loco,4,0.9934831857681274,46
RTS-GMLC,Y_机组出力_223_STEAM_3,loco,5,0.9934831857681274,29
RTS-GMLC,Y_机组出力_223_STEAM_3,loco,6,0.9934831857681274,23
RTS-GMLC,Y_机组出力_223_STEAM_3,loco,7,0.9934831857681274,22
RTS-GMLC,Y_机组出力_223_STEAM_3,loco,8,0.9934831857681274,20
RTS-GMLC,Y_机组出力_223_STEAM_3,loco,9,0.9928076267242432,19
RTS-GMLC,Y_机组出力_223_STEAM_3,loco,10,0.9926937818527222,18
RTS-GMLC,Y_机组出力_223_STEAM_3,loco,11,0.9926937818527222,17
RTS-GMLC,Y_机组出力_223_STEAM_3,loco,12,0.9926937818527222,12
RTS-GMLC,Y_机组出力_223_STEAM_3,loco,13,0.9926937818527222,11
RTS-GMLC,Y_机组出力_223_STEAM_3,loco,14,0.9907432794570923,10
RTS-GMLC,Y_机组出力_223_STEAM_3,loco,15,0.9878270030021667,9
RTS-GMLC,Y_机组出力_223_STEAM_3,loco,16,0.9878270030021667,7
RTS-GMLC,Y_机组出力_223_STEAM_3,loco,17,0.9878270030021667,4
RTS-GMLC,Y_机组出力_223_STEAM_3,loco,18,0.9691290855407715,3
RTS-GMLC,Y_机组出力_223_STEAM_3,loco,19,0.9691290855407715,3
RTS-GMLC,Y_机组出力_223_STEAM_3,loco,20,0.964335560798645,1
RTS-GMLC,Y_机组出力_223_STEAM_3,loco,21,0.9600375890731812,1
RTS-GMLC,Y_机组出力_223_STEAM_3,loco,22,0.28171128034591675,0
RTS-GMLC,Y_机组出力_223_STEAM_3,loco,23,0.0,0
RTS-GMLC,Y_机组出力_223_STEAM_3,perm,0,0.9950751066207886,60
RTS-GMLC,Y_机组出力_223_STEAM_3,perm,1,0.9934831857681274,59
RTS-GMLC,Y_机组出力_223_STEAM_3,perm,2,0.9934831857681274,58
RTS-GMLC,Y_机组出力_223_STEAM_3,perm,3,0.9934831857681274,50
RTS-GMLC,Y_机组出力_223_STEAM_3,perm,4,0.9934831857681274,32
RTS-GMLC,Y_机组出力_223_STEAM_3,perm,5,0.9910746812820435,31
RTS-GMLC,Y_机组出力_223_STEAM_3,perm,6,0.9909231662750244,20
RTS-GMLC,Y_机组出力_223_STEAM_3,perm,7,0.9909231662750244,18
RTS-GMLC,Y_机组出力_223_STEAM_3,perm,8,0.9909231662750244,14
RTS-GMLC,Y_机组出力_223_STEAM_3,perm,9,0.9909231662750244,13
RTS-GMLC,Y_机组出力_223_STEAM_3,perm,10,0.9909231662750244,12
RTS-GMLC,Y_机组出力_223_STEAM_3,perm,11,0.9905619025230408,11
RTS-GMLC,Y_机组出力_223_STEAM_3,perm,12,0.9905619025230408,10
RTS-GMLC,Y_机组出力_223_STEAM_3,perm,13,0.9905619025230408,8
RTS-GMLC,Y_机组出力_223_STEAM_3,perm,14,0.9905619025230408,8
RTS-GMLC,Y_机组出力_223_STEAM_3,perm,15,0.9905619025230408,7
RTS-GMLC,Y_机组出力_223_STEAM_3,perm,16,0.9902548789978027,6
RTS-GMLC,Y_机组出力_223_STEAM_3,perm,17,0.9726232886314392,5
RTS-GMLC,Y_机组出力_223_STEAM_3,perm,18,0.9726232886314392,3
RTS-GMLC,Y_机组出力_223_STEAM_3,perm,19,0.9726232886314392,1
RTS-GMLC,Y_机组出力_223_STEAM_3,perm,20,0.9726232886314392,1
RTS-GMLC,Y_机组出力_223_STEAM_3,perm,21,0.3065676689147949,0
RTS-GMLC,Y_机组出力_223_STEAM_3,perm,22,0.13392484188079834,0
RTS-GMLC,Y_机组出力_223_STEAM_3,perm,23,0.0,0
RTS-GMLC,Y_机组出力_223_STEAM_3,sage,0,0.9950751066207886,60
RTS-GMLC,Y_机组出力_223_STEAM_3,sage,1,0.9934831857681274,59
RTS-GMLC,Y_机组出力_223_STEAM_3,sage,2,0.9934831857681274,58
RTS-GMLC,Y_机组出力_223_STEAM_3,sage,3,0.9929665327072144,57
RTS-GMLC,Y_机组出力_223_STEAM_3,sage,4,0.9929665327072144,52
RTS-GMLC,Y_机组出力_223_STEAM_3,sage,5,0.9899468421936035,51
RTS-GMLC,Y_机组出力_223_STEAM_3,sage,6,0.9894586801528931,50
RTS-GMLC,Y_机组出力_223_STEAM_3,sage,7,0.9894586801528931,38
RTS-GMLC,Y_机组出力_223_STEAM_3,sage,8,0.9894586801528931,22
RTS-GMLC,Y_机组出力_223_STEAM_3,sage,9,0.9894586801528931,12
RTS-GMLC,Y_机组出力_223_STEAM_3,sage,10,0.9894586801528931,8
RTS-GMLC,Y_机组出力_223_STEAM_3,sage,11,0.9894586801528931,8
RTS-GMLC,Y_机组出力_223_STEAM_3,sage,12,0.9894586801528931,6
RTS-GMLC,Y_机组出力_223_STEAM_3,sage,13,0.9894586801528931,5
RTS-GMLC,Y_机组出力_223_STEAM_3,sage,14,0.9885143041610718,5
RTS-GMLC,Y_机组出力_223_STEAM_3,sage,15,0.9883716106414795,5
RTS-GMLC,Y_机组出力_223_STEAM_3,sage,16,0.9883716106414795,5
RTS-GMLC,Y_机组出力_223_STEAM_3,sage,17,0.9880855083465576,4
RTS-GMLC,Y_机组出力_223_STEAM_3,sage,18,0.9880855083465576,4
RTS-GMLC,Y_机组出力_223_STEAM_3,sage,19,0.9880855083465576,3
RTS-GMLC,Y_机组出力_223_STEAM_3,sage,20,0.987721860408783,2
RTS-GMLC,Y_机组出力_223_STEAM_3,sage,21,0.9457652568817139,1
RTS-GMLC,Y_机组出力_223_STEAM_3,sage,22,0.24450898170471191,0
RTS-GMLC,Y_机组出力_223_STEAM_3,sage,23,0.0,0
RTS-GMLC,Y_机组出力_223_STEAM_3,graph,0,0.9950751066207886,60
RTS-GMLC,Y_机组出力_223_STEAM_3,graph,1,0.9950751066207886,59
RTS-GMLC,Y_机组出力_223_STEAM_3,graph,2,0.9950751066207886,58
RTS-GMLC,Y_机组出力_223_STEAM_3,graph,3,0.9950751066207886,57
RTS-GMLC,Y_机组出力_223_STEAM_3,graph,4,0.9950751066207886,56
RTS-GMLC,Y_机组出力_223_STEAM_3,graph,5,0.9950751066207886,55
RTS-GMLC,Y_机组出力_223_STEAM_3,graph,6,0.9950751066207886,54
RTS-GMLC,Y_机组出力_223_STEAM_3,graph,7,0.9950751066207886,53
RTS-GMLC,Y_机组出力_223_STEAM_3,graph,8,0.9864731431007385,52
RTS-GMLC,Y_机组出力_223_STEAM_3,graph,9,0.9636973738670349,51
RTS-GMLC,Y_机组出力_223_STEAM_3,graph,10,0.7507718205451965,50
RTS-GMLC,Y_机组出力_223_STEAM_3,graph,11,0.7483017444610596,31
RTS-GMLC,Y_机组出力_223_STEAM_3,graph,12,0.7388440370559692,20
RTS-GMLC,Y_机组出力_223_STEAM_3,graph,13,0.6771676540374756,9
RTS-GMLC,Y_机组出力_223_STEAM_3,graph,14,0.5363897085189819,2
RTS-GMLC,Y_机组出力_223_STEAM_3,graph,15,0.5226079225540161,1
RTS-GMLC,Y_机组出力_223_STEAM_3,graph,16,0.43853557109832764,0
RTS-GMLC,Y_机组出力_223_STEAM_3,graph,17,0.4032078981399536,0
RTS-GMLC,Y_机组出力_223_STEAM_3,graph,18,0.4032078981399536,0
RTS-GMLC,Y_机组出力_223_STEAM_3,graph,19,0.4032078981399536,0
RTS-GMLC,Y_机组出力_223_STEAM_3,graph,20,0.1607191562652588,0
RTS-GMLC,Y_机组出力_223_STEAM_3,graph,21,0.08383756875991821,0
RTS-GMLC,Y_机组出力_223_STEAM_3,graph,22,0.03997194766998291,0
RTS-GMLC,Y_机组出力_223_STEAM_3,graph,23,0.0,0
RTS-GMLC,Y_机组出力_223_STEAM_3,M2_est,0,0.9950751066207886,60
RTS-GMLC,Y_机组出力_223_STEAM_3,M2_est,1,0.9934831857681274,59
RTS-GMLC,Y_机组出力_223_STEAM_3,M2_est,2,0.9934831857681274,58
RTS-GMLC,Y_机组出力_223_STEAM_3,M2_est,3,0.9934831857681274,57
RTS-GMLC,Y_机组出力_223_STEAM_3,M2_est,4,0.9929665327072144,56
RTS-GMLC,Y_机组出力_223_STEAM_3,M2_est,5,0.9899468421936035,55
RTS-GMLC,Y_机组出力_223_STEAM_3,M2_est,6,0.9863810539245605,54
RTS-GMLC,Y_机组出力_223_STEAM_3,M2_est,7,0.9863810539245605,53
RTS-GMLC,Y_机组出力_223_STEAM_3,M2_est,8,0.9797824621200562,52
RTS-GMLC,Y_机组出力_223_STEAM_3,M2_est,9,0.9785254001617432,51
RTS-GMLC,Y_机组出力_223_STEAM_3,M2_est,10,0.7507718205451965,50
RTS-GMLC,Y_机组出力_223_STEAM_3,M2_est,11,0.6947812438011169,29
RTS-GMLC,Y_机组出力_223_STEAM_3,M2_est,12,0.6863796710968018,17
RTS-GMLC,Y_机组出力_223_STEAM_3,M2_est,13,0.6863796710968018,9
RTS-GMLC,Y_机组出力_223_STEAM_3,M2_est,14,0.5363897085189819,2
RTS-GMLC,Y_机组出力_223_STEAM_3,M2_est,15,0.5363897085189819,1
RTS-GMLC,Y_机组出力_223_STEAM_3,M2_est,16,0.43853557109832764,0
RTS-GMLC,Y_机组出力_223_STEAM_3,M2_est,17,0.4032078981399536,0
RTS-GMLC,Y_机组出力_223_STEAM_3,M2_est,18,0.23629844188690186,0
RTS-GMLC,Y_机组出力_223_STEAM_3,M2_est,19,0.17271888256072998,0
RTS-GMLC,Y_机组出力_223_STEAM_3,M2_est,20,0.13722145557403564,0
RTS-GMLC,Y_机组出力_223_STEAM_3,M2_est,21,0.10183030366897583,0
RTS-GMLC,Y_机组出力_223_STEAM_3,M2_est,22,0.0650564432144165,0
RTS-GMLC,Y_机组出力_223_STEAM_3,M2_est,23,0.0,0
RTS-GMLC,Y_机组出力_223_STEAM_3,M2_cert,0,0.9950751066207886,60
RTS-GMLC,Y_机组出力_223_STEAM_3,M2_cert,1,0.9934831857681274,59
RTS-GMLC,Y_机组出力_223_STEAM_3,M2_cert,2,0.9934831857681274,58
RTS-GMLC,Y_机组出力_223_STEAM_3,M2_cert,3,0.9929665327072144,57
RTS-GMLC,Y_机组出力_223_STEAM_3,M2_cert,4,0.9929665327072144,56
RTS-GMLC,Y_机组出力_223_STEAM_3,M2_cert,5,0.9899468421936035,55
RTS-GMLC,Y_机组出力_223_STEAM_3,M2_cert,6,0.9887359142303467,54
RTS-GMLC,Y_机组出力_223_STEAM_3,M2_cert,7,0.9857602715492249,53
RTS-GMLC,Y_机组出力_223_STEAM_3,M2_cert,8,0.9852306246757507,52
RTS-GMLC,Y_机组出力_223_STEAM_3,M2_cert,9,0.9636973738670349,51
RTS-GMLC,Y_机组出力_223_STEAM_3,M2_cert,10,0.7507718205451965,50
RTS-GMLC,Y_机组出力_223_STEAM_3,M2_cert,11,0.6947812438011169,29
RTS-GMLC,Y_机组出力_223_STEAM_3,M2_cert,12,0.6863796710968018,17
RTS-GMLC,Y_机组出力_223_STEAM_3,M2_cert,13,0.6817871332168579,10
RTS-GMLC,Y_机组出力_223_STEAM_3,M2_cert,14,0.5363897085189819,2
RTS-GMLC,Y_机组出力_223_STEAM_3,M2_cert,15,0.5363897085189819,1
RTS-GMLC,Y_机组出力_223_STEAM_3,M2_cert,16,0.43853557109832764,0
RTS-GMLC,Y_机组出力_223_STEAM_3,M2_cert,17,0.30478036403656006,0
RTS-GMLC,Y_机组出力_223_STEAM_3,M2_cert,18,0.23629844188690186,0
RTS-GMLC,Y_机组出力_223_STEAM_3,M2_cert,19,0.18933135271072388,0
RTS-GMLC,Y_机组出力_223_STEAM_3,M2_cert,20,0.13722145557403564,0
RTS-GMLC,Y_机组出力_223_STEAM_3,M2_cert,21,0.10183030366897583,0
RTS-GMLC,Y_机组出力_223_STEAM_3,M2_cert,22,0.0650564432144165,0
RTS-GMLC,Y_机组出力_223_STEAM_3,M2_cert,23,0.0,0
RTS-GMLC,Y_机组出力_223_STEAM_3,M2,0,0.9950751066207886,60
RTS-GMLC,Y_机组出力_223_STEAM_3,M2,1,0.9934831857681274,59
RTS-GMLC,Y_机组出力_223_STEAM_3,M2,2,0.9934831857681274,58
RTS-GMLC,Y_机组出力_223_STEAM_3,M2,3,0.9929665327072144,57
RTS-GMLC,Y_机组出力_223_STEAM_3,M2,4,0.9929665327072144,56
RTS-GMLC,Y_机组出力_223_STEAM_3,M2,5,0.9899468421936035,55
RTS-GMLC,Y_机组出力_223_STEAM_3,M2,6,0.9887359142303467,54
RTS-GMLC,Y_机组出力_223_STEAM_3,M2,7,0.9857602715492249,53
RTS-GMLC,Y_机组出力_223_STEAM_3,M2,8,0.9852306246757507,52
RTS-GMLC,Y_机组出力_223_STEAM_3,M2,9,0.9636973738670349,51
RTS-GMLC,Y_机组出力_223_STEAM_3,M2,10,0.7507718205451965,50
RTS-GMLC,Y_机组出力_223_STEAM_3,M2,11,0.6947812438011169,29
RTS-GMLC,Y_机组出力_223_STEAM_3,M2,12,0.6863796710968018,17
RTS-GMLC,Y_机组出力_223_STEAM_3,M2,13,0.6817871332168579,10
RTS-GMLC,Y_机组出力_223_STEAM_3,M2,14,0.5363897085189819,2
RTS-GMLC,Y_机组出力_223_STEAM_3,M2,15,0.5363897085189819,1
RTS-GMLC,Y_机组出力_223_STEAM_3,M2,16,0.43853557109832764,0
RTS-GMLC,Y_机组出力_223_STEAM_3,M2,17,0.30478036403656006,0
RTS-GMLC,Y_机组出力_223_STEAM_3,M2,18,0.2631385922431946,0
RTS-GMLC,Y_机组出力_223_STEAM_3,M2,19,0.18933135271072388,0
RTS-GMLC,Y_机组出力_223_STEAM_3,M2,20,0.13722145557403564,0
RTS-GMLC,Y_机组出力_223_STEAM_3,M2,21,0.10183030366897583,0
RTS-GMLC,Y_机组出力_223_STEAM_3,M2,22,0.03997194766998291,0
RTS-GMLC,Y_机组出力_223_STEAM_3,M2,23,0.0,0
RTS-GMLC,Y_机组出力_221_CC_1,pearson,0,0.9901685118675232,52
RTS-GMLC,Y_机组出力_221_CC_1,pearson,1,0.9901685118675232,40
RTS-GMLC,Y_机组出力_221_CC_1,pearson,2,0.9901685118675232,28
RTS-GMLC,Y_机组出力_221_CC_1,pearson,3,0.9901685118675232,19
RTS-GMLC,Y_机组出力_221_CC_1,pearson,4,0.9901685118675232,18
RTS-GMLC,Y_机组出力_221_CC_1,pearson,5,0.989227294921875,17
RTS-GMLC,Y_机组出力_221_CC_1,pearson,6,0.9885836243629456,16
RTS-GMLC,Y_机组出力_221_CC_1,pearson,7,0.9880314469337463,15
RTS-GMLC,Y_机组出力_221_CC_1,pearson,8,0.9859381318092346,14
RTS-GMLC,Y_机组出力_221_CC_1,pearson,9,0.9859381318092346,13
RTS-GMLC,Y_机组出力_221_CC_1,pearson,10,0.9847939610481262,12
RTS-GMLC,Y_机组出力_221_CC_1,pearson,11,0.9832582473754883,11
RTS-GMLC,Y_机组出力_221_CC_1,pearson,12,0.9554634094238281,10
RTS-GMLC,Y_机组出力_221_CC_1,pearson,13,0.9554634094238281,3
RTS-GMLC,Y_机组出力_221_CC_1,pearson,14,0.9554634094238281,1
RTS-GMLC,Y_机组出力_221_CC_1,pearson,15,0.4660688042640686,0
RTS-GMLC,Y_机组出力_221_CC_1,pearson,16,0.4660688042640686,0
RTS-GMLC,Y_机组出力_221_CC_1,pearson,17,0.44509297609329224,0
RTS-GMLC,Y_机组出力_221_CC_1,pearson,18,0.44509297609329224,0
RTS-GMLC,Y_机组出力_221_CC_1,pearson,19,0.29829543828964233,0
RTS-GMLC,Y_机组出力_221_CC_1,pearson,20,0.2690604329109192,0
RTS-GMLC,Y_机组出力_221_CC_1,pearson,21,0.2655419111251831,0
RTS-GMLC,Y_机组出力_221_CC_1,pearson,22,0.015168905258178711,0
RTS-GMLC,Y_机组出力_221_CC_1,pearson,23,0.0,0
RTS-GMLC,Y_机组出力_221_CC_1,spearman,0,0.9901685118675232,52
RTS-GMLC,Y_机组出力_221_CC_1,spearman,1,0.9897912740707397,51
RTS-GMLC,Y_机组出力_221_CC_1,spearman,2,0.989227294921875,50
RTS-GMLC,Y_机组出力_221_CC_1,spearman,3,0.9885836243629456,49
RTS-GMLC,Y_机组出力_221_CC_1,spearman,4,0.9880314469337463,48
RTS-GMLC,Y_机组出力_221_CC_1,spearman,5,0.9880314469337463,47
RTS-GMLC,Y_机组出力_221_CC_1,spearman,6,0.9859381318092346,46
RTS-GMLC,Y_机组出力_221_CC_1,spearman,7,0.9847939610481262,45
RTS-GMLC,Y_机组出力_221_CC_1,spearman,8,0.9721265435218811,44
RTS-GMLC,Y_机组出力_221_CC_1,spearman,9,0.9685822129249573,43
RTS-GMLC,Y_机组出力_221_CC_1,spearman,10,0.9685822129249573,31
RTS-GMLC,Y_机组出力_221_CC_1,spearman,11,0.7892112731933594,30
RTS-GMLC,Y_机组出力_221_CC_1,spearman,12,0.7892112731933594,18
RTS-GMLC,Y_机组出力_221_CC_1,spearman,13,0.6728411912918091,9
RTS-GMLC,Y_机组出力_221_CC_1,spearman,14,0.5343897342681885,2
RTS-GMLC,Y_机组出力_221_CC_1,spearman,15,0.5202786922454834,1
RTS-GMLC,Y_机组出力_221_CC_1,spearman,16,0.4685465097427368,0
RTS-GMLC,Y_机组出力_221_CC_1,spearman,17,0.4457811713218689,0
RTS-GMLC,Y_机组出力_221_CC_1,spearman,18,0.4457811713218689,0
RTS-GMLC,Y_机组出力_221_CC_1,spearman,19,0.39841020107269287,0
RTS-GMLC,Y_机组出力_221_CC_1,spearman,20,0.2690604329109192,0
RTS-GMLC,Y_机组出力_221_CC_1,spearman,21,0.2655419111251831,0
RTS-GMLC,Y_机组出力_221_CC_1,spearman,22,0.015168905258178711,0
RTS-GMLC,Y_机组出力_221_CC_1,spearman,23,0.0,0
RTS-GMLC,Y_机组出力_221_CC_1,mi,0,0.9901685118675232,52
RTS-GMLC,Y_机组出力_221_CC_1,mi,1,0.9897912740707397,51
RTS-GMLC,Y_机组出力_221_CC_1,mi,2,0.9889261722564697,50
RTS-GMLC,Y_机组出力_221_CC_1,mi,3,0.9881998896598816,49
RTS-GMLC,Y_机组出力_221_CC_1,mi,4,0.9880314469337463,48
RTS-GMLC,Y_机组出力_221_CC_1,mi,5,0.9859381318092346,47
RTS-GMLC,Y_机组出力_221_CC_1,mi,6,0.9859381318092346,46
RTS-GMLC,Y_机组出力_221_CC_1,mi,7,0.9834384918212891,45
RTS-GMLC,Y_机组出力_221_CC_1,mi,8,0.9721265435218811,44
RTS-GMLC,Y_机组出力_221_CC_1,mi,9,0.9574379920959473,43
RTS-GMLC,Y_机组出力_221_CC_1,mi,10,0.7950783967971802,42
RTS-GMLC,Y_机组出力_221_CC_1,mi,11,0.7892112731933594,30
RTS-GMLC,Y_机组出力_221_CC_1,mi,12,0.7555752396583557,19
RTS-GMLC,Y_机组出力_221_CC_1,mi,13,0.6728411912918091,9
RTS-GMLC,Y_机组出力_221_CC_1,mi,14,0.5343897342681885,2
RTS-GMLC,Y_机组出力_221_CC_1,mi,15,0.4660688042640686,0
RTS-GMLC,Y_机组出力_221_CC_1,mi,16,0.340559720993042,0
RTS-GMLC,Y_机组出力_221_CC_1,mi,17,0.340559720993042,0
RTS-GMLC,Y_机组出力_221_CC_1,mi,18,0.3164421021938324,0
RTS-GMLC,Y_机组出力_221_CC_1,mi,19,0.13829249143600464,0
RTS-GMLC,Y_机组出力_221_CC_1,mi,20,0.09930628538131714,0
RTS-GMLC,Y_机组出力_221_CC_1,mi,21,0.08263736963272095,0
RTS-GMLC,Y_机组出力_221_CC_1,mi,22,0.008244514465332031,0
RTS-GMLC,Y_机组出力_221_CC_1,mi,23,0.0,0
RTS-GMLC,Y_机组出力_221_CC_1,dcor,0,0.9901685118675232,52
RTS-GMLC,Y_机组出力_221_CC_1,dcor,1,0.9901685118675232,51
RTS-GMLC,Y_机组出力_221_CC_1,dcor,2,0.989227294921875,50
RTS-GMLC,Y_机组出力_221_CC_1,dcor,3,0.9885836243629456,49
RTS-GMLC,Y_机组出力_221_CC_1,dcor,4,0.9880314469337463,48
RTS-GMLC,Y_机组出力_221_CC_1,dcor,5,0.9859381318092346,47
RTS-GMLC,Y_机组出力_221_CC_1,dcor,6,0.9847939610481262,46
RTS-GMLC,Y_机组出力_221_CC_1,dcor,7,0.9847939610481262,34
RTS-GMLC,Y_机组出力_221_CC_1,dcor,8,0.9847939610481262,33
RTS-GMLC,Y_机组出力_221_CC_1,dcor,9,0.9721265435218811,32
RTS-GMLC,Y_机组出力_221_CC_1,dcor,10,0.9721265435218811,20
RTS-GMLC,Y_机组出力_221_CC_1,dcor,11,0.9721265435218811,11
RTS-GMLC,Y_机组出力_221_CC_1,dcor,12,0.9554634094238281,10
RTS-GMLC,Y_机组出力_221_CC_1,dcor,13,0.6728411912918091,9
RTS-GMLC,Y_机组出力_221_CC_1,dcor,14,0.5343897342681885,2
RTS-GMLC,Y_机组出力_221_CC_1,dcor,15,0.4660688042640686,0
RTS-GMLC,Y_机组出力_221_CC_1,dcor,16,0.4660688042640686,0
RTS-GMLC,Y_机组出力_221_CC_1,dcor,17,0.44509297609329224,0
RTS-GMLC,Y_机组出力_221_CC_1,dcor,18,0.39841020107269287,0
RTS-GMLC,Y_机组出力_221_CC_1,dcor,19,0.29829543828964233,0
RTS-GMLC,Y_机组出力_221_CC_1,dcor,20,0.2690604329109192,0
RTS-GMLC,Y_机组出力_221_CC_1,dcor,21,0.02805614471435547,0
RTS-GMLC,Y_机组出力_221_CC_1,dcor,22,0.015168905258178711,0
RTS-GMLC,Y_机组出力_221_CC_1,dcor,23,0.0,0
RTS-GMLC,Y_机组出力_221_CC_1,M0,0,0.9901685118675232,52
RTS-GMLC,Y_机组出力_221_CC_1,M0,1,0.9897912740707397,51
RTS-GMLC,Y_机组出力_221_CC_1,M0,2,0.9889261722564697,50
RTS-GMLC,Y_机组出力_221_CC_1,M0,3,0.9881998896598816,49
RTS-GMLC,Y_机组出力_221_CC_1,M0,4,0.9880314469337463,48
RTS-GMLC,Y_机组出力_221_CC_1,M0,5,0.9859381318092346,47
RTS-GMLC,Y_机组出力_221_CC_1,M0,6,0.9859381318092346,46
RTS-GMLC,Y_机组出力_221_CC_1,M0,7,0.9847939610481262,45
RTS-GMLC,Y_机组出力_221_CC_1,M0,8,0.9721265435218811,44
RTS-GMLC,Y_机组出力_221_CC_1,M0,9,0.9685822129249573,43
RTS-GMLC,Y_机组出力_221_CC_1,M0,10,0.7950783967971802,42
RTS-GMLC,Y_机组出力_221_CC_1,M0,11,0.7892112731933594,30
RTS-GMLC,Y_机组出力_221_CC_1,M0,12,0.7555752396583557,19
RTS-GMLC,Y_机组出力_221_CC_1,M0,13,0.6728411912918091,9
RTS-GMLC,Y_机组出力_221_CC_1,M0,14,0.5343897342681885,2
RTS-GMLC,Y_机组出力_221_CC_1,M0,15,0.4660688042640686,0
RTS-GMLC,Y_机组出力_221_CC_1,M0,16,0.4660688042640686,0
RTS-GMLC,Y_机组出力_221_CC_1,M0,17,0.4660688042640686,0
RTS-GMLC,Y_机组出力_221_CC_1,M0,18,0.44509297609329224,0
RTS-GMLC,Y_机组出力_221_CC_1,M0,19,0.18838505446910858,0
RTS-GMLC,Y_机组出力_221_CC_1,M0,20,0.06933075189590454,0
RTS-GMLC,Y_机组出力_221_CC_1,M0,21,0.02805614471435547,0
RTS-GMLC,Y_机组出力_221_CC_1,M0,22,0.008244514465332031,0
RTS-GMLC,Y_机组出力_221_CC_1,M0,23,0.0,0
RTS-GMLC,Y_机组出力_221_CC_1,loco,0,0.9901685118675232,52
RTS-GMLC,Y_机组出力_221_CC_1,loco,1,0.9897912740707397,51
RTS-GMLC,Y_机组出力_221_CC_1,loco,2,0.9897912740707397,38
RTS-GMLC,Y_机组出力_221_CC_1,loco,3,0.9897912740707397,36
RTS-GMLC,Y_机组出力_221_CC_1,loco,4,0.9897912740707397,35
RTS-GMLC,Y_机组出力_221_CC_1,loco,5,0.9897912740707397,34
RTS-GMLC,Y_机组出力_221_CC_1,loco,6,0.9897912740707397,25
RTS-GMLC,Y_机组出力_221_CC_1,loco,7,0.9897912740707397,20
RTS-GMLC,Y_机组出力_221_CC_1,loco,8,0.9897912740707397,14
RTS-GMLC,Y_机组出力_221_CC_1,loco,9,0.9897912740707397,13
RTS-GMLC,Y_机组出力_221_CC_1,loco,10,0.9897912740707397,12
RTS-GMLC,Y_机组出力_221_CC_1,loco,11,0.9897912740707397,11
RTS-GMLC,Y_机组出力_221_CC_1,loco,12,0.9897912740707397,10
RTS-GMLC,Y_机组出力_221_CC_1,loco,13,0.9896692633628845,9
RTS-GMLC,Y_机组出力_221_CC_1,loco,14,0.9896692633628845,8
RTS-GMLC,Y_机组出力_221_CC_1,loco,15,0.9889844059944153,7
RTS-GMLC,Y_机组出力_221_CC_1,loco,16,0.9889590740203857,6
RTS-GMLC,Y_机组出力_221_CC_1,loco,17,0.9888137578964233,5
RTS-GMLC,Y_机组出力_221_CC_1,loco,18,0.9845492243766785,4
RTS-GMLC,Y_机组出力_221_CC_1,loco,19,0.97602379322052,3
RTS-GMLC,Y_机组出力_221_CC_1,loco,20,0.97602379322052,1
RTS-GMLC,Y_机组出力_221_CC_1,loco,21,0.1476277858018875,0
RTS-GMLC,Y_机组出力_221_CC_1,loco,22,0.047247953712940216,0
RTS-GMLC,Y_机组出力_221_CC_1,loco,23,0.0,0
RTS-GMLC,Y_机组出力_221_CC_1,perm,0,0.9901685118675232,52
RTS-GMLC,Y_机组出力_221_CC_1,perm,1,0.9897912740707397,51
RTS-GMLC,Y_机组出力_221_CC_1,perm,2,0.9897912740707397,50
RTS-GMLC,Y_机组出力_221_CC_1,perm,3,0.9881998896598816,49
RTS-GMLC,Y_机组出力_221_CC_1,perm,4,0.9881998896598816,37
RTS-GMLC,Y_机组出力_221_CC_1,perm,5,0.9881998896598816,26
RTS-GMLC,Y_机组出力_221_CC_1,perm,6,0.9881998896598816,16
RTS-GMLC,Y_机组出力_221_CC_1,perm,7,0.9881998896598816,15
RTS-GMLC,Y_机组出力_221_CC_1,perm,8,0.9880314469337463,14
RTS-GMLC,Y_机组出力_221_CC_1,perm,9,0.9880314469337463,14
RTS-GMLC,Y_机组出力_221_CC_1,perm,10,0.9880314469337463,14
RTS-GMLC,Y_机组出力_221_CC_1,perm,11,0.9880314469337463,13
RTS-GMLC,Y_机组出力_221_CC_1,perm,12,0.9880314469337463,11
RTS-GMLC,Y_机组出力_221_CC_1,perm,13,0.9874903559684753,10
RTS-GMLC,Y_机组出力_221_CC_1,perm,14,0.9865882992744446,9
RTS-GMLC,Y_机组出力_221_CC_1,perm,15,0.9861887097358704,9
RTS-GMLC,Y_机组出力_221_CC_1,perm,16,0.9656059741973877,8
RTS-GMLC,Y_机组出力_221_CC_1,perm,17,0.9656059741973877,5
RTS-GMLC,Y_机组出力_221_CC_1,perm,18,0.9634146094322205,4
RTS-GMLC,Y_机组出力_221_CC_1,perm,19,0.6521356701850891,3
RTS-GMLC,Y_机组出力_221_CC_1,perm,20,0.6454334259033203,1
RTS-GMLC,Y_机组出力_221_CC_1,perm,21,0.31438034772872925,0
RTS-GMLC,Y_机组出力_221_CC_1,perm,22,0.22307270765304565,0
RTS-GMLC,Y_机组出力_221_CC_1,perm,23,0.0,0
RTS-GMLC,Y_机组出力_221_CC_1,sage,0,0.9901685118675232,52
RTS-GMLC,Y_机组出力_221_CC_1,sage,1,0.9897912740707397,51
RTS-GMLC,Y_机组出力_221_CC_1,sage,2,0.9889261722564697,50
RTS-GMLC,Y_机组出力_221_CC_1,sage,3,0.9881998896598816,49
RTS-GMLC,Y_机组出力_221_CC_1,sage,4,0.9881998896598816,37
RTS-GMLC,Y_机组出力_221_CC_1,sage,5,0.9881998896598816,36
RTS-GMLC,Y_机组出力_221_CC_1,sage,6,0.9881998896598816,25
RTS-GMLC,Y_机组出力_221_CC_1,sage,7,0.9880314469337463,24
RTS-GMLC,Y_机组出力_221_CC_1,sage,8,0.9880314469337463,14
RTS-GMLC,Y_机组出力_221_CC_1,sage,9,0.9880314469337463,10
RTS-GMLC,Y_机组出力_221_CC_1,sage,10,0.9880314469337463,8
RTS-GMLC,Y_机组出力_221_CC_1,sage,11,0.9880314469337463,8
RTS-GMLC,Y_机组出力_221_CC_1,sage,12,0.9874470829963684,7
RTS-GMLC,Y_机组出力_221_CC_1,sage,13,0.9874470829963684,7
RTS-GMLC,Y_机组出力_221_CC_1,sage,14,0.9874470829963684,7
RTS-GMLC,Y_机组出力_221_CC_1,sage,15,0.986398458480835,6
RTS-GMLC,Y_机组出力_221_CC_1,sage,16,0.986398458480835,4
RTS-GMLC,Y_机组出力_221_CC_1,sage,17,0.986398458480835,3
RTS-GMLC,Y_机组出力_221_CC_1,sage,18,0.986398458480835,3
RTS-GMLC,Y_机组出力_221_CC_1,sage,19,0.986398458480835,3
RTS-GMLC,Y_机组出力_221_CC_1,sage,20,0.9618708491325378,2
RTS-GMLC,Y_机组出力_221_CC_1,sage,21,0.9336972236633301,1
RTS-GMLC,Y_机组出力_221_CC_1,sage,22,0.9336972236633301,1
RTS-GMLC,Y_机组出力_221_CC_1,sage,23,0.0,0
RTS-GMLC,Y_机组出力_221_CC_1,graph,0,0.9901685118675232,52
RTS-GMLC,Y_机组出力_221_CC_1,graph,1,0.9901685118675232,51
RTS-GMLC,Y_机组出力_221_CC_1,graph,2,0.9901685118675232,50
RTS-GMLC,Y_机组出力_221_CC_1,graph,3,0.9901685118675232,49
RTS-GMLC,Y_机组出力_221_CC_1,graph,4,0.9901685118675232,48
RTS-GMLC,Y_机组出力_221_CC_1,graph,5,0.98811274766922,47
RTS-GMLC,Y_机组出力_221_CC_1,graph,6,0.98811274766922,46
RTS-GMLC,Y_机组出力_221_CC_1,graph,7,0.9830717444419861,45
RTS-GMLC,Y_机组出力_221_CC_1,graph,8,0.9808633923530579,44
RTS-GMLC,Y_机组出力_221_CC_1,graph,9,0.9574379920959473,43
RTS-GMLC,Y_机组出力_221_CC_1,graph,10,0.7950783967971802,42
RTS-GMLC,Y_机组出力_221_CC_1,graph,11,0.7892112731933594,30
RTS-GMLC,Y_机组出力_221_CC_1,graph,12,0.7555752396583557,19
RTS-GMLC,Y_机组出力_221_CC_1,graph,13,0.6728411912918091,9
RTS-GMLC,Y_机组出力_221_CC_1,graph,14,0.5343897342681885,2
RTS-GMLC,Y_机组出力_221_CC_1,graph,15,0.5202786922454834,1
RTS-GMLC,Y_机组出力_221_CC_1,graph,16,0.4457811713218689,0
RTS-GMLC,Y_机组出力_221_CC_1,graph,17,0.39841020107269287,0
RTS-GMLC,Y_机组出力_221_CC_1,graph,18,0.39841020107269287,0
RTS-GMLC,Y_机组出力_221_CC_1,graph,19,0.39841020107269287,0
RTS-GMLC,Y_机组出力_221_CC_1,graph,20,0.1200709342956543,0
RTS-GMLC,Y_机组出力_221_CC_1,graph,21,0.02805614471435547,0
RTS-GMLC,Y_机组出力_221_CC_1,graph,22,0.008244514465332031,0
RTS-GMLC,Y_机组出力_221_CC_1,graph,23,0.0,0
RTS-GMLC,Y_机组出力_221_CC_1,M2_est,0,0.9901685118675232,52
RTS-GMLC,Y_机组出力_221_CC_1,M2_est,1,0.9897912740707397,51
RTS-GMLC,Y_机组出力_221_CC_1,M2_est,2,0.9889261722564697,50
RTS-GMLC,Y_机组出力_221_CC_1,M2_est,3,0.9885836243629456,49
RTS-GMLC,Y_机组出力_221_CC_1,M2_est,4,0.9880314469337463,48
RTS-GMLC,Y_机组出力_221_CC_1,M2_est,5,0.9859381318092346,47
RTS-GMLC,Y_机组出力_221_CC_1,M2_est,6,0.9859381318092346,46
RTS-GMLC,Y_机组出力_221_CC_1,M2_est,7,0.9856950044631958,45
RTS-GMLC,Y_机组出力_221_CC_1,M2_est,8,0.9823160767555237,44
RTS-GMLC,Y_机组出力_221_CC_1,M2_est,9,0.9685822129249573,43
RTS-GMLC,Y_机组出力_221_CC_1,M2_est,10,0.7950783967971802,42
RTS-GMLC,Y_机组出力_221_CC_1,M2_est,11,0.7892112731933594,30
RTS-GMLC,Y_机组出力_221_CC_1,M2_est,12,0.7555752396583557,19
RTS-GMLC,Y_机组出力_221_CC_1,M2_est,13,0.6728411912918091,9
RTS-GMLC,Y_机组出力_221_CC_1,M2_est,14,0.5343897342681885,2
RTS-GMLC,Y_机组出力_221_CC_1,M2_est,15,0.5202786922454834,1
RTS-GMLC,Y_机组出力_221_CC_1,M2_est,16,0.44509297609329224,0
RTS-GMLC,Y_机组出力_221_CC_1,M2_est,17,0.39841020107269287,0
RTS-GMLC,Y_机组出力_221_CC_1,M2_est,18,0.1976216435432434,0
RTS-GMLC,Y_机组出力_221_CC_1,M2_est,19,0.13829249143600464,0
RTS-GMLC,Y_机组出力_221_CC_1,M2_est,20,0.09930628538131714,0
RTS-GMLC,Y_机组出力_221_CC_1,M2_est,21,0.04528629779815674,0
RTS-GMLC,Y_机组出力_221_CC_1,M2_est,22,0.008244514465332031,0
RTS-GMLC,Y_机组出力_221_CC_1,M2_est,23,0.0,0
RTS-GMLC,Y_机组出力_221_CC_1,M2_cert,0,0.9901685118675232,52
RTS-GMLC,Y_机组出力_221_CC_1,M2_cert,1,0.9897912740707397,51
RTS-GMLC,Y_机组出力_221_CC_1,M2_cert,2,0.9889261722564697,50
RTS-GMLC,Y_机组出力_221_CC_1,M2_cert,3,0.9881998896598816,49
RTS-GMLC,Y_机组出力_221_CC_1,M2_cert,4,0.9880314469337463,48
RTS-GMLC,Y_机组出力_221_CC_1,M2_cert,5,0.9859381318092346,47
RTS-GMLC,Y_机组出力_221_CC_1,M2_cert,6,0.9859381318092346,46
RTS-GMLC,Y_机组出力_221_CC_1,M2_cert,7,0.9834384918212891,45
RTS-GMLC,Y_机组出力_221_CC_1,M2_cert,8,0.9721265435218811,44
RTS-GMLC,Y_机组出力_221_CC_1,M2_cert,9,0.9685822129249573,43
RTS-GMLC,Y_机组出力_221_CC_1,M2_cert,10,0.7950783967971802,42
RTS-GMLC,Y_机组出力_221_CC_1,M2_cert,11,0.7892112731933594,30
RTS-GMLC,Y_机组出力_221_CC_1,M2_cert,12,0.7555752396583557,19
RTS-GMLC,Y_机组出力_221_CC_1,M2_cert,13,0.6728411912918091,9
RTS-GMLC,Y_机组出力_221_CC_1,M2_cert,14,0.5343897342681885,2
RTS-GMLC,Y_机组出力_221_CC_1,M2_cert,15,0.5202786922454834,1
RTS-GMLC,Y_机组出力_221_CC_1,M2_cert,16,0.44509297609329224,0
RTS-GMLC,Y_机组出力_221_CC_1,M2_cert,17,0.39841020107269287,0
RTS-GMLC,Y_机组出力_221_CC_1,M2_cert,18,0.1976216435432434,0
RTS-GMLC,Y_机组出力_221_CC_1,M2_cert,19,0.13829249143600464,0
RTS-GMLC,Y_机组出力_221_CC_1,M2_cert,20,0.09930628538131714,0
RTS-GMLC,Y_机组出力_221_CC_1,M2_cert,21,0.04528629779815674,0
RTS-GMLC,Y_机组出力_221_CC_1,M2_cert,22,0.008244514465332031,0
RTS-GMLC,Y_机组出力_221_CC_1,M2_cert,23,0.0,0
RTS-GMLC,Y_机组出力_221_CC_1,M2,0,0.9901685118675232,52
RTS-GMLC,Y_机组出力_221_CC_1,M2,1,0.9897912740707397,51
RTS-GMLC,Y_机组出力_221_CC_1,M2,2,0.9889261722564697,50
RTS-GMLC,Y_机组出力_221_CC_1,M2,3,0.9881998896598816,49
RTS-GMLC,Y_机组出力_221_CC_1,M2,4,0.9880314469337463,48
RTS-GMLC,Y_机组出力_221_CC_1,M2,5,0.9859381318092346,47
RTS-GMLC,Y_机组出力_221_CC_1,M2,6,0.9859381318092346,46
RTS-GMLC,Y_机组出力_221_CC_1,M2,7,0.9834384918212891,45
RTS-GMLC,Y_机组出力_221_CC_1,M2,8,0.9721265435218811,44
RTS-GMLC,Y_机组出力_221_CC_1,M2,9,0.9685822129249573,43
RTS-GMLC,Y_机组出力_221_CC_1,M2,10,0.7950783967971802,42
RTS-GMLC,Y_机组出力_221_CC_1,M2,11,0.7892112731933594,30
RTS-GMLC,Y_机组出力_221_CC_1,M2,12,0.7555752396583557,19
RTS-GMLC,Y_机组出力_221_CC_1,M2,13,0.6728411912918091,9
RTS-GMLC,Y_机组出力_221_CC_1,M2,14,0.5343897342681885,2
RTS-GMLC,Y_机组出力_221_CC_1,M2,15,0.5202786922454834,1
RTS-GMLC,Y_机组出力_221_CC_1,M2,16,0.44509297609329224,0
RTS-GMLC,Y_机组出力_221_CC_1,M2,17,0.39841020107269287,0
RTS-GMLC,Y_机组出力_221_CC_1,M2,18,0.1818367838859558,0
RTS-GMLC,Y_机组出力_221_CC_1,M2,19,0.13829249143600464,0
RTS-GMLC,Y_机组出力_221_CC_1,M2,20,0.09930628538131714,0
RTS-GMLC,Y_机组出力_221_CC_1,M2,21,0.04528629779815674,0
RTS-GMLC,Y_机组出力_221_CC_1,M2,22,0.008244514465332031,0
RTS-GMLC,Y_机组出力_221_CC_1,M2,23,0.0,0
RTS-GMLC,Y_线路潮流_C35,pearson,0,0.8550385236740112,123
RTS-GMLC,Y_线路潮流_C35,pearson,1,0.8550385236740112,122
RTS-GMLC,Y_线路潮流_C35,pearson,2,0.8550385236740112,121
RTS-GMLC,Y_线路潮流_C35,pearson,3,0.8550385236740112,120
RTS-GMLC,Y_线路潮流_C35,pearson,4,0.8550385236740112,103
RTS-GMLC,Y_线路潮流_C35,pearson,5,0.8550385236740112,86
RTS-GMLC,Y_线路潮流_C35,pearson,6,0.8550385236740112,71
RTS-GMLC,Y_线路潮流_C35,pearson,7,0.8550385236740112,57
RTS-GMLC,Y_线路潮流_C35,pearson,8,0.8550385236740112,45
RTS-GMLC,Y_线路潮流_C35,pearson,9,0.8550385236740112,33
RTS-GMLC,Y_线路潮流_C35,pearson,10,0.8550385236740112,21
RTS-GMLC,Y_线路潮流_C35,pearson,11,0.7718906402587891,20
RTS-GMLC,Y_线路潮流_C35,pearson,12,0.5327640771865845,5
RTS-GMLC,Y_线路潮流_C35,pearson,13,0.5147891044616699,2
RTS-GMLC,Y_线路潮流_C35,pearson,14,0.5147891044616699,2
RTS-GMLC,Y_线路潮流_C35,pearson,15,0.3305084705352783,0
RTS-GMLC,Y_线路潮流_C35,pearson,16,0.3305084705352783,0
RTS-GMLC,Y_线路潮流_C35,pearson,17,0.3305084705352783,0
RTS-GMLC,Y_线路潮流_C35,pearson,18,0.2857598662376404,0
RTS-GMLC,Y_线路潮流_C35,pearson,19,0.2647908329963684,0
RTS-GMLC,Y_线路潮流_C35,pearson,20,0.2138492465019226,0
RTS-GMLC,Y_线路潮流_C35,pearson,21,0.12595903873443604,0
RTS-GMLC,Y_线路潮流_C35,pearson,22,0.020777881145477295,0
RTS-GMLC,Y_线路潮流_C35,pearson,23,0.0,0
RTS-GMLC,Y_线路潮流_C35,spearman,0,0.8550385236740112,123
RTS-GMLC,Y_线路潮流_C35,spearman,1,0.8550385236740112,122
RTS-GMLC,Y_线路潮流_C35,spearman,2,0.8550385236740112,121
RTS-GMLC,Y_线路潮流_C35,spearman,3,0.8550385236740112,103
RTS-GMLC,Y_线路潮流_C35,spearman,4,0.8550385236740112,87
RTS-GMLC,Y_线路潮流_C35,spearman,5,0.8550385236740112,86
RTS-GMLC,Y_线路潮流_C35,spearman,6,0.8550385236740112,70
RTS-GMLC,Y_线路潮流_C35,spearman,7,0.8550385236740112,56
RTS-GMLC,Y_线路潮流_C35,spearman,8,0.8550385236740112,43
RTS-GMLC,Y_线路潮流_C35,spearman,9,0.8550385236740112,31
RTS-GMLC,Y_线路潮流_C35,spearman,10,0.8550385236740112,21
RTS-GMLC,Y_线路潮流_C35,spearman,11,0.8550385236740112,6
RTS-GMLC,Y_线路潮流_C35,spearman,12,0.8550385236740112,3
RTS-GMLC,Y_线路潮流_C35,spearman,13,0.5147891044616699,2
RTS-GMLC,Y_线路潮流_C35,spearman,14,0.5147891044616699,2
RTS-GMLC,Y_线路潮流_C35,spearman,15,0.3305084705352783,0
RTS-GMLC,Y_线路潮流_C35,spearman,16,0.3305084705352783,0
RTS-GMLC,Y_线路潮流_C35,spearman,17,0.3305084705352783,0
RTS-GMLC,Y_线路潮流_C35,spearman,18,0.3305084705352783,0
RTS-GMLC,Y_线路潮流_C35,spearman,19,0.2733902931213379,0
RTS-GMLC,Y_线路潮流_C35,spearman,20,0.26736980676651,0
RTS-GMLC,Y_线路潮流_C35,spearman,21,0.12595903873443604,0
RTS-GMLC,Y_线路潮流_C35,spearman,22,0.08940333127975464,0
RTS-GMLC,Y_线路潮流_C35,spearman,23,0.0,0
RTS-GMLC,Y_线路潮流_C35,mi,0,0.8550385236740112,123
RTS-GMLC,Y_线路潮流_C35,mi,1,0.8452594876289368,122
RTS-GMLC,Y_线路潮流_C35,mi,2,0.8452594876289368,105
RTS-GMLC,Y_线路潮流_C35,mi,3,0.8452594876289368,104
RTS-GMLC,Y_线路潮流_C35,mi,4,0.8452594876289368,88
RTS-GMLC,Y_线路潮流_C35,mi,5,0.8452594876289368,73
RTS-GMLC,Y_线路潮流_C35,mi,6,0.8442832827568054,59
RTS-GMLC,Y_线路潮流_C35,mi,7,0.840910017490387,45
RTS-GMLC,Y_线路潮流_C35,mi,8,0.8252267241477966,32
RTS-GMLC,Y_线路潮流_C35,mi,9,0.8252267241477966,22
RTS-GMLC,Y_线路潮流_C35,mi,10,0.6956546306610107,7
RTS-GMLC,Y_线路潮流_C35,mi,11,0.6956546306610107,6
RTS-GMLC,Y_线路潮流_C35,mi,12,0.5327640771865845,5
RTS-GMLC,Y_线路潮流_C35,mi,13,0.5147891044616699,2
RTS-GMLC,Y_线路潮流_C35,mi,14,0.5147891044616699,2
RTS-GMLC,Y_线路潮流_C35,mi,15,0.5147891044616699,2
RTS-GMLC,Y_线路潮流_C35,mi,16,0.3131321668624878,0
RTS-GMLC,Y_线路潮流_C35,mi,17,0.28267401456832886,0
RTS-GMLC,Y_线路潮流_C35,mi,18,0.2427237629890442,0
RTS-GMLC,Y_线路潮流_C35,mi,19,0.23722785711288452,0
RTS-GMLC,Y_线路潮流_C35,mi,20,0.1293550729751587,0
RTS-GMLC,Y_线路潮流_C35,mi,21,0.08572447299957275,0
RTS-GMLC,Y_线路潮流_C35,mi,22,0.020777881145477295,0
RTS-GMLC,Y_线路潮流_C35,mi,23,0.0,0
RTS-GMLC,Y_线路潮流_C35,dcor,0,0.8550385236740112,123
RTS-GMLC,Y_线路潮流_C35,dcor,1,0.8550385236740112,122
RTS-GMLC,Y_线路潮流_C35,dcor,2,0.8550385236740112,121
RTS-GMLC,Y_线路潮流_C35,dcor,3,0.8550385236740112,120
RTS-GMLC,Y_线路潮流_C35,dcor,4,0.8550385236740112,103
RTS-GMLC,Y_线路潮流_C35,dcor,5,0.8550385236740112,87
RTS-GMLC,Y_线路潮流_C35,dcor,6,0.8550385236740112,72
RTS-GMLC,Y_线路潮流_C35,dcor,7,0.8550385236740112,57
RTS-GMLC,Y_线路潮流_C35,dcor,8,0.8550385236740112,44
RTS-GMLC,Y_线路潮流_C35,dcor,9,0.8550385236740112,33
RTS-GMLC,Y_线路潮流_C35,dcor,10,0.8550385236740112,21
RTS-GMLC,Y_线路潮流_C35,dcor,11,0.7718906402587891,20
RTS-GMLC,Y_线路潮流_C35,dcor,12,0.5327640771865845,5
RTS-GMLC,Y_线路潮流_C35,dcor,13,0.5147891044616699,2
RTS-GMLC,Y_线路潮流_C35,dcor,14,0.5147891044616699,2
RTS-GMLC,Y_线路潮流_C35,dcor,15,0.3305084705352783,0
RTS-GMLC,Y_线路潮流_C35,dcor,16,0.3305084705352783,0
RTS-GMLC,Y_线路潮流_C35,dcor,17,0.3305084705352783,0
RTS-GMLC,Y_线路潮流_C35,dcor,18,0.2857598662376404,0
RTS-GMLC,Y_线路潮流_C35,dcor,19,0.2647908329963684,0
RTS-GMLC,Y_线路潮流_C35,dcor,20,0.24135121703147888,0
RTS-GMLC,Y_线路潮流_C35,dcor,21,0.12595903873443604,0
RTS-GMLC,Y_线路潮流_C35,dcor,22,0.08940333127975464,0
RTS-GMLC,Y_线路潮流_C35,dcor,23,0.0,0
RTS-GMLC,Y_线路潮流_C35,M0,0,0.8550385236740112,123
RTS-GMLC,Y_线路潮流_C35,M0,1,0.8452594876289368,122
RTS-GMLC,Y_线路潮流_C35,M0,2,0.8452594876289368,121
RTS-GMLC,Y_线路潮流_C35,M0,3,0.8452594876289368,120
RTS-GMLC,Y_线路潮流_C35,M0,4,0.8452594876289368,119
RTS-GMLC,Y_线路潮流_C35,M0,5,0.8452594876289368,101
RTS-GMLC,Y_线路潮流_C35,M0,6,0.8452594876289368,85
RTS-GMLC,Y_线路潮流_C35,M0,7,0.8452594876289368,70
RTS-GMLC,Y_线路潮流_C35,M0,8,0.840910017490387,56
RTS-GMLC,Y_线路潮流_C35,M0,9,0.840910017490387,43
RTS-GMLC,Y_线路潮流_C35,M0,10,0.8195450901985168,30
RTS-GMLC,Y_线路潮流_C35,M0,11,0.7718906402587891,20
RTS-GMLC,Y_线路潮流_C35,M0,12,0.5327640771865845,5
RTS-GMLC,Y_线路潮流_C35,M0,13,0.5147891044616699,2
RTS-GMLC,Y_线路潮流_C35,M0,14,0.3305084705352783,0
RTS-GMLC,Y_线路潮流_C35,M0,15,0.3305084705352783,0
RTS-GMLC,Y_线路潮流_C35,M0,16,0.3131321668624878,0
RTS-GMLC,Y_线路潮流_C35,M0,17,0.28267401456832886,0
RTS-GMLC,Y_线路潮流_C35,M0,18,0.2805286645889282,0
RTS-GMLC,Y_线路潮流_C35,M0,19,0.18865054845809937,0
RTS-GMLC,Y_线路潮流_C35,M0,20,0.12816578149795532,0
RTS-GMLC,Y_线路潮流_C35,M0,21,0.08699876070022583,0
RTS-GMLC,Y_线路潮流_C35,M0,22,0.020777881145477295,0
RTS-GMLC,Y_线路潮流_C35,M0,23,0.0,0
RTS-GMLC,Y_线路潮流_C35,loco,0,0.8550385236740112,123
RTS-GMLC,Y_线路潮流_C35,loco,1,0.8550385236740112,111
RTS-GMLC,Y_线路潮流_C35,loco,2,0.8550385236740112,101
RTS-GMLC,Y_线路潮流_C35,loco,3,0.8550385236740112,92
RTS-GMLC,Y_线路潮流_C35,loco,4,0.8098654747009277,84
RTS-GMLC,Y_线路潮流_C35,loco,5,0.8098654747009277,75
RTS-GMLC,Y_线路潮流_C35,loco,6,0.8092193007469177,74
RTS-GMLC,Y_线路潮流_C35,loco,7,0.8092193007469177,66
RTS-GMLC,Y_线路潮流_C35,loco,8,0.8092193007469177,65
RTS-GMLC,Y_线路潮流_C35,loco,9,0.8092193007469177,55
RTS-GMLC,Y_线路潮流_C35,loco,10,0.7996219396591187,44
RTS-GMLC,Y_线路潮流_C35,loco,11,0.7996219396591187,43
RTS-GMLC,Y_线路潮流_C35,loco,12,0.7996219396591187,36
RTS-GMLC,Y_线路潮流_C35,loco,13,0.7996219396591187,28
RTS-GMLC,Y_线路潮流_C35,loco,14,0.7996219396591187,21
RTS-GMLC,Y_线路潮流_C35,loco,15,0.7996219396591187,17
RTS-GMLC,Y_线路潮流_C35,loco,16,0.5494874119758606,12
RTS-GMLC,Y_线路潮流_C35,loco,17,0.5479794144630432,7
RTS-GMLC,Y_线路潮流_C35,loco,18,0.5479794144630432,4
RTS-GMLC,Y_线路潮流_C35,loco,19,0.5479794144630432,2
RTS-GMLC,Y_线路潮流_C35,loco,20,0.5410457849502563,1
RTS-GMLC,Y_线路潮流_C35,loco,21,0.3639189302921295,0
RTS-GMLC,Y_线路潮流_C35,loco,22,0.35680410265922546,0
RTS-GMLC,Y_线路潮流_C35,loco,23,0.0,0
RTS-GMLC,Y_线路潮流_C35,perm,0,0.8550385236740112,123
RTS-GMLC,Y_线路潮流_C35,perm,1,0.8550385236740112,114
RTS-GMLC,Y_线路潮流_C35,perm,2,0.8550385236740112,93
RTS-GMLC,Y_线路潮流_C35,perm,3,0.8368960618972778,86
RTS-GMLC,Y_线路潮流_C35,perm,4,0.8347276449203491,85
RTS-GMLC,Y_线路潮流_C35,perm,5,0.8227541446685791,84
RTS-GMLC,Y_线路潮流_C35,perm,6,0.7996219396591187,75
RTS-GMLC,Y_线路潮流_C35,perm,7,0.7996219396591187,61
RTS-GMLC,Y_线路潮流_C35,perm,8,0.7996219396591187,55
RTS-GMLC,Y_线路潮流_C35,perm,9,0.7996219396591187,44
RTS-GMLC,Y_线路潮流_C35,perm,10,0.7996219396591187,34
RTS-GMLC,Y_线路潮流_C35,perm,11,0.7996219396591187,28
RTS-GMLC,Y_线路潮流_C35,perm,12,0.7996219396591187,27
RTS-GMLC,Y_线路潮流_C35,perm,13,0.7996219396591187,23
RTS-GMLC,Y_线路潮流_C35,perm,14,0.7996219396591187,19
RTS-GMLC,Y_线路潮流_C35,perm,15,0.7955113053321838,13
RTS-GMLC,Y_线路潮流_C35,perm,16,0.7955113053321838,10
RTS-GMLC,Y_线路潮流_C35,perm,17,0.7955113053321838,6
RTS-GMLC,Y_线路潮流_C35,perm,18,0.7955113053321838,3
RTS-GMLC,Y_线路潮流_C35,perm,19,0.547338604927063,2
RTS-GMLC,Y_线路潮流_C35,perm,20,0.53294837474823,1
RTS-GMLC,Y_线路潮流_C35,perm,21,0.07101929187774658,0
RTS-GMLC,Y_线路潮流_C35,perm,22,0.020777881145477295,0
RTS-GMLC,Y_线路潮流_C35,perm,23,0.0,0
RTS-GMLC,Y_线路潮流_C35,sage,0,0.8550385236740112,123
RTS-GMLC,Y_线路潮流_C35,sage,1,0.8550385236740112,122
RTS-GMLC,Y_线路潮流_C35,sage,2,0.8550385236740112,121
RTS-GMLC,Y_线路潮流_C35,sage,3,0.8550385236740112,99
RTS-GMLC,Y_线路潮流_C35,sage,4,0.8550385236740112,82
RTS-GMLC,Y_线路潮流_C35,sage,5,0.8550385236740112,75
RTS-GMLC,Y_线路潮流_C35,sage,6,0.8550385236740112,67
RTS-GMLC,Y_线路潮流_C35,sage,7,0.8550385236740112,54
RTS-GMLC,Y_线路潮流_C35,sage,8,0.8452594876289368,53
RTS-GMLC,Y_线路潮流_C35,sage,9,0.8428510427474976,41
RTS-GMLC,Y_线路潮流_C35,sage,10,0.840910017490387,30
RTS-GMLC,Y_线路潮流_C35,sage,11,0.840910017490387,21
RTS-GMLC,Y_线路潮流_C35,sage,12,0.840910017490387,12
RTS-GMLC,Y_线路潮流_C35,sage,13,0.840910017490387,11
RTS-GMLC,Y_线路潮流_C35,sage,14,0.5327640771865845,2
RTS-GMLC,Y_线路潮流_C35,sage,15,0.5327640771865845,2
RTS-GMLC,Y_线路潮流_C35,sage,16,0.5327640771865845,1
RTS-GMLC,Y_线路潮流_C35,sage,17,0.476460337638855,0
RTS-GMLC,Y_线路潮流_C35,sage,18,0.3911122679710388,0
RTS-GMLC,Y_线路潮流_C35,sage,19,0.3911122679710388,0
RTS-GMLC,Y_线路潮流_C35,sage,20,0.37618088722229004,0
RTS-GMLC,Y_线路潮流_C35,sage,21,0.2128317952156067,0
RTS-GMLC,Y_线路潮流_C35,sage,22,0.07278501987457275,0
RTS-GMLC,Y_线路潮流_C35,sage,23,0.0,0
RTS-GMLC,Y_线路潮流_C35,graph,0,0.8550385236740112,123
RTS-GMLC,Y_线路潮流_C35,graph,1,0.8550385236740112,122
RTS-GMLC,Y_线路潮流_C35,graph,2,0.8550385236740112,105
RTS-GMLC,Y_线路潮流_C35,graph,3,0.8550385236740112,89
RTS-GMLC,Y_线路潮流_C35,graph,4,0.8550385236740112,74
RTS-GMLC,Y_线路潮流_C35,graph,5,0.8452594876289368,73
RTS-GMLC,Y_线路潮流_C35,graph,6,0.8442832827568054,59
RTS-GMLC,Y_线路潮流_C35,graph,7,0.8442832827568054,47
RTS-GMLC,Y_线路潮流_C35,graph,8,0.8442832827568054,34
RTS-GMLC,Y_线路潮流_C35,graph,9,0.8252267241477966,22
RTS-GMLC,Y_线路潮流_C35,graph,10,0.6956546306610107,7
RTS-GMLC,Y_线路潮流_C35,graph,11,0.6956546306610107,5
RTS-GMLC,Y_线路潮流_C35,graph,12,0.6955480575561523,4
RTS-GMLC,Y_线路潮流_C35,graph,13,0.6955480575561523,2
RTS-GMLC,Y_线路潮流_C35,graph,14,0.6955480575561523,1
RTS-GMLC,Y_线路潮流_C35,graph,15,0.4976810812950134,0
RTS-GMLC,Y_线路潮流_C35,graph,16,0.40272223949432373,0
RTS-GMLC,Y_线路潮流_C35,graph,17,0.39976489543914795,0
RTS-GMLC,Y_线路潮流_C35,graph,18,0.26536327600479126,0
RTS-GMLC,Y_线路潮流_C35,graph,19,0.26536327600479126,0
RTS-GMLC,Y_线路潮流_C35,graph,20,0.2520621418952942,0
RTS-GMLC,Y_线路潮流_C35,graph,21,0.2130579948425293,0
RTS-GMLC,Y_线路潮流_C35,graph,22,0.10932266712188721,0
RTS-GMLC,Y_线路潮流_C35,graph,23,0.0,0
RTS-GMLC,Y_线路潮流_C35,M2_est,0,0.8550385236740112,123
RTS-GMLC,Y_线路潮流_C35,M2_est,1,0.8452594876289368,122
RTS-GMLC,Y_线路潮流_C35,M2_est,2,0.8442832827568054,105
RTS-GMLC,Y_线路潮流_C35,M2_est,3,0.8442832827568054,89
RTS-GMLC,Y_线路潮流_C35,M2_est,4,0.8442832827568054,73
RTS-GMLC,Y_线路潮流_C35,M2_est,5,0.8442832827568054,72
RTS-GMLC,Y_线路潮流_C35,M2_est,6,0.8322253227233887,57
RTS-GMLC,Y_线路潮流_C35,M2_est,7,0.8322253227233887,44
RTS-GMLC,Y_线路潮流_C35,M2_est,8,0.8252267241477966,32
RTS-GMLC,Y_线路潮流_C35,M2_est,9,0.8252267241477966,22
RTS-GMLC,Y_线路潮流_C35,M2_est,10,0.6956546306610107,7
RTS-GMLC,Y_线路潮流_C35,M2_est,11,0.6956546306610107,6
RTS-GMLC,Y_线路潮流_C35,M2_est,12,0.5327640771865845,5
RTS-GMLC,Y_线路潮流_C35,M2_est,13,0.5327640771865845,4
RTS-GMLC,Y_线路潮流_C35,M2_est,14,0.5327640771865845,2
RTS-GMLC,Y_线路潮流_C35,M2_est,15,0.5147891044616699,1
RTS-GMLC,Y_线路潮流_C35,M2_est,16,0.4284018874168396,0
RTS-GMLC,Y_线路潮流_C35,M2_est,17,0.28305530548095703,0
RTS-GMLC,Y_线路潮流_C35,M2_est,18,0.23928970098495483,0
RTS-GMLC,Y_线路潮流_C35,M2_est,19,0.23928970098495483,0
RTS-GMLC,Y_线路潮流_C35,M2_est,20,0.16889989376068115,0
RTS-GMLC,Y_线路潮流_C35,M2_est,21,0.162004292011261,0
RTS-GMLC,Y_线路潮流_C35,M2_est,22,0.05993318557739258,0
RTS-GMLC,Y_线路潮流_C35,M2_est,23,0.0,0
RTS-GMLC,Y_线路潮流_C35,M2_cert,0,0.8550385236740112,123
RTS-GMLC,Y_线路潮流_C35,M2_cert,1,0.8452594876289368,122
RTS-GMLC,Y_线路潮流_C35,M2_cert,2,0.8452594876289368,104
RTS-GMLC,Y_线路潮流_C35,M2_cert,3,0.8428510427474976,88
RTS-GMLC,Y_线路潮流_C35,M2_cert,4,0.840910017490387,73
RTS-GMLC,Y_线路潮流_C35,M2_cert,5,0.8322253227233887,58
RTS-GMLC,Y_线路潮流_C35,M2_cert,6,0.8322253227233887,57
RTS-GMLC,Y_线路潮流_C35,M2_cert,7,0.8322253227233887,44
RTS-GMLC,Y_线路潮流_C35,M2_cert,8,0.8252267241477966,32
RTS-GMLC,Y_线路潮流_C35,M2_cert,9,0.8252267241477966,22
RTS-GMLC,Y_线路潮流_C35,M2_cert,10,0.6956546306610107,7
RTS-GMLC,Y_线路潮流_C35,M2_cert,11,0.6956546306610107,6
RTS-GMLC,Y_线路潮流_C35,M2_cert,12,0.5327640771865845,5
RTS-GMLC,Y_线路潮流_C35,M2_cert,13,0.5327640771865845,4
RTS-GMLC,Y_线路潮流_C35,M2_cert,14,0.5147891044616699,2
RTS-GMLC,Y_线路潮流_C35,M2_cert,15,0.5147891044616699,1
RTS-GMLC,Y_线路潮流_C35,M2_cert,16,0.4284018874168396,0
RTS-GMLC,Y_线路潮流_C35,M2_cert,17,0.28305530548095703,0
RTS-GMLC,Y_线路潮流_C35,M2_cert,18,0.23928970098495483,0
RTS-GMLC,Y_线路潮流_C35,M2_cert,19,0.21598628163337708,0
RTS-GMLC,Y_线路潮流_C35,M2_cert,20,0.16889989376068115,0
RTS-GMLC,Y_线路潮流_C35,M2_cert,21,0.07101929187774658,0
RTS-GMLC,Y_线路潮流_C35,M2_cert,22,0.05993318557739258,0
RTS-GMLC,Y_线路潮流_C35,M2_cert,23,0.0,0
RTS-GMLC,Y_线路潮流_C35,M2,0,0.8550385236740112,123
RTS-GMLC,Y_线路潮流_C35,M2,1,0.8452594876289368,122
RTS-GMLC,Y_线路潮流_C35,M2,2,0.8452594876289368,104
RTS-GMLC,Y_线路潮流_C35,M2,3,0.8428510427474976,88
RTS-GMLC,Y_线路潮流_C35,M2,4,0.840910017490387,73
RTS-GMLC,Y_线路潮流_C35,M2,5,0.840910017490387,72
RTS-GMLC,Y_线路潮流_C35,M2,6,0.8322253227233887,57
RTS-GMLC,Y_线路潮流_C35,M2,7,0.8322253227233887,44
RTS-GMLC,Y_线路潮流_C35,M2,8,0.8252267241477966,32
RTS-GMLC,Y_线路潮流_C35,M2,9,0.8252267241477966,22
RTS-GMLC,Y_线路潮流_C35,M2,10,0.6956546306610107,7
RTS-GMLC,Y_线路潮流_C35,M2,11,0.6956546306610107,6
RTS-GMLC,Y_线路潮流_C35,M2,12,0.5327640771865845,5
RTS-GMLC,Y_线路潮流_C35,M2,13,0.5147891044616699,2
RTS-GMLC,Y_线路潮流_C35,M2,14,0.5147891044616699,2
RTS-GMLC,Y_线路潮流_C35,M2,15,0.3131321668624878,0
RTS-GMLC,Y_线路潮流_C35,M2,16,0.28305530548095703,0
RTS-GMLC,Y_线路潮流_C35,M2,17,0.28305530548095703,0
RTS-GMLC,Y_线路潮流_C35,M2,18,0.23928970098495483,0
RTS-GMLC,Y_线路潮流_C35,M2,19,0.23928970098495483,0
RTS-GMLC,Y_线路潮流_C35,M2,20,0.16889989376068115,0
RTS-GMLC,Y_线路潮流_C35,M2,21,0.07101929187774658,0
RTS-GMLC,Y_线路潮流_C35,M2,22,0.05993318557739258,0
RTS-GMLC,Y_线路潮流_C35,M2,23,0.0,0
NEM,Y_机组出力_BW01,pearson,0,0.6533966064453125,266
NEM,Y_机组出力_BW01,pearson,1,0.6533966064453125,257
NEM,Y_机组出力_BW01,pearson,2,0.6533966064453125,234
NEM,Y_机组出力_BW01,pearson,3,0.5680943727493286,121
NEM,Y_机组出力_BW01,pearson,4,0.562649130821228,114
NEM,Y_机组出力_BW01,pearson,5,0.562649130821228,92
NEM,Y_机组出力_BW01,pearson,6,0.562649130821228,76
NEM,Y_机组出力_BW01,pearson,7,0.5590081214904785,55
NEM,Y_机组出力_BW01,pearson,8,0.5540380477905273,51
NEM,Y_机组出力_BW01,pearson,9,0.5540380477905273,48
NEM,Y_机组出力_BW01,pearson,10,0.5540380477905273,46
NEM,Y_机组出力_BW01,pearson,11,0.5468722581863403,44
NEM,Y_机组出力_BW01,pearson,12,0.5468722581863403,43
NEM,Y_机组出力_BW01,pearson,13,0.5468722581863403,37
NEM,Y_机组出力_BW01,pearson,14,0.5449573993682861,35
NEM,Y_机组出力_BW01,pearson,15,0.5449573993682861,30
NEM,Y_机组出力_BW01,pearson,16,0.5203052163124084,10
NEM,Y_机组出力_BW01,pearson,17,0.5116459131240845,7
NEM,Y_机组出力_BW01,pearson,18,0.5116459131240845,6
NEM,Y_机组出力_BW01,pearson,19,0.5116459131240845,5
NEM,Y_机组出力_BW01,pearson,20,0.49640995264053345,0
NEM,Y_机组出力_BW01,pearson,21,0.49284785985946655,0
NEM,Y_机组出力_BW01,pearson,22,0.49284785985946655,0
NEM,Y_机组出力_BW01,pearson,23,0.49284785985946655,0
NEM,Y_机组出力_BW01,pearson,24,0.10558676719665527,0
NEM,Y_机组出力_BW01,pearson,25,0.10558676719665527,0
NEM,Y_机组出力_BW01,pearson,26,0.0858539566397667,0
NEM,Y_机组出力_BW01,pearson,27,0.06502104550600052,0
NEM,Y_机组出力_BW01,pearson,28,0.04142308235168457,0
NEM,Y_机组出力_BW01,pearson,29,0.036271870136260986,0
NEM,Y_机组出力_BW01,pearson,30,0.0,0
NEM,Y_机组出力_BW01,spearman,0,0.6533966064453125,266
NEM,Y_机组出力_BW01,spearman,1,0.6533966064453125,220
NEM,Y_机组出力_BW01,spearman,2,0.6533966064453125,159
NEM,Y_机组出力_BW01,spearman,3,0.5461609363555908,46
NEM,Y_机组出力_BW01,spearman,4,0.4823637008666992,0
NEM,Y_机组出力_BW01,spearman,5,0.4823637008666992,0
NEM,Y_机组出力_BW01,spearman,6,0.4823637008666992,0
NEM,Y_机组出力_BW01,spearman,7,0.4403044581413269,0
NEM,Y_机组出力_BW01,spearman,8,0.4396677017211914,0
NEM,Y_机组出力_BW01,spearman,9,0.4396677017211914,0
NEM,Y_机组出力_BW01,spearman,10,0.43620800971984863,0
NEM,Y_机组出力_BW01,spearman,11,0.4290221929550171,0
NEM,Y_机组出力_BW01,spearman,12,0.412295401096344,0
NEM,Y_机组出力_BW01,spearman,13,0.37872087955474854,0
NEM,Y_机组出力_BW01,spearman,14,0.37872087955474854,0
NEM,Y_机组出力_BW01,spearman,15,0.3630094528198242,0
NEM,Y_机组出力_BW01,spearman,16,0.3532019853591919,0
NEM,Y_机组出力_BW01,spearman,17,0.3532019853591919,0
NEM,Y_机组出力_BW01,spearman,18,0.3532019853591919,0
NEM,Y_机组出力_BW01,spearman,19,0.3532019853591919,0
NEM,Y_机组出力_BW01,spearman,20,0.3532019853591919,0
NEM,Y_机组出力_BW01,spearman,21,0.3532019853591919,0
NEM,Y_机组出力_BW01,spearman,22,0.3315768241882324,0
NEM,Y_机组出力_BW01,spearman,23,0.14499185979366302,0
NEM,Y_机组出力_BW01,spearman,24,0.14499185979366302,0
NEM,Y_机组出力_BW01,spearman,25,0.08586034923791885,0
NEM,Y_机组出力_BW01,spearman,26,0.08586034923791885,0
NEM,Y_机组出力_BW01,spearman,27,0.07645457983016968,0
NEM,Y_机组出力_BW01,spearman,28,0.04142308235168457,0
NEM,Y_机组出力_BW01,spearman,29,0.0034617355559021235,0
NEM,Y_机组出力_BW01,spearman,30,0.0,0
NEM,Y_机组出力_BW01,mi,0,0.6533966064453125,266
NEM,Y_机组出力_BW01,mi,1,0.6533966064453125,204
NEM,Y_机组出力_BW01,mi,2,0.6533966064453125,159
NEM,Y_机组出力_BW01,mi,3,0.5461609363555908,46
NEM,Y_机组出力_BW01,mi,4,0.5461609363555908,40
NEM,Y_机组出力_BW01,mi,5,0.5461609363555908,20
NEM,Y_机组出力_BW01,mi,6,0.44893282651901245,0
NEM,Y_机组出力_BW01,mi,7,0.44893282651901245,0
NEM,Y_机组出力_BW01,mi,8,0.44893282651901245,0
NEM,Y_机组出力_BW01,mi,9,0.44893282651901245,0
NEM,Y_机组出力_BW01,mi,10,0.4396677017211914,0
NEM,Y_机组出力_BW01,mi,11,0.4290221929550171,0
NEM,Y_机组出力_BW01,mi,12,0.412295401096344,0
NEM,Y_机组出力_BW01,mi,13,0.3839046061038971,0
NEM,Y_机组出力_BW01,mi,14,0.34401512145996094,0
NEM,Y_机组出力_BW01,mi,15,0.2788960933685303,0
NEM,Y_机组出力_BW01,mi,16,0.2788960933685303,0
NEM,Y_机组出力_BW01,mi,17,0.2579224109649658,0
NEM,Y_机组出力_BW01,mi,18,0.18718038499355316,0
NEM,Y_机组出力_BW01,mi,19,0.16803443431854248,0
NEM,Y_机组出力_BW01,mi,20,0.15854454040527344,0
NEM,Y_机组出力_BW01,mi,21,0.13584786653518677,0
NEM,Y_机组出力_BW01,mi,22,0.1274651288986206,0
NEM,Y_机组出力_BW01,mi,23,0.11869929730892181,0
NEM,Y_机组出力_BW01,mi,24,0.10731293261051178,0
NEM,Y_机组出力_BW01,mi,25,0.09910941123962402,0
NEM,Y_机组出力_BW01,mi,26,0.09307199716567993,0
NEM,Y_机组出力_BW01,mi,27,0.08370059728622437,0
NEM,Y_机组出力_BW01,mi,28,0.023611843585968018,0
NEM,Y_机组出力_BW01,mi,29,0.00550480792298913,0
NEM,Y_机组出力_BW01,mi,30,0.0,0
NEM,Y_机组出力_BW01,dcor,0,0.6533966064453125,266
NEM,Y_机组出力_BW01,dcor,1,0.6533966064453125,257
NEM,Y_机组出力_BW01,dcor,2,0.6533966064453125,212
NEM,Y_机组出力_BW01,dcor,3,0.6533966064453125,190
NEM,Y_机组出力_BW01,dcor,4,0.5680943727493286,78
NEM,Y_机组出力_BW01,dcor,5,0.5589278936386108,72
NEM,Y_机组出力_BW01,dcor,6,0.5558182597160339,51
NEM,Y_机组出力_BW01,dcor,7,0.5558182597160339,30
NEM,Y_机组出力_BW01,dcor,8,0.526328980922699,18
NEM,Y_机组出力_BW01,dcor,9,0.526328980922699,17
NEM,Y_机组出力_BW01,dcor,10,0.4396677017211914,0
NEM,Y_机组出力_BW01,dcor,11,0.4290221929550171,0
NEM,Y_机组出力_BW01,dcor,12,0.4272931218147278,0
NEM,Y_机组出力_BW01,dcor,13,0.37872087955474854,0
NEM,Y_机组出力_BW01,dcor,14,0.37403106689453125,0
NEM,Y_机组出力_BW01,dcor,15,0.3630094528198242,0
NEM,Y_机组出力_BW01,dcor,16,0.2579224109649658,0
NEM,Y_机组出力_BW01,dcor,17,0.2213178277015686,0
NEM,Y_机组出力_BW01,dcor,18,0.18718038499355316,0
NEM,Y_机组出力_BW01,dcor,19,0.18718038499355316,0
NEM,Y_机组出力_BW01,dcor,20,0.18718038499355316,0
NEM,Y_机组出力_BW01,dcor,21,0.1517266035079956,0
NEM,Y_机组出力_BW01,dcor,22,0.14499185979366302,0
NEM,Y_机组出力_BW01,dcor,23,0.14499185979366302,0
NEM,Y_机组出力_BW01,dcor,24,0.10558676719665527,0
NEM,Y_机组出力_BW01,dcor,25,0.08586034923791885,0
NEM,Y_机组出力_BW01,dcor,26,0.0858539566397667,0
NEM,Y_机组出力_BW01,dcor,27,0.0858539566397667,0
NEM,Y_机组出力_BW01,dcor,28,0.04142308235168457,0
NEM,Y_机组出力_BW01,dcor,29,0.0034617355559021235,0
NEM,Y_机组出力_BW01,dcor,30,0.0,0
NEM,Y_机组出力_BW01,M0,0,0.6533966064453125,266
NEM,Y_机组出力_BW01,M0,1,0.6533966064453125,220
NEM,Y_机组出力_BW01,M0,2,0.6533966064453125,159
NEM,Y_机组出力_BW01,M0,3,0.5461609363555908,46
NEM,Y_机组出力_BW01,M0,4,0.5461609363555908,40
NEM,Y_机组出力_BW01,M0,5,0.5461609363555908,20
NEM,Y_机组出力_BW01,M0,6,0.44893282651901245,0
NEM,Y_机组出力_BW01,M0,7,0.44893282651901245,0
NEM,Y_机组出力_BW01,M0,8,0.44893282651901245,0
NEM,Y_机组出力_BW01,M0,9,0.44893282651901245,0
NEM,Y_机组出力_BW01,M0,10,0.4396677017211914,0
NEM,Y_机组出力_BW01,M0,11,0.4290221929550171,0
NEM,Y_机组出力_BW01,M0,12,0.412295401096344,0
NEM,Y_机组出力_BW01,M0,13,0.37872087955474854,0
NEM,Y_机组出力_BW01,M0,14,0.34401512145996094,0
NEM,Y_机组出力_BW01,M0,15,0.2788960933685303,0
NEM,Y_机组出力_BW01,M0,16,0.2579224109649658,0
NEM,Y_机组出力_BW01,M0,17,0.2579224109649658,0
NEM,Y_机组出力_BW01,M0,18,0.2278781533241272,0
NEM,Y_机组出力_BW01,M0,19,0.16803443431854248,0
NEM,Y_机组出力_BW01,M0,20,0.15854454040527344,0
NEM,Y_机组出力_BW01,M0,21,0.1517266035079956,0
NEM,Y_机组出力_BW01,M0,22,0.14499185979366302,0
NEM,Y_机组出力_BW01,M0,23,0.11869929730892181,0
NEM,Y_机组出力_BW01,M0,24,0.10731293261051178,0
NEM,Y_机组出力_BW01,M0,25,0.0964663028717041,0
NEM,Y_机组出力_BW01,M0,26,0.08456176519393921,0
NEM,Y_机组出力_BW01,M0,27,0.08370059728622437,0
NEM,Y_机组出力_BW01,M0,28,0.029658496379852295,0
NEM,Y_机组出力_BW01,M0,29,0.0034617355559021235,0
NEM,Y_机组出力_BW01,M0,30,0.0,0
NEM,Y_机组出力_BW01,loco,0,0.6533966064453125,266
NEM,Y_机组出力_BW01,loco,1,0.5680943727493286,151
NEM,Y_机组出力_BW01,loco,2,0.5680943727493286,131
NEM,Y_机组出力_BW01,loco,3,0.5680943727493286,123
NEM,Y_机组出力_BW01,loco,4,0.5680943727493286,118
NEM,Y_机组出力_BW01,loco,5,0.5680943727493286,114
NEM,Y_机组出力_BW01,loco,6,0.5680943727493286,103
NEM,Y_机组出力_BW01,loco,7,0.5680943727493286,93
NEM,Y_机组出力_BW01,loco,8,0.5680943727493286,90
NEM,Y_机组出力_BW01,loco,9,0.5680943727493286,82
NEM,Y_机组出力_BW01,loco,10,0.5557003021240234,47
NEM,Y_机组出力_BW01,loco,11,0.5507447719573975,32
NEM,Y_机组出力_BW01,loco,12,0.5507447719573975,29
NEM,Y_机组出力_BW01,loco,13,0.5507447719573975,28
NEM,Y_机组出力_BW01,loco,14,0.5507447719573975,25
NEM,Y_机组出力_BW01,loco,15,0.5507447719573975,22
NEM,Y_机组出力_BW01,loco,16,0.5507447719573975,17
NEM,Y_机组出力_BW01,loco,17,0.5507447719573975,17
NEM,Y_机组出力_BW01,loco,18,0.5507447719573975,16
NEM,Y_机组出力_BW01,loco,19,0.5507447719573975,15
NEM,Y_机组出力_BW01,loco,20,0.5134211778640747,6
NEM,Y_机组出力_BW01,loco,21,0.504265308380127,4
NEM,Y_机组出力_BW01,loco,22,0.504265308380127,3
NEM,Y_机组出力_BW01,loco,23,0.48314499855041504,0
NEM,Y_机组出力_BW01,loco,24,0.48060929775238037,0
NEM,Y_机组出力_BW01,loco,25,0.48060929775238037,0
NEM,Y_机组出力_BW01,loco,26,0.38925111293792725,0
NEM,Y_机组出力_BW01,loco,27,0.30730587244033813,0
NEM,Y_机组出力_BW01,loco,28,0.1710904836654663,0
NEM,Y_机组出力_BW01,loco,29,0.1348164677619934,0
NEM,Y_机组出力_BW01,loco,30,0.0,0
NEM,Y_机组出力_BW01,perm,0,0.6533966064453125,266
NEM,Y_机组出力_BW01,perm,1,0.5680943727493286,151
NEM,Y_机组出力_BW01,perm,2,0.5680943727493286,106
NEM,Y_机组出力_BW01,perm,3,0.5680943727493286,87
NEM,Y_机组出力_BW01,perm,4,0.5680943727493286,71
NEM,Y_机组出力_BW01,perm,5,0.5680943727493286,68
NEM,Y_机组出力_BW01,perm,6,0.5368401408195496,39
NEM,Y_机组出力_BW01,perm,7,0.5368401408195496,38
NEM,Y_机组出力_BW01,perm,8,0.5368401408195496,37
NEM,Y_机组出力_BW01,perm,9,0.5368401408195496,35
NEM,Y_机组出力_BW01,perm,10,0.5368401408195496,32
NEM,Y_机组出力_BW01,perm,11,0.5368401408195496,28
NEM,Y_机组出力_BW01,perm,12,0.5368401408195496,26
NEM,Y_机组出力_BW01,perm,13,0.5368401408195496,23
NEM,Y_机组出力_BW01,perm,14,0.5262845158576965,22
NEM,Y_机组出力_BW01,perm,15,0.5249454379081726,21
NEM,Y_机组出力_BW01,perm,16,0.5249454379081726,20
NEM,Y_机组出力_BW01,perm,17,0.5249454379081726,18
NEM,Y_机组出力_BW01,perm,18,0.5249454379081726,16
NEM,Y_机组出力_BW01,perm,19,0.5145769119262695,15
NEM,Y_机组出力_BW01,perm,20,0.5145769119262695,13
NEM,Y_机组出力_BW01,perm,21,0.39924952387809753,0
NEM,Y_机组出力_BW01,perm,22,0.39924952387809753,0
NEM,Y_机组出力_BW01,perm,23,0.3903409540653229,0
NEM,Y_机组出力_BW01,perm,24,0.3903409540653229,0
NEM,Y_机组出力_BW01,perm,25,0.3903409540653229,0
NEM,Y_机组出力_BW01,perm,26,0.3903409540653229,0
NEM,Y_机组出力_BW01,perm,27,0.2994532585144043,0
NEM,Y_机组出力_BW01,perm,28,0.26153409481048584,0
NEM,Y_机组出力_BW01,perm,29,0.24265718460083008,0
NEM,Y_机组出力_BW01,perm,30,0.0,0
NEM,Y_机组出力_BW01,sage,0,0.6533966064453125,266
NEM,Y_机组出力_BW01,sage,1,0.5680943727493286,151
NEM,Y_机组出力_BW01,sage,2,0.5680943727493286,106
NEM,Y_机组出力_BW01,sage,3,0.5680943727493286,87
NEM,Y_机组出力_BW01,sage,4,0.5368401408195496,55
NEM,Y_机组出力_BW01,sage,5,0.5368401408195496,53
NEM,Y_机组出力_BW01,sage,6,0.5349594354629517,52
NEM,Y_机组出力_BW01,sage,7,0.5349594354629517,48
NEM,Y_机组出力_BW01,sage,8,0.5330716371536255,47
NEM,Y_机组出力_BW01,sage,9,0.5288201570510864,46
NEM,Y_机组出力_BW01,sage,10,0.5229388475418091,33
NEM,Y_机组出力_BW01,sage,11,0.5229388475418091,31
NEM,Y_机组出力_BW01,sage,12,0.5229388475418091,18
NEM,Y_机组出力_BW01,sage,13,0.5229388475418091,17
NEM,Y_机组出力_BW01,sage,14,0.5229388475418091,16
NEM,Y_机组出力_BW01,sage,15,0.5229388475418091,14
NEM,Y_机组出力_BW01,sage,16,0.5229388475418091,13
NEM,Y_机组出力_BW01,sage,17,0.5229388475418091,12
NEM,Y_机组出力_BW01,sage,18,0.5229388475418091,11
NEM,Y_机组出力_BW01,sage,19,0.5229388475418091,10
NEM,Y_机组出力_BW01,sage,20,0.5229388475418091,9
NEM,Y_机组出力_BW01,sage,21,0.5229388475418091,8
NEM,Y_机组出力_BW01,sage,22,0.5229388475418091,7
NEM,Y_机组出力_BW01,sage,23,0.5229388475418091,6
NEM,Y_机组出力_BW01,sage,24,0.5229388475418091,4
NEM,Y_机组出力_BW01,sage,25,0.5229388475418091,3
NEM,Y_机组出力_BW01,sage,26,0.49836498498916626,0
NEM,Y_机组出力_BW01,sage,27,0.38333427906036377,0
NEM,Y_机组出力_BW01,sage,28,0.3412492871284485,0
NEM,Y_机组出力_BW01,sage,29,0.17090445756912231,0
NEM,Y_机组出力_BW01,sage,30,0.0,0
NEM,Y_机组出力_BW01,graph,0,0.6533966064453125,266
NEM,Y_机组出力_BW01,graph,1,0.6533966064453125,242
NEM,Y_机组出力_BW01,graph,2,0.6533966064453125,219
NEM,Y_机组出力_BW01,graph,3,0.6533966064453125,175
NEM,Y_机组出力_BW01,graph,4,0.6533966064453125,168
NEM,Y_机组出力_BW01,graph,5,0.6533966064453125,161
NEM,Y_机组出力_BW01,graph,6,0.6533966064453125,121
NEM,Y_机组出力_BW01,graph,7,0.6533966064453125,101
NEM,Y_机组出力_BW01,graph,8,0.6533966064453125,88
NEM,Y_机组出力_BW01,graph,9,0.6533966064453125,78
NEM,Y_机组出力_BW01,graph,10,0.5461609363555908,8
NEM,Y_机组出力_BW01,graph,11,0.5415732860565186,7
NEM,Y_机组出力_BW01,graph,12,0.412295401096344,0
NEM,Y_机组出力_BW01,graph,13,0.37872087955474854,0
NEM,Y_机组出力_BW01,graph,14,0.37872087955474854,0
NEM,Y_机组出力_BW01,graph,15,0.37872087955474854,0
NEM,Y_机组出力_BW01,graph,16,0.2788960933685303,0
NEM,Y_机组出力_BW01,graph,17,0.2788960933685303,0
NEM,Y_机组出力_BW01,graph,18,0.25440847873687744,0
NEM,Y_机组出力_BW01,graph,19,0.18718038499355316,0
NEM,Y_机组出力_BW01,graph,20,0.18718038499355316,0
NEM,Y_机组出力_BW01,graph,21,0.18718038499355316,0
NEM,Y_机组出力_BW01,graph,22,0.18718038499355316,0
NEM,Y_机组出力_BW01,graph,23,0.14552581310272217,0
NEM,Y_机组出力_BW01,graph,24,0.14010295271873474,0
NEM,Y_机组出力_BW01,graph,25,0.08586034923791885,0
NEM,Y_机组出力_BW01,graph,26,0.07785135507583618,0
NEM,Y_机组出力_BW01,graph,27,0.07785135507583618,0
NEM,Y_机组出力_BW01,graph,28,0.029658496379852295,0
NEM,Y_机组出力_BW01,graph,29,0.0034617355559021235,0
NEM,Y_机组出力_BW01,graph,30,0.0,0
NEM,Y_机组出力_BW01,M2_est,0,0.6533966064453125,266
NEM,Y_机组出力_BW01,M2_est,1,0.5680943727493286,151
NEM,Y_机组出力_BW01,M2_est,2,0.5680943727493286,106
NEM,Y_机组出力_BW01,M2_est,3,0.5461609363555908,46
NEM,Y_机组出力_BW01,M2_est,4,0.5461609363555908,40
NEM,Y_机组出力_BW01,M2_est,5,0.4677961468696594,0
NEM,Y_机组出力_BW01,M2_est,6,0.44893282651901245,0
NEM,Y_机组出力_BW01,M2_est,7,0.44893282651901245,0
NEM,Y_机组出力_BW01,M2_est,8,0.4403044581413269,0
NEM,Y_机组出力_BW01,M2_est,9,0.43826013803482056,0
NEM,Y_机组出力_BW01,M2_est,10,0.43620800971984863,0
NEM,Y_机组出力_BW01,M2_est,11,0.4290221929550171,0
NEM,Y_机组出力_BW01,M2_est,12,0.412295401096344,0
NEM,Y_机组出力_BW01,M2_est,13,0.3839046061038971,0
NEM,Y_机组出力_BW01,M2_est,14,0.335361123085022,0
NEM,Y_机组出力_BW01,M2_est,15,0.2788960933685303,0
NEM,Y_机组出力_BW01,M2_est,16,0.2579224109649658,0
NEM,Y_机组出力_BW01,M2_est,17,0.2213178277015686,0
NEM,Y_机组出力_BW01,M2_est,18,0.2213178277015686,0
NEM,Y_机组出力_BW01,M2_est,19,0.18718038499355316,0
NEM,Y_机组出力_BW01,M2_est,20,0.18642835319042206,0
NEM,Y_机组出力_BW01,M2_est,21,0.1475440263748169,0
NEM,Y_机组出力_BW01,M2_est,22,0.1274651288986206,0
NEM,Y_机组出力_BW01,M2_est,23,0.12531960010528564,0
NEM,Y_机组出力_BW01,M2_est,24,0.12531960010528564,0
NEM,Y_机组出力_BW01,M2_est,25,0.12531960010528564,0
NEM,Y_机组出力_BW01,M2_est,26,0.10378038883209229,0
NEM,Y_机组出力_BW01,M2_est,27,0.09898483753204346,0
NEM,Y_机组出力_BW01,M2_est,28,0.052485883235931396,0
NEM,Y_机组出力_BW01,M2_est,29,0.0034617355559021235,0
NEM,Y_机组出力_BW01,M2_est,30,0.0,0
NEM,Y_机组出力_BW01,M2_cert,0,0.6533966064453125,266
NEM,Y_机组出力_BW01,M2_cert,1,0.5680943727493286,151
NEM,Y_机组出力_BW01,M2_cert,2,0.5680943727493286,106
NEM,Y_机组出力_BW01,M2_cert,3,0.5461609363555908,46
NEM,Y_机组出力_BW01,M2_cert,4,0.5461609363555908,40
NEM,Y_机组出力_BW01,M2_cert,5,0.5461609363555908,20
NEM,Y_机组出力_BW01,M2_cert,6,0.44893282651901245,0
NEM,Y_机组出力_BW01,M2_cert,7,0.44893282651901245,0
NEM,Y_机组出力_BW01,M2_cert,8,0.4403044581413269,0
NEM,Y_机组出力_BW01,M2_cert,9,0.43826013803482056,0
NEM,Y_机组出力_BW01,M2_cert,10,0.43620800971984863,0
NEM,Y_机组出力_BW01,M2_cert,11,0.4290221929550171,0
NEM,Y_机组出力_BW01,M2_cert,12,0.412295401096344,0
NEM,Y_机组出力_BW01,M2_cert,13,0.3839046061038971,0
NEM,Y_机组出力_BW01,M2_cert,14,0.335361123085022,0
NEM,Y_机组出力_BW01,M2_cert,15,0.2788960933685303,0
NEM,Y_机组出力_BW01,M2_cert,16,0.2579224109649658,0
NEM,Y_机组出力_BW01,M2_cert,17,0.2579224109649658,0
NEM,Y_机组出力_BW01,M2_cert,18,0.18718038499355316,0
NEM,Y_机组出力_BW01,M2_cert,19,0.18718038499355316,0
NEM,Y_机组出力_BW01,M2_cert,20,0.18642835319042206,0
NEM,Y_机组出力_BW01,M2_cert,21,0.1475440263748169,0
NEM,Y_机组出力_BW01,M2_cert,22,0.1274651288986206,0
NEM,Y_机组出力_BW01,M2_cert,23,0.12531960010528564,0
NEM,Y_机组出力_BW01,M2_cert,24,0.12531960010528564,0
NEM,Y_机组出力_BW01,M2_cert,25,0.12531960010528564,0
NEM,Y_机组出力_BW01,M2_cert,26,0.10464274883270264,0
NEM,Y_机组出力_BW01,M2_cert,27,0.09898483753204346,0
NEM,Y_机组出力_BW01,M2_cert,28,0.029658496379852295,0
NEM,Y_机组出力_BW01,M2_cert,29,0.0044408440589904785,0
NEM,Y_机组出力_BW01,M2_cert,30,0.0,0
NEM,Y_机组出力_BW01,M2,0,0.6533966064453125,266
NEM,Y_机组出力_BW01,M2,1,0.5680943727493286,151
NEM,Y_机组出力_BW01,M2,2,0.5680943727493286,106
NEM,Y_机组出力_BW01,M2,3,0.5461609363555908,46
NEM,Y_机组出力_BW01,M2,4,0.5461609363555908,40
NEM,Y_机组出力_BW01,M2,5,0.5461609363555908,20
NEM,Y_机组出力_BW01,M2,6,0.44893282651901245,0
NEM,Y_机组出力_BW01,M2,7,0.44893282651901245,0
NEM,Y_机组出力_BW01,M2,8,0.4403044581413269,0
NEM,Y_机组出力_BW01,M2,9,0.43826013803482056,0
NEM,Y_机组出力_BW01,M2,10,0.43620800971984863,0
NEM,Y_机组出力_BW01,M2,11,0.4290221929550171,0
NEM,Y_机组出力_BW01,M2,12,0.412295401096344,0
NEM,Y_机组出力_BW01,M2,13,0.3839046061038971,0
NEM,Y_机组出力_BW01,M2,14,0.335361123085022,0
NEM,Y_机组出力_BW01,M2,15,0.2788960933685303,0
NEM,Y_机组出力_BW01,M2,16,0.2648531198501587,0
NEM,Y_机组出力_BW01,M2,17,0.23976969718933105,0
NEM,Y_机组出力_BW01,M2,18,0.2176343947649002,0
NEM,Y_机组出力_BW01,M2,19,0.18642835319042206,0
NEM,Y_机组出力_BW01,M2,20,0.18642835319042206,0
NEM,Y_机组出力_BW01,M2,21,0.18642835319042206,0
NEM,Y_机组出力_BW01,M2,22,0.14636564254760742,0
NEM,Y_机组出力_BW01,M2,23,0.14636564254760742,0
NEM,Y_机组出力_BW01,M2,24,0.1135663390159607,0
NEM,Y_机组出力_BW01,M2,25,0.1135663390159607,0
NEM,Y_机组出力_BW01,M2,26,0.1135663390159607,0
NEM,Y_机组出力_BW01,M2,27,0.08988410234451294,0
NEM,Y_机组出力_BW01,M2,28,0.020953238010406494,0
NEM,Y_机组出力_BW01,M2,29,0.0044408440589904785,0
NEM,Y_机组出力_BW01,M2,30,0.0,0
NEM,Y_机组出力_TUMUT3,pearson,0,0.5324828028678894,23
NEM,Y_机组出力_TUMUT3,pearson,1,0.5324828028678894,19
NEM,Y_机组出力_TUMUT3,pearson,2,0.49311232566833496,0
NEM,Y_机组出力_TUMUT3,pearson,3,0.49311232566833496,0
NEM,Y_机组出力_TUMUT3,pearson,4,0.4672490954399109,0
NEM,Y_机组出力_TUMUT3,pearson,5,0.31009796261787415,0
NEM,Y_机组出力_TUMUT3,pearson,6,0.31009796261787415,0
NEM,Y_机组出力_TUMUT3,pearson,7,0.31009796261787415,0
NEM,Y_机组出力_TUMUT3,pearson,8,0.31009796261787415,0
NEM,Y_机组出力_TUMUT3,pearson,9,0.264014333486557,0
NEM,Y_机组出力_TUMUT3,pearson,10,0.21816688776016235,0
NEM,Y_机组出力_TUMUT3,pearson,11,0.1991489976644516,0
NEM,Y_机组出力_TUMUT3,pearson,12,0.1954129934310913,0
NEM,Y_机组出力_TUMUT3,pearson,13,0.1954129934310913,0
NEM,Y_机组出力_TUMUT3,pearson,14,0.1954129934310913,0
NEM,Y_机组出力_TUMUT3,pearson,15,0.1954129934310913,0
NEM,Y_机组出力_TUMUT3,pearson,16,0.16713756322860718,0
NEM,Y_机组出力_TUMUT3,pearson,17,0.15627449750900269,0
NEM,Y_机组出力_TUMUT3,pearson,18,0.15627449750900269,0
NEM,Y_机组出力_TUMUT3,pearson,19,0.14705616235733032,0
NEM,Y_机组出力_TUMUT3,pearson,20,0.04897099733352661,0
NEM,Y_机组出力_TUMUT3,pearson,21,0.04897099733352661,0
NEM,Y_机组出力_TUMUT3,pearson,22,0.0416223406791687,0
NEM,Y_机组出力_TUMUT3,pearson,23,0.0416223406791687,0
NEM,Y_机组出力_TUMUT3,pearson,24,0.03035914897918701,0
NEM,Y_机组出力_TUMUT3,pearson,25,0.024983763694763184,0
NEM,Y_机组出力_TUMUT3,pearson,26,0.024983763694763184,0
NEM,Y_机组出力_TUMUT3,pearson,27,0.011729180812835693,0
NEM,Y_机组出力_TUMUT3,pearson,28,0.002379775047302246,0
NEM,Y_机组出力_TUMUT3,pearson,29,0.002379775047302246,0
NEM,Y_机组出力_TUMUT3,pearson,30,0.0,0
NEM,Y_机组出力_TUMUT3,spearman,0,0.5324828028678894,23
NEM,Y_机组出力_TUMUT3,spearman,1,0.5324828028678894,19
NEM,Y_机组出力_TUMUT3,spearman,2,0.49311232566833496,0
NEM,Y_机组出力_TUMUT3,spearman,3,0.49311232566833496,0
NEM,Y_机组出力_TUMUT3,spearman,4,0.33638888597488403,0
NEM,Y_机组出力_TUMUT3,spearman,5,0.31009796261787415,0
NEM,Y_机组出力_TUMUT3,spearman,6,0.31009796261787415,0
NEM,Y_机组出力_TUMUT3,spearman,7,0.31009796261787415,0
NEM,Y_机组出力_TUMUT3,spearman,8,0.31009796261787415,0
NEM,Y_机组出力_TUMUT3,spearman,9,0.31009796261787415,0
NEM,Y_机组出力_TUMUT3,spearman,10,0.31009796261787415,0
NEM,Y_机组出力_TUMUT3,spearman,11,0.2567143440246582,0
NEM,Y_机组出力_TUMUT3,spearman,12,0.21816688776016235,0
NEM,Y_机组出力_TUMUT3,spearman,13,0.1954129934310913,0
NEM,Y_机组出力_TUMUT3,spearman,14,0.16928791999816895,0
NEM,Y_机组出力_TUMUT3,spearman,15,0.16928791999816895,0
NEM,Y_机组出力_TUMUT3,spearman,16,0.16928791999816895,0
NEM,Y_机组出力_TUMUT3,spearman,17,0.15627449750900269,0
NEM,Y_机组出力_TUMUT3,spearman,18,0.15627449750900269,0
NEM,Y_机组出力_TUMUT3,spearman,19,0.15627449750900269,0
NEM,Y_机组出力_TUMUT3,spearman,20,0.15627449750900269,0
NEM,Y_机组出力_TUMUT3,spearman,21,0.04058164358139038,0
NEM,Y_机组出力_TUMUT3,spearman,22,0.040034424513578415,0
NEM,Y_机组出力_TUMUT3,spearman,23,0.040034424513578415,0
NEM,Y_机组出力_TUMUT3,spearman,24,0.03402125835418701,0
NEM,Y_机组出力_TUMUT3,spearman,25,0.026547741144895554,0
NEM,Y_机组出力_TUMUT3,spearman,26,0.01899540051817894,0
NEM,Y_机组出力_TUMUT3,spearman,27,0.01899540051817894,0
NEM,Y_机组出力_TUMUT3,spearman,28,0.015482127666473389,0
NEM,Y_机组出力_TUMUT3,spearman,29,0.008349835872650146,0
NEM,Y_机组出力_TUMUT3,spearman,30,0.0,0
NEM,Y_机组出力_TUMUT3,mi,0,0.5324828028678894,23
NEM,Y_机组出力_TUMUT3,mi,1,0.5324828028678894,19
NEM,Y_机组出力_TUMUT3,mi,2,0.49311232566833496,0
NEM,Y_机组出力_TUMUT3,mi,3,0.41617098450660706,0
NEM,Y_机组出力_TUMUT3,mi,4,0.33638888597488403,0
NEM,Y_机组出力_TUMUT3,mi,5,0.31009796261787415,0
NEM,Y_机组出力_TUMUT3,mi,6,0.31009796261787415,0
NEM,Y_机组出力_TUMUT3,mi,7,0.2846333384513855,0
NEM,Y_机组出力_TUMUT3,mi,8,0.2321716547012329,0
NEM,Y_机组出力_TUMUT3,mi,9,0.2321716547012329,0
NEM,Y_机组出力_TUMUT3,mi,10,0.21816688776016235,0
NEM,Y_机组出力_TUMUT3,mi,11,0.19966186583042145,0
NEM,Y_机组出力_TUMUT3,mi,12,0.1954129934310913,0
NEM,Y_机组出力_TUMUT3,mi,13,0.1954129934310913,0
NEM,Y_机组出力_TUMUT3,mi,14,0.1954129934310913,0
NEM,Y_机组出力_TUMUT3,mi,15,0.1954129934310913,0
NEM,Y_机组出力_TUMUT3,mi,16,0.1954129934310913,0
NEM,Y_机组出力_TUMUT3,mi,17,0.12222856283187866,0
NEM,Y_机组出力_TUMUT3,mi,18,0.05232197046279907,0
NEM,Y_机组出力_TUMUT3,mi,19,0.05222123861312866,0
NEM,Y_机组出力_TUMUT3,mi,20,0.05026358366012573,0
NEM,Y_机组出力_TUMUT3,mi,21,0.05026358366012573,0
NEM,Y_机组出力_TUMUT3,mi,22,0.05026358366012573,0
NEM,Y_机组出力_TUMUT3,mi,23,0.05026358366012573,0
NEM,Y_机组出力_TUMUT3,mi,24,0.037294745445251465,0
NEM,Y_机组出力_TUMUT3,mi,25,0.037294745445251465,0
NEM,Y_机组出力_TUMUT3,mi,26,0.037294745445251465,0
NEM,Y_机组出力_TUMUT3,mi,27,0.037294745445251465,0
NEM,Y_机组出力_TUMUT3,mi,28,0.012124598026275635,0
NEM,Y_机组出力_TUMUT3,mi,29,0.006964266300201416,0
NEM,Y_机组出力_TUMUT3,mi,30,0.0,0
NEM,Y_机组出力_TUMUT3,dcor,0,0.5324828028678894,23
NEM,Y_机组出力_TUMUT3,dcor,1,0.5274448394775391,3
NEM,Y_机组出力_TUMUT3,dcor,2,0.49311232566833496,0
NEM,Y_机组出力_TUMUT3,dcor,3,0.49311232566833496,0
NEM,Y_机组出力_TUMUT3,dcor,4,0.33638888597488403,0
NEM,Y_机组出力_TUMUT3,dcor,5,0.31009796261787415,0
NEM,Y_机组出力_TUMUT3,dcor,6,0.31009796261787415,0
NEM,Y_机组出力_TUMUT3,dcor,7,0.31009796261787415,0
NEM,Y_机组出力_TUMUT3,dcor,8,0.264014333486557,0
NEM,Y_机组出力_TUMUT3,dcor,9,0.21816688776016235,0
NEM,Y_机组出力_TUMUT3,dcor,10,0.21816688776016235,0
NEM,Y_机组出力_TUMUT3,dcor,11,0.1991489976644516,0
NEM,Y_机组出力_TUMUT3,dcor,12,0.1954129934310913,0
NEM,Y_机组出力_TUMUT3,dcor,13,0.1954129934310913,0
NEM,Y_机组出力_TUMUT3,dcor,14,0.1954129934310913,0
NEM,Y_机组出力_TUMUT3,dcor,15,0.1954129934310913,0
NEM,Y_机组出力_TUMUT3,dcor,16,0.15627449750900269,0
NEM,Y_机组出力_TUMUT3,dcor,17,0.15627449750900269,0
NEM,Y_机组出力_TUMUT3,dcor,18,0.15627449750900269,0
NEM,Y_机组出力_TUMUT3,dcor,19,0.15627449750900269,0
NEM,Y_机组出力_TUMUT3,dcor,20,0.15627449750900269,0
NEM,Y_机组出力_TUMUT3,dcor,21,0.04897099733352661,0
NEM,Y_机组出力_TUMUT3,dcor,22,0.04897099733352661,0
NEM,Y_机组出力_TUMUT3,dcor,23,0.04897099733352661,0
NEM,Y_机组出力_TUMUT3,dcor,24,0.03402125835418701,0
NEM,Y_机组出力_TUMUT3,dcor,25,0.03402125835418701,0
NEM,Y_机组出力_TUMUT3,dcor,26,0.022423923015594482,0
NEM,Y_机组出力_TUMUT3,dcor,27,0.021473288536071777,0
NEM,Y_机组出力_TUMUT3,dcor,28,0.013518452644348145,0
NEM,Y_机组出力_TUMUT3,dcor,29,0.0004309985088184476,0
NEM,Y_机组出力_TUMUT3,dcor,30,0.0,0
NEM,Y_机组出力_TUMUT3,M0,0,0.5324828028678894,23
NEM,Y_机组出力_TUMUT3,M0,1,0.49526166915893555,0
NEM,Y_机组出力_TUMUT3,M0,2,0.49526166915893555,0
NEM,Y_机组出力_TUMUT3,M0,3,0.49526166915893555,0
NEM,Y_机组出力_TUMUT3,M0,4,0.33638888597488403,0
NEM,Y_机组出力_TUMUT3,M0,5,0.31009796261787415,0
NEM,Y_机组出力_TUMUT3,M0,6,0.31009796261787415,0
NEM,Y_机组出力_TUMUT3,M0,7,0.31009796261787415,0
NEM,Y_机组出力_TUMUT3,M0,8,0.2321716547012329,0
NEM,Y_机组出力_TUMUT3,M0,9,0.21816688776016235,0
NEM,Y_机组出力_TUMUT3,M0,10,0.1954129934310913,0
NEM,Y_机组出力_TUMUT3,M0,11,0.1954129934310913,0
NEM,Y_机组出力_TUMUT3,M0,12,0.1954129934310913,0
NEM,Y_机组出力_TUMUT3,M0,13,0.1954129934310913,0
NEM,Y_机组出力_TUMUT3,M0,14,0.1954129934310913,0
NEM,Y_机组出力_TUMUT3,M0,15,0.1954129934310913,0
NEM,Y_机组出力_TUMUT3,M0,16,0.1954129934310913,0
NEM,Y_机组出力_TUMUT3,M0,17,0.15627449750900269,0
NEM,Y_机组出力_TUMUT3,M0,18,0.05232197046279907,0
NEM,Y_机组出力_TUMUT3,M0,19,0.05222123861312866,0
NEM,Y_机组出力_TUMUT3,M0,20,0.04897099733352661,0
NEM,Y_机组出力_TUMUT3,M0,21,0.04897099733352661,0
NEM,Y_机组出力_TUMUT3,M0,22,0.04897099733352661,0
NEM,Y_机组出力_TUMUT3,M0,23,0.0416223406791687,0
NEM,Y_机组出力_TUMUT3,M0,24,0.0416223406791687,0
NEM,Y_机组出力_TUMUT3,M0,25,0.0416223406791687,0
NEM,Y_机组出力_TUMUT3,M0,26,0.0416223406791687,0
NEM,Y_机组出力_TUMUT3,M0,27,0.0,0
NEM,Y_机组出力_TUMUT3,M0,28,0.0,0
NEM,Y_机组出力_TUMUT3,M0,29,0.0,0
NEM,Y_机组出力_TUMUT3,M0,30,0.0,0
NEM,Y_机组出力_TUMUT3,loco,0,0.5324828028678894,23
NEM,Y_机组出力_TUMUT3,loco,1,0.5324828028678894,22
NEM,Y_机组出力_TUMUT3,loco,2,0.5187231302261353,20
NEM,Y_机组出力_TUMUT3,loco,3,0.5187231302261353,19
NEM,Y_机组出力_TUMUT3,loco,4,0.5140461921691895,2
NEM,Y_机组出力_TUMUT3,loco,5,0.5140461921691895,2
NEM,Y_机组出力_TUMUT3,loco,6,0.5140461921691895,2
NEM,Y_机组出力_TUMUT3,loco,7,0.4571748375892639,0
NEM,Y_机组出力_TUMUT3,loco,8,0.41617098450660706,0
NEM,Y_机组出力_TUMUT3,loco,9,0.41617098450660706,0
NEM,Y_机组出力_TUMUT3,loco,10,0.41617098450660706,0
NEM,Y_机组出力_TUMUT3,loco,11,0.41617098450660706,0
NEM,Y_机组出力_TUMUT3,loco,12,0.41617098450660706,0
NEM,Y_机组出力_TUMUT3,loco,13,0.41617098450660706,0
NEM,Y_机组出力_TUMUT3,loco,14,0.41617098450660706,0
NEM,Y_机组出力_TUMUT3,loco,15,0.41617098450660706,0
NEM,Y_机组出力_TUMUT3,loco,16,0.41617098450660706,0
NEM,Y_机组出力_TUMUT3,loco,17,0.41617098450660706,0
NEM,Y_机组出力_TUMUT3,loco,18,0.41617098450660706,0
NEM,Y_机组出力_TUMUT3,loco,19,0.41617098450660706,0
NEM,Y_机组出力_TUMUT3,loco,20,0.41617098450660706,0
NEM,Y_机组出力_TUMUT3,loco,21,0.41617098450660706,0
NEM,Y_机组出力_TUMUT3,loco,22,0.41617098450660706,0
NEM,Y_机组出力_TUMUT3,loco,23,0.41617098450660706,0
NEM,Y_机组出力_TUMUT3,loco,24,0.41617098450660706,0
NEM,Y_机组出力_TUMUT3,loco,25,0.3988111615180969,0
NEM,Y_机组出力_TUMUT3,loco,26,0.3988111615180969,0
NEM,Y_机组出力_TUMUT3,loco,27,0.1605473756790161,0
NEM,Y_机组出力_TUMUT3,loco,28,0.1605473756790161,0
NEM,Y_机组出力_TUMUT3,loco,29,0.1436154842376709,0
NEM,Y_机组出力_TUMUT3,loco,30,0.0,0
NEM,Y_机组出力_TUMUT3,perm,0,0.5324828028678894,23
NEM,Y_机组出力_TUMUT3,perm,1,0.5274448394775391,3
NEM,Y_机组出力_TUMUT3,perm,2,0.5274448394775391,3
NEM,Y_机组出力_TUMUT3,perm,3,0.49311232566833496,0
NEM,Y_机组出力_TUMUT3,perm,4,0.49311232566833496,0
NEM,Y_机组出力_TUMUT3,perm,5,0.41617098450660706,0
NEM,Y_机组出力_TUMUT3,perm,6,0.41617098450660706,0
NEM,Y_机组出力_TUMUT3,perm,7,0.41617098450660706,0
NEM,Y_机组出力_TUMUT3,perm,8,0.4025893211364746,0
NEM,Y_机组出力_TUMUT3,perm,9,0.4025893211364746,0
NEM,Y_机组出力_TUMUT3,perm,10,0.4025893211364746,0
NEM,Y_机组出力_TUMUT3,perm,11,0.4025893211364746,0
NEM,Y_机组出力_TUMUT3,perm,12,0.4025893211364746,0
NEM,Y_机组出力_TUMUT3,perm,13,0.4025893211364746,0
NEM,Y_机组出力_TUMUT3,perm,14,0.4025893211364746,0
NEM,Y_机组出力_TUMUT3,perm,15,0.27504608035087585,0
NEM,Y_机组出力_TUMUT3,perm,16,0.27504608035087585,0
NEM,Y_机组出力_TUMUT3,perm,17,0.27504608035087585,0
NEM,Y_机组出力_TUMUT3,perm,18,0.27504608035087585,0
NEM,Y_机组出力_TUMUT3,perm,19,0.27504608035087585,0
NEM,Y_机组出力_TUMUT3,perm,20,0.27504608035087585,0
NEM,Y_机组出力_TUMUT3,perm,21,0.21263648569583893,0
NEM,Y_机组出力_TUMUT3,perm,22,0.21263648569583893,0
NEM,Y_机组出力_TUMUT3,perm,23,0.21263648569583893,0
NEM,Y_机组出力_TUMUT3,perm,24,0.17300008237361908,0
NEM,Y_机组出力_TUMUT3,perm,25,0.09479639679193497,0
NEM,Y_机组出力_TUMUT3,perm,26,0.09479639679193497,0
NEM,Y_机组出力_TUMUT3,perm,27,0.09479639679193497,0
NEM,Y_机组出力_TUMUT3,perm,28,0.0597446970641613,0
NEM,Y_机组出力_TUMUT3,perm,29,0.002379775047302246,0
NEM,Y_机组出力_TUMUT3,perm,30,0.0,0
NEM,Y_机组出力_TUMUT3,sage,0,0.5324828028678894,23
NEM,Y_机组出力_TUMUT3,sage,1,0.5274448394775391,3
NEM,Y_机组出力_TUMUT3,sage,2,0.49311232566833496,0
NEM,Y_机组出力_TUMUT3,sage,3,0.41617098450660706,0
NEM,Y_机组出力_TUMUT3,sage,4,0.41617098450660706,0
NEM,Y_机组出力_TUMUT3,sage,5,0.4025893211364746,0
NEM,Y_机组出力_TUMUT3,sage,6,0.31305357813835144,0
NEM,Y_机组出力_TUMUT3,sage,7,0.27504608035087585,0
NEM,Y_机组出力_TUMUT3,sage,8,0.27504608035087585,0
NEM,Y_机组出力_TUMUT3,sage,9,0.27504608035087585,0
NEM,Y_机组出力_TUMUT3,sage,10,0.27504608035087585,0
NEM,Y_机组出力_TUMUT3,sage,11,0.27504608035087585,0
NEM,Y_机组出力_TUMUT3,sage,12,0.27504608035087585,0
NEM,Y_机组出力_TUMUT3,sage,13,0.27504608035087585,0
NEM,Y_机组出力_TUMUT3,sage,14,0.2511669397354126,0
NEM,Y_机组出力_TUMUT3,sage,15,0.2511669397354126,0
NEM,Y_机组出力_TUMUT3,sage,16,0.2511669397354126,0
NEM,Y_机组出力_TUMUT3,sage,17,0.2511669397354126,0
NEM,Y_机组出力_TUMUT3,sage,18,0.2511669397354126,0
NEM,Y_机组出力_TUMUT3,sage,19,0.2511669397354126,0
NEM,Y_机组出力_TUMUT3,sage,20,0.2511669397354126,0
NEM,Y_机组出力_TUMUT3,sage,21,0.2511669397354126,0
NEM,Y_机组出力_TUMUT3,sage,22,0.2511669397354126,0
NEM,Y_机组出力_TUMUT3,sage,23,0.2511669397354126,0
NEM,Y_机组出力_TUMUT3,sage,24,0.2511669397354126,0
NEM,Y_机组出力_TUMUT3,sage,25,0.18902039527893066,0
NEM,Y_机组出力_TUMUT3,sage,26,0.18902039527893066,0
NEM,Y_机组出力_TUMUT3,sage,27,0.18902039527893066,0
NEM,Y_机组出力_TUMUT3,sage,28,0.09619474411010742,0
NEM,Y_机组出力_TUMUT3,sage,29,0.0,0
NEM,Y_机组出力_TUMUT3,sage,30,0.0,0
NEM,Y_机组出力_TUMUT3,graph,0,0.5324828028678894,23
NEM,Y_机组出力_TUMUT3,graph,1,0.5324828028678894,22
NEM,Y_机组出力_TUMUT3,graph,2,0.49526166915893555,0
NEM,Y_机组出力_TUMUT3,graph,3,0.49526166915893555,0
NEM,Y_机组出力_TUMUT3,graph,4,0.49526166915893555,0
NEM,Y_机组出力_TUMUT3,graph,5,0.49526166915893555,0
NEM,Y_机组出力_TUMUT3,graph,6,0.49526166915893555,0
NEM,Y_机组出力_TUMUT3,graph,7,0.49526166915893555,0
NEM,Y_机组出力_TUMUT3,graph,8,0.49526166915893555,0
NEM,Y_机组出力_TUMUT3,graph,9,0.24935555458068848,0
NEM,Y_机组出力_TUMUT3,graph,10,0.21429121494293213,0
NEM,Y_机组出力_TUMUT3,graph,11,0.21429121494293213,0
NEM,Y_机组出力_TUMUT3,graph,12,0.21429121494293213,0
NEM,Y_机组出力_TUMUT3,graph,13,0.1954129934310913,0
NEM,Y_机组出力_TUMUT3,graph,14,0.1954129934310913,0
NEM,Y_机组出力_TUMUT3,graph,15,0.17617285251617432,0
NEM,Y_机组出力_TUMUT3,graph,16,0.17617285251617432,0
NEM,Y_机组出力_TUMUT3,graph,17,0.14189982414245605,0
NEM,Y_机组出力_TUMUT3,graph,18,0.14189982414245605,0
NEM,Y_机组出力_TUMUT3,graph,19,0.04897099733352661,0
NEM,Y_机组出力_TUMUT3,graph,20,0.04897099733352661,0
NEM,Y_机组出力_TUMUT3,graph,21,0.04897099733352661,0
NEM,Y_机组出力_TUMUT3,graph,22,0.04897099733352661,0
NEM,Y_机组出力_TUMUT3,graph,23,0.04897099733352661,0
NEM,Y_机组出力_TUMUT3,graph,24,0.0416223406791687,0
NEM,Y_机组出力_TUMUT3,graph,25,0.0416223406791687,0
NEM,Y_机组出力_TUMUT3,graph,26,0.0416223406791687,0
NEM,Y_机组出力_TUMUT3,graph,27,0.0416223406791687,0
NEM,Y_机组出力_TUMUT3,graph,28,0.017524778842926025,0
NEM,Y_机组出力_TUMUT3,graph,29,0.0,0
NEM,Y_机组出力_TUMUT3,graph,30,0.0,0
NEM,Y_机组出力_TUMUT3,M2_est,0,0.5324828028678894,23
NEM,Y_机组出力_TUMUT3,M2_est,1,0.5274448394775391,3
NEM,Y_机组出力_TUMUT3,M2_est,2,0.49311232566833496,0
NEM,Y_机组出力_TUMUT3,M2_est,3,0.41617098450660706,0
NEM,Y_机组出力_TUMUT3,M2_est,4,0.33638888597488403,0
NEM,Y_机组出力_TUMUT3,M2_est,5,0.31009796261787415,0
NEM,Y_机组出力_TUMUT3,M2_est,6,0.3027610182762146,0
NEM,Y_机组出力_TUMUT3,M2_est,7,0.2846333384513855,0
NEM,Y_机组出力_TUMUT3,M2_est,8,0.2846333384513855,0
NEM,Y_机组出力_TUMUT3,M2_est,9,0.264014333486557,0
NEM,Y_机组出力_TUMUT3,M2_est,10,0.21263648569583893,0
NEM,Y_机组出力_TUMUT3,M2_est,11,0.21263648569583893,0
NEM,Y_机组出力_TUMUT3,M2_est,12,0.19966186583042145,0
NEM,Y_机组出力_TUMUT3,M2_est,13,0.19857685267925262,0
NEM,Y_机组出力_TUMUT3,M2_est,14,0.19857685267925262,0
NEM,Y_机组出力_TUMUT3,M2_est,15,0.17800568044185638,0
NEM,Y_机组出力_TUMUT3,M2_est,16,0.17800568044185638,0
NEM,Y_机组出力_TUMUT3,M2_est,17,0.166892871260643,0
NEM,Y_机组出力_TUMUT3,M2_est,18,0.07607001066207886,0
NEM,Y_机组出力_TUMUT3,M2_est,19,0.07041501998901367,0
NEM,Y_机组出力_TUMUT3,M2_est,20,0.07041501998901367,0
NEM,Y_机组出力_TUMUT3,M2_est,21,0.04500538110733032,0
NEM,Y_机组出力_TUMUT3,M2_est,22,0.04500538110733032,0
NEM,Y_机组出力_TUMUT3,M2_est,23,0.0401378870010376,0
NEM,Y_机组出力_TUMUT3,M2_est,24,0.035366058349609375,0
NEM,Y_机组出力_TUMUT3,M2_est,25,0.03035914897918701,0
NEM,Y_机组出力_TUMUT3,M2_est,26,0.03035914897918701,0
NEM,Y_机组出力_TUMUT3,M2_est,27,0.03035914897918701,0
NEM,Y_机组出力_TUMUT3,M2_est,28,0.0004309985088184476,0
NEM,Y_机组出力_TUMUT3,M2_est,29,0.0004309985088184476,0
NEM,Y_机组出力_TUMUT3,M2_est,30,0.0,0
NEM,Y_机组出力_TUMUT3,M2_cert,0,0.5324828028678894,23
NEM,Y_机组出力_TUMUT3,M2_cert,1,0.5274448394775391,3
NEM,Y_机组出力_TUMUT3,M2_cert,2,0.49311232566833496,0
NEM,Y_机组出力_TUMUT3,M2_cert,3,0.41617098450660706,0
NEM,Y_机组出力_TUMUT3,M2_cert,4,0.33638888597488403,0
NEM,Y_机组出力_TUMUT3,M2_cert,5,0.31009796261787415,0
NEM,Y_机组出力_TUMUT3,M2_cert,6,0.31009796261787415,0
NEM,Y_机组出力_TUMUT3,M2_cert,7,0.31009796261787415,0
NEM,Y_机组出力_TUMUT3,M2_cert,8,0.3027610182762146,0
NEM,Y_机组出力_TUMUT3,M2_cert,9,0.3027610182762146,0
NEM,Y_机组出力_TUMUT3,M2_cert,10,0.27227529883384705,0
NEM,Y_机组出力_TUMUT3,M2_cert,11,0.24379241466522217,0
NEM,Y_机组出力_TUMUT3,M2_cert,12,0.1879778802394867,0
NEM,Y_机组出力_TUMUT3,M2_cert,13,0.16681736707687378,0
NEM,Y_机组出力_TUMUT3,M2_cert,14,0.16681736707687378,0
NEM,Y_机组出力_TUMUT3,M2_cert,15,0.16240672767162323,0
NEM,Y_机组出力_TUMUT3,M2_cert,16,0.14565148949623108,0
NEM,Y_机组出力_TUMUT3,M2_cert,17,0.14565148949623108,0
NEM,Y_机组出力_TUMUT3,M2_cert,18,0.13261336088180542,0
NEM,Y_机组出力_TUMUT3,M2_cert,19,0.07607001066207886,0
NEM,Y_机组出力_TUMUT3,M2_cert,20,0.07041501998901367,0
NEM,Y_机组出力_TUMUT3,M2_cert,21,0.04500538110733032,0
NEM,Y_机组出力_TUMUT3,M2_cert,22,0.04500538110733032,0
NEM,Y_机组出力_TUMUT3,M2_cert,23,0.04198867082595825,0
NEM,Y_机组出力_TUMUT3,M2_cert,24,0.04198867082595825,0
NEM,Y_机组出力_TUMUT3,M2_cert,25,0.03035914897918701,0
NEM,Y_机组出力_TUMUT3,M2_cert,26,0.019713640213012695,0
NEM,Y_机组出力_TUMUT3,M2_cert,27,0.019713640213012695,0
NEM,Y_机组出力_TUMUT3,M2_cert,28,0.002379775047302246,0
NEM,Y_机组出力_TUMUT3,M2_cert,29,0.0,0
NEM,Y_机组出力_TUMUT3,M2_cert,30,0.0,0
NEM,Y_机组出力_TUMUT3,M2,0,0.5324828028678894,23
NEM,Y_机组出力_TUMUT3,M2,1,0.5274448394775391,3
NEM,Y_机组出力_TUMUT3,M2,2,0.49311232566833496,0
NEM,Y_机组出力_TUMUT3,M2,3,0.41617098450660706,0
NEM,Y_机组出力_TUMUT3,M2,4,0.33638888597488403,0
NEM,Y_机组出力_TUMUT3,M2,5,0.31009796261787415,0
NEM,Y_机组出力_TUMUT3,M2,6,0.31009796261787415,0
NEM,Y_机组出力_TUMUT3,M2,7,0.31009796261787415,0
NEM,Y_机组出力_TUMUT3,M2,8,0.2610308825969696,0
NEM,Y_机组出力_TUMUT3,M2,9,0.21548700332641602,0
NEM,Y_机组出力_TUMUT3,M2,10,0.19028311967849731,0
NEM,Y_机组出力_TUMUT3,M2,11,0.19028311967849731,0
NEM,Y_机组出力_TUMUT3,M2,12,0.1879778802394867,0
NEM,Y_机组出力_TUMUT3,M2,13,0.1879778802394867,0
NEM,Y_机组出力_TUMUT3,M2,14,0.16681736707687378,0
NEM,Y_机组出力_TUMUT3,M2,15,0.16681736707687378,0
NEM,Y_机组出力_TUMUT3,M2,16,0.16681736707687378,0
NEM,Y_机组出力_TUMUT3,M2,17,0.1546584665775299,0
NEM,Y_机组出力_TUMUT3,M2,18,0.14478850364685059,0
NEM,Y_机组出力_TUMUT3,M2,19,0.12857788801193237,0
NEM,Y_机组出力_TUMUT3,M2,20,0.12857788801193237,0
NEM,Y_机组出力_TUMUT3,M2,21,0.07041501998901367,0
NEM,Y_机组出力_TUMUT3,M2,22,0.0416223406791687,0
NEM,Y_机组出力_TUMUT3,M2,23,0.0416223406791687,0
NEM,Y_机组出力_TUMUT3,M2,24,0.0416223406791687,0
NEM,Y_机组出力_TUMUT3,M2,25,0.0416223406791687,0
NEM,Y_机组出力_TUMUT3,M2,26,0.03035914897918701,0
NEM,Y_机组出力_TUMUT3,M2,27,0.019713640213012695,0
NEM,Y_机组出力_TUMUT3,M2,28,0.017524778842926025,0
NEM,Y_机组出力_TUMUT3,M2,29,0.0,0
NEM,Y_机组出力_TUMUT3,M2,30,0.0,0
NEM,Y_机组出力_PPCCGT,pearson,0,0.8003384470939636,215
NEM,Y_机组出力_PPCCGT,pearson,1,0.8003384470939636,174
NEM,Y_机组出力_PPCCGT,pearson,2,0.8003384470939636,152
NEM,Y_机组出力_PPCCGT,pearson,3,0.6411918997764587,92
NEM,Y_机组出力_PPCCGT,pearson,4,0.6411918997764587,76
NEM,Y_机组出力_PPCCGT,pearson,5,0.6411918997764587,62
NEM,Y_机组出力_PPCCGT,pearson,6,0.6411918997764587,54
NEM,Y_机组出力_PPCCGT,pearson,7,0.6411918997764587,52
NEM,Y_机组出力_PPCCGT,pearson,8,0.6411918997764587,41
NEM,Y_机组出力_PPCCGT,pearson,9,0.6411918997764587,39
NEM,Y_机组出力_PPCCGT,pearson,10,0.6411918997764587,28
NEM,Y_机组出力_PPCCGT,pearson,11,0.6411918997764587,14
NEM,Y_机组出力_PPCCGT,pearson,12,0.6411918997764587,12
NEM,Y_机组出力_PPCCGT,pearson,13,0.6411918997764587,5
NEM,Y_机组出力_PPCCGT,pearson,14,0.6411918997764587,5
NEM,Y_机组出力_PPCCGT,pearson,15,0.6411918997764587,5
NEM,Y_机组出力_PPCCGT,pearson,16,0.6411918997764587,4
NEM,Y_机组出力_PPCCGT,pearson,17,0.5095990300178528,3
NEM,Y_机组出力_PPCCGT,pearson,18,0.5095990300178528,1
NEM,Y_机组出力_PPCCGT,pearson,19,0.3935393691062927,0
NEM,Y_机组出力_PPCCGT,pearson,20,0.3935393691062927,0
NEM,Y_机组出力_PPCCGT,pearson,21,0.3935393691062927,0
NEM,Y_机组出力_PPCCGT,pearson,22,0.3935393691062927,0
NEM,Y_机组出力_PPCCGT,pearson,23,0.3935393691062927,0
NEM,Y_机组出力_PPCCGT,pearson,24,0.3935393691062927,0
NEM,Y_机组出力_PPCCGT,pearson,25,0.2990773320198059,0
NEM,Y_机组出力_PPCCGT,pearson,26,0.2990773320198059,0
NEM,Y_机组出力_PPCCGT,pearson,27,0.21691572666168213,0
NEM,Y_机组出力_PPCCGT,pearson,28,0.1619967818260193,0
NEM,Y_机组出力_PPCCGT,pearson,29,0.017052650451660156,0
NEM,Y_机组出力_PPCCGT,pearson,30,0.0,0
NEM,Y_机组出力_PPCCGT,spearman,0,0.8003384470939636,215
NEM,Y_机组出力_PPCCGT,spearman,1,0.8003384470939636,214
NEM,Y_机组出力_PPCCGT,spearman,2,0.8003384470939636,213
NEM,Y_机组出力_PPCCGT,spearman,3,0.8003384470939636,101
NEM,Y_机组出力_PPCCGT,spearman,4,0.8003384470939636,92
NEM,Y_机组出力_PPCCGT,spearman,5,0.8003384470939636,59
NEM,Y_机组出力_PPCCGT,spearman,6,0.8003384470939636,56
NEM,Y_机组出力_PPCCGT,spearman,7,0.8003384470939636,52
NEM,Y_机组出力_PPCCGT,spearman,8,0.4640594720840454,0
NEM,Y_机组出力_PPCCGT,spearman,9,0.4640594720840454,0
NEM,Y_机组出力_PPCCGT,spearman,10,0.45841580629348755,0
NEM,Y_机组出力_PPCCGT,spearman,11,0.4567888081073761,0
NEM,Y_机组出力_PPCCGT,spearman,12,0.4567888081073761,0
NEM,Y_机组出力_PPCCGT,spearman,13,0.4567888081073761,0
NEM,Y_机组出力_PPCCGT,spearman,14,0.4567888081073761,0
NEM,Y_机组出力_PPCCGT,spearman,15,0.35521191358566284,0
NEM,Y_机组出力_PPCCGT,spearman,16,0.3488527536392212,0
NEM,Y_机组出力_PPCCGT,spearman,17,0.3488527536392212,0
NEM,Y_机组出力_PPCCGT,spearman,18,0.3134801387786865,0
NEM,Y_机组出力_PPCCGT,spearman,19,0.3134801387786865,0
NEM,Y_机组出力_PPCCGT,spearman,20,0.3134801387786865,0
NEM,Y_机组出力_PPCCGT,spearman,21,0.29616984724998474,0
NEM,Y_机组出力_PPCCGT,spearman,22,0.29616984724998474,0
NEM,Y_机组出力_PPCCGT,spearman,23,0.26918965578079224,0
NEM,Y_机组出力_PPCCGT,spearman,24,0.26918965578079224,0
NEM,Y_机组出力_PPCCGT,spearman,25,0.24497705698013306,0
NEM,Y_机组出力_PPCCGT,spearman,26,0.21691572666168213,0
NEM,Y_机组出力_PPCCGT,spearman,27,0.21691572666168213,0
NEM,Y_机组出力_PPCCGT,spearman,28,0.1619967818260193,0
NEM,Y_机组出力_PPCCGT,spearman,29,0.017052650451660156,0
NEM,Y_机组出力_PPCCGT,spearman,30,0.0,0
NEM,Y_机组出力_PPCCGT,mi,0,0.8003384470939636,215
NEM,Y_机组出力_PPCCGT,mi,1,0.8003384470939636,214
NEM,Y_机组出力_PPCCGT,mi,2,0.8003384470939636,213
NEM,Y_机组出力_PPCCGT,mi,3,0.8003384470939636,101
NEM,Y_机组出力_PPCCGT,mi,4,0.8003384470939636,66
NEM,Y_机组出力_PPCCGT,mi,5,0.8003384470939636,62
NEM,Y_机组出力_PPCCGT,mi,6,0.8003384470939636,56
NEM,Y_机组出力_PPCCGT,mi,7,0.7723746299743652,38
NEM,Y_机组出力_PPCCGT,mi,8,0.7573099732398987,28
NEM,Y_机组出力_PPCCGT,mi,9,0.7201859951019287,19
NEM,Y_机组出力_PPCCGT,mi,10,0.7201859951019287,19
NEM,Y_机组出力_PPCCGT,mi,11,0.7201859951019287,17
NEM,Y_机组出力_PPCCGT,mi,12,0.6452215909957886,12
NEM,Y_机组出力_PPCCGT,mi,13,0.6452215909957886,11
NEM,Y_机组出力_PPCCGT,mi,14,0.409143328666687,0
NEM,Y_机组出力_PPCCGT,mi,15,0.35521191358566284,0
NEM,Y_机组出力_PPCCGT,mi,16,0.35521191358566284,0
NEM,Y_机组出力_PPCCGT,mi,17,0.35521191358566284,0
NEM,Y_机组出力_PPCCGT,mi,18,0.31776267290115356,0
NEM,Y_机组出力_PPCCGT,mi,19,0.29928553104400635,0
NEM,Y_机组出力_PPCCGT,mi,20,0.29928553104400635,0
NEM,Y_机组出力_PPCCGT,mi,21,0.2869500517845154,0
NEM,Y_机组出力_PPCCGT,mi,22,0.26145023107528687,0
NEM,Y_机组出力_PPCCGT,mi,23,0.24154044687747955,0
NEM,Y_机组出力_PPCCGT,mi,24,0.24154044687747955,0
NEM,Y_机组出力_PPCCGT,mi,25,0.24154044687747955,0
NEM,Y_机组出力_PPCCGT,mi,26,0.14921224117279053,0
NEM,Y_机组出力_PPCCGT,mi,27,0.14921224117279053,0
NEM,Y_机组出力_PPCCGT,mi,28,0.07392746210098267,0
NEM,Y_机组出力_PPCCGT,mi,29,0.034789443016052246,0
NEM,Y_机组出力_PPCCGT,mi,30,0.0,0
NEM,Y_机组出力_PPCCGT,dcor,0,0.8003384470939636,215
NEM,Y_机组出力_PPCCGT,dcor,1,0.8003384470939636,214
NEM,Y_机组出力_PPCCGT,dcor,2,0.8003384470939636,213
NEM,Y_机组出力_PPCCGT,dcor,3,0.8003384470939636,101
NEM,Y_机组出力_PPCCGT,dcor,4,0.8003384470939636,97
NEM,Y_机组出力_PPCCGT,dcor,5,0.8003384470939636,62
NEM,Y_机组出力_PPCCGT,dcor,6,0.5382822155952454,3
NEM,Y_机组出力_PPCCGT,dcor,7,0.4999163746833801,0
NEM,Y_机组出力_PPCCGT,dcor,8,0.4950001835823059,0
NEM,Y_机组出力_PPCCGT,dcor,9,0.4817265272140503,0
NEM,Y_机组出力_PPCCGT,dcor,10,0.46700814366340637,0
NEM,Y_机组出力_PPCCGT,dcor,11,0.4567888081073761,0
NEM,Y_机组出力_PPCCGT,dcor,12,0.4567888081073761,0
NEM,Y_机组出力_PPCCGT,dcor,13,0.4567888081073761,0
NEM,Y_机组出力_PPCCGT,dcor,14,0.4567888081073761,0
NEM,Y_机组出力_PPCCGT,dcor,15,0.4567888081073761,0
NEM,Y_机组出力_PPCCGT,dcor,16,0.37610769271850586,0
NEM,Y_机组出力_PPCCGT,dcor,17,0.37610769271850586,0
NEM,Y_机组出力_PPCCGT,dcor,18,0.3134801387786865,0
NEM,Y_机组出力_PPCCGT,dcor,19,0.3134801387786865,0
NEM,Y_机组出力_PPCCGT,dcor,20,0.3134801387786865,0
NEM,Y_机组出力_PPCCGT,dcor,21,0.29616984724998474,0
NEM,Y_机组出力_PPCCGT,dcor,22,0.26918965578079224,0
NEM,Y_机组出力_PPCCGT,dcor,23,0.24497705698013306,0
NEM,Y_机组出力_PPCCGT,dcor,24,0.16418695449829102,0
NEM,Y_机组出力_PPCCGT,dcor,25,0.15372371673583984,0
NEM,Y_机组出力_PPCCGT,dcor,26,0.12136313319206238,0
NEM,Y_机组出力_PPCCGT,dcor,27,0.10687202215194702,0
NEM,Y_机组出力_PPCCGT,dcor,28,0.049888670444488525,0
NEM,Y_机组出力_PPCCGT,dcor,29,0.017052650451660156,0
NEM,Y_机组出力_PPCCGT,dcor,30,0.0,0
NEM,Y_机组出力_PPCCGT,M0,0,0.8003384470939636,215
NEM,Y_机组出力_PPCCGT,M0,1,0.8003384470939636,214
NEM,Y_机组出力_PPCCGT,M0,2,0.8003384470939636,213
NEM,Y_机组出力_PPCCGT,M0,3,0.8003384470939636,101
NEM,Y_机组出力_PPCCGT,M0,4,0.8003384470939636,92
NEM,Y_机组出力_PPCCGT,M0,5,0.8003384470939636,89
NEM,Y_机组出力_PPCCGT,M0,6,0.8003384470939636,56
NEM,Y_机组出力_PPCCGT,M0,7,0.8003384470939636,52
NEM,Y_机组出力_PPCCGT,M0,8,0.4640594720840454,0
NEM,Y_机组出力_PPCCGT,M0,9,0.45841580629348755,0
NEM,Y_机组出力_PPCCGT,M0,10,0.45841580629348755,0
NEM,Y_机组出力_PPCCGT,M0,11,0.45841580629348755,0
NEM,Y_机组出力_PPCCGT,M0,12,0.41720038652420044,0
NEM,Y_机组出力_PPCCGT,M0,13,0.41720038652420044,0
NEM,Y_机组出力_PPCCGT,M0,14,0.41720038652420044,0
NEM,Y_机组出力_PPCCGT,M0,15,0.35521191358566284,0
NEM,Y_机组出力_PPCCGT,M0,16,0.35521191358566284,0
NEM,Y_机组出力_PPCCGT,M0,17,0.3488527536392212,0
NEM,Y_机组出力_PPCCGT,M0,18,0.3488527536392212,0
NEM,Y_机组出力_PPCCGT,M0,19,0.3097352981567383,0
NEM,Y_机组出力_PPCCGT,M0,20,0.29928553104400635,0
NEM,Y_机组出力_PPCCGT,M0,21,0.29928553104400635,0
NEM,Y_机组出力_PPCCGT,M0,22,0.2793881297111511,0
NEM,Y_机组出力_PPCCGT,M0,23,0.2793881297111511,0
NEM,Y_机组出力_PPCCGT,M0,24,0.24154044687747955,0
NEM,Y_机组出力_PPCCGT,M0,25,0.15200740098953247,0
NEM,Y_机组出力_PPCCGT,M0,26,0.10687202215194702,0
NEM,Y_机组出力_PPCCGT,M0,27,0.10607600212097168,0
NEM,Y_机组出力_PPCCGT,M0,28,0.049888670444488525,0
NEM,Y_机组出力_PPCCGT,M0,29,0.017052650451660156,0
NEM,Y_机组出力_PPCCGT,M0,30,0.0,0
NEM,Y_机组出力_PPCCGT,loco,0,0.8003384470939636,215
NEM,Y_机组出力_PPCCGT,loco,1,0.6411918997764587,131
NEM,Y_机组出力_PPCCGT,loco,2,0.6234615445137024,125
NEM,Y_机组出力_PPCCGT,loco,3,0.6234615445137024,106
NEM,Y_机组出力_PPCCGT,loco,4,0.6234615445137024,105
NEM,Y_机组出力_PPCCGT,loco,5,0.6205742359161377,104
NEM,Y_机组出力_PPCCGT,loco,6,0.6205742359161377,95
NEM,Y_机组出力_PPCCGT,loco,7,0.6205742359161377,85
NEM,Y_机组出力_PPCCGT,loco,8,0.6205742359161377,71
NEM,Y_机组出力_PPCCGT,loco,9,0.6205742359161377,68
NEM,Y_机组出力_PPCCGT,loco,10,0.6194125413894653,55
NEM,Y_机组出力_PPCCGT,loco,11,0.6194125413894653,47
NEM,Y_机组出力_PPCCGT,loco,12,0.6194125413894653,30
NEM,Y_机组出力_PPCCGT,loco,13,0.6194125413894653,28
NEM,Y_机组出力_PPCCGT,loco,14,0.6194125413894653,25
NEM,Y_机组出力_PPCCGT,loco,15,0.6194125413894653,24
NEM,Y_机组出力_PPCCGT,loco,16,0.6194125413894653,23
NEM,Y_机组出力_PPCCGT,loco,17,0.6194125413894653,20
NEM,Y_机组出力_PPCCGT,loco,18,0.6194125413894653,17
NEM,Y_机组出力_PPCCGT,loco,19,0.599411129951477,1
NEM,Y_机组出力_PPCCGT,loco,20,0.599411129951477,1
NEM,Y_机组出力_PPCCGT,loco,21,0.5969572067260742,1
NEM,Y_机组出力_PPCCGT,loco,22,0.405120313167572,0
NEM,Y_机组出力_PPCCGT,loco,23,0.405120313167572,0
NEM,Y_机组出力_PPCCGT,loco,24,0.3872270882129669,0
NEM,Y_机组出力_PPCCGT,loco,25,0.3515656590461731,0
NEM,Y_机组出力_PPCCGT,loco,26,0.3515656590461731,0
NEM,Y_机组出力_PPCCGT,loco,27,0.24736887216567993,0
NEM,Y_机组出力_PPCCGT,loco,28,0.18274182081222534,0
NEM,Y_机组出力_PPCCGT,loco,29,0.017052650451660156,0
NEM,Y_机组出力_PPCCGT,loco,30,0.0,0
NEM,Y_机组出力_PPCCGT,perm,0,0.8003384470939636,215
NEM,Y_机组出力_PPCCGT,perm,1,0.6411918997764587,131
NEM,Y_机组出力_PPCCGT,perm,2,0.6234615445137024,125
NEM,Y_机组出力_PPCCGT,perm,3,0.6043882966041565,124
NEM,Y_机组出力_PPCCGT,perm,4,0.6043882966041565,105
NEM,Y_机组出力_PPCCGT,perm,5,0.5936949849128723,86
NEM,Y_机组出力_PPCCGT,perm,6,0.5936949849128723,13
NEM,Y_机组出力_PPCCGT,perm,7,0.5936949849128723,12
NEM,Y_机组出力_PPCCGT,perm,8,0.5936949849128723,11
NEM,Y_机组出力_PPCCGT,perm,9,0.5577138662338257,10
NEM,Y_机组出力_PPCCGT,perm,10,0.5577138662338257,10
NEM,Y_机组出力_PPCCGT,perm,11,0.5577138662338257,10
NEM,Y_机组出力_PPCCGT,perm,12,0.4950672388076782,0
NEM,Y_机组出力_PPCCGT,perm,13,0.4950672388076782,0
NEM,Y_机组出力_PPCCGT,perm,14,0.4950001835823059,0
NEM,Y_机组出力_PPCCGT,perm,15,0.4950001835823059,0
NEM,Y_机组出力_PPCCGT,perm,16,0.4950001835823059,0
NEM,Y_机组出力_PPCCGT,perm,17,0.4950001835823059,0
NEM,Y_机组出力_PPCCGT,perm,18,0.4950001835823059,0
NEM,Y_机组出力_PPCCGT,perm,19,0.4950001835823059,0
NEM,Y_机组出力_PPCCGT,perm,20,0.4950001835823059,0
NEM,Y_机组出力_PPCCGT,perm,21,0.4950001835823059,0
NEM,Y_机组出力_PPCCGT,perm,22,0.3858063817024231,0
NEM,Y_机组出力_PPCCGT,perm,23,0.3706929385662079,0
NEM,Y_机组出力_PPCCGT,perm,24,0.3706929385662079,0
NEM,Y_机组出力_PPCCGT,perm,25,0.3660522997379303,0
NEM,Y_机组出力_PPCCGT,perm,26,0.2806285321712494,0
NEM,Y_机组出力_PPCCGT,perm,27,0.2806285321712494,0
NEM,Y_机组出力_PPCCGT,perm,28,0.24549132585525513,0
NEM,Y_机组出力_PPCCGT,perm,29,0.13315719366073608,0
NEM,Y_机组出力_PPCCGT,perm,30,0.0,0
NEM,Y_机组出力_PPCCGT,sage,0,0.8003384470939636,215
NEM,Y_机组出力_PPCCGT,sage,1,0.6411918997764587,131
NEM,Y_机组出力_PPCCGT,sage,2,0.6043882966041565,130
NEM,Y_机组出力_PPCCGT,sage,3,0.6043882966041565,124
NEM,Y_机组出力_PPCCGT,sage,4,0.6043882966041565,105
NEM,Y_机组出力_PPCCGT,sage,5,0.5936949849128723,86
NEM,Y_机组出力_PPCCGT,sage,6,0.5936949849128723,13
NEM,Y_机组出力_PPCCGT,sage,7,0.5936949849128723,12
NEM,Y_机组出力_PPCCGT,sage,8,0.5936949849128723,2
NEM,Y_机组出力_PPCCGT,sage,9,0.5072034001350403,1
NEM,Y_机组出力_PPCCGT,sage,10,0.4950001835823059,0
NEM,Y_机组出力_PPCCGT,sage,11,0.4950001835823059,0
NEM,Y_机组出力_PPCCGT,sage,12,0.4950001835823059,0
NEM,Y_机组出力_PPCCGT,sage,13,0.4950001835823059,0
NEM,Y_机组出力_PPCCGT,sage,14,0.4950001835823059,0
NEM,Y_机组出力_PPCCGT,sage,15,0.4950001835823059,0
NEM,Y_机组出力_PPCCGT,sage,16,0.4950001835823059,0
NEM,Y_机组出力_PPCCGT,sage,17,0.4950001835823059,0
NEM,Y_机组出力_PPCCGT,sage,18,0.44027501344680786,0
NEM,Y_机组出力_PPCCGT,sage,19,0.44027501344680786,0
NEM,Y_机组出力_PPCCGT,sage,20,0.44027501344680786,0
NEM,Y_机组出力_PPCCGT,sage,21,0.44027501344680786,0
NEM,Y_机组出力_PPCCGT,sage,22,0.44027501344680786,0
NEM,Y_机组出力_PPCCGT,sage,23,0.44027501344680786,0
NEM,Y_机组出力_PPCCGT,sage,24,0.44027501344680786,0
NEM,Y_机组出力_PPCCGT,sage,25,0.3934224247932434,0
NEM,Y_机组出力_PPCCGT,sage,26,0.3923373222351074,0
NEM,Y_机组出力_PPCCGT,sage,27,0.3542323112487793,0
NEM,Y_机组出力_PPCCGT,sage,28,0.21950125694274902,0
NEM,Y_机组出力_PPCCGT,sage,29,0.14056265354156494,0
NEM,Y_机组出力_PPCCGT,sage,30,0.0,0
NEM,Y_机组出力_PPCCGT,graph,0,0.8003384470939636,215
NEM,Y_机组出力_PPCCGT,graph,1,0.8003384470939636,214
NEM,Y_机组出力_PPCCGT,graph,2,0.8003384470939636,213
NEM,Y_机组出力_PPCCGT,graph,3,0.8003384470939636,195
NEM,Y_机组出力_PPCCGT,graph,4,0.8003384470939636,174
NEM,Y_机组出力_PPCCGT,graph,5,0.7573099732398987,138
NEM,Y_机组出力_PPCCGT,graph,6,0.7468621730804443,116
NEM,Y_机组出力_PPCCGT,graph,7,0.7201859951019287,97
NEM,Y_机组出力_PPCCGT,graph,8,0.7201859951019287,91
NEM,Y_机组出力_PPCCGT,graph,9,0.6455211043357849,71
NEM,Y_机组出力_PPCCGT,graph,10,0.6455211043357849,43
NEM,Y_机组出力_PPCCGT,graph,11,0.6452215909957886,12
NEM,Y_机组出力_PPCCGT,graph,12,0.6452215909957886,11
NEM,Y_机组出力_PPCCGT,graph,13,0.6452215909957886,10
NEM,Y_机组出力_PPCCGT,graph,14,0.601392388343811,9
NEM,Y_机组出力_PPCCGT,graph,15,0.601392388343811,8
NEM,Y_机组出力_PPCCGT,graph,16,0.601392388343811,7
NEM,Y_机组出力_PPCCGT,graph,17,0.601392388343811,6
NEM,Y_机组出力_PPCCGT,graph,18,0.47274500131607056,0
NEM,Y_机组出力_PPCCGT,graph,19,0.37522822618484497,0
NEM,Y_机组出力_PPCCGT,graph,20,0.35630685091018677,0
NEM,Y_机组出力_PPCCGT,graph,21,0.35630685091018677,0
NEM,Y_机组出力_PPCCGT,graph,22,0.3023495674133301,0
NEM,Y_机组出力_PPCCGT,graph,23,0.3023495674133301,0
NEM,Y_机组出力_PPCCGT,graph,24,0.24154044687747955,0
NEM,Y_机组出力_PPCCGT,graph,25,0.24154044687747955,0
NEM,Y_机组出力_PPCCGT,graph,26,0.24154044687747955,0
NEM,Y_机组出力_PPCCGT,graph,27,0.24154044687747955,0
NEM,Y_机组出力_PPCCGT,graph,28,0.16669011116027832,0
NEM,Y_机组出力_PPCCGT,graph,29,0.04368013143539429,0
NEM,Y_机组出力_PPCCGT,graph,30,0.0,0
NEM,Y_机组出力_PPCCGT,M2_est,0,0.8003384470939636,215
NEM,Y_机组出力_PPCCGT,M2_est,1,0.6411918997764587,131
NEM,Y_机组出力_PPCCGT,M2_est,2,0.6043882966041565,130
NEM,Y_机组出力_PPCCGT,M2_est,3,0.6026029586791992,129
NEM,Y_机组出力_PPCCGT,M2_est,4,0.5644989609718323,108
NEM,Y_机组出力_PPCCGT,M2_est,5,0.5644989609718323,15
NEM,Y_机组出力_PPCCGT,M2_est,6,0.5644989609718323,15
NEM,Y_机组出力_PPCCGT,M2_est,7,0.5577138662338257,12
NEM,Y_机组出力_PPCCGT,M2_est,8,0.5577138662338257,11
NEM,Y_机组出力_PPCCGT,M2_est,9,0.5533642172813416,9
NEM,Y_机组出力_PPCCGT,M2_est,10,0.5231316685676575,8
NEM,Y_机组出力_PPCCGT,M2_est,11,0.4408038258552551,0
NEM,Y_机组出力_PPCCGT,M2_est,12,0.44027501344680786,0
NEM,Y_机组出力_PPCCGT,M2_est,13,0.41720038652420044,0
NEM,Y_机组出力_PPCCGT,M2_est,14,0.41720038652420044,0
NEM,Y_机组出力_PPCCGT,M2_est,15,0.41720038652420044,0
NEM,Y_机组出力_PPCCGT,M2_est,16,0.41720038652420044,0
NEM,Y_机组出力_PPCCGT,M2_est,17,0.41720038652420044,0
NEM,Y_机组出力_PPCCGT,M2_est,18,0.3488527536392212,0
NEM,Y_机组出力_PPCCGT,M2_est,19,0.3488527536392212,0
NEM,Y_机组出力_PPCCGT,M2_est,20,0.3488527536392212,0
NEM,Y_机组出力_PPCCGT,M2_est,21,0.3488527536392212,0
NEM,Y_机组出力_PPCCGT,M2_est,22,0.3488527536392212,0
NEM,Y_机组出力_PPCCGT,M2_est,23,0.312763512134552,0
NEM,Y_机组出力_PPCCGT,M2_est,24,0.2567903995513916,0
NEM,Y_机组出力_PPCCGT,M2_est,25,0.20694595575332642,0
NEM,Y_机组出力_PPCCGT,M2_est,26,0.14795666933059692,0
NEM,Y_机组出力_PPCCGT,M2_est,27,0.11836737394332886,0
NEM,Y_机组出力_PPCCGT,M2_est,28,0.05803614854812622,0
NEM,Y_机组出力_PPCCGT,M2_est,29,0.017052650451660156,0
NEM,Y_机组出力_PPCCGT,M2_est,30,0.0,0
NEM,Y_机组出力_PPCCGT,M2_cert,0,0.8003384470939636,215
NEM,Y_机组出力_PPCCGT,M2_cert,1,0.6411918997764587,131
NEM,Y_机组出力_PPCCGT,M2_cert,2,0.6043882966041565,130
NEM,Y_机组出力_PPCCGT,M2_cert,3,0.6026029586791992,129
NEM,Y_机组出力_PPCCGT,M2_cert,4,0.5729062557220459,18
NEM,Y_机组出力_PPCCGT,M2_cert,5,0.5644989609718323,15
NEM,Y_机组出力_PPCCGT,M2_cert,6,0.5644989609718323,15
NEM,Y_机组出力_PPCCGT,M2_cert,7,0.5644989609718323,14
NEM,Y_机组出力_PPCCGT,M2_cert,8,0.5577138662338257,11
NEM,Y_机组出力_PPCCGT,M2_cert,9,0.5577138662338257,10
NEM,Y_机组出力_PPCCGT,M2_cert,10,0.5231316685676575,8
NEM,Y_机组出力_PPCCGT,M2_cert,11,0.4408038258552551,0
NEM,Y_机组出力_PPCCGT,M2_cert,12,0.44027501344680786,0
NEM,Y_机组出力_PPCCGT,M2_cert,13,0.41720038652420044,0
NEM,Y_机组出力_PPCCGT,M2_cert,14,0.41720038652420044,0
NEM,Y_机组出力_PPCCGT,M2_cert,15,0.41720038652420044,0
NEM,Y_机组出力_PPCCGT,M2_cert,16,0.41720038652420044,0
NEM,Y_机组出力_PPCCGT,M2_cert,17,0.41720038652420044,0
NEM,Y_机组出力_PPCCGT,M2_cert,18,0.3564966320991516,0
NEM,Y_机组出力_PPCCGT,M2_cert,19,0.3488527536392212,0
NEM,Y_机组出力_PPCCGT,M2_cert,20,0.3488527536392212,0
NEM,Y_机组出力_PPCCGT,M2_cert,21,0.3488527536392212,0
NEM,Y_机组出力_PPCCGT,M2_cert,22,0.3488527536392212,0
NEM,Y_机组出力_PPCCGT,M2_cert,23,0.312763512134552,0
NEM,Y_机组出力_PPCCGT,M2_cert,24,0.2567903995513916,0
NEM,Y_机组出力_PPCCGT,M2_cert,25,0.20694595575332642,0
NEM,Y_机组出力_PPCCGT,M2_cert,26,0.14795666933059692,0
NEM,Y_机组出力_PPCCGT,M2_cert,27,0.11836737394332886,0
NEM,Y_机组出力_PPCCGT,M2_cert,28,0.05803614854812622,0
NEM,Y_机组出力_PPCCGT,M2_cert,29,0.017052650451660156,0
NEM,Y_机组出力_PPCCGT,M2_cert,30,0.0,0
NEM,Y_机组出力_PPCCGT,M2,0,0.8003384470939636,215
NEM,Y_机组出力_PPCCGT,M2,1,0.6411918997764587,131
NEM,Y_机组出力_PPCCGT,M2,2,0.6043882966041565,130
NEM,Y_机组出力_PPCCGT,M2,3,0.6026029586791992,129
NEM,Y_机组出力_PPCCGT,M2,4,0.5729062557220459,18
NEM,Y_机组出力_PPCCGT,M2,5,0.5644989609718323,15
NEM,Y_机组出力_PPCCGT,M2,6,0.5644989609718323,15
NEM,Y_机组出力_PPCCGT,M2,7,0.5644989609718323,14
NEM,Y_机组出力_PPCCGT,M2,8,0.5577138662338257,11
NEM,Y_机组出力_PPCCGT,M2,9,0.5577138662338257,10
NEM,Y_机组出力_PPCCGT,M2,10,0.5231316685676575,8
NEM,Y_机组出力_PPCCGT,M2,11,0.4408038258552551,0
NEM,Y_机组出力_PPCCGT,M2,12,0.44027501344680786,0
NEM,Y_机组出力_PPCCGT,M2,13,0.41720038652420044,0
NEM,Y_机组出力_PPCCGT,M2,14,0.41720038652420044,0
NEM,Y_机组出力_PPCCGT,M2,15,0.41720038652420044,0
NEM,Y_机组出力_PPCCGT,M2,16,0.41720038652420044,0
NEM,Y_机组出力_PPCCGT,M2,17,0.41720038652420044,0
NEM,Y_机组出力_PPCCGT,M2,18,0.3564966320991516,0
NEM,Y_机组出力_PPCCGT,M2,19,0.3488527536392212,0
NEM,Y_机组出力_PPCCGT,M2,20,0.3488527536392212,0
NEM,Y_机组出力_PPCCGT,M2,21,0.3488527536392212,0
NEM,Y_机组出力_PPCCGT,M2,22,0.3488527536392212,0
NEM,Y_机组出力_PPCCGT,M2,23,0.2793881297111511,0
NEM,Y_机组出力_PPCCGT,M2,24,0.2567903995513916,0
NEM,Y_机组出力_PPCCGT,M2,25,0.21754521131515503,0
NEM,Y_机组出力_PPCCGT,M2,26,0.14795666933059692,0
NEM,Y_机组出力_PPCCGT,M2,27,0.11836737394332886,0
NEM,Y_机组出力_PPCCGT,M2,28,0.05803614854812622,0
NEM,Y_机组出力_PPCCGT,M2,29,0.017052650451660156,0
NEM,Y_机组出力_PPCCGT,M2,30,0.0,0
PJM-load,Y_metered_load_mw,pearson,0,0.8040136098861694,237
PJM-load,Y_metered_load_mw,pearson,1,0.7994380593299866,214
PJM-load,Y_metered_load_mw,pearson,2,0.7138417959213257,174
PJM-load,Y_metered_load_mw,pearson,3,0.7138417959213257,132
PJM-load,Y_metered_load_mw,pearson,4,0.7040213346481323,98
PJM-load,Y_metered_load_mw,pearson,5,0.7040213346481323,80
PJM-load,Y_metered_load_mw,pearson,6,0.7040213346481323,63
PJM-load,Y_metered_load_mw,pearson,7,0.6466087698936462,46
PJM-load,Y_metered_load_mw,pearson,8,0.6466087698936462,36
PJM-load,Y_metered_load_mw,pearson,9,0.6466087698936462,32
PJM-load,Y_metered_load_mw,pearson,10,0.6466087698936462,28
PJM-load,Y_metered_load_mw,pearson,11,0.6466087698936462,22
PJM-load,Y_metered_load_mw,pearson,12,0.6466087698936462,10
PJM-load,Y_metered_load_mw,pearson,13,0.5585011839866638,6
PJM-load,Y_metered_load_mw,pearson,14,0.5585011839866638,6
PJM-load,Y_metered_load_mw,pearson,15,0.5275949239730835,4
PJM-load,Y_metered_load_mw,pearson,16,0.5275949239730835,3
PJM-load,Y_metered_load_mw,pearson,17,0.4679639935493469,0
PJM-load,Y_metered_load_mw,pearson,18,0.42162197828292847,0
PJM-load,Y_metered_load_mw,pearson,19,0.16639786958694458,0
PJM-load,Y_metered_load_mw,pearson,20,0.11166132241487503,0
PJM-load,Y_metered_load_mw,pearson,21,0.019204124808311462,0
PJM-load,Y_metered_load_mw,pearson,22,0.0,0
PJM-load,Y_metered_load_mw,spearman,0,0.8040136098861694,237
PJM-load,Y_metered_load_mw,spearman,1,0.7994380593299866,214
PJM-load,Y_metered_load_mw,spearman,2,0.7138417959213257,174
PJM-load,Y_metered_load_mw,spearman,3,0.7040213346481323,127
PJM-load,Y_metered_load_mw,spearman,4,0.7040213346481323,103
PJM-load,Y_metered_load_mw,spearman,5,0.7040213346481323,80
PJM-load,Y_metered_load_mw,spearman,6,0.7040213346481323,73
PJM-load,Y_metered_load_mw,spearman,7,0.6466087698936462,54
PJM-load,Y_metered_load_mw,spearman,8,0.6466087698936462,42
PJM-load,Y_metered_load_mw,spearman,9,0.6466087698936462,24
PJM-load,Y_metered_load_mw,spearman,10,0.5847758650779724,16
PJM-load,Y_metered_load_mw,spearman,11,0.5847758650779724,16
PJM-load,Y_metered_load_mw,spearman,12,0.5710455179214478,10
PJM-load,Y_metered_load_mw,spearman,13,0.5710455179214478,7
PJM-load,Y_metered_load_mw,spearman,14,0.5585011839866638,6
PJM-load,Y_metered_load_mw,spearman,15,0.5585011839866638,4
PJM-load,Y_metered_load_mw,spearman,16,0.5585011839866638,3
PJM-load,Y_metered_load_mw,spearman,17,0.5229256749153137,2
PJM-load,Y_metered_load_mw,spearman,18,0.5119702219963074,1
PJM-load,Y_metered_load_mw,spearman,19,0.5119702219963074,1
PJM-load,Y_metered_load_mw,spearman,20,0.1587812900543213,0
PJM-load,Y_metered_load_mw,spearman,21,0.019204124808311462,0
PJM-load,Y_metered_load_mw,spearman,22,0.0,0
PJM-load,Y_metered_load_mw,mi,0,0.8040136098861694,237
PJM-load,Y_metered_load_mw,mi,1,0.7994380593299866,214
PJM-load,Y_metered_load_mw,mi,2,0.7138417959213257,174
PJM-load,Y_metered_load_mw,mi,3,0.7040213346481323,127
PJM-load,Y_metered_load_mw,mi,4,0.7040213346481323,103
PJM-load,Y_metered_load_mw,mi,5,0.6321158409118652,74
PJM-load,Y_metered_load_mw,mi,6,0.620720624923706,52
PJM-load,Y_metered_load_mw,mi,7,0.6192626953125,29
PJM-load,Y_metered_load_mw,mi,8,0.5792549252510071,14
PJM-load,Y_metered_load_mw,mi,9,0.5220770239830017,1
PJM-load,Y_metered_load_mw,mi,10,0.47022274136543274,0
PJM-load,Y_metered_load_mw,mi,11,0.41033557057380676,0
PJM-load,Y_metered_load_mw,mi,12,0.4043232798576355,0
PJM-load,Y_metered_load_mw,mi,13,0.3059799075126648,0
PJM-load,Y_metered_load_mw,mi,14,0.29023629426956177,0
PJM-load,Y_metered_load_mw,mi,15,0.25392085313796997,0
PJM-load,Y_metered_load_mw,mi,16,0.24822993576526642,0
PJM-load,Y_metered_load_mw,mi,17,0.23953557014465332,0
PJM-load,Y_metered_load_mw,mi,18,0.16145047545433044,0
PJM-load,Y_metered_load_mw,mi,19,0.14324691891670227,0
PJM-load,Y_metered_load_mw,mi,20,0.10509753227233887,0
PJM-load,Y_metered_load_mw,mi,21,0.059722959995269775,0
PJM-load,Y_metered_load_mw,mi,22,0.0,0
PJM-load,Y_metered_load_mw,dcor,0,0.8040136098861694,237
PJM-load,Y_metered_load_mw,dcor,1,0.7994380593299866,214
PJM-load,Y_metered_load_mw,dcor,2,0.7138417959213257,174
PJM-load,Y_metered_load_mw,dcor,3,0.7040213346481323,127
PJM-load,Y_metered_load_mw,dcor,4,0.7040213346481323,98
PJM-load,Y_metered_load_mw,dcor,5,0.7040213346481323,80
PJM-load,Y_metered_load_mw,dcor,6,0.7040213346481323,63
PJM-load,Y_metered_load_mw,dcor,7,0.6466087698936462,46
PJM-load,Y_metered_load_mw,dcor,8,0.6466087698936462,36
PJM-load,Y_metered_load_mw,dcor,9,0.6466087698936462,32
PJM-load,Y_metered_load_mw,dcor,10,0.6466087698936462,16
PJM-load,Y_metered_load_mw,dcor,11,0.6466087698936462,14
PJM-load,Y_metered_load_mw,dcor,12,0.5676337480545044,9
PJM-load,Y_metered_load_mw,dcor,13,0.5676337480545044,9
PJM-load,Y_metered_load_mw,dcor,14,0.5585011839866638,6
PJM-load,Y_metered_load_mw,dcor,15,0.5033959746360779,1
PJM-load,Y_metered_load_mw,dcor,16,0.5033959746360779,1
PJM-load,Y_metered_load_mw,dcor,17,0.45482736825942993,0
PJM-load,Y_metered_load_mw,dcor,18,0.42162197828292847,0
PJM-load,Y_metered_load_mw,dcor,19,0.16639786958694458,0
PJM-load,Y_metered_load_mw,dcor,20,0.11166132241487503,0
PJM-load,Y_metered_load_mw,dcor,21,0.019204124808311462,0
PJM-load,Y_metered_load_mw,dcor,22,0.0,0
PJM-load,Y_metered_load_mw,M0,0,0.8040136098861694,237
PJM-load,Y_metered_load_mw,M0,1,0.7994380593299866,214
PJM-load,Y_metered_load_mw,M0,2,0.7138417959213257,174
PJM-load,Y_metered_load_mw,M0,3,0.6797634959220886,143
PJM-load,Y_metered_load_mw,M0,4,0.6733013987541199,97
PJM-load,Y_metered_load_mw,M0,5,0.6733013987541199,69
PJM-load,Y_metered_load_mw,M0,6,0.620720624923706,52
PJM-load,Y_metered_load_mw,M0,7,0.5792549252510071,27
PJM-load,Y_metered_load_mw,M0,8,0.574958324432373,23
PJM-load,Y_metered_load_mw,M0,9,0.5706679224967957,11
PJM-load,Y_metered_load_mw,M0,10,0.5162014961242676,1
PJM-load,Y_metered_load_mw,M0,11,0.5162014961242676,1
PJM-load,Y_metered_load_mw,M0,12,0.3539828360080719,0
PJM-load,Y_metered_load_mw,M0,13,0.3539828360080719,0
PJM-load,Y_metered_load_mw,M0,14,0.31776031851768494,0
PJM-load,Y_metered_load_mw,M0,15,0.2878406047821045,0
PJM-load,Y_metered_load_mw,M0,16,0.2337503433227539,0
PJM-load,Y_metered_load_mw,M0,17,0.18568509817123413,0
PJM-load,Y_metered_load_mw,M0,18,0.16145047545433044,0
PJM-load,Y_metered_load_mw,M0,19,0.14074474573135376,0
PJM-load,Y_metered_load_mw,M0,20,0.07284259796142578,0
PJM-load,Y_metered_load_mw,M0,21,0.014922082424163818,0
PJM-load,Y_metered_load_mw,M0,22,0.0,0
PJM-load,Y_metered_load_mw,loco,0,0.8040136098861694,237
PJM-load,Y_metered_load_mw,loco,1,0.8040136098861694,206
PJM-load,Y_metered_load_mw,loco,2,0.8040136098861694,190
PJM-load,Y_metered_load_mw,loco,3,0.7994380593299866,169
PJM-load,Y_metered_load_mw,loco,4,0.7994380593299866,118
PJM-load,Y_metered_load_mw,loco,5,0.7994380593299866,109
PJM-load,Y_metered_load_mw,loco,6,0.7994380593299866,92
PJM-load,Y_metered_load_mw,loco,7,0.7994380593299866,61
PJM-load,Y_metered_load_mw,loco,8,0.7994380593299866,57
PJM-load,Y_metered_load_mw,loco,9,0.7994380593299866,51
PJM-load,Y_metered_load_mw,loco,10,0.7844794988632202,44
PJM-load,Y_metered_load_mw,loco,11,0.7844794988632202,32
PJM-load,Y_metered_load_mw,loco,12,0.7844794988632202,25
PJM-load,Y_metered_load_mw,loco,13,0.7773305177688599,21
PJM-load,Y_metered_load_mw,loco,14,0.6864871978759766,12
PJM-load,Y_metered_load_mw,loco,15,0.5918588638305664,8
PJM-load,Y_metered_load_mw,loco,16,0.5918588638305664,6
PJM-load,Y_metered_load_mw,loco,17,0.5918588638305664,5
PJM-load,Y_metered_load_mw,loco,18,0.5918588638305664,1
PJM-load,Y_metered_load_mw,loco,19,0.5918588638305664,1
PJM-load,Y_metered_load_mw,loco,20,0.5311822891235352,1
PJM-load,Y_metered_load_mw,loco,21,0.13296571373939514,0
PJM-load,Y_metered_load_mw,loco,22,0.0,0
PJM-load,Y_metered_load_mw,perm,0,0.8040136098861694,237
PJM-load,Y_metered_load_mw,perm,1,0.7994380593299866,214
PJM-load,Y_metered_load_mw,perm,2,0.7844794988632202,186
PJM-load,Y_metered_load_mw,perm,3,0.7844794988632202,140
PJM-load,Y_metered_load_mw,perm,4,0.7008562684059143,102
PJM-load,Y_metered_load_mw,perm,5,0.6907196044921875,63
PJM-load,Y_metered_load_mw,perm,6,0.6858540773391724,42
PJM-load,Y_metered_load_mw,perm,7,0.6858540773391724,39
PJM-load,Y_metered_load_mw,perm,8,0.6733013987541199,21
PJM-load,Y_metered_load_mw,perm,9,0.6733013987541199,20
PJM-load,Y_metered_load_mw,perm,10,0.6733013987541199,17
PJM-load,Y_metered_load_mw,perm,11,0.6733013987541199,15
PJM-load,Y_metered_load_mw,perm,12,0.6733013987541199,14
PJM-load,Y_metered_load_mw,perm,13,0.6733013987541199,12
PJM-load,Y_metered_load_mw,perm,14,0.6733013987541199,11
PJM-load,Y_metered_load_mw,perm,15,0.6733013987541199,10
PJM-load,Y_metered_load_mw,perm,16,0.6733013987541199,7
PJM-load,Y_metered_load_mw,perm,17,0.6733013987541199,5
PJM-load,Y_metered_load_mw,perm,18,0.5678702592849731,2
PJM-load,Y_metered_load_mw,perm,19,0.3280065357685089,0
PJM-load,Y_metered_load_mw,perm,20,0.22363901138305664,0
PJM-load,Y_metered_load_mw,perm,21,0.13296571373939514,0
PJM-load,Y_metered_load_mw,perm,22,0.0,0
PJM-load,Y_metered_load_mw,sage,0,0.8040136098861694,237
PJM-load,Y_metered_load_mw,sage,1,0.7994380593299866,214
PJM-load,Y_metered_load_mw,sage,2,0.7138417959213257,174
PJM-load,Y_metered_load_mw,sage,3,0.7008562684059143,147
PJM-load,Y_metered_load_mw,sage,4,0.6907196044921875,101
PJM-load,Y_metered_load_mw,sage,5,0.6858540773391724,77
PJM-load,Y_metered_load_mw,sage,6,0.6733013987541199,49
PJM-load,Y_metered_load_mw,sage,7,0.6733013987541199,23
PJM-load,Y_metered_load_mw,sage,8,0.6733013987541199,20
PJM-load,Y_metered_load_mw,sage,9,0.6733013987541199,18
PJM-load,Y_metered_load_mw,sage,10,0.6733013987541199,17
PJM-load,Y_metered_load_mw,sage,11,0.6733013987541199,16
PJM-load,Y_metered_load_mw,sage,12,0.6733013987541199,15
PJM-load,Y_metered_load_mw,sage,13,0.6050633788108826,8
PJM-load,Y_metered_load_mw,sage,14,0.6050633788108826,6
PJM-load,Y_metered_load_mw,sage,15,0.6050633788108826,5
PJM-load,Y_metered_load_mw,sage,16,0.5384542942047119,4
PJM-load,Y_metered_load_mw,sage,17,0.5384542942047119,3
PJM-load,Y_metered_load_mw,sage,18,0.43384552001953125,0
PJM-load,Y_metered_load_mw,sage,19,0.43384552001953125,0
PJM-load,Y_metered_load_mw,sage,20,0.38173627853393555,0
PJM-load,Y_metered_load_mw,sage,21,0.13575099408626556,0
PJM-load,Y_metered_load_mw,sage,22,0.0,0
PJM-load,Y_metered_load_mw,graph,0,0.8040136098861694,237
PJM-load,Y_metered_load_mw,graph,1,0.8040136098861694,196
PJM-load,Y_metered_load_mw,graph,2,0.7138417959213257,174
PJM-load,Y_metered_load_mw,graph,3,0.6797634959220886,143
PJM-load,Y_metered_load_mw,graph,4,0.6716117262840271,115
PJM-load,Y_metered_load_mw,graph,5,0.6716117262840271,87
PJM-load,Y_metered_load_mw,graph,6,0.655824601650238,43
PJM-load,Y_metered_load_mw,graph,7,0.5957158803939819,22
PJM-load,Y_metered_load_mw,graph,8,0.5792549252510071,14
PJM-load,Y_metered_load_mw,graph,9,0.5792549252510071,13
PJM-load,Y_metered_load_mw,graph,10,0.5293060541152954,2
PJM-load,Y_metered_load_mw,graph,11,0.47022274136543274,0
PJM-load,Y_metered_load_mw,graph,12,0.41033557057380676,0
PJM-load,Y_metered_load_mw,graph,13,0.41033557057380676,0
PJM-load,Y_metered_load_mw,graph,14,0.335508793592453,0
PJM-load,Y_metered_load_mw,graph,15,0.2954826354980469,0
PJM-load,Y_metered_load_mw,graph,16,0.2337503433227539,0
PJM-load,Y_metered_load_mw,graph,17,0.2052011340856552,0
PJM-load,Y_metered_load_mw,graph,18,0.16639786958694458,0
PJM-load,Y_metered_load_mw,graph,19,0.16432207822799683,0
PJM-load,Y_metered_load_mw,graph,20,0.0718449130654335,0
PJM-load,Y_metered_load_mw,graph,21,0.057204365730285645,0
PJM-load,Y_metered_load_mw,graph,22,0.0,0
PJM-load,Y_metered_load_mw,M2_est,0,0.8040136098861694,237
PJM-load,Y_metered_load_mw,M2_est,1,0.7994380593299866,214
PJM-load,Y_metered_load_mw,M2_est,2,0.7138417959213257,174
PJM-load,Y_metered_load_mw,M2_est,3,0.7040213346481323,127
PJM-load,Y_metered_load_mw,M2_est,4,0.7040213346481323,98
PJM-load,Y_metered_load_mw,M2_est,5,0.7040213346481323,80
PJM-load,Y_metered_load_mw,M2_est,6,0.6466087698936462,60
PJM-load,Y_metered_load_mw,M2_est,7,0.6466087698936462,38
PJM-load,Y_metered_load_mw,M2_est,8,0.6085121631622314,19
PJM-load,Y_metered_load_mw,M2_est,9,0.6085121631622314,12
PJM-load,Y_metered_load_mw,M2_est,10,0.5960305333137512,5
PJM-load,Y_metered_load_mw,M2_est,11,0.5373112559318542,4
PJM-load,Y_metered_load_mw,M2_est,12,0.5211198329925537,3
PJM-load,Y_metered_load_mw,M2_est,13,0.5033959746360779,1
PJM-load,Y_metered_load_mw,M2_est,14,0.335508793592453,0
PJM-load,Y_metered_load_mw,M2_est,15,0.2954826354980469,0
PJM-load,Y_metered_load_mw,M2_est,16,0.2337503433227539,0
PJM-load,Y_metered_load_mw,M2_est,17,0.2052011340856552,0
PJM-load,Y_metered_load_mw,M2_est,18,0.16639786958694458,0
PJM-load,Y_metered_load_mw,M2_est,19,0.16639786958694458,0
PJM-load,Y_metered_load_mw,M2_est,20,0.07284259796142578,0
PJM-load,Y_metered_load_mw,M2_est,21,0.014922082424163818,0
PJM-load,Y_metered_load_mw,M2_est,22,0.0,0
PJM-load,Y_metered_load_mw,M2_cert,0,0.8040136098861694,237
PJM-load,Y_metered_load_mw,M2_cert,1,0.7994380593299866,214
PJM-load,Y_metered_load_mw,M2_cert,2,0.7138417959213257,174
PJM-load,Y_metered_load_mw,M2_cert,3,0.6797634959220886,143
PJM-load,Y_metered_load_mw,M2_cert,4,0.6733013987541199,97
PJM-load,Y_metered_load_mw,M2_cert,5,0.6733013987541199,69
PJM-load,Y_metered_load_mw,M2_cert,6,0.655824601650238,45
PJM-load,Y_metered_load_mw,M2_cert,7,0.6192626953125,29
PJM-load,Y_metered_load_mw,M2_cert,8,0.5610985159873962,12
PJM-load,Y_metered_load_mw,M2_cert,9,0.5104088187217712,2
PJM-load,Y_metered_load_mw,M2_cert,10,0.47022274136543274,0
PJM-load,Y_metered_load_mw,M2_cert,11,0.41040971875190735,0
PJM-load,Y_metered_load_mw,M2_cert,12,0.335508793592453,0
PJM-load,Y_metered_load_mw,M2_cert,13,0.3032296597957611,0
PJM-load,Y_metered_load_mw,M2_cert,14,0.2954826354980469,0
PJM-load,Y_metered_load_mw,M2_cert,15,0.23953557014465332,0
PJM-load,Y_metered_load_mw,M2_cert,16,0.2337503433227539,0
PJM-load,Y_metered_load_mw,M2_cert,17,0.18568509817123413,0
PJM-load,Y_metered_load_mw,M2_cert,18,0.18568509817123413,0
PJM-load,Y_metered_load_mw,M2_cert,19,0.16145047545433044,0
PJM-load,Y_metered_load_mw,M2_cert,20,0.10290735960006714,0
PJM-load,Y_metered_load_mw,M2_cert,21,0.019204124808311462,0
PJM-load,Y_metered_load_mw,M2_cert,22,0.0,0
PJM-load,Y_metered_load_mw,M2,0,0.8040136098861694,237
PJM-load,Y_metered_load_mw,M2,1,0.7994380593299866,214
PJM-load,Y_metered_load_mw,M2,2,0.7138417959213257,174
PJM-load,Y_metered_load_mw,M2,3,0.7040213346481323,127
PJM-load,Y_metered_load_mw,M2,4,0.6733013987541199,97
PJM-load,Y_metered_load_mw,M2,5,0.6733013987541199,69
PJM-load,Y_metered_load_mw,M2,6,0.655824601650238,45
PJM-load,Y_metered_load_mw,M2,7,0.6192626953125,29
PJM-load,Y_metered_load_mw,M2,8,0.5610985159873962,12
PJM-load,Y_metered_load_mw,M2,9,0.5104088187217712,2
PJM-load,Y_metered_load_mw,M2,10,0.47022274136543274,0
PJM-load,Y_metered_load_mw,M2,11,0.41040971875190735,0
PJM-load,Y_metered_load_mw,M2,12,0.335508793592453,0
PJM-load,Y_metered_load_mw,M2,13,0.335508793592453,0
PJM-load,Y_metered_load_mw,M2,14,0.2954826354980469,0
PJM-load,Y_metered_load_mw,M2,15,0.2954826354980469,0
PJM-load,Y_metered_load_mw,M2,16,0.2337503433227539,0
PJM-load,Y_metered_load_mw,M2,17,0.18568509817123413,0
PJM-load,Y_metered_load_mw,M2,18,0.16639786958694458,0
PJM-load,Y_metered_load_mw,M2,19,0.16639786958694458,0
PJM-load,Y_metered_load_mw,M2,20,0.07284259796142578,0
PJM-load,Y_metered_load_mw,M2,21,0.019204124808311462,0
PJM-load,Y_metered_load_mw,M2,22,0.0,0
PJM-gen/ic,Y_total_gen,pearson,0,0.9851414561271667,179
PJM-gen/ic,Y_total_gen,pearson,1,0.9793293476104736,178
PJM-gen/ic,Y_total_gen,pearson,2,0.80049067735672,177
PJM-gen/ic,Y_total_gen,pearson,3,0.7993975281715393,146
PJM-gen/ic,Y_total_gen,pearson,4,0.722550094127655,111
PJM-gen/ic,Y_total_gen,pearson,5,0.722550094127655,88
PJM-gen/ic,Y_total_gen,pearson,6,0.722550094127655,75
PJM-gen/ic,Y_total_gen,pearson,7,0.722550094127655,60
PJM-gen/ic,Y_total_gen,pearson,8,0.668405294418335,48
PJM-gen/ic,Y_total_gen,pearson,9,0.668405294418335,39
PJM-gen/ic,Y_total_gen,pearson,10,0.668405294418335,29
PJM-gen/ic,Y_total_gen,pearson,11,0.6594932079315186,26
PJM-gen/ic,Y_total_gen,pearson,12,0.6594932079315186,24
PJM-gen/ic,Y_total_gen,pearson,13,0.6594932079315186,21
PJM-gen/ic,Y_total_gen,pearson,14,0.5773409605026245,12
PJM-gen/ic,Y_total_gen,pearson,15,0.5773409605026245,11
PJM-gen/ic,Y_total_gen,pearson,16,0.571025550365448,6
PJM-gen/ic,Y_total_gen,pearson,17,0.571025550365448,4
PJM-gen/ic,Y_total_gen,pearson,18,0.31740593910217285,0
PJM-gen/ic,Y_total_gen,pearson,19,0.31740593910217285,0
PJM-gen/ic,Y_total_gen,pearson,20,0.30828022956848145,0
PJM-gen/ic,Y_total_gen,pearson,21,0.23689308762550354,0
PJM-gen/ic,Y_total_gen,pearson,22,0.17163030803203583,0
PJM-gen/ic,Y_total_gen,pearson,23,0.08140446245670319,0
PJM-gen/ic,Y_total_gen,pearson,24,0.0,0
PJM-gen/ic,Y_total_gen,spearman,0,0.9851414561271667,179
PJM-gen/ic,Y_total_gen,spearman,1,0.9793293476104736,178
PJM-gen/ic,Y_total_gen,spearman,2,0.80049067735672,177
PJM-gen/ic,Y_total_gen,spearman,3,0.7993975281715393,146
PJM-gen/ic,Y_total_gen,spearman,4,0.7993975281715393,128
PJM-gen/ic,Y_total_gen,spearman,5,0.722550094127655,96
PJM-gen/ic,Y_total_gen,spearman,6,0.722550094127655,75
PJM-gen/ic,Y_total_gen,spearman,7,0.722550094127655,60
PJM-gen/ic,Y_total_gen,spearman,8,0.668405294418335,48
PJM-gen/ic,Y_total_gen,spearman,9,0.668405294418335,39
PJM-gen/ic,Y_total_gen,spearman,10,0.668405294418335,36
PJM-gen/ic,Y_total_gen,spearman,11,0.6594932079315186,33
PJM-gen/ic,Y_total_gen,spearman,12,0.5907500386238098,21
PJM-gen/ic,Y_total_gen,spearman,13,0.5907500386238098,18
PJM-gen/ic,Y_total_gen,spearman,14,0.5907500386238098,12
PJM-gen/ic,Y_total_gen,spearman,15,0.5907500386238098,9
PJM-gen/ic,Y_total_gen,spearman,16,0.5907500386238098,5
PJM-gen/ic,Y_total_gen,spearman,17,0.571025550365448,4
PJM-gen/ic,Y_total_gen,spearman,18,0.31740593910217285,0
PJM-gen/ic,Y_total_gen,spearman,19,0.23332315683364868,0
PJM-gen/ic,Y_total_gen,spearman,20,0.23332315683364868,0
PJM-gen/ic,Y_total_gen,spearman,21,0.2093377709388733,0
PJM-gen/ic,Y_total_gen,spearman,22,0.15315282344818115,0
PJM-gen/ic,Y_total_gen,spearman,23,0.018811404705047607,0
PJM-gen/ic,Y_total_gen,spearman,24,0.0,0
PJM-gen/ic,Y_total_gen,mi,0,0.9851414561271667,179
PJM-gen/ic,Y_total_gen,mi,1,0.9793293476104736,178
PJM-gen/ic,Y_total_gen,mi,2,0.80049067735672,177
PJM-gen/ic,Y_total_gen,mi,3,0.80049067735672,141
PJM-gen/ic,Y_total_gen,mi,4,0.722550094127655,111
PJM-gen/ic,Y_total_gen,mi,5,0.6827913522720337,81
PJM-gen/ic,Y_total_gen,mi,6,0.6686607003211975,65
PJM-gen/ic,Y_total_gen,mi,7,0.6686607003211975,49
PJM-gen/ic,Y_total_gen,mi,8,0.6402602791786194,34
PJM-gen/ic,Y_total_gen,mi,9,0.6220999956130981,16
PJM-gen/ic,Y_total_gen,mi,10,0.5714139938354492,7
PJM-gen/ic,Y_total_gen,mi,11,0.5096690654754639,2
PJM-gen/ic,Y_total_gen,mi,12,0.48268136382102966,0
PJM-gen/ic,Y_total_gen,mi,13,0.403905987739563,0
PJM-gen/ic,Y_total_gen,mi,14,0.3244294822216034,0
PJM-gen/ic,Y_total_gen,mi,15,0.3113682270050049,0
PJM-gen/ic,Y_total_gen,mi,16,0.3052189350128174,0
PJM-gen/ic,Y_total_gen,mi,17,0.2744927406311035,0
PJM-gen/ic,Y_total_gen,mi,18,0.2744927406311035,0
PJM-gen/ic,Y_total_gen,mi,19,0.23929035663604736,0
PJM-gen/ic,Y_total_gen,mi,20,0.18977415561676025,0
PJM-gen/ic,Y_total_gen,mi,21,0.16062986850738525,0
PJM-gen/ic,Y_total_gen,mi,22,0.09395074099302292,0
PJM-gen/ic,Y_total_gen,mi,23,0.046159327030181885,0
PJM-gen/ic,Y_total_gen,mi,24,0.0,0
PJM-gen/ic,Y_total_gen,dcor,0,0.9851414561271667,179
PJM-gen/ic,Y_total_gen,dcor,1,0.9793293476104736,178
PJM-gen/ic,Y_total_gen,dcor,2,0.80049067735672,177
PJM-gen/ic,Y_total_gen,dcor,3,0.7993975281715393,146
PJM-gen/ic,Y_total_gen,dcor,4,0.722550094127655,111
PJM-gen/ic,Y_total_gen,dcor,5,0.722550094127655,96
PJM-gen/ic,Y_total_gen,dcor,6,0.722550094127655,80
PJM-gen/ic,Y_total_gen,dcor,7,0.722550094127655,60
PJM-gen/ic,Y_total_gen,dcor,8,0.668405294418335,48
PJM-gen/ic,Y_total_gen,dcor,9,0.668405294418335,39
PJM-gen/ic,Y_total_gen,dcor,10,0.668405294418335,29
PJM-gen/ic,Y_total_gen,dcor,11,0.6594932079315186,26
PJM-gen/ic,Y_total_gen,dcor,12,0.6594932079315186,24
PJM-gen/ic,Y_total_gen,dcor,13,0.6594932079315186,21
PJM-gen/ic,Y_total_gen,dcor,14,0.5907500386238098,12
PJM-gen/ic,Y_total_gen,dcor,15,0.5773409605026245,11
PJM-gen/ic,Y_total_gen,dcor,16,0.5373954772949219,5
PJM-gen/ic,Y_total_gen,dcor,17,0.5160691738128662,1
PJM-gen/ic,Y_total_gen,dcor,18,0.470081627368927,0
PJM-gen/ic,Y_total_gen,dcor,19,0.470081627368927,0
PJM-gen/ic,Y_total_gen,dcor,20,0.4486570656299591,0
PJM-gen/ic,Y_total_gen,dcor,21,0.17221605777740479,0
PJM-gen/ic,Y_total_gen,dcor,22,0.10855555534362793,0
PJM-gen/ic,Y_total_gen,dcor,23,0.018811404705047607,0
PJM-gen/ic,Y_total_gen,dcor,24,0.0,0
PJM-gen/ic,Y_total_gen,M0,0,0.9851414561271667,179
PJM-gen/ic,Y_total_gen,M0,1,0.9793293476104736,178
PJM-gen/ic,Y_total_gen,M0,2,0.80049067735672,177
PJM-gen/ic,Y_total_gen,M0,3,0.7692201733589172,145
PJM-gen/ic,Y_total_gen,M0,4,0.7645061612129211,115
PJM-gen/ic,Y_total_gen,M0,5,0.6827913522720337,81
PJM-gen/ic,Y_total_gen,M0,6,0.6686607003211975,54
PJM-gen/ic,Y_total_gen,M0,7,0.6625536680221558,41
PJM-gen/ic,Y_total_gen,M0,8,0.6625536680221558,22
PJM-gen/ic,Y_total_gen,M0,9,0.5949275493621826,9
PJM-gen/ic,Y_total_gen,M0,10,0.5949275493621826,7
PJM-gen/ic,Y_total_gen,M0,11,0.5329107642173767,4
PJM-gen/ic,Y_total_gen,M0,12,0.5329107642173767,3
PJM-gen/ic,Y_total_gen,M0,13,0.35053300857543945,0
PJM-gen/ic,Y_total_gen,M0,14,0.3161661624908447,0
PJM-gen/ic,Y_total_gen,M0,15,0.2952839732170105,0
PJM-gen/ic,Y_total_gen,M0,16,0.27459779381752014,0
PJM-gen/ic,Y_total_gen,M0,17,0.27459779381752014,0
PJM-gen/ic,Y_total_gen,M0,18,0.2341052144765854,0
PJM-gen/ic,Y_total_gen,M0,19,0.2341052144765854,0
PJM-gen/ic,Y_total_gen,M0,20,0.19073820114135742,0
PJM-gen/ic,Y_total_gen,M0,21,0.1510639786720276,0
PJM-gen/ic,Y_total_gen,M0,22,0.09037935733795166,0
PJM-gen/ic,Y_total_gen,M0,23,0.012285232543945312,0
PJM-gen/ic,Y_total_gen,M0,24,0.0,0
PJM-gen/ic,Y_total_gen,loco,0,0.9851414561271667,179
PJM-gen/ic,Y_total_gen,loco,1,0.9793293476104736,178
PJM-gen/ic,Y_total_gen,loco,2,0.9786683320999146,160
PJM-gen/ic,Y_total_gen,loco,3,0.9786683320999146,139
PJM-gen/ic,Y_total_gen,loco,4,0.9786683320999146,120
PJM-gen/ic,Y_total_gen,loco,5,0.9786683320999146,98
PJM-gen/ic,Y_total_gen,loco,6,0.9786683320999146,72
PJM-gen/ic,Y_total_gen,loco,7,0.9786683320999146,56
PJM-gen/ic,Y_total_gen,loco,8,0.976296067237854,51
PJM-gen/ic,Y_total_gen,loco,9,0.976296067237854,39
PJM-gen/ic,Y_total_gen,loco,10,0.976296067237854,28
PJM-gen/ic,Y_total_gen,loco,11,0.976296067237854,23
PJM-gen/ic,Y_total_gen,loco,12,0.976296067237854,22
PJM-gen/ic,Y_total_gen,loco,13,0.976296067237854,17
PJM-gen/ic,Y_total_gen,loco,14,0.976296067237854,11
PJM-gen/ic,Y_total_gen,loco,15,0.976296067237854,5
PJM-gen/ic,Y_total_gen,loco,16,0.9756090044975281,4
PJM-gen/ic,Y_total_gen,loco,17,0.9744800925254822,1
PJM-gen/ic,Y_total_gen,loco,18,0.9744800925254822,1
PJM-gen/ic,Y_total_gen,loco,19,0.9739714860916138,1
PJM-gen/ic,Y_total_gen,loco,20,0.9739714860916138,1
PJM-gen/ic,Y_total_gen,loco,21,0.9739714860916138,1
PJM-gen/ic,Y_total_gen,loco,22,0.9690360426902771,1
PJM-gen/ic,Y_total_gen,loco,23,0.11111116409301758,0
PJM-gen/ic,Y_total_gen,loco,24,0.0,0
PJM-gen/ic,Y_total_gen,perm,0,0.9851414561271667,179
PJM-gen/ic,Y_total_gen,perm,1,0.9793293476104736,178
PJM-gen/ic,Y_total_gen,perm,2,0.80049067735672,177
PJM-gen/ic,Y_total_gen,perm,3,0.80049067735672,159
PJM-gen/ic,Y_total_gen,perm,4,0.80049067735672,138
PJM-gen/ic,Y_total_gen,perm,5,0.80049067735672,109
PJM-gen/ic,Y_total_gen,perm,6,0.80049067735672,90
PJM-gen/ic,Y_total_gen,perm,7,0.7792580723762512,77
PJM-gen/ic,Y_total_gen,perm,8,0.7792580723762512,61
PJM-gen/ic,Y_total_gen,perm,9,0.7788739204406738,56
PJM-gen/ic,Y_total_gen,perm,10,0.7788739204406738,37
PJM-gen/ic,Y_total_gen,perm,11,0.7788739204406738,31
PJM-gen/ic,Y_total_gen,perm,12,0.6251127123832703,15
PJM-gen/ic,Y_total_gen,perm,13,0.6251127123832703,15
PJM-gen/ic,Y_total_gen,perm,14,0.6251127123832703,13
PJM-gen/ic,Y_total_gen,perm,15,0.6251127123832703,7
PJM-gen/ic,Y_total_gen,perm,16,0.6251127123832703,5
PJM-gen/ic,Y_total_gen,perm,17,0.5116569995880127,1
PJM-gen/ic,Y_total_gen,perm,18,0.40769797563552856,0
PJM-gen/ic,Y_total_gen,perm,19,0.40769797563552856,0
PJM-gen/ic,Y_total_gen,perm,20,0.34877344965934753,0
PJM-gen/ic,Y_total_gen,perm,21,0.3354737460613251,0
PJM-gen/ic,Y_total_gen,perm,22,0.29266566038131714,0
PJM-gen/ic,Y_total_gen,perm,23,0.16888335347175598,0
PJM-gen/ic,Y_total_gen,perm,24,0.0,0
PJM-gen/ic,Y_total_gen,sage,0,0.9851414561271667,179
PJM-gen/ic,Y_total_gen,sage,1,0.9793293476104736,178
PJM-gen/ic,Y_total_gen,sage,2,0.80049067735672,177
PJM-gen/ic,Y_total_gen,sage,3,0.80049067735672,159
PJM-gen/ic,Y_total_gen,sage,4,0.80049067735672,138
PJM-gen/ic,Y_total_gen,sage,5,0.80049067735672,121
PJM-gen/ic,Y_total_gen,sage,6,0.7788739204406738,105
PJM-gen/ic,Y_total_gen,sage,7,0.7788739204406738,90
PJM-gen/ic,Y_total_gen,sage,8,0.7788739204406738,69
PJM-gen/ic,Y_total_gen,sage,9,0.7788739204406738,54
PJM-gen/ic,Y_total_gen,sage,10,0.7788739204406738,39
PJM-gen/ic,Y_total_gen,sage,11,0.7788739204406738,37
PJM-gen/ic,Y_total_gen,sage,12,0.7788739204406738,29
PJM-gen/ic,Y_total_gen,sage,13,0.7445414066314697,19
PJM-gen/ic,Y_total_gen,sage,14,0.7445414066314697,15
PJM-gen/ic,Y_total_gen,sage,15,0.7445414066314697,8
PJM-gen/ic,Y_total_gen,sage,16,0.6754478216171265,4
PJM-gen/ic,Y_total_gen,sage,17,0.6549643874168396,4
PJM-gen/ic,Y_total_gen,sage,18,0.4898785948753357,0
PJM-gen/ic,Y_total_gen,sage,19,0.47808659076690674,0
PJM-gen/ic,Y_total_gen,sage,20,0.47808659076690674,0
PJM-gen/ic,Y_total_gen,sage,21,0.47808659076690674,0
PJM-gen/ic,Y_total_gen,sage,22,0.42976105213165283,0
PJM-gen/ic,Y_total_gen,sage,23,0.38238683342933655,0
PJM-gen/ic,Y_total_gen,sage,24,0.0,0
PJM-gen/ic,Y_total_gen,graph,0,0.9851414561271667,179
PJM-gen/ic,Y_total_gen,graph,1,0.9851414561271667,178
PJM-gen/ic,Y_total_gen,graph,2,0.80049067735672,177
PJM-gen/ic,Y_total_gen,graph,3,0.80049067735672,141
PJM-gen/ic,Y_total_gen,graph,4,0.722550094127655,111
PJM-gen/ic,Y_total_gen,graph,5,0.6827913522720337,81
PJM-gen/ic,Y_total_gen,graph,6,0.6686607003211975,54
PJM-gen/ic,Y_total_gen,graph,7,0.6686607003211975,39
PJM-gen/ic,Y_total_gen,graph,8,0.6625536680221558,27
PJM-gen/ic,Y_total_gen,graph,9,0.5949275493621826,14
PJM-gen/ic,Y_total_gen,graph,10,0.5949275493621826,7
PJM-gen/ic,Y_total_gen,graph,11,0.5329107642173767,4
PJM-gen/ic,Y_total_gen,graph,12,0.5329107642173767,3
PJM-gen/ic,Y_total_gen,graph,13,0.35053300857543945,0
PJM-gen/ic,Y_total_gen,graph,14,0.35053300857543945,0
PJM-gen/ic,Y_total_gen,graph,15,0.3244294822216034,0
PJM-gen/ic,Y_total_gen,graph,16,0.3244294822216034,0
PJM-gen/ic,Y_total_gen,graph,17,0.2912209630012512,0
PJM-gen/ic,Y_total_gen,graph,18,0.2341052144765854,0
PJM-gen/ic,Y_total_gen,graph,19,0.21319115161895752,0
PJM-gen/ic,Y_total_gen,graph,20,0.2078126072883606,0
PJM-gen/ic,Y_total_gen,graph,21,0.18977415561676025,0
PJM-gen/ic,Y_total_gen,graph,22,0.11358469724655151,0
PJM-gen/ic,Y_total_gen,graph,23,0.09154725074768066,0
PJM-gen/ic,Y_total_gen,graph,24,0.0,0
PJM-gen/ic,Y_total_gen,M2_est,0,0.9851414561271667,179
PJM-gen/ic,Y_total_gen,M2_est,1,0.9793293476104736,178
PJM-gen/ic,Y_total_gen,M2_est,2,0.80049067735672,177
PJM-gen/ic,Y_total_gen,M2_est,3,0.7993975281715393,146
PJM-gen/ic,Y_total_gen,M2_est,4,0.722550094127655,111
PJM-gen/ic,Y_total_gen,M2_est,5,0.6989151835441589,92
PJM-gen/ic,Y_total_gen,M2_est,6,0.6911213994026184,78
PJM-gen/ic,Y_total_gen,M2_est,7,0.6911213994026184,54
PJM-gen/ic,Y_total_gen,M2_est,8,0.6911213994026184,41
PJM-gen/ic,Y_total_gen,M2_est,9,0.6594932079315186,38
PJM-gen/ic,Y_total_gen,M2_est,10,0.6594932079315186,36
PJM-gen/ic,Y_total_gen,M2_est,11,0.6251127123832703,17
PJM-gen/ic,Y_total_gen,M2_est,12,0.5606397390365601,14
PJM-gen/ic,Y_total_gen,M2_est,13,0.5436567664146423,7
PJM-gen/ic,Y_total_gen,M2_est,14,0.5373954772949219,6
PJM-gen/ic,Y_total_gen,M2_est,15,0.5160691738128662,1
PJM-gen/ic,Y_total_gen,M2_est,16,0.3244294822216034,0
PJM-gen/ic,Y_total_gen,M2_est,17,0.2912209630012512,0
PJM-gen/ic,Y_total_gen,M2_est,18,0.2341052144765854,0
PJM-gen/ic,Y_total_gen,M2_est,19,0.2341052144765854,0
PJM-gen/ic,Y_total_gen,M2_est,20,0.21369071304798126,0
PJM-gen/ic,Y_total_gen,M2_est,21,0.17221605777740479,0
PJM-gen/ic,Y_total_gen,M2_est,22,0.10855555534362793,0
PJM-gen/ic,Y_total_gen,M2_est,23,0.08140446245670319,0
PJM-gen/ic,Y_total_gen,M2_est,24,0.0,0
PJM-gen/ic,Y_total_gen,M2_cert,0,0.9851414561271667,179
PJM-gen/ic,Y_total_gen,M2_cert,1,0.9793293476104736,178
PJM-gen/ic,Y_total_gen,M2_cert,2,0.80049067735672,177
PJM-gen/ic,Y_total_gen,M2_cert,3,0.7993975281715393,146
PJM-gen/ic,Y_total_gen,M2_cert,4,0.722550094127655,111
PJM-gen/ic,Y_total_gen,M2_cert,5,0.6827913522720337,81
PJM-gen/ic,Y_total_gen,M2_cert,6,0.6827913522720337,63
PJM-gen/ic,Y_total_gen,M2_cert,7,0.6402602791786194,49
PJM-gen/ic,Y_total_gen,M2_cert,8,0.6220999956130981,30
PJM-gen/ic,Y_total_gen,M2_cert,9,0.6192102432250977,19
PJM-gen/ic,Y_total_gen,M2_cert,10,0.5054531693458557,1
PJM-gen/ic,Y_total_gen,M2_cert,11,0.48309606313705444,0
PJM-gen/ic,Y_total_gen,M2_cert,12,0.46315935254096985,0
PJM-gen/ic,Y_total_gen,M2_cert,13,0.403905987739563,0
PJM-gen/ic,Y_total_gen,M2_cert,14,0.3244294822216034,0
PJM-gen/ic,Y_total_gen,M2_cert,15,0.2952839732170105,0
PJM-gen/ic,Y_total_gen,M2_cert,16,0.2791343331336975,0
PJM-gen/ic,Y_total_gen,M2_cert,17,0.25798195600509644,0
PJM-gen/ic,Y_total_gen,M2_cert,18,0.25798195600509644,0
PJM-gen/ic,Y_total_gen,M2_cert,19,0.23929035663604736,0
PJM-gen/ic,Y_total_gen,M2_cert,20,0.21736910939216614,0
PJM-gen/ic,Y_total_gen,M2_cert,21,0.16196542978286743,0
PJM-gen/ic,Y_total_gen,M2_cert,22,0.1256968379020691,0
PJM-gen/ic,Y_total_gen,M2_cert,23,0.08140446245670319,0
PJM-gen/ic,Y_total_gen,M2_cert,24,0.0,0
PJM-gen/ic,Y_total_gen,M2,0,0.9851414561271667,179
PJM-gen/ic,Y_total_gen,M2,1,0.9793293476104736,178
PJM-gen/ic,Y_total_gen,M2,2,0.80049067735672,177
PJM-gen/ic,Y_total_gen,M2,3,0.7993975281715393,146
PJM-gen/ic,Y_total_gen,M2,4,0.722550094127655,111
PJM-gen/ic,Y_total_gen,M2,5,0.6827913522720337,81
PJM-gen/ic,Y_total_gen,M2,6,0.6686607003211975,54
PJM-gen/ic,Y_total_gen,M2,7,0.6515156030654907,43
PJM-gen/ic,Y_total_gen,M2,8,0.6220999956130981,30
PJM-gen/ic,Y_total_gen,M2,9,0.6192102432250977,19
PJM-gen/ic,Y_total_gen,M2,10,0.5054531693458557,1
PJM-gen/ic,Y_total_gen,M2,11,0.47631168365478516,0
PJM-gen/ic,Y_total_gen,M2,12,0.47631168365478516,0
PJM-gen/ic,Y_total_gen,M2,13,0.403905987739563,0
PJM-gen/ic,Y_total_gen,M2,14,0.3244294822216034,0
PJM-gen/ic,Y_total_gen,M2,15,0.2952839732170105,0
PJM-gen/ic,Y_total_gen,M2,16,0.27459779381752014,0
PJM-gen/ic,Y_total_gen,M2,17,0.27459779381752014,0
PJM-gen/ic,Y_total_gen,M2,18,0.23929035663604736,0
PJM-gen/ic,Y_total_gen,M2,19,0.23929035663604736,0
PJM-gen/ic,Y_total_gen,M2,20,0.19073820114135742,0
PJM-gen/ic,Y_total_gen,M2,21,0.19073820114135742,0
PJM-gen/ic,Y_total_gen,M2,22,0.11260558664798737,0
PJM-gen/ic,Y_total_gen,M2,23,0.07712064683437347,0
PJM-gen/ic,Y_total_gen,M2,24,0.0,0
PJM-gen/ic,Y_net_actual_interchange_mw,pearson,0,0.7105862498283386,102
PJM-gen/ic,Y_net_actual_interchange_mw,pearson,1,0.5681732296943665,42
PJM-gen/ic,Y_net_actual_interchange_mw,pearson,2,0.519031822681427,4
PJM-gen/ic,Y_net_actual_interchange_mw,pearson,3,0.519031822681427,4
PJM-gen/ic,Y_net_actual_interchange_mw,pearson,4,0.47989988327026367,0
PJM-gen/ic,Y_net_actual_interchange_mw,pearson,5,0.47989988327026367,0
PJM-gen/ic,Y_net_actual_interchange_mw,pearson,6,0.47989988327026367,0
PJM-gen/ic,Y_net_actual_interchange_mw,pearson,7,0.43860089778900146,0
PJM-gen/ic,Y_net_actual_interchange_mw,pearson,8,0.43860089778900146,0
PJM-gen/ic,Y_net_actual_interchange_mw,pearson,9,0.43775153160095215,0
PJM-gen/ic,Y_net_actual_interchange_mw,pearson,10,0.37397104501724243,0
PJM-gen/ic,Y_net_actual_interchange_mw,pearson,11,0.37397104501724243,0
PJM-gen/ic,Y_net_actual_interchange_mw,pearson,12,0.2598533630371094,0
PJM-gen/ic,Y_net_actual_interchange_mw,pearson,13,0.2598533630371094,0
PJM-gen/ic,Y_net_actual_interchange_mw,pearson,14,0.2365351915359497,0
PJM-gen/ic,Y_net_actual_interchange_mw,pearson,15,0.23278482258319855,0
PJM-gen/ic,Y_net_actual_interchange_mw,pearson,16,0.23278482258319855,0
PJM-gen/ic,Y_net_actual_interchange_mw,pearson,17,0.23278482258319855,0
PJM-gen/ic,Y_net_actual_interchange_mw,pearson,18,0.23278482258319855,0
PJM-gen/ic,Y_net_actual_interchange_mw,pearson,19,0.19682526588439941,0
PJM-gen/ic,Y_net_actual_interchange_mw,pearson,20,0.19682526588439941,0
PJM-gen/ic,Y_net_actual_interchange_mw,pearson,21,0.16393506526947021,0
PJM-gen/ic,Y_net_actual_interchange_mw,pearson,22,0.10315833240747452,0
PJM-gen/ic,Y_net_actual_interchange_mw,pearson,23,0.06788907200098038,0
PJM-gen/ic,Y_net_actual_interchange_mw,pearson,24,0.0,0
PJM-gen/ic,Y_net_actual_interchange_mw,spearman,0,0.7105862498283386,102
PJM-gen/ic,Y_net_actual_interchange_mw,spearman,1,0.5681732296943665,42
PJM-gen/ic,Y_net_actual_interchange_mw,spearman,2,0.5681732296943665,32
PJM-gen/ic,Y_net_actual_interchange_mw,spearman,3,0.5681732296943665,27
PJM-gen/ic,Y_net_actual_interchange_mw,spearman,4,0.47989988327026367,0
PJM-gen/ic,Y_net_actual_interchange_mw,spearman,5,0.47989988327026367,0
PJM-gen/ic,Y_net_actual_interchange_mw,spearman,6,0.43860089778900146,0
PJM-gen/ic,Y_net_actual_interchange_mw,spearman,7,0.40796253085136414,0
PJM-gen/ic,Y_net_actual_interchange_mw,spearman,8,0.40796253085136414,0
PJM-gen/ic,Y_net_actual_interchange_mw,spearman,9,0.40000975131988525,0
PJM-gen/ic,Y_net_actual_interchange_mw,spearman,10,0.40000975131988525,0
PJM-gen/ic,Y_net_actual_interchange_mw,spearman,11,0.36447882652282715,0
PJM-gen/ic,Y_net_actual_interchange_mw,spearman,12,0.33717700839042664,0
PJM-gen/ic,Y_net_actual_interchange_mw,spearman,13,0.33717700839042664,0
PJM-gen/ic,Y_net_actual_interchange_mw,spearman,14,0.33717700839042664,0
PJM-gen/ic,Y_net_actual_interchange_mw,spearman,15,0.25357741117477417,0
PJM-gen/ic,Y_net_actual_interchange_mw,spearman,16,0.25357741117477417,0
PJM-gen/ic,Y_net_actual_interchange_mw,spearman,17,0.2105637937784195,0
PJM-gen/ic,Y_net_actual_interchange_mw,spearman,18,0.18456129729747772,0
PJM-gen/ic,Y_net_actual_interchange_mw,spearman,19,0.18456129729747772,0
PJM-gen/ic,Y_net_actual_interchange_mw,spearman,20,0.18456129729747772,0
PJM-gen/ic,Y_net_actual_interchange_mw,spearman,21,0.18456129729747772,0
PJM-gen/ic,Y_net_actual_interchange_mw,spearman,22,0.1360362023115158,0
PJM-gen/ic,Y_net_actual_interchange_mw,spearman,23,0.06788907200098038,0
PJM-gen/ic,Y_net_actual_interchange_mw,spearman,24,0.0,0
PJM-gen/ic,Y_net_actual_interchange_mw,mi,0,0.7105862498283386,102
PJM-gen/ic,Y_net_actual_interchange_mw,mi,1,0.5681732296943665,42
PJM-gen/ic,Y_net_actual_interchange_mw,mi,2,0.519031822681427,4
PJM-gen/ic,Y_net_actual_interchange_mw,mi,3,0.519031822681427,4
PJM-gen/ic,Y_net_actual_interchange_mw,mi,4,0.47989988327026367,0
PJM-gen/ic,Y_net_actual_interchange_mw,mi,5,0.46112048625946045,0
PJM-gen/ic,Y_net_actual_interchange_mw,mi,6,0.46112048625946045,0
PJM-gen/ic,Y_net_actual_interchange_mw,mi,7,0.46112048625946045,0
PJM-gen/ic,Y_net_actual_interchange_mw,mi,8,0.43860089778900146,0
PJM-gen/ic,Y_net_actual_interchange_mw,mi,9,0.40796253085136414,0
PJM-gen/ic,Y_net_actual_interchange_mw,mi,10,0.39392662048339844,0
PJM-gen/ic,Y_net_actual_interchange_mw,mi,11,0.33446675539016724,0
PJM-gen/ic,Y_net_actual_interchange_mw,mi,12,0.31891149282455444,0
PJM-gen/ic,Y_net_actual_interchange_mw,mi,13,0.30272340774536133,0
PJM-gen/ic,Y_net_actual_interchange_mw,mi,14,0.2105637937784195,0
PJM-gen/ic,Y_net_actual_interchange_mw,mi,15,0.19968891143798828,0
PJM-gen/ic,Y_net_actual_interchange_mw,mi,16,0.19968891143798828,0
PJM-gen/ic,Y_net_actual_interchange_mw,mi,17,0.13539224863052368,0
PJM-gen/ic,Y_net_actual_interchange_mw,mi,18,0.11457669734954834,0
PJM-gen/ic,Y_net_actual_interchange_mw,mi,19,0.09638817608356476,0
PJM-gen/ic,Y_net_actual_interchange_mw,mi,20,0.07922804355621338,0
PJM-gen/ic,Y_net_actual_interchange_mw,mi,21,0.07406608760356903,0
PJM-gen/ic,Y_net_actual_interchange_mw,mi,22,0.06348884105682373,0
PJM-gen/ic,Y_net_actual_interchange_mw,mi,23,0.03415524959564209,0
PJM-gen/ic,Y_net_actual_interchange_mw,mi,24,0.0,0
PJM-gen/ic,Y_net_actual_interchange_mw,dcor,0,0.7105862498283386,102
PJM-gen/ic,Y_net_actual_interchange_mw,dcor,1,0.5681732296943665,42
PJM-gen/ic,Y_net_actual_interchange_mw,dcor,2,0.5681732296943665,42
PJM-gen/ic,Y_net_actual_interchange_mw,dcor,3,0.519031822681427,4
PJM-gen/ic,Y_net_actual_interchange_mw,dcor,4,0.47989988327026367,0
PJM-gen/ic,Y_net_actual_interchange_mw,dcor,5,0.47989988327026367,0
PJM-gen/ic,Y_net_actual_interchange_mw,dcor,6,0.47989988327026367,0
PJM-gen/ic,Y_net_actual_interchange_mw,dcor,7,0.43860089778900146,0
PJM-gen/ic,Y_net_actual_interchange_mw,dcor,8,0.43860089778900146,0
PJM-gen/ic,Y_net_actual_interchange_mw,dcor,9,0.40796253085136414,0
PJM-gen/ic,Y_net_actual_interchange_mw,dcor,10,0.3893178105354309,0
PJM-gen/ic,Y_net_actual_interchange_mw,dcor,11,0.33717700839042664,0
PJM-gen/ic,Y_net_actual_interchange_mw,dcor,12,0.33717700839042664,0
PJM-gen/ic,Y_net_actual_interchange_mw,dcor,13,0.33717700839042664,0
PJM-gen/ic,Y_net_actual_interchange_mw,dcor,14,0.33717700839042664,0
PJM-gen/ic,Y_net_actual_interchange_mw,dcor,15,0.33717700839042664,0
PJM-gen/ic,Y_net_actual_interchange_mw,dcor,16,0.3322337567806244,0
PJM-gen/ic,Y_net_actual_interchange_mw,dcor,17,0.3322337567806244,0
PJM-gen/ic,Y_net_actual_interchange_mw,dcor,18,0.3322337567806244,0
PJM-gen/ic,Y_net_actual_interchange_mw,dcor,19,0.32710033655166626,0
PJM-gen/ic,Y_net_actual_interchange_mw,dcor,20,0.140944704413414,0
PJM-gen/ic,Y_net_actual_interchange_mw,dcor,21,0.140944704413414,0
PJM-gen/ic,Y_net_actual_interchange_mw,dcor,22,0.10315833240747452,0
PJM-gen/ic,Y_net_actual_interchange_mw,dcor,23,0.06788907200098038,0
PJM-gen/ic,Y_net_actual_interchange_mw,dcor,24,0.0,0
PJM-gen/ic,Y_net_actual_interchange_mw,M0,0,0.7105862498283386,102
PJM-gen/ic,Y_net_actual_interchange_mw,M0,1,0.6260560154914856,63
PJM-gen/ic,Y_net_actual_interchange_mw,M0,2,0.5902060270309448,39
PJM-gen/ic,Y_net_actual_interchange_mw,M0,3,0.5878525972366333,20
PJM-gen/ic,Y_net_actual_interchange_mw,M0,4,0.47989988327026367,0
PJM-gen/ic,Y_net_actual_interchange_mw,M0,5,0.46112048625946045,0
PJM-gen/ic,Y_net_actual_interchange_mw,M0,6,0.46112048625946045,0
PJM-gen/ic,Y_net_actual_interchange_mw,M0,7,0.46112048625946045,0
PJM-gen/ic,Y_net_actual_interchange_mw,M0,8,0.43860089778900146,0
PJM-gen/ic,Y_net_actual_interchange_mw,M0,9,0.40796253085136414,0
PJM-gen/ic,Y_net_actual_interchange_mw,M0,10,0.34049171209335327,0
PJM-gen/ic,Y_net_actual_interchange_mw,M0,11,0.34049171209335327,0
PJM-gen/ic,Y_net_actual_interchange_mw,M0,12,0.34049171209335327,0
PJM-gen/ic,Y_net_actual_interchange_mw,M0,13,0.34049171209335327,0
PJM-gen/ic,Y_net_actual_interchange_mw,M0,14,0.33446675539016724,0
PJM-gen/ic,Y_net_actual_interchange_mw,M0,15,0.19007545709609985,0
PJM-gen/ic,Y_net_actual_interchange_mw,M0,16,0.19007545709609985,0
PJM-gen/ic,Y_net_actual_interchange_mw,M0,17,0.1720414161682129,0
PJM-gen/ic,Y_net_actual_interchange_mw,M0,18,0.11188840866088867,0
PJM-gen/ic,Y_net_actual_interchange_mw,M0,19,0.09638817608356476,0
PJM-gen/ic,Y_net_actual_interchange_mw,M0,20,0.08356158435344696,0
PJM-gen/ic,Y_net_actual_interchange_mw,M0,21,0.07865495979785919,0
PJM-gen/ic,Y_net_actual_interchange_mw,M0,22,0.03577744588255882,0
PJM-gen/ic,Y_net_actual_interchange_mw,M0,23,0.015216261148452759,0
PJM-gen/ic,Y_net_actual_interchange_mw,M0,24,0.0,0
PJM-gen/ic,Y_net_actual_interchange_mw,loco,0,0.7105862498283386,102
PJM-gen/ic,Y_net_actual_interchange_mw,loco,1,0.5681732296943665,42
PJM-gen/ic,Y_net_actual_interchange_mw,loco,2,0.5681732296943665,42
PJM-gen/ic,Y_net_actual_interchange_mw,loco,3,0.5681732296943665,41
PJM-gen/ic,Y_net_actual_interchange_mw,loco,4,0.5681732296943665,31
PJM-gen/ic,Y_net_actual_interchange_mw,loco,5,0.5681732296943665,30
PJM-gen/ic,Y_net_actual_interchange_mw,loco,6,0.5681732296943665,29
PJM-gen/ic,Y_net_actual_interchange_mw,loco,7,0.566764771938324,26
PJM-gen/ic,Y_net_actual_interchange_mw,loco,8,0.519031822681427,2
PJM-gen/ic,Y_net_actual_interchange_mw,loco,9,0.519031822681427,2
PJM-gen/ic,Y_net_actual_interchange_mw,loco,10,0.5011933445930481,1
PJM-gen/ic,Y_net_actual_interchange_mw,loco,11,0.48195284605026245,0
PJM-gen/ic,Y_net_actual_interchange_mw,loco,12,0.48195284605026245,0
PJM-gen/ic,Y_net_actual_interchange_mw,loco,13,0.48195284605026245,0
PJM-gen/ic,Y_net_actual_interchange_mw,loco,14,0.48195284605026245,0
PJM-gen/ic,Y_net_actual_interchange_mw,loco,15,0.48195284605026245,0
PJM-gen/ic,Y_net_actual_interchange_mw,loco,16,0.48195284605026245,0
PJM-gen/ic,Y_net_actual_interchange_mw,loco,17,0.47008559107780457,0
PJM-gen/ic,Y_net_actual_interchange_mw,loco,18,0.47008559107780457,0
PJM-gen/ic,Y_net_actual_interchange_mw,loco,19,0.3593798875808716,0
PJM-gen/ic,Y_net_actual_interchange_mw,loco,20,0.3576952815055847,0
PJM-gen/ic,Y_net_actual_interchange_mw,loco,21,0.18233340978622437,0
PJM-gen/ic,Y_net_actual_interchange_mw,loco,22,0.10342228412628174,0
PJM-gen/ic,Y_net_actual_interchange_mw,loco,23,0.025481877848505974,0
PJM-gen/ic,Y_net_actual_interchange_mw,loco,24,0.0,0
PJM-gen/ic,Y_net_actual_interchange_mw,perm,0,0.7105862498283386,102
PJM-gen/ic,Y_net_actual_interchange_mw,perm,1,0.5681732296943665,42
PJM-gen/ic,Y_net_actual_interchange_mw,perm,2,0.519031822681427,4
PJM-gen/ic,Y_net_actual_interchange_mw,perm,3,0.519031822681427,4
PJM-gen/ic,Y_net_actual_interchange_mw,perm,4,0.5011933445930481,2
PJM-gen/ic,Y_net_actual_interchange_mw,perm,5,0.5011933445930481,2
PJM-gen/ic,Y_net_actual_interchange_mw,perm,6,0.5011933445930481,2
PJM-gen/ic,Y_net_actual_interchange_mw,perm,7,0.5011933445930481,2
PJM-gen/ic,Y_net_actual_interchange_mw,perm,8,0.5007627606391907,1
PJM-gen/ic,Y_net_actual_interchange_mw,perm,9,0.5007627606391907,1
PJM-gen/ic,Y_net_actual_interchange_mw,perm,10,0.5007627606391907,1
PJM-gen/ic,Y_net_actual_interchange_mw,perm,11,0.5007627606391907,1
PJM-gen/ic,Y_net_actual_interchange_mw,perm,12,0.5007627606391907,1
PJM-gen/ic,Y_net_actual_interchange_mw,perm,13,0.5007627606391907,1
PJM-gen/ic,Y_net_actual_interchange_mw,perm,14,0.5007627606391907,1
PJM-gen/ic,Y_net_actual_interchange_mw,perm,15,0.47989988327026367,0
PJM-gen/ic,Y_net_actual_interchange_mw,perm,16,0.47989988327026367,0
PJM-gen/ic,Y_net_actual_interchange_mw,perm,17,0.47356289625167847,0
PJM-gen/ic,Y_net_actual_interchange_mw,perm,18,0.47356289625167847,0
PJM-gen/ic,Y_net_actual_interchange_mw,perm,19,0.4005248546600342,0
PJM-gen/ic,Y_net_actual_interchange_mw,perm,20,0.3262142539024353,0
PJM-gen/ic,Y_net_actual_interchange_mw,perm,21,0.31604069471359253,0
PJM-gen/ic,Y_net_actual_interchange_mw,perm,22,0.2943515181541443,0
PJM-gen/ic,Y_net_actual_interchange_mw,perm,23,0.015216261148452759,0
PJM-gen/ic,Y_net_actual_interchange_mw,perm,24,0.0,0
PJM-gen/ic,Y_net_actual_interchange_mw,sage,0,0.7105862498283386,102
PJM-gen/ic,Y_net_actual_interchange_mw,sage,1,0.5681732296943665,42
PJM-gen/ic,Y_net_actual_interchange_mw,sage,2,0.519031822681427,4
PJM-gen/ic,Y_net_actual_interchange_mw,sage,3,0.5011933445930481,2
PJM-gen/ic,Y_net_actual_interchange_mw,sage,4,0.5011933445930481,2
PJM-gen/ic,Y_net_actual_interchange_mw,sage,5,0.5011933445930481,2
PJM-gen/ic,Y_net_actual_interchange_mw,sage,6,0.5011933445930481,2
PJM-gen/ic,Y_net_actual_interchange_mw,sage,7,0.5011933445930481,2
PJM-gen/ic,Y_net_actual_interchange_mw,sage,8,0.5007627606391907,1
PJM-gen/ic,Y_net_actual_interchange_mw,sage,9,0.5007627606391907,1
PJM-gen/ic,Y_net_actual_interchange_mw,sage,10,0.47989988327026367,0
PJM-gen/ic,Y_net_actual_interchange_mw,sage,11,0.47989988327026367,0
PJM-gen/ic,Y_net_actual_interchange_mw,sage,12,0.46308690309524536,0
PJM-gen/ic,Y_net_actual_interchange_mw,sage,13,0.46308690309524536,0
PJM-gen/ic,Y_net_actual_interchange_mw,sage,14,0.46308690309524536,0
PJM-gen/ic,Y_net_actual_interchange_mw,sage,15,0.44128355383872986,0
PJM-gen/ic,Y_net_actual_interchange_mw,sage,16,0.44128355383872986,0
PJM-gen/ic,Y_net_actual_interchange_mw,sage,17,0.44128355383872986,0
PJM-gen/ic,Y_net_actual_interchange_mw,sage,18,0.44128355383872986,0
PJM-gen/ic,Y_net_actual_interchange_mw,sage,19,0.44128355383872986,0
PJM-gen/ic,Y_net_actual_interchange_mw,sage,20,0.4118329584598541,0
PJM-gen/ic,Y_net_actual_interchange_mw,sage,21,0.3060647249221802,0
PJM-gen/ic,Y_net_actual_interchange_mw,sage,22,0.24951517581939697,0
PJM-gen/ic,Y_net_actual_interchange_mw,sage,23,0.03952646255493164,0
PJM-gen/ic,Y_net_actual_interchange_mw,sage,24,0.0,0
PJM-gen/ic,Y_net_actual_interchange_mw,graph,0,0.7105862498283386,102
PJM-gen/ic,Y_net_actual_interchange_mw,graph,1,0.7105862498283386,76
PJM-gen/ic,Y_net_actual_interchange_mw,graph,2,0.7105862498283386,66
PJM-gen/ic,Y_net_actual_interchange_mw,graph,3,0.5902060270309448,32
PJM-gen/ic,Y_net_actual_interchange_mw,graph,4,0.5817707777023315,26
PJM-gen/ic,Y_net_actual_interchange_mw,graph,5,0.5594152808189392,9
PJM-gen/ic,Y_net_actual_interchange_mw,graph,6,0.5594152808189392,8
PJM-gen/ic,Y_net_actual_interchange_mw,graph,7,0.542299747467041,5
PJM-gen/ic,Y_net_actual_interchange_mw,graph,8,0.5370621085166931,2
PJM-gen/ic,Y_net_actual_interchange_mw,graph,9,0.5370621085166931,2
PJM-gen/ic,Y_net_actual_interchange_mw,graph,10,0.5370621085166931,2
PJM-gen/ic,Y_net_actual_interchange_mw,graph,11,0.5370621085166931,1
PJM-gen/ic,Y_net_actual_interchange_mw,graph,12,0.5370621085166931,1
PJM-gen/ic,Y_net_actual_interchange_mw,graph,13,0.5370621085166931,1
PJM-gen/ic,Y_net_actual_interchange_mw,graph,14,0.5370621085166931,1
PJM-gen/ic,Y_net_actual_interchange_mw,graph,15,0.5370621085166931,1
PJM-gen/ic,Y_net_actual_interchange_mw,graph,16,0.5370621085166931,1
PJM-gen/ic,Y_net_actual_interchange_mw,graph,17,0.5370621085166931,1
PJM-gen/ic,Y_net_actual_interchange_mw,graph,18,0.5370621085166931,1
PJM-gen/ic,Y_net_actual_interchange_mw,graph,19,0.26442956924438477,0
PJM-gen/ic,Y_net_actual_interchange_mw,graph,20,0.12022145092487335,0
PJM-gen/ic,Y_net_actual_interchange_mw,graph,21,0.07710671424865723,0
PJM-gen/ic,Y_net_actual_interchange_mw,graph,22,0.06348884105682373,0
PJM-gen/ic,Y_net_actual_interchange_mw,graph,23,0.025871574878692627,0
PJM-gen/ic,Y_net_actual_interchange_mw,graph,24,0.0,0
PJM-gen/ic,Y_net_actual_interchange_mw,M2_est,0,0.7105862498283386,102
PJM-gen/ic,Y_net_actual_interchange_mw,M2_est,1,0.6260560154914856,63
PJM-gen/ic,Y_net_actual_interchange_mw,M2_est,2,0.6260560154914856,43
PJM-gen/ic,Y_net_actual_interchange_mw,M2_est,3,0.519031822681427,4
PJM-gen/ic,Y_net_actual_interchange_mw,M2_est,4,0.519031822681427,4
PJM-gen/ic,Y_net_actual_interchange_mw,M2_est,5,0.519031822681427,4
PJM-gen/ic,Y_net_actual_interchange_mw,M2_est,6,0.519031822681427,3
PJM-gen/ic,Y_net_actual_interchange_mw,M2_est,7,0.519031822681427,2
PJM-gen/ic,Y_net_actual_interchange_mw,M2_est,8,0.519031822681427,2
PJM-gen/ic,Y_net_actual_interchange_mw,M2_est,9,0.47382500767707825,0
PJM-gen/ic,Y_net_actual_interchange_mw,M2_est,10,0.47382500767707825,0
PJM-gen/ic,Y_net_actual_interchange_mw,M2_est,11,0.47382500767707825,0
PJM-gen/ic,Y_net_actual_interchange_mw,M2_est,12,0.33861827850341797,0
PJM-gen/ic,Y_net_actual_interchange_mw,M2_est,13,0.33861827850341797,0
PJM-gen/ic,Y_net_actual_interchange_mw,M2_est,14,0.2180299013853073,0
PJM-gen/ic,Y_net_actual_interchange_mw,M2_est,15,0.2105637937784195,0
PJM-gen/ic,Y_net_actual_interchange_mw,M2_est,16,0.2105637937784195,0
PJM-gen/ic,Y_net_actual_interchange_mw,M2_est,17,0.2105637937784195,0
PJM-gen/ic,Y_net_actual_interchange_mw,M2_est,18,0.18413755297660828,0
PJM-gen/ic,Y_net_actual_interchange_mw,M2_est,19,0.17754869163036346,0
PJM-gen/ic,Y_net_actual_interchange_mw,M2_est,20,0.17754869163036346,0
PJM-gen/ic,Y_net_actual_interchange_mw,M2_est,21,0.11035533249378204,0
PJM-gen/ic,Y_net_actual_interchange_mw,M2_est,22,0.08856770396232605,0
PJM-gen/ic,Y_net_actual_interchange_mw,M2_est,23,0.027919352054595947,0
PJM-gen/ic,Y_net_actual_interchange_mw,M2_est,24,0.0,0
PJM-gen/ic,Y_net_actual_interchange_mw,M2_cert,0,0.7105862498283386,102
PJM-gen/ic,Y_net_actual_interchange_mw,M2_cert,1,0.6260560154914856,63
PJM-gen/ic,Y_net_actual_interchange_mw,M2_cert,2,0.5902060270309448,39
PJM-gen/ic,Y_net_actual_interchange_mw,M2_cert,3,0.47989988327026367,0
PJM-gen/ic,Y_net_actual_interchange_mw,M2_cert,4,0.47989988327026367,0
PJM-gen/ic,Y_net_actual_interchange_mw,M2_cert,5,0.47989988327026367,0
PJM-gen/ic,Y_net_actual_interchange_mw,M2_cert,6,0.47989988327026367,0
PJM-gen/ic,Y_net_actual_interchange_mw,M2_cert,7,0.47989988327026367,0
PJM-gen/ic,Y_net_actual_interchange_mw,M2_cert,8,0.4341954290866852,0
PJM-gen/ic,Y_net_actual_interchange_mw,M2_cert,9,0.4341954290866852,0
PJM-gen/ic,Y_net_actual_interchange_mw,M2_cert,10,0.40000975131988525,0
PJM-gen/ic,Y_net_actual_interchange_mw,M2_cert,11,0.40000975131988525,0
PJM-gen/ic,Y_net_actual_interchange_mw,M2_cert,12,0.33861827850341797,0
PJM-gen/ic,Y_net_actual_interchange_mw,M2_cert,13,0.2180299013853073,0
PJM-gen/ic,Y_net_actual_interchange_mw,M2_cert,14,0.2180299013853073,0
PJM-gen/ic,Y_net_actual_interchange_mw,M2_cert,15,0.2180299013853073,0
PJM-gen/ic,Y_net_actual_interchange_mw,M2_cert,16,0.2105637937784195,0
PJM-gen/ic,Y_net_actual_interchange_mw,M2_cert,17,0.2105637937784195,0
PJM-gen/ic,Y_net_actual_interchange_mw,M2_cert,18,0.18413755297660828,0
PJM-gen/ic,Y_net_actual_interchange_mw,M2_cert,19,0.17754869163036346,0
PJM-gen/ic,Y_net_actual_interchange_mw,M2_cert,20,0.11750978231430054,0
PJM-gen/ic,Y_net_actual_interchange_mw,M2_cert,21,0.104438416659832,0
PJM-gen/ic,Y_net_actual_interchange_mw,M2_cert,22,0.033181577920913696,0
PJM-gen/ic,Y_net_actual_interchange_mw,M2_cert,23,0.027919352054595947,0
PJM-gen/ic,Y_net_actual_interchange_mw,M2_cert,24,0.0,0
PJM-gen/ic,Y_net_actual_interchange_mw,M2,0,0.7105862498283386,102
PJM-gen/ic,Y_net_actual_interchange_mw,M2,1,0.6260560154914856,63
PJM-gen/ic,Y_net_actual_interchange_mw,M2,2,0.5902060270309448,39
PJM-gen/ic,Y_net_actual_interchange_mw,M2,3,0.47989988327026367,0
PJM-gen/ic,Y_net_actual_interchange_mw,M2,4,0.47989988327026367,0
PJM-gen/ic,Y_net_actual_interchange_mw,M2,5,0.47989988327026367,0
PJM-gen/ic,Y_net_actual_interchange_mw,M2,6,0.47989988327026367,0
PJM-gen/ic,Y_net_actual_interchange_mw,M2,7,0.47989988327026367,0
PJM-gen/ic,Y_net_actual_interchange_mw,M2,8,0.4341954290866852,0
PJM-gen/ic,Y_net_actual_interchange_mw,M2,9,0.4341954290866852,0
PJM-gen/ic,Y_net_actual_interchange_mw,M2,10,0.40000975131988525,0
PJM-gen/ic,Y_net_actual_interchange_mw,M2,11,0.40000975131988525,0
PJM-gen/ic,Y_net_actual_interchange_mw,M2,12,0.33861827850341797,0
PJM-gen/ic,Y_net_actual_interchange_mw,M2,13,0.2180299013853073,0
PJM-gen/ic,Y_net_actual_interchange_mw,M2,14,0.2180299013853073,0
PJM-gen/ic,Y_net_actual_interchange_mw,M2,15,0.2180299013853073,0
PJM-gen/ic,Y_net_actual_interchange_mw,M2,16,0.2105637937784195,0
PJM-gen/ic,Y_net_actual_interchange_mw,M2,17,0.2105637937784195,0
PJM-gen/ic,Y_net_actual_interchange_mw,M2,18,0.18413755297660828,0
PJM-gen/ic,Y_net_actual_interchange_mw,M2,19,0.17754869163036346,0
PJM-gen/ic,Y_net_actual_interchange_mw,M2,20,0.11923227459192276,0
PJM-gen/ic,Y_net_actual_interchange_mw,M2,21,0.07922804355621338,0
PJM-gen/ic,Y_net_actual_interchange_mw,M2,22,0.033181577920913696,0
PJM-gen/ic,Y_net_actual_interchange_mw,M2,23,0.027919352054595947,0
PJM-gen/ic,Y_net_actual_interchange_mw,M2,24,0.0,0
CAISO-load,Y_actual_load__mw__ca_iso_tac,pearson,0,0.9338019490242004,542
CAISO-load,Y_actual_load__mw__ca_iso_tac,pearson,1,0.9338019490242004,541
CAISO-load,Y_actual_load__mw__ca_iso_tac,pearson,2,0.9307910799980164,540
CAISO-load,Y_actual_load__mw__ca_iso_tac,pearson,3,0.9307910799980164,539
CAISO-load,Y_actual_load__mw__ca_iso_tac,pearson,4,0.9307910799980164,538
CAISO-load,Y_actual_load__mw__ca_iso_tac,pearson,5,0.902651846408844,537
CAISO-load,Y_actual_load__mw__ca_iso_tac,pearson,6,0.868664562702179,495
CAISO-load,Y_actual_load__mw__ca_iso_tac,pearson,7,0.868664562702179,422
CAISO-load,Y_actual_load__mw__ca_iso_tac,pearson,8,0.8160744309425354,395
CAISO-load,Y_actual_load__mw__ca_iso_tac,pearson,9,0.7551497220993042,307
CAISO-load,Y_actual_load__mw__ca_iso_tac,pearson,10,0.7551497220993042,234
CAISO-load,Y_actual_load__mw__ca_iso_tac,pearson,11,0.7551497220993042,201
CAISO-load,Y_actual_load__mw__ca_iso_tac,pearson,12,0.7551497220993042,186
CAISO-load,Y_actual_load__mw__ca_iso_tac,pearson,13,0.7551497220993042,168
CAISO-load,Y_actual_load__mw__ca_iso_tac,pearson,14,0.7551497220993042,130
CAISO-load,Y_actual_load__mw__ca_iso_tac,pearson,15,0.7176299095153809,115
CAISO-load,Y_actual_load__mw__ca_iso_tac,pearson,16,0.7176299095153809,99
CAISO-load,Y_actual_load__mw__ca_iso_tac,pearson,17,0.7176299095153809,72
CAISO-load,Y_actual_load__mw__ca_iso_tac,pearson,18,0.7176299095153809,50
CAISO-load,Y_actual_load__mw__ca_iso_tac,pearson,19,0.7176299095153809,32
CAISO-load,Y_actual_load__mw__ca_iso_tac,pearson,20,0.7176299095153809,29
CAISO-load,Y_actual_load__mw__ca_iso_tac,pearson,21,0.6394826173782349,18
CAISO-load,Y_actual_load__mw__ca_iso_tac,pearson,22,0.6227428913116455,8
CAISO-load,Y_actual_load__mw__ca_iso_tac,pearson,23,0.44175851345062256,0
CAISO-load,Y_actual_load__mw__ca_iso_tac,pearson,24,0.44175851345062256,0
CAISO-load,Y_actual_load__mw__ca_iso_tac,pearson,25,0.37637171149253845,0
CAISO-load,Y_actual_load__mw__ca_iso_tac,pearson,26,0.3386212885379791,0
CAISO-load,Y_actual_load__mw__ca_iso_tac,pearson,27,0.3386212885379791,0
CAISO-load,Y_actual_load__mw__ca_iso_tac,pearson,28,0.25508034229278564,0
CAISO-load,Y_actual_load__mw__ca_iso_tac,pearson,29,0.25508034229278564,0
CAISO-load,Y_actual_load__mw__ca_iso_tac,pearson,30,0.22484059631824493,0
CAISO-load,Y_actual_load__mw__ca_iso_tac,pearson,31,0.22484059631824493,0
CAISO-load,Y_actual_load__mw__ca_iso_tac,pearson,32,0.1458105444908142,0
CAISO-load,Y_actual_load__mw__ca_iso_tac,pearson,33,0.08048206567764282,0
CAISO-load,Y_actual_load__mw__ca_iso_tac,pearson,34,0.0,0
CAISO-load,Y_actual_load__mw__ca_iso_tac,pearson,35,0.0,0
CAISO-load,Y_actual_load__mw__ca_iso_tac,spearman,0,0.9338019490242004,542
CAISO-load,Y_actual_load__mw__ca_iso_tac,spearman,1,0.9338019490242004,541
CAISO-load,Y_actual_load__mw__ca_iso_tac,spearman,2,0.9338019490242004,540
CAISO-load,Y_actual_load__mw__ca_iso_tac,spearman,3,0.9307910799980164,539
CAISO-load,Y_actual_load__mw__ca_iso_tac,spearman,4,0.9307910799980164,538
CAISO-load,Y_actual_load__mw__ca_iso_tac,spearman,5,0.902651846408844,537
CAISO-load,Y_actual_load__mw__ca_iso_tac,spearman,6,0.868664562702179,495
CAISO-load,Y_actual_load__mw__ca_iso_tac,spearman,7,0.868664562702179,422
CAISO-load,Y_actual_load__mw__ca_iso_tac,spearman,8,0.8160744309425354,395
CAISO-load,Y_actual_load__mw__ca_iso_tac,spearman,9,0.8160744309425354,311
CAISO-load,Y_actual_load__mw__ca_iso_tac,spearman,10,0.8160744309425354,290
CAISO-load,Y_actual_load__mw__ca_iso_tac,spearman,11,0.7551497220993042,214
CAISO-load,Y_actual_load__mw__ca_iso_tac,spearman,12,0.7551497220993042,181
CAISO-load,Y_actual_load__mw__ca_iso_tac,spearman,13,0.7551497220993042,168
CAISO-load,Y_actual_load__mw__ca_iso_tac,spearman,14,0.7551497220993042,123
CAISO-load,Y_actual_load__mw__ca_iso_tac,spearman,15,0.7551497220993042,87
CAISO-load,Y_actual_load__mw__ca_iso_tac,spearman,16,0.7551497220993042,60
CAISO-load,Y_actual_load__mw__ca_iso_tac,spearman,17,0.6817376613616943,42
CAISO-load,Y_actual_load__mw__ca_iso_tac,spearman,18,0.610600471496582,12
CAISO-load,Y_actual_load__mw__ca_iso_tac,spearman,19,0.610600471496582,11
CAISO-load,Y_actual_load__mw__ca_iso_tac,spearman,20,0.5606870651245117,9
CAISO-load,Y_actual_load__mw__ca_iso_tac,spearman,21,0.5606870651245117,8
CAISO-load,Y_actual_load__mw__ca_iso_tac,spearman,22,0.5413041114807129,7
CAISO-load,Y_actual_load__mw__ca_iso_tac,spearman,23,0.5413041114807129,6
CAISO-load,Y_actual_load__mw__ca_iso_tac,spearman,24,0.5413041114807129,6
CAISO-load,Y_actual_load__mw__ca_iso_tac,spearman,25,0.5413041114807129,6
CAISO-load,Y_actual_load__mw__ca_iso_tac,spearman,26,0.3985174894332886,0
CAISO-load,Y_actual_load__mw__ca_iso_tac,spearman,27,0.3985174894332886,0
CAISO-load,Y_actual_load__mw__ca_iso_tac,spearman,28,0.3686750829219818,0
CAISO-load,Y_actual_load__mw__ca_iso_tac,spearman,29,0.345389723777771,0
CAISO-load,Y_actual_load__mw__ca_iso_tac,spearman,30,0.28275272250175476,0
CAISO-load,Y_actual_load__mw__ca_iso_tac,spearman,31,0.28275272250175476,0
CAISO-load,Y_actual_load__mw__ca_iso_tac,spearman,32,0.18899667263031006,0
CAISO-load,Y_actual_load__mw__ca_iso_tac,spearman,33,0.03276991844177246,0
CAISO-load,Y_actual_load__mw__ca_iso_tac,spearman,34,0.0,0
CAISO-load,Y_actual_load__mw__ca_iso_tac,spearman,35,0.0,0
CAISO-load,Y_actual_load__mw__ca_iso_tac,mi,0,0.9338019490242004,542
CAISO-load,Y_actual_load__mw__ca_iso_tac,mi,1,0.9338019490242004,541
CAISO-load,Y_actual_load__mw__ca_iso_tac,mi,2,0.9307910799980164,540
CAISO-load,Y_actual_load__mw__ca_iso_tac,mi,3,0.9250449538230896,539
CAISO-load,Y_actual_load__mw__ca_iso_tac,mi,4,0.9250449538230896,538
CAISO-load,Y_actual_load__mw__ca_iso_tac,mi,5,0.9141832590103149,496
CAISO-load,Y_actual_load__mw__ca_iso_tac,mi,6,0.868664562702179,495
CAISO-load,Y_actual_load__mw__ca_iso_tac,mi,7,0.8160744309425354,467
CAISO-load,Y_actual_load__mw__ca_iso_tac,mi,8,0.7551497220993042,378
CAISO-load,Y_actual_load__mw__ca_iso_tac,mi,9,0.7004663348197937,326
CAISO-load,Y_actual_load__mw__ca_iso_tac,mi,10,0.7004663348197937,256
CAISO-load,Y_actual_load__mw__ca_iso_tac,mi,11,0.7004663348197937,178
CAISO-load,Y_actual_load__mw__ca_iso_tac,mi,12,0.7004663348197937,149
CAISO-load,Y_actual_load__mw__ca_iso_tac,mi,13,0.6878208518028259,124
CAISO-load,Y_actual_load__mw__ca_iso_tac,mi,14,0.6640388369560242,115
CAISO-load,Y_actual_load__mw__ca_iso_tac,mi,15,0.6640388369560242,66
CAISO-load,Y_actual_load__mw__ca_iso_tac,mi,16,0.6151090860366821,39
CAISO-load,Y_actual_load__mw__ca_iso_tac,mi,17,0.6151090860366821,25
CAISO-load,Y_actual_load__mw__ca_iso_tac,mi,18,0.6151090860366821,17
CAISO-load,Y_actual_load__mw__ca_iso_tac,mi,19,0.47208237648010254,0
CAISO-load,Y_actual_load__mw__ca_iso_tac,mi,20,0.47208237648010254,0
CAISO-load,Y_actual_load__mw__ca_iso_tac,mi,21,0.47208237648010254,0
CAISO-load,Y_actual_load__mw__ca_iso_tac,mi,22,0.41708195209503174,0
CAISO-load,Y_actual_load__mw__ca_iso_tac,mi,23,0.41708195209503174,0
CAISO-load,Y_actual_load__mw__ca_iso_tac,mi,24,0.32528460025787354,0
CAISO-load,Y_actual_load__mw__ca_iso_tac,mi,25,0.32528460025787354,0
CAISO-load,Y_actual_load__mw__ca_iso_tac,mi,26,0.26528221368789673,0
CAISO-load,Y_actual_load__mw__ca_iso_tac,mi,27,0.26528221368789673,0
CAISO-load,Y_actual_load__mw__ca_iso_tac,mi,28,0.24884898960590363,0
CAISO-load,Y_actual_load__mw__ca_iso_tac,mi,29,0.22171638906002045,0
CAISO-load,Y_actual_load__mw__ca_iso_tac,mi,30,0.18045973777770996,0
CAISO-load,Y_actual_load__mw__ca_iso_tac,mi,31,0.13379761576652527,0
CAISO-load,Y_actual_load__mw__ca_iso_tac,mi,32,0.08498275279998779,0
CAISO-load,Y_actual_load__mw__ca_iso_tac,mi,33,0.03085307590663433,0
CAISO-load,Y_actual_load__mw__ca_iso_tac,mi,34,0.008485555648803711,0
CAISO-load,Y_actual_load__mw__ca_iso_tac,mi,35,0.0,0
CAISO-load,Y_actual_load__mw__ca_iso_tac,dcor,0,0.9338019490242004,542
CAISO-load,Y_actual_load__mw__ca_iso_tac,dcor,1,0.9338019490242004,541
CAISO-load,Y_actual_load__mw__ca_iso_tac,dcor,2,0.9307910799980164,540
CAISO-load,Y_actual_load__mw__ca_iso_tac,dcor,3,0.9307910799980164,539
CAISO-load,Y_actual_load__mw__ca_iso_tac,dcor,4,0.9307910799980164,538
CAISO-load,Y_actual_load__mw__ca_iso_tac,dcor,5,0.902651846408844,537
CAISO-load,Y_actual_load__mw__ca_iso_tac,dcor,6,0.868664562702179,495
CAISO-load,Y_actual_load__mw__ca_iso_tac,dcor,7,0.868664562702179,422
CAISO-load,Y_actual_load__mw__ca_iso_tac,dcor,8,0.8160744309425354,395
CAISO-load,Y_actual_load__mw__ca_iso_tac,dcor,9,0.7551497220993042,307
CAISO-load,Y_actual_load__mw__ca_iso_tac,dcor,10,0.7551497220993042,234
CAISO-load,Y_actual_load__mw__ca_iso_tac,dcor,11,0.7551497220993042,214
CAISO-load,Y_actual_load__mw__ca_iso_tac,dcor,12,0.6817376613616943,176
CAISO-load,Y_actual_load__mw__ca_iso_tac,dcor,13,0.6776878833770752,114
CAISO-load,Y_actual_load__mw__ca_iso_tac,dcor,14,0.6776878833770752,93
CAISO-load,Y_actual_load__mw__ca_iso_tac,dcor,15,0.6776878833770752,87
CAISO-load,Y_actual_load__mw__ca_iso_tac,dcor,16,0.6776878833770752,55
CAISO-load,Y_actual_load__mw__ca_iso_tac,dcor,17,0.6776878833770752,28
CAISO-load,Y_actual_load__mw__ca_iso_tac,dcor,18,0.610600471496582,12
CAISO-load,Y_actual_load__mw__ca_iso_tac,dcor,19,0.5606870651245117,10
CAISO-load,Y_actual_load__mw__ca_iso_tac,dcor,20,0.5413041114807129,9
CAISO-load,Y_actual_load__mw__ca_iso_tac,dcor,21,0.4906069040298462,0
CAISO-load,Y_actual_load__mw__ca_iso_tac,dcor,22,0.4906069040298462,0
CAISO-load,Y_actual_load__mw__ca_iso_tac,dcor,23,0.44175851345062256,0
CAISO-load,Y_actual_load__mw__ca_iso_tac,dcor,24,0.44175851345062256,0
CAISO-load,Y_actual_load__mw__ca_iso_tac,dcor,25,0.44175851345062256,0
CAISO-load,Y_actual_load__mw__ca_iso_tac,dcor,26,0.3386212885379791,0
CAISO-load,Y_actual_load__mw__ca_iso_tac,dcor,27,0.25508034229278564,0
CAISO-load,Y_actual_load__mw__ca_iso_tac,dcor,28,0.25243324041366577,0
CAISO-load,Y_actual_load__mw__ca_iso_tac,dcor,29,0.22171638906002045,0
CAISO-load,Y_actual_load__mw__ca_iso_tac,dcor,30,0.18045973777770996,0
CAISO-load,Y_actual_load__mw__ca_iso_tac,dcor,31,0.18045973777770996,0
CAISO-load,Y_actual_load__mw__ca_iso_tac,dcor,32,0.1161678284406662,0
CAISO-load,Y_actual_load__mw__ca_iso_tac,dcor,33,0.09546510130167007,0
CAISO-load,Y_actual_load__mw__ca_iso_tac,dcor,34,0.0,0
CAISO-load,Y_actual_load__mw__ca_iso_tac,dcor,35,0.0,0
CAISO-load,Y_actual_load__mw__ca_iso_tac,M0,0,0.9338019490242004,542
CAISO-load,Y_actual_load__mw__ca_iso_tac,M0,1,0.9338019490242004,541
CAISO-load,Y_actual_load__mw__ca_iso_tac,M0,2,0.9307910799980164,540
CAISO-load,Y_actual_load__mw__ca_iso_tac,M0,3,0.9307910799980164,539
CAISO-load,Y_actual_load__mw__ca_iso_tac,M0,4,0.9307910799980164,538
CAISO-load,Y_actual_load__mw__ca_iso_tac,M0,5,0.902651846408844,537
CAISO-load,Y_actual_load__mw__ca_iso_tac,M0,6,0.8834553956985474,508
CAISO-load,Y_actual_load__mw__ca_iso_tac,M0,7,0.8160744309425354,467
CAISO-load,Y_actual_load__mw__ca_iso_tac,M0,8,0.8026882410049438,414
CAISO-load,Y_actual_load__mw__ca_iso_tac,M0,9,0.8026882410049438,343
CAISO-load,Y_actual_load__mw__ca_iso_tac,M0,10,0.8026882410049438,264
CAISO-load,Y_actual_load__mw__ca_iso_tac,M0,11,0.7004663348197937,178
CAISO-load,Y_actual_load__mw__ca_iso_tac,M0,12,0.7004663348197937,149
CAISO-load,Y_actual_load__mw__ca_iso_tac,M0,13,0.7004663348197937,129
CAISO-load,Y_actual_load__mw__ca_iso_tac,M0,14,0.7004663348197937,116
CAISO-load,Y_actual_load__mw__ca_iso_tac,M0,15,0.7004663348197937,97
CAISO-load,Y_actual_load__mw__ca_iso_tac,M0,16,0.6776878833770752,76
CAISO-load,Y_actual_load__mw__ca_iso_tac,M0,17,0.6567951440811157,63
CAISO-load,Y_actual_load__mw__ca_iso_tac,M0,18,0.6203537583351135,60
CAISO-load,Y_actual_load__mw__ca_iso_tac,M0,19,0.6203537583351135,34
CAISO-load,Y_actual_load__mw__ca_iso_tac,M0,20,0.6047807931900024,13
CAISO-load,Y_actual_load__mw__ca_iso_tac,M0,21,0.5606558918952942,4
CAISO-load,Y_actual_load__mw__ca_iso_tac,M0,22,0.41708195209503174,0
CAISO-load,Y_actual_load__mw__ca_iso_tac,M0,23,0.3612353205680847,0
CAISO-load,Y_actual_load__mw__ca_iso_tac,M0,24,0.3612353205680847,0
CAISO-load,Y_actual_load__mw__ca_iso_tac,M0,25,0.3612353205680847,0
CAISO-load,Y_actual_load__mw__ca_iso_tac,M0,26,0.31865188479423523,0
CAISO-load,Y_actual_load__mw__ca_iso_tac,M0,27,0.28342294692993164,0
CAISO-load,Y_actual_load__mw__ca_iso_tac,M0,28,0.2777180075645447,0
CAISO-load,Y_actual_load__mw__ca_iso_tac,M0,29,0.20244383811950684,0
CAISO-load,Y_actual_load__mw__ca_iso_tac,M0,30,0.20244383811950684,0
CAISO-load,Y_actual_load__mw__ca_iso_tac,M0,31,0.11988252401351929,0
CAISO-load,Y_actual_load__mw__ca_iso_tac,M0,32,0.06962470710277557,0
CAISO-load,Y_actual_load__mw__ca_iso_tac,M0,33,0.03085307590663433,0
CAISO-load,Y_actual_load__mw__ca_iso_tac,M0,34,0.0,0
CAISO-load,Y_actual_load__mw__ca_iso_tac,M0,35,0.0,0
CAISO-load,Y_actual_load__mw__ca_iso_tac,loco,0,0.9338019490242004,542
CAISO-load,Y_actual_load__mw__ca_iso_tac,loco,1,0.9338019490242004,505
CAISO-load,Y_actual_load__mw__ca_iso_tac,loco,2,0.9338019490242004,450
CAISO-load,Y_actual_load__mw__ca_iso_tac,loco,3,0.9338019490242004,449
CAISO-load,Y_actual_load__mw__ca_iso_tac,loco,4,0.9245975017547607,414
CAISO-load,Y_actual_load__mw__ca_iso_tac,loco,5,0.9245975017547607,384
CAISO-load,Y_actual_load__mw__ca_iso_tac,loco,6,0.9245975017547607,321
CAISO-load,Y_actual_load__mw__ca_iso_tac,loco,7,0.9245975017547607,305
CAISO-load,Y_actual_load__mw__ca_iso_tac,loco,8,0.920383632183075,284
CAISO-load,Y_actual_load__mw__ca_iso_tac,loco,9,0.920383632183075,256
CAISO-load,Y_actual_load__mw__ca_iso_tac,loco,10,0.920383632183075,219
CAISO-load,Y_actual_load__mw__ca_iso_tac,loco,11,0.920383632183075,212
CAISO-load,Y_actual_load__mw__ca_iso_tac,loco,12,0.920383632183075,183
CAISO-load,Y_actual_load__mw__ca_iso_tac,loco,13,0.9166018962860107,151
CAISO-load,Y_actual_load__mw__ca_iso_tac,loco,14,0.9166018962860107,134
CAISO-load,Y_actual_load__mw__ca_iso_tac,loco,15,0.9143351316452026,115
CAISO-load,Y_actual_load__mw__ca_iso_tac,loco,16,0.9143351316452026,114
CAISO-load,Y_actual_load__mw__ca_iso_tac,loco,17,0.9143351316452026,101
CAISO-load,Y_actual_load__mw__ca_iso_tac,loco,18,0.9143351316452026,85
CAISO-load,Y_actual_load__mw__ca_iso_tac,loco,19,0.9143351316452026,55
CAISO-load,Y_actual_load__mw__ca_iso_tac,loco,20,0.9143351316452026,54
CAISO-load,Y_actual_load__mw__ca_iso_tac,loco,21,0.9143351316452026,44
CAISO-load,Y_actual_load__mw__ca_iso_tac,loco,22,0.9143351316452026,41
CAISO-load,Y_actual_load__mw__ca_iso_tac,loco,23,0.9143351316452026,31
CAISO-load,Y_actual_load__mw__ca_iso_tac,loco,24,0.9118635058403015,30
CAISO-load,Y_actual_load__mw__ca_iso_tac,loco,25,0.9118635058403015,26
CAISO-load,Y_actual_load__mw__ca_iso_tac,loco,26,0.9118635058403015,24
CAISO-load,Y_actual_load__mw__ca_iso_tac,loco,27,0.9118635058403015,15
CAISO-load,Y_actual_load__mw__ca_iso_tac,loco,28,0.9118635058403015,12
CAISO-load,Y_actual_load__mw__ca_iso_tac,loco,29,0.9118635058403015,7
CAISO-load,Y_actual_load__mw__ca_iso_tac,loco,30,0.9118635058403015,3
CAISO-load,Y_actual_load__mw__ca_iso_tac,loco,31,0.9118635058403015,2
CAISO-load,Y_actual_load__mw__ca_iso_tac,loco,32,0.9040259122848511,1
CAISO-load,Y_actual_load__mw__ca_iso_tac,loco,33,0.26390814781188965,0
CAISO-load,Y_actual_load__mw__ca_iso_tac,loco,34,0.10135859251022339,0
CAISO-load,Y_actual_load__mw__ca_iso_tac,loco,35,0.0,0
CAISO-load,Y_actual_load__mw__ca_iso_tac,perm,0,0.9338019490242004,542
CAISO-load,Y_actual_load__mw__ca_iso_tac,perm,1,0.9338019490242004,541
CAISO-load,Y_actual_load__mw__ca_iso_tac,perm,2,0.9338019490242004,483
CAISO-load,Y_actual_load__mw__ca_iso_tac,perm,3,0.9245421886444092,442
CAISO-load,Y_actual_load__mw__ca_iso_tac,perm,4,0.9206680655479431,441
CAISO-load,Y_actual_load__mw__ca_iso_tac,perm,5,0.9044135212898254,440
CAISO-load,Y_actual_load__mw__ca_iso_tac,perm,6,0.9044135212898254,439
CAISO-load,Y_actual_load__mw__ca_iso_tac,perm,7,0.8498347997665405,438
CAISO-load,Y_actual_load__mw__ca_iso_tac,perm,8,0.8442736864089966,376
CAISO-load,Y_actual_load__mw__ca_iso_tac,perm,9,0.8442736864089966,311
CAISO-load,Y_actual_load__mw__ca_iso_tac,perm,10,0.8442736864089966,282
CAISO-load,Y_actual_load__mw__ca_iso_tac,perm,11,0.8442736864089966,259
CAISO-load,Y_actual_load__mw__ca_iso_tac,perm,12,0.8442736864089966,223
CAISO-load,Y_actual_load__mw__ca_iso_tac,perm,13,0.8442736864089966,205
CAISO-load,Y_actual_load__mw__ca_iso_tac,perm,14,0.8442736864089966,195
CAISO-load,Y_actual_load__mw__ca_iso_tac,perm,15,0.8160744309425354,175
CAISO-load,Y_actual_load__mw__ca_iso_tac,perm,16,0.808124840259552,167
CAISO-load,Y_actual_load__mw__ca_iso_tac,perm,17,0.808124840259552,139
CAISO-load,Y_actual_load__mw__ca_iso_tac,perm,18,0.808124840259552,127
CAISO-load,Y_actual_load__mw__ca_iso_tac,perm,19,0.808124840259552,123
CAISO-load,Y_actual_load__mw__ca_iso_tac,perm,20,0.6750817894935608,80
CAISO-load,Y_actual_load__mw__ca_iso_tac,perm,21,0.6750817894935608,60
CAISO-load,Y_actual_load__mw__ca_iso_tac,perm,22,0.6590805053710938,47
CAISO-load,Y_actual_load__mw__ca_iso_tac,perm,23,0.6590805053710938,28
CAISO-load,Y_actual_load__mw__ca_iso_tac,perm,24,0.6590805053710938,20
CAISO-load,Y_actual_load__mw__ca_iso_tac,perm,25,0.6590805053710938,14
CAISO-load,Y_actual_load__mw__ca_iso_tac,perm,26,0.6489474177360535,7
CAISO-load,Y_actual_load__mw__ca_iso_tac,perm,27,0.6489474177360535,6
CAISO-load,Y_actual_load__mw__ca_iso_tac,perm,28,0.6489474177360535,5
CAISO-load,Y_actual_load__mw__ca_iso_tac,perm,29,0.6338592171669006,3
CAISO-load,Y_actual_load__mw__ca_iso_tac,perm,30,0.5186913013458252,1
CAISO-load,Y_actual_load__mw__ca_iso_tac,perm,31,0.5186913013458252,1
CAISO-load,Y_actual_load__mw__ca_iso_tac,perm,32,0.29456236958503723,0
CAISO-load,Y_actual_load__mw__ca_iso_tac,perm,33,0.24858933687210083,0
CAISO-load,Y_actual_load__mw__ca_iso_tac,perm,34,0.14064031839370728,0
CAISO-load,Y_actual_load__mw__ca_iso_tac,perm,35,0.0,0
CAISO-load,Y_actual_load__mw__ca_iso_tac,sage,0,0.9338019490242004,542
CAISO-load,Y_actual_load__mw__ca_iso_tac,sage,1,0.9338019490242004,541
CAISO-load,Y_actual_load__mw__ca_iso_tac,sage,2,0.9285758137702942,499
CAISO-load,Y_actual_load__mw__ca_iso_tac,sage,3,0.9228113293647766,498
CAISO-load,Y_actual_load__mw__ca_iso_tac,sage,4,0.9206680655479431,441
CAISO-load,Y_actual_load__mw__ca_iso_tac,sage,5,0.9206680655479431,440
CAISO-load,Y_actual_load__mw__ca_iso_tac,sage,6,0.9044135212898254,439
CAISO-load,Y_actual_load__mw__ca_iso_tac,sage,7,0.8498347997665405,438
CAISO-load,Y_actual_load__mw__ca_iso_tac,sage,8,0.8498347997665405,398
CAISO-load,Y_actual_load__mw__ca_iso_tac,sage,9,0.8498347997665405,351
CAISO-load,Y_actual_load__mw__ca_iso_tac,sage,10,0.8498347997665405,330
CAISO-load,Y_actual_load__mw__ca_iso_tac,sage,11,0.8498347997665405,279
CAISO-load,Y_actual_load__mw__ca_iso_tac,sage,12,0.8498347997665405,240
CAISO-load,Y_actual_load__mw__ca_iso_tac,sage,13,0.8442736864089966,207
CAISO-load,Y_actual_load__mw__ca_iso_tac,sage,14,0.8442736864089966,150
CAISO-load,Y_actual_load__mw__ca_iso_tac,sage,15,0.8442736864089966,124
CAISO-load,Y_actual_load__mw__ca_iso_tac,sage,16,0.8442736864089966,95
CAISO-load,Y_actual_load__mw__ca_iso_tac,sage,17,0.8442736864089966,79
CAISO-load,Y_actual_load__mw__ca_iso_tac,sage,18,0.8442736864089966,66
CAISO-load,Y_actual_load__mw__ca_iso_tac,sage,19,0.8442736864089966,61
CAISO-load,Y_actual_load__mw__ca_iso_tac,sage,20,0.8442736864089966,41
CAISO-load,Y_actual_load__mw__ca_iso_tac,sage,21,0.8442736864089966,40
CAISO-load,Y_actual_load__mw__ca_iso_tac,sage,22,0.8289238214492798,31
CAISO-load,Y_actual_load__mw__ca_iso_tac,sage,23,0.8289238214492798,23
CAISO-load,Y_actual_load__mw__ca_iso_tac,sage,24,0.8256018757820129,17
CAISO-load,Y_actual_load__mw__ca_iso_tac,sage,25,0.8256018757820129,15
CAISO-load,Y_actual_load__mw__ca_iso_tac,sage,26,0.8256018757820129,13
CAISO-load,Y_actual_load__mw__ca_iso_tac,sage,27,0.8256018757820129,10
CAISO-load,Y_actual_load__mw__ca_iso_tac,sage,28,0.8256018757820129,9
CAISO-load,Y_actual_load__mw__ca_iso_tac,sage,29,0.7574753165245056,7
CAISO-load,Y_actual_load__mw__ca_iso_tac,sage,30,0.7574753165245056,5
CAISO-load,Y_actual_load__mw__ca_iso_tac,sage,31,0.7574753165245056,4
CAISO-load,Y_actual_load__mw__ca_iso_tac,sage,32,0.7021569609642029,2
CAISO-load,Y_actual_load__mw__ca_iso_tac,sage,33,0.6758381128311157,1
CAISO-load,Y_actual_load__mw__ca_iso_tac,sage,34,0.348876953125,0
CAISO-load,Y_actual_load__mw__ca_iso_tac,sage,35,0.0,0
CAISO-load,Y_actual_load__mw__ca_iso_tac,graph,0,0.9338019490242004,542
CAISO-load,Y_actual_load__mw__ca_iso_tac,graph,1,0.9338019490242004,513
CAISO-load,Y_actual_load__mw__ca_iso_tac,graph,2,0.9338019490242004,512
CAISO-load,Y_actual_load__mw__ca_iso_tac,graph,3,0.9338019490242004,422
CAISO-load,Y_actual_load__mw__ca_iso_tac,graph,4,0.9338019490242004,421
CAISO-load,Y_actual_load__mw__ca_iso_tac,graph,5,0.9338019490242004,368
CAISO-load,Y_actual_load__mw__ca_iso_tac,graph,6,0.9338019490242004,288
CAISO-load,Y_actual_load__mw__ca_iso_tac,graph,7,0.9338019490242004,273
CAISO-load,Y_actual_load__mw__ca_iso_tac,graph,8,0.9338019490242004,246
CAISO-load,Y_actual_load__mw__ca_iso_tac,graph,9,0.9338019490242004,245
CAISO-load,Y_actual_load__mw__ca_iso_tac,graph,10,0.9164174199104309,244
CAISO-load,Y_actual_load__mw__ca_iso_tac,graph,11,0.913815975189209,189
CAISO-load,Y_actual_load__mw__ca_iso_tac,graph,12,0.913815975189209,174
CAISO-load,Y_actual_load__mw__ca_iso_tac,graph,13,0.9097176790237427,137
CAISO-load,Y_actual_load__mw__ca_iso_tac,graph,14,0.9097176790237427,111
CAISO-load,Y_actual_load__mw__ca_iso_tac,graph,15,0.9090293645858765,99
CAISO-load,Y_actual_load__mw__ca_iso_tac,graph,16,0.908099353313446,87
CAISO-load,Y_actual_load__mw__ca_iso_tac,graph,17,0.908099353313446,76
CAISO-load,Y_actual_load__mw__ca_iso_tac,graph,18,0.8087298274040222,75
CAISO-load,Y_actual_load__mw__ca_iso_tac,graph,19,0.7992931604385376,71
CAISO-load,Y_actual_load__mw__ca_iso_tac,graph,20,0.7992931604385376,53
CAISO-load,Y_actual_load__mw__ca_iso_tac,graph,21,0.7887910604476929,40
CAISO-load,Y_actual_load__mw__ca_iso_tac,graph,22,0.686086893081665,21
CAISO-load,Y_actual_load__mw__ca_iso_tac,graph,23,0.5879491567611694,4
CAISO-load,Y_actual_load__mw__ca_iso_tac,graph,24,0.5879491567611694,4
CAISO-load,Y_actual_load__mw__ca_iso_tac,graph,25,0.5879491567611694,3
CAISO-load,Y_actual_load__mw__ca_iso_tac,graph,26,0.5879491567611694,2
CAISO-load,Y_actual_load__mw__ca_iso_tac,graph,27,0.5186913013458252,1
CAISO-load,Y_actual_load__mw__ca_iso_tac,graph,28,0.2816963791847229,0
CAISO-load,Y_actual_load__mw__ca_iso_tac,graph,29,0.2816963791847229,0
CAISO-load,Y_actual_load__mw__ca_iso_tac,graph,30,0.2333836555480957,0
CAISO-load,Y_actual_load__mw__ca_iso_tac,graph,31,0.2308124303817749,0
CAISO-load,Y_actual_load__mw__ca_iso_tac,graph,32,0.11235237121582031,0
CAISO-load,Y_actual_load__mw__ca_iso_tac,graph,33,0.03085307590663433,0
CAISO-load,Y_actual_load__mw__ca_iso_tac,graph,34,0.008485555648803711,0
CAISO-load,Y_actual_load__mw__ca_iso_tac,graph,35,0.0,0
CAISO-load,Y_actual_load__mw__ca_iso_tac,M2_est,0,0.9338019490242004,542
CAISO-load,Y_actual_load__mw__ca_iso_tac,M2_est,1,0.9338019490242004,541
CAISO-load,Y_actual_load__mw__ca_iso_tac,M2_est,2,0.9307910799980164,540
CAISO-load,Y_actual_load__mw__ca_iso_tac,M2_est,3,0.9307910799980164,539
CAISO-load,Y_actual_load__mw__ca_iso_tac,M2_est,4,0.9250449538230896,538
CAISO-load,Y_actual_load__mw__ca_iso_tac,M2_est,5,0.902651846408844,537
CAISO-load,Y_actual_load__mw__ca_iso_tac,M2_est,6,0.8834553956985474,508
CAISO-load,Y_actual_load__mw__ca_iso_tac,M2_est,7,0.8737419843673706,418
CAISO-load,Y_actual_load__mw__ca_iso_tac,M2_est,8,0.7551497220993042,378
CAISO-load,Y_actual_load__mw__ca_iso_tac,M2_est,9,0.7290349006652832,348
CAISO-load,Y_actual_load__mw__ca_iso_tac,M2_est,10,0.7290349006652832,318
CAISO-load,Y_actual_load__mw__ca_iso_tac,M2_est,11,0.7290349006652832,249
CAISO-load,Y_actual_load__mw__ca_iso_tac,M2_est,12,0.7290349006652832,182
CAISO-load,Y_actual_load__mw__ca_iso_tac,M2_est,13,0.6829599142074585,133
CAISO-load,Y_actual_load__mw__ca_iso_tac,M2_est,14,0.6829599142074585,109
CAISO-load,Y_actual_load__mw__ca_iso_tac,M2_est,15,0.6829599142074585,85
CAISO-load,Y_actual_load__mw__ca_iso_tac,M2_est,16,0.6829599142074585,53
CAISO-load,Y_actual_load__mw__ca_iso_tac,M2_est,17,0.6829599142074585,32
CAISO-load,Y_actual_load__mw__ca_iso_tac,M2_est,18,0.634227454662323,10
CAISO-load,Y_actual_load__mw__ca_iso_tac,M2_est,19,0.46292293071746826,0
CAISO-load,Y_actual_load__mw__ca_iso_tac,M2_est,20,0.46292293071746826,0
CAISO-load,Y_actual_load__mw__ca_iso_tac,M2_est,21,0.46292293071746826,0
CAISO-load,Y_actual_load__mw__ca_iso_tac,M2_est,22,0.41853225231170654,0
CAISO-load,Y_actual_load__mw__ca_iso_tac,M2_est,23,0.37637171149253845,0
CAISO-load,Y_actual_load__mw__ca_iso_tac,M2_est,24,0.364860475063324,0
CAISO-load,Y_actual_load__mw__ca_iso_tac,M2_est,25,0.3386212885379791,0
CAISO-load,Y_actual_load__mw__ca_iso_tac,M2_est,26,0.30306294560432434,0
CAISO-load,Y_actual_load__mw__ca_iso_tac,M2_est,27,0.29043328762054443,0
CAISO-load,Y_actual_load__mw__ca_iso_tac,M2_est,28,0.2088674008846283,0
CAISO-load,Y_actual_load__mw__ca_iso_tac,M2_est,29,0.2088674008846283,0
CAISO-load,Y_actual_load__mw__ca_iso_tac,M2_est,30,0.1618357002735138,0
CAISO-load,Y_actual_load__mw__ca_iso_tac,M2_est,31,0.1618357002735138,0
CAISO-load,Y_actual_load__mw__ca_iso_tac,M2_est,32,0.13379761576652527,0
CAISO-load,Y_actual_load__mw__ca_iso_tac,M2_est,33,0.06544631719589233,0
CAISO-load,Y_actual_load__mw__ca_iso_tac,M2_est,34,0.008485555648803711,0
CAISO-load,Y_actual_load__mw__ca_iso_tac,M2_est,35,0.0,0
CAISO-load,Y_actual_load__mw__ca_iso_tac,M2_cert,0,0.9338019490242004,542
CAISO-load,Y_actual_load__mw__ca_iso_tac,M2_cert,1,0.9338019490242004,541
CAISO-load,Y_actual_load__mw__ca_iso_tac,M2_cert,2,0.9307910799980164,540
CAISO-load,Y_actual_load__mw__ca_iso_tac,M2_cert,3,0.9307910799980164,539
CAISO-load,Y_actual_load__mw__ca_iso_tac,M2_cert,4,0.9250449538230896,538
CAISO-load,Y_actual_load__mw__ca_iso_tac,M2_cert,5,0.902651846408844,537
CAISO-load,Y_actual_load__mw__ca_iso_tac,M2_cert,6,0.8834553956985474,508
CAISO-load,Y_actual_load__mw__ca_iso_tac,M2_cert,7,0.8737419843673706,418
CAISO-load,Y_actual_load__mw__ca_iso_tac,M2_cert,8,0.7551497220993042,378
CAISO-load,Y_actual_load__mw__ca_iso_tac,M2_cert,9,0.7290349006652832,348
CAISO-load,Y_actual_load__mw__ca_iso_tac,M2_cert,10,0.7290349006652832,318
CAISO-load,Y_actual_load__mw__ca_iso_tac,M2_cert,11,0.686086893081665,268
CAISO-load,Y_actual_load__mw__ca_iso_tac,M2_cert,12,0.6750817894935608,200
CAISO-load,Y_actual_load__mw__ca_iso_tac,M2_cert,13,0.6750817894935608,134
CAISO-load,Y_actual_load__mw__ca_iso_tac,M2_cert,14,0.6750817894935608,86
CAISO-load,Y_actual_load__mw__ca_iso_tac,M2_cert,15,0.6750817894935608,69
CAISO-load,Y_actual_load__mw__ca_iso_tac,M2_cert,16,0.6750817894935608,40
CAISO-load,Y_actual_load__mw__ca_iso_tac,M2_cert,17,0.6750817894935608,26
CAISO-load,Y_actual_load__mw__ca_iso_tac,M2_cert,18,0.6750817894935608,11
CAISO-load,Y_actual_load__mw__ca_iso_tac,M2_cert,19,0.46292293071746826,0
CAISO-load,Y_actual_load__mw__ca_iso_tac,M2_cert,20,0.4509769678115845,0
CAISO-load,Y_actual_load__mw__ca_iso_tac,M2_cert,21,0.43142610788345337,0
CAISO-load,Y_actual_load__mw__ca_iso_tac,M2_cert,22,0.41853225231170654,0
CAISO-load,Y_actual_load__mw__ca_iso_tac,M2_cert,23,0.37637171149253845,0
CAISO-load,Y_actual_load__mw__ca_iso_tac,M2_cert,24,0.364860475063324,0
CAISO-load,Y_actual_load__mw__ca_iso_tac,M2_cert,25,0.3386212885379791,0
CAISO-load,Y_actual_load__mw__ca_iso_tac,M2_cert,26,0.26528221368789673,0
CAISO-load,Y_actual_load__mw__ca_iso_tac,M2_cert,27,0.24884898960590363,0
CAISO-load,Y_actual_load__mw__ca_iso_tac,M2_cert,28,0.2088674008846283,0
CAISO-load,Y_actual_load__mw__ca_iso_tac,M2_cert,29,0.2088674008846283,0
CAISO-load,Y_actual_load__mw__ca_iso_tac,M2_cert,30,0.1974279284477234,0
CAISO-load,Y_actual_load__mw__ca_iso_tac,M2_cert,31,0.11988252401351929,0
CAISO-load,Y_actual_load__mw__ca_iso_tac,M2_cert,32,0.08498275279998779,0
CAISO-load,Y_actual_load__mw__ca_iso_tac,M2_cert,33,0.06544631719589233,0
CAISO-load,Y_actual_load__mw__ca_iso_tac,M2_cert,34,0.008485555648803711,0
CAISO-load,Y_actual_load__mw__ca_iso_tac,M2_cert,35,0.0,0
CAISO-load,Y_actual_load__mw__ca_iso_tac,M2,0,0.9338019490242004,542
CAISO-load,Y_actual_load__mw__ca_iso_tac,M2,1,0.9338019490242004,541
CAISO-load,Y_actual_load__mw__ca_iso_tac,M2,2,0.9307910799980164,540
CAISO-load,Y_actual_load__mw__ca_iso_tac,M2,3,0.9307910799980164,539
CAISO-load,Y_actual_load__mw__ca_iso_tac,M2,4,0.9250449538230896,538
CAISO-load,Y_actual_load__mw__ca_iso_tac,M2,5,0.902651846408844,537
CAISO-load,Y_actual_load__mw__ca_iso_tac,M2,6,0.8834553956985474,508
CAISO-load,Y_actual_load__mw__ca_iso_tac,M2,7,0.8737419843673706,418
CAISO-load,Y_actual_load__mw__ca_iso_tac,M2,8,0.7551497220993042,378
CAISO-load,Y_actual_load__mw__ca_iso_tac,M2,9,0.7290349006652832,348
CAISO-load,Y_actual_load__mw__ca_iso_tac,M2,10,0.6878208518028259,297
CAISO-load,Y_actual_load__mw__ca_iso_tac,M2,11,0.686086893081665,268
CAISO-load,Y_actual_load__mw__ca_iso_tac,M2,12,0.6750817894935608,200
CAISO-load,Y_actual_load__mw__ca_iso_tac,M2,13,0.6750817894935608,134
CAISO-load,Y_actual_load__mw__ca_iso_tac,M2,14,0.6750817894935608,108
CAISO-load,Y_actual_load__mw__ca_iso_tac,M2,15,0.6750817894935608,68
CAISO-load,Y_actual_load__mw__ca_iso_tac,M2,16,0.6750817894935608,40
CAISO-load,Y_actual_load__mw__ca_iso_tac,M2,17,0.6750817894935608,26
CAISO-load,Y_actual_load__mw__ca_iso_tac,M2,18,0.6750817894935608,11
CAISO-load,Y_actual_load__mw__ca_iso_tac,M2,19,0.46292293071746826,0
CAISO-load,Y_actual_load__mw__ca_iso_tac,M2,20,0.4509769678115845,0
CAISO-load,Y_actual_load__mw__ca_iso_tac,M2,21,0.43142610788345337,0
CAISO-load,Y_actual_load__mw__ca_iso_tac,M2,22,0.41853225231170654,0
CAISO-load,Y_actual_load__mw__ca_iso_tac,M2,23,0.37637171149253845,0
CAISO-load,Y_actual_load__mw__ca_iso_tac,M2,24,0.364860475063324,0
CAISO-load,Y_actual_load__mw__ca_iso_tac,M2,25,0.3386212885379791,0
CAISO-load,Y_actual_load__mw__ca_iso_tac,M2,26,0.26528221368789673,0
CAISO-load,Y_actual_load__mw__ca_iso_tac,M2,27,0.24884898960590363,0
CAISO-load,Y_actual_load__mw__ca_iso_tac,M2,28,0.2088674008846283,0
CAISO-load,Y_actual_load__mw__ca_iso_tac,M2,29,0.2088674008846283,0
CAISO-load,Y_actual_load__mw__ca_iso_tac,M2,30,0.1974279284477234,0
CAISO-load,Y_actual_load__mw__ca_iso_tac,M2,31,0.14313873648643494,0
CAISO-load,Y_actual_load__mw__ca_iso_tac,M2,32,0.08498275279998779,0
CAISO-load,Y_actual_load__mw__ca_iso_tac,M2,33,0.06544631719589233,0
CAISO-load,Y_actual_load__mw__ca_iso_tac,M2,34,0.008485555648803711,0
CAISO-load,Y_actual_load__mw__ca_iso_tac,M2,35,0.0,0
