数据,目标,字段,名次,背景,Δ
RTS-GMLC,机组出力_223_STEAM_3,负荷预测_区1,1,屋顶光伏预测 + 阻塞_CA-1,0.4391794800758362
RTS-GMLC,机组出力_223_STEAM_3,负荷预测_区1,2,屋顶光伏预测,0.43753957748413086
RTS-GMLC,机组出力_223_STEAM_3,负荷预测_区1,3,屋顶光伏预测 + 调节下调需求,0.4210169315338135
RTS-GMLC,机组出力_223_STEAM_3,负荷预测_区1,4,光伏出力预测 + 调节上调需求,0.414480984210968
RTS-GMLC,机组出力_223_STEAM_3,负荷预测_区1,5,光伏出力预测 + 调节下调需求,0.4105439782142639
RTS-GMLC,机组出力_223_STEAM_3,负荷预测_区2,1,调节下调需求,0.44970405101776123
RTS-GMLC,机组出力_223_STEAM_3,负荷预测_区2,2,调节下调需求 + 阻塞_CA-1,0.4478207230567932
RTS-GMLC,机组出力_223_STEAM_3,负荷预测_区2,3,调节上调需求 + 阻塞_CA-1,0.4435354471206665
RTS-GMLC,机组出力_223_STEAM_3,负荷预测_区2,4,屋顶光伏预测,0.44132399559020996
RTS-GMLC,机组出力_223_STEAM_3,负荷预测_区2,5,调节上调需求,0.4411735534667969
RTS-GMLC,机组出力_223_STEAM_3,负荷预测_区3,1,光伏出力预测 + 调节下调需求,0.23792940378189087
RTS-GMLC,机组出力_223_STEAM_3,负荷预测_区3,2,屋顶光伏预测 + 调节下调需求,0.23755240440368652
RTS-GMLC,机组出力_223_STEAM_3,负荷预测_区3,3,屋顶光伏预测,0.23133963346481323
RTS-GMLC,机组出力_223_STEAM_3,负荷预测_区3,4,光伏出力预测 + 调节上调需求,0.22498339414596558
RTS-GMLC,机组出力_223_STEAM_3,负荷预测_区3,5,屋顶光伏预测 + 阻塞_C6,0.22136640548706055
RTS-GMLC,机组出力_223_STEAM_3,风电出力预测,1,屋顶光伏预测 + 调节下调需求,0.48356693983078003
RTS-GMLC,机组出力_223_STEAM_3,风电出力预测,2,光伏出力预测 + 调节下调需求,0.45599251985549927
RTS-GMLC,机组出力_223_STEAM_3,风电出力预测,3,光伏出力预测 + 调节上调需求,0.43527811765670776
RTS-GMLC,机组出力_223_STEAM_3,风电出力预测,4,屋顶光伏预测 + 调节上调需求,0.4274095892906189
RTS-GMLC,机组出力_223_STEAM_3,风电出力预测,5,光伏出力预测,0.3914531469345093
RTS-GMLC,机组出力_223_STEAM_3,光伏出力预测,1,旋转备用需求 + 阻塞_C6,0.3469855785369873
RTS-GMLC,机组出力_223_STEAM_3,光伏出力预测,2,风电出力预测 + 旋转备用需求,0.32491952180862427
RTS-GMLC,机组出力_223_STEAM_3,光伏出力预测,3,负荷预测_区3 + 阻塞_C6,0.3213757872581482
RTS-GMLC,机组出力_223_STEAM_3,光伏出力预测,4,负荷预测_区1 + 阻塞_C6,0.30629897117614746
RTS-GMLC,机组出力_223_STEAM_3,光伏出力预测,5,水电出力预测 + 阻塞_C6,0.3022538423538208
RTS-GMLC,机组出力_223_STEAM_3,屋顶光伏预测,1,旋转备用需求 + 阻塞_C6,0.3514496088027954
RTS-GMLC,机组出力_223_STEAM_3,屋顶光伏预测,2,风电出力预测 + 旋转备用需求,0.3325088620185852
RTS-GMLC,机组出力_223_STEAM_3,屋顶光伏预测,3,风电出力预测 + 调节下调需求,0.3145284056663513
RTS-GMLC,机组出力_223_STEAM_3,屋顶光伏预测,4,负荷预测_区1 + 阻塞_C6,0.3088643550872803
RTS-GMLC,机组出力_223_STEAM_3,屋顶光伏预测,5,负荷预测_区3 + 阻塞_C6,0.3075940012931824
RTS-GMLC,机组出力_223_STEAM_3,水电出力预测,1,屋顶光伏预测,0.18239948153495789
RTS-GMLC,机组出力_223_STEAM_3,水电出力预测,2,光伏出力预测 + 调节下调需求,0.17431950569152832
RTS-GMLC,机组出力_223_STEAM_3,水电出力预测,3,光伏出力预测 + 调节上调需求,0.1742483675479889
RTS-GMLC,机组出力_223_STEAM_3,水电出力预测,4,屋顶光伏预测 + 阻塞_CA-1,0.1732141673564911
RTS-GMLC,机组出力_223_STEAM_3,水电出力预测,5,光伏出力预测,0.17264282703399658
RTS-GMLC,机组出力_223_STEAM_3,调节上调需求,1,屋顶光伏预测 + 调节下调需求,0.2852601408958435
RTS-GMLC,机组出力_223_STEAM_3,调节上调需求,2,光伏出力预测 + 调节下调需求,0.28113943338394165
RTS-GMLC,机组出力_223_STEAM_3,调节上调需求,3,水电出力预测 + 调节下调需求,0.278107225894928
RTS-GMLC,机组出力_223_STEAM_3,调节上调需求,4,调节下调需求,0.2563523054122925
RTS-GMLC,机组出力_223_STEAM_3,调节上调需求,5,风电出力预测 + 旋转备用需求,0.25609517097473145
RTS-GMLC,机组出力_223_STEAM_3,调节下调需求,1,光伏出力预测 + 调节上调需求,0.2754790186882019
RTS-GMLC,机组出力_223_STEAM_3,调节下调需求,2,屋顶光伏预测 + 调节上调需求,0.25066518783569336
RTS-GMLC,机组出力_223_STEAM_3,调节下调需求,3,水电出力预测 + 调节上调需求,0.24849693477153778
RTS-GMLC,机组出力_223_STEAM_3,调节下调需求,4,调节上调需求,0.2213752269744873
RTS-GMLC,机组出力_223_STEAM_3,调节下调需求,5,风电出力预测 + 旋转备用需求,0.22057396173477173
RTS-GMLC,机组出力_223_STEAM_3,旋转备用需求,1,屋顶光伏预测 + 调节下调需求,0.4414263963699341
RTS-GMLC,机组出力_223_STEAM_3,旋转备用需求,2,光伏出力预测 + 调节上调需求,0.4306550621986389
RTS-GMLC,机组出力_223_STEAM_3,旋转备用需求,3,屋顶光伏预测,0.427203893661499
RTS-GMLC,机组出力_223_STEAM_3,旋转备用需求,4,光伏出力预测 + 调节下调需求,0.42250919342041016
RTS-GMLC,机组出力_223_STEAM_3,旋转备用需求,5,屋顶光伏预测 + 阻塞_CA-1,0.41960906982421875
RTS-GMLC,机组出力_223_STEAM_3,系统电能价格,1,∅,0.9726232886314392
RTS-GMLC,机组出力_223_STEAM_3,系统电能价格,2,阻塞_CA-1,0.941464900970459
RTS-GMLC,机组出力_223_STEAM_3,系统电能价格,3,水电出力预测,0.9333123564720154
RTS-GMLC,机组出力_223_STEAM_3,系统电能价格,4,调节下调需求,0.9293217062950134
RTS-GMLC,机组出力_223_STEAM_3,系统电能价格,5,阻塞_C29,0.9088628888130188
RTS-GMLC,机组出力_223_STEAM_3,节点电价_116,1,∅,0.9575865864753723
RTS-GMLC,机组出力_223_STEAM_3,节点电价_116,2,阻塞_CA-1,0.9372758865356445
RTS-GMLC,机组出力_223_STEAM_3,节点电价_116,3,水电出力预测,0.9182756543159485
RTS-GMLC,机组出力_223_STEAM_3,节点电价_116,4,调节下调需求,0.9142850041389465
RTS-GMLC,机组出力_223_STEAM_3,节点电价_116,5,阻塞_C29,0.8941999673843384
RTS-GMLC,机组出力_223_STEAM_3,节点电价_121,1,∅,0.9286762475967407
RTS-GMLC,机组出力_223_STEAM_3,节点电价_121,2,阻塞_CA-1,0.9164214134216309
RTS-GMLC,机组出力_223_STEAM_3,节点电价_121,3,水电出力预测,0.8893653154373169
RTS-GMLC,机组出力_223_STEAM_3,节点电价_121,4,调节下调需求,0.8853746652603149
RTS-GMLC,机组出力_223_STEAM_3,节点电价_121,5,水电出力预测 + 阻塞_CA-1,0.8730413317680359
RTS-GMLC,机组出力_223_STEAM_3,节点电价_215,1,∅,0.9819353222846985
RTS-GMLC,机组出力_223_STEAM_3,节点电价_215,2,阻塞_CA-1,0.9467048645019531
RTS-GMLC,机组出力_223_STEAM_3,节点电价_215,3,水电出力预测,0.9426243901252747
RTS-GMLC,机组出力_223_STEAM_3,节点电价_215,4,调节下调需求,0.9386337399482727
RTS-GMLC,机组出力_223_STEAM_3,节点电价_215,5,阻塞_C29,0.9176878333091736
RTS-GMLC,机组出力_223_STEAM_3,节点电价_223,1,∅,0.9950751066207886
RTS-GMLC,机组出力_223_STEAM_3,节点电价_223,2,水电出力预测,0.9557641744613647
RTS-GMLC,机组出力_223_STEAM_3,节点电价_223,3,阻塞_CA-1,0.9551031589508057
RTS-GMLC,机组出力_223_STEAM_3,节点电价_223,4,调节下调需求,0.9517735242843628
RTS-GMLC,机组出力_223_STEAM_3,节点电价_223,5,阻塞_C29,0.9299911260604858
RTS-GMLC,机组出力_223_STEAM_3,节点电价_303,1,∅,0.9023460149765015
RTS-GMLC,机组出力_223_STEAM_3,节点电价_303,2,水电出力预测,0.8630350828170776
RTS-GMLC,机组出力_223_STEAM_3,节点电价_303,3,阻塞_CA-1,0.8628150820732117
RTS-GMLC,机组出力_223_STEAM_3,节点电价_303,4,调节下调需求,0.8581264615058899
RTS-GMLC,机组出力_223_STEAM_3,节点电价_303,5,阻塞_C29,0.8399590253829956
RTS-GMLC,机组出力_223_STEAM_3,节点电价_309,1,∅,0.9222704768180847
RTS-GMLC,机组出力_223_STEAM_3,节点电价_309,2,水电出力预测,0.8884937763214111
RTS-GMLC,机组出力_223_STEAM_3,节点电价_309,3,阻塞_CA-1,0.8826571702957153
RTS-GMLC,机组出力_223_STEAM_3,节点电价_309,4,阻塞_C29,0.8819924592971802
RTS-GMLC,机组出力_223_STEAM_3,节点电价_309,5,调节下调需求,0.8786216378211975
RTS-GMLC,机组出力_223_STEAM_3,节点电价_317,1,∅,0.9690399169921875
RTS-GMLC,机组出力_223_STEAM_3,节点电价_317,2,阻塞_CA-1,0.9303084015846252
RTS-GMLC,机组出力_223_STEAM_3,节点电价_317,3,水电出力预测,0.9297289848327637
RTS-GMLC,机组出力_223_STEAM_3,节点电价_317,4,调节下调需求,0.9257383346557617
RTS-GMLC,机组出力_223_STEAM_3,节点电价_317,5,阻塞_C29,0.9083435535430908
RTS-GMLC,机组出力_223_STEAM_3,节点电价_318,1,∅,0.9457652568817139
RTS-GMLC,机组出力_223_STEAM_3,节点电价_318,2,阻塞_C29,0.9110702872276306
RTS-GMLC,机组出力_223_STEAM_3,节点电价_318,3,水电出力预测,0.90645432472229
RTS-GMLC,机组出力_223_STEAM_3,节点电价_318,4,阻塞_CA-1,0.9063906073570251
RTS-GMLC,机组出力_223_STEAM_3,节点电价_318,5,调节下调需求,0.9024636745452881
RTS-GMLC,机组出力_223_STEAM_3,节点电价_325,1,∅,0.9493232369422913
RTS-GMLC,机组出力_223_STEAM_3,节点电价_325,2,阻塞_CA-1,0.9208211302757263
RTS-GMLC,机组出力_223_STEAM_3,节点电价_325,3,水电出力预测,0.9065423607826233
RTS-GMLC,机组出力_223_STEAM_3,节点电价_325,4,调节下调需求,0.9060216546058655
RTS-GMLC,机组出力_223_STEAM_3,节点电价_325,5,阻塞_C29,0.8856367468833923
RTS-GMLC,机组出力_223_STEAM_3,阻塞_C6,1,光伏出力预测 + 调节下调需求,0.2199476957321167
RTS-GMLC,机组出力_223_STEAM_3,阻塞_C6,2,光伏出力预测,0.21190249919891357
RTS-GMLC,机组出力_223_STEAM_3,阻塞_C6,3,屋顶光伏预测 + 调节下调需求,0.21046239137649536
RTS-GMLC,机组出力_223_STEAM_3,阻塞_C6,4,屋顶光伏预测,0.2070317268371582
RTS-GMLC,机组出力_223_STEAM_3,阻塞_C6,5,光伏出力预测 + 调节上调需求,0.20649254322052002
RTS-GMLC,机组出力_223_STEAM_3,阻塞_C29,1,屋顶光伏预测,0.08416932821273804
RTS-GMLC,机组出力_223_STEAM_3,阻塞_C29,2,光伏出力预测 + 调节下调需求,0.0836591124534607
RTS-GMLC,机组出力_223_STEAM_3,阻塞_C29,3,光伏出力预测 + 调节上调需求,0.07936018705368042
RTS-GMLC,机组出力_223_STEAM_3,阻塞_C29,4,屋顶光伏预测 + 调节下调需求,0.07843911647796631
RTS-GMLC,机组出力_223_STEAM_3,阻塞_C29,5,屋顶光伏预测 + 阻塞_CA-1,0.07814700901508331
RTS-GMLC,机组出力_223_STEAM_3,阻塞_CA-1,1,负荷预测_区3 + 旋转备用需求,0.08395475149154663
RTS-GMLC,机组出力_223_STEAM_3,阻塞_CA-1,2,负荷预测_区1 + 负荷预测_区3,0.07932978868484497
RTS-GMLC,机组出力_223_STEAM_3,阻塞_CA-1,3,负荷预测_区1 + 水电出力预测,0.07406830787658691
RTS-GMLC,机组出力_223_STEAM_3,阻塞_CA-1,4,负荷预测_区2 + 负荷预测_区3,0.07247710227966309
RTS-GMLC,机组出力_223_STEAM_3,阻塞_CA-1,5,负荷预测_区1 + 旋转备用需求,0.06377232074737549
RTS-GMLC,机组出力_221_CC_1,负荷预测_区1,1,屋顶光伏预测 + 阻塞_CA-1,0.5860167741775513
RTS-GMLC,机组出力_221_CC_1,负荷预测_区1,2,屋顶光伏预测,0.5798807740211487
RTS-GMLC,机组出力_221_CC_1,负荷预测_区1,3,光伏出力预测 + 阻塞_CA-1,0.57032710313797
RTS-GMLC,机组出力_221_CC_1,负荷预测_区1,4,光伏出力预测,0.561603844165802
RTS-GMLC,机组出力_221_CC_1,负荷预测_区1,5,光伏出力预测 + 调节下调需求,0.5607622861862183
RTS-GMLC,机组出力_221_CC_1,负荷预测_区2,1,光伏出力预测 + 调节下调需求,0.6195839643478394
RTS-GMLC,机组出力_221_CC_1,负荷预测_区2,2,屋顶光伏预测 + 阻塞_CA-1,0.6153976321220398
RTS-GMLC,机组出力_221_CC_1,负荷预测_区2,3,屋顶光伏预测,0.6108829975128174
RTS-GMLC,机组出力_221_CC_1,负荷预测_区2,4,调节下调需求,0.6062139868736267
RTS-GMLC,机组出力_221_CC_1,负荷预测_区2,5,光伏出力预测 + 调节上调需求,0.6057835817337036
RTS-GMLC,机组出力_221_CC_1,负荷预测_区3,1,屋顶光伏预测 + 阻塞_C6,0.3598134517669678
RTS-GMLC,机组出力_221_CC_1,负荷预测_区3,2,屋顶光伏预测,0.3497660756111145
RTS-GMLC,机组出力_221_CC_1,负荷预测_区3,3,屋顶光伏预测 + 阻塞_CA-1,0.3487471044063568
RTS-GMLC,机组出力_221_CC_1,负荷预测_区3,4,光伏出力预测 + 阻塞_C6,0.3479803204536438
RTS-GMLC,机组出力_221_CC_1,负荷预测_区3,5,光伏出力预测 + 调节下调需求,0.34701716899871826
RTS-GMLC,机组出力_221_CC_1,风电出力预测,1,光伏出力预测 + 调节下调需求,0.5398591160774231
RTS-GMLC,机组出力_221_CC_1,风电出力预测,2,光伏出力预测 + 调节上调需求,0.520791232585907
RTS-GMLC,机组出力_221_CC_1,风电出力预测,3,屋顶光伏预测 + 调节下调需求,0.5178869962692261
RTS-GMLC,机组出力_221_CC_1,风电出力预测,4,屋顶光伏预测 + 调节上调需求,0.497805655002594
RTS-GMLC,机组出力_221_CC_1,风电出力预测,5,调节上调需求 + 调节下调需求,0.30761420726776123
RTS-GMLC,机组出力_221_CC_1,光伏出力预测,1,风电出力预测 + 调节下调需求,0.3690141439437866
RTS-GMLC,机组出力_221_CC_1,光伏出力预测,2,风电出力预测 + 调节上调需求,0.35846084356307983
RTS-GMLC,机组出力_221_CC_1,光伏出力预测,3,风电出力预测 + 旋转备用需求,0.301535964012146
RTS-GMLC,机组出力_221_CC_1,光伏出力预测,4,旋转备用需求 + 阻塞_C6,0.29834550619125366
RTS-GMLC,机组出力_221_CC_1,光伏出力预测,5,负荷预测_区1 + 风电出力预测,0.28145718574523926
RTS-GMLC,机组出力_221_CC_1,屋顶光伏预测,1,风电出力预测 + 调节下调需求,0.35750138759613037
RTS-GMLC,机组出力_221_CC_1,屋顶光伏预测,2,风电出力预测 + 调节上调需求,0.33105307817459106
RTS-GMLC,机组出力_221_CC_1,屋顶光伏预测,3,风电出力预测 + 旋转备用需求,0.29504287242889404
RTS-GMLC,机组出力_221_CC_1,屋顶光伏预测,4,旋转备用需求 + 阻塞_C6,0.2890866994857788
RTS-GMLC,机组出力_221_CC_1,屋顶光伏预测,5,负荷预测_区1 + 风电出力预测,0.2678397297859192
RTS-GMLC,机组出力_221_CC_1,水电出力预测,1,光伏出力预测 + 调节下调需求,0.2078235149383545
RTS-GMLC,机组出力_221_CC_1,水电出力预测,2,屋顶光伏预测 + 阻塞_CA-1,0.1979779750108719
RTS-GMLC,机组出力_221_CC_1,水电出力预测,3,屋顶光伏预测,0.1941857933998108
RTS-GMLC,机组出力_221_CC_1,水电出力预测,4,光伏出力预测 + 阻塞_CA-1,0.19197142124176025
RTS-GMLC,机组出力_221_CC_1,水电出力预测,5,光伏出力预测 + 调节上调需求,0.19040334224700928
RTS-GMLC,机组出力_221_CC_1,调节上调需求,1,光伏出力预测 + 调节下调需求,0.34227949380874634
RTS-GMLC,机组出力_221_CC_1,调节上调需求,2,风电出力预测 + 光伏出力预测,0.31890004873275757
RTS-GMLC,机组出力_221_CC_1,调节上调需求,3,风电出力预测 + 屋顶光伏预测,0.31778484582901
RTS-GMLC,机组出力_221_CC_1,调节上调需求,4,屋顶光伏预测 + 调节下调需求,0.3108443021774292
RTS-GMLC,机组出力_221_CC_1,调节上调需求,5,水电出力预测 + 调节下调需求,0.28037571907043457
RTS-GMLC,机组出力_221_CC_1,调节下调需求,1,风电出力预测 + 屋顶光伏预测,0.3244870901107788
RTS-GMLC,机组出力_221_CC_1,调节下调需求,2,光伏出力预测 + 调节上调需求,0.3140188455581665
RTS-GMLC,机组出力_221_CC_1,调节下调需求,3,风电出力预测 + 光伏出力预测,0.30970728397369385
RTS-GMLC,机组出力_221_CC_1,调节下调需求,4,屋顶光伏预测 + 调节上调需求,0.2974652051925659
RTS-GMLC,机组出力_221_CC_1,调节下调需求,5,风电出力预测 + 调节上调需求,0.2587757706642151
RTS-GMLC,机组出力_221_CC_1,旋转备用需求,1,光伏出力预测 + 调节下调需求,0.6041425466537476
RTS-GMLC,机组出力_221_CC_1,旋转备用需求,2,屋顶光伏预测,0.6004676222801208
RTS-GMLC,机组出力_221_CC_1,旋转备用需求,3,屋顶光伏预测 + 阻塞_CA-1,0.5976887345314026
RTS-GMLC,机组出力_221_CC_1,旋转备用需求,4,光伏出力预测 + 调节上调需求,0.5887934565544128
RTS-GMLC,机组出力_221_CC_1,旋转备用需求,5,屋顶光伏预测 + 调节上调需求,0.5881322026252747
RTS-GMLC,机组出力_221_CC_1,系统电能价格,1,∅,0.9837035536766052
RTS-GMLC,机组出力_221_CC_1,系统电能价格,2,阻塞_CA-1,0.9767848253250122
RTS-GMLC,机组出力_221_CC_1,系统电能价格,3,调节下调需求,0.9685346484184265
RTS-GMLC,机组出力_221_CC_1,系统电能价格,4,调节下调需求 + 阻塞_CA-1,0.9569731950759888
RTS-GMLC,机组出力_221_CC_1,系统电能价格,5,阻塞_C29,0.9448291659355164
RTS-GMLC,机组出力_221_CC_1,节点电价_116,1,∅,0.97602379322052
RTS-GMLC,机组出力_221_CC_1,节点电价_116,2,阻塞_CA-1,0.9716038703918457
RTS-GMLC,机组出力_221_CC_1,节点电价_116,3,调节下调需求,0.9608548879623413
RTS-GMLC,机组出力_221_CC_1,节点电价_116,4,调节下调需求 + 阻塞_CA-1,0.9517922401428223
RTS-GMLC,机组出力_221_CC_1,节点电价_116,5,阻塞_C29,0.9371374249458313
RTS-GMLC,机组出力_221_CC_1,节点电价_121,1,∅,0.9579240083694458
RTS-GMLC,机组出力_221_CC_1,节点电价_121,2,阻塞_CA-1,0.9560093879699707
RTS-GMLC,机组出力_221_CC_1,节点电价_121,3,调节下调需求,0.9427551031112671
RTS-GMLC,机组出力_221_CC_1,节点电价_121,4,调节下调需求 + 阻塞_CA-1,0.9361977577209473
RTS-GMLC,机组出力_221_CC_1,节点电价_121,5,阻塞_C29 + 阻塞_CA-1,0.9193227887153625
RTS-GMLC,机组出力_221_CC_1,节点电价_215,1,∅,0.9872276186943054
RTS-GMLC,机组出力_221_CC_1,节点电价_215,2,阻塞_CA-1,0.9816828966140747
RTS-GMLC,机组出力_221_CC_1,节点电价_215,3,调节下调需求,0.9720587134361267
RTS-GMLC,机组出力_221_CC_1,节点电价_215,4,调节下调需求 + 阻塞_CA-1,0.9618712663650513
RTS-GMLC,机组出力_221_CC_1,节点电价_215,5,阻塞_C29,0.9483025670051575
RTS-GMLC,机组出力_221_CC_1,节点电价_223,1,∅,0.9751115441322327
RTS-GMLC,机组出力_221_CC_1,节点电价_223,2,阻塞_CA-1,0.968744158744812
RTS-GMLC,机组出力_221_CC_1,节点电价_223,3,调节下调需求,0.959942638874054
RTS-GMLC,机组出力_221_CC_1,节点电价_223,4,调节下调需求 + 阻塞_CA-1,0.9489325284957886
RTS-GMLC,机组出力_221_CC_1,节点电价_223,5,阻塞_C29,0.9364391565322876
RTS-GMLC,机组出力_221_CC_1,节点电价_303,1,阻塞_CA-1,0.930402398109436
RTS-GMLC,机组出力_221_CC_1,节点电价_303,2,∅,0.9245178699493408
RTS-GMLC,机组出力_221_CC_1,节点电价_303,3,调节下调需求,0.9105516672134399
RTS-GMLC,机组出力_221_CC_1,节点电价_303,4,调节下调需求 + 阻塞_CA-1,0.9042430520057678
RTS-GMLC,机组出力_221_CC_1,节点电价_303,5,阻塞_C29 + 阻塞_CA-1,0.8955659866333008
RTS-GMLC,机组出力_221_CC_1,节点电价_309,1,∅,0.8824855089187622
RTS-GMLC,机组出力_221_CC_1,节点电价_309,2,阻塞_CA-1,0.8799670934677124
RTS-GMLC,机组出力_221_CC_1,节点电价_309,3,阻塞_C29 + 阻塞_CA-1,0.8778561949729919
RTS-GMLC,机组出力_221_CC_1,节点电价_309,4,阻塞_C6 + 阻塞_CA-1,0.8728260397911072
RTS-GMLC,机组出力_221_CC_1,节点电价_309,5,阻塞_C29,0.8724212646484375
RTS-GMLC,机组出力_221_CC_1,节点电价_317,1,∅,0.9533858299255371
RTS-GMLC,机组出力_221_CC_1,节点电价_317,2,阻塞_CA-1,0.9518712759017944
RTS-GMLC,机组出力_221_CC_1,节点电价_317,3,调节下调需求,0.9361551403999329
RTS-GMLC,机组出力_221_CC_1,节点电价_317,4,调节下调需求 + 阻塞_CA-1,0.9283155798912048
RTS-GMLC,机组出力_221_CC_1,节点电价_317,5,阻塞_C29 + 阻塞_CA-1,0.9148294925689697
RTS-GMLC,机组出力_221_CC_1,节点电价_318,1,∅,0.9336972236633301
RTS-GMLC,机组出力_221_CC_1,节点电价_318,2,阻塞_CA-1,0.9284700751304626
RTS-GMLC,机组出力_221_CC_1,节点电价_318,3,调节下调需求,0.9185283184051514
RTS-GMLC,机组出力_221_CC_1,节点电价_318,4,阻塞_C29 + 阻塞_CA-1,0.9162359833717346
RTS-GMLC,机组出力_221_CC_1,节点电价_318,5,阻塞_C29,0.9083062410354614
RTS-GMLC,机组出力_221_CC_1,节点电价_325,1,阻塞_CA-1,0.9343001246452332
RTS-GMLC,机组出力_221_CC_1,节点电价_325,2,∅,0.9252405166625977
RTS-GMLC,机组出力_221_CC_1,节点电价_325,3,调节下调需求,0.910071611404419
RTS-GMLC,机组出力_221_CC_1,节点电价_325,4,调节下调需求 + 阻塞_CA-1,0.9099951982498169
RTS-GMLC,机组出力_221_CC_1,节点电价_325,5,阻塞_C29 + 阻塞_CA-1,0.8980860710144043
RTS-GMLC,机组出力_221_CC_1,阻塞_C6,1,光伏出力预测 + 调节下调需求,0.14814305305480957
RTS-GMLC,机组出力_221_CC_1,阻塞_C6,2,光伏出力预测 + 调节上调需求,0.14081501960754395
RTS-GMLC,机组出力_221_CC_1,阻塞_C6,3,屋顶光伏预测 + 调节下调需求,0.12936802208423615
RTS-GMLC,机组出力_221_CC_1,阻塞_C6,4,屋顶光伏预测 + 调节上调需求,0.12759004533290863
RTS-GMLC,机组出力_221_CC_1,阻塞_C6,5,负荷预测_区3 + 光伏出力预测,0.12734699249267578
RTS-GMLC,机组出力_221_CC_1,阻塞_C29,1,光伏出力预测 + 调节上调需求,0.06370574235916138
RTS-GMLC,机组出力_221_CC_1,阻塞_C29,2,光伏出力预测 + 调节下调需求,0.057340919971466064
RTS-GMLC,机组出力_221_CC_1,阻塞_C29,3,屋顶光伏预测 + 调节上调需求,0.05633281171321869
RTS-GMLC,机组出力_221_CC_1,阻塞_C29,4,屋顶光伏预测 + 调节下调需求,0.05413639545440674
RTS-GMLC,机组出力_221_CC_1,阻塞_C29,5,调节上调需求,0.0515446662902832
RTS-GMLC,机组出力_221_CC_1,阻塞_CA-1,1,负荷预测_区1 + 负荷预测_区3,0.034038245677948
RTS-GMLC,机组出力_221_CC_1,阻塞_CA-1,2,负荷预测_区3 + 旋转备用需求,0.03392571210861206
RTS-GMLC,机组出力_221_CC_1,阻塞_CA-1,3,负荷预测_区2 + 负荷预测_区3,0.0300634503364563
RTS-GMLC,机组出力_221_CC_1,阻塞_CA-1,4,负荷预测_区1 + 水电出力预测,0.028942584991455078
RTS-GMLC,机组出力_221_CC_1,阻塞_CA-1,5,负荷预测_区2 + 旋转备用需求,0.02506256103515625
RTS-GMLC,线路潮流_C35,负荷预测_区1,1,节点电价_223,0.33032432198524475
RTS-GMLC,线路潮流_C35,负荷预测_区1,2,风电出力预测 + 节点电价_223,0.32660049200057983
RTS-GMLC,线路潮流_C35,负荷预测_区1,3,节点电价_303 + 阻塞_C29,0.3260708749294281
RTS-GMLC,线路潮流_C35,负荷预测_区1,4,风电出力预测 + 节点电价_318,0.3253978490829468
RTS-GMLC,线路潮流_C35,负荷预测_区1,5,节点电价_223 + 阻塞_C6,0.32385382056236267
RTS-GMLC,线路潮流_C35,负荷预测_区2,1,风电出力预测 + 节点电价_223,0.3166801333427429
RTS-GMLC,线路潮流_C35,负荷预测_区2,2,节点电价_303,0.31607940793037415
RTS-GMLC,线路潮流_C35,负荷预测_区2,3,节点电价_303 + 阻塞_C29,0.3156825602054596
RTS-GMLC,线路潮流_C35,负荷预测_区2,4,节点电价_223 + 阻塞_C6,0.3146776258945465
RTS-GMLC,线路潮流_C35,负荷预测_区2,5,节点电价_223,0.3131166398525238
RTS-GMLC,线路潮流_C35,负荷预测_区3,1,风电出力预测 + 节点电价_309,0.16634100675582886
RTS-GMLC,线路潮流_C35,负荷预测_区3,2,风电出力预测 + 节点电价_318,0.1642637848854065
RTS-GMLC,线路潮流_C35,负荷预测_区3,3,风电出力预测 + 节点电价_303,0.1631706953048706
RTS-GMLC,线路潮流_C35,负荷预测_区3,4,风电出力预测 + 节点电价_223,0.1592167615890503
RTS-GMLC,线路潮流_C35,负荷预测_区3,5,风电出力预测 + 节点电价_317,0.14913737773895264
RTS-GMLC,线路潮流_C35,风电出力预测,1,调节下调需求 + 旋转备用需求,0.26124411821365356
RTS-GMLC,线路潮流_C35,风电出力预测,2,负荷预测_区1 + 调节下调需求,0.24761101603507996
RTS-GMLC,线路潮流_C35,风电出力预测,3,负荷预测_区3 + 调节下调需求,0.24459466338157654
RTS-GMLC,线路潮流_C35,风电出力预测,4,调节上调需求 + 旋转备用需求,0.242104172706604
RTS-GMLC,线路潮流_C35,风电出力预测,5,负荷预测_区2 + 调节上调需求,0.2397288680076599
RTS-GMLC,线路潮流_C35,光伏出力预测,1,阻塞_C6,0.5848245024681091
RTS-GMLC,线路潮流_C35,光伏出力预测,2,风电出力预测 + 阻塞_C6,0.5815920829772949
RTS-GMLC,线路潮流_C35,光伏出力预测,3,负荷预测_区3 + 阻塞_C6,0.5701993107795715
RTS-GMLC,线路潮流_C35,光伏出力预测,4,风电出力预测,0.5670925378799438
RTS-GMLC,线路潮流_C35,光伏出力预测,5,阻塞_C6 + 阻塞_C29,0.5582509636878967
RTS-GMLC,线路潮流_C35,屋顶光伏预测,1,风电出力预测 + 阻塞_C6,0.5978615880012512
RTS-GMLC,线路潮流_C35,屋顶光伏预测,2,负荷预测_区3 + 阻塞_C6,0.5891753435134888
RTS-GMLC,线路潮流_C35,屋顶光伏预测,3,阻塞_C6,0.5885048508644104
RTS-GMLC,线路潮流_C35,屋顶光伏预测,4,风电出力预测,0.5813941359519958
RTS-GMLC,线路潮流_C35,屋顶光伏预测,5,风电出力预测 + 阻塞_C29,0.5648752450942993
RTS-GMLC,线路潮流_C35,水电出力预测,1,风电出力预测 + 阻塞_C6,0.15150338411331177
RTS-GMLC,线路潮流_C35,水电出力预测,2,风电出力预测 + 节点电价_303,0.13183468580245972
RTS-GMLC,线路潮流_C35,水电出力预测,3,节点电价_303 + 阻塞_CA-1,0.13080161809921265
RTS-GMLC,线路潮流_C35,水电出力预测,4,系统电能价格 + 节点电价_318,0.12945151329040527
RTS-GMLC,线路潮流_C35,水电出力预测,5,风电出力预测,0.12827032804489136
RTS-GMLC,线路潮流_C35,调节上调需求,1,风电出力预测 + 旋转备用需求,0.3421006202697754
RTS-GMLC,线路潮流_C35,调节上调需求,2,负荷预测_区2 + 风电出力预测,0.3300820589065552
RTS-GMLC,线路潮流_C35,调节上调需求,3,负荷预测_区3 + 风电出力预测,0.3295586109161377
RTS-GMLC,线路潮流_C35,调节上调需求,4,风电出力预测 + 阻塞_C6,0.30538779497146606
RTS-GMLC,线路潮流_C35,调节上调需求,5,风电出力预测,0.2879772186279297
RTS-GMLC,线路潮流_C35,调节下调需求,1,风电出力预测 + 旋转备用需求,0.32412564754486084
RTS-GMLC,线路潮流_C35,调节下调需求,2,负荷预测_区2 + 风电出力预测,0.30952781438827515
RTS-GMLC,线路潮流_C35,调节下调需求,3,负荷预测_区3 + 风电出力预测,0.2815001606941223
RTS-GMLC,线路潮流_C35,调节下调需求,4,风电出力预测 + 阻塞_C6,0.26834607124328613
RTS-GMLC,线路潮流_C35,调节下调需求,5,风电出力预测 + 节点电价_318,0.261835515499115
RTS-GMLC,线路潮流_C35,旋转备用需求,1,节点电价_303 + 阻塞_C29,0.28702452778816223
RTS-GMLC,线路潮流_C35,旋转备用需求,2,风电出力预测 + 节点电价_223,0.28452569246292114
RTS-GMLC,线路潮流_C35,旋转备用需求,3,风电出力预测 + 节点电价_318,0.2843055725097656
RTS-GMLC,线路潮流_C35,旋转备用需求,4,节点电价_223,0.2840019762516022
RTS-GMLC,线路潮流_C35,旋转备用需求,5,节点电价_303,0.28362444043159485
RTS-GMLC,线路潮流_C35,系统电能价格,1,负荷预测_区1,0.6983888745307922
RTS-GMLC,线路潮流_C35,系统电能价格,2,负荷预测_区2,0.6975162029266357
RTS-GMLC,线路潮流_C35,系统电能价格,3,负荷预测_区3 + 旋转备用需求,0.6962382197380066
RTS-GMLC,线路潮流_C35,系统电能价格,4,旋转备用需求,0.689763069152832
RTS-GMLC,线路潮流_C35,系统电能价格,5,负荷预测_区1 + 水电出力预测,0.6755905151367188
RTS-GMLC,线路潮流_C35,节点电价_116,1,负荷预测_区1,0.6918640732765198
RTS-GMLC,线路潮流_C35,节点电价_116,2,负荷预测_区2,0.6896364688873291
RTS-GMLC,线路潮流_C35,节点电价_116,3,负荷预测_区3 + 旋转备用需求,0.6845424175262451
RTS-GMLC,线路潮流_C35,节点电价_116,4,旋转备用需求,0.6842060089111328
RTS-GMLC,线路潮流_C35,节点电价_116,5,负荷预测_区1 + 水电出力预测,0.6704472899436951
RTS-GMLC,线路潮流_C35,节点电价_121,1,负荷预测_区1,0.6811395287513733
RTS-GMLC,线路潮流_C35,节点电价_121,2,负荷预测_区2,0.6805323958396912
RTS-GMLC,线路潮流_C35,节点电价_121,3,负荷预测_区3 + 旋转备用需求,0.674761176109314
RTS-GMLC,线路潮流_C35,节点电价_121,4,旋转备用需求,0.6720059514045715
RTS-GMLC,线路潮流_C35,节点电价_121,5,负荷预测_区2 + 阻塞_C6,0.669647753238678
RTS-GMLC,线路潮流_C35,节点电价_215,1,负荷预测_区2,0.7047610282897949
RTS-GMLC,线路潮流_C35,节点电价_215,2,负荷预测_区1,0.7031949162483215
RTS-GMLC,线路潮流_C35,节点电价_215,3,负荷预测_区3 + 旋转备用需求,0.6986466646194458
RTS-GMLC,线路潮流_C35,节点电价_215,4,旋转备用需求,0.6931447982788086
RTS-GMLC,线路潮流_C35,节点电价_215,5,负荷预测_区1 + 水电出力预测,0.6808863878250122
RTS-GMLC,线路潮流_C35,节点电价_223,1,负荷预测_区1,0.6945525407791138
RTS-GMLC,线路潮流_C35,节点电价_223,2,负荷预测_区3 + 旋转备用需求,0.694297194480896
RTS-GMLC,线路潮流_C35,节点电价_223,3,负荷预测_区2,0.6912214756011963
RTS-GMLC,线路潮流_C35,节点电价_223,4,旋转备用需求,0.6808273196220398
RTS-GMLC,线路潮流_C35,节点电价_223,5,负荷预测_区1 + 负荷预测_区3,0.6749312877655029
RTS-GMLC,线路潮流_C35,节点电价_303,1,负荷预测_区2 + 阻塞_C6,0.6445023417472839
RTS-GMLC,线路潮流_C35,节点电价_303,2,旋转备用需求 + 阻塞_C6,0.6217439770698547
RTS-GMLC,线路潮流_C35,节点电价_303,3,负荷预测_区1 + 阻塞_C6,0.6098188757896423
RTS-GMLC,线路潮流_C35,节点电价_303,4,负荷预测_区2,0.583480179309845
RTS-GMLC,线路潮流_C35,节点电价_303,5,负荷预测_区3 + 旋转备用需求,0.5777879953384399
RTS-GMLC,线路潮流_C35,节点电价_309,1,负荷预测_区2,0.7091646790504456
RTS-GMLC,线路潮流_C35,节点电价_309,2,负荷预测_区3 + 旋转备用需求,0.7084257006645203
RTS-GMLC,线路潮流_C35,节点电价_309,3,负荷预测_区1,0.7040688395500183
RTS-GMLC,线路潮流_C35,节点电价_309,4,旋转备用需求,0.6979004144668579
RTS-GMLC,线路潮流_C35,节点电价_309,5,负荷预测_区1 + 负荷预测_区3,0.6905036568641663
RTS-GMLC,线路潮流_C35,节点电价_317,1,负荷预测_区1,0.705078125
RTS-GMLC,线路潮流_C35,节点电价_317,2,负荷预测_区2,0.7004683613777161
RTS-GMLC,线路潮流_C35,节点电价_317,3,旋转备用需求,0.700455367565155
RTS-GMLC,线路潮流_C35,节点电价_317,4,负荷预测_区3 + 旋转备用需求,0.6976704597473145
RTS-GMLC,线路潮流_C35,节点电价_317,5,负荷预测_区2 + 阻塞_C6,0.6823263168334961
RTS-GMLC,线路潮流_C35,节点电价_318,1,负荷预测_区2 + 阻塞_C6,0.6552475094795227
RTS-GMLC,线路潮流_C35,节点电价_318,2,负荷预测_区1,0.6540212631225586
RTS-GMLC,线路潮流_C35,节点电价_318,3,负荷预测_区2,0.6473169922828674
RTS-GMLC,线路潮流_C35,节点电价_318,4,旋转备用需求,0.6435620188713074
RTS-GMLC,线路潮流_C35,节点电价_318,5,负荷预测_区3 + 旋转备用需求,0.6424537897109985
RTS-GMLC,线路潮流_C35,节点电价_325,1,负荷预测_区2,0.6975196599960327
RTS-GMLC,线路潮流_C35,节点电价_325,2,负荷预测_区1,0.6928654909133911
RTS-GMLC,线路潮流_C35,节点电价_325,3,旋转备用需求,0.6924840211868286
RTS-GMLC,线路潮流_C35,节点电价_325,4,负荷预测_区2 + 阻塞_C6,0.6920208930969238
RTS-GMLC,线路潮流_C35,节点电价_325,5,负荷预测_区3 + 旋转备用需求,0.6846988201141357
RTS-GMLC,线路潮流_C35,阻塞_C6,1,节点电价_303 + 阻塞_C29,0.11719346046447754
RTS-GMLC,线路潮流_C35,阻塞_C6,2,节点电价_303 + 阻塞_CA-1,0.11230260133743286
RTS-GMLC,线路潮流_C35,阻塞_C6,3,负荷预测_区2 + 光伏出力预测,0.11197394132614136
RTS-GMLC,线路潮流_C35,阻塞_C6,4,节点电价_303,0.11124363541603088
RTS-GMLC,线路潮流_C35,阻塞_C6,5,负荷预测_区2 + 屋顶光伏预测,0.11108583211898804
RTS-GMLC,线路潮流_C35,阻塞_C29,1,负荷预测_区1 + 旋转备用需求,0.0788387656211853
RTS-GMLC,线路潮流_C35,阻塞_C29,2,负荷预测_区3 + 旋转备用需求,0.07843106985092163
RTS-GMLC,线路潮流_C35,阻塞_C29,3,水电出力预测 + 旋转备用需求,0.07767629623413086
RTS-GMLC,线路潮流_C35,阻塞_C29,4,负荷预测_区1 + 负荷预测_区3,0.07749801874160767
RTS-GMLC,线路潮流_C35,阻塞_C29,5,负荷预测_区1 + 水电出力预测,0.07641291618347168
RTS-GMLC,线路潮流_C35,阻塞_CA-1,1,负荷预测_区3 + 阻塞_C6,0.11837249994277954
RTS-GMLC,线路潮流_C35,阻塞_CA-1,2,负荷预测_区3,0.11120463907718658
RTS-GMLC,线路潮流_C35,阻塞_CA-1,3,∅,0.10932266712188721
RTS-GMLC,线路潮流_C35,阻塞_CA-1,4,水电出力预测,0.10452622175216675
RTS-GMLC,线路潮流_C35,阻塞_CA-1,5,负荷预测_区3 + 阻塞_C29,0.10291942954063416
NEM,机组出力_BW01,实际需求_新南威尔士,1,可用发电容量_昆士兰 + 可用发电容量_塔斯马尼亚,0.5194571018218994
NEM,机组出力_BW01,实际需求_新南威尔士,2,可用发电容量_昆士兰 + 风电出力预测_南澳,0.5040500164031982
NEM,机组出力_BW01,实际需求_新南威尔士,3,可用发电容量_昆士兰,0.5034388303756714
NEM,机组出力_BW01,实际需求_新南威尔士,4,可用发电容量_昆士兰 + 风电出力预测_塔斯马尼亚,0.503002405166626
NEM,机组出力_BW01,实际需求_新南威尔士,5,可用发电容量_昆士兰 + 风电出力预测_维多利亚,0.4925342798233032
NEM,机组出力_BW01,实际需求_昆士兰,1,可用发电容量_昆士兰 + 联络线潮流_NSW1-QLD1,0.39384859800338745
NEM,机组出力_BW01,实际需求_昆士兰,2,可用发电容量_昆士兰 + 可用发电容量_塔斯马尼亚,0.3808119297027588
NEM,机组出力_BW01,实际需求_昆士兰,3,可用发电容量_昆士兰 + 风电出力预测_塔斯马尼亚,0.36838918924331665
NEM,机组出力_BW01,实际需求_昆士兰,4,可用发电容量_昆士兰 + 风电出力预测_南澳,0.36365437507629395
NEM,机组出力_BW01,实际需求_昆士兰,5,可用发电容量_昆士兰,0.36173999309539795
NEM,机组出力_BW01,实际需求_维多利亚,1,可用发电容量_塔斯马尼亚 + 联络线潮流_NSW1-QLD1,0.2787785530090332
NEM,机组出力_BW01,实际需求_维多利亚,2,可用发电容量_南澳 + 联络线潮流_NSW1-QLD1,0.27520328760147095
NEM,机组出力_BW01,实际需求_维多利亚,3,风电出力预测_维多利亚 + 联络线潮流_NSW1-QLD1,0.27249231934547424
NEM,机组出力_BW01,实际需求_维多利亚,4,风电出力预测_南澳 + 联络线潮流_NSW1-QLD1,0.2671317458152771
NEM,机组出力_BW01,实际需求_维多利亚,5,可用发电容量_维多利亚 + 联络线潮流_NSW1-QLD1,0.26631587743759155
NEM,机组出力_BW01,实际需求_南澳,1,可用发电容量_南澳 + 可用发电容量_塔斯马尼亚,0.3185855746269226
NEM,机组出力_BW01,实际需求_南澳,2,可用发电容量_塔斯马尼亚 + 风电出力预测_南澳,0.303192138671875
NEM,机组出力_BW01,实际需求_南澳,3,可用发电容量_塔斯马尼亚 + 风电出力预测_维多利亚,0.303129643201828
NEM,机组出力_BW01,实际需求_南澳,4,可用发电容量_塔斯马尼亚,0.302562952041626
NEM,机组出力_BW01,实际需求_南澳,5,可用发电容量_昆士兰 + 可用发电容量_塔斯马尼亚,0.3008323907852173
NEM,机组出力_BW01,实际需求_塔斯马尼亚,1,可用发电容量_昆士兰 + 联络线潮流_NSW1-QLD1,0.14491140842437744
NEM,机组出力_BW01,实际需求_塔斯马尼亚,2,可用发电容量_维多利亚 + 联络线潮流_NSW1-QLD1,0.13498717546463013
NEM,机组出力_BW01,实际需求_塔斯马尼亚,3,可用发电容量_塔斯马尼亚 + 联络线潮流_NSW1-QLD1,0.12679731845855713
NEM,机组出力_BW01,实际需求_塔斯马尼亚,4,风电出力预测_维多利亚 + 联络线潮流_NSW1-QLD1,0.12336805462837219
NEM,机组出力_BW01,实际需求_塔斯马尼亚,5,可用发电容量_昆士兰 + 可用发电容量_塔斯马尼亚,0.1222425103187561
NEM,机组出力_BW01,可用发电容量_新南威尔士,1,实际需求_塔斯马尼亚 + 出清价_塔斯马尼亚,0.2310519516468048
NEM,机组出力_BW01,可用发电容量_新南威尔士,2,实际需求_塔斯马尼亚 + 风电出力预测_塔斯马尼亚,0.21336111426353455
NEM,机组出力_BW01,可用发电容量_新南威尔士,3,可用发电容量_南澳 + 可用发电容量_塔斯马尼亚,0.21152400970458984
NEM,机组出力_BW01,可用发电容量_新南威尔士,4,可用发电容量_塔斯马尼亚 + 风电出力预测_塔斯马尼亚,0.21082478761672974
NEM,机组出力_BW01,可用发电容量_新南威尔士,5,可用发电容量_南澳 + 联络线潮流_NSW1-QLD1,0.20966047048568726
NEM,机组出力_BW01,可用发电容量_昆士兰,1,实际需求_昆士兰 + 联络线潮流_NSW1-QLD1,0.14197701215744019
NEM,机组出力_BW01,可用发电容量_昆士兰,2,实际需求_新南威尔士 + 可用发电容量_塔斯马尼亚,0.14112913608551025
NEM,机组出力_BW01,可用发电容量_昆士兰,3,实际需求_塔斯马尼亚 + 出清价_塔斯马尼亚,0.14084619283676147
NEM,机组出力_BW01,可用发电容量_昆士兰,4,实际需求_新南威尔士 + 风电出力预测_维多利亚,0.13780856132507324
NEM,机组出力_BW01,可用发电容量_昆士兰,5,实际需求_新南威尔士 + 风电出力预测_南澳,0.12983888387680054
NEM,机组出力_BW01,可用发电容量_维多利亚,1,可用发电容量_南澳 + 联络线潮流_NSW1-QLD1,0.12535840272903442
NEM,机组出力_BW01,可用发电容量_维多利亚,2,实际需求_塔斯马尼亚 + 风电出力预测_维多利亚,0.11920231580734253
NEM,机组出力_BW01,可用发电容量_维多利亚,3,可用发电容量_塔斯马尼亚 + 风电出力预测_南澳,0.1121978759765625
NEM,机组出力_BW01,可用发电容量_维多利亚,4,风电出力预测_维多利亚 + 联络线潮流_NSW1-QLD1,0.1113150417804718
NEM,机组出力_BW01,可用发电容量_维多利亚,5,实际需求_塔斯马尼亚 + 联络线潮流_VIC1-NSW1,0.10941912233829498
NEM,机组出力_BW01,可用发电容量_南澳,1,可用发电容量_维多利亚 + 联络线潮流_V-SA,0.09436102956533432
NEM,机组出力_BW01,可用发电容量_南澳,2,可用发电容量_塔斯马尼亚 + 联络线潮流_V-SA,0.08496227860450745
NEM,机组出力_BW01,可用发电容量_南澳,3,可用发电容量_昆士兰 + 风电出力预测_南澳,0.08325308561325073
NEM,机组出力_BW01,可用发电容量_南澳,4,可用发电容量_昆士兰 + 联络线潮流_V-SA,0.07523339986801147
NEM,机组出力_BW01,可用发电容量_南澳,5,风电出力预测_新南威尔士 + 风电出力预测_南澳,0.06794392317533493
NEM,机组出力_BW01,可用发电容量_塔斯马尼亚,1,实际需求_塔斯马尼亚 + 出清价_塔斯马尼亚,0.09365540742874146
NEM,机组出力_BW01,可用发电容量_塔斯马尼亚,2,可用发电容量_昆士兰 + 风电出力预测_塔斯马尼亚,0.06356924772262573
NEM,机组出力_BW01,可用发电容量_塔斯马尼亚,3,可用发电容量_新南威尔士 + 光伏出力预测_昆士兰,0.060835033655166626
NEM,机组出力_BW01,可用发电容量_塔斯马尼亚,4,可用发电容量_南澳 + 风电出力预测_塔斯马尼亚,0.06008875370025635
NEM,机组出力_BW01,可用发电容量_塔斯马尼亚,5,可用发电容量_维多利亚 + 风电出力预测_塔斯马尼亚,0.05870626121759415
NEM,机组出力_BW01,风电出力预测_新南威尔士,1,实际需求_塔斯马尼亚 + 出清价_塔斯马尼亚,0.12431907653808594
NEM,机组出力_BW01,风电出力预测_新南威尔士,2,可用发电容量_塔斯马尼亚 + 联络线潮流_NSW1-QLD1,0.08643043041229248
NEM,机组出力_BW01,风电出力预测_新南威尔士,3,风电出力预测_塔斯马尼亚 + 联络线潮流_NSW1-QLD1,0.0815688967704773
NEM,机组出力_BW01,风电出力预测_新南威尔士,4,实际需求_塔斯马尼亚 + 风电出力预测_塔斯马尼亚,0.07939901947975159
NEM,机组出力_BW01,风电出力预测_新南威尔士,5,可用发电容量_昆士兰 + 可用发电容量_塔斯马尼亚,0.07567614316940308
NEM,机组出力_BW01,风电出力预测_昆士兰,1,实际需求_塔斯马尼亚 + 出清价_塔斯马尼亚,0.10169398784637451
NEM,机组出力_BW01,风电出力预测_昆士兰,2,风电出力预测_新南威尔士 + 风电出力预测_南澳,0.07414042204618454
NEM,机组出力_BW01,风电出力预测_昆士兰,3,风电出力预测_新南威尔士 + 风电出力预测_维多利亚,0.07258837670087814
NEM,机组出力_BW01,风电出力预测_昆士兰,4,风电出力预测_南澳 + 风电出力预测_塔斯马尼亚,0.06988257169723511
NEM,机组出力_BW01,风电出力预测_昆士兰,5,可用发电容量_塔斯马尼亚 + 风电出力预测_塔斯马尼亚,0.06932634115219116
NEM,机组出力_BW01,风电出力预测_维多利亚,1,实际需求_塔斯马尼亚 + 出清价_塔斯马尼亚,0.10697536170482635
NEM,机组出力_BW01,风电出力预测_维多利亚,2,可用发电容量_维多利亚 + 出清价_塔斯马尼亚,0.08710023760795593
NEM,机组出力_BW01,风电出力预测_维多利亚,3,可用发电容量_塔斯马尼亚 + 出清价_南澳,0.07876646518707275
NEM,机组出力_BW01,风电出力预测_维多利亚,4,可用发电容量_昆士兰 + 可用发电容量_塔斯马尼亚,0.07803910970687866
NEM,机组出力_BW01,风电出力预测_维多利亚,5,可用发电容量_塔斯马尼亚 + 出清价_维多利亚,0.07462063431739807
NEM,机组出力_BW01,风电出力预测_南澳,1,实际需求_塔斯马尼亚 + 出清价_塔斯马尼亚,0.1052924394607544
NEM,机组出力_BW01,风电出力预测_南澳,2,出清价_南澳 + 联络线潮流_V-SA,0.09965787827968597
NEM,机组出力_BW01,风电出力预测_南澳,3,出清价_塔斯马尼亚 + 联络线潮流_V-SA,0.09926009178161621
NEM,机组出力_BW01,风电出力预测_南澳,4,出清价_南澳 + 出清价_塔斯马尼亚,0.09585312008857727
NEM,机组出力_BW01,风电出力预测_南澳,5,可用发电容量_维多利亚 + 联络线潮流_V-SA,0.09570003300905228
NEM,机组出力_BW01,风电出力预测_塔斯马尼亚,1,实际需求_塔斯马尼亚 + 出清价_塔斯马尼亚,0.10717219114303589
NEM,机组出力_BW01,风电出力预测_塔斯马尼亚,2,可用发电容量_昆士兰 + 可用发电容量_塔斯马尼亚,0.07002931833267212
NEM,机组出力_BW01,风电出力预测_塔斯马尼亚,3,可用发电容量_塔斯马尼亚 + 联络线潮流_V-SA,0.06996086239814758
NEM,机组出力_BW01,风电出力预测_塔斯马尼亚,4,可用发电容量_南澳 + 可用发电容量_塔斯马尼亚,0.06274735927581787
NEM,机组出力_BW01,风电出力预测_塔斯马尼亚,5,可用发电容量_维多利亚 + 可用发电容量_塔斯马尼亚,0.061081886291503906
NEM,机组出力_BW01,光伏出力预测_新南威尔士,1,可用发电容量_昆士兰 + 可用发电容量_塔斯马尼亚,0.39421069622039795
NEM,机组出力_BW01,光伏出力预测_新南威尔士,2,可用发电容量_塔斯马尼亚 + 风电出力预测_塔斯马尼亚,0.3703080415725708
NEM,机组出力_BW01,光伏出力预测_新南威尔士,3,可用发电容量_南澳 + 可用发电容量_塔斯马尼亚,0.37024807929992676
NEM,机组出力_BW01,光伏出力预测_新南威尔士,4,可用发电容量_昆士兰 + 风电出力预测_塔斯马尼亚,0.366973340511322
NEM,机组出力_BW01,光伏出力预测_新南威尔士,5,可用发电容量_塔斯马尼亚,0.3667370676994324
NEM,机组出力_BW01,光伏出力预测_昆士兰,1,可用发电容量_塔斯马尼亚 + 风电出力预测_塔斯马尼亚,0.4125232696533203
NEM,机组出力_BW01,光伏出力预测_昆士兰,2,可用发电容量_南澳 + 可用发电容量_塔斯马尼亚,0.41086050868034363
NEM,机组出力_BW01,光伏出力预测_昆士兰,3,可用发电容量_塔斯马尼亚,0.4097658395767212
NEM,机组出力_BW01,光伏出力预测_昆士兰,4,可用发电容量_塔斯马尼亚 + 风电出力预测_南澳,0.4060058891773224
NEM,机组出力_BW01,光伏出力预测_昆士兰,5,可用发电容量_昆士兰 + 可用发电容量_塔斯马尼亚,0.40480321645736694
NEM,机组出力_BW01,光伏出力预测_维多利亚,1,风电出力预测_新南威尔士 + 风电出力预测_塔斯马尼亚,0.3053653836250305
NEM,机组出力_BW01,光伏出力预测_维多利亚,2,可用发电容量_塔斯马尼亚 + 风电出力预测_新南威尔士,0.30514490604400635
NEM,机组出力_BW01,光伏出力预测_维多利亚,3,可用发电容量_塔斯马尼亚,0.3033139705657959
NEM,机组出力_BW01,光伏出力预测_维多利亚,4,风电出力预测_南澳 + 风电出力预测_塔斯马尼亚,0.3020125925540924
NEM,机组出力_BW01,光伏出力预测_维多利亚,5,可用发电容量_塔斯马尼亚 + 风电出力预测_塔斯马尼亚,0.3013775050640106
NEM,机组出力_BW01,光伏出力预测_南澳,1,可用发电容量_南澳 + 可用发电容量_塔斯马尼亚,0.299344539642334
NEM,机组出力_BW01,光伏出力预测_南澳,2,可用发电容量_昆士兰 + 可用发电容量_塔斯马尼亚,0.2946632504463196
NEM,机组出力_BW01,光伏出力预测_南澳,3,可用发电容量_塔斯马尼亚,0.29208993911743164
NEM,机组出力_BW01,光伏出力预测_南澳,4,可用发电容量_塔斯马尼亚 + 风电出力预测_塔斯马尼亚,0.2911102771759033
NEM,机组出力_BW01,光伏出力预测_南澳,5,可用发电容量_塔斯马尼亚 + 风电出力预测_南澳,0.2906651198863983
NEM,机组出力_BW01,出清价_新南威尔士,1,可用发电容量_塔斯马尼亚 + 风电出力预测_南澳,0.4641075134277344
NEM,机组出力_BW01,出清价_新南威尔士,2,风电出力预测_塔斯马尼亚,0.46318140625953674
NEM,机组出力_BW01,出清价_新南威尔士,3,风电出力预测_南澳,0.4620979428291321
NEM,机组出力_BW01,出清价_新南威尔士,4,风电出力预测_南澳 + 风电出力预测_塔斯马尼亚,0.46144646406173706
NEM,机组出力_BW01,出清价_新南威尔士,5,风电出力预测_南澳 + 联络线潮流_NSW1-QLD1,0.4580218195915222
NEM,机组出力_BW01,出清价_昆士兰,1,可用发电容量_塔斯马尼亚,0.4983729124069214
NEM,机组出力_BW01,出清价_昆士兰,2,可用发电容量_塔斯马尼亚 + 风电出力预测_南澳,0.4967389702796936
NEM,机组出力_BW01,出清价_昆士兰,3,风电出力预测_塔斯马尼亚,0.496322900056839
NEM,机组出力_BW01,出清价_昆士兰,4,∅,0.4933544993400574
NEM,机组出力_BW01,出清价_昆士兰,5,可用发电容量_南澳 + 可用发电容量_塔斯马尼亚,0.4892708659172058
NEM,机组出力_BW01,出清价_维多利亚,1,风电出力预测_南澳 + 联络线潮流_NSW1-QLD1,0.3266391158103943
NEM,机组出力_BW01,出清价_维多利亚,2,可用发电容量_塔斯马尼亚 + 风电出力预测_南澳,0.321001797914505
NEM,机组出力_BW01,出清价_维多利亚,3,风电出力预测_塔斯马尼亚 + 联络线潮流_NSW1-QLD1,0.31882715225219727
NEM,机组出力_BW01,出清价_维多利亚,4,风电出力预测_塔斯马尼亚 + 联络线潮流_VIC1-NSW1,0.3176874816417694
NEM,机组出力_BW01,出清价_维多利亚,5,风电出力预测_南澳 + 风电出力预测_塔斯马尼亚,0.31612569093704224
NEM,机组出力_BW01,出清价_南澳,1,可用发电容量_塔斯马尼亚 + 风电出力预测_南澳,0.33270540833473206
NEM,机组出力_BW01,出清价_南澳,2,风电出力预测_南澳 + 联络线潮流_NSW1-QLD1,0.32663267850875854
NEM,机组出力_BW01,出清价_南澳,3,风电出力预测_南澳 + 风电出力预测_塔斯马尼亚,0.32473692297935486
NEM,机组出力_BW01,出清价_南澳,4,可用发电容量_昆士兰 + 风电出力预测_南澳,0.31028348207473755
NEM,机组出力_BW01,出清价_南澳,5,风电出力预测_南澳 + 联络线潮流_VIC1-NSW1,0.30872678756713867
NEM,机组出力_BW01,出清价_塔斯马尼亚,1,风电出力预测_塔斯马尼亚 + 联络线潮流_NSW1-QLD1,0.23501190543174744
NEM,机组出力_BW01,出清价_塔斯马尼亚,2,联络线潮流_NSW1-QLD1 + 联络线潮流_VIC1-NSW1,0.23361599445343018
NEM,机组出力_BW01,出清价_塔斯马尼亚,3,风电出力预测_南澳 + 联络线潮流_NSW1-QLD1,0.227725088596344
NEM,机组出力_BW01,出清价_塔斯马尼亚,4,可用发电容量_塔斯马尼亚 + 联络线潮流_NSW1-QLD1,0.2245771288871765
NEM,机组出力_BW01,出清价_塔斯马尼亚,5,联络线潮流_NSW1-QLD1,0.21381083130836487
NEM,机组出力_BW01,联络线潮流_N-Q-MNSP1,1,可用发电容量_塔斯马尼亚 + 联络线潮流_NSW1-QLD1,0.27134591341018677
NEM,机组出力_BW01,联络线潮流_N-Q-MNSP1,2,风电出力预测_南澳 + 联络线潮流_NSW1-QLD1,0.2615309953689575
NEM,机组出力_BW01,联络线潮流_N-Q-MNSP1,3,联络线潮流_NSW1-QLD1 + 联络线潮流_VIC1-NSW1,0.2604227066040039
NEM,机组出力_BW01,联络线潮流_N-Q-MNSP1,4,风电出力预测_昆士兰 + 联络线潮流_NSW1-QLD1,0.2583243250846863
NEM,机组出力_BW01,联络线潮流_N-Q-MNSP1,5,可用发电容量_昆士兰 + 联络线潮流_NSW1-QLD1,0.25647109746932983
NEM,机组出力_BW01,联络线潮流_NSW1-QLD1,1,实际需求_塔斯马尼亚 + 出清价_塔斯马尼亚,0.19496116042137146
NEM,机组出力_BW01,联络线潮流_NSW1-QLD1,2,可用发电容量_昆士兰 + 联络线潮流_N-Q-MNSP1,0.14505594968795776
NEM,机组出力_BW01,联络线潮流_NSW1-QLD1,3,风电出力预测_昆士兰 + 联络线潮流_N-Q-MNSP1,0.14321589469909668
NEM,机组出力_BW01,联络线潮流_NSW1-QLD1,4,可用发电容量_塔斯马尼亚 + 联络线潮流_N-Q-MNSP1,0.139004647731781
NEM,机组出力_BW01,联络线潮流_NSW1-QLD1,5,风电出力预测_塔斯马尼亚 + 联络线潮流_N-Q-MNSP1,0.12636494636535645
NEM,机组出力_BW01,联络线潮流_T-V-MNSP1,1,可用发电容量_塔斯马尼亚 + 风电出力预测_南澳,0.17365708947181702
NEM,机组出力_BW01,联络线潮流_T-V-MNSP1,2,可用发电容量_南澳 + 联络线潮流_NSW1-QLD1,0.17025834321975708
NEM,机组出力_BW01,联络线潮流_T-V-MNSP1,3,风电出力预测_塔斯马尼亚 + 联络线潮流_NSW1-QLD1,0.16793298721313477
NEM,机组出力_BW01,联络线潮流_T-V-MNSP1,4,实际需求_塔斯马尼亚 + 出清价_塔斯马尼亚,0.16765648126602173
NEM,机组出力_BW01,联络线潮流_T-V-MNSP1,5,风电出力预测_南澳 + 风电出力预测_塔斯马尼亚,0.1674639731645584
NEM,机组出力_BW01,联络线潮流_V-S-MNSP1,1,可用发电容量_塔斯马尼亚 + 联络线潮流_V-SA,0.1459418386220932
NEM,机组出力_BW01,联络线潮流_V-S-MNSP1,2,风电出力预测_维多利亚 + 联络线潮流_V-SA,0.1450110673904419
NEM,机组出力_BW01,联络线潮流_V-S-MNSP1,3,实际需求_塔斯马尼亚 + 出清价_塔斯马尼亚,0.14368601143360138
NEM,机组出力_BW01,联络线潮流_V-S-MNSP1,4,可用发电容量_南澳 + 联络线潮流_NSW1-QLD1,0.13772493600845337
NEM,机组出力_BW01,联络线潮流_V-S-MNSP1,5,实际需求_塔斯马尼亚 + 风电出力预测_塔斯马尼亚,0.13743263483047485
NEM,机组出力_BW01,联络线潮流_V-SA,1,风电出力预测_南澳 + 风电出力预测_塔斯马尼亚,0.11545509099960327
NEM,机组出力_BW01,联络线潮流_V-SA,2,可用发电容量_南澳 + 可用发电容量_塔斯马尼亚,0.11281859874725342
NEM,机组出力_BW01,联络线潮流_V-SA,3,实际需求_塔斯马尼亚 + 风电出力预测_南澳,0.10414755344390869
NEM,机组出力_BW01,联络线潮流_V-SA,4,可用发电容量_南澳 + 风电出力预测_塔斯马尼亚,0.10356366634368896
NEM,机组出力_BW01,联络线潮流_V-SA,5,风电出力预测_维多利亚 + 风电出力预测_南澳,0.10298661142587662
NEM,机组出力_BW01,联络线潮流_VIC1-NSW1,1,实际需求_塔斯马尼亚 + 出清价_塔斯马尼亚,0.14184468984603882
NEM,机组出力_BW01,联络线潮流_VIC1-NSW1,2,可用发电容量_维多利亚 + 出清价_塔斯马尼亚,0.10675659775733948
NEM,机组出力_BW01,联络线潮流_VIC1-NSW1,3,出清价_塔斯马尼亚 + 联络线潮流_V-SA,0.09705954790115356
NEM,机组出力_BW01,联络线潮流_VIC1-NSW1,4,可用发电容量_南澳 + 出清价_塔斯马尼亚,0.0958142876625061
NEM,机组出力_BW01,联络线潮流_VIC1-NSW1,5,实际需求_维多利亚 + 可用发电容量_维多利亚,0.08791255950927734
NEM,机组出力_TUMUT3,实际需求_新南威尔士,1,可用发电容量_新南威尔士 + 联络线潮流_VIC1-NSW1,0.44776833057403564
NEM,机组出力_TUMUT3,实际需求_新南威尔士,2,可用发电容量_新南威尔士 + 出清价_塔斯马尼亚,0.4171774387359619
NEM,机组出力_TUMUT3,实际需求_新南威尔士,3,可用发电容量_新南威尔士 + 风电出力预测_塔斯马尼亚,0.4156886339187622
NEM,机组出力_TUMUT3,实际需求_新南威尔士,4,可用发电容量_新南威尔士 + 风电出力预测_南澳,0.4142337441444397
NEM,机组出力_TUMUT3,实际需求_新南威尔士,5,可用发电容量_新南威尔士 + 可用发电容量_塔斯马尼亚,0.41271501779556274
NEM,机组出力_TUMUT3,实际需求_昆士兰,1,可用发电容量_昆士兰 + 联络线潮流_NSW1-QLD1,0.47204160690307617
NEM,机组出力_TUMUT3,实际需求_昆士兰,2,可用发电容量_新南威尔士 + 联络线潮流_VIC1-NSW1,0.3934478163719177
NEM,机组出力_TUMUT3,实际需求_昆士兰,3,可用发电容量_新南威尔士 + 联络线潮流_NSW1-QLD1,0.3873000144958496
NEM,机组出力_TUMUT3,实际需求_昆士兰,4,可用发电容量_昆士兰 + 联络线潮流_VIC1-NSW1,0.3686003088951111
NEM,机组出力_TUMUT3,实际需求_昆士兰,5,可用发电容量_新南威尔士 + 出清价_塔斯马尼亚,0.36235517263412476
NEM,机组出力_TUMUT3,实际需求_维多利亚,1,可用发电容量_新南威尔士 + 联络线潮流_VIC1-NSW1,0.21675467491149902
NEM,机组出力_TUMUT3,实际需求_维多利亚,2,可用发电容量_新南威尔士 + 可用发电容量_塔斯马尼亚,0.21634316444396973
NEM,机组出力_TUMUT3,实际需求_维多利亚,3,可用发电容量_新南威尔士 + 风电出力预测_塔斯马尼亚,0.21214938163757324
NEM,机组出力_TUMUT3,实际需求_维多利亚,4,光伏出力预测_新南威尔士 + 联络线潮流_N-Q-MNSP1,0.2086700201034546
NEM,机组出力_TUMUT3,实际需求_维多利亚,5,可用发电容量_新南威尔士 + 风电出力预测_维多利亚,0.2069736272096634
NEM,机组出力_TUMUT3,实际需求_南澳,1,可用发电容量_新南威尔士 + 光伏出力预测_维多利亚,0.1429138332605362
NEM,机组出力_TUMUT3,实际需求_南澳,2,可用发电容量_新南威尔士 + 联络线潮流_V-S-MNSP1,0.13867712020874023
NEM,机组出力_TUMUT3,实际需求_南澳,3,可用发电容量_新南威尔士 + 联络线潮流_V-SA,0.1364152431488037
NEM,机组出力_TUMUT3,实际需求_南澳,4,可用发电容量_新南威尔士 + 联络线潮流_N-Q-MNSP1,0.13377231359481812
NEM,机组出力_TUMUT3,实际需求_南澳,5,可用发电容量_新南威尔士 + 可用发电容量_塔斯马尼亚,0.13205569982528687
NEM,机组出力_TUMUT3,实际需求_塔斯马尼亚,1,实际需求_昆士兰 + 联络线潮流_VIC1-NSW1,0.17576806247234344
NEM,机组出力_TUMUT3,实际需求_塔斯马尼亚,2,可用发电容量_维多利亚 + 光伏出力预测_昆士兰,0.17085975408554077
NEM,机组出力_TUMUT3,实际需求_塔斯马尼亚,3,可用发电容量_新南威尔士 + 光伏出力预测_昆士兰,0.166037917137146
NEM,机组出力_TUMUT3,实际需求_塔斯马尼亚,4,光伏出力预测_新南威尔士 + 联络线潮流_T-V-MNSP1,0.1650172770023346
NEM,机组出力_TUMUT3,实际需求_塔斯马尼亚,5,可用发电容量_新南威尔士 + 联络线潮流_N-Q-MNSP1,0.16154134273529053
NEM,机组出力_TUMUT3,可用发电容量_新南威尔士,1,实际需求_昆士兰 + 联络线潮流_VIC1-NSW1,0.20000575482845306
NEM,机组出力_TUMUT3,可用发电容量_新南威尔士,2,实际需求_新南威尔士 + 联络线潮流_VIC1-NSW1,0.16884273290634155
NEM,机组出力_TUMUT3,可用发电容量_新南威尔士,3,实际需求_昆士兰 + 联络线潮流_N-Q-MNSP1,0.15181635320186615
NEM,机组出力_TUMUT3,可用发电容量_新南威尔士,4,实际需求_新南威尔士 + 出清价_维多利亚,0.1512032151222229
NEM,机组出力_TUMUT3,可用发电容量_新南威尔士,5,实际需求_新南威尔士 + 出清价_南澳,0.1499776840209961
NEM,机组出力_TUMUT3,可用发电容量_昆士兰,1,实际需求_昆士兰 + 联络线潮流_N-Q-MNSP1,0.1737116426229477
NEM,机组出力_TUMUT3,可用发电容量_昆士兰,2,实际需求_昆士兰 + 联络线潮流_NSW1-QLD1,0.1660553514957428
NEM,机组出力_TUMUT3,可用发电容量_昆士兰,3,实际需求_昆士兰 + 联络线潮流_VIC1-NSW1,0.16169284284114838
NEM,机组出力_TUMUT3,可用发电容量_昆士兰,4,实际需求_昆士兰 + 风电出力预测_新南威尔士,0.1207263320684433
NEM,机组出力_TUMUT3,可用发电容量_昆士兰,5,实际需求_昆士兰 + 风电出力预测_维多利亚,0.11347261071205139
NEM,机组出力_TUMUT3,可用发电容量_维多利亚,1,光伏出力预测_南澳 + 联络线潮流_T-V-MNSP1,0.0978342592716217
NEM,机组出力_TUMUT3,可用发电容量_维多利亚,2,光伏出力预测_新南威尔士 + 联络线潮流_T-V-MNSP1,0.08434172719717026
NEM,机组出力_TUMUT3,可用发电容量_维多利亚,3,光伏出力预测_昆士兰 + 联络线潮流_VIC1-NSW1,0.07755923271179199
NEM,机组出力_TUMUT3,可用发电容量_维多利亚,4,实际需求_昆士兰 + 联络线潮流_N-Q-MNSP1,0.07694928348064423
NEM,机组出力_TUMUT3,可用发电容量_维多利亚,5,可用发电容量_南澳 + 光伏出力预测_昆士兰,0.07072751224040985
NEM,机组出力_TUMUT3,可用发电容量_南澳,1,光伏出力预测_南澳 + 联络线潮流_T-V-MNSP1,0.12948530912399292
NEM,机组出力_TUMUT3,可用发电容量_南澳,2,光伏出力预测_新南威尔士 + 联络线潮流_T-V-MNSP1,0.11344293504953384
NEM,机组出力_TUMUT3,可用发电容量_南澳,3,光伏出力预测_南澳 + 出清价_南澳,0.09834335744380951
NEM,机组出力_TUMUT3,可用发电容量_南澳,4,实际需求_昆士兰 + 联络线潮流_V-SA,0.08490274846553802
NEM,机组出力_TUMUT3,可用发电容量_南澳,5,光伏出力预测_昆士兰 + 出清价_南澳,0.07713055610656738
NEM,机组出力_TUMUT3,可用发电容量_塔斯马尼亚,1,实际需求_昆士兰 + 联络线潮流_N-Q-MNSP1,0.06531040370464325
NEM,机组出力_TUMUT3,可用发电容量_塔斯马尼亚,2,光伏出力预测_新南威尔士 + 联络线潮流_T-V-MNSP1,0.06169796735048294
NEM,机组出力_TUMUT3,可用发电容量_塔斯马尼亚,3,可用发电容量_维多利亚 + 光伏出力预测_昆士兰,0.054900750517845154
NEM,机组出力_TUMUT3,可用发电容量_塔斯马尼亚,4,风电出力预测_南澳 + 光伏出力预测_昆士兰,0.0484902486205101
NEM,机组出力_TUMUT3,可用发电容量_塔斯马尼亚,5,可用发电容量_新南威尔士 + 光伏出力预测_昆士兰,0.04791874438524246
NEM,机组出力_TUMUT3,风电出力预测_新南威尔士,1,可用发电容量_南澳 + 光伏出力预测_昆士兰,0.07408709824085236
NEM,机组出力_TUMUT3,风电出力预测_新南威尔士,2,实际需求_昆士兰 + 联络线潮流_VIC1-NSW1,0.07070077955722809
NEM,机组出力_TUMUT3,风电出力预测_新南威尔士,3,风电出力预测_南澳 + 光伏出力预测_昆士兰,0.06652554124593735
NEM,机组出力_TUMUT3,风电出力预测_新南威尔士,4,可用发电容量_新南威尔士 + 光伏出力预测_新南威尔士,0.05816254764795303
NEM,机组出力_TUMUT3,风电出力预测_新南威尔士,5,光伏出力预测_昆士兰 + 联络线潮流_V-SA,0.052416302263736725
NEM,机组出力_TUMUT3,风电出力预测_昆士兰,1,可用发电容量_南澳 + 光伏出力预测_昆士兰,0.08863379061222076
NEM,机组出力_TUMUT3,风电出力预测_昆士兰,2,光伏出力预测_南澳 + 联络线潮流_T-V-MNSP1,0.08284810185432434
NEM,机组出力_TUMUT3,风电出力预测_昆士兰,3,光伏出力预测_新南威尔士 + 联络线潮流_T-V-MNSP1,0.06768282502889633
NEM,机组出力_TUMUT3,风电出力预测_昆士兰,4,可用发电容量_维多利亚 + 光伏出力预测_昆士兰,0.05589029937982559
NEM,机组出力_TUMUT3,风电出力预测_昆士兰,5,光伏出力预测_昆士兰 + 联络线潮流_V-S-MNSP1,0.05396723747253418
NEM,机组出力_TUMUT3,风电出力预测_维多利亚,1,可用发电容量_新南威尔士 + 联络线潮流_VIC1-NSW1,0.08420449495315552
NEM,机组出力_TUMUT3,风电出力预测_维多利亚,2,可用发电容量_新南威尔士 + 出清价_维多利亚,0.06690329313278198
NEM,机组出力_TUMUT3,风电出力预测_维多利亚,3,风电出力预测_昆士兰 + 出清价_维多利亚,0.06676948070526123
NEM,机组出力_TUMUT3,风电出力预测_维多利亚,4,出清价_维多利亚 + 出清价_南澳,0.06199662387371063
NEM,机组出力_TUMUT3,风电出力预测_维多利亚,5,出清价_维多利亚 + 联络线潮流_T-V-MNSP1,0.057553231716156006
NEM,机组出力_TUMUT3,风电出力预测_南澳,1,光伏出力预测_南澳 + 出清价_南澳,0.10782912373542786
NEM,机组出力_TUMUT3,风电出力预测_南澳,2,实际需求_昆士兰 + 联络线潮流_N-Q-MNSP1,0.08642368018627167
NEM,机组出力_TUMUT3,风电出力预测_南澳,3,光伏出力预测_昆士兰 + 联络线潮流_VIC1-NSW1,0.08519487082958221
NEM,机组出力_TUMUT3,风电出力预测_南澳,4,实际需求_昆士兰 + 联络线潮流_VIC1-NSW1,0.08359543979167938
NEM,机组出力_TUMUT3,风电出力预测_南澳,5,可用发电容量_昆士兰 + 出清价_南澳,0.07405012845993042
NEM,机组出力_TUMUT3,风电出力预测_塔斯马尼亚,1,可用发电容量_新南威尔士 + 联络线潮流_T-V-MNSP1,0.04731374979019165
NEM,机组出力_TUMUT3,风电出力预测_塔斯马尼亚,2,可用发电容量_塔斯马尼亚 + 联络线潮流_N-Q-MNSP1,0.042200446128845215
NEM,机组出力_TUMUT3,风电出力预测_塔斯马尼亚,3,实际需求_新南威尔士 + 可用发电容量_塔斯马尼亚,0.0413815975189209
NEM,机组出力_TUMUT3,风电出力预测_塔斯马尼亚,4,可用发电容量_塔斯马尼亚 + 联络线潮流_NSW1-QLD1,0.03674954175949097
NEM,机组出力_TUMUT3,风电出力预测_塔斯马尼亚,5,可用发电容量_塔斯马尼亚 + 联络线潮流_T-V-MNSP1,0.036559224128723145
NEM,机组出力_TUMUT3,光伏出力预测_新南威尔士,1,风电出力预测_昆士兰 + 联络线潮流_VIC1-NSW1,0.19990600645542145
NEM,机组出力_TUMUT3,光伏出力预测_新南威尔士,2,联络线潮流_V-SA + 联络线潮流_VIC1-NSW1,0.19975413382053375
NEM,机组出力_TUMUT3,光伏出力预测_新南威尔士,3,可用发电容量_昆士兰 + 联络线潮流_VIC1-NSW1,0.19953060150146484
NEM,机组出力_TUMUT3,光伏出力预测_新南威尔士,4,可用发电容量_维多利亚 + 联络线潮流_VIC1-NSW1,0.19435051083564758
NEM,机组出力_TUMUT3,光伏出力预测_新南威尔士,5,风电出力预测_维多利亚 + 联络线潮流_VIC1-NSW1,0.1930483728647232
NEM,机组出力_TUMUT3,光伏出力预测_昆士兰,1,风电出力预测_南澳 + 联络线潮流_NSW1-QLD1,0.18824197351932526
NEM,机组出力_TUMUT3,光伏出力预测_昆士兰,2,光伏出力预测_南澳 + 联络线潮流_NSW1-QLD1,0.178796648979187
NEM,机组出力_TUMUT3,光伏出力预测_昆士兰,3,可用发电容量_维多利亚 + 联络线潮流_NSW1-QLD1,0.16993390023708344
NEM,机组出力_TUMUT3,光伏出力预测_昆士兰,4,风电出力预测_维多利亚 + 联络线潮流_NSW1-QLD1,0.16652287542819977
NEM,机组出力_TUMUT3,光伏出力预测_昆士兰,5,联络线潮流_NSW1-QLD1 + 联络线潮流_V-SA,0.1646050363779068
NEM,机组出力_TUMUT3,光伏出力预测_维多利亚,1,可用发电容量_昆士兰 + 风电出力预测_昆士兰,0.12883739173412323
NEM,机组出力_TUMUT3,光伏出力预测_维多利亚,2,风电出力预测_南澳 + 联络线潮流_NSW1-QLD1,0.12495572865009308
NEM,机组出力_TUMUT3,光伏出力预测_维多利亚,3,实际需求_昆士兰 + 风电出力预测_新南威尔士,0.11627338826656342
NEM,机组出力_TUMUT3,光伏出力预测_维多利亚,4,可用发电容量_维多利亚 + 联络线潮流_NSW1-QLD1,0.11551757901906967
NEM,机组出力_TUMUT3,光伏出力预测_维多利亚,5,可用发电容量_昆士兰 + 风电出力预测_新南威尔士,0.11384527385234833
NEM,机组出力_TUMUT3,光伏出力预测_南澳,1,可用发电容量_新南威尔士 + 光伏出力预测_昆士兰,0.1932554543018341
NEM,机组出力_TUMUT3,光伏出力预测_南澳,2,可用发电容量_南澳 + 光伏出力预测_昆士兰,0.18341708183288574
NEM,机组出力_TUMUT3,光伏出力预测_南澳,3,光伏出力预测_昆士兰 + 出清价_塔斯马尼亚,0.1797926127910614
NEM,机组出力_TUMUT3,光伏出力预测_南澳,4,风电出力预测_南澳 + 光伏出力预测_昆士兰,0.17933784425258636
NEM,机组出力_TUMUT3,光伏出力预测_南澳,5,光伏出力预测_昆士兰 + 联络线潮流_V-S-MNSP1,0.171614408493042
NEM,机组出力_TUMUT3,出清价_新南威尔士,1,风电出力预测_维多利亚 + 风电出力预测_南澳,0.4336656332015991
NEM,机组出力_TUMUT3,出清价_新南威尔士,2,风电出力预测_维多利亚 + 风电出力预测_塔斯马尼亚,0.43114256858825684
NEM,机组出力_TUMUT3,出清价_新南威尔士,3,风电出力预测_维多利亚 + 联络线潮流_V-SA,0.43028372526168823
NEM,机组出力_TUMUT3,出清价_新南威尔士,4,风电出力预测_维多利亚 + 联络线潮流_VIC1-NSW1,0.43028372526168823
NEM,机组出力_TUMUT3,出清价_新南威尔士,5,风电出力预测_维多利亚,0.43028372526168823
NEM,机组出力_TUMUT3,出清价_昆士兰,1,风电出力预测_维多利亚 + 联络线潮流_NSW1-QLD1,0.3413252830505371
NEM,机组出力_TUMUT3,出清价_昆士兰,2,可用发电容量_昆士兰 + 风电出力预测_维多利亚,0.33721596002578735
NEM,机组出力_TUMUT3,出清价_昆士兰,3,风电出力预测_维多利亚 + 风电出力预测_塔斯马尼亚,0.33173996210098267
NEM,机组出力_TUMUT3,出清价_昆士兰,4,风电出力预测_维多利亚 + 联络线潮流_VIC1-NSW1,0.33173996210098267
NEM,机组出力_TUMUT3,出清价_昆士兰,5,风电出力预测_维多利亚,0.33173996210098267
NEM,机组出力_TUMUT3,出清价_维多利亚,1,光伏出力预测_南澳 + 联络线潮流_VIC1-NSW1,0.12897244095802307
NEM,机组出力_TUMUT3,出清价_维多利亚,2,风电出力预测_南澳 + 光伏出力预测_昆士兰,0.12795738875865936
NEM,机组出力_TUMUT3,出清价_维多利亚,3,风电出力预测_维多利亚 + 风电出力预测_南澳,0.1275576949119568
NEM,机组出力_TUMUT3,出清价_维多利亚,4,风电出力预测_南澳 + 光伏出力预测_新南威尔士,0.1269478052854538
NEM,机组出力_TUMUT3,出清价_维多利亚,5,风电出力预测_维多利亚 + 联络线潮流_VIC1-NSW1,0.12550824880599976
NEM,机组出力_TUMUT3,出清价_南澳,1,风电出力预测_维多利亚 + 风电出力预测_南澳,0.11645328998565674
NEM,机组出力_TUMUT3,出清价_南澳,2,可用发电容量_昆士兰 + 风电出力预测_南澳,0.1093030571937561
NEM,机组出力_TUMUT3,出清价_南澳,3,风电出力预测_南澳 + 联络线潮流_VIC1-NSW1,0.10895359516143799
NEM,机组出力_TUMUT3,出清价_南澳,4,风电出力预测_维多利亚 + 联络线潮流_V-SA,0.10525864362716675
NEM,机组出力_TUMUT3,出清价_南澳,5,风电出力预测_南澳 + 联络线潮流_N-Q-MNSP1,0.10390138626098633
NEM,机组出力_TUMUT3,出清价_塔斯马尼亚,1,光伏出力预测_南澳 + 联络线潮流_T-V-MNSP1,0.109522745013237
NEM,机组出力_TUMUT3,出清价_塔斯马尼亚,2,光伏出力预测_新南威尔士 + 联络线潮流_T-V-MNSP1,0.10166213661432266
NEM,机组出力_TUMUT3,出清价_塔斯马尼亚,3,光伏出力预测_南澳 + 联络线潮流_VIC1-NSW1,0.09671631455421448
NEM,机组出力_TUMUT3,出清价_塔斯马尼亚,4,实际需求_昆士兰 + 联络线潮流_VIC1-NSW1,0.09445168077945709
NEM,机组出力_TUMUT3,出清价_塔斯马尼亚,5,光伏出力预测_昆士兰 + 联络线潮流_VIC1-NSW1,0.09414941072463989
NEM,机组出力_TUMUT3,联络线潮流_N-Q-MNSP1,1,可用发电容量_新南威尔士 + 联络线潮流_NSW1-QLD1,0.158108651638031
NEM,机组出力_TUMUT3,联络线潮流_N-Q-MNSP1,2,出清价_南澳 + 联络线潮流_NSW1-QLD1,0.14159274101257324
NEM,机组出力_TUMUT3,联络线潮流_N-Q-MNSP1,3,可用发电容量_塔斯马尼亚 + 联络线潮流_NSW1-QLD1,0.13483470678329468
NEM,机组出力_TUMUT3,联络线潮流_N-Q-MNSP1,4,可用发电容量_昆士兰 + 联络线潮流_NSW1-QLD1,0.1330544352531433
NEM,机组出力_TUMUT3,联络线潮流_N-Q-MNSP1,5,联络线潮流_NSW1-QLD1 + 联络线潮流_V-S-MNSP1,0.13304072618484497
NEM,机组出力_TUMUT3,联络线潮流_NSW1-QLD1,1,实际需求_昆士兰 + 可用发电容量_昆士兰,0.17025810480117798
NEM,机组出力_TUMUT3,联络线潮流_NSW1-QLD1,2,可用发电容量_新南威尔士 + 联络线潮流_N-Q-MNSP1,0.16170531511306763
NEM,机组出力_TUMUT3,联络线潮流_NSW1-QLD1,3,风电出力预测_南澳 + 光伏出力预测_昆士兰,0.14876475930213928
NEM,机组出力_TUMUT3,联络线潮流_NSW1-QLD1,4,实际需求_昆士兰 + 联络线潮流_V-SA,0.14755965769290924
NEM,机组出力_TUMUT3,联络线潮流_NSW1-QLD1,5,实际需求_昆士兰 + 联络线潮流_N-Q-MNSP1,0.14281688630580902
NEM,机组出力_TUMUT3,联络线潮流_T-V-MNSP1,1,可用发电容量_维多利亚 + 可用发电容量_南澳,0.12549827992916107
NEM,机组出力_TUMUT3,联络线潮流_T-V-MNSP1,2,可用发电容量_维多利亚 + 风电出力预测_塔斯马尼亚,0.12044501304626465
NEM,机组出力_TUMUT3,联络线潮流_T-V-MNSP1,3,可用发电容量_南澳 + 风电出力预测_维多利亚,0.11891375482082367
NEM,机组出力_TUMUT3,联络线潮流_T-V-MNSP1,4,可用发电容量_南澳 + 可用发电容量_塔斯马尼亚,0.11798721551895142
NEM,机组出力_TUMUT3,联络线潮流_T-V-MNSP1,5,可用发电容量_昆士兰 + 可用发电容量_维多利亚,0.11708247661590576
NEM,机组出力_TUMUT3,联络线潮流_V-S-MNSP1,1,实际需求_昆士兰 + 联络线潮流_VIC1-NSW1,0.13177739083766937
NEM,机组出力_TUMUT3,联络线潮流_V-S-MNSP1,2,实际需求_昆士兰 + 联络线潮流_N-Q-MNSP1,0.11944533884525299
NEM,机组出力_TUMUT3,联络线潮流_V-S-MNSP1,3,光伏出力预测_南澳 + 出清价_南澳,0.08636608719825745
NEM,机组出力_TUMUT3,联络线潮流_V-S-MNSP1,4,实际需求_昆士兰 + 风电出力预测_昆士兰,0.07625432312488556
NEM,机组出力_TUMUT3,联络线潮流_V-S-MNSP1,5,实际需求_昆士兰 + 可用发电容量_塔斯马尼亚,0.07339179515838623
NEM,机组出力_TUMUT3,联络线潮流_V-SA,1,风电出力预测_南澳 + 光伏出力预测_昆士兰,0.06958180665969849
NEM,机组出力_TUMUT3,联络线潮流_V-SA,2,可用发电容量_维多利亚 + 光伏出力预测_昆士兰,0.0609159991145134
NEM,机组出力_TUMUT3,联络线潮流_V-SA,3,实际需求_昆士兰 + 可用发电容量_南澳,0.04403561353683472
NEM,机组出力_TUMUT3,联络线潮流_V-SA,4,光伏出力预测_新南威尔士 + 出清价_南澳,0.04239356517791748
NEM,机组出力_TUMUT3,联络线潮流_V-SA,5,实际需求_昆士兰 + 联络线潮流_NSW1-QLD1,0.041896700859069824
NEM,机组出力_TUMUT3,联络线潮流_VIC1-NSW1,1,风电出力预测_南澳 + 光伏出力预测_昆士兰,0.11974041163921356
NEM,机组出力_TUMUT3,联络线潮流_VIC1-NSW1,2,可用发电容量_维多利亚 + 光伏出力预测_昆士兰,0.11130177974700928
NEM,机组出力_TUMUT3,联络线潮流_VIC1-NSW1,3,风电出力预测_南澳 + 光伏出力预测_新南威尔士,0.10510717332363129
NEM,机组出力_TUMUT3,联络线潮流_VIC1-NSW1,4,光伏出力预测_昆士兰 + 出清价_塔斯马尼亚,0.1039496660232544
NEM,机组出力_TUMUT3,联络线潮流_VIC1-NSW1,5,光伏出力预测_新南威尔士 + 联络线潮流_T-V-MNSP1,0.1033889427781105
NEM,机组出力_PPCCGT,实际需求_新南威尔士,1,可用发电容量_昆士兰 + 风电出力预测_南澳,0.2333461046218872
NEM,机组出力_PPCCGT,实际需求_新南威尔士,2,可用发电容量_昆士兰 + 可用发电容量_维多利亚,0.2071954607963562
NEM,机组出力_PPCCGT,实际需求_新南威尔士,3,可用发电容量_维多利亚 + 联络线潮流_V-SA,0.20398789644241333
NEM,机组出力_PPCCGT,实际需求_新南威尔士,4,可用发电容量_新南威尔士 + 风电出力预测_南澳,0.1981557011604309
NEM,机组出力_PPCCGT,实际需求_新南威尔士,5,可用发电容量_维多利亚 + 风电出力预测_南澳,0.19741392135620117
NEM,机组出力_PPCCGT,实际需求_昆士兰,1,可用发电容量_昆士兰 + 联络线潮流_NSW1-QLD1,0.20811206102371216
NEM,机组出力_PPCCGT,实际需求_昆士兰,2,联络线潮流_NSW1-QLD1 + 联络线潮流_VIC1-NSW1,0.1501430869102478
NEM,机组出力_PPCCGT,实际需求_昆士兰,3,可用发电容量_塔斯马尼亚 + 联络线潮流_NSW1-QLD1,0.14878511428833008
NEM,机组出力_PPCCGT,实际需求_昆士兰,4,实际需求_塔斯马尼亚 + 联络线潮流_VIC1-NSW1,0.1383560299873352
NEM,机组出力_PPCCGT,实际需求_昆士兰,5,可用发电容量_南澳 + 联络线潮流_NSW1-QLD1,0.13780206441879272
NEM,机组出力_PPCCGT,实际需求_维多利亚,1,可用发电容量_昆士兰 + 风电出力预测_南澳,0.3232612609863281
NEM,机组出力_PPCCGT,实际需求_维多利亚,2,可用发电容量_维多利亚 + 风电出力预测_南澳,0.32105153799057007
NEM,机组出力_PPCCGT,实际需求_维多利亚,3,风电出力预测_南澳 + 联络线潮流_VIC1-NSW1,0.30724573135375977
NEM,机组出力_PPCCGT,实际需求_维多利亚,4,可用发电容量_昆士兰 + 风电出力预测_维多利亚,0.3039867877960205
NEM,机组出力_PPCCGT,实际需求_维多利亚,5,可用发电容量_昆士兰 + 可用发电容量_维多利亚,0.3035656809806824
NEM,机组出力_PPCCGT,实际需求_南澳,1,风电出力预测_南澳 + 联络线潮流_VIC1-NSW1,0.42526811361312866
NEM,机组出力_PPCCGT,实际需求_南澳,2,风电出力预测_维多利亚 + 风电出力预测_南澳,0.4094887971878052
NEM,机组出力_PPCCGT,实际需求_南澳,3,风电出力预测_新南威尔士 + 风电出力预测_南澳,0.40869683027267456
NEM,机组出力_PPCCGT,实际需求_南澳,4,风电出力预测_南澳,0.40868985652923584
NEM,机组出力_PPCCGT,实际需求_南澳,5,可用发电容量_昆士兰 + 风电出力预测_南澳,0.40547019243240356
NEM,机组出力_PPCCGT,实际需求_塔斯马尼亚,1,可用发电容量_维多利亚 + 联络线潮流_V-SA,0.21204495429992676
NEM,机组出力_PPCCGT,实际需求_塔斯马尼亚,2,可用发电容量_昆士兰 + 风电出力预测_南澳,0.21132302284240723
NEM,机组出力_PPCCGT,实际需求_塔斯马尼亚,3,实际需求_昆士兰 + 风电出力预测_南澳,0.206343412399292
NEM,机组出力_PPCCGT,实际需求_塔斯马尼亚,4,可用发电容量_维多利亚 + 风电出力预测_南澳,0.20598942041397095
NEM,机组出力_PPCCGT,实际需求_塔斯马尼亚,5,风电出力预测_南澳 + 联络线潮流_VIC1-NSW1,0.19722718000411987
NEM,机组出力_PPCCGT,可用发电容量_新南威尔士,1,可用发电容量_南澳 + 风电出力预测_南澳,0.17324721813201904
NEM,机组出力_PPCCGT,可用发电容量_新南威尔士,2,可用发电容量_南澳 + 联络线潮流_VIC1-NSW1,0.14827412366867065
NEM,机组出力_PPCCGT,可用发电容量_新南威尔士,3,实际需求_新南威尔士 + 联络线潮流_VIC1-NSW1,0.13806188106536865
NEM,机组出力_PPCCGT,可用发电容量_新南威尔士,4,可用发电容量_塔斯马尼亚 + 联络线潮流_VIC1-NSW1,0.13113731145858765
NEM,机组出力_PPCCGT,可用发电容量_新南威尔士,5,风电出力预测_塔斯马尼亚 + 联络线潮流_VIC1-NSW1,0.12573856115341187
NEM,机组出力_PPCCGT,可用发电容量_昆士兰,1,实际需求_昆士兰 + 联络线潮流_NSW1-QLD1,0.10468852519989014
NEM,机组出力_PPCCGT,可用发电容量_昆士兰,2,可用发电容量_塔斯马尼亚 + 光伏出力预测_南澳,0.10091182589530945
NEM,机组出力_PPCCGT,可用发电容量_昆士兰,3,可用发电容量_塔斯马尼亚 + 联络线潮流_T-V-MNSP1,0.10023242235183716
NEM,机组出力_PPCCGT,可用发电容量_昆士兰,4,可用发电容量_塔斯马尼亚 + 光伏出力预测_新南威尔士,0.09707731008529663
NEM,机组出力_PPCCGT,可用发电容量_昆士兰,5,光伏出力预测_新南威尔士 + 光伏出力预测_南澳,0.09539356827735901
NEM,机组出力_PPCCGT,可用发电容量_维多利亚,1,可用发电容量_南澳 + 可用发电容量_塔斯马尼亚,0.2135608196258545
NEM,机组出力_PPCCGT,可用发电容量_维多利亚,2,实际需求_维多利亚 + 可用发电容量_塔斯马尼亚,0.200139582157135
NEM,机组出力_PPCCGT,可用发电容量_维多利亚,3,实际需求_新南威尔士 + 可用发电容量_塔斯马尼亚,0.1998828947544098
NEM,机组出力_PPCCGT,可用发电容量_维多利亚,4,实际需求_南澳 + 可用发电容量_塔斯马尼亚,0.19500184059143066
NEM,机组出力_PPCCGT,可用发电容量_维多利亚,5,实际需求_塔斯马尼亚 + 可用发电容量_塔斯马尼亚,0.18960779905319214
NEM,机组出力_PPCCGT,可用发电容量_南澳,1,可用发电容量_新南威尔士 + 风电出力预测_南澳,0.3619394898414612
NEM,机组出力_PPCCGT,可用发电容量_南澳,2,可用发电容量_昆士兰 + 风电出力预测_南澳,0.3582872748374939
NEM,机组出力_PPCCGT,可用发电容量_南澳,3,风电出力预测_南澳 + 光伏出力预测_南澳,0.32500919699668884
NEM,机组出力_PPCCGT,可用发电容量_南澳,4,风电出力预测_昆士兰 + 风电出力预测_南澳,0.32478493452072144
NEM,机组出力_PPCCGT,可用发电容量_南澳,5,风电出力预测_南澳 + 光伏出力预测_维多利亚,0.32032907009124756
NEM,机组出力_PPCCGT,可用发电容量_塔斯马尼亚,1,风电出力预测_塔斯马尼亚 + 联络线潮流_T-V-MNSP1,0.16149424016475677
NEM,机组出力_PPCCGT,可用发电容量_塔斯马尼亚,2,风电出力预测_新南威尔士 + 风电出力预测_塔斯马尼亚,0.15609897673130035
NEM,机组出力_PPCCGT,可用发电容量_塔斯马尼亚,3,可用发电容量_新南威尔士 + 风电出力预测_塔斯马尼亚,0.14928078651428223
NEM,机组出力_PPCCGT,可用发电容量_塔斯马尼亚,4,可用发电容量_南澳 + 风电出力预测_塔斯马尼亚,0.1485602855682373
NEM,机组出力_PPCCGT,可用发电容量_塔斯马尼亚,5,风电出力预测_昆士兰 + 风电出力预测_塔斯马尼亚,0.1474037766456604
NEM,机组出力_PPCCGT,风电出力预测_新南威尔士,1,可用发电容量_新南威尔士 + 光伏出力预测_新南威尔士,0.1414714753627777
NEM,机组出力_PPCCGT,风电出力预测_新南威尔士,2,可用发电容量_新南威尔士 + 光伏出力预测_南澳,0.14135956764221191
NEM,机组出力_PPCCGT,风电出力预测_新南威尔士,3,可用发电容量_新南威尔士 + 光伏出力预测_维多利亚,0.13898950815200806
NEM,机组出力_PPCCGT,风电出力预测_新南威尔士,4,可用发电容量_塔斯马尼亚 + 光伏出力预测_维多利亚,0.11943277716636658
NEM,机组出力_PPCCGT,风电出力预测_新南威尔士,5,可用发电容量_塔斯马尼亚 + 光伏出力预测_新南威尔士,0.11607643961906433
NEM,机组出力_PPCCGT,风电出力预测_昆士兰,1,可用发电容量_南澳 + 风电出力预测_南澳,0.11195427179336548
NEM,机组出力_PPCCGT,风电出力预测_昆士兰,2,风电出力预测_南澳 + 联络线潮流_VIC1-NSW1,0.08806371688842773
NEM,机组出力_PPCCGT,风电出力预测_昆士兰,3,可用发电容量_南澳 + 联络线潮流_VIC1-NSW1,0.08713025599718094
NEM,机组出力_PPCCGT,风电出力预测_昆士兰,4,风电出力预测_新南威尔士 + 联络线潮流_VIC1-NSW1,0.08384287357330322
NEM,机组出力_PPCCGT,风电出力预测_昆士兰,5,实际需求_新南威尔士 + 风电出力预测_南澳,0.08222895860671997
NEM,机组出力_PPCCGT,风电出力预测_维多利亚,1,实际需求_南澳 + 可用发电容量_塔斯马尼亚,0.3037078380584717
NEM,机组出力_PPCCGT,风电出力预测_维多利亚,2,可用发电容量_南澳 + 可用发电容量_塔斯马尼亚,0.2997235655784607
NEM,机组出力_PPCCGT,风电出力预测_维多利亚,3,实际需求_南澳 + 光伏出力预测_新南威尔士,0.29297155141830444
NEM,机组出力_PPCCGT,风电出力预测_维多利亚,4,可用发电容量_南澳 + 光伏出力预测_新南威尔士,0.29171222448349
NEM,机组出力_PPCCGT,风电出力预测_维多利亚,5,实际需求_南澳 + 光伏出力预测_南澳,0.2916956841945648
NEM,机组出力_PPCCGT,风电出力预测_南澳,1,可用发电容量_南澳 + 光伏出力预测_南澳,0.6028231978416443
NEM,机组出力_PPCCGT,风电出力预测_南澳,2,可用发电容量_南澳 + 光伏出力预测_维多利亚,0.59976726770401
NEM,机组出力_PPCCGT,风电出力预测_南澳,3,可用发电容量_南澳 + 光伏出力预测_新南威尔士,0.5865050554275513
NEM,机组出力_PPCCGT,风电出力预测_南澳,4,可用发电容量_新南威尔士 + 可用发电容量_南澳,0.5483388900756836
NEM,机组出力_PPCCGT,风电出力预测_南澳,5,可用发电容量_南澳 + 光伏出力预测_昆士兰,0.5453708171844482
NEM,机组出力_PPCCGT,风电出力预测_塔斯马尼亚,1,可用发电容量_塔斯马尼亚 + 联络线潮流_T-V-MNSP1,0.1944027543067932
NEM,机组出力_PPCCGT,风电出力预测_塔斯马尼亚,2,可用发电容量_新南威尔士 + 可用发电容量_塔斯马尼亚,0.17624324560165405
NEM,机组出力_PPCCGT,风电出力预测_塔斯马尼亚,3,可用发电容量_南澳 + 可用发电容量_塔斯马尼亚,0.17370271682739258
NEM,机组出力_PPCCGT,风电出力预测_塔斯马尼亚,4,可用发电容量_塔斯马尼亚 + 风电出力预测_昆士兰,0.1596408486366272
NEM,机组出力_PPCCGT,风电出力预测_塔斯马尼亚,5,可用发电容量_塔斯马尼亚 + 联络线潮流_V-SA,0.15264421701431274
NEM,机组出力_PPCCGT,光伏出力预测_新南威尔士,1,风电出力预测_新南威尔士 + 联络线潮流_VIC1-NSW1,0.3448770046234131
NEM,机组出力_PPCCGT,光伏出力预测_新南威尔士,2,联络线潮流_NSW1-QLD1 + 联络线潮流_VIC1-NSW1,0.34216082096099854
NEM,机组出力_PPCCGT,光伏出力预测_新南威尔士,3,风电出力预测_南澳 + 联络线潮流_VIC1-NSW1,0.3301553726196289
NEM,机组出力_PPCCGT,光伏出力预测_新南威尔士,4,联络线潮流_VIC1-NSW1,0.31350141763687134
NEM,机组出力_PPCCGT,光伏出力预测_新南威尔士,5,可用发电容量_南澳 + 联络线潮流_VIC1-NSW1,0.311847448348999
NEM,机组出力_PPCCGT,光伏出力预测_昆士兰,1,联络线潮流_NSW1-QLD1 + 联络线潮流_VIC1-NSW1,0.35317543148994446
NEM,机组出力_PPCCGT,光伏出力预测_昆士兰,2,风电出力预测_新南威尔士 + 联络线潮流_VIC1-NSW1,0.3133590519428253
NEM,机组出力_PPCCGT,光伏出力预测_昆士兰,3,风电出力预测_南澳 + 联络线潮流_NSW1-QLD1,0.31150609254837036
NEM,机组出力_PPCCGT,光伏出力预测_昆士兰,4,风电出力预测_南澳 + 联络线潮流_VIC1-NSW1,0.29899391531944275
NEM,机组出力_PPCCGT,光伏出力预测_昆士兰,5,联络线潮流_VIC1-NSW1,0.2946547269821167
NEM,机组出力_PPCCGT,光伏出力预测_维多利亚,1,风电出力预测_新南威尔士 + 联络线潮流_VIC1-NSW1,0.3420678973197937
NEM,机组出力_PPCCGT,光伏出力预测_维多利亚,2,联络线潮流_NSW1-QLD1 + 联络线潮流_VIC1-NSW1,0.337726891040802
NEM,机组出力_PPCCGT,光伏出力预测_维多利亚,3,风电出力预测_南澳 + 联络线潮流_VIC1-NSW1,0.3310140371322632
NEM,机组出力_PPCCGT,光伏出力预测_维多利亚,4,联络线潮流_VIC1-NSW1,0.31198441982269287
NEM,机组出力_PPCCGT,光伏出力预测_维多利亚,5,可用发电容量_南澳 + 联络线潮流_VIC1-NSW1,0.3092932105064392
NEM,机组出力_PPCCGT,光伏出力预测_南澳,1,风电出力预测_南澳 + 联络线潮流_VIC1-NSW1,0.3479492664337158
NEM,机组出力_PPCCGT,光伏出力预测_南澳,2,可用发电容量_昆士兰 + 风电出力预测_南澳,0.3322238326072693
NEM,机组出力_PPCCGT,光伏出力预测_南澳,3,风电出力预测_南澳 + 联络线潮流_NSW1-QLD1,0.3320484757423401
NEM,机组出力_PPCCGT,光伏出力预测_南澳,4,风电出力预测_新南威尔士 + 联络线潮流_VIC1-NSW1,0.3317255973815918
NEM,机组出力_PPCCGT,光伏出力预测_南澳,5,联络线潮流_NSW1-QLD1 + 联络线潮流_VIC1-NSW1,0.3315048813819885
NEM,机组出力_PPCCGT,出清价_新南威尔士,1,可用发电容量_南澳 + 可用发电容量_塔斯马尼亚,0.2764770984649658
NEM,机组出力_PPCCGT,出清价_新南威尔士,2,可用发电容量_塔斯马尼亚,0.2673999071121216
NEM,机组出力_PPCCGT,出清价_新南威尔士,3,联络线潮流_VIC1-NSW1,0.2671983242034912
NEM,机组出力_PPCCGT,出清价_新南威尔士,4,联络线潮流_NSW1-QLD1 + 联络线潮流_VIC1-NSW1,0.2667583227157593
NEM,机组出力_PPCCGT,出清价_新南威尔士,5,可用发电容量_塔斯马尼亚 + 联络线潮流_VIC1-NSW1,0.264815092086792
NEM,机组出力_PPCCGT,出清价_昆士兰,1,联络线潮流_NSW1-QLD1 + 联络线潮流_VIC1-NSW1,0.23825204372406006
NEM,机组出力_PPCCGT,出清价_昆士兰,2,可用发电容量_塔斯马尼亚 + 联络线潮流_NSW1-QLD1,0.20924752950668335
NEM,机组出力_PPCCGT,出清价_昆士兰,3,联络线潮流_NSW1-QLD1,0.2070872187614441
NEM,机组出力_PPCCGT,出清价_昆士兰,4,可用发电容量_塔斯马尼亚 + 联络线潮流_VIC1-NSW1,0.20245105028152466
NEM,机组出力_PPCCGT,出清价_昆士兰,5,风电出力预测_南澳 + 联络线潮流_NSW1-QLD1,0.20242685079574585
NEM,机组出力_PPCCGT,出清价_维多利亚,1,可用发电容量_南澳 + 可用发电容量_塔斯马尼亚,0.5186352133750916
NEM,机组出力_PPCCGT,出清价_维多利亚,2,可用发电容量_南澳,0.5161826014518738
NEM,机组出力_PPCCGT,出清价_维多利亚,3,∅,0.5152342319488525
NEM,机组出力_PPCCGT,出清价_维多利亚,4,可用发电容量_塔斯马尼亚,0.5133100152015686
NEM,机组出力_PPCCGT,出清价_维多利亚,5,可用发电容量_昆士兰,0.5002729892730713
NEM,机组出力_PPCCGT,出清价_南澳,1,可用发电容量_南澳,0.5740544199943542
NEM,机组出力_PPCCGT,出清价_南澳,2,可用发电容量_南澳 + 可用发电容量_塔斯马尼亚,0.5695445537567139
NEM,机组出力_PPCCGT,出清价_南澳,3,可用发电容量_塔斯马尼亚,0.5517884492874146
NEM,机组出力_PPCCGT,出清价_南澳,4,可用发电容量_昆士兰 + 可用发电容量_南澳,0.5513560175895691
NEM,机组出力_PPCCGT,出清价_南澳,5,∅,0.5480713844299316
NEM,机组出力_PPCCGT,出清价_塔斯马尼亚,1,可用发电容量_南澳 + 可用发电容量_塔斯马尼亚,0.42931032180786133
NEM,机组出力_PPCCGT,出清价_塔斯马尼亚,2,可用发电容量_塔斯马尼亚,0.42730093002319336
NEM,机组出力_PPCCGT,出清价_塔斯马尼亚,3,可用发电容量_昆士兰 + 可用发电容量_塔斯马尼亚,0.411613404750824
NEM,机组出力_PPCCGT,出清价_塔斯马尼亚,4,可用发电容量_南澳,0.41093286871910095
NEM,机组出力_PPCCGT,出清价_塔斯马尼亚,5,∅,0.4094805419445038
NEM,机组出力_PPCCGT,联络线潮流_N-Q-MNSP1,1,可用发电容量_昆士兰 + 联络线潮流_NSW1-QLD1,0.17654496431350708
NEM,机组出力_PPCCGT,联络线潮流_N-Q-MNSP1,2,可用发电容量_新南威尔士 + 光伏出力预测_维多利亚,0.1633775234222412
NEM,机组出力_PPCCGT,联络线潮流_N-Q-MNSP1,3,可用发电容量_新南威尔士 + 光伏出力预测_新南威尔士,0.1613430678844452
NEM,机组出力_PPCCGT,联络线潮流_N-Q-MNSP1,4,可用发电容量_新南威尔士 + 联络线潮流_V-SA,0.1607915759086609
NEM,机组出力_PPCCGT,联络线潮流_N-Q-MNSP1,5,可用发电容量_新南威尔士 + 光伏出力预测_昆士兰,0.16040173172950745
NEM,机组出力_PPCCGT,联络线潮流_NSW1-QLD1,1,可用发电容量_新南威尔士 + 光伏出力预测_昆士兰,0.2194906771183014
NEM,机组出力_PPCCGT,联络线潮流_NSW1-QLD1,2,风电出力预测_昆士兰 + 光伏出力预测_昆士兰,0.20297572016716003
NEM,机组出力_PPCCGT,联络线潮流_NSW1-QLD1,3,光伏出力预测_昆士兰 + 联络线潮流_V-SA,0.20133517682552338
NEM,机组出力_PPCCGT,联络线潮流_NSW1-QLD1,4,可用发电容量_南澳 + 光伏出力预测_昆士兰,0.195676788687706
NEM,机组出力_PPCCGT,联络线潮流_NSW1-QLD1,5,光伏出力预测_昆士兰,0.19348286092281342
NEM,机组出力_PPCCGT,联络线潮流_T-V-MNSP1,1,可用发电容量_昆士兰 + 可用发电容量_塔斯马尼亚,0.19792355597019196
NEM,机组出力_PPCCGT,联络线潮流_T-V-MNSP1,2,可用发电容量_昆士兰 + 风电出力预测_新南威尔士,0.1864694505929947
NEM,机组出力_PPCCGT,联络线潮流_T-V-MNSP1,3,可用发电容量_昆士兰 + 风电出力预测_塔斯马尼亚,0.18288064002990723
NEM,机组出力_PPCCGT,联络线潮流_T-V-MNSP1,4,可用发电容量_塔斯马尼亚 + 风电出力预测_塔斯马尼亚,0.18216264247894287
NEM,机组出力_PPCCGT,联络线潮流_T-V-MNSP1,5,可用发电容量_昆士兰 + 可用发电容量_南澳,0.17751358449459076
NEM,机组出力_PPCCGT,联络线潮流_V-S-MNSP1,1,风电出力预测_南澳 + 联络线潮流_VIC1-NSW1,0.2028789520263672
NEM,机组出力_PPCCGT,联络线潮流_V-S-MNSP1,2,风电出力预测_新南威尔士 + 风电出力预测_南澳,0.1860852837562561
NEM,机组出力_PPCCGT,联络线潮流_V-S-MNSP1,3,可用发电容量_南澳 + 联络线潮流_NSW1-QLD1,0.1795782446861267
NEM,机组出力_PPCCGT,联络线潮流_V-S-MNSP1,4,可用发电容量_南澳 + 联络线潮流_VIC1-NSW1,0.17616552114486694
NEM,机组出力_PPCCGT,联络线潮流_V-S-MNSP1,5,风电出力预测_南澳,0.17503327131271362
NEM,机组出力_PPCCGT,联络线潮流_V-SA,1,可用发电容量_南澳 + 风电出力预测_维多利亚,0.19929975271224976
NEM,机组出力_PPCCGT,联络线潮流_V-SA,2,可用发电容量_南澳 + 联络线潮流_VIC1-NSW1,0.1967952847480774
NEM,机组出力_PPCCGT,联络线潮流_V-SA,3,可用发电容量_南澳 + 联络线潮流_NSW1-QLD1,0.19113808870315552
NEM,机组出力_PPCCGT,联络线潮流_V-SA,4,可用发电容量_南澳 + 风电出力预测_新南威尔士,0.18246175348758698
NEM,机组出力_PPCCGT,联络线潮流_V-SA,5,可用发电容量_维多利亚 + 风电出力预测_南澳,0.17850422859191895
NEM,机组出力_PPCCGT,联络线潮流_VIC1-NSW1,1,可用发电容量_塔斯马尼亚 + 光伏出力预测_新南威尔士,0.258643239736557
NEM,机组出力_PPCCGT,联络线潮流_VIC1-NSW1,2,实际需求_昆士兰 + 光伏出力预测_维多利亚,0.2525479793548584
NEM,机组出力_PPCCGT,联络线潮流_VIC1-NSW1,3,可用发电容量_塔斯马尼亚 + 光伏出力预测_维多利亚,0.2524358630180359
NEM,机组出力_PPCCGT,联络线潮流_VIC1-NSW1,4,可用发电容量_南澳 + 光伏出力预测_新南威尔士,0.2519150376319885
NEM,机组出力_PPCCGT,联络线潮流_VIC1-NSW1,5,可用发电容量_南澳 + 光伏出力预测_维多利亚,0.2475583553314209
PJM-load,metered_load_mw,rmccp,1,total_pjm_self_sched_reg + da_as_as_req_mw_thirty_minutes_reserve,0.1260787844657898
PJM-load,metered_load_mw,rmccp,2,total_pjm_self_sched_reg + da_as_as_req_mw_primary_reserve,0.12160941958427429
PJM-load,metered_load_mw,rmccp,3,rmpcp + da_as_as_req_mw_thirty_minutes_reserve,0.11329925060272217
PJM-load,metered_load_mw,rmccp,4,da_as_as_req_mw_primary_reserve,0.10682150721549988
PJM-load,metered_load_mw,rmccp,5,da_as_as_req_mw_primary_reserve + da_as_as_req_mw_thirty_minutes_reserve,0.10682150721549988
PJM-load,metered_load_mw,rmpcp,1,total_pjm_self_sched_reg + da_as_as_req_mw_thirty_minutes_reserve,0.09671755135059357
PJM-load,metered_load_mw,rmpcp,2,total_pjm_self_sched_reg + total_pjm_assigned_reg,0.0935552716255188
PJM-load,metered_load_mw,rmpcp,3,total_pjm_self_sched_reg + da_as_ss_mw_primary_reserve,0.09259873628616333
PJM-load,metered_load_mw,rmpcp,4,total_pjm_self_sched_reg + gross_sched_interchange_mw,0.09247716516256332
PJM-load,metered_load_mw,rmpcp,5,total_pjm_assigned_reg,0.09245719760656357
PJM-load,metered_load_mw,total_pjm_reg_purchases,1,total_pjm_self_sched_reg + da_as_as_req_mw_thirty_minutes_reserve,0.15782353281974792
PJM-load,metered_load_mw,total_pjm_reg_purchases,2,total_pjm_assigned_reg + da_as_total_mw_thirty_minutes_reserve,0.15464919805526733
PJM-load,metered_load_mw,total_pjm_reg_purchases,3,total_pjm_self_sched_reg + da_as_total_mw_thirty_minutes_reserve,0.1447928547859192
PJM-load,metered_load_mw,total_pjm_reg_purchases,4,da_as_total_mw_thirty_minutes_reserve,0.14259445667266846
PJM-load,metered_load_mw,total_pjm_reg_purchases,5,rmpcp + da_as_total_mw_thirty_minutes_reserve,0.14104072749614716
PJM-load,metered_load_mw,total_pjm_self_sched_reg,1,total_pjm_assigned_reg + da_as_total_mw_thirty_minutes_reserve,0.0952727198600769
PJM-load,metered_load_mw,total_pjm_self_sched_reg,2,total_pjm_assigned_reg + gross_sched_interchange_mw,0.06487244367599487
PJM-load,metered_load_mw,total_pjm_self_sched_reg,3,total_pjm_reg_purchases + total_pjm_assigned_reg,0.06318837404251099
PJM-load,metered_load_mw,total_pjm_self_sched_reg,4,total_pjm_assigned_reg + marginal_loss_price_rt,0.06101959943771362
PJM-load,metered_load_mw,total_pjm_self_sched_reg,5,rmpcp + da_as_total_mw_thirty_minutes_reserve,0.06093171238899231
PJM-load,metered_load_mw,total_pjm_assigned_reg,1,total_pjm_self_sched_reg + da_as_total_mw_thirty_minutes_reserve,0.0821797251701355
PJM-load,metered_load_mw,total_pjm_assigned_reg,2,total_pjm_self_sched_reg + da_as_mcp_primary_reserve,0.07940860092639923
PJM-load,metered_load_mw,total_pjm_assigned_reg,3,total_pjm_self_sched_reg + marginal_loss_price_rt,0.0778803825378418
PJM-load,metered_load_mw,total_pjm_assigned_reg,4,total_pjm_self_sched_reg + total_lmp_da,0.07347798347473145
PJM-load,metered_load_mw,total_pjm_assigned_reg,5,total_pjm_self_sched_reg + system_energy_price_da,0.07116866111755371
PJM-load,metered_load_mw,da_as_mcp_primary_reserve,1,total_pjm_self_sched_reg + gross_sched_interchange_mw,0.16769066452980042
PJM-load,metered_load_mw,da_as_mcp_primary_reserve,2,total_pjm_self_sched_reg + da_as_as_req_mw_thirty_minutes_reserve,0.1612066924571991
PJM-load,metered_load_mw,da_as_mcp_primary_reserve,3,da_as_as_req_mw_thirty_minutes_reserve + gross_sched_interchange_mw,0.1565585732460022
PJM-load,metered_load_mw,da_as_mcp_primary_reserve,4,total_pjm_self_sched_reg + da_as_as_req_mw_primary_reserve,0.15404412150382996
PJM-load,metered_load_mw,da_as_mcp_primary_reserve,5,total_pjm_assigned_reg + gross_sched_interchange_mw,0.14016008377075195
PJM-load,metered_load_mw,da_as_mcp_synchronized_reserve,1,da_as_as_req_mw_thirty_minutes_reserve + gross_sched_interchange_mw,0.19558387994766235
PJM-load,metered_load_mw,da_as_mcp_synchronized_reserve,2,total_pjm_self_sched_reg + da_as_as_req_mw_thirty_minutes_reserve,0.18226876854896545
PJM-load,metered_load_mw,da_as_mcp_synchronized_reserve,3,total_pjm_self_sched_reg + da_as_as_req_mw_primary_reserve,0.17971208691596985
PJM-load,metered_load_mw,da_as_mcp_synchronized_reserve,4,da_as_as_req_mw_thirty_minutes_reserve,0.1753685474395752
PJM-load,metered_load_mw,da_as_mcp_synchronized_reserve,5,da_as_as_req_mw_primary_reserve + da_as_as_req_mw_thirty_minutes_reserve,0.17262712121009827
PJM-load,metered_load_mw,da_as_as_req_mw_primary_reserve,1,da_as_total_mw_thirty_minutes_reserve,0.3694300353527069
PJM-load,metered_load_mw,da_as_as_req_mw_primary_reserve,2,total_pjm_self_sched_reg + da_as_total_mw_thirty_minutes_reserve,0.36078906059265137
PJM-load,metered_load_mw,da_as_as_req_mw_primary_reserve,3,rmccp + da_as_total_mw_thirty_minutes_reserve,0.3520013093948364
PJM-load,metered_load_mw,da_as_as_req_mw_primary_reserve,4,total_pjm_assigned_reg + da_as_total_mw_thirty_minutes_reserve,0.34571754932403564
PJM-load,metered_load_mw,da_as_as_req_mw_primary_reserve,5,da_as_ss_mw_primary_reserve + da_as_total_mw_thirty_minutes_reserve,0.345254510641098
PJM-load,metered_load_mw,da_as_as_req_mw_thirty_minutes_reserve,1,da_as_total_mw_thirty_minutes_reserve,0.31458961963653564
PJM-load,metered_load_mw,da_as_as_req_mw_thirty_minutes_reserve,2,total_pjm_self_sched_reg + da_as_total_mw_thirty_minutes_reserve,0.3138909935951233
PJM-load,metered_load_mw,da_as_as_req_mw_thirty_minutes_reserve,3,total_pjm_assigned_reg + da_as_total_mw_thirty_minutes_reserve,0.3026859164237976
PJM-load,metered_load_mw,da_as_as_req_mw_thirty_minutes_reserve,4,rmccp + da_as_total_mw_thirty_minutes_reserve,0.3020395040512085
PJM-load,metered_load_mw,da_as_as_req_mw_thirty_minutes_reserve,5,rmpcp + da_as_total_mw_thirty_minutes_reserve,0.293687641620636
PJM-load,metered_load_mw,da_as_ss_mw_primary_reserve,1,rmpcp + da_as_total_mw_thirty_minutes_reserve,0.13257114589214325
PJM-load,metered_load_mw,da_as_ss_mw_primary_reserve,2,total_pjm_self_sched_reg + da_as_as_req_mw_thirty_minutes_reserve,0.13143062591552734
PJM-load,metered_load_mw,da_as_ss_mw_primary_reserve,3,total_pjm_self_sched_reg + da_as_as_req_mw_primary_reserve,0.12283340096473694
PJM-load,metered_load_mw,da_as_ss_mw_primary_reserve,4,da_as_as_req_mw_primary_reserve,0.11395904421806335
PJM-load,metered_load_mw,da_as_ss_mw_primary_reserve,5,da_as_as_req_mw_primary_reserve + gross_sched_interchange_mw,0.11395904421806335
PJM-load,metered_load_mw,da_as_nsr_mw_primary_reserve,1,∅,0.4054771363735199
PJM-load,metered_load_mw,da_as_nsr_mw_primary_reserve,2,total_pjm_self_sched_reg,0.3905550539493561
PJM-load,metered_load_mw,da_as_nsr_mw_primary_reserve,3,total_pjm_assigned_reg,0.38627302646636963
PJM-load,metered_load_mw,da_as_nsr_mw_primary_reserve,4,da_as_as_req_mw_primary_reserve,0.3736708164215088
PJM-load,metered_load_mw,da_as_nsr_mw_primary_reserve,5,da_as_as_req_mw_primary_reserve + gross_sched_interchange_mw,0.3736708164215088
PJM-load,metered_load_mw,system_energy_price_da,1,total_pjm_assigned_reg + da_as_total_mw_thirty_minutes_reserve,0.501800537109375
PJM-load,metered_load_mw,system_energy_price_da,2,total_pjm_self_sched_reg + da_as_as_req_mw_thirty_minutes_reserve,0.4951486885547638
PJM-load,metered_load_mw,system_energy_price_da,3,da_as_as_req_mw_primary_reserve + gross_sched_interchange_mw,0.4895572066307068
PJM-load,metered_load_mw,system_energy_price_da,4,da_as_as_req_mw_thirty_minutes_reserve,0.4866810739040375
PJM-load,metered_load_mw,system_energy_price_da,5,total_pjm_self_sched_reg + da_as_as_req_mw_primary_reserve,0.48645225167274475
PJM-load,metered_load_mw,total_lmp_rt,1,total_pjm_self_sched_reg + da_as_as_req_mw_thirty_minutes_reserve,0.37010106444358826
PJM-load,metered_load_mw,total_lmp_rt,2,da_as_as_req_mw_primary_reserve + gross_sched_interchange_mw,0.36193931102752686
PJM-load,metered_load_mw,total_lmp_rt,3,da_as_as_req_mw_thirty_minutes_reserve,0.3615618646144867
PJM-load,metered_load_mw,total_lmp_rt,4,total_pjm_self_sched_reg + da_as_as_req_mw_primary_reserve,0.361065536737442
PJM-load,metered_load_mw,total_lmp_rt,5,da_as_as_req_mw_thirty_minutes_reserve + gross_sched_interchange_mw,0.3528766632080078
PJM-load,metered_load_mw,marginal_loss_price_rt,1,total_pjm_self_sched_reg + total_pjm_assigned_reg,0.40930604934692383
PJM-load,metered_load_mw,marginal_loss_price_rt,2,total_pjm_assigned_reg,0.40192490816116333
PJM-load,metered_load_mw,marginal_loss_price_rt,3,total_pjm_self_sched_reg + da_as_as_req_mw_thirty_minutes_reserve,0.3999488055706024
PJM-load,metered_load_mw,marginal_loss_price_rt,4,da_as_as_req_mw_primary_reserve + gross_sched_interchange_mw,0.3991429805755615
PJM-load,metered_load_mw,marginal_loss_price_rt,5,da_as_as_req_mw_thirty_minutes_reserve,0.39821657538414
PJM-load,metered_load_mw,gross_sched_interchange_mw,1,total_pjm_self_sched_reg + da_as_mcp_primary_reserve,0.10977354645729065
PJM-load,metered_load_mw,gross_sched_interchange_mw,2,rmpcp + da_as_total_mw_thirty_minutes_reserve,0.1080724447965622
PJM-load,metered_load_mw,gross_sched_interchange_mw,3,da_as_total_mw_thirty_minutes_reserve,0.08842754364013672
PJM-load,metered_load_mw,gross_sched_interchange_mw,4,total_pjm_assigned_reg + da_as_total_mw_thirty_minutes_reserve,0.08373993635177612
PJM-load,metered_load_mw,gross_sched_interchange_mw,5,total_pjm_self_sched_reg + da_as_total_mw_thirty_minutes_reserve,0.08174949884414673
PJM-load,metered_load_mw,congestion_price_da,1,da_as_as_req_mw_primary_reserve + gross_sched_interchange_mw,0.2894900441169739
PJM-load,metered_load_mw,congestion_price_da,2,da_as_as_req_mw_thirty_minutes_reserve + gross_sched_interchange_mw,0.27864545583724976
PJM-load,metered_load_mw,congestion_price_da,3,total_pjm_assigned_reg + gross_sched_interchange_mw,0.26712971925735474
PJM-load,metered_load_mw,congestion_price_da,4,total_pjm_self_sched_reg + total_pjm_assigned_reg,0.2626458406448364
PJM-load,metered_load_mw,congestion_price_da,5,total_pjm_self_sched_reg + da_as_as_req_mw_primary_reserve,0.2619059979915619
PJM-load,metered_load_mw,marginal_loss_price_da,1,total_pjm_self_sched_reg + gross_sched_interchange_mw,0.3739514648914337
PJM-load,metered_load_mw,marginal_loss_price_da,2,total_pjm_assigned_reg + gross_sched_interchange_mw,0.3598666787147522
PJM-load,metered_load_mw,marginal_loss_price_da,3,total_pjm_self_sched_reg,0.3559093475341797
PJM-load,metered_load_mw,marginal_loss_price_da,4,gross_sched_interchange_mw,0.35443276166915894
PJM-load,metered_load_mw,marginal_loss_price_da,5,∅,0.34778696298599243
PJM-load,metered_load_mw,total_lmp_da,1,total_pjm_assigned_reg + da_as_total_mw_thirty_minutes_reserve,0.5218246579170227
PJM-load,metered_load_mw,total_lmp_da,2,total_pjm_assigned_reg,0.5027406215667725
PJM-load,metered_load_mw,total_lmp_da,3,total_pjm_self_sched_reg + da_as_as_req_mw_thirty_minutes_reserve,0.5019937753677368
PJM-load,metered_load_mw,total_lmp_da,4,da_as_total_mw_thirty_minutes_reserve,0.5005466341972351
PJM-load,metered_load_mw,total_lmp_da,5,total_pjm_self_sched_reg + total_pjm_assigned_reg,0.4992471933364868
PJM-load,metered_load_mw,congestion_price_rt,1,total_pjm_self_sched_reg + da_as_as_req_mw_thirty_minutes_reserve,0.18206283450126648
PJM-load,metered_load_mw,congestion_price_rt,2,total_pjm_self_sched_reg + da_as_as_req_mw_primary_reserve,0.17878669500350952
PJM-load,metered_load_mw,congestion_price_rt,3,da_as_as_req_mw_thirty_minutes_reserve,0.17571303248405457
PJM-load,metered_load_mw,congestion_price_rt,4,da_as_as_req_mw_thirty_minutes_reserve + gross_sched_interchange_mw,0.1731013059616089
PJM-load,metered_load_mw,congestion_price_rt,5,rmpcp + da_as_as_req_mw_thirty_minutes_reserve,0.1675146520137787
PJM-load,metered_load_mw,da_as_total_mw_primary_reserve,1,da_as_total_mw_thirty_minutes_reserve,0.3713284730911255
PJM-load,metered_load_mw,da_as_total_mw_primary_reserve,2,total_pjm_assigned_reg + da_as_total_mw_thirty_minutes_reserve,0.3567301630973816
PJM-load,metered_load_mw,da_as_total_mw_primary_reserve,3,total_pjm_self_sched_reg + da_as_total_mw_thirty_minutes_reserve,0.35543954372406006
PJM-load,metered_load_mw,da_as_total_mw_primary_reserve,4,rmccp + da_as_total_mw_thirty_minutes_reserve,0.3527382016181946
PJM-load,metered_load_mw,da_as_total_mw_primary_reserve,5,rmpcp + da_as_total_mw_thirty_minutes_reserve,0.348410964012146
PJM-load,metered_load_mw,da_as_total_mw_synchronized_reserve,1,da_as_total_mw_thirty_minutes_reserve,0.3412659764289856
PJM-load,metered_load_mw,da_as_total_mw_synchronized_reserve,2,total_pjm_assigned_reg + da_as_total_mw_thirty_minutes_reserve,0.332645446062088
PJM-load,metered_load_mw,da_as_total_mw_synchronized_reserve,3,da_as_mcp_primary_reserve + da_as_total_mw_thirty_minutes_reserve,0.3241083025932312
PJM-load,metered_load_mw,da_as_total_mw_synchronized_reserve,4,total_pjm_self_sched_reg + da_as_total_mw_thirty_minutes_reserve,0.3211391568183899
PJM-load,metered_load_mw,da_as_total_mw_synchronized_reserve,5,rmccp + da_as_total_mw_thirty_minutes_reserve,0.319639652967453
PJM-load,metered_load_mw,da_as_total_mw_thirty_minutes_reserve,1,total_pjm_self_sched_reg + da_as_as_req_mw_thirty_minutes_reserve,0.34235379099845886
PJM-load,metered_load_mw,da_as_total_mw_thirty_minutes_reserve,2,total_pjm_self_sched_reg + da_as_as_req_mw_primary_reserve,0.3359036147594452
PJM-load,metered_load_mw,da_as_total_mw_thirty_minutes_reserve,3,da_as_as_req_mw_primary_reserve + gross_sched_interchange_mw,0.323405921459198
PJM-load,metered_load_mw,da_as_total_mw_thirty_minutes_reserve,4,total_pjm_self_sched_reg + da_as_total_mw_primary_reserve,0.3089563250541687
PJM-load,metered_load_mw,da_as_total_mw_thirty_minutes_reserve,5,da_as_as_req_mw_primary_reserve + da_as_as_req_mw_thirty_minutes_reserve,0.30839166045188904
PJM-gen/ic,total_gen,forecast_load_mw_latest_available,1,∅,0.9742300510406494
PJM-gen/ic,total_gen,forecast_load_mw_latest_available,2,total_pjm_self_sched_reg,0.9623348116874695
PJM-gen/ic,total_gen,forecast_load_mw_latest_available,3,total_pjm_assigned_reg,0.9573230147361755
PJM-gen/ic,total_gen,forecast_load_mw_latest_available,4,rmccp,0.92876797914505
PJM-gen/ic,total_gen,forecast_load_mw_latest_available,5,rmccp + total_pjm_self_sched_reg,0.9176570177078247
PJM-gen/ic,total_gen,forecast_load_mw_day_ahead,1,∅,0.9679668545722961
PJM-gen/ic,total_gen,forecast_load_mw_day_ahead,2,total_pjm_self_sched_reg,0.9566517472267151
PJM-gen/ic,total_gen,forecast_load_mw_day_ahead,3,total_pjm_assigned_reg,0.9512503743171692
PJM-gen/ic,total_gen,forecast_load_mw_day_ahead,4,rmccp,0.9225143790245056
PJM-gen/ic,total_gen,forecast_load_mw_day_ahead,5,rmccp + total_pjm_self_sched_reg,0.9115692973136902
PJM-gen/ic,total_gen,rmccp,1,da_as_mcp_primary_reserve + da_as_ss_mw_primary_reserve,0.14066198468208313
PJM-gen/ic,total_gen,rmccp,2,total_pjm_self_sched_reg + da_as_as_req_mw_thirty_minutes_reserve,0.11169472336769104
PJM-gen/ic,total_gen,rmccp,3,total_pjm_self_sched_reg + da_as_as_req_mw_primary_reserve,0.10833394527435303
PJM-gen/ic,total_gen,rmccp,4,total_pjm_assigned_reg + da_as_as_req_mw_thirty_minutes_reserve,0.09897127747535706
PJM-gen/ic,total_gen,rmccp,5,rmpcp + da_as_as_req_mw_thirty_minutes_reserve,0.097015380859375
PJM-gen/ic,total_gen,rmpcp,1,da_as_mcp_primary_reserve + da_as_ss_mw_primary_reserve,0.1637120544910431
PJM-gen/ic,total_gen,rmpcp,2,rmccp + total_pjm_self_sched_reg,0.11535894870758057
PJM-gen/ic,total_gen,rmpcp,3,total_pjm_self_sched_reg + da_as_mcp_primary_reserve,0.10646682977676392
PJM-gen/ic,total_gen,rmpcp,4,da_as_ss_mw_primary_reserve + system_energy_price_da,0.10390779376029968
PJM-gen/ic,total_gen,rmpcp,5,total_pjm_assigned_reg + congestion_price_rt,0.10241396725177765
PJM-gen/ic,total_gen,total_pjm_reg_purchases,1,da_as_mcp_primary_reserve + da_as_ss_mw_primary_reserve,0.21029983460903168
PJM-gen/ic,total_gen,total_pjm_reg_purchases,2,total_pjm_self_sched_reg + da_as_total_mw_thirty_minutes_reserve,0.1551782488822937
PJM-gen/ic,total_gen,total_pjm_reg_purchases,3,total_pjm_assigned_reg + da_as_total_mw_thirty_minutes_reserve,0.15504133701324463
PJM-gen/ic,total_gen,total_pjm_reg_purchases,4,da_as_total_mw_thirty_minutes_reserve,0.1531415581703186
PJM-gen/ic,total_gen,total_pjm_reg_purchases,5,rmccp + total_pjm_self_sched_reg,0.15276169776916504
PJM-gen/ic,total_gen,total_pjm_self_sched_reg,1,da_as_mcp_primary_reserve + da_as_ss_mw_primary_reserve,0.13703744113445282
PJM-gen/ic,total_gen,total_pjm_self_sched_reg,2,total_pjm_assigned_reg + da_as_total_mw_thirty_minutes_reserve,0.11158156394958496
PJM-gen/ic,total_gen,total_pjm_self_sched_reg,3,total_pjm_assigned_reg + da_as_mcp_primary_reserve,0.09875036776065826
PJM-gen/ic,total_gen,total_pjm_self_sched_reg,4,total_pjm_assigned_reg + da_as_mcp_synchronized_reserve,0.08765965700149536
PJM-gen/ic,total_gen,total_pjm_self_sched_reg,5,total_pjm_assigned_reg + gross_sched_interchange_mw,0.08185243606567383
PJM-gen/ic,total_gen,total_pjm_assigned_reg,1,da_as_mcp_primary_reserve + da_as_ss_mw_primary_reserve,0.14850230515003204
PJM-gen/ic,total_gen,total_pjm_assigned_reg,2,total_pjm_self_sched_reg + da_as_mcp_primary_reserve,0.11912687122821808
PJM-gen/ic,total_gen,total_pjm_assigned_reg,3,total_pjm_self_sched_reg + da_as_total_mw_thirty_minutes_reserve,0.10259276628494263
PJM-gen/ic,total_gen,total_pjm_assigned_reg,4,total_pjm_self_sched_reg + marginal_loss_price_rt,0.10168975591659546
PJM-gen/ic,total_gen,total_pjm_assigned_reg,5,total_pjm_self_sched_reg + total_lmp_da,0.0990908145904541
PJM-gen/ic,total_gen,da_as_mcp_primary_reserve,1,total_pjm_self_sched_reg + total_pjm_assigned_reg,0.1489109992980957
PJM-gen/ic,total_gen,da_as_mcp_primary_reserve,2,da_as_as_req_mw_thirty_minutes_reserve + gross_sched_interchange_mw,0.14262497425079346
PJM-gen/ic,total_gen,da_as_mcp_primary_reserve,3,total_pjm_self_sched_reg + da_as_as_req_mw_thirty_minutes_reserve,0.14125564694404602
PJM-gen/ic,total_gen,da_as_mcp_primary_reserve,4,total_pjm_self_sched_reg + da_as_as_req_mw_primary_reserve,0.13661780953407288
PJM-gen/ic,total_gen,da_as_mcp_primary_reserve,5,total_pjm_assigned_reg + gross_sched_interchange_mw,0.12956589460372925
PJM-gen/ic,total_gen,da_as_mcp_synchronized_reserve,1,da_as_as_req_mw_primary_reserve + gross_sched_interchange_mw,0.1661612093448639
PJM-gen/ic,total_gen,da_as_mcp_synchronized_reserve,2,total_pjm_self_sched_reg + da_as_as_req_mw_thirty_minutes_reserve,0.16210633516311646
PJM-gen/ic,total_gen,da_as_mcp_synchronized_reserve,3,total_pjm_self_sched_reg + da_as_as_req_mw_primary_reserve,0.1594972014427185
PJM-gen/ic,total_gen,da_as_mcp_synchronized_reserve,4,total_pjm_self_sched_reg + total_pjm_assigned_reg,0.15859699249267578
PJM-gen/ic,total_gen,da_as_mcp_synchronized_reserve,5,da_as_as_req_mw_thirty_minutes_reserve + gross_sched_interchange_mw,0.15692517161369324
PJM-gen/ic,total_gen,da_as_as_req_mw_primary_reserve,1,da_as_total_mw_thirty_minutes_reserve,0.4035465121269226
PJM-gen/ic,total_gen,da_as_as_req_mw_primary_reserve,2,total_pjm_self_sched_reg + da_as_total_mw_thirty_minutes_reserve,0.3938690423965454
PJM-gen/ic,total_gen,da_as_as_req_mw_primary_reserve,3,rmccp + da_as_total_mw_thirty_minutes_reserve,0.38778603076934814
PJM-gen/ic,total_gen,da_as_as_req_mw_primary_reserve,4,da_as_ss_mw_primary_reserve + da_as_total_mw_thirty_minutes_reserve,0.3823296129703522
PJM-gen/ic,total_gen,da_as_as_req_mw_primary_reserve,5,total_pjm_assigned_reg + da_as_total_mw_thirty_minutes_reserve,0.3813169002532959
PJM-gen/ic,total_gen,da_as_as_req_mw_thirty_minutes_reserve,1,total_pjm_self_sched_reg + da_as_total_mw_thirty_minutes_reserve,0.3356921076774597
PJM-gen/ic,total_gen,da_as_as_req_mw_thirty_minutes_reserve,2,da_as_total_mw_thirty_minutes_reserve,0.3336182236671448
PJM-gen/ic,total_gen,da_as_as_req_mw_thirty_minutes_reserve,3,da_as_ss_mw_primary_reserve + da_as_total_mw_thirty_minutes_reserve,0.32111939787864685
PJM-gen/ic,total_gen,da_as_as_req_mw_thirty_minutes_reserve,4,total_pjm_assigned_reg + da_as_total_mw_thirty_minutes_reserve,0.31833982467651367
PJM-gen/ic,total_gen,da_as_as_req_mw_thirty_minutes_reserve,5,rmccp + da_as_total_mw_thirty_minutes_reserve,0.31270378828048706
PJM-gen/ic,total_gen,da_as_ss_mw_primary_reserve,1,rmccp + total_pjm_self_sched_reg,0.13310736417770386
PJM-gen/ic,total_gen,da_as_ss_mw_primary_reserve,2,total_pjm_assigned_reg + da_as_total_mw_thirty_minutes_reserve,0.1199798583984375
PJM-gen/ic,total_gen,da_as_ss_mw_primary_reserve,3,da_as_as_req_mw_thirty_minutes_reserve,0.11885970830917358
PJM-gen/ic,total_gen,da_as_ss_mw_primary_reserve,4,rmccp + total_pjm_reg_purchases,0.11543390154838562
PJM-gen/ic,total_gen,da_as_ss_mw_primary_reserve,5,total_pjm_self_sched_reg + da_as_as_req_mw_thirty_minutes_reserve,0.11417001485824585
PJM-gen/ic,total_gen,da_as_nsr_mw_primary_reserve,1,da_as_mcp_primary_reserve + da_as_ss_mw_primary_reserve,0.4537307620048523
PJM-gen/ic,total_gen,da_as_nsr_mw_primary_reserve,2,∅,0.41533318161964417
PJM-gen/ic,total_gen,da_as_nsr_mw_primary_reserve,3,total_pjm_self_sched_reg,0.40304794907569885
PJM-gen/ic,total_gen,da_as_nsr_mw_primary_reserve,4,da_as_mcp_synchronized_reserve,0.4001450538635254
PJM-gen/ic,total_gen,da_as_nsr_mw_primary_reserve,5,total_pjm_assigned_reg,0.39652177691459656
PJM-gen/ic,total_gen,system_energy_price_da,1,total_pjm_assigned_reg + da_as_total_mw_thirty_minutes_reserve,0.46808600425720215
PJM-gen/ic,total_gen,system_energy_price_da,2,rmpcp + da_as_total_mw_thirty_minutes_reserve,0.4400620460510254
PJM-gen/ic,total_gen,system_energy_price_da,3,total_pjm_self_sched_reg + da_as_as_req_mw_thirty_minutes_reserve,0.43069642782211304
PJM-gen/ic,total_gen,system_energy_price_da,4,total_pjm_self_sched_reg + da_as_as_req_mw_primary_reserve,0.4235427677631378
PJM-gen/ic,total_gen,system_energy_price_da,5,da_as_total_mw_thirty_minutes_reserve,0.4208422899246216
PJM-gen/ic,total_gen,total_lmp_rt,1,total_pjm_self_sched_reg + da_as_as_req_mw_thirty_minutes_reserve,0.3225454092025757
PJM-gen/ic,total_gen,total_lmp_rt,2,total_pjm_self_sched_reg + da_as_as_req_mw_primary_reserve,0.3123761713504791
PJM-gen/ic,total_gen,total_lmp_rt,3,rmccp + total_pjm_self_sched_reg,0.30905681848526
PJM-gen/ic,total_gen,total_lmp_rt,4,da_as_as_req_mw_thirty_minutes_reserve + gross_sched_interchange_mw,0.3032405376434326
PJM-gen/ic,total_gen,total_lmp_rt,5,da_as_as_req_mw_thirty_minutes_reserve,0.30311086773872375
PJM-gen/ic,total_gen,marginal_loss_price_rt,1,total_pjm_self_sched_reg + total_pjm_assigned_reg,0.36019957065582275
PJM-gen/ic,total_gen,marginal_loss_price_rt,2,total_pjm_assigned_reg,0.3535165786743164
PJM-gen/ic,total_gen,marginal_loss_price_rt,3,total_pjm_self_sched_reg + da_as_as_req_mw_thirty_minutes_reserve,0.34313148260116577
PJM-gen/ic,total_gen,marginal_loss_price_rt,4,rmccp,0.34271442890167236
PJM-gen/ic,total_gen,marginal_loss_price_rt,5,rmccp + total_pjm_self_sched_reg,0.3422667980194092
PJM-gen/ic,total_gen,gross_sched_interchange_mw,1,da_as_mcp_primary_reserve + da_as_ss_mw_primary_reserve,0.16524581611156464
PJM-gen/ic,total_gen,gross_sched_interchange_mw,2,rmpcp + da_as_total_mw_thirty_minutes_reserve,0.1341421753168106
PJM-gen/ic,total_gen,gross_sched_interchange_mw,3,da_as_total_mw_thirty_minutes_reserve,0.12324190139770508
PJM-gen/ic,total_gen,gross_sched_interchange_mw,4,congestion_price_rt + da_as_total_mw_thirty_minutes_reserve,0.1149115264415741
PJM-gen/ic,total_gen,gross_sched_interchange_mw,5,total_pjm_self_sched_reg + da_as_mcp_primary_reserve,0.11420471966266632
PJM-gen/ic,total_gen,congestion_price_da,1,da_as_as_req_mw_thirty_minutes_reserve + gross_sched_interchange_mw,0.2503454089164734
PJM-gen/ic,total_gen,congestion_price_da,2,da_as_as_req_mw_primary_reserve + gross_sched_interchange_mw,0.2497844696044922
PJM-gen/ic,total_gen,congestion_price_da,3,total_pjm_self_sched_reg + total_pjm_assigned_reg,0.2457471489906311
PJM-gen/ic,total_gen,congestion_price_da,4,total_pjm_assigned_reg + gross_sched_interchange_mw,0.24149543046951294
PJM-gen/ic,total_gen,congestion_price_da,5,total_pjm_assigned_reg,0.24063515663146973
PJM-gen/ic,total_gen,marginal_loss_price_da,1,total_pjm_self_sched_reg,0.3146287798881531
PJM-gen/ic,total_gen,marginal_loss_price_da,2,total_pjm_self_sched_reg + gross_sched_interchange_mw,0.31405359506607056
PJM-gen/ic,total_gen,marginal_loss_price_da,3,total_pjm_assigned_reg + gross_sched_interchange_mw,0.31050729751586914
PJM-gen/ic,total_gen,marginal_loss_price_da,4,gross_sched_interchange_mw,0.30483752489089966
PJM-gen/ic,total_gen,marginal_loss_price_da,5,total_pjm_assigned_reg,0.3010212779045105
PJM-gen/ic,total_gen,total_lmp_da,1,total_pjm_assigned_reg + da_as_total_mw_thirty_minutes_reserve,0.48906588554382324
PJM-gen/ic,total_gen,total_lmp_da,2,da_as_total_mw_thirty_minutes_reserve,0.45973116159439087
PJM-gen/ic,total_gen,total_lmp_da,3,da_as_mcp_primary_reserve + da_as_total_mw_thirty_minutes_reserve,0.45913612842559814
PJM-gen/ic,total_gen,total_lmp_da,4,da_as_mcp_primary_reserve + da_as_ss_mw_primary_reserve,0.45738738775253296
PJM-gen/ic,total_gen,total_lmp_da,5,da_as_mcp_synchronized_reserve + da_as_total_mw_thirty_minutes_reserve,0.4569842219352722
PJM-gen/ic,total_gen,congestion_price_rt,1,total_pjm_self_sched_reg + da_as_as_req_mw_thirty_minutes_reserve,0.16182780265808105
PJM-gen/ic,total_gen,congestion_price_rt,2,da_as_mcp_primary_reserve + da_as_ss_mw_primary_reserve,0.1613764464855194
PJM-gen/ic,total_gen,congestion_price_rt,3,total_pjm_self_sched_reg + da_as_as_req_mw_primary_reserve,0.15943503379821777
PJM-gen/ic,total_gen,congestion_price_rt,4,da_as_as_req_mw_thirty_minutes_reserve,0.15020331740379333
PJM-gen/ic,total_gen,congestion_price_rt,5,da_as_as_req_mw_thirty_minutes_reserve + gross_sched_interchange_mw,0.1478104591369629
PJM-gen/ic,total_gen,da_as_total_mw_primary_reserve,1,da_as_total_mw_thirty_minutes_reserve,0.38998061418533325
PJM-gen/ic,total_gen,da_as_total_mw_primary_reserve,2,total_pjm_self_sched_reg + da_as_total_mw_thirty_minutes_reserve,0.377419650554657
PJM-gen/ic,total_gen,da_as_total_mw_primary_reserve,3,rmccp + da_as_total_mw_thirty_minutes_reserve,0.37732547521591187
PJM-gen/ic,total_gen,da_as_total_mw_primary_reserve,4,da_as_ss_mw_primary_reserve + da_as_total_mw_thirty_minutes_reserve,0.3729396164417267
PJM-gen/ic,total_gen,da_as_total_mw_primary_reserve,5,total_pjm_assigned_reg + da_as_total_mw_thirty_minutes_reserve,0.3724750280380249
PJM-gen/ic,total_gen,da_as_total_mw_synchronized_reserve,1,da_as_mcp_primary_reserve + da_as_ss_mw_primary_reserve,0.42238491773605347
PJM-gen/ic,total_gen,da_as_total_mw_synchronized_reserve,2,total_pjm_assigned_reg + da_as_total_mw_thirty_minutes_reserve,0.35569870471954346
PJM-gen/ic,total_gen,da_as_total_mw_synchronized_reserve,3,da_as_total_mw_thirty_minutes_reserve,0.3539038598537445
PJM-gen/ic,total_gen,da_as_total_mw_synchronized_reserve,4,rmccp + da_as_total_mw_thirty_minutes_reserve,0.34641873836517334
PJM-gen/ic,total_gen,da_as_total_mw_synchronized_reserve,5,da_as_mcp_primary_reserve + da_as_total_mw_thirty_minutes_reserve,0.34441906213760376
PJM-gen/ic,total_gen,da_as_total_mw_thirty_minutes_reserve,1,total_pjm_self_sched_reg + da_as_as_req_mw_thirty_minutes_reserve,0.31804728507995605
PJM-gen/ic,total_gen,da_as_total_mw_thirty_minutes_reserve,2,total_pjm_self_sched_reg + da_as_as_req_mw_primary_reserve,0.30500736832618713
PJM-gen/ic,total_gen,da_as_total_mw_thirty_minutes_reserve,3,da_as_as_req_mw_primary_reserve + gross_sched_interchange_mw,0.28301113843917847
PJM-gen/ic,total_gen,da_as_total_mw_thirty_minutes_reserve,4,da_as_as_req_mw_thirty_minutes_reserve,0.28172382712364197
PJM-gen/ic,total_gen,da_as_total_mw_thirty_minutes_reserve,5,da_as_as_req_mw_primary_reserve,0.28129690885543823
PJM-gen/ic,net_actual_interchange_mw,forecast_load_mw_latest_available,1,system_energy_price_da + marginal_loss_price_da,0.29361313581466675
PJM-gen/ic,net_actual_interchange_mw,forecast_load_mw_latest_available,2,marginal_loss_price_da + total_lmp_da,0.2614137530326843
PJM-gen/ic,net_actual_interchange_mw,forecast_load_mw_latest_available,3,da_as_mcp_synchronized_reserve + system_energy_price_da,0.24664832651615143
PJM-gen/ic,net_actual_interchange_mw,forecast_load_mw_latest_available,4,da_as_mcp_primary_reserve + system_energy_price_da,0.24016979336738586
PJM-gen/ic,net_actual_interchange_mw,forecast_load_mw_latest_available,5,system_energy_price_da + marginal_loss_price_rt,0.23356562852859497
PJM-gen/ic,net_actual_interchange_mw,forecast_load_mw_day_ahead,1,system_energy_price_da + marginal_loss_price_da,0.29446250200271606
PJM-gen/ic,net_actual_interchange_mw,forecast_load_mw_day_ahead,2,marginal_loss_price_da + total_lmp_da,0.27544966340065
PJM-gen/ic,net_actual_interchange_mw,forecast_load_mw_day_ahead,3,da_as_mcp_synchronized_reserve + system_energy_price_da,0.2509766221046448
PJM-gen/ic,net_actual_interchange_mw,forecast_load_mw_day_ahead,4,system_energy_price_da + marginal_loss_price_rt,0.2390037178993225
PJM-gen/ic,net_actual_interchange_mw,forecast_load_mw_day_ahead,5,da_as_ss_mw_primary_reserve + total_lmp_da,0.2381698489189148
PJM-gen/ic,net_actual_interchange_mw,rmccp,1,forecast_load_mw_latest_available + gross_sched_interchange_mw,0.07019060850143433
PJM-gen/ic,net_actual_interchange_mw,rmccp,2,forecast_load_mw_day_ahead + gross_sched_interchange_mw,0.06979721784591675
PJM-gen/ic,net_actual_interchange_mw,rmccp,3,forecast_load_mw_day_ahead + da_as_ss_mw_primary_reserve,0.06819631159305573
PJM-gen/ic,net_actual_interchange_mw,rmccp,4,forecast_load_mw_latest_available + da_as_ss_mw_primary_reserve,0.06549684703350067
PJM-gen/ic,net_actual_interchange_mw,rmccp,5,forecast_load_mw_latest_available + total_pjm_self_sched_reg,0.059123456478118896
PJM-gen/ic,net_actual_interchange_mw,rmpcp,1,da_as_ss_mw_primary_reserve + total_lmp_da,0.11551716923713684
PJM-gen/ic,net_actual_interchange_mw,rmpcp,2,da_as_ss_mw_primary_reserve + marginal_loss_price_da,0.1101040169596672
PJM-gen/ic,net_actual_interchange_mw,rmpcp,3,da_as_ss_mw_primary_reserve + system_energy_price_da,0.10613343119621277
PJM-gen/ic,net_actual_interchange_mw,rmpcp,4,da_as_ss_mw_primary_reserve + gross_sched_interchange_mw,0.10075941681861877
PJM-gen/ic,net_actual_interchange_mw,rmpcp,5,da_as_ss_mw_primary_reserve + total_lmp_rt,0.09654835611581802
PJM-gen/ic,net_actual_interchange_mw,total_pjm_reg_purchases,1,total_pjm_self_sched_reg + gross_sched_interchange_mw,0.24582350254058838
PJM-gen/ic,net_actual_interchange_mw,total_pjm_reg_purchases,2,forecast_load_mw_day_ahead + gross_sched_interchange_mw,0.22737908363342285
PJM-gen/ic,net_actual_interchange_mw,total_pjm_reg_purchases,3,forecast_load_mw_latest_available + gross_sched_interchange_mw,0.22570788860321045
PJM-gen/ic,net_actual_interchange_mw,total_pjm_reg_purchases,4,da_as_mcp_primary_reserve + gross_sched_interchange_mw,0.22435712814331055
PJM-gen/ic,net_actual_interchange_mw,total_pjm_reg_purchases,5,gross_sched_interchange_mw,0.22172844409942627
PJM-gen/ic,net_actual_interchange_mw,total_pjm_self_sched_reg,1,total_pjm_assigned_reg + da_as_mcp_synchronized_reserve,0.17740057408809662
PJM-gen/ic,net_actual_interchange_mw,total_pjm_self_sched_reg,2,total_pjm_assigned_reg + gross_sched_interchange_mw,0.16815775632858276
PJM-gen/ic,net_actual_interchange_mw,total_pjm_self_sched_reg,3,rmccp + total_pjm_assigned_reg,0.1636015772819519
PJM-gen/ic,net_actual_interchange_mw,total_pjm_self_sched_reg,4,total_pjm_assigned_reg + da_as_mcp_primary_reserve,0.16137564182281494
PJM-gen/ic,net_actual_interchange_mw,total_pjm_self_sched_reg,5,total_pjm_assigned_reg + total_lmp_da,0.1553945541381836
PJM-gen/ic,net_actual_interchange_mw,total_pjm_assigned_reg,1,total_pjm_self_sched_reg + gross_sched_interchange_mw,0.27710163593292236
PJM-gen/ic,net_actual_interchange_mw,total_pjm_assigned_reg,2,total_pjm_self_sched_reg + da_as_mcp_synchronized_reserve,0.23126104474067688
PJM-gen/ic,net_actual_interchange_mw,total_pjm_assigned_reg,3,total_pjm_self_sched_reg + da_as_mcp_primary_reserve,0.2232716977596283
PJM-gen/ic,net_actual_interchange_mw,total_pjm_assigned_reg,4,forecast_load_mw_day_ahead + total_pjm_self_sched_reg,0.22113710641860962
PJM-gen/ic,net_actual_interchange_mw,total_pjm_assigned_reg,5,forecast_load_mw_latest_available + total_pjm_self_sched_reg,0.21516895294189453
PJM-gen/ic,net_actual_interchange_mw,da_as_mcp_primary_reserve,1,da_as_total_mw_synchronized_reserve,0.09554189443588257
PJM-gen/ic,net_actual_interchange_mw,da_as_mcp_primary_reserve,2,total_pjm_self_sched_reg + da_as_total_mw_synchronized_reserve,0.09173531830310822
PJM-gen/ic,net_actual_interchange_mw,da_as_mcp_primary_reserve,3,gross_sched_interchange_mw + da_as_total_mw_synchronized_reserve,0.08349481225013733
PJM-gen/ic,net_actual_interchange_mw,da_as_mcp_primary_reserve,4,rmccp + da_as_total_mw_synchronized_reserve,0.07643674314022064
PJM-gen/ic,net_actual_interchange_mw,da_as_mcp_primary_reserve,5,forecast_load_mw_latest_available + da_as_total_mw_synchronized_reserve,0.07635101675987244
PJM-gen/ic,net_actual_interchange_mw,da_as_mcp_synchronized_reserve,1,forecast_load_mw_day_ahead + da_as_ss_mw_primary_reserve,0.1174299567937851
PJM-gen/ic,net_actual_interchange_mw,da_as_mcp_synchronized_reserve,2,forecast_load_mw_latest_available + da_as_ss_mw_primary_reserve,0.11678975820541382
PJM-gen/ic,net_actual_interchange_mw,da_as_mcp_synchronized_reserve,3,forecast_load_mw_latest_available + da_as_total_mw_synchronized_reserve,0.09227824211120605
PJM-gen/ic,net_actual_interchange_mw,da_as_mcp_synchronized_reserve,4,da_as_total_mw_synchronized_reserve,0.08695802092552185
PJM-gen/ic,net_actual_interchange_mw,da_as_mcp_synchronized_reserve,5,gross_sched_interchange_mw + da_as_total_mw_synchronized_reserve,0.08686321973800659
PJM-gen/ic,net_actual_interchange_mw,da_as_as_req_mw_primary_reserve,1,da_as_mcp_synchronized_reserve,0.43365219235420227
PJM-gen/ic,net_actual_interchange_mw,da_as_as_req_mw_primary_reserve,2,da_as_mcp_primary_reserve + da_as_mcp_synchronized_reserve,0.4233566224575043
PJM-gen/ic,net_actual_interchange_mw,da_as_as_req_mw_primary_reserve,3,rmccp + da_as_mcp_synchronized_reserve,0.4233335852622986
PJM-gen/ic,net_actual_interchange_mw,da_as_as_req_mw_primary_reserve,4,marginal_loss_price_da,0.42160069942474365
PJM-gen/ic,net_actual_interchange_mw,da_as_as_req_mw_primary_reserve,5,da_as_mcp_synchronized_reserve + marginal_loss_price_da,0.42059749364852905
PJM-gen/ic,net_actual_interchange_mw,da_as_as_req_mw_thirty_minutes_reserve,1,da_as_mcp_synchronized_reserve + da_as_ss_mw_primary_reserve,0.29301801323890686
PJM-gen/ic,net_actual_interchange_mw,da_as_as_req_mw_thirty_minutes_reserve,2,da_as_ss_mw_primary_reserve,0.29217004776000977
PJM-gen/ic,net_actual_interchange_mw,da_as_as_req_mw_thirty_minutes_reserve,3,da_as_mcp_synchronized_reserve,0.2905588150024414
PJM-gen/ic,net_actual_interchange_mw,da_as_as_req_mw_thirty_minutes_reserve,4,da_as_ss_mw_primary_reserve + marginal_loss_price_da,0.2904515266418457
PJM-gen/ic,net_actual_interchange_mw,da_as_as_req_mw_thirty_minutes_reserve,5,rmccp + da_as_mcp_synchronized_reserve,0.28363344073295593
PJM-gen/ic,net_actual_interchange_mw,da_as_ss_mw_primary_reserve,1,forecast_load_mw_latest_available + da_as_mcp_synchronized_reserve,0.10174456238746643
PJM-gen/ic,net_actual_interchange_mw,da_as_ss_mw_primary_reserve,2,total_pjm_self_sched_reg + da_as_mcp_primary_reserve,0.10143892467021942
PJM-gen/ic,net_actual_interchange_mw,da_as_ss_mw_primary_reserve,3,forecast_load_mw_day_ahead + gross_sched_interchange_mw,0.10074079036712646
PJM-gen/ic,net_actual_interchange_mw,da_as_ss_mw_primary_reserve,4,forecast_load_mw_day_ahead + total_pjm_self_sched_reg,0.10050976276397705
PJM-gen/ic,net_actual_interchange_mw,da_as_ss_mw_primary_reserve,5,rmpcp + gross_sched_interchange_mw,0.09869059920310974
PJM-gen/ic,net_actual_interchange_mw,da_as_nsr_mw_primary_reserve,1,da_as_mcp_synchronized_reserve + da_as_ss_mw_primary_reserve,0.2437509000301361
PJM-gen/ic,net_actual_interchange_mw,da_as_nsr_mw_primary_reserve,2,da_as_mcp_synchronized_reserve + system_energy_price_da,0.23758365213871002
PJM-gen/ic,net_actual_interchange_mw,da_as_nsr_mw_primary_reserve,3,da_as_mcp_primary_reserve + da_as_ss_mw_primary_reserve,0.2352026104927063
PJM-gen/ic,net_actual_interchange_mw,da_as_nsr_mw_primary_reserve,4,da_as_ss_mw_primary_reserve + total_lmp_da,0.23291084170341492
PJM-gen/ic,net_actual_interchange_mw,da_as_nsr_mw_primary_reserve,5,marginal_loss_price_da + total_lmp_da,0.23283621668815613
PJM-gen/ic,net_actual_interchange_mw,system_energy_price_da,1,forecast_load_mw_day_ahead + gross_sched_interchange_mw,0.2921810746192932
PJM-gen/ic,net_actual_interchange_mw,system_energy_price_da,2,forecast_load_mw_latest_available + gross_sched_interchange_mw,0.2855949401855469
PJM-gen/ic,net_actual_interchange_mw,system_energy_price_da,3,forecast_load_mw_day_ahead + total_pjm_self_sched_reg,0.2596926689147949
PJM-gen/ic,net_actual_interchange_mw,system_energy_price_da,4,forecast_load_mw_latest_available,0.25944697856903076
PJM-gen/ic,net_actual_interchange_mw,system_energy_price_da,5,forecast_load_mw_day_ahead,0.25908398628234863
PJM-gen/ic,net_actual_interchange_mw,total_lmp_rt,1,forecast_load_mw_day_ahead + gross_sched_interchange_mw,0.14844924211502075
PJM-gen/ic,net_actual_interchange_mw,total_lmp_rt,2,forecast_load_mw_latest_available + gross_sched_interchange_mw,0.144270658493042
PJM-gen/ic,net_actual_interchange_mw,total_lmp_rt,3,forecast_load_mw_day_ahead + da_as_ss_mw_primary_reserve,0.12047819793224335
PJM-gen/ic,net_actual_interchange_mw,total_lmp_rt,4,forecast_load_mw_day_ahead + total_pjm_self_sched_reg,0.11755543947219849
PJM-gen/ic,net_actual_interchange_mw,total_lmp_rt,5,forecast_load_mw_day_ahead,0.11737328767776489
PJM-gen/ic,net_actual_interchange_mw,marginal_loss_price_rt,1,forecast_load_mw_day_ahead + gross_sched_interchange_mw,0.20731830596923828
PJM-gen/ic,net_actual_interchange_mw,marginal_loss_price_rt,2,forecast_load_mw_latest_available + gross_sched_interchange_mw,0.20190227031707764
PJM-gen/ic,net_actual_interchange_mw,marginal_loss_price_rt,3,forecast_load_mw_day_ahead,0.15877866744995117
PJM-gen/ic,net_actual_interchange_mw,marginal_loss_price_rt,4,forecast_load_mw_latest_available,0.15752780437469482
PJM-gen/ic,net_actual_interchange_mw,marginal_loss_price_rt,5,forecast_load_mw_latest_available + forecast_load_mw_day_ahead,0.1529563069343567
PJM-gen/ic,net_actual_interchange_mw,gross_sched_interchange_mw,1,total_pjm_assigned_reg + marginal_loss_price_rt,0.312976598739624
PJM-gen/ic,net_actual_interchange_mw,gross_sched_interchange_mw,2,rmpcp + marginal_loss_price_rt,0.3129754364490509
PJM-gen/ic,net_actual_interchange_mw,gross_sched_interchange_mw,3,marginal_loss_price_rt,0.30822181701660156
PJM-gen/ic,net_actual_interchange_mw,gross_sched_interchange_mw,4,total_lmp_rt + marginal_loss_price_rt,0.3080363869667053
PJM-gen/ic,net_actual_interchange_mw,gross_sched_interchange_mw,5,total_pjm_reg_purchases + marginal_loss_price_rt,0.3003664016723633
PJM-gen/ic,net_actual_interchange_mw,congestion_price_da,1,forecast_load_mw_day_ahead + total_pjm_self_sched_reg,0.13001805543899536
PJM-gen/ic,net_actual_interchange_mw,congestion_price_da,2,forecast_load_mw_latest_available + total_pjm_self_sched_reg,0.12692326307296753
PJM-gen/ic,net_actual_interchange_mw,congestion_price_da,3,forecast_load_mw_latest_available + da_as_ss_mw_primary_reserve,0.12467381358146667
PJM-gen/ic,net_actual_interchange_mw,congestion_price_da,4,forecast_load_mw_day_ahead,0.12276226282119751
PJM-gen/ic,net_actual_interchange_mw,congestion_price_da,5,forecast_load_mw_day_ahead + gross_sched_interchange_mw,0.12208646535873413
PJM-gen/ic,net_actual_interchange_mw,marginal_loss_price_da,1,forecast_load_mw_day_ahead + gross_sched_interchange_mw,0.17734867334365845
PJM-gen/ic,net_actual_interchange_mw,marginal_loss_price_da,2,forecast_load_mw_latest_available + gross_sched_interchange_mw,0.17588001489639282
PJM-gen/ic,net_actual_interchange_mw,marginal_loss_price_da,3,forecast_load_mw_day_ahead + da_as_ss_mw_primary_reserve,0.17237477004528046
PJM-gen/ic,net_actual_interchange_mw,marginal_loss_price_da,4,forecast_load_mw_latest_available + rmccp,0.1689525544643402
PJM-gen/ic,net_actual_interchange_mw,marginal_loss_price_da,5,forecast_load_mw_day_ahead,0.16780489683151245
PJM-gen/ic,net_actual_interchange_mw,total_lmp_da,1,forecast_load_mw_day_ahead + gross_sched_interchange_mw,0.275065541267395
PJM-gen/ic,net_actual_interchange_mw,total_lmp_da,2,forecast_load_mw_latest_available + gross_sched_interchange_mw,0.271655797958374
PJM-gen/ic,net_actual_interchange_mw,total_lmp_da,3,forecast_load_mw_latest_available,0.24676728248596191
PJM-gen/ic,net_actual_interchange_mw,total_lmp_da,4,forecast_load_mw_day_ahead,0.24589693546295166
PJM-gen/ic,net_actual_interchange_mw,total_lmp_da,5,forecast_load_mw_day_ahead + da_as_ss_mw_primary_reserve,0.24542643129825592
PJM-gen/ic,net_actual_interchange_mw,congestion_price_rt,1,forecast_load_mw_day_ahead + gross_sched_interchange_mw,0.09843975305557251
PJM-gen/ic,net_actual_interchange_mw,congestion_price_rt,2,forecast_load_mw_latest_available + gross_sched_interchange_mw,0.09651511907577515
PJM-gen/ic,net_actual_interchange_mw,congestion_price_rt,3,forecast_load_mw_day_ahead + da_as_ss_mw_primary_reserve,0.09361284971237183
PJM-gen/ic,net_actual_interchange_mw,congestion_price_rt,4,forecast_load_mw_day_ahead + total_pjm_self_sched_reg,0.07918941974639893
PJM-gen/ic,net_actual_interchange_mw,congestion_price_rt,5,forecast_load_mw_latest_available + total_pjm_self_sched_reg,0.07312852144241333
PJM-gen/ic,net_actual_interchange_mw,da_as_total_mw_primary_reserve,1,marginal_loss_price_da,0.3431380093097687
PJM-gen/ic,net_actual_interchange_mw,da_as_total_mw_primary_reserve,2,marginal_loss_price_da + total_lmp_da,0.33784961700439453
PJM-gen/ic,net_actual_interchange_mw,da_as_total_mw_primary_reserve,3,da_as_mcp_synchronized_reserve + marginal_loss_price_da,0.3353172242641449
PJM-gen/ic,net_actual_interchange_mw,da_as_total_mw_primary_reserve,4,da_as_ss_mw_primary_reserve + marginal_loss_price_da,0.3345394730567932
PJM-gen/ic,net_actual_interchange_mw,da_as_total_mw_primary_reserve,5,da_as_mcp_primary_reserve + marginal_loss_price_da,0.3214232623577118
PJM-gen/ic,net_actual_interchange_mw,da_as_total_mw_synchronized_reserve,1,da_as_mcp_primary_reserve + marginal_loss_price_da,0.29090234637260437
PJM-gen/ic,net_actual_interchange_mw,da_as_total_mw_synchronized_reserve,2,da_as_mcp_synchronized_reserve + marginal_loss_price_da,0.29013317823410034
PJM-gen/ic,net_actual_interchange_mw,da_as_total_mw_synchronized_reserve,3,da_as_mcp_primary_reserve,0.2807222604751587
PJM-gen/ic,net_actual_interchange_mw,da_as_total_mw_synchronized_reserve,4,da_as_mcp_primary_reserve + da_as_mcp_synchronized_reserve,0.2764357626438141
PJM-gen/ic,net_actual_interchange_mw,da_as_total_mw_synchronized_reserve,5,rmccp + da_as_mcp_primary_reserve,0.27266189455986023
PJM-gen/ic,net_actual_interchange_mw,da_as_total_mw_thirty_minutes_reserve,1,forecast_load_mw_latest_available + forecast_load_mw_day_ahead,0.27586179971694946
PJM-gen/ic,net_actual_interchange_mw,da_as_total_mw_thirty_minutes_reserve,2,forecast_load_mw_latest_available,0.25872546434402466
PJM-gen/ic,net_actual_interchange_mw,da_as_total_mw_thirty_minutes_reserve,3,forecast_load_mw_day_ahead + da_as_ss_mw_primary_reserve,0.2538599967956543
PJM-gen/ic,net_actual_interchange_mw,da_as_total_mw_thirty_minutes_reserve,4,forecast_load_mw_day_ahead,0.2534564733505249
PJM-gen/ic,net_actual_interchange_mw,da_as_total_mw_thirty_minutes_reserve,5,forecast_load_mw_latest_available + total_pjm_self_sched_reg,0.24953585863113403
CAISO-load,actual_load__mw__ca_iso_tac,dam_load_forecast__mw__pge_tac,1,dam_renewable_forecast__mw__sp15__solar,0.773108959197998
CAISO-load,actual_load__mw__ca_iso_tac,dam_load_forecast__mw__pge_tac,2,dam_renewable_forecast__mw__zp26__solar,0.7619537115097046
CAISO-load,actual_load__mw__ca_iso_tac,dam_load_forecast__mw__pge_tac,3,dam_renewable_forecast__mw__sp15__solar + dam_renewable_forecast__mw__sp15__wind,0.7491679191589355
CAISO-load,actual_load__mw__ca_iso_tac,dam_load_forecast__mw__pge_tac,4,dam_renewable_forecast__mw__sp15__wind + dam_renewable_forecast__mw__zp26__solar,0.7473267912864685
CAISO-load,actual_load__mw__ca_iso_tac,dam_load_forecast__mw__pge_tac,5,dam_renewable_forecast__mw__np15__solar,0.7440522313117981
CAISO-load,actual_load__mw__ca_iso_tac,dam_load_forecast__mw__sce_tac,1,rt15_lmp_hourly_mean__loss_usd_per_mwh__th_np15_gen_apnd,0.8518344759941101
CAISO-load,actual_load__mw__ca_iso_tac,dam_load_forecast__mw__sce_tac,2,dam_renewable_forecast__mw__zp26__wind + rt15_lmp_hourly_mean__loss_usd_per_mwh__th_np15_gen_apnd,0.8425543308258057
CAISO-load,actual_load__mw__ca_iso_tac,dam_load_forecast__mw__sce_tac,3,dam_renewable_forecast__mw__sp15__wind + rt15_lmp_hourly_mean__loss_usd_per_mwh__th_np15_gen_apnd,0.8379060626029968
CAISO-load,actual_load__mw__ca_iso_tac,dam_load_forecast__mw__sce_tac,4,dam_renewable_forecast__mw__sp15__wind,0.8333979845046997
CAISO-load,actual_load__mw__ca_iso_tac,dam_load_forecast__mw__sce_tac,5,∅,0.8247627019882202
CAISO-load,actual_load__mw__ca_iso_tac,dam_load_forecast__mw__sdge_tac,1,dam_renewable_forecast__mw__sp15__solar,0.6990875005722046
CAISO-load,actual_load__mw__ca_iso_tac,dam_load_forecast__mw__sdge_tac,2,dam_renewable_forecast__mw__sp15__solar + dam_renewable_forecast__mw__sp15__wind,0.6806186437606812
CAISO-load,actual_load__mw__ca_iso_tac,dam_load_forecast__mw__sdge_tac,3,dam_renewable_forecast__mw__np15__wind + dam_renewable_forecast__mw__sp15__solar,0.6745725870132446
CAISO-load,actual_load__mw__ca_iso_tac,dam_load_forecast__mw__sdge_tac,4,dam_renewable_forecast__mw__zp26__solar,0.6689873933792114
CAISO-load,actual_load__mw__ca_iso_tac,dam_load_forecast__mw__sdge_tac,5,dam_renewable_forecast__mw__sp15__solar + dam_renewable_forecast__mw__zp26__wind,0.6651085019111633
CAISO-load,actual_load__mw__ca_iso_tac,dam_renewable_forecast__mw__np15__solar,1,dam_renewable_forecast__mw__np15__wind + dam_lmp__energy_usd_per_mwh__th_sp15_gen_apnd,0.39342767000198364
CAISO-load,actual_load__mw__ca_iso_tac,dam_renewable_forecast__mw__np15__solar,2,dam_lmp__energy_usd_per_mwh__th_sp15_gen_apnd,0.3926844596862793
CAISO-load,actual_load__mw__ca_iso_tac,dam_renewable_forecast__mw__np15__solar,3,dam_renewable_forecast__mw__np15__wind + dam_lmp__lmp_usd_per_mwh__th_np15_gen_apnd,0.391105592250824
CAISO-load,actual_load__mw__ca_iso_tac,dam_renewable_forecast__mw__np15__solar,4,dam_lmp__lmp_usd_per_mwh__th_np15_gen_apnd + dam_schedule__mw__import__caiso_totals,0.3872784376144409
CAISO-load,actual_load__mw__ca_iso_tac,dam_renewable_forecast__mw__np15__solar,5,dam_renewable_forecast__mw__sp15__wind + dam_lmp__energy_usd_per_mwh__th_sp15_gen_apnd,0.3854386806488037
CAISO-load,actual_load__mw__ca_iso_tac,dam_renewable_forecast__mw__np15__wind,1,dam_lmp__energy_usd_per_mwh__th_sp15_gen_apnd + dam_lmp__lmp_usd_per_mwh__th_sp15_gen_apnd,0.16562819480895996
CAISO-load,actual_load__mw__ca_iso_tac,dam_renewable_forecast__mw__np15__wind,2,dam_lmp__lmp_usd_per_mwh__th_sp15_gen_apnd + dam_lmp__congestion_usd_per_mwh__th_sp15_gen_apnd,0.16283127665519714
CAISO-load,actual_load__mw__ca_iso_tac,dam_renewable_forecast__mw__np15__wind,3,dam_renewable_forecast__mw__sp15__solar + dam_lmp__lmp_usd_per_mwh__th_np15_gen_apnd,0.16248762607574463
CAISO-load,actual_load__mw__ca_iso_tac,dam_renewable_forecast__mw__np15__wind,4,dam_renewable_forecast__mw__zp26__solar + dam_lmp__lmp_usd_per_mwh__th_np15_gen_apnd,0.16145718097686768
CAISO-load,actual_load__mw__ca_iso_tac,dam_renewable_forecast__mw__np15__wind,5,dam_lmp__lmp_usd_per_mwh__th_zp26_gen_apnd + dam_lmp__loss_usd_per_mwh__th_sp15_gen_apnd,0.16138100624084473
CAISO-load,actual_load__mw__ca_iso_tac,dam_renewable_forecast__mw__sp15__solar,1,dam_schedule__mw__load__tac_south,0.4164687991142273
CAISO-load,actual_load__mw__ca_iso_tac,dam_renewable_forecast__mw__sp15__solar,2,dam_renewable_forecast__mw__np15__wind + dam_lmp__energy_usd_per_mwh__th_sp15_gen_apnd,0.41204434633255005
CAISO-load,actual_load__mw__ca_iso_tac,dam_renewable_forecast__mw__sp15__solar,3,dam_renewable_forecast__mw__np15__wind + dam_schedule__mw__load__tac_south,0.4110513925552368
CAISO-load,actual_load__mw__ca_iso_tac,dam_renewable_forecast__mw__sp15__solar,4,dam_renewable_forecast__mw__sp15__wind + dam_lmp__energy_usd_per_mwh__th_sp15_gen_apnd,0.4047873020172119
CAISO-load,actual_load__mw__ca_iso_tac,dam_renewable_forecast__mw__sp15__solar,5,dam_renewable_forecast__mw__sp15__wind + dam_schedule__mw__load__tac_south,0.3967105746269226
CAISO-load,actual_load__mw__ca_iso_tac,dam_renewable_forecast__mw__sp15__wind,1,dam_lmp__lmp_usd_per_mwh__th_zp26_gen_apnd + rt15_lmp_hourly_mean__loss_usd_per_mwh__th_np15_gen_apnd,0.1450999677181244
CAISO-load,actual_load__mw__ca_iso_tac,dam_renewable_forecast__mw__sp15__wind,2,rt15_lmp_hourly_mean__loss_usd_per_mwh__th_np15_gen_apnd + dam_lmp__lmp_usd_per_mwh__th_sp15_gen_apnd,0.14287489652633667
CAISO-load,actual_load__mw__ca_iso_tac,dam_renewable_forecast__mw__sp15__wind,3,dam_lmp__lmp_usd_per_mwh__th_zp26_gen_apnd + dam_as_total_procured__mw__ru__as_caiso,0.1353219747543335
CAISO-load,actual_load__mw__ca_iso_tac,dam_renewable_forecast__mw__sp15__wind,4,dam_renewable_forecast__mw__np15__wind + dam_as_requirement__mw__as_caiso__spinning_reserve__minimum,0.12302547693252563
CAISO-load,actual_load__mw__ca_iso_tac,dam_renewable_forecast__mw__sp15__wind,5,dam_schedule__mw__import__caiso_totals + dam_lmp__lmp_usd_per_mwh__th_sp15_gen_apnd,0.11938586831092834
CAISO-load,actual_load__mw__ca_iso_tac,dam_renewable_forecast__mw__zp26__solar,1,dam_renewable_forecast__mw__np15__wind + dam_lmp__energy_usd_per_mwh__th_sp15_gen_apnd,0.4003141522407532
CAISO-load,actual_load__mw__ca_iso_tac,dam_renewable_forecast__mw__zp26__solar,2,dam_renewable_forecast__mw__np15__wind + dam_schedule__mw__load__tac_south,0.39792174100875854
CAISO-load,actual_load__mw__ca_iso_tac,dam_renewable_forecast__mw__zp26__solar,3,dam_schedule__mw__load__tac_south,0.3951790928840637
CAISO-load,actual_load__mw__ca_iso_tac,dam_renewable_forecast__mw__zp26__solar,4,dam_lmp__energy_usd_per_mwh__th_sp15_gen_apnd,0.39325326681137085
CAISO-load,actual_load__mw__ca_iso_tac,dam_renewable_forecast__mw__zp26__solar,5,dam_renewable_forecast__mw__sp15__wind + dam_lmp__energy_usd_per_mwh__th_sp15_gen_apnd,0.3904438018798828
CAISO-load,actual_load__mw__ca_iso_tac,dam_renewable_forecast__mw__zp26__wind,1,dam_as_requirement__mw__as_caiso__spinning_reserve__minimum + dam_as_total_procured__mw__ru__as_caiso,0.1096307635307312
CAISO-load,actual_load__mw__ca_iso_tac,dam_renewable_forecast__mw__zp26__wind,2,dam_renewable_forecast__mw__np15__wind + dam_as_requirement__mw__as_caiso__spinning_reserve__minimum,0.09143787622451782
CAISO-load,actual_load__mw__ca_iso_tac,dam_renewable_forecast__mw__zp26__wind,3,dam_renewable_forecast__mw__np15__wind + dam_renewable_forecast__mw__sp15__solar,0.07500414550304413
CAISO-load,actual_load__mw__ca_iso_tac,dam_renewable_forecast__mw__zp26__wind,4,dam_renewable_forecast__mw__np15__wind + dam_renewable_forecast__mw__zp26__solar,0.07326772809028625
CAISO-load,actual_load__mw__ca_iso_tac,dam_renewable_forecast__mw__zp26__wind,5,dam_renewable_forecast__mw__np15__solar + dam_schedule__mw__export__caiso_totals,0.06726005673408508
CAISO-load,actual_load__mw__ca_iso_tac,dam_lmp__energy_usd_per_mwh__th_sp15_gen_apnd,1,dam_renewable_forecast__mw__np15__wind + dam_renewable_forecast__mw__sp15__solar,0.5121477842330933
CAISO-load,actual_load__mw__ca_iso_tac,dam_lmp__energy_usd_per_mwh__th_sp15_gen_apnd,2,dam_renewable_forecast__mw__sp15__solar + dam_renewable_forecast__mw__sp15__wind,0.49272942543029785
CAISO-load,actual_load__mw__ca_iso_tac,dam_lmp__energy_usd_per_mwh__th_sp15_gen_apnd,3,dam_renewable_forecast__mw__np15__wind + dam_renewable_forecast__mw__zp26__solar,0.47965753078460693
CAISO-load,actual_load__mw__ca_iso_tac,dam_lmp__energy_usd_per_mwh__th_sp15_gen_apnd,4,dam_renewable_forecast__mw__sp15__wind + dam_renewable_forecast__mw__zp26__solar,0.4727475643157959
CAISO-load,actual_load__mw__ca_iso_tac,dam_lmp__energy_usd_per_mwh__th_sp15_gen_apnd,5,dam_renewable_forecast__mw__np15__solar + dam_renewable_forecast__mw__sp15__wind,0.4526674151420593
CAISO-load,actual_load__mw__ca_iso_tac,dam_lmp__lmp_usd_per_mwh__th_np15_gen_apnd,1,dam_renewable_forecast__mw__np15__wind + dam_renewable_forecast__mw__zp26__solar,0.4132028818130493
CAISO-load,actual_load__mw__ca_iso_tac,dam_lmp__lmp_usd_per_mwh__th_np15_gen_apnd,2,dam_renewable_forecast__mw__np15__solar + dam_renewable_forecast__mw__np15__wind,0.4012240469455719
CAISO-load,actual_load__mw__ca_iso_tac,dam_lmp__lmp_usd_per_mwh__th_np15_gen_apnd,3,dam_renewable_forecast__mw__np15__wind + dam_renewable_forecast__mw__sp15__solar,0.39511579275131226
CAISO-load,actual_load__mw__ca_iso_tac,dam_lmp__lmp_usd_per_mwh__th_np15_gen_apnd,4,dam_renewable_forecast__mw__np15__solar + dam_renewable_forecast__mw__sp15__wind,0.3812420964241028
CAISO-load,actual_load__mw__ca_iso_tac,dam_lmp__lmp_usd_per_mwh__th_np15_gen_apnd,5,dam_renewable_forecast__mw__sp15__wind + dam_renewable_forecast__mw__zp26__solar,0.3715348243713379
CAISO-load,actual_load__mw__ca_iso_tac,dam_lmp__lmp_usd_per_mwh__th_zp26_gen_apnd,1,dam_renewable_forecast__mw__np15__wind + dam_renewable_forecast__mw__sp15__solar,0.4392406940460205
CAISO-load,actual_load__mw__ca_iso_tac,dam_lmp__lmp_usd_per_mwh__th_zp26_gen_apnd,2,dam_renewable_forecast__mw__np15__wind + dam_renewable_forecast__mw__zp26__solar,0.43405359983444214
CAISO-load,actual_load__mw__ca_iso_tac,dam_lmp__lmp_usd_per_mwh__th_zp26_gen_apnd,3,dam_renewable_forecast__mw__sp15__wind + dam_renewable_forecast__mw__zp26__solar,0.42643821239471436
CAISO-load,actual_load__mw__ca_iso_tac,dam_lmp__lmp_usd_per_mwh__th_zp26_gen_apnd,4,dam_renewable_forecast__mw__sp15__solar + dam_renewable_forecast__mw__sp15__wind,0.4065067172050476
CAISO-load,actual_load__mw__ca_iso_tac,dam_lmp__lmp_usd_per_mwh__th_zp26_gen_apnd,5,dam_renewable_forecast__mw__np15__solar + dam_renewable_forecast__mw__sp15__wind,0.3997069001197815
CAISO-load,actual_load__mw__ca_iso_tac,rt15_lmp_hourly_mean__lmp_usd_per_mwh__th_np15_gen_apnd,1,dam_renewable_forecast__mw__np15__wind + dam_renewable_forecast__mw__zp26__solar,0.25993937253952026
CAISO-load,actual_load__mw__ca_iso_tac,rt15_lmp_hourly_mean__lmp_usd_per_mwh__th_np15_gen_apnd,2,dam_renewable_forecast__mw__np15__wind + dam_renewable_forecast__mw__sp15__solar,0.25656843185424805
CAISO-load,actual_load__mw__ca_iso_tac,rt15_lmp_hourly_mean__lmp_usd_per_mwh__th_np15_gen_apnd,3,rt15_lmp_hourly_mean__lmp_usd_per_mwh__th_zp26_gen_apnd + rt15_lmp_hourly_mean__loss_usd_per_mwh__th_np15_gen_apnd,0.25206732749938965
CAISO-load,actual_load__mw__ca_iso_tac,rt15_lmp_hourly_mean__lmp_usd_per_mwh__th_np15_gen_apnd,4,dam_renewable_forecast__mw__np15__solar + dam_renewable_forecast__mw__np15__wind,0.24958375096321106
CAISO-load,actual_load__mw__ca_iso_tac,rt15_lmp_hourly_mean__lmp_usd_per_mwh__th_np15_gen_apnd,5,dam_renewable_forecast__mw__np15__solar + dam_renewable_forecast__mw__sp15__wind,0.23506970703601837
CAISO-load,actual_load__mw__ca_iso_tac,rt15_lmp_hourly_mean__lmp_usd_per_mwh__th_sp15_gen_apnd,1,dam_renewable_forecast__mw__np15__wind + dam_renewable_forecast__mw__sp15__solar,0.3249262869358063
CAISO-load,actual_load__mw__ca_iso_tac,rt15_lmp_hourly_mean__lmp_usd_per_mwh__th_sp15_gen_apnd,2,dam_renewable_forecast__mw__sp15__solar + dam_renewable_forecast__mw__sp15__wind,0.3135293126106262
CAISO-load,actual_load__mw__ca_iso_tac,rt15_lmp_hourly_mean__lmp_usd_per_mwh__th_sp15_gen_apnd,3,dam_renewable_forecast__mw__sp15__solar + dam_as_requirement__mw__as_caiso_exp__regulation_mileage_up__minimum,0.3113642930984497
CAISO-load,actual_load__mw__ca_iso_tac,rt15_lmp_hourly_mean__lmp_usd_per_mwh__th_sp15_gen_apnd,4,dam_renewable_forecast__mw__np15__wind + dam_renewable_forecast__mw__zp26__solar,0.31078439950942993
CAISO-load,actual_load__mw__ca_iso_tac,rt15_lmp_hourly_mean__lmp_usd_per_mwh__th_sp15_gen_apnd,5,dam_renewable_forecast__mw__sp15__wind + dam_renewable_forecast__mw__zp26__solar,0.3089417815208435
CAISO-load,actual_load__mw__ca_iso_tac,rt15_lmp_hourly_mean__lmp_usd_per_mwh__th_zp26_gen_apnd,1,dam_renewable_forecast__mw__sp15__wind + dam_renewable_forecast__mw__zp26__solar,0.2877311706542969
CAISO-load,actual_load__mw__ca_iso_tac,rt15_lmp_hourly_mean__lmp_usd_per_mwh__th_zp26_gen_apnd,2,dam_renewable_forecast__mw__np15__wind + dam_renewable_forecast__mw__zp26__solar,0.286620557308197
CAISO-load,actual_load__mw__ca_iso_tac,rt15_lmp_hourly_mean__lmp_usd_per_mwh__th_zp26_gen_apnd,3,dam_renewable_forecast__mw__np15__wind + dam_renewable_forecast__mw__sp15__solar,0.28616029024124146
CAISO-load,actual_load__mw__ca_iso_tac,rt15_lmp_hourly_mean__lmp_usd_per_mwh__th_zp26_gen_apnd,4,dam_renewable_forecast__mw__sp15__solar + dam_renewable_forecast__mw__zp26__solar,0.278414785861969
CAISO-load,actual_load__mw__ca_iso_tac,rt15_lmp_hourly_mean__lmp_usd_per_mwh__th_zp26_gen_apnd,5,dam_renewable_forecast__mw__zp26__solar,0.27168142795562744
CAISO-load,actual_load__mw__ca_iso_tac,rt15_lmp_hourly_mean__loss_usd_per_mwh__th_np15_gen_apnd,1,dam_renewable_forecast__mw__sp15__solar + dam_as_requirement__mw__as_caiso_exp__regulation_mileage_up__minimum,0.15034031867980957
CAISO-load,actual_load__mw__ca_iso_tac,rt15_lmp_hourly_mean__loss_usd_per_mwh__th_np15_gen_apnd,2,dam_renewable_forecast__mw__sp15__wind + dam_renewable_forecast__mw__zp26__solar,0.14909720420837402
CAISO-load,actual_load__mw__ca_iso_tac,rt15_lmp_hourly_mean__loss_usd_per_mwh__th_np15_gen_apnd,3,dam_renewable_forecast__mw__zp26__solar + dam_as_requirement__mw__as_caiso_exp__regulation_mileage_down__minimum,0.1480666697025299
CAISO-load,actual_load__mw__ca_iso_tac,rt15_lmp_hourly_mean__loss_usd_per_mwh__th_np15_gen_apnd,4,dam_renewable_forecast__mw__np15__wind + dam_renewable_forecast__mw__sp15__solar,0.14765888452529907
CAISO-load,actual_load__mw__ca_iso_tac,rt15_lmp_hourly_mean__loss_usd_per_mwh__th_np15_gen_apnd,5,dam_renewable_forecast__mw__zp26__solar + dam_as_requirement__mw__as_caiso_exp__regulation_mileage_up__minimum,0.14471569657325745
CAISO-load,actual_load__mw__ca_iso_tac,dam_schedule__mw__load__tac_north,1,dam_renewable_forecast__mw__sp15__solar,0.7547346353530884
CAISO-load,actual_load__mw__ca_iso_tac,dam_schedule__mw__load__tac_north,2,dam_renewable_forecast__mw__zp26__solar,0.7431832551956177
CAISO-load,actual_load__mw__ca_iso_tac,dam_schedule__mw__load__tac_north,3,dam_renewable_forecast__mw__sp15__solar + dam_renewable_forecast__mw__sp15__wind,0.7386989593505859
CAISO-load,actual_load__mw__ca_iso_tac,dam_schedule__mw__load__tac_north,4,dam_renewable_forecast__mw__sp15__wind + dam_renewable_forecast__mw__zp26__solar,0.7300294637680054
CAISO-load,actual_load__mw__ca_iso_tac,dam_schedule__mw__load__tac_north,5,dam_renewable_forecast__mw__np15__solar,0.7276095151901245
CAISO-load,actual_load__mw__ca_iso_tac,dam_schedule__mw__load__tac_ecntr,1,rt15_lmp_hourly_mean__loss_usd_per_mwh__th_np15_gen_apnd,0.8390358090400696
CAISO-load,actual_load__mw__ca_iso_tac,dam_schedule__mw__load__tac_ecntr,2,dam_renewable_forecast__mw__zp26__wind + rt15_lmp_hourly_mean__loss_usd_per_mwh__th_np15_gen_apnd,0.8321679830551147
CAISO-load,actual_load__mw__ca_iso_tac,dam_schedule__mw__load__tac_ecntr,3,dam_renewable_forecast__mw__sp15__wind + rt15_lmp_hourly_mean__loss_usd_per_mwh__th_np15_gen_apnd,0.8267034888267517
CAISO-load,actual_load__mw__ca_iso_tac,dam_schedule__mw__load__tac_ecntr,4,dam_renewable_forecast__mw__sp15__wind,0.8185054659843445
CAISO-load,actual_load__mw__ca_iso_tac,dam_schedule__mw__load__tac_ecntr,5,dam_renewable_forecast__mw__zp26__wind,0.8094477653503418
CAISO-load,actual_load__mw__ca_iso_tac,dam_schedule__mw__load__tac_south,1,dam_renewable_forecast__mw__np15__wind + dam_renewable_forecast__mw__sp15__solar,0.6371481418609619
CAISO-load,actual_load__mw__ca_iso_tac,dam_schedule__mw__load__tac_south,2,dam_renewable_forecast__mw__sp15__solar,0.6253443956375122
CAISO-load,actual_load__mw__ca_iso_tac,dam_schedule__mw__load__tac_south,3,dam_renewable_forecast__mw__sp15__solar + dam_renewable_forecast__mw__sp15__wind,0.6183101534843445
CAISO-load,actual_load__mw__ca_iso_tac,dam_schedule__mw__load__tac_south,4,dam_renewable_forecast__mw__np15__wind + dam_renewable_forecast__mw__zp26__solar,0.6032584309577942
CAISO-load,actual_load__mw__ca_iso_tac,dam_schedule__mw__load__tac_south,5,dam_renewable_forecast__mw__sp15__wind + dam_renewable_forecast__mw__zp26__solar,0.6030444502830505
CAISO-load,actual_load__mw__ca_iso_tac,dam_as_requirement__mw__as_caiso_exp__regulation_mileage_up__minimum,1,dam_lmp__lmp_usd_per_mwh__th_np15_gen_apnd + dam_schedule__mw__import__caiso_totals,0.12903040647506714
CAISO-load,actual_load__mw__ca_iso_tac,dam_as_requirement__mw__as_caiso_exp__regulation_mileage_up__minimum,2,dam_lmp__lmp_usd_per_mwh__th_zp26_gen_apnd + dam_schedule__mw__import__caiso_totals,0.11663025617599487
CAISO-load,actual_load__mw__ca_iso_tac,dam_as_requirement__mw__as_caiso_exp__regulation_mileage_up__minimum,3,rt15_lmp_hourly_mean__lmp_usd_per_mwh__th_zp26_gen_apnd + dam_schedule__mw__import__caiso_totals,0.11507856845855713
CAISO-load,actual_load__mw__ca_iso_tac,dam_as_requirement__mw__as_caiso_exp__regulation_mileage_up__minimum,4,rt15_lmp_hourly_mean__loss_usd_per_mwh__th_np15_gen_apnd + dam_schedule__mw__import__caiso_totals,0.11358994245529175
CAISO-load,actual_load__mw__ca_iso_tac,dam_as_requirement__mw__as_caiso_exp__regulation_mileage_up__minimum,5,dam_lmp__energy_usd_per_mwh__th_sp15_gen_apnd + dam_schedule__mw__import__caiso_totals,0.11200112104415894
CAISO-load,actual_load__mw__ca_iso_tac,dam_as_requirement__mw__as_caiso_exp__regulation_mileage_down__minimum,1,rt15_lmp_hourly_mean__loss_usd_per_mwh__th_np15_gen_apnd + dam_schedule__mw__import__caiso_totals,0.29720309376716614
CAISO-load,actual_load__mw__ca_iso_tac,dam_as_requirement__mw__as_caiso_exp__regulation_mileage_down__minimum,2,rt15_lmp_hourly_mean__lmp_usd_per_mwh__th_sp15_gen_apnd + rt15_lmp_hourly_mean__loss_usd_per_mwh__th_np15_gen_apnd,0.2953914403915405
CAISO-load,actual_load__mw__ca_iso_tac,dam_as_requirement__mw__as_caiso_exp__regulation_mileage_down__minimum,3,rt15_lmp_hourly_mean__loss_usd_per_mwh__th_np15_gen_apnd + dam_lmp__lmp_usd_per_mwh__th_sp15_gen_apnd,0.29385238885879517
CAISO-load,actual_load__mw__ca_iso_tac,dam_as_requirement__mw__as_caiso_exp__regulation_mileage_down__minimum,4,rt15_lmp_hourly_mean__lmp_usd_per_mwh__th_zp26_gen_apnd + rt15_lmp_hourly_mean__loss_usd_per_mwh__th_np15_gen_apnd,0.2878827452659607
CAISO-load,actual_load__mw__ca_iso_tac,dam_as_requirement__mw__as_caiso_exp__regulation_mileage_down__minimum,5,dam_lmp__lmp_usd_per_mwh__th_np15_gen_apnd + rt15_lmp_hourly_mean__loss_usd_per_mwh__th_np15_gen_apnd,0.286548912525177
CAISO-load,actual_load__mw__ca_iso_tac,dam_as_requirement__mw__as_caiso__regulation_up__minimum,1,dam_renewable_forecast__mw__sp15__wind + dam_lmp__energy_usd_per_mwh__th_sp15_gen_apnd,0.25139540433883667
CAISO-load,actual_load__mw__ca_iso_tac,dam_as_requirement__mw__as_caiso__regulation_up__minimum,2,dam_as_total_procured__mw__rd__as_caiso,0.2512867748737335
CAISO-load,actual_load__mw__ca_iso_tac,dam_as_requirement__mw__as_caiso__regulation_up__minimum,3,dam_renewable_forecast__mw__zp26__wind + dam_as_requirement__mw__as_caiso__regulation_down__minimum,0.24990171194076538
CAISO-load,actual_load__mw__ca_iso_tac,dam_as_requirement__mw__as_caiso__regulation_up__minimum,4,dam_renewable_forecast__mw__sp15__wind + dam_as_requirement__mw__as_caiso__regulation_down__minimum,0.24990171194076538
CAISO-load,actual_load__mw__ca_iso_tac,dam_as_requirement__mw__as_caiso__regulation_up__minimum,5,dam_as_requirement__mw__as_caiso_exp__regulation_mileage_down__minimum + dam_as_requirement__mw__as_caiso__regulation_down__minimum,0.24990171194076538
CAISO-load,actual_load__mw__ca_iso_tac,dam_as_requirement__mw__as_caiso__regulation_down__minimum,1,dam_renewable_forecast__mw__sp15__wind + dam_as_requirement__mw__as_caiso__regulation_up__minimum,0.4973801374435425
CAISO-load,actual_load__mw__ca_iso_tac,dam_as_requirement__mw__as_caiso__regulation_down__minimum,2,dam_as_requirement__mw__as_caiso_exp__regulation_mileage_up__minimum + dam_as_requirement__mw__as_caiso__regulation_up__minimum,0.4970245361328125
CAISO-load,actual_load__mw__ca_iso_tac,dam_as_requirement__mw__as_caiso__regulation_down__minimum,3,dam_as_requirement__mw__as_caiso__regulation_up__minimum,0.4970245361328125
CAISO-load,actual_load__mw__ca_iso_tac,dam_as_requirement__mw__as_caiso__regulation_down__minimum,4,dam_renewable_forecast__mw__zp26__wind + dam_as_requirement__mw__as_caiso__regulation_up__minimum,0.4970245361328125
CAISO-load,actual_load__mw__ca_iso_tac,dam_as_requirement__mw__as_caiso__regulation_down__minimum,5,rt15_lmp_hourly_mean__loss_usd_per_mwh__th_np15_gen_apnd,0.4797831177711487
CAISO-load,actual_load__mw__ca_iso_tac,dam_as_requirement__mw__as_caiso__spinning_reserve__minimum,1,rt15_lmp_hourly_mean__lmp_usd_per_mwh__th_np15_gen_apnd + rt15_lmp_hourly_mean__loss_usd_per_mwh__th_np15_gen_apnd,0.5662882328033447
CAISO-load,actual_load__mw__ca_iso_tac,dam_as_requirement__mw__as_caiso__spinning_reserve__minimum,2,rt15_lmp_hourly_mean__lmp_usd_per_mwh__th_np15_gen_apnd,0.5582476258277893
CAISO-load,actual_load__mw__ca_iso_tac,dam_as_requirement__mw__as_caiso__spinning_reserve__minimum,3,dam_lmp__lmp_usd_per_mwh__th_np15_gen_apnd + rt15_lmp_hourly_mean__lmp_usd_per_mwh__th_np15_gen_apnd,0.5578962564468384
CAISO-load,actual_load__mw__ca_iso_tac,dam_as_requirement__mw__as_caiso__spinning_reserve__minimum,4,dam_lmp__lmp_usd_per_mwh__th_np15_gen_apnd + rt15_lmp_hourly_mean__lmp_usd_per_mwh__th_sp15_gen_apnd,0.5514678359031677
CAISO-load,actual_load__mw__ca_iso_tac,dam_as_requirement__mw__as_caiso__spinning_reserve__minimum,5,dam_renewable_forecast__mw__sp15__wind + dam_schedule__mw__import__caiso_totals,0.5512453317642212
CAISO-load,actual_load__mw__ca_iso_tac,dam_schedule__mw__generation__caiso_totals,1,dam_renewable_forecast__mw__sp15__wind,0.8019755482673645
CAISO-load,actual_load__mw__ca_iso_tac,dam_schedule__mw__generation__caiso_totals,2,rt15_lmp_hourly_mean__loss_usd_per_mwh__th_np15_gen_apnd,0.8011395931243896
CAISO-load,actual_load__mw__ca_iso_tac,dam_schedule__mw__generation__caiso_totals,3,∅,0.7958129048347473
CAISO-load,actual_load__mw__ca_iso_tac,dam_schedule__mw__generation__caiso_totals,4,dam_schedule__mw__import__caiso_totals,0.7956073880195618
CAISO-load,actual_load__mw__ca_iso_tac,dam_schedule__mw__generation__caiso_totals,5,dam_renewable_forecast__mw__zp26__wind,0.7897303700447083
CAISO-load,actual_load__mw__ca_iso_tac,dam_schedule__mw__import__caiso_totals,1,dam_renewable_forecast__mw__np15__solar + dam_renewable_forecast__mw__sp15__wind,0.23383571207523346
CAISO-load,actual_load__mw__ca_iso_tac,dam_schedule__mw__import__caiso_totals,2,dam_renewable_forecast__mw__np15__solar,0.23124760389328003
CAISO-load,actual_load__mw__ca_iso_tac,dam_schedule__mw__import__caiso_totals,3,dam_renewable_forecast__mw__np15__solar + dam_as_requirement__mw__as_caiso_exp__regulation_mileage_up__minimum,0.22531133890151978
CAISO-load,actual_load__mw__ca_iso_tac,dam_schedule__mw__import__caiso_totals,4,dam_renewable_forecast__mw__np15__wind + dam_renewable_forecast__mw__zp26__solar,0.22425097227096558
CAISO-load,actual_load__mw__ca_iso_tac,dam_schedule__mw__import__caiso_totals,5,dam_renewable_forecast__mw__np15__solar + dam_renewable_forecast__mw__sp15__solar,0.21748988330364227
CAISO-load,actual_load__mw__ca_iso_tac,dam_schedule__mw__export__caiso_totals,1,dam_renewable_forecast__mw__sp15__wind + dam_schedule__mw__import__caiso_totals,0.4584130644798279
CAISO-load,actual_load__mw__ca_iso_tac,dam_schedule__mw__export__caiso_totals,2,dam_renewable_forecast__mw__sp15__wind + rt15_lmp_hourly_mean__loss_usd_per_mwh__th_np15_gen_apnd,0.4521027207374573
CAISO-load,actual_load__mw__ca_iso_tac,dam_schedule__mw__export__caiso_totals,3,dam_renewable_forecast__mw__zp26__wind + dam_schedule__mw__import__caiso_totals,0.4482880234718323
CAISO-load,actual_load__mw__ca_iso_tac,dam_schedule__mw__export__caiso_totals,4,rt15_lmp_hourly_mean__loss_usd_per_mwh__th_np15_gen_apnd + dam_schedule__mw__import__caiso_totals,0.4474526643753052
CAISO-load,actual_load__mw__ca_iso_tac,dam_schedule__mw__export__caiso_totals,5,dam_schedule__mw__import__caiso_totals,0.4451289772987366
CAISO-load,actual_load__mw__ca_iso_tac,dam_lmp__lmp_usd_per_mwh__th_sp15_gen_apnd,1,dam_renewable_forecast__mw__np15__wind + dam_renewable_forecast__mw__sp15__solar,0.4912550449371338
CAISO-load,actual_load__mw__ca_iso_tac,dam_lmp__lmp_usd_per_mwh__th_sp15_gen_apnd,2,dam_renewable_forecast__mw__sp15__solar + dam_renewable_forecast__mw__sp15__wind,0.484075665473938
CAISO-load,actual_load__mw__ca_iso_tac,dam_lmp__lmp_usd_per_mwh__th_sp15_gen_apnd,3,dam_renewable_forecast__mw__np15__wind + dam_renewable_forecast__mw__zp26__solar,0.44178611040115356
CAISO-load,actual_load__mw__ca_iso_tac,dam_lmp__lmp_usd_per_mwh__th_sp15_gen_apnd,4,dam_renewable_forecast__mw__sp15__wind + dam_renewable_forecast__mw__zp26__solar,0.4376293420791626
CAISO-load,actual_load__mw__ca_iso_tac,dam_lmp__lmp_usd_per_mwh__th_sp15_gen_apnd,5,dam_renewable_forecast__mw__np15__solar + dam_renewable_forecast__mw__sp15__wind,0.4189378619194031
CAISO-load,actual_load__mw__ca_iso_tac,dam_lmp__congestion_usd_per_mwh__th_sp15_gen_apnd,1,dam_renewable_forecast__mw__np15__wind + dam_as_requirement__mw__as_caiso__spinning_reserve__minimum,0.19464242458343506
CAISO-load,actual_load__mw__ca_iso_tac,dam_lmp__congestion_usd_per_mwh__th_sp15_gen_apnd,2,dam_renewable_forecast__mw__np15__wind + dam_lmp__lmp_usd_per_mwh__th_np15_gen_apnd,0.19307845830917358
CAISO-load,actual_load__mw__ca_iso_tac,dam_lmp__congestion_usd_per_mwh__th_sp15_gen_apnd,3,dam_lmp__lmp_usd_per_mwh__th_zp26_gen_apnd + dam_lmp__lmp_usd_per_mwh__th_sp15_gen_apnd,0.1897597312927246
CAISO-load,actual_load__mw__ca_iso_tac,dam_lmp__congestion_usd_per_mwh__th_sp15_gen_apnd,4,dam_renewable_forecast__mw__np15__wind + dam_lmp__lmp_usd_per_mwh__th_sp15_gen_apnd,0.1862485408782959
CAISO-load,actual_load__mw__ca_iso_tac,dam_lmp__congestion_usd_per_mwh__th_sp15_gen_apnd,5,dam_lmp__lmp_usd_per_mwh__th_np15_gen_apnd + dam_schedule__mw__load__tac_south,0.18048739433288574
CAISO-load,actual_load__mw__ca_iso_tac,dam_lmp__loss_usd_per_mwh__th_sp15_gen_apnd,1,dam_renewable_forecast__mw__np15__wind + dam_renewable_forecast__mw__sp15__solar,0.37030911445617676
CAISO-load,actual_load__mw__ca_iso_tac,dam_lmp__loss_usd_per_mwh__th_sp15_gen_apnd,2,dam_renewable_forecast__mw__np15__wind + dam_renewable_forecast__mw__zp26__solar,0.35645389556884766
CAISO-load,actual_load__mw__ca_iso_tac,dam_lmp__loss_usd_per_mwh__th_sp15_gen_apnd,3,dam_renewable_forecast__mw__np15__solar + dam_renewable_forecast__mw__np15__wind,0.33207085728645325
CAISO-load,actual_load__mw__ca_iso_tac,dam_lmp__loss_usd_per_mwh__th_sp15_gen_apnd,4,dam_renewable_forecast__mw__sp15__solar + rt15_lmp_hourly_mean__loss_usd_per_mwh__th_np15_gen_apnd,0.3190041184425354
CAISO-load,actual_load__mw__ca_iso_tac,dam_lmp__loss_usd_per_mwh__th_sp15_gen_apnd,5,dam_renewable_forecast__mw__sp15__wind + dam_renewable_forecast__mw__zp26__solar,0.30817756056785583
CAISO-load,actual_load__mw__ca_iso_tac,rt15_lmp_hourly_mean__congestion_usd_per_mwh__th_sp15_gen_apnd,1,dam_renewable_forecast__mw__np15__wind + rt15_lmp_hourly_mean__lmp_usd_per_mwh__th_sp15_gen_apnd,0.14961478114128113
CAISO-load,actual_load__mw__ca_iso_tac,rt15_lmp_hourly_mean__congestion_usd_per_mwh__th_sp15_gen_apnd,2,dam_renewable_forecast__mw__np15__wind + dam_as_requirement__mw__as_caiso__spinning_reserve__minimum,0.14737462997436523
CAISO-load,actual_load__mw__ca_iso_tac,rt15_lmp_hourly_mean__congestion_usd_per_mwh__th_sp15_gen_apnd,3,rt15_lmp_hourly_mean__lmp_usd_per_mwh__th_sp15_gen_apnd + rt15_lmp_hourly_mean__lmp_usd_per_mwh__th_zp26_gen_apnd,0.14726120233535767
CAISO-load,actual_load__mw__ca_iso_tac,rt15_lmp_hourly_mean__congestion_usd_per_mwh__th_sp15_gen_apnd,4,dam_as_requirement__mw__as_caiso__spinning_reserve__minimum + dam_schedule__mw__import__caiso_totals,0.14360535144805908
CAISO-load,actual_load__mw__ca_iso_tac,rt15_lmp_hourly_mean__congestion_usd_per_mwh__th_sp15_gen_apnd,5,dam_as_requirement__mw__as_caiso__spinning_reserve__minimum + dam_as_total_procured__mw__ru__as_caiso,0.14329123497009277
CAISO-load,actual_load__mw__ca_iso_tac,dam_as_total_procured__mw__ru__as_caiso,1,dam_as_total_procured__mw__rd__as_caiso,0.16128507256507874
CAISO-load,actual_load__mw__ca_iso_tac,dam_as_total_procured__mw__ru__as_caiso,2,dam_renewable_forecast__mw__sp15__wind + dam_lmp__lmp_usd_per_mwh__th_zp26_gen_apnd,0.15787146985530853
CAISO-load,actual_load__mw__ca_iso_tac,dam_as_total_procured__mw__ru__as_caiso,3,dam_renewable_forecast__mw__sp15__wind + dam_lmp__energy_usd_per_mwh__th_sp15_gen_apnd,0.15399661660194397
CAISO-load,actual_load__mw__ca_iso_tac,dam_as_total_procured__mw__ru__as_caiso,4,dam_as_requirement__mw__as_caiso_exp__regulation_mileage_down__minimum + dam_as_requirement__mw__as_caiso__regulation_down__minimum,0.15341424942016602
CAISO-load,actual_load__mw__ca_iso_tac,dam_as_total_procured__mw__ru__as_caiso,5,dam_renewable_forecast__mw__zp26__wind + dam_as_requirement__mw__as_caiso__regulation_down__minimum,0.15341424942016602
CAISO-load,actual_load__mw__ca_iso_tac,dam_as_total_procured__mw__rd__as_caiso,1,dam_renewable_forecast__mw__sp15__wind + dam_as_requirement__mw__as_caiso__regulation_up__minimum,0.4160359501838684
CAISO-load,actual_load__mw__ca_iso_tac,dam_as_total_procured__mw__rd__as_caiso,2,dam_as_requirement__mw__as_caiso_exp__regulation_mileage_up__minimum + dam_as_requirement__mw__as_caiso__regulation_up__minimum,0.4156803488731384
CAISO-load,actual_load__mw__ca_iso_tac,dam_as_total_procured__mw__rd__as_caiso,3,dam_renewable_forecast__mw__zp26__wind + dam_as_requirement__mw__as_caiso__regulation_up__minimum,0.4156803488731384
CAISO-load,actual_load__mw__ca_iso_tac,dam_as_total_procured__mw__rd__as_caiso,4,dam_as_requirement__mw__as_caiso__regulation_up__minimum,0.4156803488731384
CAISO-load,actual_load__mw__ca_iso_tac,dam_as_total_procured__mw__rd__as_caiso,5,dam_renewable_forecast__mw__sp15__wind + rt15_lmp_hourly_mean__loss_usd_per_mwh__th_np15_gen_apnd,0.40373602509498596
CAISO-load,actual_load__mw__ca_iso_tac,dam_as_total_procured__mw__sr__as_caiso,1,dam_schedule__mw__import__caiso_totals + dam_as_total_procured__mw__nr__as_caiso,0.33866578340530396
CAISO-load,actual_load__mw__ca_iso_tac,dam_as_total_procured__mw__sr__as_caiso,2,rt15_lmp_hourly_mean__lmp_usd_per_mwh__th_np15_gen_apnd + dam_as_total_procured__mw__nr__as_caiso,0.33381927013397217
CAISO-load,actual_load__mw__ca_iso_tac,dam_as_total_procured__mw__sr__as_caiso,3,dam_renewable_forecast__mw__zp26__wind + dam_as_total_procured__mw__nr__as_caiso,0.3337230682373047
CAISO-load,actual_load__mw__ca_iso_tac,dam_as_total_procured__mw__sr__as_caiso,4,rt15_lmp_hourly_mean__loss_usd_per_mwh__th_np15_gen_apnd + dam_as_total_procured__mw__nr__as_caiso,0.33068639039993286
CAISO-load,actual_load__mw__ca_iso_tac,dam_as_total_procured__mw__sr__as_caiso,5,rt15_lmp_hourly_mean__lmp_usd_per_mwh__th_sp15_gen_apnd + dam_as_total_procured__mw__nr__as_caiso,0.3250651955604553
CAISO-load,actual_load__mw__ca_iso_tac,dam_as_total_procured__mw__nr__as_caiso,1,rt15_lmp_hourly_mean__lmp_usd_per_mwh__th_np15_gen_apnd + dam_as_total_procured__mw__sr__as_caiso,0.39242637157440186
CAISO-load,actual_load__mw__ca_iso_tac,dam_as_total_procured__mw__nr__as_caiso,2,dam_lmp__lmp_usd_per_mwh__th_np15_gen_apnd + dam_as_total_procured__mw__sr__as_caiso,0.37242943048477173
CAISO-load,actual_load__mw__ca_iso_tac,dam_as_total_procured__mw__nr__as_caiso,3,dam_renewable_forecast__mw__zp26__solar + dam_as_total_procured__mw__sr__as_caiso,0.3690057694911957
CAISO-load,actual_load__mw__ca_iso_tac,dam_as_total_procured__mw__nr__as_caiso,4,dam_renewable_forecast__mw__sp15__solar + dam_as_total_procured__mw__sr__as_caiso,0.3689383268356323
CAISO-load,actual_load__mw__ca_iso_tac,dam_as_total_procured__mw__nr__as_caiso,5,rt15_lmp_hourly_mean__lmp_usd_per_mwh__th_sp15_gen_apnd + dam_as_total_procured__mw__sr__as_caiso,0.3674911856651306
