source,target,raw_weight,normalized_weight,pearson,spearman,kendall,nmi,distance_corr,hsic
da_as_as_req_mw_synchronized_reserve,da_as_as_req_mw_primary_reserve,1.0,0.12469054013490677,1.0,1.0,1.0,1.0,1.0,1.0
da_as_ss_mw_synchronized_reserve,da_as_ss_mw_thirty_minutes_reserve,1.0,0.20810379087924957,1.0,1.0,1.0,1.0,1.0,1.0
da_as_as_req_mw_primary_reserve,da_as_as_req_mw_synchronized_reserve,1.0,0.12768448889255524,1.0,1.0,1.0,1.0,1.0,1.0
da_as_ss_mw_synchronized_reserve,da_as_ss_mw_primary_reserve,1.0,0.20810379087924957,1.0,1.0,1.0,1.0,1.0,1.0
da_as_ss_mw_thirty_minutes_reserve,da_as_ss_mw_primary_reserve,1.0,0.22670553624629974,1.0,1.0,1.0,1.0,1.0,1.0
da_as_ss_mw_primary_reserve,da_as_ss_mw_thirty_minutes_reserve,1.0,0.21147087216377258,1.0,1.0,1.0,1.0,1.0,1.0
da_as_ss_mw_primary_reserve,da_as_ss_mw_synchronized_reserve,1.0,0.21147087216377258,1.0,1.0,1.0,1.0,1.0,1.0
da_as_ss_mw_thirty_minutes_reserve,da_as_ss_mw_synchronized_reserve,1.0,0.22670553624629974,1.0,1.0,1.0,1.0,1.0,1.0
forecast_load_mw_latest_available,forecast_load_mw_day_ahead,0.9836013317108154,0.0653114914894104,0.9966243505477905,0.9960758686065674,0.9459701776504517,0.9853906035423279,0.9945434331893921,0.981846272945404
forecast_load_mw_day_ahead,forecast_load_mw_latest_available,0.9836013317108154,0.06666992604732513,0.9966243505477905,0.9960758686065674,0.9459701776504517,0.9853906035423279,0.9945434331893921,0.981846272945404
system_energy_price_da,total_lmp_da,0.9775551557540894,0.06879288703203201,0.992979884147644,0.9901285171508789,0.9288402199745178,1.0,0.9882221817970276,0.9658721685409546
total_lmp_da,system_energy_price_da,0.9775551557540894,0.06732913106679916,0.992979884147644,0.9901285171508789,0.9288402199745178,1.0,0.9882221817970276,0.9658721685409546
metered_load_mw,forecast_load_mw_latest_available,0.9758599400520325,0.06416849046945572,0.9962494969367981,0.9960373640060425,0.9439201951026917,0.9445571303367615,0.9938987493515015,0.9797198176383972
forecast_load_mw_latest_available,metered_load_mw,0.9758599400520325,0.06479746103286743,0.9962494969367981,0.9960373640060425,0.9439201951026917,0.9445571303367615,0.9938987493515015,0.9797198176383972
da_as_as_req_mw_thirty_minutes_reserve,da_as_as_req_mw_synchronized_reserve,0.9726924896240234,0.12862429022789001,0.988761842250824,0.966266393661499,0.8975130319595337,1.0,0.990790843963623,0.9825063943862915
da_as_as_req_mw_synchronized_reserve,da_as_as_req_mw_thirty_minutes_reserve,0.9726924896240234,0.12128555029630661,0.988761842250824,0.966266393661499,0.8975130319595337,1.0,0.990790843963623,0.9825063943862915
da_as_as_req_mw_primary_reserve,da_as_as_req_mw_thirty_minutes_reserve,0.9720525145530701,0.12411602586507797,0.9875063896179199,0.9629573225975037,0.8920286297798157,1.0,0.992371678352356,0.98540198802948
da_as_as_req_mw_thirty_minutes_reserve,da_as_as_req_mw_primary_reserve,0.9720525145530701,0.12853966653347015,0.9875063896179199,0.9629573225975037,0.8920286297798157,1.0,0.992371678352356,0.98540198802948
rmccp,total_pjm_rmccp_cr,0.9644726514816284,0.10833930969238281,0.990893542766571,0.9798863530158997,0.8897860646247864,1.0,0.9823554158210754,0.9451514482498169
total_pjm_rmccp_cr,rmccp,0.9644726514816284,0.09089749306440353,0.990893542766571,0.9798863530158997,0.8897860646247864,1.0,0.9823554158210754,0.9451514482498169
gen_fuel_oil_pct,gen_fuel_oil_mw,0.9568170309066772,0.08832553029060364,0.9798350930213928,0.9631743431091309,0.8826684951782227,1.0,0.9793941974639893,0.9367363452911377
gen_fuel_oil_mw,gen_fuel_oil_pct,0.9568170309066772,0.07585011422634125,0.9798350930213928,0.9631743431091309,0.8826684951782227,1.0,0.9793941974639893,0.9367363452911377
metered_load_mw,forecast_load_mw_day_ahead,0.9344661235809326,0.06144660338759422,0.9910730719566345,0.9900142550468445,0.910122811794281,0.7795407176017761,0.9857670664787292,0.9528048038482666
forecast_load_mw_day_ahead,metered_load_mw,0.9344661235809326,0.0633394718170166,0.9910730719566345,0.9900142550468445,0.910122811794281,0.7795407176017761,0.9857670664787292,0.9528048038482666
gen_fuel_solar_mw,gen_fuel_solar_pct,0.9288381934165955,0.2394179403781891,0.9774209260940552,0.9420163631439209,0.8513609170913696,0.843157947063446,0.9884045720100403,0.9595226049423218
gen_fuel_solar_pct,gen_fuel_solar_mw,0.9288381934165955,0.24021460115909576,0.9774209260940552,0.9420163631439209,0.8513609170913696,0.843157947063446,0.9884045720100403,0.9595226049423218
metered_load_mw,total_gen,0.9199303984642029,0.060490794479846954,0.9897356033325195,0.985786497592926,0.8906728029251099,0.7326273322105408,0.9832239747047424,0.9409385919570923
total_gen,metered_load_mw,0.9199303984642029,0.06110411882400513,0.9897356033325195,0.985786497592926,0.8906728029251099,0.7326273322105408,0.9832239747047424,0.9409385919570923
total_gen,forecast_load_mw_latest_available,0.9034411907196045,0.06000886484980583,0.9859234690666199,0.9822163581848145,0.884505569934845,0.6669222712516785,0.9789095520973206,0.9281051754951477
forecast_load_mw_latest_available,total_gen,0.9034411907196045,0.059988826513290405,0.9859234690666199,0.9822163581848145,0.884505569934845,0.6669222712516785,0.9789095520973206,0.9281051754951477
gen_fuel_hydro_mw,gen_fuel_hydro_pct,0.901513397693634,0.09348544478416443,0.9663508534431458,0.9852135181427002,0.900231122970581,0.7016496062278748,0.9713732004165649,0.9001778960227966
gen_fuel_hydro_pct,gen_fuel_hydro_mw,0.901513397693634,0.11770496517419815,0.9663508534431458,0.9852135181427002,0.900231122970581,0.7016496062278748,0.9713732004165649,0.9001778960227966
total_lmp_rt,marginal_loss_price_rt,0.8973583579063416,0.06193964555859566,0.969857931137085,0.9307329654693604,0.7798245549201965,1.0,0.9280728697776794,0.7997872233390808
marginal_loss_price_rt,total_lmp_rt,0.8973583579063416,0.06140071898698807,0.969857931137085,0.9307329654693604,0.7798245549201965,1.0,0.9280728697776794,0.7997872233390808
forecast_load_mw_day_ahead,total_gen,0.8964040875434875,0.06075957044959068,0.9830565452575684,0.9771652221679688,0.8725420236587524,0.6464547514915466,0.9782016277313232,0.9257394075393677
total_gen,forecast_load_mw_day_ahead,0.8964040875434875,0.05954144150018692,0.9830565452575684,0.9771652221679688,0.8725420236587524,0.6464547514915466,0.9782016277313232,0.9257394075393677
gen_fuel_wind_pct,gen_fuel_wind_mw,0.889883279800415,0.16177868843078613,0.9722227454185486,0.9822304248809814,0.891470193862915,0.6289477944374084,0.9718841314315796,0.9055747389793396
gen_fuel_wind_mw,gen_fuel_wind_pct,0.889883279800415,0.24106816947460175,0.9722227454185486,0.9822304248809814,0.891470193862915,0.6289477944374084,0.9718841314315796,0.9055747389793396
total_pjm_rmpcp_cr,rmpcp,0.8770132660865784,0.2165171355009079,0.7903385162353516,0.9569278359413147,0.8327604532241821,1.0,0.9154129028320312,0.7981936931610107
rmpcp,total_pjm_rmpcp_cr,0.8770132660865784,0.23637761175632477,0.7903385162353516,0.9569278359413147,0.8327604532241821,1.0,0.9154129028320312,0.7981936931610107
gen_fuel_multiple_fuels_pct,gen_fuel_multiple_fuels_mw,0.8622215390205383,0.12388765066862106,0.9474910497665405,0.9693118333816528,0.8725205659866333,0.6075451970100403,0.954249382019043,0.847990095615387
gen_fuel_multiple_fuels_mw,gen_fuel_multiple_fuels_pct,0.8622215390205383,0.09264656901359558,0.9474910497665405,0.9693118333816528,0.8725205659866333,0.6075451970100403,0.954249382019043,0.847990095615387
da_as_mcp_synchronized_reserve,da_as_mcp_primary_reserve,0.8370798826217651,0.07832705974578857,0.9681797623634338,0.768256664276123,0.7143335342407227,1.0,0.8659282922744751,0.7230468988418579
da_as_mcp_primary_reserve,da_as_mcp_synchronized_reserve,0.8370798826217651,0.08926919102668762,0.9681797623634338,0.768256664276123,0.7143335342407227,1.0,0.8659282922744751,0.7230468988418579
gen_fuel_coal_mw,gen_fuel_coal_pct,0.7598498463630676,0.062079329043626785,0.9088311195373535,0.9255573749542236,0.7589700222015381,0.4026428461074829,0.9020209908485413,0.7083266973495483
gen_fuel_coal_pct,gen_fuel_coal_mw,0.7598498463630676,0.08817647397518158,0.9088311195373535,0.9255573749542236,0.7589700222015381,0.4026428461074829,0.9020209908485413,0.7083266973495483
gen_fuel_nuclear_pct,metered_load_mw,0.74430912733078,0.05554019659757614,0.9157928824424744,0.8947845101356506,0.7400422096252441,0.4067452549934387,0.8888908624649048,0.6716248989105225
metered_load_mw,gen_fuel_nuclear_pct,0.74430912733078,0.04894267022609711,0.9157928824424744,0.8947845101356506,0.7400422096252441,0.4067452549934387,0.8888908624649048,0.6716248989105225
gen_fuel_nuclear_pct,total_gen,0.7410751581192017,0.055298879742622375,0.9127433896064758,0.887252688407898,0.7227445840835571,0.4438411593437195,0.8841701149940491,0.6509829759597778
total_gen,gen_fuel_nuclear_pct,0.7410751581192017,0.04922409728169441,0.9127433896064758,0.887252688407898,0.7227445840835571,0.4438411593437195,0.8841701149940491,0.6509829759597778
forecast_load_mw_latest_available,gen_fuel_nuclear_pct,0.7355658411979675,0.04884184151887894,0.9137662053108215,0.8936038613319397,0.732299268245697,0.3914143443107605,0.8817070722579956,0.6559082865715027
gen_fuel_nuclear_pct,forecast_load_mw_latest_available,0.7355658411979675,0.05488777533173561,0.9137662053108215,0.8936038613319397,0.732299268245697,0.3914143443107605,0.8817070722579956,0.6559082865715027
total_gen,gen_fuel_gas_mw,0.7344966530799866,0.04878713935613632,0.9201619625091553,0.8976604342460632,0.7250087857246399,0.36284926533699036,0.8897501230239868,0.6645531058311462
gen_fuel_gas_mw,total_gen,0.7344966530799866,0.05150292068719864,0.9201619625091553,0.8976604342460632,0.7250087857246399,0.36284926533699036,0.8897501230239868,0.6645531058311462
total_lmp_da,total_lmp_rt,0.7086218595504761,0.04880634695291519,0.6492289900779724,0.8364713788032532,0.6458335518836975,1.0,0.7482922077178955,0.45974215865135193
total_lmp_rt,total_lmp_da,0.7086218595504761,0.04891221597790718,0.6492289900779724,0.8364713788032532,0.6458335518836975,1.0,0.7482922077178955,0.45974215865135193
da_as_as_req_mw_primary_reserve,da_as_total_mw_primary_reserve,0.705405592918396,0.09006934612989426,0.6811673641204834,0.6951302289962769,0.5750274062156677,1.0,0.7642858028411865,0.5535421967506409
da_as_total_mw_primary_reserve,da_as_as_req_mw_primary_reserve,0.705405592918396,0.09679904580116272,0.6811673641204834,0.6951302289962769,0.5750274062156677,1.0,0.7642858028411865,0.5535421967506409
gen_fuel_nuclear_pct,forecast_load_mw_day_ahead,0.6969616413116455,0.05200713872909546,0.9027878046035767,0.8656371831893921,0.6704497933387756,0.36680838465690613,0.8589850068092346,0.5831338167190552
forecast_load_mw_day_ahead,gen_fuel_nuclear_pct,0.6969616413116455,0.04724107310175896,0.9027878046035767,0.8656371831893921,0.6704497933387756,0.36680838465690613,0.8589850068092346,0.5831338167190552
forecast_load_mw_day_ahead,gen_fuel_gas_mw,0.69572913646698,0.04715752974152565,0.8968615531921387,0.8753873705863953,0.6918393969535828,0.31880784034729004,0.8604042530059814,0.5964866876602173
gen_fuel_gas_mw,forecast_load_mw_day_ahead,0.69572913646698,0.048784542828798294,0.8968615531921387,0.8753873705863953,0.6918393969535828,0.31880784034729004,0.8604042530059814,0.5964866876602173
gen_fuel_gas_mw,forecast_load_mw_latest_available,0.6930492520332336,0.04859662801027298,0.8987652063369751,0.8694912791252136,0.6791709065437317,0.3189166188240051,0.863706648349762,0.5929945111274719
forecast_load_mw_latest_available,gen_fuel_gas_mw,0.6930492520332336,0.04601872339844704,0.8987652063369751,0.8694912791252136,0.6791709065437317,0.3189166188240051,0.863706648349762,0.5929945111274719
metered_load_mw,gen_fuel_gas_mw,0.6921366453170776,0.04551202431321144,0.9001507759094238,0.8714359402656555,0.680453360080719,0.3244008719921112,0.8577419519424438,0.5855453610420227
gen_fuel_gas_mw,metered_load_mw,0.6921366453170776,0.048532634973526,0.9001507759094238,0.8714359402656555,0.680453360080719,0.3244008719921112,0.8577419519424438,0.5855453610420227
da_as_total_mw_primary_reserve,da_as_as_req_mw_synchronized_reserve,0.6904459595680237,0.09474621713161469,0.6912453770637512,0.7017008662223816,0.555259108543396,1.0,0.7354743480682373,0.5064648985862732
da_as_as_req_mw_synchronized_reserve,da_as_total_mw_primary_reserve,0.6904459595680237,0.08609207719564438,0.6912453770637512,0.7017008662223816,0.555259108543396,1.0,0.7354743480682373,0.5064648985862732
marginal_loss_price_rt,system_energy_price_da,0.685607373714447,0.046911899000406265,0.6381369233131409,0.785196840763092,0.603089451789856,1.0,0.7349876761436462,0.43589574098587036
system_energy_price_da,marginal_loss_price_rt,0.685607373714447,0.04824782535433769,0.6381369233131409,0.785196840763092,0.603089451789856,1.0,0.7349876761436462,0.43589574098587036
system_energy_price_da,total_lmp_rt,0.6844374537467957,0.048165496438741684,0.685758113861084,0.8320097923278809,0.6498170495033264,0.8030192852020264,0.7449288368225098,0.4742354452610016
total_lmp_rt,system_energy_price_da,0.6844374537467957,0.0472429022192955,0.685758113861084,0.8320097923278809,0.6498170495033264,0.8030192852020264,0.7449288368225098,0.4742354452610016
total_pjm_assigned_reg,total_pjm_reg_purchases,0.6808847188949585,0.1218714788556099,0.8492962121963501,0.846910297870636,0.6551374197006226,0.31622809171676636,0.8551012277603149,0.6146183609962463
total_pjm_reg_purchases,total_pjm_assigned_reg,0.6808847188949585,0.0855722427368164,0.8492962121963501,0.846910297870636,0.6551374197006226,0.31622809171676636,0.8551012277603149,0.6146183609962463
da_as_total_mw_synchronized_reserve,da_as_as_req_mw_synchronized_reserve,0.6720962524414062,0.11492142081260681,0.7223414778709412,0.7353553771972656,0.5593538284301758,0.9038766622543335,0.7352367639541626,0.44672712683677673
da_as_as_req_mw_synchronized_reserve,da_as_total_mw_synchronized_reserve,0.6720962524414062,0.08380404859781265,0.7223414778709412,0.7353553771972656,0.5593538284301758,0.9038766622543335,0.7352367639541626,0.44672712683677673
da_as_total_mw_synchronized_reserve,da_as_as_req_mw_primary_reserve,0.6690837144851685,0.11440631002187729,0.7069208025932312,0.7189743518829346,0.572277843952179,0.9002639651298523,0.7408220767974854,0.4458279609680176
da_as_as_req_mw_primary_reserve,da_as_total_mw_synchronized_reserve,0.6690837144851685,0.08543160557746887,0.7069208025932312,0.7189743518829346,0.572277843952179,0.9002639651298523,0.7408220767974854,0.4458279609680176
da_as_as_req_mw_thirty_minutes_reserve,da_as_total_mw_primary_reserve,0.6651500463485718,0.08795632421970367,0.6843878030776978,0.6967668533325195,0.5531894564628601,0.863602876663208,0.7318773865699768,0.5072158575057983
da_as_total_mw_primary_reserve,da_as_as_req_mw_thirty_minutes_reserve,0.6651500463485718,0.09127499163150787,0.6843878030776978,0.6967668533325195,0.5531894564628601,0.863602876663208,0.7318773865699768,0.5072158575057983
gen_fuel_coal_mw,forecast_load_mw_day_ahead,0.6565139889717102,0.05363684520125389,0.8482208847999573,0.8374292254447937,0.6432323455810547,0.26224038004875183,0.8420817255973816,0.5686471462249756
forecast_load_mw_day_ahead,gen_fuel_coal_mw,0.6565139889717102,0.044499471783638,0.8482208847999573,0.8374292254447937,0.6432323455810547,0.26224038004875183,0.8420817255973816,0.5686471462249756
da_as_as_req_mw_thirty_minutes_reserve,da_as_total_mw_synchronized_reserve,0.6529156565666199,0.08633850514888763,0.7243788838386536,0.7496756911277771,0.5952168107032776,0.7528612613677979,0.7304909825325012,0.44182127714157104
da_as_total_mw_synchronized_reserve,da_as_as_req_mw_thirty_minutes_reserve,0.6529156565666199,0.11164174228906631,0.7243788838386536,0.7496756911277771,0.5952168107032776,0.7528612613677979,0.7304909825325012,0.44182127714157104
gen_fuel_coal_mw,total_gen,0.6406019330024719,0.052336838096380234,0.8425803780555725,0.8189846873283386,0.6282289028167725,0.25862228870391846,0.8297044634819031,0.5341706275939941
total_gen,gen_fuel_coal_mw,0.6406019330024719,0.04255041107535362,0.8425803780555725,0.8189846873283386,0.6282289028167725,0.25862228870391846,0.8297044634819031,0.5341706275939941
total_lmp_da,marginal_loss_price_rt,0.6315565705299377,0.04349847137928009,0.6895330548286438,0.7879813313484192,0.6067216396331787,0.5651595592498779,0.7522990703582764,0.46478310227394104
marginal_loss_price_rt,total_lmp_da,0.6315565705299377,0.043213535100221634,0.6895330548286438,0.7879813313484192,0.6067216396331787,0.5651595592498779,0.7522990703582764,0.46478310227394104
forecast_load_mw_latest_available,gen_fuel_coal_mw,0.6295918822288513,0.04180513322353363,0.8371431231498718,0.8121238946914673,0.6281192898750305,0.23703259229660034,0.8225088119506836,0.5141083598136902
gen_fuel_coal_mw,forecast_load_mw_latest_available,0.6295918822288513,0.05143732205033302,0.8371431231498718,0.8121238946914673,0.6281192898750305,0.23703259229660034,0.8225088119506836,0.5141083598136902
gen_fuel_coal_mw,metered_load_mw,0.6288771629333496,0.05137893185019493,0.8359390497207642,0.8203011751174927,0.62639981508255,0.2543322741985321,0.8133063912391663,0.5005925893783569
metered_load_mw,gen_fuel_coal_mw,0.6288771629333496,0.041352346539497375,0.8359390497207642,0.8203011751174927,0.62639981508255,0.2543322741985321,0.8133063912391663,0.5005925893783569
gen_fuel_gas_mw,gen_fuel_nuclear_pct,0.6286913752555847,0.0440838523209095,0.8375301361083984,0.7914059162139893,0.6284325122833252,0.28827962279319763,0.8147372603416443,0.48982080817222595
gen_fuel_nuclear_pct,gen_fuel_gas_mw,0.6286913752555847,0.046912822872400284,0.8375301361083984,0.7914059162139893,0.6284325122833252,0.28827962279319763,0.8147372603416443,0.48982080817222595
total_lmp_da,da_as_mcp_synchronized_reserve,0.6270007491111755,0.04318469017744064,0.7959498763084412,0.5843952894210815,0.46627047657966614,0.8771587610244751,0.70573890209198,0.39085283875465393
da_as_mcp_synchronized_reserve,total_lmp_da,0.6270007491111755,0.05866957828402519,0.7959498763084412,0.5843952894210815,0.46627047657966614,0.8771587610244751,0.70573890209198,0.39085283875465393
system_energy_price_da,da_as_mcp_synchronized_reserve,0.6054177284240723,0.04260468855500221,0.7705960869789124,0.5839138031005859,0.4581703543663025,0.8073995113372803,0.7024197578430176,0.37269535660743713
da_as_mcp_synchronized_reserve,system_energy_price_da,0.6054177284240723,0.05665001645684242,0.7705960869789124,0.5839138031005859,0.4581703543663025,0.8073995113372803,0.7024197578430176,0.37269535660743713
marginal_loss_price_rt,rmccp,0.6035924553871155,0.04130012169480324,0.5851008296012878,0.5745368599891663,0.42368003726005554,1.0,0.6892878413200378,0.39735913276672363
rmccp,marginal_loss_price_rt,0.6035924553871155,0.06780160218477249,0.5851008296012878,0.5745368599891663,0.42368003726005554,1.0,0.6892878413200378,0.39735913276672363
marginal_loss_price_rt,total_pjm_rmccp_cr,0.5942564010620117,0.04066131263971329,0.6014067530632019,0.6012997627258301,0.43921682238578796,1.0,0.6404969692230225,0.3475322127342224
total_pjm_rmccp_cr,marginal_loss_price_rt,0.5942564010620117,0.05600616708397865,0.6014067530632019,0.6012997627258301,0.43921682238578796,1.0,0.6404969692230225,0.3475322127342224
total_lmp_rt,rmccp,0.5907536745071411,0.04077643156051636,0.6603238582611084,0.6083870530128479,0.4181123375892639,1.0,0.615548849105835,0.3136471211910248
rmccp,total_lmp_rt,0.5907536745071411,0.06635942310094833,0.6603238582611084,0.6083870530128479,0.4181123375892639,1.0,0.615548849105835,0.3136471211910248
total_lmp_rt,total_pjm_rmccp_cr,0.5712552666664124,0.039430566132068634,0.6517521142959595,0.604871392250061,0.4189649820327759,0.8857216238975525,0.6080199480056763,0.32516178488731384
total_pjm_rmccp_cr,total_lmp_rt,0.5712552666664124,0.05383840948343277,0.6517521142959595,0.604871392250061,0.4189649820327759,0.8857216238975525,0.6080199480056763,0.32516178488731384
da_as_total_mw_primary_reserve,da_as_nsr_mw_primary_reserve,0.5672674775123596,0.0778430923819542,0.682194173336029,0.5651742815971375,0.4590882956981659,0.8175004124641418,0.6726793050765991,0.2903203070163727
da_as_nsr_mw_primary_reserve,da_as_total_mw_primary_reserve,0.5672674775123596,0.13340698182582855,0.682194173336029,0.5651742815971375,0.4590882956981659,0.8175004124641418,0.6726793050765991,0.2903203070163727
gross_inadv_interchange_mw,gross_actual_interchange_mw,0.5643837451934814,0.07677201926708221,0.7859737277030945,0.7622031569480896,0.5812677145004272,0.21171753108501434,0.7498820424079895,0.390094518661499
gross_actual_interchange_mw,gross_inadv_interchange_mw,0.5643837451934814,0.08489271253347397,0.7859737277030945,0.7622031569480896,0.5812677145004272,0.21171753108501434,0.7498820424079895,0.390094518661499
gen_fuel_oil_mw,total_lmp_da,0.5472960472106934,0.043386004865169525,0.8059060573577881,0.590124249458313,0.4292498230934143,0.3708350658416748,0.7450472116470337,0.3986518383026123
total_lmp_da,gen_fuel_oil_mw,0.5472960472106934,0.0376950278878212,0.8059060573577881,0.590124249458313,0.4292498230934143,0.3708350658416748,0.7450472116470337,0.3986518383026123
system_energy_price_da,gen_fuel_oil_mw,0.544602632522583,0.038324985653162,0.7981405258178711,0.6139575839042664,0.45164525508880615,0.3598715662956238,0.7380294799804688,0.3740957975387573
gen_fuel_oil_mw,system_energy_price_da,0.544602632522583,0.04317248612642288,0.7981405258178711,0.6139575839042664,0.45164525508880615,0.3598715662956238,0.7380294799804688,0.3740957975387573
congestion_price_rt,marginal_loss_price_rt,0.5418359041213989,0.07785123586654663,0.4775661528110504,0.5418816804885864,0.39647284150123596,1.0,0.6216527819633484,0.2841411828994751
marginal_loss_price_rt,congestion_price_rt,0.5418359041213989,0.0370745025575161,0.4775661528110504,0.5418816804885864,0.39647284150123596,1.0,0.6216527819633484,0.2841411828994751
total_lmp_rt,gen_fuel_oil_mw,0.5403653383255005,0.03729840740561485,0.5237647294998169,0.523411750793457,0.36712950468063354,1.0,0.6080731153488159,0.2842317819595337
gen_fuel_oil_mw,total_lmp_rt,0.5403653383255005,0.04283658415079117,0.5237647294998169,0.523411750793457,0.36712950468063354,1.0,0.6080731153488159,0.2842317819595337
gen_fuel_other_renewables_pct,gen_fuel_nuclear_pct,0.5382784605026245,0.04995040223002434,0.7219928503036499,0.7064841985702515,0.6030293107032776,0.28327468037605286,0.6942105293273926,0.32637080550193787
gen_fuel_nuclear_pct,gen_fuel_other_renewables_pct,0.5382784605026245,0.040166229009628296,0.7219928503036499,0.7064841985702515,0.6030293107032776,0.28327468037605286,0.6942105293273926,0.32637080550193787
gen_fuel_oil_mw,marginal_loss_price_rt,0.5282440185546875,0.0418756827712059,0.5664622187614441,0.4615849256515503,0.3628150522708893,1.0,0.6316561102867126,0.22463521361351013
marginal_loss_price_rt,gen_fuel_oil_mw,0.5282440185546875,0.03614449128508568,0.5664622187614441,0.4615849256515503,0.3628150522708893,1.0,0.6316561102867126,0.22463521361351013
total_lmp_da,marginal_loss_price_da,0.5279042720794678,0.03635941818356514,0.8346292972564697,0.5802322030067444,0.4150152802467346,0.3224831819534302,0.7336216568946838,0.34927091002464294
marginal_loss_price_da,total_lmp_da,0.5279042720794678,0.05495183914899826,0.8346292972564697,0.5802322030067444,0.4150152802467346,0.3224831819534302,0.7336216568946838,0.34927091002464294
marginal_loss_price_rt,metered_load_mw,0.5262940526008606,0.036011066287755966,0.3838460147380829,0.623818039894104,0.4500899314880371,1.0,0.579082727432251,0.22191964089870453
metered_load_mw,marginal_loss_price_rt,0.5262940526008606,0.03460690751671791,0.3838460147380829,0.623818039894104,0.4500899314880371,1.0,0.579082727432251,0.22191964089870453
system_energy_price_da,da_as_mcp_primary_reserve,0.5245530009269714,0.036914046853780746,0.7471303343772888,0.4932994246482849,0.3579373359680176,0.7183955907821655,0.6010916233062744,0.28845658898353577
da_as_mcp_primary_reserve,system_energy_price_da,0.5245530009269714,0.05594020336866379,0.7471303343772888,0.4932994246482849,0.3579373359680176,0.7183955907821655,0.6010916233062744,0.28845658898353577
marginal_loss_price_rt,marginal_loss_price_da,0.5227753520011902,0.03577030450105667,0.5728551149368286,0.49389132857322693,0.3462982773780823,1.0,0.5889968872070312,0.2138330191373825
marginal_loss_price_da,marginal_loss_price_rt,0.5227753520011902,0.05441794916987419,0.5728551149368286,0.49389132857322693,0.3462982773780823,1.0,0.5889968872070312,0.2138330191373825
gen_fuel_coal_mw,gen_fuel_nuclear_pct,0.5186905860900879,0.042376745492219925,0.7569326758384705,0.7315109372138977,0.5194442868232727,0.18335315585136414,0.7069534063339233,0.317388117313385
gen_fuel_nuclear_pct,gen_fuel_coal_mw,0.5186905860900879,0.03870458900928497,0.7569326758384705,0.7315109372138977,0.5194442868232727,0.18335315585136414,0.7069534063339233,0.317388117313385
gen_fuel_coal_mw,gen_fuel_gas_mw,0.5186783075332642,0.04237574338912964,0.7337858080863953,0.7068475484848022,0.5115525126457214,0.19797471165657043,0.7017520070075989,0.3494880497455597
gen_fuel_gas_mw,gen_fuel_coal_mw,0.5186783075332642,0.03636973351240158,0.7337858080863953,0.7068475484848022,0.5115525126457214,0.19797471165657043,0.7017520070075989,0.3494880497455597
total_lmp_rt,gen_fuel_nuclear_pct,0.5180595517158508,0.035758763551712036,0.37659549713134766,0.6353616118431091,0.45504099130630493,1.0,0.5448973774909973,0.20238007605075836
gen_fuel_nuclear_pct,total_lmp_rt,0.5180595517158508,0.038657501339912415,0.37659549713134766,0.6353616118431091,0.45504099130630493,1.0,0.5448973774909973,0.20238007605075836
system_energy_price_da,gen_fuel_oil_pct,0.516513466835022,0.036348287016153336,0.7707467675209045,0.5719179511070251,0.4542931616306305,0.2758955657482147,0.720519483089447,0.36930200457572937
gen_fuel_oil_pct,system_energy_price_da,0.516513466835022,0.04768030345439911,0.7707467675209045,0.5719179511070251,0.4542931616306305,0.2758955657482147,0.720519483089447,0.36930200457572937
marginal_loss_price_rt,forecast_load_mw_latest_available,0.5160258412361145,0.03530847653746605,0.3682780861854553,0.6214828491210938,0.44350922107696533,1.0,0.5463096499443054,0.21565936505794525
forecast_load_mw_latest_available,marginal_loss_price_rt,0.5160258412361145,0.034264303743839264,0.3682780861854553,0.6214828491210938,0.44350922107696533,1.0,0.5463096499443054,0.21565936505794525
metered_load_mw,gen_fuel_other_renewables_pct,0.5090241432189941,0.03347130864858627,0.7115246057510376,0.6944963335990906,0.5566412806510925,0.27330875396728516,0.6514899134635925,0.2774558961391449
gen_fuel_other_renewables_pct,metered_load_mw,0.5090241432189941,0.047235701233148575,0.7115246057510376,0.6944963335990906,0.5566412806510925,0.27330875396728516,0.6514899134635925,0.2774558961391449
gen_fuel_gas_mw,gen_fuel_gas_pct,0.5074669122695923,0.03558358922600746,0.7127249836921692,0.7305867671966553,0.5312602519989014,0.19676175713539124,0.6811730265617371,0.2999434173107147
gen_fuel_gas_pct,gen_fuel_gas_mw,0.5074669122695923,0.060281820595264435,0.7127249836921692,0.7305867671966553,0.5312602519989014,0.19676175713539124,0.6811730265617371,0.2999434173107147
gen_fuel_other_renewables_pct,forecast_load_mw_latest_available,0.5054029822349548,0.04689967259764671,0.6951478719711304,0.6734423041343689,0.5637676119804382,0.27344658970832825,0.6568333506584167,0.2789141833782196
forecast_load_mw_latest_available,gen_fuel_other_renewables_pct,0.5054029822349548,0.03355894237756729,0.6951478719711304,0.6734423041343689,0.5637676119804382,0.27344658970832825,0.6568333506584167,0.2789141833782196
total_lmp_da,gen_fuel_oil_pct,0.5052163600921631,0.03479678928852081,0.7574166059494019,0.5839601159095764,0.4358949065208435,0.2711903750896454,0.7030124068260193,0.34786367416381836
gen_fuel_oil_pct,total_lmp_da,0.5052163600921631,0.04663744568824768,0.7574166059494019,0.5839601159095764,0.4358949065208435,0.2711903750896454,0.7030124068260193,0.34786367416381836
forecast_load_mw_latest_available,total_lmp_rt,0.5033889412879944,0.033425211906433105,0.4106300175189972,0.5923462510108948,0.42220601439476013,1.0,0.5271813869476318,0.17316637933254242
total_lmp_rt,forecast_load_mw_latest_available,0.5033889412879944,0.03474613279104233,0.4106300175189972,0.5923462510108948,0.42220601439476013,1.0,0.5271813869476318,0.17316637933254242
marginal_loss_price_rt,forecast_load_mw_day_ahead,0.5033106207847595,0.03443845361471176,0.38503506779670715,0.5507568717002869,0.4327389597892761,1.0,0.5405943989753723,0.2039363533258438
forecast_load_mw_day_ahead,marginal_loss_price_rt,0.5033106207847595,0.03411512449383736,0.38503506779670715,0.5507568717002869,0.4327389597892761,1.0,0.5405943989753723,0.2039363533258438
total_losses,gen_fuel_coal_mw,0.5025028586387634,0.05186404287815094,0.7262865900993347,0.6969631314277649,0.5023748874664307,0.16933007538318634,0.6910402774810791,0.32339590787887573
gen_fuel_coal_mw,total_losses,0.5025028586387634,0.04105421528220177,0.7262865900993347,0.6969631314277649,0.5023748874664307,0.16933007538318634,0.6910402774810791,0.32339590787887573
total_lmp_da,metered_load_mw,0.5019721388816833,0.03457334265112877,0.643803596496582,0.6908868551254272,0.49499306082725525,0.3601415157318115,0.6532347202301025,0.273547887802124
metered_load_mw,total_lmp_da,0.5019721388816833,0.03300759941339493,0.643803596496582,0.6908868551254272,0.49499306082725525,0.3601415157318115,0.6532347202301025,0.273547887802124
total_gen,gen_fuel_other_renewables_pct,0.49977540969848633,0.033196356147527695,0.7044672966003418,0.6857037544250488,0.5403115153312683,0.2809022068977356,0.6408894658088684,0.2591353952884674
gen_fuel_other_renewables_pct,total_gen,0.49977540969848633,0.04637745022773743,0.7044672966003418,0.6857037544250488,0.5403115153312683,0.2809022068977356,0.6408894658088684,0.2591353952884674
marginal_loss_price_rt,gen_fuel_nuclear_pct,0.49927929043769836,0.03416261449456215,0.4062213897705078,0.620945155620575,0.44212087988853455,0.9093807339668274,0.5268616676330566,0.1941639482975006
gen_fuel_nuclear_pct,marginal_loss_price_rt,0.49927929043769836,0.03725612163543701,0.4062213897705078,0.620945155620575,0.44212087988853455,0.9093807339668274,0.5268616676330566,0.1941639482975006
da_as_total_mw_synchronized_reserve,da_as_nsr_mw_primary_reserve,0.49873390793800354,0.08527827262878418,0.4818398654460907,0.4639583230018616,0.35030344128608704,1.0,0.5297642350196838,0.23183496296405792
da_as_nsr_mw_primary_reserve,da_as_total_mw_synchronized_reserve,0.49873390793800354,0.11728961765766144,0.4818398654460907,0.4639583230018616,0.35030344128608704,1.0,0.5297642350196838,0.23183496296405792
gen_fuel_nuclear_pct,total_lmp_da,0.4963163435459137,0.0370350256562233,0.6122828722000122,0.6997808814048767,0.5165792107582092,0.3318866789340973,0.6432145237922668,0.2794615626335144
total_lmp_da,gen_fuel_nuclear_pct,0.4963163435459137,0.0341838002204895,0.6122828722000122,0.6997808814048767,0.5165792107582092,0.3318866789340973,0.6432145237922668,0.2794615626335144
gen_fuel_nuclear_pct,gen_fuel_oil_mw,0.4942265748977661,0.03687908872961998,0.6596183776855469,0.648274838924408,0.46098533272743225,0.3153284192085266,0.6725772023200989,0.298783540725708
gen_fuel_oil_mw,gen_fuel_nuclear_pct,0.4942265748977661,0.039179008454084396,0.6596183776855469,0.648274838924408,0.46098533272743225,0.3153284192085266,0.6725772023200989,0.298783540725708
congestion_price_rt,total_lmp_rt,0.48919108510017395,0.07028720527887344,0.5835937261581421,0.5646502375602722,0.3840489089488983,0.5293369889259338,0.64030921459198,0.30170881748199463
total_lmp_rt,congestion_price_rt,0.48919108510017395,0.03376613184809685,0.5835937261581421,0.5646502375602722,0.3840489089488983,0.5293369889259338,0.64030921459198,0.30170881748199463
total_lmp_da,forecast_load_mw_latest_available,0.48776382207870483,0.03359474241733551,0.6412942409515381,0.6697970628738403,0.48878324031829834,0.342456579208374,0.637138307094574,0.25363606214523315
forecast_load_mw_latest_available,total_lmp_da,0.48776382207870483,0.03238769620656967,0.6412942409515381,0.6697970628738403,0.48878324031829834,0.342456579208374,0.637138307094574,0.25363606214523315
gen_fuel_nuclear_pct,system_energy_price_da,0.48743048310279846,0.03637196496129036,0.607814610004425,0.704293966293335,0.5227605104446411,0.24671441316604614,0.6508846282958984,0.2945675849914551
system_energy_price_da,gen_fuel_nuclear_pct,0.48743048310279846,0.034301646053791046,0.607814610004425,0.704293966293335,0.5227605104446411,0.24671441316604614,0.6508846282958984,0.2945675849914551
marginal_loss_price_da,system_energy_price_da,0.4861997961997986,0.05061064288020134,0.796454668045044,0.5423450469970703,0.39456167817115784,0.3025055527687073,0.6891741752624512,0.2731632888317108
system_energy_price_da,marginal_loss_price_da,0.4861997961997986,0.034215040504932404,0.796454668045044,0.5423450469970703,0.39456167817115784,0.3025055527687073,0.6891741752624512,0.2731632888317108
total_gen,total_lmp_rt,0.481751024723053,0.0319991298019886,0.36949142813682556,0.5432150959968567,0.402757853269577,0.9796132445335388,0.5154497623443604,0.1756363809108734
total_lmp_rt,total_gen,0.481751024723053,0.03325258940458298,0.36949142813682556,0.5432150959968567,0.402757853269577,0.9796132445335388,0.5154497623443604,0.1756363809108734
system_energy_price_da,forecast_load_mw_latest_available,0.4803456962108612,0.033803071826696396,0.6165181994438171,0.6693742871284485,0.46732938289642334,0.36357802152633667,0.6237268447875977,0.24662192165851593
forecast_load_mw_latest_available,system_energy_price_da,0.4803456962108612,0.03189513087272644,0.6165181994438171,0.6693742871284485,0.46732938289642334,0.36357802152633667,0.6237268447875977,0.24662192165851593
total_losses,metered_load_mw,0.4797656536102295,0.049517303705215454,0.6395195126533508,0.7038905024528503,0.5162115693092346,0.1456918865442276,0.6643944978713989,0.3077757954597473
metered_load_mw,total_losses,0.4797656536102295,0.03154739364981651,0.6395195126533508,0.7038905024528503,0.5162115693092346,0.1456918865442276,0.6643944978713989,0.3077757954597473
da_as_mcp_synchronized_reserve,gen_fuel_hydro_mw,0.47964441776275635,0.0448811836540699,0.477983295917511,0.5510827898979187,0.4066326320171356,0.6257356405258179,0.604846715927124,0.2832854092121124
gen_fuel_hydro_mw,da_as_mcp_synchronized_reserve,0.47964441776275635,0.049738332629203796,0.477983295917511,0.5510827898979187,0.4066326320171356,0.6257356405258179,0.604846715927124,0.2832854092121124
gen_fuel_other_renewables_pct,forecast_load_mw_day_ahead,0.47669219970703125,0.044235408306121826,0.6693782806396484,0.639581024646759,0.5230622887611389,0.2623332142829895,0.6219653487205505,0.2504812180995941
forecast_load_mw_day_ahead,gen_fuel_other_renewables_pct,0.47669219970703125,0.032310888171195984,0.6693782806396484,0.639581024646759,0.5230622887611389,0.2623332142829895,0.6219653487205505,0.2504812180995941
marginal_loss_price_da,total_lmp_rt,0.47522565722465515,0.04946829378604889,0.6246470212936401,0.5004070401191711,0.34625405073165894,0.695323646068573,0.5575061440467834,0.20684966444969177
total_lmp_rt,marginal_loss_price_da,0.47522565722465515,0.03280217945575714,0.6246470212936401,0.5004070401191711,0.34625405073165894,0.695323646068573,0.5575061440467834,0.20684966444969177
metered_load_mw,system_energy_price_da,0.47494855523109436,0.031230639666318893,0.6319501996040344,0.6728354096412659,0.48430898785591125,0.3079199194908142,0.6223639845848083,0.2397088259458542
system_energy_price_da,metered_load_mw,0.47494855523109436,0.03342326357960701,0.6319501996040344,0.6728354096412659,0.48430898785591125,0.3079199194908142,0.6223639845848083,0.2397088259458542
metered_load_mw,gen_fuel_oil_mw,0.4722340703010559,0.03105214796960354,0.689730703830719,0.5746353268623352,0.42276495695114136,0.2987329363822937,0.6701672077178955,0.2654310464859009
gen_fuel_oil_mw,metered_load_mw,0.4722340703010559,0.037435587495565414,0.689730703830719,0.5746353268623352,0.42276495695114136,0.2987329363822937,0.6701672077178955,0.2654310464859009
metered_load_mw,total_lmp_rt,0.46763673424720764,0.030749846249818802,0.44305169582366943,0.6133130788803101,0.4395690858364105,0.6499781012535095,0.5571513175964355,0.20503930747509003
total_lmp_rt,metered_load_mw,0.46763673424720764,0.032278355211019516,0.44305169582366943,0.6133130788803101,0.4395690858364105,0.6499781012535095,0.5571513175964355,0.20503930747509003
gen_fuel_oil_mw,forecast_load_mw_latest_available,0.4669995605945587,0.03702063113451004,0.6863428950309753,0.572993278503418,0.4083878993988037,0.29261380434036255,0.6627469658851624,0.26477789878845215
forecast_load_mw_latest_available,gen_fuel_oil_mw,0.4669995605945587,0.031008942052721977,0.6863428950309753,0.572993278503418,0.4083878993988037,0.29261380434036255,0.6627469658851624,0.26477789878845215
gen_fuel_gas_mw,marginal_loss_price_rt,0.46471622586250305,0.03258591145277023,0.3295353055000305,0.5149185657501221,0.38062670826911926,1.0,0.49369415640830994,0.16186051070690155
marginal_loss_price_rt,gen_fuel_gas_mw,0.46471622586250305,0.03179767355322838,0.3295353055000305,0.5149185657501221,0.38062670826911926,1.0,0.49369415640830994,0.16186051070690155
total_losses,marginal_loss_price_rt,0.4630205035209656,0.047789011150598526,0.37765464186668396,0.5613836050033569,0.3984290361404419,0.8180538415908813,0.5146200656890869,0.19818882644176483
marginal_loss_price_rt,total_losses,0.4630205035209656,0.03168164938688278,0.37765464186668396,0.5613836050033569,0.3984290361404419,0.8180538415908813,0.5146200656890869,0.19818882644176483
gen_fuel_hydro_mw,da_as_mcp_primary_reserve,0.4628252685070038,0.047994215041399,0.4705504775047302,0.49085286259651184,0.36647894978523254,0.5957238674163818,0.6095007658004761,0.2997177243232727
da_as_mcp_primary_reserve,gen_fuel_hydro_mw,0.4628252685070038,0.0493573397397995,0.4705504775047302,0.49085286259651184,0.36647894978523254,0.5957238674163818,0.6095007658004761,0.2997177243232727
gen_fuel_coal_pct,forecast_load_mw_day_ahead,0.45980867743492126,0.05335831642150879,0.6064268946647644,0.6339632868766785,0.45535171031951904,0.13433454930782318,0.6684768199920654,0.3361712396144867
forecast_load_mw_day_ahead,gen_fuel_coal_pct,0.45980867743492126,0.031166499480605125,0.6064268946647644,0.6339632868766785,0.45535171031951904,0.13433454930782318,0.6684768199920654,0.3361712396144867
total_losses,forecast_load_mw_latest_available,0.45798882842063904,0.04726968705654144,0.6469289064407349,0.7067347764968872,0.47403907775878906,0.14995735883712769,0.625726044178009,0.2528974115848541
forecast_load_mw_latest_available,total_losses,0.45798882842063904,0.030410626903176308,0.6469289064407349,0.7067347764968872,0.47403907775878906,0.14995735883712769,0.625726044178009,0.2528974115848541
total_pjm_assigned_reg,total_pjm_rmccp_cr,0.4530041813850403,0.08108316361904144,0.2217019498348236,0.5669176578521729,0.4232434630393982,1.0,0.46785232424736023,0.1440163403749466
total_pjm_rmccp_cr,total_pjm_assigned_reg,0.4530041813850403,0.042693741619586945,0.2217019498348236,0.5669176578521729,0.4232434630393982,1.0,0.46785232424736023,0.1440163403749466
total_lmp_da,da_as_mcp_primary_reserve,0.451804518699646,0.03111804649233818,0.6826137900352478,0.47139331698417664,0.3602384030818939,0.47228527069091797,0.5401296019554138,0.24804171919822693
da_as_mcp_primary_reserve,total_lmp_da,0.451804518699646,0.04818204790353775,0.6826137900352478,0.47139331698417664,0.3602384030818939,0.47228527069091797,0.5401296019554138,0.24804171919822693
gen_fuel_hydro_pct,da_as_mcp_primary_reserve,0.4495809078216553,0.05869896709918976,0.3985538184642792,0.4678488075733185,0.38970139622688293,0.5938708782196045,0.5987052917480469,0.3025520145893097
da_as_mcp_primary_reserve,gen_fuel_hydro_pct,0.4495809078216553,0.04794491454958916,0.3985538184642792,0.4678488075733185,0.38970139622688293,0.5938708782196045,0.5987052917480469,0.3025520145893097
total_losses,total_gen,0.44877004623413086,0.04631820321083069,0.6251065135002136,0.6747111678123474,0.4718192219734192,0.138795867562294,0.6129950284957886,0.267892062664032
total_gen,total_losses,0.44877004623413086,0.029808448627591133,0.6251065135002136,0.6747111678123474,0.4718192219734192,0.138795867562294,0.6129950284957886,0.267892062664032
gen_fuel_gas_mw,gen_fuel_other_renewables_pct,0.44848015904426575,0.03144744038581848,0.640380859375,0.6242734789848328,0.5091370940208435,0.20800141990184784,0.6050329208374023,0.2164684385061264
gen_fuel_other_renewables_pct,gen_fuel_gas_mw,0.44848015904426575,0.04161742702126503,0.640380859375,0.6242734789848328,0.5091370940208435,0.20800141990184784,0.6050329208374023,0.2164684385061264
total_gen,marginal_loss_price_rt,0.44772860407829285,0.029739273712038994,0.4344477355480194,0.5747248530387878,0.43348610401153564,0.55592280626297,0.5615480542182922,0.2194342464208603
marginal_loss_price_rt,total_gen,0.44772860407829285,0.03063531592488289,0.4344477355480194,0.5747248530387878,0.43348610401153564,0.55592280626297,0.5615480542182922,0.2194342464208603
gen_fuel_oil_mw,forecast_load_mw_day_ahead,0.4470776319503784,0.03544135019183159,0.6823743581771851,0.5657450556755066,0.4146437346935272,0.23747144639492035,0.6442601084709167,0.2322074919939041
forecast_load_mw_day_ahead,gen_fuel_oil_mw,0.4470776319503784,0.03030357137322426,0.6823743581771851,0.5657450556755066,0.4146437346935272,0.23747144639492035,0.6442601084709167,0.2322074919939041
gen_fuel_nuclear_mw,total_gen,0.4459916353225708,0.04642299562692642,0.5826221108436584,0.6148747801780701,0.4130145013332367,0.17652848362922668,0.6305736303329468,0.32697513699531555
total_gen,gen_fuel_nuclear_mw,0.4459916353225708,0.02962389960885048,0.5826221108436584,0.6148747801780701,0.4130145013332367,0.17652848362922668,0.6305736303329468,0.32697513699531555
gen_fuel_gas_pct,gen_fuel_wind_pct,0.4454043209552765,0.052909426391124725,0.6267339587211609,0.6529012322425842,0.4694806933403015,0.1319267451763153,0.6273332238197327,0.2628539502620697
gen_fuel_wind_pct,gen_fuel_gas_pct,0.4454043209552765,0.08097345381975174,0.6267339587211609,0.6529012322425842,0.4694806933403015,0.1319267451763153,0.6273332238197327,0.2628539502620697
forecast_load_mw_day_ahead,gen_fuel_nuclear_mw,0.44430261850357056,0.03011547587811947,0.5664200782775879,0.6105556488037109,0.3959994912147522,0.181710347533226,0.6271962523460388,0.34446632862091064
gen_fuel_nuclear_mw,forecast_load_mw_day_ahead,0.44430261850357056,0.04624718800187111,0.5664200782775879,0.6105556488037109,0.3959994912147522,0.181710347533226,0.6271962523460388,0.34446632862091064
rmccp,total_lmp_da,0.4438539147377014,0.049858156591653824,0.3326464891433716,0.4515790343284607,0.33232957124710083,1.0,0.45808589458465576,0.16458667814731598
total_lmp_da,rmccp,0.4438539147377014,0.03057044744491577,0.3326464891433716,0.4515790343284607,0.33232957124710083,1.0,0.45808589458465576,0.16458667814731598
forecast_load_mw_day_ahead,total_losses,0.44286060333251953,0.030017733573913574,0.6137577891349792,0.66722172498703,0.47406306862831116,0.1277659684419632,0.6210727691650391,0.255792498588562
total_losses,forecast_load_mw_day_ahead,0.44286060333251953,0.04570828005671501,0.6137577891349792,0.66722172498703,0.47406306862831116,0.1277659684419632,0.6210727691650391,0.255792498588562
system_energy_price_da,total_pjm_rmccp_cr,0.4410405158996582,0.031037073582410812,0.3539426624774933,0.4813699424266815,0.3328803777694702,1.0,0.4321622848510742,0.1330268383026123
total_pjm_rmccp_cr,system_energy_price_da,0.4410405158996582,0.041566215455532074,0.3539426624774933,0.4813699424266815,0.3328803777694702,1.0,0.4321622848510742,0.1330268383026123
gen_fuel_oil_pct,total_lmp_rt,0.4383288323879242,0.04046293720602989,0.5343918204307556,0.491414338350296,0.3617120087146759,0.5219566822052002,0.5574440360069275,0.23447491228580475
total_lmp_rt,gen_fuel_oil_pct,0.4383288323879242,0.03025539591908455,0.5343918204307556,0.491414338350296,0.3617120087146759,0.5219566822052002,0.5574440360069275,0.23447491228580475
total_gen,gen_fuel_oil_mw,0.43788525462150574,0.02908545359969139,0.6743236780166626,0.5362523794174194,0.38980063796043396,0.26141080260276794,0.6282076239585876,0.22604916989803314
gen_fuel_oil_mw,total_gen,0.43788525462150574,0.034712642431259155,0.6743236780166626,0.5362523794174194,0.38980063796043396,0.26141080260276794,0.6282076239585876,0.22604916989803314
gen_fuel_coal_mw,gen_fuel_nuclear_mw,0.4349912405014038,0.035538554191589355,0.5638430118560791,0.5685958862304688,0.3777296245098114,0.2563699185848236,0.5964502692222595,0.3091108798980713
gen_fuel_nuclear_mw,gen_fuel_coal_mw,0.4349912405014038,0.045277971774339676,0.5638430118560791,0.5685958862304688,0.3777296245098114,0.2563699185848236,0.5964502692222595,0.3091108798980713
total_pjm_reg_purchases,total_pjm_rmccp_cr,0.4336947798728943,0.05450589954853058,0.20053759217262268,0.5398890376091003,0.36568397283554077,1.0,0.4322620630264282,0.15399405360221863
total_pjm_rmccp_cr,total_pjm_reg_purchases,0.4336947798728943,0.04087391123175621,0.20053759217262268,0.5398890376091003,0.36568397283554077,1.0,0.4322620630264282,0.15399405360221863
total_lmp_da,forecast_load_mw_day_ahead,0.43091970682144165,0.02967960387468338,0.607239842414856,0.5861367583274841,0.43750229477882385,0.28364941477775574,0.5788363814353943,0.19636715948581696
forecast_load_mw_day_ahead,total_lmp_da,0.43091970682144165,0.029208363965153694,0.607239842414856,0.5861367583274841,0.43750229477882385,0.28364941477775574,0.5788363814353943,0.19636715948581696
total_gen,total_lmp_da,0.4308176338672638,0.028616003692150116,0.5893064737319946,0.5979604125022888,0.42515429854393005,0.2860027253627777,0.5871806144714355,0.20230711996555328
total_lmp_da,total_gen,0.4308176338672638,0.029672574251890182,0.5893064737319946,0.5979604125022888,0.42515429854393005,0.2860027253627777,0.5871806144714355,0.20230711996555328
total_pjm_rmccp_cr,total_lmp_da,0.4299923777580261,0.04052497446537018,0.2996847629547119,0.47656092047691345,0.3072395622730255,1.0,0.4426286816596985,0.13709427416324615
total_lmp_da,total_pjm_rmccp_cr,0.4299923777580261,0.02961573377251625,0.2996847629547119,0.47656092047691345,0.3072395622730255,1.0,0.4426286816596985,0.13709427416324615
congestion_price_rt,rmccp,0.4291398823261261,0.06165902316570282,0.3064737021923065,0.4073433578014374,0.2945233881473541,1.0,0.45069941878318787,0.17796353995800018
rmccp,congestion_price_rt,0.4291398823261261,0.04820532724261284,0.3064737021923065,0.4073433578014374,0.2945233881473541,1.0,0.45069941878318787,0.17796353995800018
total_gen,system_energy_price_da,0.42748016119003296,0.028394320979714394,0.5953379273414612,0.5928987264633179,0.42333856225013733,0.26326829195022583,0.5859552025794983,0.20531152188777924
system_energy_price_da,total_gen,0.42748016119003296,0.03008279949426651,0.5953379273414612,0.5928987264633179,0.42333856225013733,0.26326829195022583,0.5859552025794983,0.20531152188777924
gen_fuel_coal_pct,total_losses,0.4258570075035095,0.049418408423662186,0.6513543725013733,0.5958380103111267,0.44390904903411865,0.12567417323589325,0.6191135048866272,0.22119246423244476
total_losses,gen_fuel_coal_pct,0.4258570075035095,0.043953314423561096,0.6513543725013733,0.5958380103111267,0.44390904903411865,0.12567417323589325,0.6191135048866272,0.22119246423244476
gen_fuel_gas_mw,gen_fuel_oil_mw,0.4258522391319275,0.02986076846718788,0.6387644410133362,0.5138841867446899,0.3702208399772644,0.2389838546514511,0.6448099613189697,0.2320031225681305
gen_fuel_oil_mw,gen_fuel_gas_mw,0.4258522391319275,0.033758744597435,0.6387644410133362,0.5138841867446899,0.3702208399772644,0.2389838546514511,0.6448099613189697,0.2320031225681305
forecast_load_mw_day_ahead,system_energy_price_da,0.4212140440940857,0.02855050005018711,0.6142392754554749,0.5890883803367615,0.4174233376979828,0.28100451827049255,0.5500157475471497,0.1803830862045288
system_energy_price_da,forecast_load_mw_day_ahead,0.4212140440940857,0.029641836881637573,0.6142392754554749,0.5890883803367615,0.4174233376979828,0.28100451827049255,0.5500157475471497,0.1803830862045288
forecast_load_mw_day_ahead,total_lmp_rt,0.4190114140510559,0.028401201590895653,0.37035974860191345,0.5019949078559875,0.35874247550964355,0.7944870591163635,0.4480837285518646,0.13385428488254547
total_lmp_rt,forecast_load_mw_day_ahead,0.4190114140510559,0.02892202138900757,0.37035974860191345,0.5019949078559875,0.35874247550964355,0.7944870591163635,0.4480837285518646,0.13385428488254547
gen_fuel_gas_mw,gen_fuel_nuclear_mw,0.4161185622215271,0.02917824313044548,0.5268824696540833,0.5539586544036865,0.37105849385261536,0.18384797871112823,0.608187735080719,0.3124190866947174
gen_fuel_nuclear_mw,gen_fuel_gas_mw,0.4161185622215271,0.04331352561712265,0.5268824696540833,0.5539586544036865,0.37105849385261536,0.18384797871112823,0.608187735080719,0.3124190866947174
gen_fuel_oil_pct,gen_fuel_nuclear_pct,0.41582196950912476,0.038385286927223206,0.6075681447982788,0.5646605491638184,0.4027911126613617,0.18397873640060425,0.6061400175094604,0.22218455374240875
gen_fuel_nuclear_pct,gen_fuel_oil_pct,0.41582196950912476,0.03102855198085308,0.6075681447982788,0.5646605491638184,0.4027911126613617,0.18397873640060425,0.6061400175094604,0.22218455374240875
gen_fuel_nuclear_mw,da_as_total_mw_thirty_minutes_reserve,0.413364440202713,0.04302685335278511,0.541200578212738,0.5731557011604309,0.42205050587654114,0.2549341320991516,0.5664089322090149,0.21609340608119965
da_as_total_mw_thirty_minutes_reserve,gen_fuel_nuclear_mw,0.413364440202713,0.0495985746383667,0.541200578212738,0.5731557011604309,0.42205050587654114,0.2549341320991516,0.5664089322090149,0.21609340608119965
gen_fuel_hydro_pct,da_as_mcp_synchronized_reserve,0.41179507970809937,0.05376550927758217,0.4575352370738983,0.5522378087043762,0.38264262676239014,0.35694804787635803,0.5518465638160706,0.24580813944339752
da_as_mcp_synchronized_reserve,gen_fuel_hydro_pct,0.41179507970809937,0.038532402366399765,0.4575352370738983,0.5522378087043762,0.38264262676239014,0.35694804787635803,0.5518465638160706,0.24580813944339752
marginal_loss_price_da,metered_load_mw,0.4106704294681549,0.04274846240878105,0.5558469891548157,0.581167995929718,0.4194801151752472,0.20953434705734253,0.570124089717865,0.2210008054971695
metered_load_mw,marginal_loss_price_da,0.4106704294681549,0.027003977447748184,0.5558469891548157,0.581167995929718,0.4194801151752472,0.20953434705734253,0.570124089717865,0.2210008054971695
forecast_load_mw_latest_available,gen_fuel_nuclear_mw,0.40963202714920044,0.027199717238545418,0.5232245922088623,0.5535961985588074,0.400873601436615,0.15216124057769775,0.6009650826454163,0.2946819067001343
gen_fuel_nuclear_mw,forecast_load_mw_latest_available,0.40963202714920044,0.042638346552848816,0.5232245922088623,0.5535961985588074,0.400873601436615,0.15216124057769775,0.6009650826454163,0.2946819067001343
total_lmp_rt,da_as_mcp_synchronized_reserve,0.40711769461631775,0.028101064264774323,0.5733417272567749,0.48852255940437317,0.31457415223121643,0.5006263852119446,0.4923523962497711,0.15764501690864563
da_as_mcp_synchronized_reserve,total_lmp_rt,0.40711769461631775,0.03809472918510437,0.5733417272567749,0.48852255940437317,0.31457415223121643,0.5006263852119446,0.4923523962497711,0.15764501690864563
total_losses,gen_fuel_nuclear_mw,0.40541473031044006,0.041843436658382416,0.552340567111969,0.5620499849319458,0.4276454448699951,0.1805223524570465,0.5702452659606934,0.22906264662742615
gen_fuel_nuclear_mw,total_losses,0.40541473031044006,0.04219937324523926,0.552340567111969,0.5620499849319458,0.4276454448699951,0.1805223524570465,0.5702452659606934,0.22906264662742615
marginal_loss_price_da,forecast_load_mw_latest_available,0.40514346957206726,0.04217313602566719,0.5708171129226685,0.5828149318695068,0.38377293944358826,0.232446551322937,0.5618862509727478,0.19573956727981567
forecast_load_mw_latest_available,marginal_loss_price_da,0.40514346957206726,0.026901675388216972,0.5708171129226685,0.5828149318695068,0.38377293944358826,0.232446551322937,0.5618862509727478,0.19573956727981567
gen_fuel_gas_pct,gen_fuel_wind_mw,0.4033028185367584,0.047908201813697815,0.5795396566390991,0.6101670861244202,0.41945040225982666,0.10661180317401886,0.5744211673736572,0.2251770943403244
gen_fuel_wind_mw,gen_fuel_gas_pct,0.4033028185367584,0.10925418138504028,0.5795396566390991,0.6101670861244202,0.41945040225982666,0.10661180317401886,0.5744211673736572,0.2251770943403244
marginal_loss_price_da,total_losses,0.40268662571907043,0.04191739484667778,0.540503978729248,0.5809135437011719,0.3774753510951996,0.22094424068927765,0.5605977773666382,0.22279390692710876
total_losses,marginal_loss_price_da,0.40268662571907043,0.04156186804175377,0.540503978729248,0.5809135437011719,0.3774753510951996,0.22094424068927765,0.5605977773666382,0.22279390692710876
gen_fuel_coal_pct,metered_load_mw,0.40212875604629517,0.04666487127542496,0.5719536542892456,0.5954267382621765,0.40760937333106995,0.12068380415439606,0.5908342003822327,0.22142283618450165
metered_load_mw,gen_fuel_coal_pct,0.40212875604629517,0.026442313566803932,0.5719536542892456,0.5954267382621765,0.40760937333106995,0.12068380415439606,0.5908342003822327,0.22142283618450165
total_lmp_da,gen_fuel_hydro_mw,0.40176278352737427,0.027671420946717262,0.49063074588775635,0.5014354586601257,0.362787663936615,0.20987683534622192,0.6016455888748169,0.3001638352870941
gen_fuel_hydro_mw,total_lmp_da,0.40176278352737427,0.04166213423013687,0.49063074588775635,0.5014354586601257,0.362787663936615,0.20987683534622192,0.6016455888748169,0.3001638352870941
da_as_mcp_primary_reserve,da_as_nsr_mw_primary_reserve,0.4006161689758301,0.04272313788533211,0.25873199105262756,0.4496474266052246,0.40130019187927246,0.8549752235412598,0.3900813162326813,0.13531698286533356
da_as_nsr_mw_primary_reserve,da_as_mcp_primary_reserve,0.4006161689758301,0.09421480447053909,0.25873199105262756,0.4496474266052246,0.40130019187927246,0.8549752235412598,0.3900813162326813,0.13531698286533356
marginal_loss_price_rt,gen_fuel_coal_mw,0.3996179401874542,0.027343399822711945,0.4433271586894989,0.572166919708252,0.43405866622924805,0.3086227774620056,0.522255003452301,0.20989011228084564
gen_fuel_coal_mw,marginal_loss_price_rt,0.3996179401874542,0.03264857456088066,0.4433271586894989,0.572166919708252,0.43405866622924805,0.3086227774620056,0.522255003452301,0.20989011228084564
gen_fuel_coal_mw,gen_fuel_other_renewables_pct,0.39782822132110596,0.03250235319137573,0.5794084668159485,0.5466447472572327,0.42492425441741943,0.20352643728256226,0.5327540040016174,0.19462336599826813
gen_fuel_other_renewables_pct,gen_fuel_coal_mw,0.39782822132110596,0.036917101591825485,0.5794084668159485,0.5466447472572327,0.42492425441741943,0.20352643728256226,0.5327540040016174,0.19462336599826813
gen_fuel_coal_pct,forecast_load_mw_latest_available,0.39268526434898376,0.045569006353616714,0.5677337646484375,0.5902388095855713,0.3866775929927826,0.12228765338659286,0.5682859420776367,0.21364915370941162
forecast_load_mw_latest_available,gen_fuel_coal_pct,0.39268526434898376,0.026074444875121117,0.5677337646484375,0.5902388095855713,0.3866775929927826,0.12228765338659286,0.5682859420776367,0.21364915370941162
gen_fuel_hydro_mw,gen_fuel_storage_mw,0.39092376828193665,0.04053814709186554,0.5167770981788635,0.5010770559310913,0.40146303176879883,0.1482740193605423,0.5752447843551636,0.2700144052505493
gen_fuel_storage_mw,gen_fuel_hydro_mw,0.39092376828193665,0.05959448218345642,0.5167770981788635,0.5010770559310913,0.40146303176879883,0.1482740193605423,0.5752447843551636,0.2700144052505493
gen_fuel_coal_pct,total_gen,0.3908812403678894,0.04535965621471405,0.5665004253387451,0.5900339484214783,0.38522568345069885,0.12216851115226746,0.5636944770812988,0.21074622869491577
total_gen,gen_fuel_coal_pct,0.3908812403678894,0.025963326916098595,0.5665004253387451,0.5900339484214783,0.38522568345069885,0.12216851115226746,0.5636944770812988,0.21074622869491577
da_as_total_mw_primary_reserve,da_as_total_mw_synchronized_reserve,0.3907826244831085,0.053625013679265976,0.2962269186973572,0.3512132167816162,0.22446544468402863,0.6141437888145447,0.513320803642273,0.34666696190834045
da_as_total_mw_synchronized_reserve,da_as_total_mw_primary_reserve,0.3907826244831085,0.06681973487138748,0.2962269186973572,0.3512132167816162,0.22446544468402863,0.6141437888145447,0.513320803642273,0.34666696190834045
gen_fuel_gas_mw,total_lmp_rt,0.39055442810058594,0.027385685592889786,0.39404839277267456,0.4958840012550354,0.3479086458683014,0.5832019448280334,0.4797591269016266,0.13621795177459717
total_lmp_rt,gen_fuel_gas_mw,0.39055442810058594,0.026957795023918152,0.39404839277267456,0.4958840012550354,0.3479086458683014,0.5832019448280334,0.4797591269016266,0.13621795177459717
gen_fuel_other_renewables_pct,marginal_loss_price_rt,0.3905501365661621,0.036241717636585236,0.2732206881046295,0.4878723621368408,0.3797914385795593,0.7461572885513306,0.4281565546989441,0.12342877686023712
marginal_loss_price_rt,gen_fuel_other_renewables_pct,0.3905501365661621,0.026722945272922516,0.2732206881046295,0.4878723621368408,0.3797914385795593,0.7461572885513306,0.4281565546989441,0.12342877686023712
gen_fuel_other_renewables_pct,total_lmp_rt,0.3904472887516022,0.036232177168130875,0.28043797612190247,0.5056573152542114,0.3983950912952423,0.6575865745544434,0.46377721428871155,0.13551728427410126
total_lmp_rt,gen_fuel_other_renewables_pct,0.3904472887516022,0.026950400322675705,0.28043797612190247,0.5056573152542114,0.3983950912952423,0.6575865745544434,0.46377721428871155,0.13551728427410126
da_as_total_mw_thirty_minutes_reserve,da_as_mcp_synchronized_reserve,0.38908806443214417,0.04668571427464485,0.4701646566390991,0.4770616292953491,0.35567131638526917,0.5152740478515625,0.480529248714447,0.1304105818271637
da_as_mcp_synchronized_reserve,da_as_total_mw_thirty_minutes_reserve,0.38908806443214417,0.03640766441822052,0.4701646566390991,0.4770616292953491,0.35567131638526917,0.5152740478515625,0.480529248714447,0.1304105818271637
da_as_mcp_synchronized_reserve,marginal_loss_price_rt,0.38855528831481934,0.0363578125834465,0.6263918876647949,0.36449769139289856,0.2965419888496399,0.5457888245582581,0.44251689314842224,0.12891632318496704
marginal_loss_price_rt,da_as_mcp_synchronized_reserve,0.38855528831481934,0.02658645063638687,0.6263918876647949,0.36449769139289856,0.2965419888496399,0.5457888245582581,0.44251689314842224,0.12891632318496704
total_lmp_da,gen_fuel_gas_mw,0.3881268799304962,0.026732247322797775,0.5449982285499573,0.5243786573410034,0.38371843099594116,0.23826777935028076,0.5636409521102905,0.171419158577919
gen_fuel_gas_mw,total_lmp_da,0.3881268799304962,0.027215465903282166,0.5449982285499573,0.5243786573410034,0.38371843099594116,0.23826777935028076,0.5636409521102905,0.171419158577919
gen_fuel_nuclear_mw,metered_load_mw,0.38774916529655457,0.040360573679208755,0.5345591306686401,0.5625689625740051,0.36416906118392944,0.15176135301589966,0.5548712015151978,0.23720096051692963
metered_load_mw,gen_fuel_nuclear_mw,0.38774916529655457,0.025496771559119225,0.5345591306686401,0.5625689625740051,0.36416906118392944,0.15176135301589966,0.5548712015151978,0.23720096051692963
marginal_loss_price_rt,gen_fuel_oil_pct,0.3877359628677368,0.026530388742685318,0.48342975974082947,0.4234025180339813,0.2931162714958191,0.5662075877189636,0.5025182366371155,0.13883936405181885
gen_fuel_oil_pct,marginal_loss_price_rt,0.3877359628677368,0.03579261526465416,0.48342975974082947,0.4234025180339813,0.2931162714958191,0.5662075877189636,0.5025182366371155,0.13883936405181885
gen_fuel_oil_pct,gen_fuel_multiple_fuels_mw,0.3871511220932007,0.03573862835764885,0.5348972678184509,0.5612879395484924,0.4192597270011902,0.16017836332321167,0.5502434372901917,0.19439253211021423
gen_fuel_multiple_fuels_mw,gen_fuel_oil_pct,0.3871511220932007,0.04159977659583092,0.5348972678184509,0.5612879395484924,0.4192597270011902,0.16017836332321167,0.5502434372901917,0.19439253211021423
da_as_total_mw_primary_reserve,da_as_total_mw_thirty_minutes_reserve,0.3868648111820221,0.053087394684553146,0.496105432510376,0.5405454635620117,0.42247527837753296,0.19141899049282074,0.5485377907752991,0.21179474890232086
da_as_total_mw_thirty_minutes_reserve,da_as_total_mw_primary_reserve,0.3868648111820221,0.04641894996166229,0.496105432510376,0.5405454635620117,0.42247527837753296,0.19141899049282074,0.5485377907752991,0.21179474890232086
marginal_loss_price_da,forecast_load_mw_day_ahead,0.38566553592681885,0.040145594626665115,0.5439289808273315,0.501953125,0.3893042802810669,0.18823347985744476,0.5582994818687439,0.21428142488002777
forecast_load_mw_day_ahead,marginal_loss_price_da,0.38566553592681885,0.0261409692466259,0.5439289808273315,0.501953125,0.3893042802810669,0.18823347985744476,0.5582994818687439,0.21428142488002777
gen_fuel_storage_mw,gen_fuel_hydro_pct,0.3828435242176056,0.0583626851439476,0.5397739410400391,0.5069629549980164,0.39373597502708435,0.15089617669582367,0.544075608253479,0.23653315007686615
gen_fuel_hydro_pct,gen_fuel_storage_mw,0.3828435242176056,0.04998548701405525,0.5397739410400391,0.5069629549980164,0.39373597502708435,0.15089617669582367,0.544075608253479,0.23653315007686615
gen_fuel_oil_mw,gen_fuel_multiple_fuels_mw,0.3820823132991791,0.030288953334093094,0.5053951144218445,0.5370602011680603,0.37297946214675903,0.2715253233909607,0.5123964548110962,0.18293070793151855
gen_fuel_multiple_fuels_mw,gen_fuel_oil_mw,0.3820823132991791,0.04105512797832489,0.5053951144218445,0.5370602011680603,0.37297946214675903,0.2715253233909607,0.5123964548110962,0.18293070793151855
forecast_load_mw_latest_available,gen_fuel_oil_pct,0.3784138858318329,0.02512682043015957,0.6051838994026184,0.4430924952030182,0.34558814764022827,0.16420404613018036,0.5920020341873169,0.19895635545253754
gen_fuel_oil_pct,forecast_load_mw_latest_available,0.3784138858318329,0.034932080656290054,0.6051838994026184,0.4430924952030182,0.34558814764022827,0.16420404613018036,0.5920020341873169,0.19895635545253754
total_gen,marginal_loss_price_da,0.376062273979187,0.024979013949632645,0.5520731210708618,0.5661640763282776,0.36356571316719055,0.18578942120075226,0.5179457664489746,0.1681187003850937
marginal_loss_price_da,total_gen,0.376062273979187,0.039145950227975845,0.5520731210708618,0.5661640763282776,0.36356571316719055,0.18578942120075226,0.5179457664489746,0.1681187003850937
system_energy_price_da,gen_fuel_gas_mw,0.3735775351524353,0.026289543136954308,0.5406638979911804,0.5293096303939819,0.3584502935409546,0.2375054955482483,0.5351608991622925,0.14238573610782623
gen_fuel_gas_mw,system_energy_price_da,0.3735775351524353,0.026195265352725983,0.5406638979911804,0.5293096303939819,0.3584502935409546,0.2375054955482483,0.5351608991622925,0.14238573610782623
system_energy_price_da,gen_fuel_hydro_mw,0.36841797828674316,0.02592645213007927,0.48877978324890137,0.5119695067405701,0.34267735481262207,0.1686459481716156,0.5302203297615051,0.23671162128448486
gen_fuel_hydro_mw,system_energy_price_da,0.36841797828674316,0.03820433467626572,0.48877978324890137,0.5119695067405701,0.34267735481262207,0.1686459481716156,0.5302203297615051,0.23671162128448486
gen_fuel_coal_mw,total_lmp_da,0.36682847142219543,0.02996969036757946,0.5141348242759705,0.5502556562423706,0.34560295939445496,0.2824482023715973,0.48072659969329834,0.1298661082983017
total_lmp_da,gen_fuel_coal_mw,0.36682847142219543,0.025265319272875786,0.5141348242759705,0.5502556562423706,0.34560295939445496,0.2824482023715973,0.48072659969329834,0.1298661082983017
gen_fuel_oil_pct,metered_load_mw,0.36523327231407166,0.03371535241603851,0.6085456609725952,0.4655148386955261,0.32914698123931885,0.17380939424037933,0.5559647679328918,0.14983505010604858
metered_load_mw,gen_fuel_oil_pct,0.36523327231407166,0.02401622012257576,0.6085456609725952,0.4655148386955261,0.32914698123931885,0.17380939424037933,0.5559647679328918,0.14983505010604858
total_lmp_rt,gen_fuel_coal_mw,0.362833708524704,0.025044389069080353,0.368356317281723,0.5169073343276978,0.350406289100647,0.49159345030784607,0.4225834012031555,0.1226772665977478
gen_fuel_coal_mw,total_lmp_rt,0.362833708524704,0.02964332140982151,0.368356317281723,0.5169073343276978,0.350406289100647,0.49159345030784607,0.4225834012031555,0.1226772665977478
total_pjm_loc_credit,total_lmp_rt,0.3614974617958069,0.0676560327410698,0.6079407334327698,0.3337385356426239,0.2319626361131668,0.45344653725624084,0.4738759994506836,0.1324310153722763
total_lmp_rt,total_pjm_loc_credit,0.3614974617958069,0.024952154606580734,0.6079407334327698,0.3337385356426239,0.2319626361131668,0.45344653725624084,0.4738759994506836,0.1324310153722763
da_as_mcp_synchronized_reserve,gen_fuel_oil_mw,0.3599880635738373,0.03368472680449486,0.5431388020515442,0.3699522316455841,0.2637632191181183,0.4050160050392151,0.507624626159668,0.14204102754592896
gen_fuel_oil_mw,da_as_mcp_synchronized_reserve,0.3599880635738373,0.028537467122077942,0.5431388020515442,0.3699522316455841,0.2637632191181183,0.4050160050392151,0.507624626159668,0.14204102754592896
gen_fuel_oil_pct,da_as_mcp_synchronized_reserve,0.3597581386566162,0.03320993110537529,0.5433366298675537,0.38101810216903687,0.27958396077156067,0.4279428720474243,0.48472893238067627,0.12104515731334686
da_as_mcp_synchronized_reserve,gen_fuel_oil_pct,0.3597581386566162,0.03366320952773094,0.5433366298675537,0.38101810216903687,0.27958396077156067,0.4279428720474243,0.48472893238067627,0.12104515731334686
gen_fuel_coal_mw,system_energy_price_da,0.35654446482658386,0.029129493981599808,0.510106086730957,0.5325284004211426,0.36205077171325684,0.23606877028942108,0.4707971215248108,0.12898902595043182
system_energy_price_da,gen_fuel_coal_mw,0.35654446482658386,0.025090884417295456,0.510106086730957,0.5325284004211426,0.36205077171325684,0.23606877028942108,0.4707971215248108,0.12898902595043182
total_gen,gen_fuel_oil_pct,0.35647711157798767,0.023678116500377655,0.6033824682235718,0.4295528531074524,0.3094136416912079,0.18472346663475037,0.5442183017730713,0.15132594108581543
gen_fuel_oil_pct,total_gen,0.35647711157798767,0.03290705382823944,0.6033824682235718,0.4295528531074524,0.3094136416912079,0.18472346663475037,0.5442183017730713,0.15132594108581543
total_pjm_rmccp_cr,congestion_price_rt,0.3562208116054535,0.03357231244444847,0.30643272399902344,0.40161803364753723,0.2696559429168701,0.6079105138778687,0.4505366384983063,0.1642712950706482
congestion_price_rt,total_pjm_rmccp_cr,0.3562208116054535,0.05118197575211525,0.30643272399902344,0.40161803364753723,0.2696559429168701,0.6079105138778687,0.4505366384983063,0.1642712950706482
gen_fuel_other_renewables_pct,total_lmp_da,0.35111236572265625,0.032582029700279236,0.45903173089027405,0.5405173301696777,0.4118383526802063,0.14835608005523682,0.49259135127067566,0.15541478991508484
total_lmp_da,gen_fuel_other_renewables_pct,0.35111236572265625,0.024182872846722603,0.45903173089027405,0.5405173301696777,0.4118383526802063,0.14835608005523682,0.49259135127067566,0.15541478991508484
total_lmp_rt,gen_fuel_multiple_fuels_mw,0.3510121703147888,0.02422841265797615,0.30403679609298706,0.4350235164165497,0.28672081232070923,0.6404777765274048,0.4043111205101013,0.11537612974643707
gen_fuel_multiple_fuels_mw,total_lmp_rt,0.3510121703147888,0.037716612219810486,0.30403679609298706,0.4350235164165497,0.28672081232070923,0.6404777765274048,0.4043111205101013,0.11537612974643707
gen_fuel_coal_pct,gen_fuel_nuclear_mw,0.3504382073879242,0.04066646099090576,0.4423981308937073,0.48209619522094727,0.3219597339630127,0.2129790037870407,0.49853968620300293,0.2122458517551422
gen_fuel_nuclear_mw,gen_fuel_coal_pct,0.3504382073879242,0.036476898938417435,0.4423981308937073,0.48209619522094727,0.3219597339630127,0.2129790037870407,0.49853968620300293,0.2122458517551422
gen_fuel_other_renewables_pct,gen_fuel_oil_mw,0.34600353240966797,0.032107945531606674,0.5040462613105774,0.4606829285621643,0.34605005383491516,0.1916324347257614,0.505055844783783,0.15492543578147888
gen_fuel_oil_mw,gen_fuel_other_renewables_pct,0.34600353240966797,0.027428867295384407,0.5040462613105774,0.4606829285621643,0.34605005383491516,0.1916324347257614,0.505055844783783,0.15492543578147888
forecast_load_mw_day_ahead,gen_fuel_oil_pct,0.34519162774086,0.02339758910238743,0.5906906723976135,0.4419766068458557,0.3157358765602112,0.13855195045471191,0.5332107543945312,0.1394970715045929
gen_fuel_oil_pct,forecast_load_mw_day_ahead,0.34519162774086,0.03186527267098427,0.5906906723976135,0.4419766068458557,0.3157358765602112,0.13855195045471191,0.5332107543945312,0.1394970715045929
gen_fuel_nuclear_mw,da_as_as_req_mw_synchronized_reserve,0.3443295359611511,0.03584105148911476,0.3951323926448822,0.39478600025177,0.27620744705200195,0.5695345997810364,0.37827378511428833,0.12224391847848892
da_as_as_req_mw_synchronized_reserve,gen_fuel_nuclear_mw,0.3443295359611511,0.042934637516736984,0.3951323926448822,0.39478600025177,0.27620744705200195,0.5695345997810364,0.37827378511428833,0.12224391847848892
gen_fuel_coal_mw,gen_fuel_oil_mw,0.34403377771377563,0.028107376769185066,0.5538924932479858,0.42877525091171265,0.30767086148262024,0.2096461057662964,0.504635214805603,0.14227934181690216
gen_fuel_oil_mw,gen_fuel_coal_mw,0.34403377771377563,0.027272718027234077,0.5538924932479858,0.42877525091171265,0.30767086148262024,0.2096461057662964,0.504635214805603,0.14227934181690216
gen_fuel_gas_mw,gen_fuel_oil_pct,0.3430369198322296,0.024053756147623062,0.5744513273239136,0.4206480383872986,0.2915036082267761,0.1640135645866394,0.5361981391906738,0.15140174329280853
gen_fuel_oil_pct,gen_fuel_gas_mw,0.3430369198322296,0.03166636452078819,0.5744513273239136,0.4206480383872986,0.2915036082267761,0.1640135645866394,0.5361981391906738,0.15140174329280853
congestion_price_da,total_lmp_da,0.3412232995033264,0.05282635986804962,0.5027860999107361,0.2870674729347229,0.2171114832162857,0.2421594113111496,0.5885754823684692,0.2425539642572403
total_lmp_da,congestion_price_da,0.3412232995033264,0.023501763120293617,0.5027860999107361,0.2870674729347229,0.2171114832162857,0.2421594113111496,0.5885754823684692,0.2425539642572403
gross_inadv_interchange_mw,gen_fuel_coal_mw,0.33894774317741394,0.046106401830911636,0.5384676456451416,0.46918636560440063,0.33728811144828796,0.08082928508520126,0.5342204570770264,0.16086982190608978
gen_fuel_coal_mw,gross_inadv_interchange_mw,0.33894774317741394,0.027691850438714027,0.5384676456451416,0.46918636560440063,0.33728811144828796,0.08082928508520126,0.5342204570770264,0.16086982190608978
da_as_mcp_primary_reserve,gen_fuel_storage_mw,0.3386966288089752,0.036119818687438965,0.3464425206184387,0.4492625892162323,0.37148359417915344,0.3228354752063751,0.4524939954280853,0.1682669222354889
gen_fuel_storage_mw,da_as_mcp_primary_reserve,0.3386966288089752,0.051632702350616455,0.3464425206184387,0.4492625892162323,0.37148359417915344,0.3228354752063751,0.4524939954280853,0.1682669222354889
da_as_total_mw_thirty_minutes_reserve,da_as_mcp_primary_reserve,0.3367777466773987,0.04040912911295891,0.43681564927101135,0.41444700956344604,0.3463646173477173,0.32925745844841003,0.4538854658603668,0.12556695938110352
da_as_mcp_primary_reserve,da_as_total_mw_thirty_minutes_reserve,0.3367777466773987,0.035915181040763855,0.43681564927101135,0.41444700956344604,0.3463646173477173,0.32925745844841003,0.4538854658603668,0.12556695938110352
marginal_loss_price_da,gen_fuel_nuclear_pct,0.33593741059303284,0.034969180822372437,0.4752928614616394,0.5117562413215637,0.35154908895492554,0.13505688309669495,0.4871450662612915,0.148018017411232
gen_fuel_nuclear_pct,marginal_loss_price_da,0.33593741059303284,0.025067582726478577,0.4752928614616394,0.5117562413215637,0.35154908895492554,0.13505688309669495,0.4871450662612915,0.148018017411232
rmccp,gen_fuel_multiple_fuels_mw,0.33536726236343384,0.03767183795571327,0.1957681030035019,0.3278467655181885,0.21511290967464447,1.0,0.2869385778903961,0.05486680194735527
gen_fuel_multiple_fuels_mw,rmccp,0.33536726236343384,0.03603554889559746,0.1957681030035019,0.3278467655181885,0.21511290967464447,1.0,0.2869385778903961,0.05486680194735527
system_energy_price_da,gen_fuel_multiple_fuels_mw,0.3352685868740082,0.02359365113079548,0.46792230010032654,0.5394041538238525,0.3115942180156708,0.20372554659843445,0.44142773747444153,0.13848260045051575
gen_fuel_multiple_fuels_mw,system_energy_price_da,0.3352685868740082,0.036024946719408035,0.46792230010032654,0.5394041538238525,0.3115942180156708,0.20372554659843445,0.44142773747444153,0.13848260045051575
marginal_loss_price_da,da_as_mcp_synchronized_reserve,0.33525267243385315,0.034897901117801666,0.5844082832336426,0.3295883536338806,0.27718403935432434,0.2985832989215851,0.46991878747940063,0.12315740436315536
da_as_mcp_synchronized_reserve,marginal_loss_price_da,0.33525267243385315,0.031370192766189575,0.5844082832336426,0.3295883536338806,0.27718403935432434,0.2985832989215851,0.46991878747940063,0.12315740436315536
gen_fuel_wind_pct,gen_fuel_gas_mw,0.3344533443450928,0.06080282852053642,0.5283396244049072,0.5402164459228516,0.3518200218677521,0.08860359340906143,0.4716416001319885,0.12768398225307465
gen_fuel_gas_mw,gen_fuel_wind_pct,0.3344533443450928,0.023451875895261765,0.5283396244049072,0.5402164459228516,0.3518200218677521,0.08860359340906143,0.4716416001319885,0.12768398225307465
gen_fuel_coal_pct,marginal_loss_price_rt,0.3337520956993103,0.03873012959957123,0.2915176451206207,0.5006105899810791,0.3412139415740967,0.44079500436782837,0.41187822818756104,0.11147289723157883
marginal_loss_price_rt,gen_fuel_coal_pct,0.3337520956993103,0.022836605086922646,0.2915176451206207,0.5006105899810791,0.3412139415740967,0.44079500436782837,0.41187822818756104,0.11147289723157883
total_pjm_loc_credit,rmccp,0.33346477150917053,0.062409576028585434,0.2381664663553238,0.2802354693412781,0.20795315504074097,0.8711646199226379,0.3762401342391968,0.08709733933210373
rmccp,total_pjm_loc_credit,0.33346477150917053,0.037458132952451706,0.2381664663553238,0.2802354693412781,0.20795315504074097,0.8711646199226379,0.3762401342391968,0.08709733933210373
marginal_loss_price_da,gen_fuel_oil_mw,0.33266669511795044,0.03462871536612511,0.6470402479171753,0.37890729308128357,0.25414156913757324,0.1502862423658371,0.5230681896209717,0.12205848842859268
gen_fuel_oil_mw,marginal_loss_price_da,0.33266669511795044,0.026371611282229424,0.6470402479171753,0.37890729308128357,0.25414156913757324,0.1502862423658371,0.5230681896209717,0.12205848842859268
system_energy_price_da,gen_fuel_other_renewables_pct,0.33192208409309387,0.023358149453997612,0.4541352093219757,0.529340922832489,0.3778253197669983,0.18155944347381592,0.43749919533729553,0.11506041884422302
gen_fuel_other_renewables_pct,system_energy_price_da,0.33192208409309387,0.030801236629486084,0.4541352093219757,0.529340922832489,0.3778253197669983,0.18155944347381592,0.43749919533729553,0.11506041884422302
gen_fuel_other_renewables_mw,gen_fuel_nuclear_mw,0.3314320147037506,0.09064292907714844,0.47973695397377014,0.4738596975803375,0.2649937868118286,0.21131755411624908,0.44801899790763855,0.1776655912399292
gen_fuel_nuclear_mw,gen_fuel_other_renewables_mw,0.3314320147037506,0.034498557448387146,0.47973695397377014,0.4738596975803375,0.2649937868118286,0.21131755411624908,0.44801899790763855,0.1776655912399292
total_lmp_da,gen_fuel_hydro_pct,0.33021867275238037,0.022743819281458855,0.3631998598575592,0.4614945352077484,0.33004632592201233,0.19758744537830353,0.48785868287086487,0.2075377106666565
gen_fuel_hydro_pct,total_lmp_da,0.33021867275238037,0.04311458766460419,0.3631998598575592,0.4614945352077484,0.33004632592201233,0.19758744537830353,0.48785868287086487,0.2075377106666565
total_lmp_rt,gen_fuel_hydro_mw,0.32856109738349915,0.022678740322589874,0.34880226850509644,0.4272153675556183,0.3006621301174164,0.3765484690666199,0.44569188356399536,0.14692671597003937
gen_fuel_hydro_mw,total_lmp_rt,0.32856109738349915,0.034071240574121475,0.34880226850509644,0.4272153675556183,0.3006621301174164,0.3765484690666199,0.44569188356399536,0.14692671597003937
gen_fuel_multiple_fuels_mw,total_pjm_rmccp_cr,0.3273288309574127,0.035171810537576675,0.18537242710590363,0.3197973966598511,0.24154649674892426,0.8733549118041992,0.32183682918548584,0.08575887978076935
total_pjm_rmccp_cr,gen_fuel_multiple_fuels_mw,0.3273288309574127,0.030849365517497063,0.18537242710590363,0.3197973966598511,0.24154649674892426,0.8733549118041992,0.32183682918548584,0.08575887978076935
marginal_loss_price_da,gen_fuel_coal_mw,0.32491496205329895,0.03382180631160736,0.4549919366836548,0.42214423418045044,0.33189111948013306,0.1544618308544159,0.5006985068321228,0.1628204733133316
gen_fuel_coal_mw,marginal_loss_price_da,0.32491496205329895,0.02654537931084633,0.4549919366836548,0.42214423418045044,0.33189111948013306,0.1544618308544159,0.5006985068321228,0.1628204733133316
da_as_mcp_synchronized_reserve,gen_fuel_storage_mw,0.3245938718318939,0.030372828245162964,0.3249864876270294,0.4022327959537506,0.3676561117172241,0.30590733885765076,0.45066365599632263,0.16867704689502716
gen_fuel_storage_mw,da_as_mcp_synchronized_reserve,0.3245938718318939,0.0494828037917614,0.3249864876270294,0.4022327959537506,0.3676561117172241,0.30590733885765076,0.45066365599632263,0.16867704689502716
system_energy_price_da,rmccp,0.32430610060691833,0.022822193801403046,0.347642183303833,0.4469495117664337,0.30473846197128296,0.4270831048488617,0.40064531564712524,0.10502441972494125
rmccp,system_energy_price_da,0.32430610060691833,0.03642933815717697,0.347642183303833,0.4469495117664337,0.30473846197128296,0.4270831048488617,0.40064531564712524,0.10502441972494125
gen_fuel_nuclear_pct,total_losses,0.323242723941803,0.024120306596159935,0.5030394792556763,0.5368142127990723,0.3484872877597809,0.08173847943544388,0.4620506465435028,0.11208827048540115
total_losses,gen_fuel_nuclear_pct,0.323242723941803,0.03336234763264656,0.5030394792556763,0.5368142127990723,0.3484872877597809,0.08173847943544388,0.4620506465435028,0.11208827048540115
total_losses,gen_fuel_gas_mw,0.321160227060318,0.033147409558296204,0.45136258006095886,0.5070667862892151,0.3593349754810333,0.08505640923976898,0.4764440059661865,0.14205718040466309
gen_fuel_gas_mw,total_losses,0.321160227060318,0.022519761696457863,0.45136258006095886,0.5070667862892151,0.3593349754810333,0.08505640923976898,0.4764440059661865,0.14205718040466309
da_as_total_mw_primary_reserve,gen_fuel_nuclear_mw,0.32014238834381104,0.04393143206834793,0.43389496207237244,0.41877222061157227,0.2989266812801361,0.31894007325172424,0.42212751507759094,0.11098091304302216
gen_fuel_nuclear_mw,da_as_total_mw_primary_reserve,0.32014238834381104,0.03332342579960823,0.43389496207237244,0.41877222061157227,0.2989266812801361,0.31894007325172424,0.42212751507759094,0.11098091304302216
marginal_loss_price_rt,gen_fuel_multiple_fuels_mw,0.32012099027633667,0.021903911605477333,0.2997567057609558,0.43191051483154297,0.2849232256412506,0.4929303526878357,0.3910716474056244,0.10236235707998276
gen_fuel_multiple_fuels_mw,marginal_loss_price_rt,0.32012099027633667,0.034397322684526443,0.2997567057609558,0.43191051483154297,0.2849232256412506,0.4929303526878357,0.3910716474056244,0.10236235707998276
gen_fuel_coal_pct,gen_fuel_nuclear_pct,0.32002997398376465,0.037137750536203384,0.49150583148002625,0.4879893958568573,0.33596888184547424,0.08203443884849548,0.48874562978744507,0.12890544533729553
gen_fuel_nuclear_pct,gen_fuel_coal_pct,0.32002997398376465,0.023880572989583015,0.49150583148002625,0.4879893958568573,0.33596888184547424,0.08203443884849548,0.48874562978744507,0.12890544533729553
gen_fuel_multiple_fuels_mw,total_lmp_da,0.31875038146972656,0.03425004705786705,0.4243938624858856,0.48042377829551697,0.32666292786598206,0.16966961324214935,0.45740750432014465,0.14050820469856262
total_lmp_da,gen_fuel_multiple_fuels_mw,0.31875038146972656,0.021953940391540527,0.4243938624858856,0.48042377829551697,0.32666292786598206,0.16966961324214935,0.45740750432014465,0.14050820469856262
total_pjm_loc_credit,total_pjm_rmccp_cr,0.31803539395332336,0.05952189117670059,0.09298305958509445,0.25945359468460083,0.20824554562568665,1.0,0.3307621479034424,0.07411045581102371
total_pjm_rmccp_cr,total_pjm_loc_credit,0.31803539395332336,0.029973499476909637,0.09298305958509445,0.25945359468460083,0.20824554562568665,1.0,0.3307621479034424,0.07411045581102371
system_energy_price_da,total_losses,0.3173302114009857,0.02233128435909748,0.4352993071079254,0.4925048351287842,0.33374419808387756,0.17300395667552948,0.4359855055809021,0.12510482966899872
total_losses,system_energy_price_da,0.3173302114009857,0.032752107828855515,0.4352993071079254,0.4925048351287842,0.33374419808387756,0.17300395667552948,0.4359855055809021,0.12510482966899872
total_losses,total_lmp_da,0.3158678412437439,0.03260117396712303,0.4389123320579529,0.4736289978027344,0.3371919095516205,0.15853364765644073,0.4496448338031769,0.12762422859668732
total_lmp_da,total_losses,0.3158678412437439,0.021755404770374298,0.4389123320579529,0.4736289978027344,0.3371919095516205,0.15853364765644073,0.4496448338031769,0.12762422859668732
da_as_total_mw_thirty_minutes_reserve,system_energy_price_da,0.3157420754432678,0.03788511082530022,0.4889569580554962,0.46525079011917114,0.2949475646018982,0.1839199960231781,0.42656588554382324,0.1201346293091774
system_energy_price_da,da_as_total_mw_thirty_minutes_reserve,0.3157420754432678,0.022219523787498474,0.4889569580554962,0.46525079011917114,0.2949475646018982,0.1839199960231781,0.42656588554382324,0.1201346293091774
congestion_price_rt,system_energy_price_da,0.314208984375,0.04514569416642189,0.4369752109050751,0.44828733801841736,0.32083940505981445,0.09468808025121689,0.4905112683773041,0.17002905905246735
system_energy_price_da,congestion_price_rt,0.314208984375,0.02211163565516472,0.4369752109050751,0.44828733801841736,0.32083940505981445,0.09468808025121689,0.4905112683773041,0.17002905905246735
total_lmp_rt,da_as_mcp_primary_reserve,0.3140365481376648,0.021676192060112953,0.46427926421165466,0.3846893906593323,0.2713296711444855,0.24744075536727905,0.4355630576610565,0.14699652791023254
da_as_mcp_primary_reserve,total_lmp_rt,0.3140365481376648,0.033489979803562164,0.46427926421165466,0.3846893906593323,0.2713296711444855,0.24744075536727905,0.4355630576610565,0.14699652791023254
da_as_as_req_mw_primary_reserve,gen_fuel_nuclear_mw,0.313473641872406,0.04002571851015091,0.352433979511261,0.34892964363098145,0.24438926577568054,0.5946193337440491,0.323554128408432,0.08516177535057068
gen_fuel_nuclear_mw,da_as_as_req_mw_primary_reserve,0.313473641872406,0.03262928128242493,0.352433979511261,0.34892964363098145,0.24438926577568054,0.5946193337440491,0.323554128408432,0.08516177535057068
marginal_loss_price_da,gen_fuel_oil_pct,0.31319552659988403,0.03260187804698944,0.638399600982666,0.33822542428970337,0.22663180530071259,0.15023517608642578,0.4939618408679962,0.10609440505504608
gen_fuel_oil_pct,marginal_loss_price_da,0.31319552659988403,0.0289116520434618,0.638399600982666,0.33822542428970337,0.22663180530071259,0.15023517608642578,0.4939618408679962,0.10609440505504608
gen_fuel_hydro_pct,system_energy_price_da,0.31302762031555176,0.0408700592815876,0.3723277449607849,0.4520511329174042,0.2908650040626526,0.1943364441394806,0.4634595811367035,0.17442992329597473
system_energy_price_da,gen_fuel_hydro_pct,0.31302762031555176,0.022028500214219093,0.3723277449607849,0.4520511329174042,0.2908650040626526,0.1943364441394806,0.4634595811367035,0.17442992329597473
marginal_loss_price_rt,total_pjm_loc_credit,0.3100454807281494,0.021214507520198822,0.5991138815879822,0.3027869760990143,0.18354856967926025,0.28622832894325256,0.4284796118736267,0.11675063520669937
total_pjm_loc_credit,marginal_loss_price_rt,0.3100454807281494,0.05802654102444649,0.5991138815879822,0.3027869760990143,0.18354856967926025,0.28622832894325256,0.4284796118736267,0.11675063520669937
gen_fuel_multiple_fuels_pct,da_as_total_mw_thirty_minutes_reserve,0.3077605664730072,0.044220343232154846,0.46085289120674133,0.4456464946269989,0.32158711552619934,0.09814105182886124,0.47396379709243774,0.13252845406532288
da_as_total_mw_thirty_minutes_reserve,gen_fuel_multiple_fuels_pct,0.3077605664730072,0.03692742809653282,0.46085289120674133,0.4456464946269989,0.32158711552619934,0.09814105182886124,0.47396379709243774,0.13252845406532288
gen_fuel_hydro_mw,gen_fuel_nuclear_pct,0.3076234757900238,0.03190004453063011,0.5242224931716919,0.4437524080276489,0.30303844809532166,0.09615994244813919,0.4576962888240814,0.11047554016113281
gen_fuel_nuclear_pct,gen_fuel_hydro_mw,0.3076234757900238,0.022954801097512245,0.5242224931716919,0.4437524080276489,0.30303844809532166,0.09615994244813919,0.4576962888240814,0.11047554016113281
total_lmp_da,da_as_total_mw_thirty_minutes_reserve,0.3061445355415344,0.02108571119606495,0.471263587474823,0.4708211123943329,0.2777234613895416,0.19538825750350952,0.39957815408706665,0.10765426605939865
da_as_total_mw_thirty_minutes_reserve,total_lmp_da,0.3061445355415344,0.03673352301120758,0.471263587474823,0.4708211123943329,0.2777234613895416,0.19538825750350952,0.39957815408706665,0.10765426605939865
gen_fuel_nuclear_mw,da_as_as_req_mw_thirty_minutes_reserve,0.3054961860179901,0.03179891034960747,0.3602790832519531,0.3568502366542816,0.2982602119445801,0.4146290719509125,0.3628081977367401,0.11065234243869781
da_as_as_req_mw_thirty_minutes_reserve,gen_fuel_nuclear_mw,0.3054961860179901,0.04039738327264786,0.3602790832519531,0.3568502366542816,0.2982602119445801,0.4146290719509125,0.3628081977367401,0.11065234243869781
gen_fuel_hydro_mw,marginal_loss_price_rt,0.3054463863372803,0.03167428448796272,0.2357187420129776,0.29399368166923523,0.20907898247241974,0.6973817348480225,0.3612864315509796,0.09364621341228485
marginal_loss_price_rt,gen_fuel_hydro_mw,0.3054463863372803,0.0208998192101717,0.2357187420129776,0.29399368166923523,0.20907898247241974,0.6973817348480225,0.3612864315509796,0.09364621341228485
gen_fuel_gas_mw,gen_fuel_coal_pct,0.30517905950546265,0.021399162709712982,0.4165528416633606,0.4592454433441162,0.3144903779029846,0.0865362286567688,0.4695470929145813,0.1619473248720169
gen_fuel_coal_pct,gen_fuel_gas_mw,0.30517905950546265,0.03541438281536102,0.4165528416633606,0.4592454433441162,0.3144903779029846,0.0865362286567688,0.4695470929145813,0.1619473248720169
gen_fuel_gas_mw,marginal_loss_price_da,0.3026711344718933,0.02122330665588379,0.44137483835220337,0.41260039806365967,0.3201964497566223,0.11880242079496384,0.476747065782547,0.12966307997703552
marginal_loss_price_da,gen_fuel_gas_mw,0.3026711344718933,0.03150634840130806,0.44137483835220337,0.41260039806365967,0.3201964497566223,0.11880242079496384,0.476747065782547,0.12966307997703552
total_lmp_da,total_pjm_reg_purchases,0.3015221059322357,0.020767342299222946,0.3618119955062866,0.49044185876846313,0.3169252276420593,0.17244982719421387,0.42130520939826965,0.13210095465183258
total_pjm_reg_purchases,total_lmp_da,0.3015221059322357,0.03789469972252846,0.3618119955062866,0.49044185876846313,0.3169252276420593,0.17244982719421387,0.42130520939826965,0.13210095465183258
congestion_price_rt,total_lmp_da,0.3009210228919983,0.04323647543787956,0.4272168278694153,0.4489431083202362,0.3105488717556,0.11019077897071838,0.4394974410533905,0.14690956473350525
total_lmp_da,congestion_price_rt,0.3009210228919983,0.02072594128549099,0.4272168278694153,0.4489431083202362,0.3105488717556,0.11019077897071838,0.4394974410533905,0.14690956473350525
gen_fuel_nuclear_pct,gen_fuel_multiple_fuels_mw,0.29988598823547363,0.022377431392669678,0.5102902054786682,0.4687817096710205,0.294007271528244,0.08101196587085724,0.44077268242836,0.09818655997514725
gen_fuel_multiple_fuels_mw,gen_fuel_nuclear_pct,0.29988598823547363,0.03222304955124855,0.5102902054786682,0.4687817096710205,0.294007271528244,0.08101196587085724,0.44077268242836,0.09818655997514725
net_actual_interchange_mw,gross_sched_interchange_mw,0.2997443675994873,0.05148013308644295,0.4713491201400757,0.44511595368385315,0.2864609360694885,0.12271275371313095,0.42710328102111816,0.12603071331977844
gross_sched_interchange_mw,net_actual_interchange_mw,0.2997443675994873,0.07439827173948288,0.4713491201400757,0.44511595368385315,0.2864609360694885,0.12271275371313095,0.42710328102111816,0.12603071331977844
gross_inadv_interchange_mw,forecast_load_mw_day_ahead,0.2989312708377838,0.040663037449121475,0.46064284443855286,0.4457854926586151,0.31748855113983154,0.06990170478820801,0.4634535014629364,0.12383720278739929
forecast_load_mw_day_ahead,gross_inadv_interchange_mw,0.2989312708377838,0.020261995494365692,0.46064284443855286,0.4457854926586151,0.31748855113983154,0.06990170478820801,0.4634535014629364,0.12383720278739929
total_pjm_reg_purchases,system_energy_price_da,0.2988349199295044,0.037556979805231094,0.37306851148605347,0.49566495418548584,0.30703744292259216,0.15325118601322174,0.4158135950565338,0.13290879130363464
system_energy_price_da,total_pjm_reg_purchases,0.2988349199295044,0.021029725670814514,0.37306851148605347,0.49566495418548584,0.30703744292259216,0.15325118601322174,0.4158135950565338,0.13290879130363464
forecast_load_mw_latest_available,gen_fuel_hydro_mw,0.2968365252017975,0.019710054621100426,0.5255480408668518,0.42617708444595337,0.2890283167362213,0.08831236511468887,0.44566190242767334,0.0958981141448021
gen_fuel_hydro_mw,forecast_load_mw_latest_available,0.2968365252017975,0.0307814572006464,0.5255480408668518,0.42617708444595337,0.2890283167362213,0.08831236511468887,0.44566190242767334,0.0958981141448021
gen_fuel_oil_mw,da_as_mcp_primary_reserve,0.29485100507736206,0.023373832926154137,0.48294883966445923,0.30801570415496826,0.2464754283428192,0.2604773938655853,0.4176487624645233,0.116360142827034
da_as_mcp_primary_reserve,gen_fuel_oil_mw,0.29485100507736206,0.031443964689970016,0.48294883966445923,0.30801570415496826,0.2464754283428192,0.2604773938655853,0.4176487624645233,0.116360142827034
total_losses,gross_inadv_interchange_mw,0.29407694935798645,0.03035210445523262,0.48320743441581726,0.4147017002105713,0.31751543283462524,0.0699588730931282,0.45845556259155273,0.10893913358449936
gross_inadv_interchange_mw,total_losses,0.29407694935798645,0.04000271484255791,0.48320743441581726,0.4147017002105713,0.31751543283462524,0.0699588730931282,0.45845556259155273,0.10893913358449936
metered_load_mw,gross_inadv_interchange_mw,0.2919754981994629,0.01919909380376339,0.46761390566825867,0.4429419934749603,0.313960462808609,0.052853330969810486,0.45640817284584045,0.10893770307302475
gross_inadv_interchange_mw,metered_load_mw,0.2919754981994629,0.03971685841679573,0.46761390566825867,0.4429419934749603,0.313960462808609,0.052853330969810486,0.45640817284584045,0.10893770307302475
total_pjm_reg_purchases,marginal_loss_price_rt,0.2898726165294647,0.036430615931749344,0.22879761457443237,0.40114626288414,0.23872947692871094,0.5796482563018799,0.30710500478744507,0.06246213987469673
marginal_loss_price_rt,total_pjm_reg_purchases,0.2898726165294647,0.019834201782941818,0.22879761457443237,0.40114626288414,0.23872947692871094,0.5796482563018799,0.30710500478744507,0.06246213987469673
da_as_as_req_mw_thirty_minutes_reserve,gen_fuel_gas_mw,0.2895573675632477,0.03828970715403557,0.4014911949634552,0.3984502851963043,0.32682332396507263,0.1192823201417923,0.43042463064193726,0.1369711309671402
gen_fuel_gas_mw,da_as_as_req_mw_thirty_minutes_reserve,0.2895573675632477,0.020303769037127495,0.4014911949634552,0.3984502851963043,0.32682332396507263,0.1192823201417923,0.43042463064193726,0.1369711309671402
net_actual_interchange_mw,da_as_as_req_mw_primary_reserve,0.28936967253685,0.04969831183552742,0.42597103118896484,0.3529150187969208,0.24308785796165466,0.17914973199367523,0.44568777084350586,0.14898130297660828
da_as_as_req_mw_primary_reserve,net_actual_interchange_mw,0.28936967253685,0.03694801777601242,0.42597103118896484,0.3529150187969208,0.24308785796165466,0.17914973199367523,0.44568777084350586,0.14898130297660828
system_energy_price_da,gen_fuel_storage_mw,0.28911033272743225,0.020345384255051613,0.3608250319957733,0.4459814429283142,0.3528624176979065,0.08125326782464981,0.4052051603794098,0.16254296898841858
gen_fuel_storage_mw,system_energy_price_da,0.28911033272743225,0.04407350346446037,0.3608250319957733,0.4459814429283142,0.3528624176979065,0.08125326782464981,0.4052051603794098,0.16254296898841858
da_as_as_req_mw_thirty_minutes_reserve,net_actual_interchange_mw,0.2889760732650757,0.038212839514017105,0.4325985610485077,0.3613952398300171,0.24264714121818542,0.19051307439804077,0.42562243342399597,0.14201584458351135
net_actual_interchange_mw,da_as_as_req_mw_thirty_minutes_reserve,0.2889760732650757,0.04963071271777153,0.4325985610485077,0.3613952398300171,0.24264714121818542,0.19051307439804077,0.42562243342399597,0.14201584458351135
total_losses,total_lmp_rt,0.2888244390487671,0.02980998530983925,0.24961140751838684,0.41888758540153503,0.31282365322113037,0.30152130126953125,0.420587420463562,0.11253480613231659
total_lmp_rt,total_losses,0.2888244390487671,0.019935941323637962,0.24961140751838684,0.41888758540153503,0.31282365322113037,0.30152130126953125,0.420587420463562,0.11253480613231659
da_as_total_mw_thirty_minutes_reserve,gen_fuel_oil_pct,0.2888229787349701,0.03465515375137329,0.4642684757709503,0.416383296251297,0.29552188515663147,0.12081316858530045,0.4161977171897888,0.10376670956611633
gen_fuel_oil_pct,da_as_total_mw_thirty_minutes_reserve,0.2888229787349701,0.02666177786886692,0.4642684757709503,0.416383296251297,0.29552188515663147,0.12081316858530045,0.4161977171897888,0.10376670956611633
total_gen,gross_inadv_interchange_mw,0.28818246722221375,0.01914181374013424,0.4573751986026764,0.43329474329948425,0.3029691278934479,0.060656554996967316,0.4471016526222229,0.11390679329633713
gross_inadv_interchange_mw,total_gen,0.28818246722221375,0.03920090198516846,0.4573751986026764,0.43329474329948425,0.3029691278934479,0.060656554996967316,0.4471016526222229,0.11390679329633713
da_as_mcp_primary_reserve,gen_fuel_oil_pct,0.28787896037101746,0.03070043958723545,0.4468296766281128,0.302295446395874,0.29492509365081787,0.15849345922470093,0.45801016688346863,0.13250219821929932
gen_fuel_oil_pct,da_as_mcp_primary_reserve,0.28787896037101746,0.02657463401556015,0.4468296766281128,0.302295446395874,0.29492509365081787,0.15849345922470093,0.45801016688346863,0.13250219821929932
gen_fuel_storage_mw,total_lmp_rt,0.2871982753276825,0.04378202185034752,0.21855215728282928,0.39056164026260376,0.343721479177475,0.317624568939209,0.3747795820236206,0.14655111730098724
total_lmp_rt,gen_fuel_storage_mw,0.2871982753276825,0.019823696464300156,0.21855215728282928,0.39056164026260376,0.343721479177475,0.317624568939209,0.3747795820236206,0.14655111730098724
net_actual_interchange_mw,da_as_as_req_mw_synchronized_reserve,0.28647541999816895,0.04920123517513275,0.4267459511756897,0.3395284116268158,0.23839139938354492,0.20901958644390106,0.427143931388855,0.13754191994667053
da_as_as_req_mw_synchronized_reserve,net_actual_interchange_mw,0.28647541999816895,0.03572077676653862,0.4267459511756897,0.3395284116268158,0.23839139938354492,0.20901958644390106,0.427143931388855,0.13754191994667053
da_as_total_mw_thirty_minutes_reserve,gen_fuel_multiple_fuels_mw,0.28598448634147644,0.03431456908583641,0.43462657928466797,0.406572163105011,0.2921452224254608,0.10668762773275375,0.43670836091041565,0.1187295913696289
gen_fuel_multiple_fuels_mw,da_as_total_mw_thirty_minutes_reserve,0.28598448634147644,0.030729319900274277,0.43462657928466797,0.406572163105011,0.2921452224254608,0.10668762773275375,0.43670836091041565,0.1187295913696289
gen_fuel_oil_mw,gen_fuel_multiple_fuels_pct,0.28576338291168213,0.022653426975011826,0.3296959698200226,0.4394587576389313,0.3072667419910431,0.17566321790218353,0.4066339433193207,0.13326433300971985
gen_fuel_multiple_fuels_pct,gen_fuel_oil_mw,0.28576338291168213,0.041059695184230804,0.3296959698200226,0.4394587576389313,0.3072667419910431,0.17566321790218353,0.4066339433193207,0.13326433300971985
total_lmp_da,gen_fuel_storage_mw,0.28558680415153503,0.019669797271490097,0.3346979022026062,0.45650795102119446,0.3383808135986328,0.09934356808662415,0.40989211201667786,0.15191379189491272
gen_fuel_storage_mw,total_lmp_da,0.28558680415153503,0.04353635758161545,0.3346979022026062,0.45650795102119446,0.3383808135986328,0.09934356808662415,0.40989211201667786,0.15191379189491272
gross_inadv_interchange_mw,forecast_load_mw_latest_available,0.28536614775657654,0.03881780058145523,0.46795037388801575,0.4449958801269531,0.29367655515670776,0.06502942740917206,0.4301534593105316,0.09984475374221802
forecast_load_mw_latest_available,gross_inadv_interchange_mw,0.28536614775657654,0.018948417156934738,0.46795037388801575,0.4449958801269531,0.29367655515670776,0.06502942740917206,0.4301534593105316,0.09984475374221802
gen_fuel_hydro_mw,metered_load_mw,0.28410542011260986,0.029461262747645378,0.5070257186889648,0.4169520437717438,0.26610445976257324,0.09868650883436203,0.41897499561309814,0.08422870188951492
metered_load_mw,gen_fuel_hydro_mw,0.28410542011260986,0.018681589514017105,0.5070257186889648,0.4169520437717438,0.26610445976257324,0.09868650883436203,0.41897499561309814,0.08422870188951492
gen_fuel_hydro_mw,total_pjm_reg_purchases,0.28238022327423096,0.029282361268997192,0.38702937960624695,0.367592990398407,0.2571204900741577,0.10853173583745956,0.45028597116470337,0.17778988182544708
total_pjm_reg_purchases,gen_fuel_hydro_mw,0.28238022327423096,0.03548898547887802,0.38702937960624695,0.367592990398407,0.2571204900741577,0.10853173583745956,0.45028597116470337,0.17778988182544708
gross_inadv_interchange_mw,total_lmp_da,0.2814393639564514,0.03828364983201027,0.40083423256874084,0.42031827569007874,0.3167472779750824,0.09500883519649506,0.415953129529953,0.12095271050930023
total_lmp_da,gross_inadv_interchange_mw,0.2814393639564514,0.019384142011404037,0.40083423256874084,0.42031827569007874,0.3167472779750824,0.09500883519649506,0.415953129529953,0.12095271050930023
gen_fuel_other_renewables_pct,gen_fuel_oil_pct,0.2797180712223053,0.025956882163882256,0.44113001227378845,0.35543200373649597,0.2697364389896393,0.1388513594865799,0.4410993456840515,0.10737768560647964
gen_fuel_oil_pct,gen_fuel_other_renewables_pct,0.2797180712223053,0.02582128718495369,0.44113001227378845,0.35543200373649597,0.2697364389896393,0.1388513594865799,0.4410993456840515,0.10737768560647964
total_pjm_rmccp_cr,marginal_loss_price_da,0.27888545393943787,0.026283781975507736,0.19145633280277252,0.23038452863693237,0.14221800863742828,0.84888756275177,0.2659880518913269,0.04510356858372688
marginal_loss_price_da,total_pjm_rmccp_cr,0.27888545393943787,0.029030393809080124,0.19145633280277252,0.23038452863693237,0.14221800863742828,0.84888756275177,0.2659880518913269,0.04510356858372688
gen_fuel_hydro_mw,total_gen,0.27744823694229126,0.028770923614501953,0.4988860785961151,0.3952186107635498,0.26575586199760437,0.09320277720689774,0.4162927567958832,0.08095597475767136
total_gen,gen_fuel_hydro_mw,0.27744823694229126,0.01842881739139557,0.4988860785961151,0.3952186107635498,0.26575586199760437,0.09320277720689774,0.4162927567958832,0.08095597475767136
da_as_as_req_mw_synchronized_reserve,da_as_total_mw_thirty_minutes_reserve,0.27583393454551697,0.03439388424158096,0.36940401792526245,0.36437278985977173,0.25300347805023193,0.22489529848098755,0.3791428804397583,0.1270037591457367
da_as_total_mw_thirty_minutes_reserve,da_as_as_req_mw_synchronized_reserve,0.27583393454551697,0.03309663012623787,0.36940401792526245,0.36437278985977173,0.25300347805023193,0.22489529848098755,0.3791428804397583,0.1270037591457367
gross_sched_interchange_mw,gen_fuel_nuclear_mw,0.2750244736671448,0.06826265156269073,0.39979320764541626,0.38713338971138,0.28286993503570557,0.08502723276615143,0.43189218640327454,0.13440752029418945
gen_fuel_nuclear_mw,gross_sched_interchange_mw,0.2750244736671448,0.028627129271626472,0.39979320764541626,0.38713338971138,0.28286993503570557,0.08502723276615143,0.43189218640327454,0.13440752029418945
forecast_load_mw_day_ahead,gen_fuel_gas_pct,0.2749534249305725,0.01863674260675907,0.42381083965301514,0.4305422008037567,0.3085228204727173,0.05706331878900528,0.41511890292167664,0.10199040174484253
gen_fuel_gas_pct,forecast_load_mw_day_ahead,0.2749534249305725,0.032661620527505875,0.42381083965301514,0.4305422008037567,0.3085228204727173,0.05706331878900528,0.41511890292167664,0.10199040174484253
total_losses,gross_actual_interchange_mw,0.27392032742500305,0.028271710500121117,0.4598151743412018,0.44168636202812195,0.27575621008872986,0.060043878853321075,0.4113417863845825,0.08497930318117142
gross_actual_interchange_mw,total_losses,0.27392032742500305,0.041202180087566376,0.4598151743412018,0.44168636202812195,0.27575621008872986,0.060043878853321075,0.4113417863845825,0.08497930318117142
gen_fuel_hydro_pct,total_lmp_rt,0.2736778259277344,0.03573240339756012,0.224531888961792,0.36119702458381653,0.23420043289661407,0.431332528591156,0.34501075744628906,0.10847171396017075
total_lmp_rt,gen_fuel_hydro_pct,0.2736778259277344,0.01889045536518097,0.224531888961792,0.36119702458381653,0.23420043289661407,0.431332528591156,0.34501075744628906,0.10847171396017075
total_pjm_assigned_reg,rmccp,0.27347007393836975,0.04894837737083435,0.23253938555717468,0.4411067068576813,0.2915998697280884,0.35545238852500916,0.3313489854335785,0.07567097991704941
rmccp,total_pjm_assigned_reg,0.27347007393836975,0.03071892075240612,0.23253938555717468,0.4411067068576813,0.2915998697280884,0.35545238852500916,0.3313489854335785,0.07567097991704941
gen_fuel_hydro_mw,gen_fuel_oil_mw,0.27344951033592224,0.028356261551380157,0.4692932367324829,0.38316407799720764,0.21694956719875336,0.16979990899562836,0.37426677346229553,0.0973748043179512
gen_fuel_oil_mw,gen_fuel_hydro_mw,0.27344951033592224,0.02167726494371891,0.4692932367324829,0.38316407799720764,0.21694956719875336,0.16979990899562836,0.37426677346229553,0.0973748043179512
gross_inadv_interchange_mw,gen_fuel_coal_pct,0.27208688855171204,0.03701144829392433,0.444685161113739,0.3983292579650879,0.27926960587501526,0.06353069841861725,0.4355156123638153,0.09555719792842865
gen_fuel_coal_pct,gross_inadv_interchange_mw,0.27208688855171204,0.03157421573996544,0.444685161113739,0.3983292579650879,0.27926960587501526,0.06353069841861725,0.4355156123638153,0.09555719792842865
gen_fuel_gas_mw,gen_fuel_multiple_fuels_mw,0.27198731899261475,0.019071755930781364,0.46141669154167175,0.38676053285598755,0.2744729220867157,0.08033072203397751,0.4223978817462921,0.08980969339609146
gen_fuel_multiple_fuels_mw,gen_fuel_gas_mw,0.27198731899261475,0.029225310310721397,0.46141669154167175,0.38676053285598755,0.2744729220867157,0.08033072203397751,0.4223978817462921,0.08980969339609146
total_pjm_reg_purchases,da_as_mcp_primary_reserve,0.2710714638233185,0.03406772390007973,0.23941823840141296,0.2936294674873352,0.24570588767528534,0.44767555594444275,0.3597947359085083,0.10039200633764267
da_as_mcp_primary_reserve,total_pjm_reg_purchases,0.2710714638233185,0.028908029198646545,0.23941823840141296,0.2936294674873352,0.24570588767528534,0.44767555594444275,0.3597947359085083,0.10039200633764267
total_pjm_reg_purchases,rmccp,0.27080148458480835,0.034033793956041336,0.22088055312633514,0.366913765668869,0.25157615542411804,0.4549834132194519,0.3134291172027588,0.0863582044839859
rmccp,total_pjm_reg_purchases,0.27080148458480835,0.030419157817959785,0.22088055312633514,0.366913765668869,0.25157615542411804,0.4549834132194519,0.3134291172027588,0.0863582044839859
marginal_loss_price_da,gen_fuel_hydro_mw,0.27005237340927124,0.028110919520258904,0.35982728004455566,0.4012365937232971,0.28531748056411743,0.1326618790626526,0.402534157037735,0.11492504924535751
gen_fuel_hydro_mw,marginal_loss_price_da,0.27005237340927124,0.028003985062241554,0.35982728004455566,0.4012365937232971,0.28531748056411743,0.1326618790626526,0.402534157037735,0.11492504924535751
system_energy_price_da,congestion_price_da,0.26901647448539734,0.018931331112980843,0.3034782111644745,0.18920446932315826,0.1208522841334343,0.2580527067184448,0.5489529967308044,0.21077197790145874
congestion_price_da,system_energy_price_da,0.26901647448539734,0.041647687554359436,0.3034782111644745,0.18920446932315826,0.1208522841334343,0.2580527067184448,0.5489529967308044,0.21077197790145874
total_pjm_reg_purchases,gen_fuel_storage_mw,0.2688333988189697,0.03378644958138466,0.36911916732788086,0.3917107880115509,0.3257312774658203,0.11119798570871353,0.38417476415634155,0.1104297786951065
gen_fuel_storage_mw,total_pjm_reg_purchases,0.2688333988189697,0.040982380509376526,0.36911916732788086,0.3917107880115509,0.3257312774658203,0.11119798570871353,0.38417476415634155,0.1104297786951065
total_lmp_rt,gen_fuel_coal_pct,0.26867595314979553,0.018545202910900116,0.24176378548145294,0.4477509558200836,0.2600320875644684,0.375455766916275,0.3158538341522217,0.05921616777777672
gen_fuel_coal_pct,total_lmp_rt,0.26867595314979553,0.031178394332528114,0.24176378548145294,0.4477509558200836,0.2600320875644684,0.375455766916275,0.3158538341522217,0.05921616777777672
gen_fuel_oil_pct,gen_fuel_hydro_mw,0.26682326197624207,0.024630943313241005,0.4059768617153168,0.3424018323421478,0.2602284848690033,0.09502241760492325,0.4327138662338257,0.1296658217906952
gen_fuel_hydro_mw,gen_fuel_oil_pct,0.26682326197624207,0.027669131755828857,0.4059768617153168,0.3424018323421478,0.2602284848690033,0.09502241760492325,0.4327138662338257,0.1296658217906952
marginal_loss_price_da,gen_fuel_other_renewables_pct,0.2662685215473175,0.027717042714357376,0.38402724266052246,0.4276858866214752,0.3099653422832489,0.09738980978727341,0.38123801350593567,0.08627904206514359
gen_fuel_other_renewables_pct,marginal_loss_price_da,0.2662685215473175,0.024708809331059456,0.38402724266052246,0.4276858866214752,0.3099653422832489,0.09738980978727341,0.38123801350593567,0.08627904206514359
gen_fuel_multiple_fuels_mw,metered_load_mw,0.2661281228065491,0.028595734387636185,0.4507428705692291,0.3796531856060028,0.2720503807067871,0.07861227542161942,0.41652143001556396,0.08297064900398254
metered_load_mw,gen_fuel_multiple_fuels_mw,0.2661281228065491,0.01749947853386402,0.4507428705692291,0.3796531856060028,0.2720503807067871,0.07861227542161942,0.41652143001556396,0.08297064900398254
forecast_load_mw_day_ahead,gen_fuel_multiple_fuels_mw,0.2652929723262787,0.017981942743062973,0.4591315686702728,0.39240866899490356,0.27279525995254517,0.0688614696264267,0.4008711576461792,0.08197682350873947
gen_fuel_multiple_fuels_mw,forecast_load_mw_day_ahead,0.2652929723262787,0.028505995869636536,0.4591315686702728,0.39240866899490356,0.27279525995254517,0.0688614696264267,0.4008711576461792,0.08197682350873947
gen_fuel_other_renewables_pct,total_losses,0.26477769017219543,0.024570465087890625,0.39145249128341675,0.392680823802948,0.3319161534309387,0.07430264353752136,0.4028303921222687,0.08515481650829315
total_losses,gen_fuel_other_renewables_pct,0.26477769017219543,0.027328087016940117,0.39145249128341675,0.392680823802948,0.3319161534309387,0.07430264353752136,0.4028303921222687,0.08515481650829315
gross_sched_interchange_mw,gross_actual_interchange_mw,0.26297181844711304,0.06527110934257507,0.4514131247997284,0.41525688767433167,0.2792660593986511,0.0563155896961689,0.38659220933914185,0.0768669918179512
gross_actual_interchange_mw,gross_sched_interchange_mw,0.26297181844711304,0.03955534100532532,0.4514131247997284,0.41525688767433167,0.2792660593986511,0.0563155896961689,0.38659220933914185,0.0768669918179512
gen_fuel_oil_pct,gen_fuel_coal_mw,0.26183292269706726,0.024170275777578354,0.47234150767326355,0.31958362460136414,0.22328491508960724,0.10063690692186356,0.42559775710105896,0.09762338548898697
gen_fuel_coal_mw,gen_fuel_oil_pct,0.26183292269706726,0.021391611546278,0.47234150767326355,0.31958362460136414,0.22328491508960724,0.10063690692186356,0.42559775710105896,0.09762338548898697
net_actual_interchange_mw,gen_fuel_nuclear_mw,0.26109400391578674,0.044842056930065155,0.4233933091163635,0.3507624566555023,0.22334367036819458,0.10760381072759628,0.4164400100708008,0.11136183142662048
gen_fuel_nuclear_mw,net_actual_interchange_mw,0.26109400391578674,0.02717711590230465,0.4233933091163635,0.3507624566555023,0.22334367036819458,0.10760381072759628,0.4164400100708008,0.11136183142662048
total_pjm_reg_purchases,gen_fuel_hydro_pct,0.2603527903556824,0.032720621675252914,0.3693048357963562,0.3388817310333252,0.2555582821369171,0.11016325652599335,0.42085152864456177,0.13020285964012146
gen_fuel_hydro_pct,total_pjm_reg_purchases,0.2603527903556824,0.03399263694882393,0.3693048357963562,0.3388817310333252,0.2555582821369171,0.11016325652599335,0.42085152864456177,0.13020285964012146
marginal_loss_price_rt,gross_inadv_interchange_mw,0.2600094676017761,0.01779085025191307,0.19223664700984955,0.40133610367774963,0.31132400035858154,0.2177988588809967,0.41290318965911865,0.10639193654060364
gross_inadv_interchange_mw,marginal_loss_price_rt,0.2600094676017761,0.035368580371141434,0.19223664700984955,0.40133610367774963,0.31132400035858154,0.2177988588809967,0.41290318965911865,0.10639193654060364
gen_fuel_hydro_mw,gen_fuel_gas_mw,0.25983181595802307,0.026944128796458244,0.4655669033527374,0.31448981165885925,0.21864521503448486,0.07580344378948212,0.44979920983314514,0.10229211300611496
gen_fuel_gas_mw,gen_fuel_hydro_mw,0.25983181595802307,0.018219413235783577,0.4655669033527374,0.31448981165885925,0.21864521503448486,0.07580344378948212,0.44979920983314514,0.10229211300611496
gen_fuel_multiple_fuels_pct,gen_fuel_oil_pct,0.2598224878311157,0.03733239695429802,0.3692516088485718,0.44133949279785156,0.309012770652771,0.08479569107294083,0.35830894112586975,0.0849999487400055
gen_fuel_oil_pct,gen_fuel_multiple_fuels_pct,0.2598224878311157,0.023984689265489578,0.3692516088485718,0.44133949279785156,0.309012770652771,0.08479569107294083,0.35830894112586975,0.0849999487400055
da_as_mcp_primary_reserve,da_as_total_mw_primary_reserve,0.2597443759441376,0.027700068429112434,0.13801811635494232,0.31906241178512573,0.23736831545829773,0.6814241409301758,0.2247166484594345,0.029869168996810913
da_as_total_mw_primary_reserve,da_as_mcp_primary_reserve,0.2597443759441376,0.035643335431814194,0.13801811635494232,0.31906241178512573,0.23736831545829773,0.6814241409301758,0.2247166484594345,0.029869168996810913
gen_fuel_gas_mw,da_as_as_req_mw_synchronized_reserve,0.2590823173522949,0.018166858702898026,0.38891667127609253,0.3779306709766388,0.2690083980560303,0.12148942053318024,0.3747123181819916,0.09739642590284348
da_as_as_req_mw_synchronized_reserve,gen_fuel_gas_mw,0.2590823173522949,0.03230511397123337,0.38891667127609253,0.3779306709766388,0.2690083980560303,0.12148942053318024,0.3747123181819916,0.09739642590284348
gross_inadv_interchange_mw,gen_fuel_nuclear_pct,0.2585926651954651,0.035175856202840805,0.43516090512275696,0.42601442337036133,0.2774011790752411,0.04466327652335167,0.3881445527076721,0.07096060365438461
gen_fuel_nuclear_pct,gross_inadv_interchange_mw,0.2585926651954651,0.019296132028102875,0.43516090512275696,0.42601442337036133,0.2774011790752411,0.04466327652335167,0.3881445527076721,0.07096060365438461
gen_fuel_gas_mw,da_as_as_req_mw_primary_reserve,0.2584906816482544,0.018125372007489204,0.393360435962677,0.3806825578212738,0.26841428875923157,0.10849522799253464,0.3745763897895813,0.09986080974340439
da_as_as_req_mw_primary_reserve,gen_fuel_gas_mw,0.2584906816482544,0.0330052487552166,0.393360435962677,0.3806825578212738,0.26841428875923157,0.10849522799253464,0.3745763897895813,0.09986080974340439
da_as_as_req_mw_primary_reserve,da_as_total_mw_thirty_minutes_reserve,0.258257657289505,0.03297549486160278,0.3554685413837433,0.33879581093788147,0.23869551718235016,0.21286527812480927,0.3525044620037079,0.11194658279418945
da_as_total_mw_thirty_minutes_reserve,da_as_as_req_mw_primary_reserve,0.258257657289505,0.03098769672214985,0.3554685413837433,0.33879581093788147,0.23869551718235016,0.21286527812480927,0.3525044620037079,0.11194658279418945
forecast_load_mw_day_ahead,gen_fuel_hydro_mw,0.2578786313533783,0.017479388043284416,0.4770026206970215,0.3763893246650696,0.2465147078037262,0.07911089062690735,0.38018593192100525,0.06977731734514236
gen_fuel_hydro_mw,forecast_load_mw_day_ahead,0.2578786313533783,0.02674158662557602,0.4770026206970215,0.3763893246650696,0.2465147078037262,0.07911089062690735,0.38018593192100525,0.06977731734514236
net_actual_interchange_mw,da_as_total_mw_thirty_minutes_reserve,0.25618430972099304,0.043998833745718,0.3742246925830841,0.3994525671005249,0.27716508507728577,0.06456936150789261,0.3904716670513153,0.10761652141809464
da_as_total_mw_thirty_minutes_reserve,net_actual_interchange_mw,0.25618430972099304,0.030738919973373413,0.3742246925830841,0.3994525671005249,0.27716508507728577,0.06456936150789261,0.3904716670513153,0.10761652141809464
gen_fuel_multiple_fuels_mw,forecast_load_mw_latest_available,0.25556275248527527,0.027460474520921707,0.4425032436847687,0.36611056327819824,0.2587713897228241,0.07082702964544296,0.39546772837638855,0.07969646155834198
forecast_load_mw_latest_available,gen_fuel_multiple_fuels_mw,0.25556275248527527,0.016969460994005203,0.4425032436847687,0.36611056327819824,0.2587713897228241,0.07082702964544296,0.39546772837638855,0.07969646155834198
gross_sched_interchange_mw,gross_inadv_interchange_mw,0.2546963095664978,0.06321708112955093,0.4189944565296173,0.36744093894958496,0.2837781608104706,0.0336962528526783,0.42527323961257935,0.08323944360017776
gross_inadv_interchange_mw,gross_sched_interchange_mw,0.2546963095664978,0.034645844250917435,0.4189944565296173,0.36744093894958496,0.2837781608104706,0.0336962528526783,0.42527323961257935,0.08323944360017776
system_energy_price_da,gen_fuel_multiple_fuels_pct,0.25424593687057495,0.017891893163323402,0.3068965673446655,0.4273090064525604,0.28915390372276306,0.08811134099960327,0.38770365715026855,0.10686274617910385
gen_fuel_multiple_fuels_pct,system_energy_price_da,0.25424593687057495,0.03653113543987274,0.3068965673446655,0.4273090064525604,0.28915390372276306,0.08811134099960327,0.38770365715026855,0.10686274617910385
gen_fuel_gas_pct,total_gen,0.25385043025016785,0.03015480563044548,0.41687968373298645,0.4206986725330353,0.2714969515800476,0.06587819755077362,0.3730071187019348,0.06513134390115738
total_gen,gen_fuel_gas_pct,0.25385043025016785,0.016861392185091972,0.41687968373298645,0.4206986725330353,0.2714969515800476,0.06587819755077362,0.3730071187019348,0.06513134390115738
system_energy_price_da,gen_fuel_coal_pct,0.2537248432636261,0.017855223268270493,0.36785969138145447,0.43496212363243103,0.2691725790500641,0.11501702666282654,0.3501579761505127,0.0721791461110115
gen_fuel_coal_pct,system_energy_price_da,0.2537248432636261,0.029443398118019104,0.36785969138145447,0.43496212363243103,0.2691725790500641,0.11501702666282654,0.3501579761505127,0.0721791461110115
total_lmp_rt,da_as_total_mw_thirty_minutes_reserve,0.25356993079185486,0.017502518370747566,0.3660602569580078,0.36510705947875977,0.21857163310050964,0.24024488031864166,0.33098775148391724,0.07239284366369247
da_as_total_mw_thirty_minutes_reserve,total_lmp_rt,0.25356993079185486,0.03042522817850113,0.3660602569580078,0.36510705947875977,0.21857163310050964,0.24024488031864166,0.33098775148391724,0.07239284366369247
total_pjm_rmccp_cr,gen_fuel_oil_mw,0.253408819437027,0.02388271689414978,0.3331563472747803,0.29177209734916687,0.19054067134857178,0.3633020520210266,0.33418363332748413,0.0692865327000618
gen_fuel_oil_mw,total_pjm_rmccp_cr,0.253408819437027,0.020088572055101395,0.3331563472747803,0.29177209734916687,0.19054067134857178,0.3633020520210266,0.33418363332748413,0.0692865327000618
da_as_mcp_primary_reserve,marginal_loss_price_rt,0.25259244441986084,0.02693735994398594,0.3899736702442169,0.3077220916748047,0.2419348806142807,0.1819997876882553,0.37885597348213196,0.08379470556974411
marginal_loss_price_rt,da_as_mcp_primary_reserve,0.25259244441986084,0.017283348366618156,0.3899736702442169,0.3077220916748047,0.2419348806142807,0.1819997876882553,0.37885597348213196,0.08379470556974411
gen_fuel_oil_mw,da_as_total_mw_thirty_minutes_reserve,0.25167813897132874,0.01995137520134449,0.401525616645813,0.3110302686691284,0.22302751243114471,0.18613548576831818,0.36797818541526794,0.08587688952684402
da_as_total_mw_thirty_minutes_reserve,gen_fuel_oil_mw,0.25167813897132874,0.0301982369273901,0.401525616645813,0.3110302686691284,0.22302751243114471,0.18613548576831818,0.36797818541526794,0.08587688952684402
gross_inadv_interchange_mw,system_energy_price_da,0.25064679980278015,0.03409499675035477,0.38214167952537537,0.4223176836967468,0.25781482458114624,0.08775443583726883,0.3600904643535614,0.07740127295255661
system_energy_price_da,gross_inadv_interchange_mw,0.25064679980278015,0.017638612538576126,0.38214167952537537,0.4223176836967468,0.25781482458114624,0.08775443583726883,0.3600904643535614,0.07740127295255661
gen_fuel_hydro_pct,da_as_ss_mw_thirty_minutes_reserve,0.25022006034851074,0.03266966715455055,0.3092762529850006,0.3587254583835602,0.23711234331130981,0.14885877072811127,0.36250120401382446,0.139720618724823
da_as_ss_mw_thirty_minutes_reserve,gen_fuel_hydro_pct,0.25022006034851074,0.05672627314925194,0.3092762529850006,0.3587254583835602,0.23711234331130981,0.14885877072811127,0.36250120401382446,0.139720618724823
gen_fuel_coal_pct,total_lmp_da,0.2499590367078781,0.02900639735162258,0.33484944701194763,0.4166424870491028,0.27703237533569336,0.11712734401226044,0.36217644810676575,0.07710917294025421
total_lmp_da,gen_fuel_coal_pct,0.2499590367078781,0.01721593365073204,0.33484944701194763,0.4166424870491028,0.27703237533569336,0.11712734401226044,0.36217644810676575,0.07710917294025421
gen_fuel_oil_pct,total_pjm_rmccp_cr,0.24953152239322662,0.02303471229970455,0.32158926129341125,0.30177903175354004,0.21852269768714905,0.25982528924942017,0.3708229959011078,0.08793339878320694
total_pjm_rmccp_cr,gen_fuel_oil_pct,0.24953152239322662,0.023517297580838203,0.32158926129341125,0.30177903175354004,0.21852269768714905,0.25982528924942017,0.3708229959011078,0.08793339878320694
total_lmp_rt,total_pjm_reg_purchases,0.24685849249362946,0.017039265483617783,0.25186753273010254,0.39101293683052063,0.25146234035491943,0.2612939178943634,0.32678931951522827,0.07542075961828232
total_pjm_reg_purchases,total_lmp_rt,0.24685849249362946,0.031024685129523277,0.25186753273010254,0.39101293683052063,0.25146234035491943,0.2612939178943634,0.32678931951522827,0.07542075961828232
da_as_ss_mw_primary_reserve,gen_fuel_hydro_pct,0.24641475081443787,0.05210954323410988,0.2951706647872925,0.345045804977417,0.2560701072216034,0.14019955694675446,0.37041401863098145,0.13048282265663147
gen_fuel_hydro_pct,da_as_ss_mw_primary_reserve,0.24641475081443787,0.032172832638025284,0.2951706647872925,0.345045804977417,0.2560701072216034,0.14019955694675446,0.37041401863098145,0.13048282265663147
da_as_mcp_primary_reserve,marginal_loss_price_da,0.24616295099258423,0.026251696050167084,0.4607009291648865,0.2628087103366852,0.17766718566417694,0.21044516563415527,0.33872145414352417,0.0810193344950676
marginal_loss_price_da,da_as_mcp_primary_reserve,0.24616295099258423,0.025624167174100876,0.4607009291648865,0.2628087103366852,0.17766718566417694,0.21044516563415527,0.33872145414352417,0.0810193344950676
gross_inadv_interchange_mw,gen_fuel_gas_mw,0.2460937201976776,0.03347564861178398,0.4178765118122101,0.3926558792591095,0.2594224512577057,0.05110819637775421,0.37456652522087097,0.06625932455062866
gen_fuel_gas_mw,gross_inadv_interchange_mw,0.2460937201976776,0.017256097868084908,0.4178765118122101,0.3926558792591095,0.2594224512577057,0.05110819637775421,0.37456652522087097,0.06625932455062866
forecast_load_mw_latest_available,total_pjm_rmccp_cr,0.24535343050956726,0.016291556879878044,0.11683472990989685,0.2394460141658783,0.1762121617794037,0.7981457710266113,0.179484561085701,0.018101105466485023
total_pjm_rmccp_cr,forecast_load_mw_latest_available,0.24535343050956726,0.02312352880835533,0.11683472990989685,0.2394460141658783,0.1762121617794037,0.7981457710266113,0.179484561085701,0.018101105466485023
congestion_price_da,marginal_loss_price_da,0.24517032504081726,0.03795595467090607,0.3444793224334717,0.26197266578674316,0.17481663823127747,0.17989110946655273,0.4379180073738098,0.12147882580757141
marginal_loss_price_da,congestion_price_da,0.24517032504081726,0.025520840659737587,0.3444793224334717,0.26197266578674316,0.17481663823127747,0.17989110946655273,0.4379180073738098,0.12147882580757141
gen_fuel_oil_mw,congestion_price_da,0.2446264773607254,0.019392365589737892,0.4128996431827545,0.20401856303215027,0.1228906437754631,0.19840972125530243,0.44383522868156433,0.12330175936222076
congestion_price_da,gen_fuel_oil_mw,0.2446264773607254,0.03787175938487053,0.4128996431827545,0.20401856303215027,0.1228906437754631,0.19840972125530243,0.44383522868156433,0.12330175936222076
gen_fuel_coal_mw,gross_actual_interchange_mw,0.2444930225610733,0.019974950700998306,0.39545974135398865,0.3746362328529358,0.2606096863746643,0.06064826622605324,0.37039756774902344,0.08300786465406418
gross_actual_interchange_mw,gen_fuel_coal_mw,0.2444930225610733,0.036775823682546616,0.39545974135398865,0.3746362328529358,0.2606096863746643,0.06064826622605324,0.37039756774902344,0.08300786465406418
gen_fuel_coal_pct,gen_fuel_other_renewables_pct,0.2427380532026291,0.028168439865112305,0.3560596704483032,0.34673646092414856,0.27175071835517883,0.09568960964679718,0.36592862010002136,0.09263181686401367
gen_fuel_other_renewables_pct,gen_fuel_coal_pct,0.2427380532026291,0.022525262087583542,0.3560596704483032,0.34673646092414856,0.27175071835517883,0.09568960964679718,0.36592862010002136,0.09263181686401367
total_pjm_reg_purchases,da_as_mcp_synchronized_reserve,0.24243541061878204,0.03046880103647709,0.2733480632305145,0.30808278918266296,0.22454982995986938,0.27463313937187195,0.34757721424102783,0.08866266906261444
da_as_mcp_synchronized_reserve,total_pjm_reg_purchases,0.24243541061878204,0.022685114294290543,0.2733480632305145,0.30808278918266296,0.22454982995986938,0.27463313937187195,0.34757721424102783,0.08866266906261444
total_pjm_rmccp_cr,gen_fuel_multiple_fuels_pct,0.24223090708255768,0.022829243913292885,0.22729387879371643,0.35266751050949097,0.22941575944423676,0.31050148606300354,0.32135042548179626,0.08013677597045898
gen_fuel_multiple_fuels_pct,total_pjm_rmccp_cr,0.24223090708255768,0.03480476513504982,0.22729387879371643,0.35266751050949097,0.22941575944423676,0.31050148606300354,0.32135042548179626,0.08013677597045898
gen_fuel_multiple_fuels_pct,total_lmp_da,0.24158568680286407,0.0347120575606823,0.27754026651382446,0.3931385576725006,0.28286173939704895,0.09661871194839478,0.3680715262889862,0.10585152357816696
total_lmp_da,gen_fuel_multiple_fuels_pct,0.24158568680286407,0.016639219596982002,0.27754026651382446,0.3931385576725006,0.28286173939704895,0.09661871194839478,0.3680715262889862,0.10585152357816696
gross_actual_interchange_mw,metered_load_mw,0.24153883755207062,0.03633146360516548,0.3417130410671234,0.37716636061668396,0.28466498851776123,0.04125034436583519,0.38759058713912964,0.09508223086595535
metered_load_mw,gross_actual_interchange_mw,0.24153883755207062,0.015882588922977448,0.3417130410671234,0.37716636061668396,0.28466498851776123,0.04125034436583519,0.38759058713912964,0.09508223086595535
da_as_as_req_mw_thirty_minutes_reserve,da_as_total_mw_thirty_minutes_reserve,0.2415272444486618,0.03193842992186546,0.32021665573120117,0.32992658019065857,0.2500939667224884,0.1541730910539627,0.3507719933986664,0.10640307515859604
da_as_total_mw_thirty_minutes_reserve,da_as_as_req_mw_thirty_minutes_reserve,0.2415272444486618,0.028980255126953125,0.32021665573120117,0.32992658019065857,0.2500939667224884,0.1541730910539627,0.3507719933986664,0.10640307515859604
metered_load_mw,total_pjm_rmccp_cr,0.24125716090202332,0.015864066779613495,0.0834474042057991,0.2663976550102234,0.14825503528118134,0.7385060787200928,0.23393259942531586,0.033025335520505905
total_pjm_rmccp_cr,metered_load_mw,0.24125716090202332,0.022737473249435425,0.0834474042057991,0.2663976550102234,0.14825503528118134,0.7385060787200928,0.23393259942531586,0.033025335520505905
gen_fuel_gas_pct,gen_fuel_nuclear_pct,0.2411474585533142,0.028645822778344154,0.398995965719223,0.38873738050460815,0.2484399825334549,0.0684121623635292,0.35574203729629517,0.06801773607730865
gen_fuel_nuclear_pct,gen_fuel_gas_pct,0.2411474585533142,0.01799437403678894,0.398995965719223,0.38873738050460815,0.2484399825334549,0.0684121623635292,0.35574203729629517,0.06801773607730865
congestion_price_rt,gen_fuel_oil_mw,0.24037815630435944,0.03453764691948891,0.42625293135643005,0.3050955533981323,0.21514001488685608,0.07418319582939148,0.3876294791698456,0.0964619517326355
gen_fuel_oil_mw,congestion_price_rt,0.24037815630435944,0.01905558630824089,0.42625293135643005,0.3050955533981323,0.21514001488685608,0.07418319582939148,0.3876294791698456,0.0964619517326355
gen_fuel_other_renewables_pct,gen_fuel_multiple_fuels_mw,0.23991943895816803,0.022263705730438232,0.386115163564682,0.3436805307865143,0.2551533877849579,0.12036070227622986,0.3424023687839508,0.06781137734651566
gen_fuel_multiple_fuels_mw,gen_fuel_other_renewables_pct,0.23991943895816803,0.025779584422707558,0.386115163564682,0.3436805307865143,0.2551533877849579,0.12036070227622986,0.3424023687839508,0.06781137734651566
gen_fuel_hydro_pct,da_as_ss_mw_synchronized_reserve,0.23921917378902435,0.031233351677656174,0.28564321994781494,0.3304198682308197,0.24338950216770172,0.15192289650440216,0.35239094495773315,0.12694090604782104
da_as_ss_mw_synchronized_reserve,gen_fuel_hydro_pct,0.23921917378902435,0.049782417714595795,0.28564321994781494,0.3304198682308197,0.24338950216770172,0.15192289650440216,0.35239094495773315,0.12694090604782104
gen_fuel_hydro_mw,da_as_ss_mw_primary_reserve,0.2390953004360199,0.02479378692805767,0.2663670480251312,0.3605385720729828,0.24219457805156708,0.15607883036136627,0.3501970171928406,0.11978963017463684
da_as_ss_mw_primary_reserve,gen_fuel_hydro_mw,0.2390953004360199,0.05056169256567955,0.2663670480251312,0.3605385720729828,0.24219457805156708,0.15607883036136627,0.3501970171928406,0.11978963017463684
gen_fuel_gas_mw,gen_fuel_wind_mw,0.23908275365829468,0.016764488071203232,0.3740047514438629,0.3826567828655243,0.26840394735336304,0.044591452926397324,0.37060075998306274,0.07592259347438812
gen_fuel_wind_mw,gen_fuel_gas_mw,0.23908275365829468,0.06476718932390213,0.3740047514438629,0.3826567828655243,0.26840394735336304,0.044591452926397324,0.37060075998306274,0.07592259347438812
gen_fuel_other_renewables_mw,gen_fuel_other_renewables_pct,0.2369757890701294,0.06481021642684937,0.391276478767395,0.3618960380554199,0.28013280034065247,0.08426610380411148,0.33591127395629883,0.05314548686146736
gen_fuel_other_renewables_pct,gen_fuel_other_renewables_mw,0.2369757890701294,0.021990545094013214,0.391276478767395,0.3618960380554199,0.28013280034065247,0.08426610380411148,0.33591127395629883,0.05314548686146736
total_pjm_rmccp_cr,da_as_mcp_synchronized_reserve,0.23605157434940338,0.022246869280934334,0.16198085248470306,0.2654993236064911,0.15751604735851288,0.5993965864181519,0.2410072386264801,0.04502718523144722
da_as_mcp_synchronized_reserve,total_pjm_rmccp_cr,0.23605157434940338,0.022087767720222473,0.16198085248470306,0.2654993236064911,0.15751604735851288,0.5993965864181519,0.2410072386264801,0.04502718523144722
congestion_price_rt,gen_fuel_oil_pct,0.2334732711315155,0.03354554995894432,0.3713788688182831,0.30571332573890686,0.24196971952915192,0.06134030967950821,0.39537322521209717,0.09229753166437149
gen_fuel_oil_pct,congestion_price_rt,0.2334732711315155,0.021552344784140587,0.3713788688182831,0.30571332573890686,0.24196971952915192,0.06134030967950821,0.39537322521209717,0.09229753166437149
gen_fuel_wind_pct,gen_fuel_multiple_fuels_mw,0.23338958621025085,0.04242967814207077,0.33829212188720703,0.36978957056999207,0.26453766226768494,0.055037181824445724,0.3580513894557953,0.08914177119731903
gen_fuel_multiple_fuels_mw,gen_fuel_wind_pct,0.23338958621025085,0.025077946484088898,0.33829212188720703,0.36978957056999207,0.26453766226768494,0.055037181824445724,0.3580513894557953,0.08914177119731903
da_as_mcp_synchronized_reserve,gen_fuel_nuclear_pct,0.23241500556468964,0.021747486665844917,0.366026908159256,0.3197554349899292,0.24113866686820984,0.16832304000854492,0.3229907751083374,0.05140142887830734
gen_fuel_nuclear_pct,da_as_mcp_synchronized_reserve,0.23241500556468964,0.017342761158943176,0.366026908159256,0.3197554349899292,0.24113866686820984,0.16832304000854492,0.3229907751083374,0.05140142887830734
da_as_mcp_synchronized_reserve,metered_load_mw,0.23069128394126892,0.02158619463443756,0.33154383301734924,0.25959062576293945,0.18053597211837769,0.34279733896255493,0.2907376289367676,0.04105690121650696
metered_load_mw,da_as_mcp_synchronized_reserve,0.23069128394126892,0.015169299207627773,0.33154383301734924,0.25959062576293945,0.18053597211837769,0.34279733896255493,0.2907376289367676,0.04105690121650696
congestion_price_da,metered_load_mw,0.2303086370229721,0.035655148327350616,0.32657280564308167,0.21153004467487335,0.1345565766096115,0.27098241448402405,0.41789114475250244,0.07305122911930084
metered_load_mw,congestion_price_da,0.2303086370229721,0.015144137665629387,0.32657280564308167,0.21153004467487335,0.1345565766096115,0.27098241448402405,0.41789114475250244,0.07305122911930084
da_as_as_req_mw_primary_reserve,forecast_load_mw_day_ahead,0.229385107755661,0.029288919642567635,0.3166515827178955,0.31732022762298584,0.2575419247150421,0.12332981824874878,0.3390280604362488,0.08872202038764954
forecast_load_mw_day_ahead,da_as_as_req_mw_primary_reserve,0.229385107755661,0.015548055060207844,0.3166515827178955,0.31732022762298584,0.2575419247150421,0.12332981824874878,0.3390280604362488,0.08872202038764954
gen_fuel_gas_pct,da_as_as_req_mw_primary_reserve,0.22929531335830688,0.0272379107773304,0.3570762276649475,0.31591829657554626,0.22103717923164368,0.11720941960811615,0.34622126817703247,0.08301002532243729
da_as_as_req_mw_primary_reserve,gen_fuel_gas_pct,0.22929531335830688,0.02927745319902897,0.3570762276649475,0.31591829657554626,0.22103717923164368,0.11720941960811615,0.34622126817703247,0.08301002532243729
gross_inadv_interchange_mw,gen_fuel_other_renewables_pct,0.22805772721767426,0.031022248789668083,0.3488253951072693,0.3338664174079895,0.28234022855758667,0.05528237670660019,0.35823649168014526,0.06863190978765488
gen_fuel_other_renewables_pct,gross_inadv_interchange_mw,0.22805772721767426,0.021162979304790497,0.3488253951072693,0.3338664174079895,0.28234022855758667,0.05528237670660019,0.35823649168014526,0.06863190978765488
gen_fuel_hydro_pct,gen_fuel_oil_mw,0.22785460948944092,0.02974955178797245,0.31229445338249207,0.3008463382720947,0.2119615375995636,0.13227003812789917,0.35502031445503235,0.10922244936227798
gen_fuel_oil_mw,gen_fuel_hydro_pct,0.22785460948944092,0.018062803894281387,0.31229445338249207,0.3008463382720947,0.2119615375995636,0.13227003812789917,0.35502031445503235,0.10922244936227798
gen_fuel_nuclear_mw,gross_actual_interchange_mw,0.22780616581439972,0.02371220476925373,0.34246429800987244,0.3559357523918152,0.25010061264038086,0.06743065267801285,0.3548782467842102,0.07236408442258835
gross_actual_interchange_mw,gen_fuel_nuclear_mw,0.22780616581439972,0.03426584228873253,0.34246429800987244,0.3559357523918152,0.25010061264038086,0.06743065267801285,0.3548782467842102,0.07236408442258835
total_gen,da_as_as_req_mw_primary_reserve,0.2276713252067566,0.015122508630156517,0.32905200123786926,0.3258558511734009,0.2589845359325409,0.13014136254787445,0.3231348395347595,0.07056495547294617
da_as_as_req_mw_primary_reserve,total_gen,0.2276713252067566,0.029070096090435982,0.32905200123786926,0.3258558511734009,0.2589845359325409,0.13014136254787445,0.3231348395347595,0.07056495547294617
net_actual_interchange_mw,da_as_total_mw_primary_reserve,0.2270452231168747,0.03899428993463516,0.35414859652519226,0.3507063090801239,0.2136598378419876,0.08264591544866562,0.3469139039516449,0.08227398991584778
da_as_total_mw_primary_reserve,net_actual_interchange_mw,0.2270452231168747,0.031156204640865326,0.35414859652519226,0.3507063090801239,0.2136598378419876,0.08264591544866562,0.3469139039516449,0.08227398991584778
gen_fuel_gas_mw,da_as_total_mw_primary_reserve,0.2270427942276001,0.01592024601995945,0.2980239689350128,0.31719648838043213,0.24221868813037872,0.10025879740715027,0.3743290603160858,0.0956529974937439
da_as_total_mw_primary_reserve,gen_fuel_gas_mw,0.2270427942276001,0.031155871227383614,0.2980239689350128,0.31719648838043213,0.24221868813037872,0.10025879740715027,0.3743290603160858,0.0956529974937439
da_as_ss_mw_synchronized_reserve,gen_fuel_hydro_mw,0.2269914150238037,0.04723777249455452,0.2565343379974365,0.3397825062274933,0.22802065312862396,0.13998450338840485,0.32878759503364563,0.12277035415172577
gen_fuel_hydro_mw,da_as_ss_mw_synchronized_reserve,0.2269914150238037,0.023538634181022644,0.2565343379974365,0.3397825062274933,0.22802065312862396,0.13998450338840485,0.32878759503364563,0.12277035415172577
da_as_mcp_synchronized_reserve,congestion_price_da,0.2269110083580017,0.021232469007372856,0.29007166624069214,0.2438611388206482,0.20689556002616882,0.18627487123012543,0.3959430754184723,0.09409373998641968
congestion_price_da,da_as_mcp_synchronized_reserve,0.2269110083580017,0.03512914478778839,0.29007166624069214,0.2438611388206482,0.20689556002616882,0.18627487123012543,0.3959430754184723,0.09409373998641968
gen_fuel_nuclear_pct,total_pjm_rmccp_cr,0.22690118849277496,0.01693132147192955,0.10205405205488205,0.26849353313446045,0.16968345642089844,0.6115028858184814,0.22780480980873108,0.03835541754961014
total_pjm_rmccp_cr,gen_fuel_nuclear_pct,0.22690118849277496,0.021384483203291893,0.10205405205488205,0.26849353313446045,0.16968345642089844,0.6115028858184814,0.22780480980873108,0.03835541754961014
forecast_load_mw_day_ahead,da_as_as_req_mw_synchronized_reserve,0.2266385555267334,0.015361890196800232,0.33274558186531067,0.32933157682418823,0.2326711118221283,0.13103587925434113,0.3199778199195862,0.08009392023086548
da_as_as_req_mw_synchronized_reserve,forecast_load_mw_day_ahead,0.2266385555267334,0.028259683400392532,0.33274558186531067,0.32933157682418823,0.2326711118221283,0.13103587925434113,0.3199778199195862,0.08009392023086548
gen_fuel_multiple_fuels_mw,total_gen,0.2265726774930954,0.024345461279153824,0.38276591897010803,0.30143505334854126,0.2245994657278061,0.05734274536371231,0.38545435667037964,0.07672536373138428
total_gen,gen_fuel_multiple_fuels_mw,0.2265726774930954,0.015049533918499947,0.38276591897010803,0.30143505334854126,0.2245994657278061,0.05734274536371231,0.38545435667037964,0.07672536373138428
da_as_as_req_mw_thirty_minutes_reserve,total_gen,0.2261616736650467,0.029906557872891426,0.32731881737709045,0.3228844404220581,0.2533572316169739,0.14255665242671967,0.31810262799263,0.06484530866146088
total_gen,da_as_as_req_mw_thirty_minutes_reserve,0.2261616736650467,0.015022234059870243,0.32731881737709045,0.3228844404220581,0.2533572316169739,0.14255665242671967,0.31810262799263,0.06484530866146088
gen_fuel_storage_mw,marginal_loss_price_rt,0.22425997257232666,0.03418737277388573,0.20343336462974548,0.36315131187438965,0.26388677954673767,0.2052541822195053,0.29828670620918274,0.08185535669326782
marginal_loss_price_rt,gen_fuel_storage_mw,0.22425997257232666,0.015344731509685516,0.20343336462974548,0.36315131187438965,0.26388677954673767,0.2052541822195053,0.29828670620918274,0.08185535669326782
gen_fuel_nuclear_mw,gross_inadv_interchange_mw,0.2241029143333435,0.023326735943555832,0.3300742208957672,0.31407424807548523,0.2440108060836792,0.08496587723493576,0.3575402796268463,0.08210014551877975
gross_inadv_interchange_mw,gen_fuel_nuclear_mw,0.2241029143333435,0.030484283342957497,0.3300742208957672,0.31407424807548523,0.2440108060836792,0.08496587723493576,0.3575402796268463,0.08210014551877975
forecast_load_mw_latest_available,gross_actual_interchange_mw,0.22404150664806366,0.014876438304781914,0.32901087403297424,0.3693888485431671,0.24477511644363403,0.05974667891860008,0.33417680859565735,0.08016833662986755
gross_actual_interchange_mw,forecast_load_mw_latest_available,0.22404150664806366,0.03369957208633423,0.32901087403297424,0.3693888485431671,0.24477511644363403,0.05974667891860008,0.33417680859565735,0.08016833662986755
da_as_mcp_synchronized_reserve,gen_fuel_gas_mw,0.22146329283714294,0.02072271518409252,0.31658220291137695,0.21380238234996796,0.1629084199666977,0.3425024747848511,0.3040113151073456,0.044165704399347305
gen_fuel_gas_mw,da_as_mcp_synchronized_reserve,0.22146329283714294,0.015529011376202106,0.31658220291137695,0.21380238234996796,0.1629084199666977,0.3425024747848511,0.3040113151073456,0.044165704399347305
total_pjm_rmccp_cr,gen_fuel_other_renewables_pct,0.2212265133857727,0.020849669352173805,0.10665115714073181,0.2392212152481079,0.19980387389659882,0.5710981488227844,0.2301565259695053,0.03742089122533798
gen_fuel_other_renewables_pct,total_pjm_rmccp_cr,0.2212265133857727,0.020529065281152725,0.10665115714073181,0.2392212152481079,0.19980387389659882,0.5710981488227844,0.2301565259695053,0.03742089122533798
forecast_load_mw_day_ahead,da_as_as_req_mw_thirty_minutes_reserve,0.22083503007888794,0.01496851909905672,0.3226453959941864,0.30825939774513245,0.2418755143880844,0.11119651049375534,0.3245517313480377,0.08116987347602844
da_as_as_req_mw_thirty_minutes_reserve,forecast_load_mw_day_ahead,0.22083503007888794,0.029202187433838844,0.3226453959941864,0.30825939774513245,0.2418755143880844,0.11119651049375534,0.3245517313480377,0.08116987347602844
congestion_price_rt,gen_fuel_multiple_fuels_mw,0.220730721950531,0.03171469643712044,0.32530340552330017,0.34022751450538635,0.22354480624198914,0.07349953055381775,0.3447449505329132,0.08416354656219482
gen_fuel_multiple_fuels_mw,congestion_price_rt,0.220730721950531,0.023717738687992096,0.32530340552330017,0.34022751450538635,0.22354480624198914,0.07349953055381775,0.3447449505329132,0.08416354656219482
total_pjm_reg_purchases,gross_actual_interchange_mw,0.22068560123443604,0.027735328301787376,0.3552035689353943,0.3578796088695526,0.24921323359012604,0.028292426839470863,0.3467966616153717,0.06486785411834717
gross_actual_interchange_mw,total_pjm_reg_purchases,0.22068560123443604,0.03319478780031204,0.3552035689353943,0.3578796088695526,0.24921323359012604,0.028292426839470863,0.3467966616153717,0.06486785411834717
rmccp,da_as_mcp_synchronized_reserve,0.22053895890712738,0.024773163720965385,0.2959480583667755,0.2056756615638733,0.14045223593711853,0.42315539717674255,0.27076855301856995,0.03803639113903046
da_as_mcp_synchronized_reserve,rmccp,0.22053895890712738,0.020636223256587982,0.2959480583667755,0.2056756615638733,0.14045223593711853,0.42315539717674255,0.27076855301856995,0.03803639113903046
marginal_loss_price_da,gen_fuel_hydro_pct,0.22046877443790436,0.022949548438191414,0.2690558433532715,0.357247531414032,0.2298019677400589,0.09098991006612778,0.34917017817497253,0.09350648522377014
gen_fuel_hydro_pct,marginal_loss_price_da,0.22046877443790436,0.028785228729248047,0.2690558433532715,0.357247531414032,0.2298019677400589,0.09098991006612778,0.34917017817497253,0.09350648522377014
da_as_ss_mw_thirty_minutes_reserve,gen_fuel_hydro_mw,0.22037887573242188,0.04996110871434212,0.24796371161937714,0.3311835527420044,0.2018892765045166,0.15140727162361145,0.3225368857383728,0.11825363337993622
gen_fuel_hydro_mw,da_as_ss_mw_thirty_minutes_reserve,0.22037887573242188,0.022852925583720207,0.24796371161937714,0.3311835527420044,0.2018892765045166,0.15140727162361145,0.3225368857383728,0.11825363337993622
forecast_load_mw_day_ahead,gen_fuel_other_renewables_mw,0.22001703083515167,0.014913073740899563,0.29958730936050415,0.32771050930023193,0.23205018043518066,0.054456569254398346,0.3567322790622711,0.10932212322950363
gen_fuel_other_renewables_mw,forecast_load_mw_day_ahead,0.22001703083515167,0.0601721853017807,0.29958730936050415,0.32771050930023193,0.23205018043518066,0.054456569254398346,0.3567322790622711,0.10932212322950363
net_actual_interchange_mw,da_as_total_mw_synchronized_reserve,0.2198774814605713,0.03776325285434723,0.3391597270965576,0.34759053587913513,0.2384825497865677,0.06693441420793533,0.3366970121860504,0.06519092619419098
da_as_total_mw_synchronized_reserve,net_actual_interchange_mw,0.2198774814605713,0.037596747279167175,0.3391597270965576,0.34759053587913513,0.2384825497865677,0.06693441420793533,0.3366970121860504,0.06519092619419098
total_lmp_rt,gen_fuel_gas_pct,0.21952217817306519,0.015152391977608204,0.1596032977104187,0.26261135935783386,0.2093016505241394,0.3924578130245209,0.29812824726104736,0.055977024137973785
gen_fuel_gas_pct,total_lmp_rt,0.21952217817306519,0.026076963171362877,0.1596032977104187,0.26261135935783386,0.2093016505241394,0.3924578130245209,0.29812824726104736,0.055977024137973785
congestion_price_da,forecast_load_mw_latest_available,0.21848267316818237,0.033824313431978226,0.35133638978004456,0.21853941679000854,0.13276711106300354,0.19445861876010895,0.3938648998737335,0.07170572131872177
forecast_load_mw_latest_available,congestion_price_da,0.21848267316818237,0.014507330022752285,0.35133638978004456,0.21853941679000854,0.13276711106300354,0.19445861876010895,0.3938648998737335,0.07170572131872177
gen_fuel_gas_pct,gen_fuel_multiple_fuels_mw,0.2184538096189499,0.025950051844120026,0.33470338582992554,0.34533634781837463,0.24281179904937744,0.05365699157118797,0.34210288524627686,0.0670059323310852
gen_fuel_multiple_fuels_mw,gen_fuel_gas_pct,0.2184538096189499,0.02347308211028576,0.33470338582992554,0.34533634781837463,0.24281179904937744,0.05365699157118797,0.34210288524627686,0.0670059323310852
gross_actual_interchange_mw,marginal_loss_price_rt,0.21826620399951935,0.032830871641635895,0.16061259806156158,0.34966394305229187,0.25597190856933594,0.23343747854232788,0.31073349714279175,0.07129793614149094
marginal_loss_price_rt,gross_actual_interchange_mw,0.21826620399951935,0.014934615232050419,0.16061259806156158,0.34966394305229187,0.25597190856933594,0.23343747854232788,0.31073349714279175,0.07129793614149094
forecast_load_mw_latest_available,da_as_mcp_synchronized_reserve,0.21806392073631287,0.014479524455964565,0.3298809230327606,0.2531847357749939,0.15113763511180878,0.3089295029640198,0.2885203957557678,0.03623681887984276
da_as_mcp_synchronized_reserve,forecast_load_mw_latest_available,0.21806392073631287,0.02040463127195835,0.3298809230327606,0.2531847357749939,0.15113763511180878,0.3089295029640198,0.2885203957557678,0.03623681887984276
total_gen,gross_actual_interchange_mw,0.2180076390504837,0.014480622485280037,0.3207336366176605,0.3605659604072571,0.24379083514213562,0.047177914530038834,0.3340449035167694,0.07516586780548096
gross_actual_interchange_mw,total_gen,0.2180076390504837,0.03279197961091995,0.3207336366176605,0.3605659604072571,0.24379083514213562,0.047177914530038834,0.3340449035167694,0.07516586780548096
gen_fuel_coal_mw,gen_fuel_other_renewables_mw,0.21788142621517181,0.017800796777009964,0.2998735308647156,0.3147641122341156,0.21681873500347137,0.07346875220537186,0.34683090448379517,0.11085710674524307
gen_fuel_other_renewables_mw,gen_fuel_coal_mw,0.21788142621517181,0.05958811938762665,0.2998735308647156,0.3147641122341156,0.21681873500347137,0.07346875220537186,0.34683090448379517,0.11085710674524307
gen_fuel_hydro_mw,gen_fuel_other_renewables_pct,0.21750494837760925,0.022554904222488403,0.3695594072341919,0.32104918360710144,0.23198306560516357,0.07331182807683945,0.3251746892929077,0.05678931251168251
gen_fuel_other_renewables_pct,gen_fuel_hydro_mw,0.21750494837760925,0.020183715969324112,0.3695594072341919,0.32104918360710144,0.23198306560516357,0.07331182807683945,0.3251746892929077,0.05678931251168251
congestion_price_da,total_lmp_rt,0.2169894129037857,0.03359313681721687,0.33204400539398193,0.21422292292118073,0.10882402211427689,0.14761555194854736,0.4025016725063324,0.12848864495754242
total_lmp_rt,congestion_price_da,0.2169894129037857,0.014977569691836834,0.33204400539398193,0.21422292292118073,0.10882402211427689,0.14761555194854736,0.4025016725063324,0.12848864495754242
gross_actual_interchange_mw,gen_fuel_gas_mw,0.21682146191596985,0.03261355683207512,0.32531413435935974,0.3551977872848511,0.2490241676568985,0.04586120322346687,0.3384229838848114,0.06427836418151855
gen_fuel_gas_mw,gross_actual_interchange_mw,0.21682146191596985,0.015203525312244892,0.32531413435935974,0.3551977872848511,0.2490241676568985,0.04586120322346687,0.3384229838848114,0.06427836418151855
gen_fuel_gas_pct,forecast_load_mw_latest_available,0.21659506857395172,0.025729253888130188,0.369243860244751,0.367692768573761,0.22103852033615112,0.049915287643671036,0.31795281171798706,0.05159338563680649
forecast_load_mw_latest_available,gen_fuel_gas_pct,0.21659506857395172,0.01438199169933796,0.369243860244751,0.367692768573761,0.22103852033615112,0.049915287643671036,0.31795281171798706,0.05159338563680649
gen_fuel_gas_pct,da_as_as_req_mw_synchronized_reserve,0.21575206518173218,0.025629112496972084,0.3376239836215973,0.2941412627696991,0.2056296318769455,0.12073886394500732,0.32750996947288513,0.07138258218765259
da_as_as_req_mw_synchronized_reserve,gen_fuel_gas_pct,0.21575206518173218,0.02690224163234234,0.3376239836215973,0.2941412627696991,0.2056296318769455,0.12073886394500732,0.32750996947288513,0.07138258218765259
marginal_loss_price_da,rmccp,0.21542462706565857,0.02242448180913925,0.41789117455482483,0.22804513573646545,0.16924214363098145,0.13452215492725372,0.3455868363380432,0.05526440963149071
rmccp,marginal_loss_price_da,0.21542462706565857,0.02419866994023323,0.41789117455482483,0.22804513573646545,0.16924214363098145,0.13452215492725372,0.3455868363380432,0.05526440963149071
rmccp,gen_fuel_oil_pct,0.21531705558300018,0.02418658696115017,0.32991400361061096,0.27285900712013245,0.22610530257225037,0.12031766772270203,0.3370339870452881,0.06942355632781982
gen_fuel_oil_pct,rmccp,0.21531705558300018,0.01987631246447563,0.32991400361061096,0.27285900712013245,0.22610530257225037,0.12031766772270203,0.3370339870452881,0.06942355632781982
total_gen,da_as_as_req_mw_synchronized_reserve,0.21509547531604767,0.014287188649177551,0.32377052307128906,0.32107049226760864,0.22866524755954742,0.12163189053535461,0.30249348282814026,0.061757296323776245
da_as_as_req_mw_synchronized_reserve,total_gen,0.21509547531604767,0.02682037092745304,0.32377052307128906,0.32107049226760864,0.22866524755954742,0.12163189053535461,0.30249348282814026,0.061757296323776245
gen_fuel_hydro_pct,gen_fuel_nuclear_pct,0.21484823524951935,0.02805139124393463,0.340935617685318,0.3097350597381592,0.22468151152133942,0.05591729283332825,0.3527989089488983,0.07303191721439362
gen_fuel_nuclear_pct,gen_fuel_hydro_pct,0.21484823524951935,0.016031932085752487,0.340935617685318,0.3097350597381592,0.22468151152133942,0.05591729283332825,0.3527989089488983,0.07303191721439362
gross_inadv_interchange_mw,total_lmp_rt,0.21458227932453156,0.029189210385084152,0.2771576941013336,0.36847609281539917,0.2431303858757019,0.10835624486207962,0.31049099564552307,0.057436469942331314
total_lmp_rt,gross_inadv_interchange_mw,0.21458227932453156,0.014811418950557709,0.2771576941013336,0.36847609281539917,0.2431303858757019,0.10835624486207962,0.31049099564552307,0.057436469942331314
metered_load_mw,gen_fuel_gas_pct,0.21426253020763397,0.014089012518525124,0.3751016855239868,0.36552610993385315,0.21388335525989532,0.052748605608940125,0.30762290954589844,0.04783734679222107
gen_fuel_gas_pct,metered_load_mw,0.21426253020763397,0.02545217238366604,0.3751016855239868,0.36552610993385315,0.21388335525989532,0.052748605608940125,0.30762290954589844,0.04783734679222107
gross_actual_interchange_mw,gen_fuel_coal_pct,0.2127702534198761,0.03200418874621391,0.33387720584869385,0.3172712028026581,0.2277454137802124,0.05271618068218231,0.3445780873298645,0.06986980885267258
gen_fuel_coal_pct,gross_actual_interchange_mw,0.2127702534198761,0.024690838530659676,0.33387720584869385,0.3172712028026581,0.2277454137802124,0.05271618068218231,0.3445780873298645,0.06986980885267258
da_as_as_req_mw_thirty_minutes_reserve,gen_fuel_gas_pct,0.21173879504203796,0.02799934521317482,0.3279874920845032,0.2858756482601166,0.20543991029262543,0.10643643140792847,0.3265652656555176,0.07763997465372086
gen_fuel_gas_pct,da_as_as_req_mw_thirty_minutes_reserve,0.21173879504203796,0.025152377784252167,0.3279874920845032,0.2858756482601166,0.20543991029262543,0.10643643140792847,0.3265652656555176,0.07763997465372086
gen_fuel_nuclear_pct,da_as_mcp_primary_reserve,0.21157701313495636,0.01578783430159092,0.3245353698730469,0.27481022477149963,0.2178334891796112,0.15922844409942627,0.30791032314300537,0.05130681023001671
da_as_mcp_primary_reserve,gen_fuel_nuclear_pct,0.21157701313495636,0.022563328966498375,0.3245353698730469,0.27481022477149963,0.2178334891796112,0.15922844409942627,0.30791032314300537,0.05130681023001671
gen_fuel_other_renewables_pct,da_as_mcp_synchronized_reserve,0.211467906832695,0.019623499363660812,0.2685830593109131,0.30850502848625183,0.2529694139957428,0.1542031168937683,0.3016320466995239,0.05482987314462662
da_as_mcp_synchronized_reserve,gen_fuel_other_renewables_pct,0.211467906832695,0.01978742890059948,0.2685830593109131,0.30850502848625183,0.2529694139957428,0.1542031168937683,0.3016320466995239,0.05482987314462662
marginal_loss_price_rt,da_as_total_mw_thirty_minutes_reserve,0.21145789325237274,0.014468763954937458,0.2841908633708954,0.2533344328403473,0.17365038394927979,0.28707587718963623,0.28345775604248047,0.045525144785642624
da_as_total_mw_thirty_minutes_reserve,marginal_loss_price_rt,0.21145789325237274,0.025372309610247612,0.2841908633708954,0.2533344328403473,0.17365038394927979,0.28707587718963623,0.28345775604248047,0.045525144785642624
total_pjm_assigned_reg,system_energy_price_da,0.21114589273929596,0.037792980670928955,0.2783649265766144,0.34666138887405396,0.23907892405986786,0.08299431949853897,0.3213099241256714,0.07013555616140366
system_energy_price_da,total_pjm_assigned_reg,0.21114589273929596,0.01485884003341198,0.2783649265766144,0.34666138887405396,0.23907892405986786,0.08299431949853897,0.3213099241256714,0.07013555616140366
gen_fuel_gas_pct,gen_fuel_oil_mw,0.21072694659233093,0.025032181292772293,0.3216433525085449,0.311550498008728,0.21315203607082367,0.0861087515950203,0.31788280606269836,0.07675658911466599
gen_fuel_oil_mw,gen_fuel_gas_pct,0.21072694659233093,0.016705036163330078,0.3216433525085449,0.311550498008728,0.21315203607082367,0.0861087515950203,0.31788280606269836,0.07675658911466599
marginal_loss_price_rt,congestion_price_da,0.20983727276325226,0.014357875101268291,0.2939044237136841,0.16758961975574493,0.13023793697357178,0.1204291507601738,0.4436504542827606,0.13381969928741455
congestion_price_da,marginal_loss_price_rt,0.20983727276325226,0.032485879957675934,0.2939044237136841,0.16758961975574493,0.13023793697357178,0.1204291507601738,0.4436504542827606,0.13381969928741455
congestion_price_rt,forecast_load_mw_latest_available,0.20967337489128113,0.030125970020890236,0.3023129105567932,0.338614821434021,0.22913560271263123,0.08649137616157532,0.3158358335494995,0.05854868143796921
forecast_load_mw_latest_available,congestion_price_rt,0.20967337489128113,0.013922388665378094,0.3023129105567932,0.338614821434021,0.22913560271263123,0.08649137616157532,0.3158358335494995,0.05854868143796921
da_as_total_mw_thirty_minutes_reserve,total_pjm_rmpcp_cr,0.2094268798828125,0.02512861229479313,0.1858712136745453,0.3319845199584961,0.2426326423883438,0.09698377549648285,0.3427998125553131,0.11445997655391693
total_pjm_rmpcp_cr,da_as_total_mw_thirty_minutes_reserve,0.2094268798828125,0.051703330129384995,0.1858712136745453,0.3319845199584961,0.2426326423883438,0.09698377549648285,0.3427998125553131,0.11445997655391693
da_as_mcp_synchronized_reserve,gen_fuel_multiple_fuels_mw,0.20912151038646698,0.01956787332892418,0.29267048835754395,0.30676722526550293,0.2094241976737976,0.17474278807640076,0.2920559346675873,0.04757358133792877
gen_fuel_multiple_fuels_mw,da_as_mcp_synchronized_reserve,0.20912151038646698,0.022470315918326378,0.29267048835754395,0.30676722526550293,0.2094241976737976,0.17474278807640076,0.2920559346675873,0.04757358133792877
gen_fuel_oil_mw,rmccp,0.20875592529773712,0.01654878631234169,0.2546454966068268,0.2666819989681244,0.2019469439983368,0.16235947608947754,0.34634676575660706,0.07864809036254883
rmccp,gen_fuel_oil_mw,0.20875592529773712,0.023449573665857315,0.2546454966068268,0.2666819989681244,0.2019469439983368,0.16235947608947754,0.34634676575660706,0.07864809036254883
da_as_mcp_synchronized_reserve,total_gen,0.20857346057891846,0.019516590982675552,0.29135748744010925,0.1627044826745987,0.1505243331193924,0.36023059487342834,0.2892899215221405,0.04411425068974495
total_gen,da_as_mcp_synchronized_reserve,0.20857346057891846,0.013853980228304863,0.29135748744010925,0.1627044826745987,0.1505243331193924,0.36023059487342834,0.2892899215221405,0.04411425068974495
gen_fuel_hydro_mw,total_pjm_loc_credit,0.20809432864189148,0.021579038351774216,0.20365490019321442,0.3250263035297394,0.21565751731395721,0.22756913304328918,0.2802695035934448,0.06184400990605354
total_pjm_loc_credit,gen_fuel_hydro_mw,0.20809432864189148,0.03894587978720665,0.20365490019321442,0.3250263035297394,0.21565751731395721,0.22756913304328918,0.2802695035934448,0.06184400990605354
gen_fuel_coal_mw,da_as_as_req_mw_synchronized_reserve,0.2080710232257843,0.016999291256070137,0.25613948702812195,0.2288280874490738,0.1533164232969284,0.22705470025539398,0.30381113290786743,0.1134110763669014
da_as_as_req_mw_synchronized_reserve,gen_fuel_coal_mw,0.2080710232257843,0.025944488123059273,0.25613948702812195,0.2288280874490738,0.1533164232969284,0.22705470025539398,0.30381113290786743,0.1134110763669014
total_lmp_da,total_pjm_assigned_reg,0.2078729271888733,0.014317252673208714,0.2649614214897156,0.3521793782711029,0.23505304753780365,0.07455053925514221,0.3239603638648987,0.06893505156040192
total_pjm_assigned_reg,total_lmp_da,0.2078729271888733,0.03720715269446373,0.2649614214897156,0.3521793782711029,0.23505304753780365,0.07455053925514221,0.3239603638648987,0.06893505156040192
congestion_price_rt,metered_load_mw,0.20744124054908752,0.02980525605380535,0.30558207631111145,0.3560796082019806,0.2271982878446579,0.07654771208763123,0.2929491698741913,0.05887947604060173
metered_load_mw,congestion_price_rt,0.20744124054908752,0.013640472665429115,0.30558207631111145,0.3560796082019806,0.2271982878446579,0.07654771208763123,0.2929491698741913,0.05887947604060173
metered_load_mw,da_as_mcp_primary_reserve,0.20654915273189545,0.013581812381744385,0.3097976744174957,0.19822639226913452,0.18031509220600128,0.24320977926254272,0.30975428223609924,0.051527392119169235
da_as_mcp_primary_reserve,metered_load_mw,0.20654915273189545,0.022027138620615005,0.3097976744174957,0.19822639226913452,0.18031509220600128,0.24320977926254272,0.30975428223609924,0.051527392119169235
forecast_load_mw_day_ahead,congestion_price_da,0.20628978312015533,0.013982621021568775,0.3189268708229065,0.21735580265522003,0.12736275792121887,0.17550335824489594,0.37379342317581177,0.07346552610397339
congestion_price_da,forecast_load_mw_day_ahead,0.20628978312015533,0.03193667531013489,0.3189268708229065,0.21735580265522003,0.12736275792121887,0.17550335824489594,0.37379342317581177,0.07346552610397339
system_energy_price_da,total_pjm_loc_credit,0.20622456073760986,0.01451251469552517,0.3607695996761322,0.2332955151796341,0.13002267479896545,0.18497030436992645,0.3443228006362915,0.042067207396030426
total_pjm_loc_credit,system_energy_price_da,0.20622456073760986,0.03859594091773033,0.3607695996761322,0.2332955151796341,0.13002267479896545,0.18497030436992645,0.3443228006362915,0.042067207396030426
congestion_price_da,gen_fuel_oil_pct,0.20613273978233337,0.031912364065647125,0.3350190222263336,0.163631409406662,0.07471373677253723,0.22110886871814728,0.36717990040779114,0.10254501551389694
gen_fuel_oil_pct,congestion_price_da,0.20613273978233337,0.019028490409255028,0.3350190222263336,0.163631409406662,0.07471373677253723,0.22110886871814728,0.36717990040779114,0.10254501551389694
total_lmp_rt,total_pjm_assigned_reg,0.20608052611351013,0.014224589802324772,0.18483701348304749,0.27941858768463135,0.19741196930408478,0.3369482159614563,0.2549859285354614,0.04440123960375786
total_pjm_assigned_reg,total_lmp_rt,0.20608052611351013,0.03688633069396019,0.18483701348304749,0.27941858768463135,0.19741196930408478,0.3369482159614563,0.2549859285354614,0.04440123960375786
gen_fuel_hydro_pct,gen_fuel_oil_pct,0.2056586593389511,0.026851564645767212,0.28068429231643677,0.2673688232898712,0.19940011203289032,0.065453439950943,0.35415956377983093,0.11445427685976028
gen_fuel_oil_pct,gen_fuel_hydro_pct,0.2056586593389511,0.018984727561473846,0.28068429231643677,0.2673688232898712,0.19940011203289032,0.065453439950943,0.35415956377983093,0.11445427685976028
forecast_load_mw_day_ahead,gen_fuel_wind_pct,0.20532412827014923,0.0139171676710248,0.3453187644481659,0.33118489384651184,0.21532759070396423,0.04204650968313217,0.31588974595069885,0.05424671992659569
gen_fuel_wind_pct,forecast_load_mw_day_ahead,0.20532412827014923,0.037327442318201065,0.3453187644481659,0.33118489384651184,0.21532759070396423,0.04204650968313217,0.31588974595069885,0.05424671992659569
total_pjm_assigned_reg,gen_fuel_solar_pct,0.20511563122272491,0.0367136225104332,0.3469546139240265,0.293063223361969,0.2066185623407364,0.05545705184340477,0.3291976749897003,0.06428972631692886
gen_fuel_solar_pct,total_pjm_assigned_reg,0.20511563122272491,0.05304666608572006,0.3469546139240265,0.293063223361969,0.2066185623407364,0.05545705184340477,0.3291976749897003,0.06428972631692886
gen_fuel_wind_pct,total_gen,0.20502884685993195,0.03727376088500023,0.3399779498577118,0.3249460756778717,0.2303699105978012,0.050957974046468735,0.3126499354839325,0.04640734940767288
total_gen,gen_fuel_wind_pct,0.20502884685993195,0.013618538156151772,0.3399779498577118,0.3249460756778717,0.2303699105978012,0.050957974046468735,0.3126499354839325,0.04640734940767288
gen_fuel_other_renewables_mw,total_gen,0.20432260632514954,0.05587993562221527,0.30521655082702637,0.3297269940376282,0.20450447499752045,0.042816247791051865,0.31606942415237427,0.08779643476009369
total_gen,gen_fuel_other_renewables_mw,0.20432260632514954,0.01357162743806839,0.30521655082702637,0.3297269940376282,0.20450447499752045,0.042816247791051865,0.31606942415237427,0.08779643476009369
forecast_load_mw_latest_available,da_as_mcp_primary_reserve,0.20425306260585785,0.013562478125095367,0.3161194622516632,0.20241610705852509,0.16687865555286407,0.27198663353919983,0.2814371883869171,0.0402958057820797
da_as_mcp_primary_reserve,forecast_load_mw_latest_available,0.20425306260585785,0.021782275289297104,0.3161194622516632,0.20241610705852509,0.16687865555286407,0.27198663353919983,0.2814371883869171,0.0402958057820797
da_as_mcp_synchronized_reserve,total_pjm_loc_credit,0.20407438278198242,0.019095605239272118,0.4536148011684418,0.18306784331798553,0.15531186759471893,0.1753881722688675,0.25511449575424194,0.048005860298871994
total_pjm_loc_credit,da_as_mcp_synchronized_reserve,0.20407438278198242,0.03819352760910988,0.4536148011684418,0.18306784331798553,0.15531186759471893,0.1753881722688675,0.25511449575424194,0.048005860298871994
total_pjm_assigned_reg,total_pjm_self_sched_reg,0.20406433939933777,0.03652545437216759,0.23498231172561646,0.23423606157302856,0.17877326905727386,0.3455035388469696,0.233520045876503,0.048785023391246796
total_pjm_self_sched_reg,total_pjm_assigned_reg,0.20406433939933777,0.10248705744743347,0.23498231172561646,0.23423606157302856,0.17877326905727386,0.3455035388469696,0.233520045876503,0.048785023391246796
da_as_total_mw_synchronized_reserve,da_as_mcp_primary_reserve,0.20349939167499542,0.03479626402258873,0.17717719078063965,0.22786882519721985,0.18826448917388916,0.43190231919288635,0.21488265693187714,0.03506337106227875
da_as_mcp_primary_reserve,da_as_total_mw_synchronized_reserve,0.20349939167499542,0.021701902151107788,0.17717719078063965,0.22786882519721985,0.18826448917388916,0.43190231919288635,0.21488265693187714,0.03506337106227875
gen_fuel_nuclear_pct,congestion_price_da,0.20280683040618896,0.015133405104279518,0.2515154480934143,0.1979721039533615,0.14583773910999298,0.1962512880563736,0.3729766607284546,0.09407881647348404
congestion_price_da,gen_fuel_nuclear_pct,0.20280683040618896,0.031397465616464615,0.2515154480934143,0.1979721039533615,0.14583773910999298,0.1962512880563736,0.3729766607284546,0.09407881647348404
gen_fuel_gas_mw,congestion_price_rt,0.20233747363090515,0.014187907800078392,0.2837681472301483,0.3342927098274231,0.22597308456897736,0.07645529508590698,0.3021678626537323,0.06133391335606575
congestion_price_rt,gen_fuel_gas_mw,0.20233747363090515,0.02907194383442402,0.2837681472301483,0.3342927098274231,0.22597308456897736,0.07645529508590698,0.3021678626537323,0.06133391335606575
gross_actual_interchange_mw,forecast_load_mw_day_ahead,0.20211759209632874,0.03040185198187828,0.3006719946861267,0.3279877305030823,0.23210839927196503,0.033088985830545425,0.3213074207305908,0.06732217967510223
forecast_load_mw_day_ahead,gross_actual_interchange_mw,0.20211759209632874,0.01369982399046421,0.3006719946861267,0.3279877305030823,0.23210839927196503,0.033088985830545425,0.3213074207305908,0.06732217967510223
gen_fuel_multiple_fuels_pct,net_actual_interchange_mw,0.201141357421875,0.028900843113660812,0.3291732966899872,0.30151697993278503,0.1891907900571823,0.056710533797740936,0.32238397002220154,0.06953597813844681
net_actual_interchange_mw,gen_fuel_multiple_fuels_pct,0.201141357421875,0.03454538434743881,0.3291732966899872,0.30151697993278503,0.1891907900571823,0.056710533797740936,0.32238397002220154,0.06953597813844681
total_pjm_reg_purchases,gen_fuel_multiple_fuels_mw,0.2009015530347824,0.02524890936911106,0.3344988524913788,0.3267463445663452,0.21206475794315338,0.05368150398135185,0.29956892132759094,0.049954332411289215
gen_fuel_multiple_fuels_mw,total_pjm_reg_purchases,0.2009015530347824,0.021587073802947998,0.3344988524913788,0.3267463445663452,0.21206475794315338,0.05368150398135185,0.29956892132759094,0.049954332411289215
total_pjm_reg_purchases,gen_fuel_multiple_fuels_pct,0.19970929622650146,0.025099068880081177,0.3404398262500763,0.3262593150138855,0.2179398089647293,0.04508587345480919,0.2926057279109955,0.04772879183292389
gen_fuel_multiple_fuels_pct,total_pjm_reg_purchases,0.19970929622650146,0.028695078566670418,0.3404398262500763,0.3262593150138855,0.2179398089647293,0.04508587345480919,0.2926057279109955,0.04772879183292389
da_as_total_mw_thirty_minutes_reserve,da_as_nsr_mw_primary_reserve,0.19970904290676117,0.02396259270608425,0.26960891485214233,0.2719433307647705,0.19623415172100067,0.18835577368736267,0.27898475527763367,0.05331064760684967
da_as_nsr_mw_primary_reserve,da_as_total_mw_thirty_minutes_reserve,0.19970904290676117,0.04696652293205261,0.26960891485214233,0.2719433307647705,0.19623415172100067,0.18835577368736267,0.27898475527763367,0.05331064760684967
gen_fuel_other_renewables_mw,da_as_total_mw_thirty_minutes_reserve,0.19961388409137726,0.054592154920101166,0.25933173298835754,0.30977559089660645,0.21958915889263153,0.06692608445882797,0.31801414489746094,0.08462369441986084
da_as_total_mw_thirty_minutes_reserve,gen_fuel_other_renewables_mw,0.19961388409137726,0.023951174691319466,0.25933173298835754,0.30977559089660645,0.21958915889263153,0.06692608445882797,0.31801414489746094,0.08462369441986084
marginal_loss_price_rt,total_pjm_assigned_reg,0.19929689168930054,0.013636661693453789,0.18543142080307007,0.3055247664451599,0.20783720910549164,0.25009119510650635,0.2671290934085846,0.04592651128768921
total_pjm_assigned_reg,marginal_loss_price_rt,0.19929689168930054,0.035672128200531006,0.18543142080307007,0.3055247664451599,0.20783720910549164,0.25009119510650635,0.2671290934085846,0.04592651128768921
gen_fuel_oil_mw,gen_fuel_coal_pct,0.1986718326807022,0.015749385580420494,0.3062458336353302,0.29296839237213135,0.19742126762866974,0.12192841619253159,0.2948751747608185,0.045262932777404785
gen_fuel_coal_pct,gen_fuel_oil_mw,0.1986718326807022,0.02305479347705841,0.3062458336353302,0.29296839237213135,0.19742126762866974,0.12192841619253159,0.2948751747608185,0.045262932777404785
total_pjm_assigned_reg,gen_fuel_solar_mw,0.1985386312007904,0.03553640842437744,0.35073766112327576,0.26667624711990356,0.1742936670780182,0.05214892700314522,0.330899715423584,0.07250843197107315
gen_fuel_solar_mw,total_pjm_assigned_reg,0.1985386312007904,0.051175445318222046,0.35073766112327576,0.26667624711990356,0.1742936670780182,0.05214892700314522,0.330899715423584,0.07250843197107315
gross_sched_interchange_mw,gen_fuel_coal_mw,0.1983044445514679,0.04922029748558998,0.3186480700969696,0.2769352197647095,0.2116708606481552,0.04621761664748192,0.32698461413383484,0.07071398943662643
gen_fuel_coal_mw,gross_sched_interchange_mw,0.1983044445514679,0.01620136760175228,0.3186480700969696,0.2769352197647095,0.2116708606481552,0.04621761664748192,0.32698461413383484,0.07071398943662643
gen_fuel_multiple_fuels_pct,marginal_loss_price_rt,0.19825848937034607,0.028486620634794235,0.22957535088062286,0.3442420959472656,0.2267901599407196,0.09870775043964386,0.2940320372581482,0.06525556743144989
marginal_loss_price_rt,gen_fuel_multiple_fuels_pct,0.19825848937034607,0.0135656101629138,0.22957535088062286,0.3442420959472656,0.2267901599407196,0.09870775043964386,0.2940320372581482,0.06525556743144989
gen_fuel_other_renewables_mw,total_losses,0.19821441173553467,0.05420941486954689,0.26937219500541687,0.3029923439025879,0.2018096148967743,0.04975600913167,0.3289361298084259,0.09276076406240463
total_losses,gen_fuel_other_renewables_mw,0.19821441173553467,0.02045799419283867,0.26937219500541687,0.3029923439025879,0.2018096148967743,0.04975600913167,0.3289361298084259,0.09276076406240463
gen_fuel_coal_mw,da_as_as_req_mw_primary_reserve,0.19802173972129822,0.016178270801901817,0.2508600056171417,0.2266051024198532,0.13855905830860138,0.2207631915807724,0.28342700004577637,0.10197518020868301
da_as_as_req_mw_primary_reserve,gen_fuel_coal_mw,0.19802173972129822,0.025284303352236748,0.2508600056171417,0.2266051024198532,0.13855905830860138,0.2207631915807724,0.28342700004577637,0.10197518020868301
total_pjm_reg_purchases,gen_fuel_solar_pct,0.1978379189968109,0.02486387826502323,0.3221454322338104,0.23373985290527344,0.19858288764953613,0.05281481146812439,0.3400401771068573,0.08995537459850311
gen_fuel_solar_pct,total_pjm_reg_purchases,0.1978379189968109,0.05116451531648636,0.3221454322338104,0.23373985290527344,0.19858288764953613,0.05281481146812439,0.3400401771068573,0.08995537459850311
da_as_nsr_mw_primary_reserve,da_as_mcp_synchronized_reserve,0.1975480169057846,0.046458303928375244,0.17716476321220398,0.1730564534664154,0.1001516804099083,0.5403421521186829,0.19622157514095306,0.035159289836883545
da_as_mcp_synchronized_reserve,da_as_nsr_mw_primary_reserve,0.1975480169057846,0.018484920263290405,0.17716476321220398,0.1730564534664154,0.1001516804099083,0.5403421521186829,0.19622157514095306,0.035159289836883545
total_lmp_rt,gen_fuel_multiple_fuels_pct,0.19730933010578156,0.013619163073599339,0.19174203276634216,0.3240107595920563,0.213701531291008,0.1902855634689331,0.2750827670097351,0.055610429495573044
gen_fuel_multiple_fuels_pct,total_lmp_rt,0.19730933010578156,0.028350241482257843,0.19174203276634216,0.3240107595920563,0.213701531291008,0.1902855634689331,0.2750827670097351,0.055610429495573044
gen_fuel_coal_pct,marginal_loss_price_da,0.19706623256206512,0.022868473082780838,0.3059346079826355,0.290311336517334,0.20019330084323883,0.07037857174873352,0.3234317898750305,0.05748942121863365
marginal_loss_price_da,gen_fuel_coal_pct,0.19706623256206512,0.02051347680389881,0.3059346079826355,0.290311336517334,0.20019330084323883,0.07037857174873352,0.3234317898750305,0.05748942121863365
gen_fuel_other_renewables_pct,da_as_as_req_mw_synchronized_reserve,0.19597621262073517,0.018185922876000404,0.2805503308773041,0.2586894929409027,0.21516487002372742,0.10663677752017975,0.29696938395500183,0.07383232563734055
da_as_as_req_mw_synchronized_reserve,gen_fuel_other_renewables_pct,0.19597621262073517,0.024436380714178085,0.2805503308773041,0.2586894929409027,0.21516487002372742,0.10663677752017975,0.29696938395500183,0.07383232563734055
da_as_as_req_mw_primary_reserve,gen_fuel_other_renewables_pct,0.1958785057067871,0.025010645389556885,0.28059229254722595,0.255033403635025,0.22688063979148865,0.10417986661195755,0.2964802086353302,0.0700763538479805
gen_fuel_other_renewables_pct,da_as_as_req_mw_primary_reserve,0.1958785057067871,0.018176857382059097,0.28059229254722595,0.255033403635025,0.22688063979148865,0.10417986661195755,0.2964802086353302,0.0700763538479805
congestion_price_da,da_as_mcp_primary_reserve,0.1957191824913025,0.030300194397568703,0.2733237147331238,0.20295266807079315,0.15781943500041962,0.1865285336971283,0.31546080112457275,0.08105731010437012
da_as_mcp_primary_reserve,congestion_price_da,0.1957191824913025,0.020872192457318306,0.2733237147331238,0.20295266807079315,0.15781943500041962,0.1865285336971283,0.31546080112457275,0.08105731010437012
gen_fuel_other_renewables_mw,gen_fuel_coal_pct,0.1956682652235031,0.053513072431087494,0.2653893828392029,0.28111642599105835,0.19161361455917358,0.07463875412940979,0.316727876663208,0.0954163521528244
gen_fuel_coal_pct,gen_fuel_other_renewables_mw,0.1956682652235031,0.022706246003508568,0.2653893828392029,0.28111642599105835,0.19161361455917358,0.07463875412940979,0.316727876663208,0.0954163521528244
da_as_total_mw_thirty_minutes_reserve,rmccp,0.1954948455095291,0.023456942290067673,0.18910227715969086,0.22575509548187256,0.11241844296455383,0.4677574932575226,0.19481542706489563,0.02900378406047821
rmccp,da_as_total_mw_thirty_minutes_reserve,0.1954948455095291,0.021959956735372543,0.18910227715969086,0.22575509548187256,0.11241844296455383,0.4677574932575226,0.19481542706489563,0.02900378406047821
da_as_total_mw_thirty_minutes_reserve,total_pjm_rmccp_cr,0.19543768465518951,0.023450084030628204,0.17537429928779602,0.19917899370193481,0.14308342337608337,0.39477303624153137,0.26135823130607605,0.04561835527420044
total_pjm_rmccp_cr,da_as_total_mw_thirty_minutes_reserve,0.19543768465518951,0.018419180065393448,0.17537429928779602,0.19917899370193481,0.14308342337608337,0.39477303624153137,0.26135823130607605,0.04561835527420044
total_gen,da_as_total_mw_primary_reserve,0.19482168555259705,0.012940552085638046,0.2880965769290924,0.3063110113143921,0.207227423787117,0.07955912500619888,0.3032463490962982,0.052220121026039124
da_as_total_mw_primary_reserve,total_gen,0.19482168555259705,0.02673434093594551,0.2880965769290924,0.3063110113143921,0.207227423787117,0.07955912500619888,0.3032463490962982,0.052220121026039124
metered_load_mw,gen_fuel_wind_pct,0.19481679797172546,0.012810342013835907,0.32896578311920166,0.31065839529037476,0.21472029387950897,0.04038479924201965,0.301813006401062,0.043977610766887665
gen_fuel_wind_pct,metered_load_mw,0.19481679797172546,0.035417236387729645,0.32896578311920166,0.31065839529037476,0.21472029387950897,0.04038479924201965,0.301813006401062,0.043977610766887665
da_as_nsr_mw_primary_reserve,gen_fuel_nuclear_mw,0.1947660595178604,0.04580405727028847,0.22807079553604126,0.267264723777771,0.19714653491973877,0.26233282685279846,0.23924703896045685,0.03606469929218292
gen_fuel_nuclear_mw,da_as_nsr_mw_primary_reserve,0.1947660595178604,0.020273080095648766,0.22807079553604126,0.267264723777771,0.19714653491973877,0.26233282685279846,0.23924703896045685,0.03606469929218292
da_as_as_req_mw_thirty_minutes_reserve,gen_fuel_other_renewables_pct,0.1947222203016281,0.025749152526259422,0.28420352935791016,0.27591338753700256,0.2130850851535797,0.11582568287849426,0.27503854036331177,0.06333856284618378
gen_fuel_other_renewables_pct,da_as_as_req_mw_thirty_minutes_reserve,0.1947222203016281,0.0180695578455925,0.28420352935791016,0.27591338753700256,0.2130850851535797,0.11582568287849426,0.27503854036331177,0.06333856284618378
total_lmp_da,gross_actual_interchange_mw,0.1946721225976944,0.013408047147095203,0.2783504128456116,0.31399956345558167,0.22337780892848969,0.06410449743270874,0.30125537514686584,0.055933862924575806
gross_actual_interchange_mw,total_lmp_da,0.1946721225976944,0.02928192913532257,0.2783504128456116,0.31399956345558167,0.22337780892848969,0.06410449743270874,0.30125537514686584,0.055933862924575806
congestion_price_rt,gen_fuel_nuclear_pct,0.19432812929153442,0.027921156957745552,0.29112789034843445,0.32477980852127075,0.22346681356430054,0.04600314050912857,0.3027257025241852,0.05006645619869232
gen_fuel_nuclear_pct,congestion_price_rt,0.19432812929153442,0.014500726014375687,0.29112789034843445,0.32477980852127075,0.22346681356430054,0.04600314050912857,0.3027257025241852,0.05006645619869232
da_as_total_mw_thirty_minutes_reserve,gen_fuel_hydro_pct,0.19397304952144623,0.023274345323443413,0.31509846448898315,0.28817012906074524,0.2106820046901703,0.07301108539104462,0.2977890968322754,0.04655059054493904
gen_fuel_hydro_pct,da_as_total_mw_thirty_minutes_reserve,0.19397304952144623,0.025325847789645195,0.31509846448898315,0.28817012906074524,0.2106820046901703,0.07301108539104462,0.2977890968322754,0.04655059054493904
da_as_mcp_primary_reserve,forecast_load_mw_day_ahead,0.19396260380744934,0.020684864372015,0.31180182099342346,0.1882154494524002,0.1756260246038437,0.19967377185821533,0.2956358790397644,0.045420773327350616
forecast_load_mw_day_ahead,da_as_mcp_primary_reserve,0.19396260380744934,0.013147066347301006,0.31180182099342346,0.1882154494524002,0.1756260246038437,0.19967377185821533,0.2956358790397644,0.045420773327350616
gen_fuel_oil_mw,gross_inadv_interchange_mw,0.19292515516281128,0.015293827280402184,0.35721316933631897,0.24245305359363556,0.1557418256998062,0.09347633272409439,0.31578466296195984,0.04991365224123001
gross_inadv_interchange_mw,gen_fuel_oil_mw,0.19292515516281128,0.026243234053254128,0.35721316933631897,0.24245305359363556,0.1557418256998062,0.09347633272409439,0.31578466296195984,0.04991365224123001
metered_load_mw,da_as_as_req_mw_synchronized_reserve,0.1927897334098816,0.012677050195634365,0.2851434051990509,0.2789638042449951,0.20341749489307404,0.10542112588882446,0.2811269760131836,0.06197843328118324
da_as_as_req_mw_synchronized_reserve,metered_load_mw,0.1927897334098816,0.02403905615210533,0.2851434051990509,0.2789638042449951,0.20341749489307404,0.10542112588882446,0.2811269760131836,0.06197843328118324
da_as_as_req_mw_thirty_minutes_reserve,gen_fuel_coal_mw,0.1925901621580124,0.025467218831181526,0.24857322871685028,0.21431222558021545,0.12713071703910828,0.19542208313941956,0.2915990948677063,0.10859017074108124
gen_fuel_coal_mw,da_as_as_req_mw_thirty_minutes_reserve,0.1925901621580124,0.015734514221549034,0.24857322871685028,0.21431222558021545,0.12713071703910828,0.19542208313941956,0.2915990948677063,0.10859017074108124
gen_fuel_wind_mw,gen_fuel_multiple_fuels_mw,0.1924912929534912,0.05214562639594078,0.30276843905448914,0.3321569561958313,0.20829422771930695,0.05699529871344566,0.2772623896598816,0.04749969765543938
gen_fuel_multiple_fuels_mw,gen_fuel_wind_mw,0.1924912929534912,0.02068338356912136,0.30276843905448914,0.3321569561958313,0.20829422771930695,0.05699529871344566,0.2772623896598816,0.04749969765543938
marginal_loss_price_da,gen_fuel_storage_mw,0.19227109849452972,0.020014330744743347,0.2412501722574234,0.2965088188648224,0.2218862920999527,0.04441198706626892,0.322818398475647,0.08601027727127075
gen_fuel_storage_mw,marginal_loss_price_da,0.19227109849452972,0.029310820624232292,0.2412501722574234,0.2965088188648224,0.2218862920999527,0.04441198706626892,0.322818398475647,0.08601027727127075
total_losses,da_as_as_req_mw_synchronized_reserve,0.19224019348621368,0.01984138786792755,0.2512686848640442,0.3269098103046417,0.23785847425460815,0.16778305172920227,0.21527056396007538,0.02763383649289608
da_as_as_req_mw_synchronized_reserve,total_losses,0.19224019348621368,0.023970533162355423,0.2512686848640442,0.3269098103046417,0.23785847425460815,0.16778305172920227,0.21527056396007538,0.02763383649289608
congestion_price_rt,gen_fuel_other_renewables_pct,0.19213484227657318,0.027606025338172913,0.24222935736179352,0.30612385272979736,0.26224133372306824,0.04311934486031532,0.31437987089157104,0.05754118412733078
gen_fuel_other_renewables_pct,congestion_price_rt,0.19213484227657318,0.01782945729792118,0.24222935736179352,0.30612385272979736,0.26224133372306824,0.04311934486031532,0.31437987089157104,0.05754118412733078
gen_fuel_gas_mw,gen_fuel_other_renewables_mw,0.19191133975982666,0.013456827029585838,0.26527753472328186,0.2916446030139923,0.21030545234680176,0.03691102936863899,0.31973913311958313,0.08514140546321869
gen_fuel_other_renewables_mw,gen_fuel_gas_mw,0.19191133975982666,0.052485592663288116,0.26527753472328186,0.2916446030139923,0.21030545234680176,0.03691102936863899,0.31973913311958313,0.08514140546321869
gen_fuel_oil_mw,gen_fuel_wind_pct,0.19167812168598175,0.015194971114397049,0.26031720638275146,0.34347912669181824,0.20782572031021118,0.07204846292734146,0.28404632210731506,0.05247911810874939
gen_fuel_wind_pct,gen_fuel_oil_mw,0.19167812168598175,0.034846629947423935,0.26031720638275146,0.34347912669181824,0.20782572031021118,0.07204846292734146,0.28404632210731506,0.05247911810874939
metered_load_mw,gen_fuel_hydro_pct,0.19154688715934753,0.012595325708389282,0.33298003673553467,0.28956738114356995,0.18908095359802246,0.06112024560570717,0.2902160882949829,0.04995206743478775
gen_fuel_hydro_pct,metered_load_mw,0.19154688715934753,0.02500907890498638,0.33298003673553467,0.28956738114356995,0.18908095359802246,0.06112024560570717,0.2902160882949829,0.04995206743478775
total_pjm_rmccp_cr,rmpcp,0.19131268560886383,0.01803041622042656,0.04068990424275398,0.12173338234424591,0.07002048194408417,0.8615310192108154,0.07727676630020142,0.003475748933851719
rmpcp,total_pjm_rmccp_cr,0.19131268560886383,0.05156368762254715,0.04068990424275398,0.12173338234424591,0.07002048194408417,0.8615310192108154,0.07727676630020142,0.003475748933851719
marginal_loss_price_rt,gen_fuel_hydro_pct,0.1912543624639511,0.01308636087924242,0.19222350418567657,0.2496863752603531,0.1310843825340271,0.3686152398586273,0.2129211127758026,0.04134002700448036
gen_fuel_hydro_pct,marginal_loss_price_rt,0.1912543624639511,0.02497088722884655,0.19222350418567657,0.2496863752603531,0.1310843825340271,0.3686152398586273,0.2129211127758026,0.04134002700448036
gen_fuel_wind_pct,forecast_load_mw_latest_available,0.19091778993606567,0.034708403050899506,0.31472063064575195,0.2930469214916229,0.22302260994911194,0.04615451395511627,0.30043843388557434,0.03979690000414848
forecast_load_mw_latest_available,gen_fuel_wind_pct,0.19091778993606567,0.012677011080086231,0.31472063064575195,0.2930469214916229,0.22302260994911194,0.04615451395511627,0.30043843388557434,0.03979690000414848
gen_fuel_other_renewables_pct,rmccp,0.19061978161334991,0.017688864842057228,0.08015595376491547,0.24231013655662537,0.20623032748699188,0.3957928419113159,0.24190446734428406,0.03656074404716492
rmccp,gen_fuel_other_renewables_pct,0.19061978161334991,0.021412339061498642,0.08015595376491547,0.24231013655662537,0.20623032748699188,0.3957928419113159,0.24190446734428406,0.03656074404716492
total_lmp_da,gen_fuel_gas_pct,0.1904478669166565,0.013117101043462753,0.2506242096424103,0.2749408781528473,0.21355554461479187,0.07670615613460541,0.3230339586734772,0.0660151019692421
gen_fuel_gas_pct,total_lmp_da,0.1904478669166565,0.02262323722243309,0.2506242096424103,0.2749408781528473,0.21355554461479187,0.07670615613460541,0.3230339586734772,0.0660151019692421
total_gen,congestion_price_rt,0.19022168219089508,0.012635008431971073,0.271085649728775,0.32449859380722046,0.21349453926086426,0.06485296040773392,0.2832721769809723,0.05266070365905762
congestion_price_rt,total_gen,0.19022168219089508,0.027331141754984856,0.271085649728775,0.32449859380722046,0.21349453926086426,0.06485296040773392,0.2832721769809723,0.05266070365905762
gross_inadv_interchange_mw,marginal_loss_price_da,0.1896888166666031,0.02580300159752369,0.32303574681282043,0.23932771384716034,0.17736446857452393,0.053398896008729935,0.34230682253837585,0.06057937815785408
marginal_loss_price_da,gross_inadv_interchange_mw,0.1896888166666031,0.01974553056061268,0.32303574681282043,0.23932771384716034,0.17736446857452393,0.053398896008729935,0.34230682253837585,0.06057937815785408
total_pjm_rmpcp_cr,gen_fuel_multiple_fuels_pct,0.18967244029045105,0.046826355159282684,0.20699501037597656,0.2897384762763977,0.2228742241859436,0.09103929996490479,0.3083604574203491,0.07856907695531845
gen_fuel_multiple_fuels_pct,total_pjm_rmpcp_cr,0.18967244029045105,0.027252940461039543,0.20699501037597656,0.2897384762763977,0.2228742241859436,0.09103929996490479,0.3083604574203491,0.07856907695531845
da_as_as_req_mw_primary_reserve,forecast_load_mw_latest_available,0.18964172899723053,0.024214306846261024,0.2807501256465912,0.2773825526237488,0.2006356418132782,0.1176517978310585,0.27088823914527893,0.0516737699508667
forecast_load_mw_latest_available,da_as_as_req_mw_primary_reserve,0.18964172899723053,0.01259228028357029,0.2807501256465912,0.2773825526237488,0.2006356418132782,0.1176517978310585,0.27088823914527893,0.0516737699508667
marginal_loss_price_rt,gen_fuel_nuclear_mw,0.18893104791641235,0.01292739063501358,0.09813155233860016,0.1637498289346695,0.12238048762083054,0.5962006449699402,0.17289595305919647,0.02061544358730316
gen_fuel_nuclear_mw,marginal_loss_price_rt,0.18893104791641235,0.01966571807861328,0.09813155233860016,0.1637498289346695,0.12238048762083054,0.5962006449699402,0.17289595305919647,0.02061544358730316
gen_fuel_gas_mw,congestion_price_da,0.18890582025051117,0.013246079906821251,0.34183037281036377,0.2207879275083542,0.14016836881637573,0.10224232077598572,0.32823264598846436,0.05310826748609543
congestion_price_da,gen_fuel_gas_mw,0.18890582025051117,0.02924538590013981,0.34183037281036377,0.2207879275083542,0.14016836881637573,0.10224232077598572,0.32823264598846436,0.05310826748609543
rmccp,gen_fuel_multiple_fuels_pct,0.18883854150772095,0.021212251856923103,0.2137027233839035,0.30388057231903076,0.20514845848083496,0.10053127259016037,0.3034035563468933,0.06833656132221222
gen_fuel_multiple_fuels_pct,rmccp,0.18883854150772095,0.027133123949170113,0.2137027233839035,0.30388057231903076,0.20514845848083496,0.10053127259016037,0.3034035563468933,0.06833656132221222
da_as_as_req_mw_thirty_minutes_reserve,metered_load_mw,0.1886022835969925,0.02493988163769245,0.26399919390678406,0.2459629625082016,0.23557287454605103,0.08598745614290237,0.2995818853378296,0.061329152435064316
metered_load_mw,da_as_as_req_mw_thirty_minutes_reserve,0.1886022835969925,0.012401700951159,0.26399919390678406,0.2459629625082016,0.23557287454605103,0.08598745614290237,0.2995818853378296,0.061329152435064316
gen_fuel_storage_mw,metered_load_mw,0.18823178112506866,0.02869504503905773,0.2588680386543274,0.28504034876823425,0.2486361861228943,0.049295756965875626,0.296182781457901,0.05854120850563049
metered_load_mw,gen_fuel_storage_mw,0.18823178112506866,0.012377338483929634,0.2588680386543274,0.28504034876823425,0.2486361861228943,0.049295756965875626,0.296182781457901,0.05854120850563049
gen_fuel_gas_pct,gen_fuel_other_renewables_pct,0.18736617267131805,0.022257162258028984,0.30420640110969543,0.28778231143951416,0.23747925460338593,0.03099045157432556,0.29137253761291504,0.04316052794456482
gen_fuel_other_renewables_pct,gen_fuel_gas_pct,0.18736617267131805,0.017386941239237785,0.30420640110969543,0.28778231143951416,0.23747925460338593,0.03099045157432556,0.29137253761291504,0.04316052794456482
congestion_price_da,gen_fuel_hydro_mw,0.187297523021698,0.02899639680981636,0.21449308097362518,0.2250257283449173,0.1652326136827469,0.1450880914926529,0.32767626643180847,0.09033512324094772
gen_fuel_hydro_mw,congestion_price_da,0.187297523021698,0.019422443583607674,0.21449308097362518,0.2250257283449173,0.1652326136827469,0.1450880914926529,0.32767626643180847,0.09033512324094772
congestion_price_da,total_gen,0.18665608763694763,0.02889709360897541,0.30351951718330383,0.19736750423908234,0.1196441501379013,0.1454467475414276,0.34792956709861755,0.05505456030368805
total_gen,congestion_price_da,0.18665608763694763,0.012398172169923782,0.30351951718330383,0.19736750423908234,0.1196441501379013,0.1454467475414276,0.34792956709861755,0.05505456030368805
forecast_load_mw_latest_available,da_as_as_req_mw_thirty_minutes_reserve,0.18660631775856018,0.01239072810858488,0.2894533574581146,0.28860366344451904,0.19836074113845825,0.0906989797949791,0.26439154148101807,0.05020391568541527
da_as_as_req_mw_thirty_minutes_reserve,forecast_load_mw_latest_available,0.18660631775856018,0.024675942957401276,0.2894533574581146,0.28860366344451904,0.19836074113845825,0.0906989797949791,0.26439154148101807,0.05020391568541527
da_as_total_mw_primary_reserve,total_losses,0.18576295673847198,0.02549125999212265,0.297855019569397,0.298190176486969,0.21317821741104126,0.0742766484618187,0.262216717004776,0.03742655739188194
total_losses,da_as_total_mw_primary_reserve,0.18576295673847198,0.01917286217212677,0.297855019569397,0.298190176486969,0.21317821741104126,0.0742766484618187,0.262216717004776,0.03742655739188194
gross_actual_interchange_mw,system_energy_price_da,0.18575766682624817,0.02794104628264904,0.23167544603347778,0.300717830657959,0.22849223017692566,0.04228304699063301,0.3232487142086029,0.05743904039263725
system_energy_price_da,gross_actual_interchange_mw,0.18575766682624817,0.013072210364043713,0.23167544603347778,0.300717830657959,0.22849223017692566,0.04228304699063301,0.3232487142086029,0.05743904039263725
total_losses,gen_fuel_oil_mw,0.1856037825345993,0.019156433641910553,0.32458508014678955,0.20541617274284363,0.14502517879009247,0.10722755640745163,0.31081029772758484,0.0665648877620697
gen_fuel_oil_mw,total_losses,0.1856037825345993,0.014713437296450138,0.32458508014678955,0.20541617274284363,0.14502517879009247,0.10722755640745163,0.31081029772758484,0.0665648877620697
gen_fuel_multiple_fuels_pct,gen_fuel_nuclear_pct,0.1855698972940445,0.02666347101330757,0.2839219272136688,0.29589417576789856,0.19983762502670288,0.057973895221948624,0.2887763977050781,0.05168592557311058
gen_fuel_nuclear_pct,gen_fuel_multiple_fuels_pct,0.1855698972940445,0.013847188092768192,0.2839219272136688,0.29589417576789856,0.19983762502670288,0.057973895221948624,0.2887763977050781,0.05168592557311058
da_as_as_req_mw_synchronized_reserve,forecast_load_mw_latest_available,0.18461927771568298,0.023020276799798012,0.2860332727432251,0.2868826687335968,0.18173743784427643,0.09760521352291107,0.261982262134552,0.05259055644273758
forecast_load_mw_latest_available,da_as_as_req_mw_synchronized_reserve,0.18461927771568298,0.012258787639439106,0.2860332727432251,0.2868826687335968,0.18173743784427643,0.09760521352291107,0.261982262134552,0.05259055644273758
net_actual_interchange_mw,total_pjm_rmccp_cr,0.18448936939239502,0.03168545663356781,0.13227197527885437,0.26055389642715454,0.18914462625980377,0.3373776376247406,0.2201724350452423,0.02786681056022644
total_pjm_rmccp_cr,net_actual_interchange_mw,0.18448936939239502,0.017387347295880318,0.13227197527885437,0.26055389642715454,0.18914462625980377,0.3373776376247406,0.2201724350452423,0.02786681056022644
marginal_loss_price_rt,gen_fuel_gas_pct,0.18413883447647095,0.012599488720297813,0.18957972526550293,0.2843033969402313,0.17417314648628235,0.24994517862796783,0.2322806566953659,0.03506568446755409
gen_fuel_gas_pct,marginal_loss_price_rt,0.18413883447647095,0.02187378890812397,0.18957972526550293,0.2843033969402313,0.17417314648628235,0.24994517862796783,0.2322806566953659,0.03506568446755409
da_as_total_mw_thirty_minutes_reserve,da_as_total_mw_synchronized_reserve,0.184112548828125,0.022091208025813103,0.23955029249191284,0.27666786313056946,0.18597763776779175,0.1494087278842926,0.2577376365661621,0.05307357385754585
da_as_total_mw_synchronized_reserve,da_as_total_mw_thirty_minutes_reserve,0.184112548828125,0.031481318175792694,0.23955029249191284,0.27666786313056946,0.18597763776779175,0.1494087278842926,0.2577376365661621,0.05307357385754585
gen_fuel_wind_pct,gen_fuel_nuclear_mw,0.1840452402830124,0.03345899283885956,0.28592386841773987,0.21048614382743835,0.13745249807834625,0.10464858263731003,0.31757792830467224,0.08779149502515793
gen_fuel_nuclear_mw,gen_fuel_wind_pct,0.1840452402830124,0.019157156348228455,0.28592386841773987,0.21048614382743835,0.13745249807834625,0.10464858263731003,0.31757792830467224,0.08779149502515793
gen_fuel_wind_pct,gen_fuel_nuclear_pct,0.1836564540863037,0.03338830918073654,0.29150497913360596,0.28398463129997253,0.20166783034801483,0.037562791258096695,0.29187121987342834,0.057405296713113785
gen_fuel_nuclear_pct,gen_fuel_wind_pct,0.1836564540863037,0.013704407960176468,0.29150497913360596,0.28398463129997253,0.20166783034801483,0.037562791258096695,0.29187121987342834,0.057405296713113785
da_as_as_req_mw_primary_reserve,metered_load_mw,0.1836562305688858,0.023450050503015518,0.28266575932502747,0.27135398983955383,0.192052960395813,0.10609940439462662,0.2613007128238678,0.048238709568977356
metered_load_mw,da_as_as_req_mw_primary_reserve,0.1836562305688858,0.012076469138264656,0.28266575932502747,0.27135398983955383,0.192052960395813,0.10609940439462662,0.2613007128238678,0.048238709568977356
gen_fuel_gas_pct,gen_fuel_solar_pct,0.18350322544574738,0.021798284724354744,0.3400762975215912,0.214231938123703,0.1763906031847,0.06918086111545563,0.30659762024879456,0.04983104020357132
gen_fuel_solar_pct,gen_fuel_gas_pct,0.18350322544574738,0.04745730012655258,0.3400762975215912,0.214231938123703,0.1763906031847,0.06918086111545563,0.30659762024879456,0.04983104020357132
gen_fuel_other_renewables_pct,congestion_price_da,0.1829100102186203,0.016973424702882767,0.22848300635814667,0.23048599064350128,0.15558665990829468,0.13848628103733063,0.31556063890457153,0.0759572759270668
congestion_price_da,gen_fuel_other_renewables_pct,0.1829100102186203,0.028317146003246307,0.22848300635814667,0.23048599064350128,0.15558665990829468,0.13848628103733063,0.31556063890457153,0.0759572759270668
rmpcp,gen_fuel_hydro_pct,0.1823624074459076,0.049151357263326645,0.18493661284446716,0.31620267033576965,0.22193558514118195,0.09830845147371292,0.2788264751434326,0.059624068439006805
gen_fuel_hydro_pct,rmpcp,0.1823624074459076,0.023809919133782387,0.18493661284446716,0.31620267033576965,0.22193558514118195,0.09830845147371292,0.2788264751434326,0.059624068439006805
gen_fuel_multiple_fuels_pct,total_pjm_assigned_reg,0.18216092884540558,0.026173654943704605,0.309499055147171,0.28243890404701233,0.20032934844493866,0.03508898615837097,0.28950193524360657,0.04237167909741402
total_pjm_assigned_reg,gen_fuel_multiple_fuels_pct,0.18216092884540558,0.03260496258735657,0.309499055147171,0.28243890404701233,0.20032934844493866,0.03508898615837097,0.28950193524360657,0.04237167909741402
gen_fuel_nuclear_mw,gen_fuel_other_renewables_pct,0.18153789639472961,0.01889616809785366,0.26725032925605774,0.2595383822917938,0.17023950815200806,0.17897558212280273,0.2390853613615036,0.03297818452119827
gen_fuel_other_renewables_pct,gen_fuel_nuclear_mw,0.18153789639472961,0.016846098005771637,0.26725032925605774,0.2595383822917938,0.17023950815200806,0.17897558212280273,0.2390853613615036,0.03297818452119827
gen_fuel_nuclear_pct,rmccp,0.1813650280237198,0.013533421792089939,0.17265115678310394,0.25970789790153503,0.20821404457092285,0.1768576055765152,0.27819934487342834,0.052501630038022995
rmccp,gen_fuel_nuclear_pct,0.1813650280237198,0.020372752100229263,0.17265115678310394,0.25970789790153503,0.20821404457092285,0.1768576055765152,0.27819934487342834,0.052501630038022995
marginal_loss_price_da,gen_fuel_nuclear_mw,0.1811801642179489,0.018859827890992165,0.21866382658481598,0.26843756437301636,0.17470842599868774,0.16371119022369385,0.26064494252204895,0.05582696944475174
gen_fuel_nuclear_mw,marginal_loss_price_da,0.1811801642179489,0.018858931958675385,0.21866382658481598,0.26843756437301636,0.17470842599868774,0.16371119022369385,0.26064494252204895,0.05582696944475174
congestion_price_rt,forecast_load_mw_day_ahead,0.18113595247268677,0.026025699451565742,0.24265030026435852,0.3139357566833496,0.21494607627391815,0.05242358520627022,0.2741512060165405,0.05469870939850807
forecast_load_mw_day_ahead,congestion_price_rt,0.18113595247268677,0.012277658097445965,0.24265030026435852,0.3139357566833496,0.21494607627391815,0.05242358520627022,0.2741512060165405,0.05469870939850807
total_pjm_rmpcp_cr,net_actual_interchange_mw,0.180510014295578,0.04456433281302452,0.22976154088974,0.272358238697052,0.17444808781147003,0.1278858780860901,0.266644686460495,0.0650004968047142
net_actual_interchange_mw,total_pjm_rmpcp_cr,0.180510014295578,0.031002016738057137,0.22976154088974,0.272358238697052,0.17444808781147003,0.1278858780860901,0.266644686460495,0.0650004968047142
net_actual_interchange_mw,gen_fuel_gas_mw,0.18021075427532196,0.030950618907809258,0.2973611354827881,0.30285120010375977,0.1972290277481079,0.03266247734427452,0.27808132767677307,0.04076583683490753
gen_fuel_gas_mw,net_actual_interchange_mw,0.18021075427532196,0.012636382132768631,0.2973611354827881,0.30285120010375977,0.1972290277481079,0.03266247734427452,0.27808132767677307,0.04076583683490753
rmpcp,rmccp,0.17953725159168243,0.04838990420103073,0.05506041273474693,0.14997701346874237,0.08013349026441574,0.70293790102005,0.11929236352443695,0.00434711342677474
rmccp,rmpcp,0.17953725159168243,0.020167438313364983,0.05506041273474693,0.14997701346874237,0.08013349026441574,0.70293790102005,0.11929236352443695,0.00434711342677474
total_pjm_rmccp_cr,da_as_mcp_primary_reserve,0.17848162353038788,0.01682114228606224,0.2320248931646347,0.17479221522808075,0.14580576121807098,0.25045493245124817,0.2693741023540497,0.04413606598973274
da_as_mcp_primary_reserve,total_pjm_rmccp_cr,0.17848162353038788,0.019033918157219887,0.2320248931646347,0.17479221522808075,0.14580576121807098,0.25045493245124817,0.2693741023540497,0.04413606598973274
gen_fuel_wind_pct,gen_fuel_oil_pct,0.17815101146697998,0.03238743543624878,0.2554127275943756,0.2936437129974365,0.2043875753879547,0.05843130126595497,0.26751986145973206,0.05230117589235306
gen_fuel_oil_pct,gen_fuel_wind_pct,0.17815101146697998,0.016445446759462357,0.2554127275943756,0.2936437129974365,0.2043875753879547,0.05843130126595497,0.26751986145973206,0.05230117589235306
total_pjm_reg_purchases,gen_fuel_oil_mw,0.1779509037733078,0.02236451767385006,0.24665777385234833,0.25739923119544983,0.18383456766605377,0.11898232251405716,0.27473241090774536,0.04533739760518074
gen_fuel_oil_mw,total_pjm_reg_purchases,0.1779509037733078,0.014106768183410168,0.24665777385234833,0.25739923119544983,0.18383456766605377,0.11898232251405716,0.27473241090774536,0.04533739760518074
da_as_total_mw_thirty_minutes_reserve,gen_fuel_hydro_mw,0.17791204154491425,0.021347224712371826,0.33580949902534485,0.25083866715431213,0.15993788838386536,0.08282945305109024,0.2635558247566223,0.03346347436308861
gen_fuel_hydro_mw,da_as_total_mw_thirty_minutes_reserve,0.17791204154491425,0.01844918355345726,0.33580949902534485,0.25083866715431213,0.15993788838386536,0.08282945305109024,0.2635558247566223,0.03346347436308861
gen_fuel_oil_pct,gen_fuel_gas_pct,0.1779058426618576,0.01642281375825405,0.261910080909729,0.2497854232788086,0.20125459134578705,0.04592308774590492,0.30370983481407166,0.06239456683397293
gen_fuel_gas_pct,gen_fuel_oil_pct,0.1779058426618576,0.02113337442278862,0.261910080909729,0.2497854232788086,0.20125459134578705,0.04592308774590492,0.30370983481407166,0.06239456683397293
total_losses,da_as_as_req_mw_primary_reserve,0.17769010365009308,0.018339650705456734,0.19489459693431854,0.27635490894317627,0.2381623387336731,0.16595816612243652,0.22691017389297485,0.031200597062706947
da_as_as_req_mw_primary_reserve,total_losses,0.17769010365009308,0.02268826961517334,0.19489459693431854,0.27635490894317627,0.2381623387336731,0.16595816612243652,0.22691017389297485,0.031200597062706947
gen_fuel_oil_pct,total_pjm_reg_purchases,0.1774163544178009,0.016377627849578857,0.2824678421020508,0.27841973304748535,0.1862175613641739,0.04370734840631485,0.2832821011543274,0.051285870373249054
total_pjm_reg_purchases,gen_fuel_oil_pct,0.1774163544178009,0.022297335788607597,0.2824678421020508,0.27841973304748535,0.1862175613641739,0.04370734840631485,0.2832821011543274,0.051285870373249054
gen_fuel_hydro_pct,forecast_load_mw_latest_available,0.17721115052700043,0.023137351498007774,0.32328805327415466,0.265516459941864,0.14953184127807617,0.06596145778894424,0.26589298248291016,0.04815385490655899
forecast_load_mw_latest_available,gen_fuel_hydro_pct,0.17721115052700043,0.011766885407269001,0.32328805327415466,0.265516459941864,0.14953184127807617,0.06596145778894424,0.26589298248291016,0.04815385490655899
gen_fuel_nuclear_pct,gen_fuel_solar_mw,0.1766485869884491,0.013181482441723347,0.2816578149795532,0.30259817838668823,0.1954622119665146,0.0428960919380188,0.25827351212501526,0.04377555474638939
gen_fuel_solar_mw,gen_fuel_nuclear_pct,0.1766485869884491,0.04553305357694626,0.2816578149795532,0.30259817838668823,0.1954622119665146,0.0428960919380188,0.25827351212501526,0.04377555474638939
rmpcp,da_as_total_mw_thirty_minutes_reserve,0.1764133870601654,0.04754794389009476,0.13193924725055695,0.29468196630477905,0.212457537651062,0.0748523622751236,0.3053293228149414,0.09313304722309113
da_as_total_mw_thirty_minutes_reserve,rmpcp,0.1764133870601654,0.02116740494966507,0.13193924725055695,0.29468196630477905,0.212457537651062,0.0748523622751236,0.3053293228149414,0.09313304722309113
gen_fuel_other_renewables_mw,metered_load_mw,0.17634953558444977,0.04822961613535881,0.2600068151950836,0.2703312635421753,0.18177780508995056,0.04427525773644447,0.2911168336868286,0.06608470529317856
metered_load_mw,gen_fuel_other_renewables_mw,0.17634953558444977,0.011596011929214,0.2600068151950836,0.2703312635421753,0.18177780508995056,0.04427525773644447,0.2911168336868286,0.06608470529317856
gen_fuel_oil_pct,gen_fuel_storage_mw,0.17591571807861328,0.01623910292983055,0.22422584891319275,0.2771221995353699,0.24262318015098572,0.026745755225419998,0.28430381417274475,0.06344185024499893
gen_fuel_storage_mw,gen_fuel_oil_pct,0.17591571807861328,0.02681751921772957,0.22422584891319275,0.2771221995353699,0.24262318015098572,0.026745755225419998,0.28430381417274475,0.06344185024499893
gen_fuel_coal_mw,da_as_total_mw_primary_reserve,0.17576293647289276,0.014359738677740097,0.22460271418094635,0.19297857582569122,0.15228162705898285,0.11386565864086151,0.3122403025627136,0.09495894610881805
da_as_total_mw_primary_reserve,gen_fuel_coal_mw,0.17576293647289276,0.02411901019513607,0.22460271418094635,0.19297857582569122,0.15228162705898285,0.11386565864086151,0.3122403025627136,0.09495894610881805
gen_fuel_multiple_fuels_mw,da_as_mcp_primary_reserve,0.17559291422367096,0.01886763423681259,0.2548525333404541,0.218755304813385,0.183847576379776,0.11227738112211227,0.2925381362438202,0.047185517847537994
da_as_mcp_primary_reserve,gen_fuel_multiple_fuels_mw,0.17559291422367096,0.01872585527598858,0.2548525333404541,0.218755304813385,0.183847576379776,0.11227738112211227,0.2925381362438202,0.047185517847537994
gen_fuel_gas_mw,da_as_mcp_primary_reserve,0.17538486421108246,0.01229799073189497,0.31636562943458557,0.1872294545173645,0.11833355575799942,0.24368950724601746,0.213947594165802,0.019912004470825195
da_as_mcp_primary_reserve,gen_fuel_gas_mw,0.17538486421108246,0.01870366744697094,0.31636562943458557,0.1872294545173645,0.11833355575799942,0.24368950724601746,0.213947594165802,0.019912004470825195
gen_fuel_storage_mw,gen_fuel_nuclear_pct,0.17407481372356415,0.026536883786320686,0.2337031066417694,0.271579772233963,0.23656581342220306,0.038128674030303955,0.27309876680374146,0.054809946566820145
gen_fuel_nuclear_pct,gen_fuel_storage_mw,0.17407481372356415,0.012989427894353867,0.2337031066417694,0.271579772233963,0.23656581342220306,0.038128674030303955,0.27309876680374146,0.054809946566820145
da_as_mcp_primary_reserve,total_gen,0.1738446205854416,0.018539411947131157,0.2897006571292877,0.17753414809703827,0.11809376627206802,0.21583198010921478,0.26076173782348633,0.028474321588873863
total_gen,da_as_mcp_primary_reserve,0.1738446205854416,0.011547202244400978,0.2897006571292877,0.17753414809703827,0.11809376627206802,0.21583198010921478,0.26076173782348633,0.028474321588873863
gen_fuel_multiple_fuels_pct,congestion_price_rt,0.17381295561790466,0.02497418224811554,0.25287336111068726,0.25861313939094543,0.2172124683856964,0.035258948802948,0.28581491112709045,0.054307371377944946
congestion_price_rt,gen_fuel_multiple_fuels_pct,0.17381295561790466,0.02497352845966816,0.25287336111068726,0.25861313939094543,0.2172124683856964,0.035258948802948,0.28581491112709045,0.054307371377944946
forecast_load_mw_day_ahead,da_as_mcp_synchronized_reserve,0.17274390161037445,0.01170883234590292,0.3181685507297516,0.16241337358951569,0.09496650099754333,0.2311418652534485,0.2391289472579956,0.031174637377262115
da_as_mcp_synchronized_reserve,forecast_load_mw_day_ahead,0.17274390161037445,0.016163954511284828,0.3181685507297516,0.16241337358951569,0.09496650099754333,0.2311418652534485,0.2391289472579956,0.031174637377262115
congestion_price_rt,marginal_loss_price_da,0.17260578274726868,0.024800080806016922,0.29870399832725525,0.2087189257144928,0.16458185017108917,0.04693876951932907,0.3166092038154602,0.053151752799749374
marginal_loss_price_da,congestion_price_rt,0.17260578274726868,0.017967283725738525,0.29870399832725525,0.2087189257144928,0.16458185017108917,0.04693876951932907,0.3166092038154602,0.053151752799749374
congestion_price_rt,gen_fuel_coal_mw,0.17260195314884186,0.02479952946305275,0.2415844351053238,0.2973495125770569,0.1913156360387802,0.06892069429159164,0.2542484998703003,0.045038510113954544
gen_fuel_coal_mw,congestion_price_rt,0.17260195314884186,0.014101487584412098,0.2415844351053238,0.2973495125770569,0.1913156360387802,0.06892069429159164,0.2542484998703003,0.045038510113954544
total_pjm_reg_purchases,net_actual_interchange_mw,0.1720867156982422,0.02162751741707325,0.2832507789134979,0.2562847435474396,0.18413400650024414,0.03701946511864662,0.28332942724227905,0.04777497425675392
net_actual_interchange_mw,total_pjm_reg_purchases,0.1720867156982422,0.029555341228842735,0.2832507789134979,0.2562847435474396,0.18413400650024414,0.03701946511864662,0.28332942724227905,0.04777497425675392
net_actual_interchange_mw,system_energy_price_da,0.1715388298034668,0.029461244121193886,0.10280121117830276,0.3015482425689697,0.2403072863817215,0.08771755546331406,0.28526267409324646,0.07354426383972168
system_energy_price_da,net_actual_interchange_mw,0.1715388298034668,0.012071596458554268,0.10280121117830276,0.3015482425689697,0.2403072863817215,0.08771755546331406,0.28526267409324646,0.07354426383972168
gross_sched_interchange_mw,gen_fuel_other_renewables_mw,0.17148542404174805,0.04256366565823555,0.2740233540534973,0.2854892611503601,0.1769815981388092,0.04346557706594467,0.2648652195930481,0.04507209360599518
gen_fuel_other_renewables_mw,gross_sched_interchange_mw,0.17148542404174805,0.04689933732151985,0.2740233540534973,0.2854892611503601,0.1769815981388092,0.04346557706594467,0.2648652195930481,0.04507209360599518
da_as_total_mw_primary_reserve,metered_load_mw,0.1709079146385193,0.02345278114080429,0.2612135410308838,0.2609202265739441,0.1766265630722046,0.07363047450780869,0.26955288648605347,0.042765237390995026
metered_load_mw,da_as_total_mw_primary_reserve,0.1709079146385193,0.01123819313943386,0.2612135410308838,0.2609202265739441,0.1766265630722046,0.07363047450780869,0.26955288648605347,0.042765237390995026
gen_fuel_gas_mw,total_pjm_rmccp_cr,0.17083990573883057,0.011979297734797001,0.08292001485824585,0.17970572412014008,0.12476690113544464,0.43459537625312805,0.21309882402420044,0.032208945602178574
total_pjm_rmccp_cr,gen_fuel_gas_mw,0.17083990573883057,0.016100943088531494,0.08292001485824585,0.17970572412014008,0.12476690113544464,0.43459537625312805,0.21309882402420044,0.032208945602178574
gen_fuel_coal_mw,gen_fuel_multiple_fuels_mw,0.1707959771156311,0.013953940942883492,0.3084336519241333,0.291185200214386,0.14150559902191162,0.07489313930273056,0.22881139814853668,0.03718703240156174
gen_fuel_multiple_fuels_mw,gen_fuel_coal_mw,0.1707959771156311,0.018352199345827103,0.3084336519241333,0.291185200214386,0.14150559902191162,0.07489313930273056,0.22881139814853668,0.03718703240156174
gross_actual_interchange_mw,total_pjm_assigned_reg,0.17056065797805786,0.025655163452029228,0.2996780574321747,0.31270235776901245,0.17482945322990417,0.02079308219254017,0.24936258792877197,0.03247034549713135
total_pjm_assigned_reg,gross_actual_interchange_mw,0.17056065797805786,0.030528632923960686,0.2996780574321747,0.31270235776901245,0.17482945322990417,0.02079308219254017,0.24936258792877197,0.03247034549713135
gen_fuel_wind_mw,gen_fuel_multiple_fuels_pct,0.17047171294689178,0.04618055373430252,0.24933336675167084,0.2804219722747803,0.18694467842578888,0.04075941443443298,0.26514333486557007,0.05773347243666649
gen_fuel_multiple_fuels_pct,gen_fuel_wind_mw,0.17047171294689178,0.024494098499417305,0.24933336675167084,0.2804219722747803,0.18694467842578888,0.04075941443443298,0.26514333486557007,0.05773347243666649
total_pjm_loc_credit,gen_fuel_oil_mw,0.17042896151542664,0.031896620988845825,0.289318323135376,0.17792965471744537,0.16172699630260468,0.17751935124397278,0.22102001309394836,0.040141332894563675
gen_fuel_oil_mw,total_pjm_loc_credit,0.17042896151542664,0.013510478660464287,0.289318323135376,0.17792965471744537,0.16172699630260468,0.17751935124397278,0.22102001309394836,0.040141332894563675
total_pjm_loc_credit,gen_fuel_hydro_pct,0.17014947533607483,0.03184431418776512,0.18133914470672607,0.28841736912727356,0.20528365671634674,0.10308507084846497,0.2604313790798187,0.045778173953294754
gen_fuel_hydro_pct,total_pjm_loc_credit,0.17014947533607483,0.022215353325009346,0.18133914470672607,0.28841736912727356,0.20528365671634674,0.10308507084846497,0.2604313790798187,0.045778173953294754
forecast_load_mw_latest_available,gen_fuel_other_renewables_mw,0.17010284960269928,0.011294892057776451,0.2620607614517212,0.27185630798339844,0.16999955475330353,0.04286663234233856,0.2676975727081299,0.06030967831611633
gen_fuel_other_renewables_mw,forecast_load_mw_latest_available,0.17010284960269928,0.04652121663093567,0.2620607614517212,0.27185630798339844,0.16999955475330353,0.04286663234233856,0.2676975727081299,0.06030967831611633
rmpcp,gen_fuel_hydro_mw,0.1699424535036087,0.04580385982990265,0.2034894824028015,0.3144392967224121,0.1863212287425995,0.09779616445302963,0.2358035296201706,0.044470153748989105
gen_fuel_hydro_mw,rmpcp,0.1699424535036087,0.017622752115130424,0.2034894824028015,0.3144392967224121,0.1863212287425995,0.09779616445302963,0.2358035296201706,0.044470153748989105
total_pjm_assigned_reg,gen_fuel_multiple_fuels_mw,0.1695820689201355,0.030353475362062454,0.2629728615283966,0.2576371431350708,0.19145725667476654,0.032603804022073746,0.2842487096786499,0.048555441200733185
gen_fuel_multiple_fuels_mw,total_pjm_assigned_reg,0.1695820689201355,0.018221763893961906,0.2629728615283966,0.2576371431350708,0.19145725667476654,0.032603804022073746,0.2842487096786499,0.048555441200733185
total_pjm_reg_purchases,da_as_total_mw_thirty_minutes_reserve,0.1695454865694046,0.021308140829205513,0.24291777610778809,0.2414812296628952,0.20312470197677612,0.05687575787305832,0.28870686888694763,0.04501202329993248
da_as_total_mw_thirty_minutes_reserve,total_pjm_reg_purchases,0.1695454865694046,0.020343342795968056,0.24291777610778809,0.2414812296628952,0.20312470197677612,0.05687575787305832,0.28870686888694763,0.04501202329993248
gen_fuel_coal_mw,gen_fuel_wind_pct,0.16941022872924805,0.013840725645422935,0.2751125395298004,0.25972914695739746,0.17277158796787262,0.050045087933540344,0.2687506079673767,0.047330908477306366
gen_fuel_wind_pct,gen_fuel_coal_mw,0.16941022872924805,0.030798381194472313,0.2751125395298004,0.25972914695739746,0.17277158796787262,0.050045087933540344,0.2687506079673767,0.047330908477306366
total_pjm_rmpcp_cr,gen_fuel_multiple_fuels_mw,0.16933663189411163,0.041805848479270935,0.18520782887935638,0.2656905949115753,0.20396541059017181,0.09481608867645264,0.2713789939880371,0.05408872291445732
gen_fuel_multiple_fuels_mw,total_pjm_rmpcp_cr,0.16933663189411163,0.018195390701293945,0.18520782887935638,0.2656905949115753,0.20396541059017181,0.09481608867645264,0.2713789939880371,0.05408872291445732
gen_fuel_multiple_fuels_pct,gen_fuel_wind_pct,0.16908010840415955,0.02429414726793766,0.23584404587745667,0.28080469369888306,0.19276078045368195,0.035720907151699066,0.2637113034725189,0.06224743649363518
gen_fuel_wind_pct,gen_fuel_multiple_fuels_pct,0.16908010840415955,0.030738364905118942,0.23584404587745667,0.28080469369888306,0.19276078045368195,0.035720907151699066,0.2637113034725189,0.06224743649363518
da_as_total_mw_synchronized_reserve,gen_fuel_gas_pct,0.1688496470451355,0.02887152135372162,0.24125118553638458,0.26703014969825745,0.17734181880950928,0.07336163520812988,0.2603110373020172,0.050545357167720795
gen_fuel_gas_pct,da_as_total_mw_synchronized_reserve,0.1688496470451355,0.020057590678334236,0.24125118553638458,0.26703014969825745,0.17734181880950928,0.07336163520812988,0.2603110373020172,0.050545357167720795
gen_fuel_solar_mw,total_pjm_reg_purchases,0.16880597174167633,0.043511535972356796,0.3057654798030853,0.1933414340019226,0.11351940035820007,0.061077896505594254,0.2952207028865814,0.07967454940080643
total_pjm_reg_purchases,gen_fuel_solar_mw,0.16880597174167633,0.021215200424194336,0.3057654798030853,0.1933414340019226,0.11351940035820007,0.061077896505594254,0.2952207028865814,0.07967454940080643
gen_fuel_gas_pct,da_as_mcp_synchronized_reserve,0.1686944216489792,0.020039152354002,0.19773165881633759,0.2143806517124176,0.15583541989326477,0.21512484550476074,0.24752818048000336,0.03394777700304985
da_as_mcp_synchronized_reserve,gen_fuel_gas_pct,0.1686944216489792,0.015785038471221924,0.19773165881633759,0.2143806517124176,0.15583541989326477,0.21512484550476074,0.24752818048000336,0.03394777700304985
gen_fuel_gas_pct,system_energy_price_da,0.16853120923042297,0.020019764080643654,0.21842458844184875,0.2410792112350464,0.19780315458774567,0.059881117194890976,0.2969166338443756,0.0548645481467247
system_energy_price_da,gen_fuel_gas_pct,0.16853120923042297,0.01185994315892458,0.21842458844184875,0.2410792112350464,0.19780315458774567,0.059881117194890976,0.2969166338443756,0.0548645481467247
gen_fuel_nuclear_mw,gen_fuel_nuclear_pct,0.16828790307044983,0.017516985535621643,0.2474985122680664,0.24916669726371765,0.13032321631908417,0.10964945703744888,0.2618441879749298,0.05854979157447815
gen_fuel_nuclear_pct,gen_fuel_nuclear_mw,0.16828790307044983,0.01255760993808508,0.2474985122680664,0.24916669726371765,0.13032321631908417,0.10964945703744888,0.2618441879749298,0.05854979157447815
total_pjm_rmccp_cr,gen_fuel_nuclear_mw,0.16803239285945892,0.01583634689450264,0.04380885511636734,0.0472295917570591,0.005512085277587175,0.852748692035675,0.06532295048236847,0.0039200265891849995
gen_fuel_nuclear_mw,total_pjm_rmccp_cr,0.16803239285945892,0.017490388825535774,0.04380885511636734,0.0472295917570591,0.005512085277587175,0.852748692035675,0.06532295048236847,0.0039200265891849995
gross_sched_interchange_mw,gen_fuel_gas_mw,0.16787025332450867,0.04166635870933533,0.2725984454154968,0.271004319190979,0.18358078598976135,0.023159043863415718,0.26285040378570557,0.051834288984537125
gen_fuel_gas_mw,gross_sched_interchange_mw,0.16787025332450867,0.01177106611430645,0.2725984454154968,0.271004319190979,0.18358078598976135,0.023159043863415718,0.26285040378570557,0.051834288984537125
forecast_load_mw_latest_available,da_as_total_mw_primary_reserve,0.16759677231311798,0.011128487065434456,0.2512485384941101,0.2530841529369354,0.16100046038627625,0.07936041802167892,0.2716416120529175,0.04529102146625519
da_as_total_mw_primary_reserve,forecast_load_mw_latest_available,0.16759677231311798,0.02299841120839119,0.2512485384941101,0.2530841529369354,0.16100046038627625,0.07936041802167892,0.2716416120529175,0.04529102146625519
gross_sched_interchange_mw,total_gen,0.16742099821567535,0.04155484959483147,0.28613975644111633,0.2754113972187042,0.181067556142807,0.020461756736040115,0.26057514548301697,0.04184823855757713
total_gen,gross_sched_interchange_mw,0.16742099821567535,0.011120528914034367,0.28613975644111633,0.2754113972187042,0.181067556142807,0.020461756736040115,0.26057514548301697,0.04184823855757713
total_pjm_rmccp_cr,gross_inadv_interchange_mw,0.1673976331949234,0.01577652245759964,0.05570700392127037,0.22502844035625458,0.19004349410533905,0.31972938776016235,0.22929474711418152,0.03839218616485596
gross_inadv_interchange_mw,total_pjm_rmccp_cr,0.1673976331949234,0.022770773619413376,0.05570700392127037,0.22502844035625458,0.19004349410533905,0.31972938776016235,0.22929474711418152,0.03839218616485596
da_as_as_req_mw_thirty_minutes_reserve,total_losses,0.16727836430072784,0.022120105102658272,0.21973729133605957,0.24762608110904694,0.21870890259742737,0.13320259749889374,0.21827782690525055,0.028361022472381592
total_losses,da_as_as_req_mw_thirty_minutes_reserve,0.16727836430072784,0.017265040427446365,0.21973729133605957,0.24762608110904694,0.21870890259742737,0.13320259749889374,0.21827782690525055,0.028361022472381592
total_pjm_rmccp_cr,total_gen,0.167232945561409,0.015761002898216248,0.08630293607711792,0.19068948924541473,0.1266068071126938,0.41308027505874634,0.20492202043533325,0.02654990553855896
total_gen,total_pjm_rmccp_cr,0.167232945561409,0.011108038015663624,0.08630293607711792,0.19068948924541473,0.1266068071126938,0.41308027505874634,0.20492202043533325,0.02654990553855896
gen_fuel_coal_pct,gen_fuel_solar_pct,0.16687843203544617,0.0193653404712677,0.3127475380897522,0.2511241137981415,0.15188269317150116,0.06792809814214706,0.24072147905826569,0.03306484594941139
gen_fuel_solar_pct,gen_fuel_coal_pct,0.16687843203544617,0.043157823383808136,0.3127475380897522,0.2511241137981415,0.15188269317150116,0.06792809814214706,0.24072147905826569,0.03306484594941139
net_actual_interchange_mw,marginal_loss_price_rt,0.16638939082622528,0.028576843440532684,0.1436212807893753,0.27894535660743713,0.1935189664363861,0.16849370300769806,0.23074661195278168,0.042445819824934006
marginal_loss_price_rt,net_actual_interchange_mw,0.16638939082622528,0.011385003104805946,0.1436212807893753,0.27894535660743713,0.1935189664363861,0.16849370300769806,0.23074661195278168,0.042445819824934006
gross_sched_interchange_mw,gen_fuel_coal_pct,0.16547666490077972,0.04107225686311722,0.2329147756099701,0.24362713098526,0.18294094502925873,0.04371844604611397,0.29028749465942383,0.055204764008522034
gen_fuel_coal_pct,gross_sched_interchange_mw,0.16547666490077972,0.01920267380774021,0.2329147756099701,0.24362713098526,0.18294094502925873,0.04371844604611397,0.29028749465942383,0.055204764008522034
net_actual_interchange_mw,total_pjm_assigned_reg,0.16534307599067688,0.02839714288711548,0.27969712018966675,0.2595809996128082,0.16786353290081024,0.03237541764974594,0.2719131112098694,0.039939913898706436
total_pjm_assigned_reg,net_actual_interchange_mw,0.16534307599067688,0.02959473803639412,0.27969712018966675,0.2595809996128082,0.16786353290081024,0.03237541764974594,0.2719131112098694,0.039939913898706436
gen_fuel_storage_mw,gen_fuel_oil_mw,0.16534200310707092,0.02520560659468174,0.21246324479579926,0.28721410036087036,0.2011142522096634,0.04523653909564018,0.24220675230026245,0.060620345175266266
gen_fuel_oil_mw,gen_fuel_storage_mw,0.16534200310707092,0.013107217848300934,0.21246324479579926,0.28721410036087036,0.2011142522096634,0.04523653909564018,0.24220675230026245,0.060620345175266266
da_as_mcp_synchronized_reserve,gen_fuel_nuclear_mw,0.1651173233985901,0.01545032300055027,0.05690121278166771,0.20910833775997162,0.1448933631181717,0.42589154839515686,0.17203426361083984,0.027460036799311638
gen_fuel_nuclear_mw,da_as_mcp_synchronized_reserve,0.1651173233985901,0.017186962068080902,0.05690121278166771,0.20910833775997162,0.1448933631181717,0.42589154839515686,0.17203426361083984,0.027460036799311638
gen_fuel_other_renewables_mw,total_pjm_self_sched_reg,0.1646186113357544,0.04502134025096893,0.2476973831653595,0.2648085653781891,0.19154834747314453,0.017048606649041176,0.2797107398509979,0.04755866155028343
total_pjm_self_sched_reg,gen_fuel_other_renewables_mw,0.1646186113357544,0.08267626911401749,0.2476973831653595,0.2648085653781891,0.19154834747314453,0.017048606649041176,0.2797107398509979,0.04755866155028343
gen_fuel_nuclear_pct,total_pjm_loc_credit,0.1645401567220688,0.012277953326702118,0.18856137990951538,0.24463006854057312,0.17520952224731445,0.16797961294651031,0.22722505033016205,0.03836654871702194
total_pjm_loc_credit,gen_fuel_nuclear_pct,0.1645401567220688,0.030794501304626465,0.18856137990951538,0.24463006854057312,0.17520952224731445,0.16797961294651031,0.22722505033016205,0.03836654871702194
da_as_total_mw_synchronized_reserve,gen_fuel_nuclear_mw,0.16448722779750824,0.028125593438744545,0.24059249460697174,0.22514891624450684,0.11213617771863937,0.22358697652816772,0.2004740685224533,0.030889255926012993
gen_fuel_nuclear_mw,da_as_total_mw_synchronized_reserve,0.16448722779750824,0.01712137460708618,0.24059249460697174,0.22514891624450684,0.11213617771863937,0.22358697652816772,0.2004740685224533,0.030889255926012993
gross_inadv_interchange_mw,gen_fuel_oil_pct,0.16432823240756989,0.02235325053334236,0.3378293216228485,0.21171283721923828,0.14010140299797058,0.03260337933897972,0.2778436541557312,0.03810587152838707
gen_fuel_oil_pct,gross_inadv_interchange_mw,0.16432823240756989,0.01516943983733654,0.3378293216228485,0.21171283721923828,0.14010140299797058,0.03260337933897972,0.2778436541557312,0.03810587152838707
da_as_total_mw_primary_reserve,forecast_load_mw_day_ahead,0.16428793966770172,0.022544357925653458,0.23821917176246643,0.24152731895446777,0.15350978076457977,0.07800133526325226,0.2698635458946228,0.055253852158784866
forecast_load_mw_day_ahead,da_as_total_mw_primary_reserve,0.16428793966770172,0.011135675013065338,0.23821917176246643,0.24152731895446777,0.15350978076457977,0.07800133526325226,0.2698635458946228,0.055253852158784866
da_as_total_mw_synchronized_reserve,forecast_load_mw_day_ahead,0.16335739195346832,0.02793240360915661,0.25689950585365295,0.2549845278263092,0.1585581749677658,0.08007650822401047,0.24456623196601868,0.04029587283730507
forecast_load_mw_day_ahead,da_as_total_mw_synchronized_reserve,0.16335739195346832,0.011072601191699505,0.25689950585365295,0.2549845278263092,0.1585581749677658,0.08007650822401047,0.24456623196601868,0.04029587283730507
metered_load_mw,total_pjm_reg_purchases,0.16274280846118927,0.010701289400458336,0.23613780736923218,0.2494741827249527,0.17666944861412048,0.041592296212911606,0.27385830879211426,0.053623124957084656
total_pjm_reg_purchases,metered_load_mw,0.16274280846118927,0.0204531941562891,0.23613780736923218,0.2494741827249527,0.17666944861412048,0.041592296212911606,0.27385830879211426,0.053623124957084656
gen_fuel_storage_mw,da_as_total_mw_thirty_minutes_reserve,0.16261978447437286,0.02479061856865883,0.2742963433265686,0.2886897921562195,0.18669642508029938,0.042323995381593704,0.2162359356880188,0.030283024534583092
da_as_total_mw_thirty_minutes_reserve,gen_fuel_storage_mw,0.16261978447437286,0.019512344151735306,0.2742963433265686,0.2886897921562195,0.18669642508029938,0.042323995381593704,0.2162359356880188,0.030283024534583092
marginal_loss_price_rt,da_as_nsr_mw_primary_reserve,0.16251829266548157,0.011120128445327282,0.003449011128395796,0.062060147523880005,0.02901274338364601,0.8244168758392334,0.06674392521381378,0.003954435233026743
da_as_nsr_mw_primary_reserve,marginal_loss_price_rt,0.16251829266548157,0.03822019696235657,0.003449011128395796,0.062060147523880005,0.02901274338364601,0.8244168758392334,0.06674392521381378,0.003954435233026743
da_as_as_req_mw_primary_reserve,gross_sched_interchange_mw,0.1614704430103302,0.020617270842194557,0.2344164252281189,0.2790510654449463,0.19644400477409363,0.06597844511270523,0.22114498913288116,0.03376563638448715
gross_sched_interchange_mw,da_as_as_req_mw_primary_reserve,0.1614704430103302,0.04007788747549057,0.2344164252281189,0.2790510654449463,0.19644400477409363,0.06597844511270523,0.22114498913288116,0.03376563638448715
gen_fuel_storage_mw,total_pjm_rmccp_cr,0.1610018014907837,0.024543963372707367,0.1768551468849182,0.2043580710887909,0.20281969010829926,0.0589686781167984,0.2895984649658203,0.07927332818508148
total_pjm_rmccp_cr,gen_fuel_storage_mw,0.1610018014907837,0.015173743478953838,0.1768551468849182,0.2043580710887909,0.20281969010829926,0.0589686781167984,0.2895984649658203,0.07927332818508148
gen_fuel_solar_pct,gross_actual_interchange_mw,0.16086742281913757,0.041603267192840576,0.27645838260650635,0.21413978934288025,0.17234303057193756,0.03525334596633911,0.27252396941185,0.047034285962581635
gross_actual_interchange_mw,gen_fuel_solar_pct,0.16086742281913757,0.024197138845920563,0.27645838260650635,0.21413978934288025,0.17234303057193756,0.03525334596633911,0.27252396941185,0.047034285962581635
gen_fuel_solar_pct,total_pjm_rmccp_cr,0.16083577275276184,0.041595082730054855,0.036810267716646194,0.1284862607717514,0.14533907175064087,0.47014814615249634,0.18896549940109253,0.03187458589673042
total_pjm_rmccp_cr,gen_fuel_solar_pct,0.16083577275276184,0.015158095397055149,0.036810267716646194,0.1284862607717514,0.14533907175064087,0.47014814615249634,0.18896549940109253,0.03187458589673042
gen_fuel_gas_mw,gen_fuel_hydro_pct,0.16031773388385773,0.011241482570767403,0.2803277373313904,0.1844184696674347,0.14091907441616058,0.058324236422777176,0.28600549697875977,0.05608207732439041
gen_fuel_hydro_pct,gen_fuel_gas_mw,0.16031773388385773,0.020931683480739594,0.2803277373313904,0.1844184696674347,0.14091907441616058,0.058324236422777176,0.28600549697875977,0.05608207732439041
gross_inadv_interchange_mw,congestion_price_da,0.1603039652109146,0.021805835887789726,0.23743636906147003,0.17152032256126404,0.15343619883060455,0.08909383416175842,0.3186742067337036,0.042580608278512955
congestion_price_da,gross_inadv_interchange_mw,0.1603039652109146,0.02481739968061447,0.23743636906147003,0.17152032256126404,0.15343619883060455,0.08909383416175842,0.3186742067337036,0.042580608278512955
gen_fuel_hydro_pct,total_gen,0.16026964783668518,0.020925406366586685,0.26675480604171753,0.2246704399585724,0.1553581953048706,0.05822949483990669,0.27056068181991577,0.039925094693899155
total_gen,gen_fuel_hydro_pct,0.16026964783668518,0.010645518079400063,0.26675480604171753,0.2246704399585724,0.1553581953048706,0.05822949483990669,0.27056068181991577,0.039925094693899155
da_as_total_mw_primary_reserve,da_as_mcp_synchronized_reserve,0.1602146327495575,0.02198539860546589,0.08364655077457428,0.1242554634809494,0.11718519032001495,0.5019113421440125,0.15327630937099457,0.016088124364614487
da_as_mcp_synchronized_reserve,da_as_total_mw_primary_reserve,0.1602146327495575,0.014991569332778454,0.08364655077457428,0.1242554634809494,0.11718519032001495,0.5019113421440125,0.15327630937099457,0.016088124364614487
gen_fuel_solar_mw,da_as_ss_mw_primary_reserve,0.16000768542289734,0.04124368354678154,0.20758263766765594,0.23284463584423065,0.15691591799259186,0.20255126059055328,0.18930242955684662,0.023645974695682526
da_as_ss_mw_primary_reserve,gen_fuel_solar_mw,0.16000768542289734,0.0338369645178318,0.20758263766765594,0.23284463584423065,0.15691591799259186,0.20255126059055328,0.18930242955684662,0.023645974695682526
da_as_mcp_synchronized_reserve,da_as_ss_mw_primary_reserve,0.15976104140281677,0.014949126169085503,0.07913220673799515,0.13187110424041748,0.1077343225479126,0.4118582606315613,0.19954760372638702,0.05517393350601196
da_as_ss_mw_primary_reserve,da_as_mcp_synchronized_reserve,0.15976104140281677,0.03378480672836304,0.07913220673799515,0.13187110424041748,0.1077343225479126,0.4118582606315613,0.19954760372638702,0.05517393350601196
gen_fuel_nuclear_pct,gross_actual_interchange_mw,0.1595361977815628,0.011904559098184109,0.2687479853630066,0.2708505094051361,0.16951148211956024,0.03063179925084114,0.24497728049755096,0.03303702548146248
gross_actual_interchange_mw,gen_fuel_nuclear_pct,0.1595361977815628,0.023996900767087936,0.2687479853630066,0.2708505094051361,0.16951148211956024,0.03063179925084114,0.24497728049755096,0.03303702548146248
gen_fuel_nuclear_mw,gen_fuel_multiple_fuels_pct,0.15884055197238922,0.016533616930246353,0.23880088329315186,0.18162719905376434,0.1460508108139038,0.17954321205615997,0.2234707623720169,0.03039184771478176
gen_fuel_multiple_fuels_pct,gen_fuel_nuclear_mw,0.15884055197238922,0.02282288484275341,0.23880088329315186,0.18162719905376434,0.1460508108139038,0.17954321205615997,0.2234707623720169,0.03039184771478176
total_pjm_loc_credit,total_lmp_da,0.15870027244091034,0.029701538383960724,0.24230538308620453,0.23022405803203583,0.1420815885066986,0.0924171656370163,0.25294116139411926,0.04279528930783272
total_lmp_da,total_pjm_loc_credit,0.15870027244091034,0.010930485092103481,0.24230538308620453,0.23022405803203583,0.1420815885066986,0.0924171656370163,0.25294116139411926,0.04279528930783272
da_as_total_mw_primary_reserve,gen_fuel_gas_pct,0.15846064686775208,0.021744709461927414,0.25406184792518616,0.24119895696640015,0.15152747929096222,0.05887698382139206,0.2545009255409241,0.043407317250967026
gen_fuel_gas_pct,da_as_total_mw_primary_reserve,0.15846064686775208,0.01882348582148552,0.25406184792518616,0.24119895696640015,0.15152747929096222,0.05887698382139206,0.2545009255409241,0.043407317250967026
total_gen,gen_fuel_storage_mw,0.15822573006153107,0.010509755462408066,0.23115310072898865,0.25243332982063293,0.20343048870563507,0.05140352621674538,0.23929031193256378,0.03314125910401344
gen_fuel_storage_mw,total_gen,0.15822573006153107,0.024120764806866646,0.23115310072898865,0.25243332982063293,0.20343048870563507,0.05140352621674538,0.23929031193256378,0.03314125910401344
congestion_price_rt,gen_fuel_storage_mw,0.15812668204307556,0.022719716653227806,0.20124873518943787,0.21768520772457123,0.22748963534832,0.03597843274474144,0.26446059346199036,0.05682554841041565
gen_fuel_storage_mw,congestion_price_rt,0.15812668204307556,0.02410566620528698,0.20124873518943787,0.21768520772457123,0.22748963534832,0.03597843274474144,0.26446059346199036,0.05682554841041565
total_pjm_rmccp_cr,total_losses,0.15786689519882202,0.014878291636705399,0.11393330246210098,0.21387405693531036,0.1549750715494156,0.2702540159225464,0.20527848601341248,0.03640951216220856
total_losses,total_pjm_rmccp_cr,0.15786689519882202,0.016293669119477272,0.11393330246210098,0.21387405693531036,0.1549750715494156,0.2702540159225464,0.20527848601341248,0.03640951216220856
da_as_total_mw_synchronized_reserve,gen_fuel_gas_mw,0.15761040151119232,0.026949727907776833,0.22666911780834198,0.24942414462566376,0.16335436701774597,0.08186464756727219,0.23742946982383728,0.041085511445999146
gen_fuel_gas_mw,da_as_total_mw_synchronized_reserve,0.15761040151119232,0.011051644571125507,0.22666911780834198,0.24942414462566376,0.16335436701774597,0.08186464756727219,0.23742946982383728,0.041085511445999146
gen_fuel_coal_mw,congestion_price_da,0.15759535133838654,0.012875456362962723,0.2738858759403229,0.13261699676513672,0.09950777143239975,0.137778177857399,0.29939505457878113,0.041804324835538864
congestion_price_da,gen_fuel_coal_mw,0.15759535133838654,0.024398066103458405,0.2738858759403229,0.13261699676513672,0.09950777143239975,0.137778177857399,0.29939505457878113,0.041804324835538864
gross_sched_interchange_mw,da_as_as_req_mw_synchronized_reserve,0.15734614431858063,0.03905421495437622,0.19372422993183136,0.23301391303539276,0.22846737504005432,0.05520394816994667,0.2532409727573395,0.04106968641281128
da_as_as_req_mw_synchronized_reserve,gross_sched_interchange_mw,0.15734614431858063,0.019619576632976532,0.19372422993183136,0.23301391303539276,0.22846737504005432,0.05520394816994667,0.2532409727573395,0.04106968641281128
da_as_ss_mw_synchronized_reserve,gen_fuel_multiple_fuels_mw,0.15627478063106537,0.03252137452363968,0.2136031538248062,0.22664238512516022,0.15561284124851227,0.10543762892484665,0.2370469868183136,0.04788549616932869
gen_fuel_multiple_fuels_mw,da_as_ss_mw_synchronized_reserve,0.15627478063106537,0.01679188199341297,0.2136031538248062,0.22664238512516022,0.15561284124851227,0.10543762892484665,0.2370469868183136,0.04788549616932869
gen_fuel_gas_pct,gen_fuel_multiple_fuels_pct,0.15589392185211182,0.018518585711717606,0.2213446944952011,0.2448560893535614,0.17838989198207855,0.02843555249273777,0.25884443521499634,0.05598514899611473
gen_fuel_multiple_fuels_pct,gen_fuel_gas_pct,0.15589392185211182,0.022399500012397766,0.2213446944952011,0.2448560893535614,0.17838989198207855,0.02843555249273777,0.25884443521499634,0.05598514899611473
gen_fuel_coal_mw,gen_fuel_gas_pct,0.15581347048282623,0.012729877606034279,0.21632419526576996,0.21994656324386597,0.162386953830719,0.05691036954522133,0.26419520378112793,0.061736226081848145
gen_fuel_gas_pct,gen_fuel_coal_mw,0.15581347048282623,0.0185090284794569,0.21632419526576996,0.21994656324386597,0.162386953830719,0.05691036954522133,0.26419520378112793,0.061736226081848145
total_pjm_reg_purchases,gross_inadv_interchange_mw,0.15537665784358978,0.019527429714798927,0.23803631961345673,0.2560552954673767,0.17556296288967133,0.029625674709677696,0.2508500814437866,0.039924345910549164
gross_inadv_interchange_mw,total_pjm_reg_purchases,0.15537665784358978,0.021135585382580757,0.23803631961345673,0.2560552954673767,0.17556296288967133,0.029625674709677696,0.2508500814437866,0.039924345910549164
da_as_as_req_mw_primary_reserve,gen_fuel_coal_pct,0.15513262152671814,0.019808027893304825,0.09318418800830841,0.15024660527706146,0.1277879774570465,0.1894187480211258,0.2697252929210663,0.11803476512432098
gen_fuel_coal_pct,da_as_as_req_mw_primary_reserve,0.15513262152671814,0.018002303317189217,0.09318418800830841,0.15024660527706146,0.1277879774570465,0.1894187480211258,0.2697252929210663,0.11803476512432098
gen_fuel_wind_mw,gen_fuel_oil_mw,0.1547735035419464,0.04192792996764183,0.2200099676847458,0.27056872844696045,0.17719988524913788,0.08014336973428726,0.20852790772914886,0.030883915722370148
gen_fuel_oil_mw,gen_fuel_wind_mw,0.1547735035419464,0.012269417755305767,0.2200099676847458,0.27056872844696045,0.17719988524913788,0.08014336973428726,0.20852790772914886,0.030883915722370148
gen_fuel_storage_mw,forecast_load_mw_latest_available,0.15472283959388733,0.02358676679432392,0.23512272536754608,0.26234811544418335,0.19338741898536682,0.044833045452833176,0.2188265472650528,0.03348662704229355
forecast_load_mw_latest_available,gen_fuel_storage_mw,0.15472283959388733,0.010273653082549572,0.23512272536754608,0.26234811544418335,0.19338741898536682,0.044833045452833176,0.2188265472650528,0.03348662704229355
metered_load_mw,rmccp,0.15467022359371185,0.010170469991862774,0.1424112170934677,0.21374064683914185,0.15735113620758057,0.22871409356594086,0.21306896209716797,0.024861576035618782
rmccp,metered_load_mw,0.15467022359371185,0.017374122515320778,0.1424112170934677,0.21374064683914185,0.15735113620758057,0.22871409356594086,0.21306896209716797,0.024861576035618782
gen_fuel_nuclear_pct,da_as_as_req_mw_thirty_minutes_reserve,0.15444321930408478,0.011524521745741367,0.2380753606557846,0.21622465550899506,0.16500580310821533,0.082706980407238,0.2293339967727661,0.04429038241505623
da_as_as_req_mw_thirty_minutes_reserve,gen_fuel_nuclear_pct,0.15444321930408478,0.02042284607887268,0.2380753606557846,0.21622465550899506,0.16500580310821533,0.082706980407238,0.2293339967727661,0.04429038241505623
da_as_ss_mw_synchronized_reserve,gen_fuel_solar_mw,0.15387850999832153,0.03202269971370697,0.2021285891532898,0.22346056997776031,0.14419803023338318,0.18385706841945648,0.19220669567584991,0.026981748640537262
gen_fuel_solar_mw,da_as_ss_mw_synchronized_reserve,0.15387850999832153,0.03966382518410683,0.2021285891532898,0.22346056997776031,0.14419803023338318,0.18385706841945648,0.19220669567584991,0.026981748640537262
gen_fuel_other_renewables_pct,gross_actual_interchange_mw,0.15386493504047394,0.014278140850365162,0.23297005891799927,0.2213960438966751,0.19423039257526398,0.04899608716368675,0.25154241919517517,0.03237424045801163
gross_actual_interchange_mw,gen_fuel_other_renewables_pct,0.15386493504047394,0.023143848404288292,0.23297005891799927,0.2213960438966751,0.19423039257526398,0.04899608716368675,0.25154241919517517,0.03237424045801163
total_losses,gen_fuel_wind_mw,0.1535395234823227,0.015847034752368927,0.23143146932125092,0.21414531767368317,0.1648312658071518,0.029130809009075165,0.27998822927474976,0.05228973180055618
gen_fuel_wind_mw,total_losses,0.1535395234823227,0.04159364849328995,0.23143146932125092,0.21414531767368317,0.1648312658071518,0.029130809009075165,0.27998822927474976,0.05228973180055618
gen_fuel_coal_mw,rmccp,0.15334832668304443,0.012528477236628532,0.11933465301990509,0.23270468413829803,0.12879636883735657,0.31386053562164307,0.1586095690727234,0.01592918671667576
rmccp,gen_fuel_coal_mw,0.15334832668304443,0.017225632444024086,0.11933465301990509,0.23270468413829803,0.12879636883735657,0.31386053562164307,0.1586095690727234,0.01592918671667576
gen_fuel_multiple_fuels_pct,da_as_ss_mw_thirty_minutes_reserve,0.15318003296852112,0.022009557113051414,0.22090812027454376,0.22253386676311493,0.17026305198669434,0.07706142961978912,0.24073462188243866,0.040062665939331055
da_as_ss_mw_thirty_minutes_reserve,gen_fuel_multiple_fuels_pct,0.15318003296852112,0.034726761281490326,0.22090812027454376,0.22253386676311493,0.17026305198669434,0.07706142961978912,0.24073462188243866,0.040062665939331055
gen_fuel_oil_pct,gen_fuel_coal_pct,0.1531476229429245,0.014137337915599346,0.27326837182044983,0.20988820493221283,0.1435394436120987,0.05674251541495323,0.2516241669654846,0.034762512892484665
gen_fuel_coal_pct,gen_fuel_oil_pct,0.1531476229429245,0.017771955579519272,0.27326837182044983,0.20988820493221283,0.1435394436120987,0.05674251541495323,0.2516241669654846,0.034762512892484665
marginal_loss_price_da,total_pjm_loc_credit,0.15261557698249817,0.015886416658759117,0.2542712688446045,0.2181931436061859,0.12608271837234497,0.1009555533528328,0.2455933541059494,0.02347749099135399
total_pjm_loc_credit,marginal_loss_price_da,0.15261557698249817,0.0285627581179142,0.2542712688446045,0.2181931436061859,0.12608271837234497,0.1009555533528328,0.2455933541059494,0.02347749099135399
gen_fuel_wind_pct,da_as_as_req_mw_thirty_minutes_reserve,0.1525464802980423,0.027732590213418007,0.24482175707817078,0.21139174699783325,0.14801056683063507,0.07886113226413727,0.23154057562351227,0.046708811074495316
da_as_as_req_mw_thirty_minutes_reserve,gen_fuel_wind_pct,0.1525464802980423,0.020172029733657837,0.24482175707817078,0.21139174699783325,0.14801056683063507,0.07886113226413727,0.23154057562351227,0.046708811074495316
total_pjm_assigned_reg,gen_fuel_storage_mw,0.15204237401485443,0.02721404656767845,0.20431740581989288,0.23271740972995758,0.1993798315525055,0.0351983867585659,0.24447526037693024,0.050103724002838135
gen_fuel_storage_mw,total_pjm_assigned_reg,0.15204237401485443,0.023178141564130783,0.20431740581989288,0.23271740972995758,0.1993798315525055,0.0351983867585659,0.24447526037693024,0.050103724002838135
gen_fuel_hydro_pct,forecast_load_mw_day_ahead,0.15194405615329742,0.01983838528394699,0.2351055145263672,0.2025916576385498,0.16632765531539917,0.045322105288505554,0.27055326104164124,0.04322432726621628
forecast_load_mw_day_ahead,gen_fuel_hydro_pct,0.15194405615329742,0.010298988781869411,0.2351055145263672,0.2025916576385498,0.16632765531539917,0.045322105288505554,0.27055326104164124,0.04322432726621628
total_losses,congestion_price_da,0.15152685344219208,0.015639305114746094,0.2739717364311218,0.07755450904369354,0.07404081523418427,0.13102632761001587,0.3262430727481842,0.05501781776547432
congestion_price_da,total_losses,0.15152685344219208,0.0234585739672184,0.2739717364311218,0.07755450904369354,0.07404081523418427,0.13102632761001587,0.3262430727481842,0.05501781776547432
da_as_total_mw_primary_reserve,total_pjm_rmpcp_cr,0.15150681138038635,0.020790470764040947,0.14800463616847992,0.17051516473293304,0.16318804025650024,0.15888150036334991,0.25564536452293396,0.055050164461135864
total_pjm_rmpcp_cr,da_as_total_mw_primary_reserve,0.15150681138038635,0.03740401938557625,0.14800463616847992,0.17051516473293304,0.16318804025650024,0.15888150036334991,0.25564536452293396,0.055050164461135864
net_actual_interchange_mw,gen_fuel_other_renewables_mw,0.15148836374282837,0.02601763978600502,0.2395143359899521,0.23140618205070496,0.15997666120529175,0.05560138449072838,0.24376511573791504,0.033418528735637665
gen_fuel_other_renewables_mw,net_actual_interchange_mw,0.15148836374282837,0.04143036529421806,0.2395143359899521,0.23140618205070496,0.15997666120529175,0.05560138449072838,0.24376511573791504,0.033418528735637665
net_actual_interchange_mw,total_lmp_da,0.15125150978565216,0.025976961478590965,0.09371548891067505,0.28966957330703735,0.20218515396118164,0.08604243397712708,0.23894168436527252,0.05512949451804161
total_lmp_da,net_actual_interchange_mw,0.15125150978565216,0.010417451150715351,0.09371548891067505,0.28966957330703735,0.20218515396118164,0.08604243397712708,0.23894168436527252,0.05512949451804161
forecast_load_mw_latest_available,total_pjm_reg_purchases,0.15093082189559937,0.010021861642599106,0.2298469841480255,0.2452664077281952,0.1588125079870224,0.04018397256731987,0.24011379480361938,0.0439317412674427
total_pjm_reg_purchases,forecast_load_mw_latest_available,0.15093082189559937,0.01896868646144867,0.2298469841480255,0.2452664077281952,0.1588125079870224,0.04018397256731987,0.24011379480361938,0.0439317412674427
total_pjm_rmccp_cr,gen_fuel_gas_pct,0.15055851638317108,0.014189506880939007,0.0617680549621582,0.16273151338100433,0.1420557200908661,0.3723472058773041,0.18558551371097565,0.021867720410227776
gen_fuel_gas_pct,total_pjm_rmccp_cr,0.15055851638317108,0.017884794622659683,0.0617680549621582,0.16273151338100433,0.1420557200908661,0.3723472058773041,0.18558551371097565,0.021867720410227776
gen_fuel_nuclear_pct,da_as_as_req_mw_primary_reserve,0.15052582323551178,0.011232206597924232,0.23969419300556183,0.21642668545246124,0.13338109850883484,0.09468764066696167,0.2275119125843048,0.038624443113803864
da_as_as_req_mw_primary_reserve,gen_fuel_nuclear_pct,0.15052582323551178,0.019219812005758286,0.23969419300556183,0.21642668545246124,0.13338109850883484,0.09468764066696167,0.2275119125843048,0.038624443113803864
da_as_as_req_mw_synchronized_reserve,gen_fuel_nuclear_pct,0.15042372047901154,0.01875641569495201,0.2345058023929596,0.21694381535053253,0.15680979192256927,0.07579539716243744,0.236467644572258,0.033984631299972534
gen_fuel_nuclear_pct,da_as_as_req_mw_synchronized_reserve,0.15042372047901154,0.011224587447941303,0.2345058023929596,0.21694381535053253,0.15680979192256927,0.07579539716243744,0.236467644572258,0.033984631299972534
da_as_mcp_primary_reserve,gen_fuel_other_renewables_pct,0.14990471303462982,0.015986373648047447,0.2223065346479416,0.2541544437408447,0.1542709767818451,0.10430067032575607,0.19873414933681488,0.021957706660032272
gen_fuel_other_renewables_pct,da_as_mcp_primary_reserve,0.14990471303462982,0.013910645619034767,0.2223065346479416,0.2541544437408447,0.1542709767818451,0.10430067032575607,0.19873414933681488,0.021957706660032272
gen_fuel_solar_mw,da_as_ss_mw_thirty_minutes_reserve,0.14962069690227509,0.03856632858514786,0.22177554666996002,0.24355821311473846,0.12318109720945358,0.18428103625774384,0.15737144649028778,0.017199696972966194
da_as_ss_mw_thirty_minutes_reserve,gen_fuel_solar_mw,0.14962069690227509,0.033919841051101685,0.22177554666996002,0.24355821311473846,0.12318109720945358,0.18428103625774384,0.15737144649028778,0.017199696972966194
total_pjm_rmccp_cr,gen_fuel_coal_mw,0.14925874769687653,0.014067010022699833,0.11455849558115005,0.2207033485174179,0.18327733874320984,0.14711663126945496,0.23734059929847717,0.044256143271923065
gen_fuel_coal_mw,total_pjm_rmccp_cr,0.14925874769687653,0.012194360606372356,0.11455849558115005,0.2207033485174179,0.18327733874320984,0.14711663126945496,0.23734059929847717,0.044256143271923065
da_as_ss_mw_primary_reserve,gen_fuel_multiple_fuels_mw,0.14915791153907776,0.03154255449771881,0.21525979042053223,0.2236551195383072,0.1512005627155304,0.08225180208683014,0.22967375814914703,0.041902899742126465
gen_fuel_multiple_fuels_mw,da_as_ss_mw_primary_reserve,0.14915791153907776,0.016027167439460754,0.21525979042053223,0.2236551195383072,0.1512005627155304,0.08225180208683014,0.22967375814914703,0.041902899742126465
gen_fuel_multiple_fuels_pct,da_as_ss_mw_primary_reserve,0.14883962273597717,0.021385908126831055,0.24682682752609253,0.24350592494010925,0.1378535032272339,0.0914977639913559,0.1967858374118805,0.027953412383794785
da_as_ss_mw_primary_reserve,gen_fuel_multiple_fuels_pct,0.14883962273597717,0.0314752459526062,0.24682682752609253,0.24350592494010925,0.1378535032272339,0.0914977639913559,0.1967858374118805,0.027953412383794785
da_as_as_req_mw_primary_reserve,congestion_price_da,0.14830468595027924,0.01893620751798153,0.2189408540725708,0.22356940805912018,0.16527311503887177,0.08066153526306152,0.22397392988204956,0.030869919806718826
congestion_price_da,da_as_as_req_mw_primary_reserve,0.14830468595027924,0.022959735244512558,0.2189408540725708,0.22356940805912018,0.16527311503887177,0.08066153526306152,0.22397392988204956,0.030869919806718826
total_losses,rmccp,0.1480896919965744,0.015284550376236439,0.1274804174900055,0.21215789020061493,0.13907146453857422,0.21427176892757416,0.2171356976032257,0.02777690812945366
rmccp,total_losses,0.1480896919965744,0.016634929925203323,0.1274804174900055,0.21215789020061493,0.13907146453857422,0.21427176892757416,0.2171356976032257,0.02777690812945366
congestion_price_da,da_as_as_req_mw_synchronized_reserve,0.147995725274086,0.022911904379725456,0.21079616248607635,0.23363704979419708,0.16698510944843292,0.09455101937055588,0.20814576745033264,0.028100453317165375
da_as_as_req_mw_synchronized_reserve,congestion_price_da,0.147995725274086,0.01845366694033146,0.21079616248607635,0.23363704979419708,0.16698510944843292,0.09455101937055588,0.20814576745033264,0.028100453317165375
total_pjm_rmpcp_cr,total_lmp_da,0.14708951115608215,0.03631347417831421,0.05374330282211304,0.2545040547847748,0.22726702690124512,0.07189629226922989,0.2511621117591858,0.07550866156816483
total_lmp_da,total_pjm_rmpcp_cr,0.14708951115608215,0.010130793787539005,0.05374330282211304,0.2545040547847748,0.22726702690124512,0.07189629226922989,0.2511621117591858,0.07550866156816483
da_as_ss_mw_thirty_minutes_reserve,gen_fuel_gas_pct,0.14693337678909302,0.03331061080098152,0.22152473032474518,0.22176969051361084,0.18373310565948486,0.038334526121616364,0.2450007200241089,0.028925441205501556
gen_fuel_gas_pct,da_as_ss_mw_thirty_minutes_reserve,0.14693337678909302,0.01745416596531868,0.22152473032474518,0.22176969051361084,0.18373310565948486,0.038334526121616364,0.2450007200241089,0.028925441205501556
total_pjm_self_sched_reg,gen_fuel_hydro_mw,0.1468149572610855,0.07373475283384323,0.17840838432312012,0.2499581277370453,0.17685949802398682,0.049478929489851,0.2432883232831955,0.039430491626262665
gen_fuel_hydro_mw,total_pjm_self_sched_reg,0.1468149572610855,0.01522446796298027,0.17840838432312012,0.2499581277370453,0.17685949802398682,0.049478929489851,0.2432883232831955,0.039430491626262665
total_gen,net_actual_interchange_mw,0.14644066989421844,0.009726962074637413,0.24362967908382416,0.23180033266544342,0.15931053459644318,0.02850116789340973,0.23760555684566498,0.032343123108148575
net_actual_interchange_mw,total_gen,0.14644066989421844,0.025150716304779053,0.24362967908382416,0.23180033266544342,0.15931053459644318,0.02850116789340973,0.23760555684566498,0.032343123108148575
net_actual_interchange_mw,gen_fuel_gas_pct,0.14616967737674713,0.02510417252779007,0.23287133872509003,0.23806880414485931,0.16026484966278076,0.024196065962314606,0.23654691874980927,0.03841065615415573
gen_fuel_gas_pct,net_actual_interchange_mw,0.14616967737674713,0.017363445833325386,0.23287133872509003,0.23806880414485931,0.16026484966278076,0.024196065962314606,0.23654691874980927,0.03841065615415573
da_as_nsr_mw_primary_reserve,total_losses,0.14598698914051056,0.034332454204559326,0.23949013650417328,0.24043157696723938,0.14119932055473328,0.0736779272556305,0.21072012186050415,0.02415703609585762
total_losses,da_as_nsr_mw_primary_reserve,0.14598698914051056,0.015067527070641518,0.23949013650417328,0.24043157696723938,0.14119932055473328,0.0736779272556305,0.21072012186050415,0.02415703609585762
da_as_mcp_synchronized_reserve,gen_fuel_multiple_fuels_pct,0.14510945975780487,0.013578151352703571,0.21008886396884918,0.22918400168418884,0.19180020689964294,0.03359946981072426,0.22458826005458832,0.036611419171094894
gen_fuel_multiple_fuels_pct,da_as_mcp_synchronized_reserve,0.14510945975780487,0.020849943161010742,0.21008886396884918,0.22918400168418884,0.19180020689964294,0.03359946981072426,0.22458826005458832,0.036611419171094894
gen_fuel_solar_pct,da_as_ss_mw_primary_reserve,0.14484770596027374,0.03746027499437332,0.2041771411895752,0.2287442684173584,0.18317808210849762,0.07201506197452545,0.20746397972106934,0.02869480848312378
da_as_ss_mw_primary_reserve,gen_fuel_solar_pct,0.14484770596027374,0.03063107095658779,0.2041771411895752,0.2287442684173584,0.18317808210849762,0.07201506197452545,0.20746397972106934,0.02869480848312378
gen_fuel_oil_pct,total_pjm_loc_credit,0.14472554624080658,0.013359880074858665,0.25247055292129517,0.1470029503107071,0.12969376146793365,0.13166014850139618,0.22104300558567047,0.028197377920150757
total_pjm_loc_credit,gen_fuel_oil_pct,0.14472554624080658,0.027086099609732628,0.25247055292129517,0.1470029503107071,0.12969376146793365,0.13166014850139618,0.22104300558567047,0.028197377920150757
da_as_mcp_synchronized_reserve,congestion_price_rt,0.14468461275100708,0.01353839784860611,0.24625083804130554,0.1814136654138565,0.11198049038648605,0.1224348247051239,0.21344850957393646,0.03380991518497467
congestion_price_rt,da_as_mcp_synchronized_reserve,0.14468461275100708,0.02078835293650627,0.24625083804130554,0.1814136654138565,0.11198049038648605,0.1224348247051239,0.21344850957393646,0.03380991518497467
gen_fuel_coal_pct,da_as_as_req_mw_thirty_minutes_reserve,0.14426949620246887,0.016741696745157242,0.10888424515724182,0.14820267260074615,0.0943019911646843,0.2126666009426117,0.229888454079628,0.09056112170219421
da_as_as_req_mw_thirty_minutes_reserve,gen_fuel_coal_pct,0.14426949620246887,0.019077520817518234,0.10888424515724182,0.14820267260074615,0.0943019911646843,0.2126666009426117,0.229888454079628,0.09056112170219421
da_as_ss_mw_thirty_minutes_reserve,gen_fuel_solar_pct,0.1439942866563797,0.032644301652908325,0.20627927780151367,0.24038922786712646,0.18112988770008087,0.06314531713724136,0.20251908898353577,0.026909571141004562
gen_fuel_solar_pct,da_as_ss_mw_thirty_minutes_reserve,0.1439942866563797,0.03723956644535065,0.20627927780151367,0.24038922786712646,0.18112988770008087,0.06314531713724136,0.20251908898353577,0.026909571141004562
gen_fuel_multiple_fuels_mw,marginal_loss_price_da,0.14362160861492157,0.015432286076247692,0.2727600634098053,0.1544470191001892,0.10451682657003403,0.06141549348831177,0.26470285654067993,0.04295859858393669
marginal_loss_price_da,gen_fuel_multiple_fuels_mw,0.14362160861492157,0.014950195327401161,0.2727600634098053,0.1544470191001892,0.10451682657003403,0.06141549348831177,0.26470285654067993,0.04295859858393669
gen_fuel_coal_pct,rmccp,0.14314982295036316,0.016611764207482338,0.04437226057052612,0.18986082077026367,0.11499793082475662,0.4068669080734253,0.1331273317337036,0.01143748126924038
rmccp,gen_fuel_coal_pct,0.14314982295036316,0.016080034896731377,0.04437226057052612,0.18986082077026367,0.11499793082475662,0.4068669080734253,0.1331273317337036,0.01143748126924038
gen_fuel_hydro_pct,gen_fuel_other_renewables_pct,0.1431337296962738,0.018688077107071877,0.25087156891822815,0.23053112626075745,0.14071644842624664,0.04495721682906151,0.21268567442893982,0.030027030035853386
gen_fuel_other_renewables_pct,gen_fuel_hydro_pct,0.1431337296962738,0.013282321393489838,0.25087156891822815,0.23053112626075745,0.14071644842624664,0.04495721682906151,0.21268567442893982,0.030027030035853386
gen_fuel_solar_mw,forecast_load_mw_latest_available,0.1431240439414978,0.03689174726605415,0.23523958027362823,0.25089511275291443,0.16519638895988464,0.03955737501382828,0.20349213480949402,0.021948182955384254
forecast_load_mw_latest_available,gen_fuel_solar_mw,0.1431240439414978,0.00950348936021328,0.23523958027362823,0.25089511275291443,0.16519638895988464,0.03955737501382828,0.20349213480949402,0.021948182955384254
marginal_loss_price_da,total_pjm_reg_purchases,0.14299537241458893,0.01488500740379095,0.20807217061519623,0.21432842314243317,0.12275654822587967,0.07636450231075287,0.23826813697814941,0.043318867683410645
total_pjm_reg_purchases,marginal_loss_price_da,0.14299537241458893,0.017971374094486237,0.20807217061519623,0.21432842314243317,0.12275654822587967,0.07636450231075287,0.23826813697814941,0.043318867683410645
gen_fuel_wind_pct,da_as_as_req_mw_primary_reserve,0.1427081823348999,0.02594401128590107,0.22854837775230408,0.16257750988006592,0.11496471613645554,0.09648606926202774,0.23951515555381775,0.05057944357395172
da_as_as_req_mw_primary_reserve,gen_fuel_wind_pct,0.1427081823348999,0.018221620470285416,0.22854837775230408,0.16257750988006592,0.11496471613645554,0.09648606926202774,0.23951515555381775,0.05057944357395172
gen_fuel_hydro_mw,gross_inadv_interchange_mw,0.1426720917224884,0.014794860035181046,0.2280576378107071,0.16682250797748566,0.16312488913536072,0.015122276730835438,0.27959901094436646,0.049286842346191406
gross_inadv_interchange_mw,gen_fuel_hydro_mw,0.1426720917224884,0.019407406449317932,0.2280576378107071,0.16682250797748566,0.16312488913536072,0.015122276730835438,0.27959901094436646,0.049286842346191406
rmccp,gen_fuel_gas_mw,0.14244061708450317,0.01600036956369877,0.176874041557312,0.20261427760124207,0.14130011200904846,0.11737985163927078,0.2313964068889618,0.033310580998659134
gen_fuel_gas_mw,rmccp,0.14244061708450317,0.009987939149141312,0.176874041557312,0.20261427760124207,0.14130011200904846,0.11737985163927078,0.2313964068889618,0.033310580998659134
gen_fuel_storage_mw,gen_fuel_gas_mw,0.14225803315639496,0.02168656513094902,0.22968819737434387,0.21253611147403717,0.17145466804504395,0.036954041570425034,0.23087194561958313,0.026829514652490616
gen_fuel_gas_mw,gen_fuel_storage_mw,0.14225803315639496,0.009975136257708073,0.22968819737434387,0.21253611147403717,0.17145466804504395,0.036954041570425034,0.23087194561958313,0.026829514652490616
da_as_mcp_primary_reserve,congestion_price_rt,0.14201633632183075,0.015145129524171352,0.25985094904899597,0.17414095997810364,0.14671890437602997,0.028515996411442757,0.25503212213516235,0.03522338718175888
congestion_price_rt,da_as_mcp_primary_reserve,0.14201633632183075,0.02040497399866581,0.25985094904899597,0.17414095997810364,0.14671890437602997,0.028515996411442757,0.25503212213516235,0.03522338718175888
total_losses,congestion_price_rt,0.1418878436088562,0.014644448645412922,0.21600985527038574,0.22937500476837158,0.15461385250091553,0.03150269761681557,0.22667883336544037,0.04266861826181412
congestion_price_rt,total_losses,0.1418878436088562,0.02038651332259178,0.21600985527038574,0.22937500476837158,0.15461385250091553,0.03150269761681557,0.22667883336544037,0.04266861826181412
rmccp,gen_fuel_storage_mw,0.14179132878780365,0.015927433967590332,0.14438270032405853,0.18744492530822754,0.15438759326934814,0.166454017162323,0.20400051772594452,0.03807499632239342
gen_fuel_storage_mw,rmccp,0.14179132878780365,0.021615417674183846,0.14438270032405853,0.18744492530822754,0.15438759326934814,0.166454017162323,0.20400051772594452,0.03807499632239342
net_actual_interchange_mw,gen_fuel_multiple_fuels_mw,0.14177972078323364,0.024350212886929512,0.21975824236869812,0.2252430021762848,0.13150976598262787,0.03660443425178528,0.23250342905521393,0.049885157495737076
gen_fuel_multiple_fuels_mw,net_actual_interchange_mw,0.14177972078323364,0.01523437350988388,0.21975824236869812,0.2252430021762848,0.13150976598262787,0.03660443425178528,0.23250342905521393,0.049885157495737076
rmccp,da_as_mcp_primary_reserve,0.1417677253484726,0.015924783423542976,0.2234651744365692,0.1780516356229782,0.0849585235118866,0.1769818812608719,0.2136000394821167,0.016697755083441734
da_as_mcp_primary_reserve,rmccp,0.1417677253484726,0.015118616633117199,0.2234651744365692,0.1780516356229782,0.0849585235118866,0.1769818812608719,0.2136000394821167,0.016697755083441734
gen_fuel_other_renewables_pct,gen_fuel_wind_pct,0.14155469834804535,0.013135792687535286,0.2190699428319931,0.2277318835258484,0.1839694380760193,0.031215868890285492,0.21463775634765625,0.028575841337442398
gen_fuel_wind_pct,gen_fuel_other_renewables_pct,0.14155469834804535,0.02573431096971035,0.2190699428319931,0.2277318835258484,0.1839694380760193,0.031215868890285492,0.21463775634765625,0.028575841337442398
gen_fuel_gas_mw,total_pjm_loc_credit,0.14139226078987122,0.009914427995681763,0.16478782892227173,0.2542761266231537,0.17448511719703674,0.06309635937213898,0.21307997405529022,0.03432409465312958
total_pjm_loc_credit,gen_fuel_gas_mw,0.14139226078987122,0.026462258771061897,0.16478782892227173,0.2542761266231537,0.17448511719703674,0.06309635937213898,0.21307997405529022,0.03432409465312958
da_as_total_mw_synchronized_reserve,gen_fuel_wind_pct,0.14116531610488892,0.024137791246175766,0.2173289954662323,0.2283833622932434,0.14227080345153809,0.06294547766447067,0.21258589625358582,0.033256616443395615
gen_fuel_wind_pct,da_as_total_mw_synchronized_reserve,0.14116531610488892,0.025663521140813828,0.2173289954662323,0.2283833622932434,0.14227080345153809,0.06294547766447067,0.21258589625358582,0.033256616443395615
gen_fuel_gas_pct,gen_fuel_nuclear_mw,0.14100459218025208,0.01674988679587841,0.202886700630188,0.1502009630203247,0.05148661136627197,0.11202028393745422,0.26397833228111267,0.08494548499584198
gen_fuel_nuclear_mw,gen_fuel_gas_pct,0.14100459218025208,0.014677082188427448,0.202886700630188,0.1502009630203247,0.05148661136627197,0.11202028393745422,0.26397833228111267,0.08494548499584198
da_as_nsr_mw_primary_reserve,total_gen,0.14039656519889832,0.033017728477716446,0.16926860809326172,0.21863625943660736,0.15824446082115173,0.09621578454971313,0.214591383934021,0.03522583097219467
total_gen,da_as_nsr_mw_primary_reserve,0.14039656519889832,0.009325496852397919,0.16926860809326172,0.21863625943660736,0.15824446082115173,0.09621578454971313,0.214591383934021,0.03522583097219467
total_gen,total_pjm_loc_credit,0.1401287019252777,0.009307704865932465,0.18596377968788147,0.23929953575134277,0.15518806874752045,0.10910040885210037,0.18211708962917328,0.022198326885700226
total_pjm_loc_credit,total_gen,0.1401287019252777,0.026225777342915535,0.18596377968788147,0.23929953575134277,0.15518806874752045,0.10910040885210037,0.18211708962917328,0.022198326885700226
gen_fuel_other_renewables_pct,da_as_total_mw_synchronized_reserve,0.14010263979434967,0.01300104707479477,0.17777608335018158,0.20046010613441467,0.14781610667705536,0.1358097642660141,0.1950603723526001,0.030226558446884155
da_as_total_mw_synchronized_reserve,gen_fuel_other_renewables_pct,0.14010263979434967,0.02395608462393284,0.17777608335018158,0.20046010613441467,0.14781610667705536,0.1358097642660141,0.1950603723526001,0.030226558446884155
da_as_as_req_mw_thirty_minutes_reserve,congestion_price_da,0.14002133905887604,0.01851576566696167,0.1942186802625656,0.24493373930454254,0.15981687605381012,0.06795450299978256,0.20212139189243317,0.02591363899409771
congestion_price_da,da_as_as_req_mw_thirty_minutes_reserve,0.14002133905887604,0.021677352488040924,0.1942186802625656,0.24493373930454254,0.15981687605381012,0.06795450299978256,0.20212139189243317,0.02591363899409771
gen_fuel_coal_pct,gen_fuel_solar_mw,0.13990838825702667,0.016235612332820892,0.23143109679222107,0.1909605860710144,0.13753937184810638,0.07722395658493042,0.21809345483779907,0.030617330223321915
gen_fuel_solar_mw,gen_fuel_coal_pct,0.13990838825702667,0.036062877625226974,0.23143109679222107,0.1909605860710144,0.13753937184810638,0.07722395658493042,0.21809345483779907,0.030617330223321915
gen_fuel_oil_pct,total_losses,0.13989542424678802,0.012914002873003483,0.26864129304885864,0.1293887495994568,0.10459110140800476,0.07355306297540665,0.2522314488887787,0.0453953891992569
total_losses,gen_fuel_oil_pct,0.13989542424678802,0.014438807964324951,0.26864129304885864,0.1293887495994568,0.10459110140800476,0.07355306297540665,0.2522314488887787,0.0453953891992569
system_energy_price_da,total_pjm_rmpcp_cr,0.13923946022987366,0.009798613376915455,0.03299415111541748,0.27078762650489807,0.21040979027748108,0.07723253965377808,0.23405690491199493,0.06363020837306976
total_pjm_rmpcp_cr,system_energy_price_da,0.13923946022987366,0.03437545523047447,0.03299415111541748,0.27078762650489807,0.21040979027748108,0.07723253965377808,0.23405690491199493,0.06363020837306976
total_lmp_rt,gross_actual_interchange_mw,0.13923509418964386,0.009610622189939022,0.09513279795646667,0.2524375915527344,0.16913539171218872,0.13428379595279694,0.20754817128181458,0.031818702816963196
gross_actual_interchange_mw,total_lmp_rt,0.13923509418964386,0.020943276584148407,0.09513279795646667,0.2524375915527344,0.16913539171218872,0.13428379595279694,0.20754817128181458,0.031818702816963196
gen_fuel_other_renewables_pct,gen_fuel_multiple_fuels_pct,0.13904815912246704,0.01290319487452507,0.21549837291240692,0.20807985961437225,0.16889996826648712,0.04117434099316597,0.22340737283229828,0.029665226116776466
gen_fuel_multiple_fuels_pct,gen_fuel_other_renewables_pct,0.13904815912246704,0.019979029893875122,0.21549837291240692,0.20807985961437225,0.16889996826648712,0.04117434099316597,0.22340737283229828,0.029665226116776466
da_as_mcp_primary_reserve,gen_fuel_gas_pct,0.13874231278896332,0.014795975759625435,0.18085061013698578,0.169267937541008,0.139023557305336,0.14650858938694,0.21185463666915894,0.028898051008582115
gen_fuel_gas_pct,da_as_mcp_primary_reserve,0.13874231278896332,0.016481151804327965,0.18085061013698578,0.169267937541008,0.139023557305336,0.14650858938694,0.21185463666915894,0.028898051008582115
gen_fuel_hydro_pct,congestion_price_da,0.13861387968063354,0.018097948282957077,0.15424111485481262,0.19575297832489014,0.1401911973953247,0.07712821662425995,0.24759699404239655,0.05782634764909744
congestion_price_da,gen_fuel_hydro_pct,0.13861387968063354,0.021459456533193588,0.15424111485481262,0.19575297832489014,0.1401911973953247,0.07712821662425995,0.24759699404239655,0.05782634764909744
da_as_mcp_synchronized_reserve,rmpcp,0.13851530849933624,0.012961125001311302,0.041477613151073456,0.2506645619869232,0.21400658786296844,0.12071339786052704,0.20671114325523376,0.05094100907444954
rmpcp,da_as_mcp_synchronized_reserve,0.13851530849933624,0.03733343631029129,0.041477613151073456,0.2506645619869232,0.21400658786296844,0.12071339786052704,0.20671114325523376,0.05094100907444954
total_pjm_rmccp_cr,gen_fuel_hydro_mw,0.13828139007091522,0.013032440096139908,0.07505644857883453,0.09085971862077713,0.04308902844786644,0.4595785140991211,0.16387099027633667,0.020146580412983894
gen_fuel_hydro_mw,total_pjm_rmccp_cr,0.13828139007091522,0.014339551329612732,0.07505644857883453,0.09085971862077713,0.04308902844786644,0.4595785140991211,0.16387099027633667,0.020146580412983894
gen_fuel_gas_pct,gen_fuel_hydro_mw,0.1381857842206955,0.01641504094004631,0.24629122018814087,0.13191726803779602,0.1257535219192505,0.04339055344462395,0.2716410160064697,0.04793315380811691
gen_fuel_hydro_mw,gen_fuel_gas_pct,0.1381857842206955,0.01432963740080595,0.24629122018814087,0.13191726803779602,0.1257535219192505,0.04339055344462395,0.2716410160064697,0.04793315380811691
gen_fuel_coal_pct,total_pjm_rmccp_cr,0.1380605548620224,0.016021182760596275,0.038421880453825,0.2264326512813568,0.16099900007247925,0.24531230330467224,0.18616393208503723,0.022891879081726074
total_pjm_rmccp_cr,gen_fuel_coal_pct,0.1380605548620224,0.013011626899242401,0.038421880453825,0.2264326512813568,0.16099900007247925,0.24531230330467224,0.18616393208503723,0.022891879081726074
gen_fuel_nuclear_pct,total_pjm_reg_purchases,0.13797351717948914,0.010295555926859379,0.21749372780323029,0.23340845108032227,0.1379382610321045,0.04138767719268799,0.21715551614761353,0.03132415562868118
total_pjm_reg_purchases,gen_fuel_nuclear_pct,0.13797351717948914,0.01734023727476597,0.21749372780323029,0.23340845108032227,0.1379382610321045,0.04138767719268799,0.21715551614761353,0.03132415562868118
da_as_total_mw_thirty_minutes_reserve,congestion_price_rt,0.13754962384700775,0.016504239290952682,0.27731752395629883,0.1949082463979721,0.10543055832386017,0.0476517379283905,0.22428745031356812,0.022343352437019348
congestion_price_rt,da_as_total_mw_thirty_minutes_reserve,0.13754962384700775,0.019763195887207985,0.27731752395629883,0.1949082463979721,0.10543055832386017,0.0476517379283905,0.22428745031356812,0.022343352437019348
da_as_ss_mw_synchronized_reserve,gen_fuel_solar_pct,0.13731268048286438,0.028575289994478226,0.20411469042301178,0.2335856705904007,0.1663859486579895,0.06303814798593521,0.18897680938243866,0.022128989920020103
gen_fuel_solar_pct,da_as_ss_mw_synchronized_reserve,0.13731268048286438,0.03551157936453819,0.20411469042301178,0.2335856705904007,0.1663859486579895,0.06303814798593521,0.18897680938243866,0.022128989920020103
gen_fuel_other_renewables_pct,gen_fuel_solar_mw,0.13712729513645172,0.012724945321679115,0.1962118297815323,0.19199353456497192,0.16257493197917938,0.06675799190998077,0.2232297956943512,0.03133577108383179
gen_fuel_solar_mw,gen_fuel_other_renewables_pct,0.13712729513645172,0.03534602001309395,0.1962118297815323,0.19199353456497192,0.16257493197917938,0.06675799190998077,0.2232297956943512,0.03133577108383179
total_pjm_self_sched_reg,da_as_ss_mw_primary_reserve,0.13707658648490906,0.06884385645389557,0.1685791313648224,0.14020641148090363,0.1490492820739746,0.06611569225788116,0.26979678869247437,0.06442204117774963
da_as_ss_mw_primary_reserve,total_pjm_self_sched_reg,0.13707658648490906,0.02898770570755005,0.1685791313648224,0.14020641148090363,0.1490492820739746,0.06611569225788116,0.26979678869247437,0.06442204117774963
gen_fuel_multiple_fuels_pct,da_as_ss_mw_synchronized_reserve,0.13705049455165863,0.01969199627637863,0.23128703236579895,0.23107139766216278,0.12433213740587234,0.08794191479682922,0.17676149308681488,0.020093349739909172
da_as_ss_mw_synchronized_reserve,gen_fuel_multiple_fuels_pct,0.13705049455165863,0.028520727530121803,0.23128703236579895,0.23107139766216278,0.12433213740587234,0.08794191479682922,0.17676149308681488,0.020093349739909172
gen_fuel_other_renewables_pct,total_pjm_loc_credit,0.1370101124048233,0.01271407026797533,0.15294162929058075,0.24852000176906586,0.17225514352321625,0.07743651419878006,0.20151914656162262,0.025801505893468857
total_pjm_loc_credit,gen_fuel_other_renewables_pct,0.1370101124048233,0.025642117485404015,0.15294162929058075,0.24852000176906586,0.17225514352321625,0.07743651419878006,0.20151914656162262,0.025801505893468857
da_as_ss_mw_synchronized_reserve,gen_fuel_gas_pct,0.136469304561615,0.02839978039264679,0.20431281626224518,0.19416344165802002,0.16870909929275513,0.0468386746942997,0.2263573557138443,0.029541168361902237
gen_fuel_gas_pct,da_as_ss_mw_synchronized_reserve,0.136469304561615,0.016211140900850296,0.20431281626224518,0.19416344165802002,0.16870909929275513,0.0468386746942997,0.2263573557138443,0.029541168361902237
da_as_as_req_mw_synchronized_reserve,gen_fuel_wind_pct,0.1361987292766571,0.01698269322514534,0.2131926417350769,0.15381740033626556,0.1042422279715538,0.08533907681703568,0.23723168671131134,0.05578121542930603
gen_fuel_wind_pct,da_as_as_req_mw_synchronized_reserve,0.1361987292766571,0.02476060763001442,0.2131926417350769,0.15381740033626556,0.1042422279715538,0.08533907681703568,0.23723168671131134,0.05578121542930603
gen_fuel_nuclear_mw,total_pjm_rmpcp_cr,0.1361503005027771,0.014171801507472992,0.1482229083776474,0.16061866283416748,0.10973794013261795,0.23400796949863434,0.17714637517929077,0.025049077346920967
total_pjm_rmpcp_cr,gen_fuel_nuclear_mw,0.1361503005027771,0.033612802624702454,0.1482229083776474,0.16061866283416748,0.10973794013261795,0.23400796949863434,0.17714637517929077,0.025049077346920967
metered_load_mw,gen_fuel_solar_mw,0.13594114780426025,0.0089389244094491,0.23224128782749176,0.22724686563014984,0.1586393266916275,0.03485982492566109,0.19038772583007812,0.024551615118980408
gen_fuel_solar_mw,metered_load_mw,0.13594114780426025,0.03504027798771858,0.23224128782749176,0.22724686563014984,0.1586393266916275,0.03485982492566109,0.19038772583007812,0.024551615118980408
gen_fuel_gas_mw,net_inadv_interchange_mw,0.13571283221244812,0.009516187012195587,0.21785810589790344,0.21195627748966217,0.16416454315185547,0.01330857165157795,0.23251181840896606,0.02811027504503727
net_inadv_interchange_mw,gen_fuel_gas_mw,0.13571283221244812,0.058967024087905884,0.21785810589790344,0.21195627748966217,0.16416454315185547,0.01330857165157795,0.23251181840896606,0.02811027504503727
metered_load_mw,total_pjm_loc_credit,0.1356477588415146,0.00891963206231594,0.1605381965637207,0.2352486550807953,0.15988250076770782,0.06915029883384705,0.21649597585201263,0.027074942365288734
total_pjm_loc_credit,metered_load_mw,0.1356477588415146,0.025387145578861237,0.1605381965637207,0.2352486550807953,0.15988250076770782,0.06915029883384705,0.21649597585201263,0.027074942365288734
gen_fuel_hydro_pct,total_pjm_self_sched_reg,0.13552764058113098,0.017694996669888496,0.18015672266483307,0.22916802763938904,0.16109901666641235,0.05193283408880234,0.21221289038658142,0.03103075549006462
total_pjm_self_sched_reg,gen_fuel_hydro_pct,0.13552764058113098,0.06806593388319016,0.18015672266483307,0.22916802763938904,0.16109901666641235,0.05193283408880234,0.21221289038658142,0.03103075549006462
gen_fuel_coal_pct,da_as_as_req_mw_synchronized_reserve,0.13544298708438873,0.01571742817759514,0.10043229907751083,0.14459793269634247,0.10305087268352509,0.187925785779953,0.21980147063732147,0.07898025959730148
da_as_as_req_mw_synchronized_reserve,gen_fuel_coal_pct,0.13544298708438873,0.016888460144400597,0.10043229907751083,0.14459793269634247,0.10305087268352509,0.187925785779953,0.21980147063732147,0.07898025959730148
total_pjm_rmpcp_cr,rmccp,0.13541588187217712,0.033431489020586014,0.022058771923184395,0.08768906444311142,0.10755003988742828,0.5296460390090942,0.08761719614267349,0.005331078544259071
rmccp,total_pjm_rmpcp_cr,0.13541588187217712,0.01521127950400114,0.022058771923184395,0.08768906444311142,0.10755003988742828,0.5296460390090942,0.08761719614267349,0.005331078544259071
forecast_load_mw_day_ahead,gross_sched_interchange_mw,0.13516740500926971,0.009161842986941338,0.2186208963394165,0.22189949452877045,0.1435120552778244,0.021155130118131638,0.21665872633457184,0.0374157540500164
gross_sched_interchange_mw,forecast_load_mw_day_ahead,0.13516740500926971,0.03354932367801666,0.2186208963394165,0.22189949452877045,0.1435120552778244,0.021155130118131638,0.21665872633457184,0.0374157540500164
total_lmp_rt,net_actual_interchange_mw,0.13506872951984406,0.009323041886091232,0.07838069647550583,0.24884988367557526,0.16209618747234344,0.16135267913341522,0.18739520013332367,0.026095464825630188
net_actual_interchange_mw,total_lmp_rt,0.13506872951984406,0.02319762110710144,0.07838069647550583,0.24884988367557526,0.16209618747234344,0.16135267913341522,0.18739520013332367,0.026095464825630188
gen_fuel_hydro_mw,total_pjm_rmpcp_cr,0.13484838604927063,0.01398355420678854,0.14523997902870178,0.2119876891374588,0.1531657576560974,0.10776882618665695,0.20552587509155273,0.03355742618441582
total_pjm_rmpcp_cr,gen_fuel_hydro_mw,0.13484838604927063,0.03329138457775116,0.14523997902870178,0.2119876891374588,0.1531657576560974,0.10776882618665695,0.20552587509155273,0.03355742618441582
total_pjm_reg_purchases,total_gen,0.13484306633472443,0.016946809366345406,0.18610736727714539,0.19493892788887024,0.15147344768047333,0.03541259095072746,0.24162732064723969,0.04520849883556366
total_gen,total_pjm_reg_purchases,0.13484306633472443,0.008956619538366795,0.18610736727714539,0.19493892788887024,0.15147344768047333,0.03541259095072746,0.24162732064723969,0.04520849883556366
gen_fuel_multiple_fuels_pct,forecast_load_mw_day_ahead,0.13473889231681824,0.019359854981303215,0.20434893667697906,0.2133854329586029,0.13980145752429962,0.034476689994335175,0.22314350306987762,0.03990836441516876
forecast_load_mw_day_ahead,gen_fuel_multiple_fuels_pct,0.13473889231681824,0.009132797829806805,0.20434893667697906,0.2133854329586029,0.13980145752429962,0.034476689994335175,0.22314350306987762,0.03990836441516876
gross_sched_interchange_mw,da_as_total_mw_primary_reserve,0.13473863899707794,0.0334429033100605,0.19189219176769257,0.2234473079442978,0.163763165473938,0.03274644911289215,0.22246943414211273,0.028047986328601837
da_as_total_mw_primary_reserve,gross_sched_interchange_mw,0.13473863899707794,0.01848946511745453,0.19189219176769257,0.2234473079442978,0.163763165473938,0.03274644911289215,0.22246943414211273,0.028047986328601837
gen_fuel_gas_mw,gen_fuel_multiple_fuels_pct,0.13454313576221466,0.009434167295694351,0.18943849205970764,0.18338899314403534,0.12071763724088669,0.05313381552696228,0.23966501653194427,0.05789745971560478
gen_fuel_multiple_fuels_pct,gen_fuel_gas_mw,0.13454313576221466,0.019331729039549828,0.18943849205970764,0.18338899314403534,0.12071763724088669,0.05313381552696228,0.23966501653194427,0.05789745971560478
gen_fuel_hydro_mw,gen_fuel_coal_mw,0.1344340592622757,0.013940589502453804,0.24268564581871033,0.19006867706775665,0.1252334862947464,0.06478314846754074,0.20292891561985016,0.026042209938168526
gen_fuel_coal_mw,gen_fuel_hydro_mw,0.1344340592622757,0.010983191430568695,0.24268564581871033,0.19006867706775665,0.1252334862947464,0.06478314846754074,0.20292891561985016,0.026042209938168526
forecast_load_mw_latest_available,rmccp,0.13417796790599823,0.008909466676414013,0.16830915212631226,0.18357127904891968,0.15198414027690887,0.1301776021718979,0.1978006213903427,0.021291173994541168
rmccp,forecast_load_mw_latest_available,0.13417796790599823,0.015072224661707878,0.16830915212631226,0.18357127904891968,0.15198414027690887,0.1301776021718979,0.1978006213903427,0.021291173994541168
gen_fuel_gas_pct,gross_actual_interchange_mw,0.13337141275405884,0.015843143686652184,0.2352437824010849,0.20380382239818573,0.14595435559749603,0.028343237936496735,0.21629948914051056,0.021915733814239502
gross_actual_interchange_mw,gen_fuel_gas_pct,0.13337141275405884,0.020061282441020012,0.2352437824010849,0.20380382239818573,0.14595435559749603,0.028343237936496735,0.21629948914051056,0.021915733814239502
total_pjm_assigned_reg,gross_inadv_interchange_mw,0.13335102796554565,0.023868484422564507,0.19906465709209442,0.21614934504032135,0.15487095713615417,0.02600407786667347,0.2260345220565796,0.02989494986832142
gross_inadv_interchange_mw,total_pjm_assigned_reg,0.13335102796554565,0.01813948154449463,0.19906465709209442,0.21614934504032135,0.15487095713615417,0.02600407786667347,0.2260345220565796,0.02989494986832142
gen_fuel_gas_pct,net_inadv_interchange_mw,0.13323092460632324,0.015826456248760223,0.2295057475566864,0.2274782359600067,0.14840935170650482,0.0124569833278656,0.21139831840991974,0.023466063663363457
net_inadv_interchange_mw,gen_fuel_gas_pct,0.13323092460632324,0.057888638228178024,0.2295057475566864,0.2274782359600067,0.14840935170650482,0.0124569833278656,0.21139831840991974,0.023466063663363457
gen_fuel_nuclear_pct,gen_fuel_solar_pct,0.13314004242420197,0.009934883564710617,0.14586296677589417,0.2176186591386795,0.16868776082992554,0.047519758343696594,0.22362807393074036,0.04424520581960678
gen_fuel_solar_pct,gen_fuel_nuclear_pct,0.13314004242420197,0.034432459622621536,0.14586296677589417,0.2176186591386795,0.16868776082992554,0.047519758343696594,0.22362807393074036,0.04424520581960678
total_pjm_assigned_reg,da_as_mcp_primary_reserve,0.13313940167427063,0.023830605670809746,0.14852604269981384,0.1883995682001114,0.15057484805583954,0.09730691462755203,0.22056354582309723,0.038477037101984024
da_as_mcp_primary_reserve,total_pjm_assigned_reg,0.13313940167427063,0.014198461547493935,0.14852604269981384,0.1883995682001114,0.15057484805583954,0.09730691462755203,0.22056354582309723,0.038477037101984024
congestion_price_da,congestion_price_rt,0.13266365230083466,0.020538274198770523,0.17715848982334137,0.04132869467139244,0.01957005076110363,0.15176139771938324,0.3363499045372009,0.08098908513784409
congestion_price_rt,congestion_price_da,0.13266365230083466,0.019061176106333733,0.17715848982334137,0.04132869467139244,0.01957005076110363,0.15176139771938324,0.3363499045372009,0.08098908513784409
gen_fuel_wind_pct,gen_fuel_solar_mw,0.13257871568202972,0.024102497845888138,0.22984157502651215,0.25155016779899597,0.12797267735004425,0.045529164373874664,0.16916966438293457,0.022029530256986618
gen_fuel_solar_mw,gen_fuel_wind_pct,0.13257871568202972,0.034173574298620224,0.22984157502651215,0.25155016779899597,0.12797267735004425,0.045529164373874664,0.16916966438293457,0.022029530256986618
gen_fuel_multiple_fuels_mw,gen_fuel_hydro_mw,0.13232074677944183,0.014217996969819069,0.23280736804008484,0.09614459425210953,0.08526976406574249,0.07044874876737595,0.27935516834259033,0.057080645114183426
gen_fuel_hydro_mw,gen_fuel_multiple_fuels_mw,0.13232074677944183,0.01372144278138876,0.23280736804008484,0.09614459425210953,0.08526976406574249,0.07044874876737595,0.27935516834259033,0.057080645114183426
total_pjm_loc_credit,congestion_price_rt,0.13223369419574738,0.024748187512159348,0.1687588393688202,0.16418235003948212,0.11825906485319138,0.10507723689079285,0.24110259115695953,0.03708241507411003
congestion_price_rt,total_pjm_loc_credit,0.13223369419574738,0.01899939961731434,0.1687588393688202,0.16418235003948212,0.11825906485319138,0.10507723689079285,0.24110259115695953,0.03708241507411003
net_actual_interchange_mw,gen_fuel_wind_pct,0.1320207267999649,0.022674135863780975,0.21298553049564362,0.22601158916950226,0.13226069509983063,0.022426418960094452,0.20464368164539337,0.03957109898328781
gen_fuel_wind_pct,net_actual_interchange_mw,0.1320207267999649,0.02400105632841587,0.21298553049564362,0.22601158916950226,0.13226069509983063,0.022426418960094452,0.20464368164539337,0.03957109898328781
total_pjm_reg_purchases,congestion_price_rt,0.13191400468349457,0.016578691080212593,0.1842634081840515,0.21754437685012817,0.14974582195281982,0.045754142105579376,0.21085888147354126,0.03262271732091904
congestion_price_rt,total_pjm_reg_purchases,0.13191400468349457,0.018953466787934303,0.1842634081840515,0.21754437685012817,0.14974582195281982,0.045754142105579376,0.21085888147354126,0.03262271732091904
da_as_as_req_mw_thirty_minutes_reserve,gross_sched_interchange_mw,0.1314927637577057,0.017387986183166504,0.2026830017566681,0.22965143620967865,0.16474659740924835,0.04764827713370323,0.17806868255138397,0.019704919308423996
gross_sched_interchange_mw,da_as_as_req_mw_thirty_minutes_reserve,0.1314927637577057,0.032637257128953934,0.2026830017566681,0.22965143620967865,0.16474659740924835,0.04764827713370323,0.17806868255138397,0.019704919308423996
da_as_mcp_synchronized_reserve,da_as_total_mw_synchronized_reserve,0.13143253326416016,0.012298377230763435,0.10836818814277649,0.034192390739917755,0.03136425465345383,0.4960024356842041,0.1196180209517479,0.012903844006359577
da_as_total_mw_synchronized_reserve,da_as_mcp_synchronized_reserve,0.13143253326416016,0.022473586723208427,0.10836818814277649,0.034192390739917755,0.03136425465345383,0.4960024356842041,0.1196180209517479,0.012903844006359577
da_as_total_mw_thirty_minutes_reserve,marginal_loss_price_da,0.13126175105571747,0.015749773010611534,0.25145068764686584,0.13094255328178406,0.09510054439306259,0.09619154781103134,0.2318587601184845,0.021264804527163506
marginal_loss_price_da,da_as_total_mw_thirty_minutes_reserve,0.13126175105571747,0.01366360392421484,0.25145068764686584,0.13094255328178406,0.09510054439306259,0.09619154781103134,0.2318587601184845,0.021264804527163506
rmpcp,gen_fuel_multiple_fuels_mw,0.1310378611087799,0.03531807288527489,0.12885794043540955,0.2365666776895523,0.14925223588943481,0.09267518669366837,0.19665715098381042,0.03227762132883072
gen_fuel_multiple_fuels_mw,rmpcp,0.1310378611087799,0.014080150052905083,0.12885794043540955,0.2365666776895523,0.14925223588943481,0.09267518669366837,0.19665715098381042,0.03227762132883072
rmccp,gross_inadv_interchange_mw,0.13083146512508392,0.014696312136948109,0.07176557928323746,0.20418420433998108,0.1521417647600174,0.16414746642112732,0.21654300391674042,0.026297559961676598
gross_inadv_interchange_mw,rmccp,0.13083146512508392,0.017796749249100685,0.07176557928323746,0.20418420433998108,0.1521417647600174,0.16414746642112732,0.21654300391674042,0.026297559961676598
gen_fuel_multiple_fuels_pct,rmpcp,0.13054953515529633,0.018757911399006844,0.0997142419219017,0.2220565676689148,0.14986182749271393,0.09813856333494186,0.22458650171756744,0.03796755149960518
rmpcp,gen_fuel_multiple_fuels_pct,0.13054953515529633,0.03518645465373993,0.0997142419219017,0.2220565676689148,0.14986182749271393,0.09813856333494186,0.22458650171756744,0.03796755149960518
gen_fuel_multiple_fuels_mw,da_as_ss_mw_thirty_minutes_reserve,0.1303708255290985,0.01400847639888525,0.1741572469472885,0.17729981243610382,0.142075315117836,0.09378030896186829,0.2059154063463211,0.032524142414331436
da_as_ss_mw_thirty_minutes_reserve,gen_fuel_multiple_fuels_mw,0.1303708255290985,0.02955578826367855,0.1741572469472885,0.17729981243610382,0.142075315117836,0.09378030896186829,0.2059154063463211,0.032524142414331436
total_losses,gen_fuel_hydro_mw,0.12968985736370087,0.013385476544499397,0.15635539591312408,0.19270510971546173,0.15956351161003113,0.04285244643688202,0.22981461882591248,0.04280582070350647
gen_fuel_hydro_mw,total_losses,0.12968985736370087,0.013448623940348625,0.15635539591312408,0.19270510971546173,0.15956351161003113,0.04285244643688202,0.22981461882591248,0.04280582070350647
da_as_ss_mw_synchronized_reserve,total_pjm_loc_credit,0.12905308604240417,0.02685643546283245,0.07447865605354309,0.15986649692058563,0.11131787300109863,0.2576964795589447,0.16613711416721344,0.03765951097011566
total_pjm_loc_credit,da_as_ss_mw_synchronized_reserve,0.12905308604240417,0.02415292151272297,0.07447865605354309,0.15986649692058563,0.11131787300109863,0.2576964795589447,0.16613711416721344,0.03765951097011566
gross_sched_interchange_mw,da_as_total_mw_thirty_minutes_reserve,0.1285887360572815,0.03191646188497543,0.17773586511611938,0.22398482263088226,0.14911119639873505,0.02117638848721981,0.2142181098461151,0.03484288975596428
da_as_total_mw_thirty_minutes_reserve,gross_sched_interchange_mw,0.1285887360572815,0.015429044142365456,0.17773586511611938,0.22398482263088226,0.14911119639873505,0.02117638848721981,0.2142181098461151,0.03484288975596428
gen_fuel_hydro_pct,total_pjm_rmpcp_cr,0.1285359114408493,0.016782131046056747,0.15851297974586487,0.26388150453567505,0.12480428814888,0.10672309994697571,0.15105490386486053,0.017480680719017982
total_pjm_rmpcp_cr,gen_fuel_hydro_pct,0.1285359114408493,0.031732961535453796,0.15851297974586487,0.26388150453567505,0.12480428814888,0.10672309994697571,0.15105490386486053,0.017480680719017982
gross_actual_interchange_mw,gen_fuel_solar_mw,0.1284806728363037,0.019325632601976395,0.25011518597602844,0.18718548119068146,0.12240223586559296,0.014559989795088768,0.2086765468120575,0.031337033957242966
gen_fuel_solar_mw,gross_actual_interchange_mw,0.1284806728363037,0.03311726078391075,0.25011518597602844,0.18718548119068146,0.12240223586559296,0.014559989795088768,0.2086765468120575,0.031337033957242966
da_as_total_mw_primary_reserve,gen_fuel_other_renewables_pct,0.12829343974590302,0.017605023458600044,0.16482894122600555,0.141914501786232,0.13835231959819794,0.11511106789112091,0.21764449775218964,0.03215437009930611
gen_fuel_other_renewables_pct,da_as_total_mw_primary_reserve,0.12829343974590302,0.011905193328857422,0.16482894122600555,0.141914501786232,0.13835231959819794,0.11511106789112091,0.21764449775218964,0.03215437009930611
da_as_total_mw_primary_reserve,gen_fuel_multiple_fuels_pct,0.12821128964424133,0.0175937507301569,0.17569701373577118,0.17094038426876068,0.13397172093391418,0.10022812336683273,0.20683591067790985,0.025722695514559746
gen_fuel_multiple_fuels_pct,da_as_total_mw_primary_reserve,0.12821128964424133,0.018421942368149757,0.17569701373577118,0.17094038426876068,0.13397172093391418,0.10022812336683273,0.20683591067790985,0.025722695514559746
da_as_mcp_primary_reserve,total_pjm_loc_credit,0.12798844277858734,0.01364914420992136,0.19716742634773254,0.15334734320640564,0.10960042476654053,0.03513048216700554,0.26075804233551025,0.048953648656606674
total_pjm_loc_credit,da_as_mcp_primary_reserve,0.12798844277858734,0.023953666910529137,0.19716742634773254,0.15334734320640564,0.10960042476654053,0.03513048216700554,0.26075804233551025,0.048953648656606674
net_actual_interchange_mw,rmccp,0.12793493270874023,0.0219724141061306,0.10859861969947815,0.21083056926727295,0.15489566326141357,0.1350313127040863,0.1838882863521576,0.023652758449316025
rmccp,net_actual_interchange_mw,0.12793493270874023,0.01437094435095787,0.10859861969947815,0.21083056926727295,0.15489566326141357,0.1350313127040863,0.1838882863521576,0.023652758449316025
metered_load_mw,gen_fuel_multiple_fuels_pct,0.1277877688407898,0.008402791805565357,0.21132171154022217,0.20545154809951782,0.13572975993156433,0.030298588797450066,0.20752756297588348,0.025003889575600624
gen_fuel_multiple_fuels_pct,metered_load_mw,0.1277877688407898,0.018361089751124382,0.21132171154022217,0.20545154809951782,0.13572975993156433,0.030298588797450066,0.20752756297588348,0.025003889575600624
gen_fuel_solar_pct,total_losses,0.12763188779354095,0.03300794959068298,0.23131424188613892,0.15101423859596252,0.12307070195674896,0.048788756132125854,0.2196856588125229,0.031998712569475174
total_losses,gen_fuel_solar_pct,0.12763188779354095,0.01317307073622942,0.23131424188613892,0.15101423859596252,0.12307070195674896,0.048788756132125854,0.2196856588125229,0.031998712569475174
total_pjm_loc_credit,forecast_load_mw_latest_available,0.12758661806583405,0.023878464475274086,0.1870044469833374,0.22147691249847412,0.13559289276599884,0.043728768825531006,0.20912772417068481,0.02043788693845272
forecast_load_mw_latest_available,total_pjm_loc_credit,0.12758661806583405,0.008471798151731491,0.1870044469833374,0.22147691249847412,0.13559289276599884,0.043728768825531006,0.20912772417068481,0.02043788693845272
gen_fuel_solar_mw,gen_fuel_gas_pct,0.12741848826408386,0.03284347429871559,0.2455085813999176,0.13935542106628418,0.08720339834690094,0.0548149049282074,0.23314549028873444,0.038542065769433975
gen_fuel_gas_pct,gen_fuel_solar_mw,0.12741848826408386,0.015135997906327248,0.2455085813999176,0.13935542106628418,0.08720339834690094,0.0548149049282074,0.23314549028873444,0.038542065769433975
gen_fuel_multiple_fuels_pct,forecast_load_mw_latest_available,0.12726052105426788,0.01828533224761486,0.19049905240535736,0.19332626461982727,0.13173137605190277,0.04493708536028862,0.21438539028167725,0.033403970301151276
forecast_load_mw_latest_available,gen_fuel_multiple_fuels_pct,0.12726052105426788,0.008450144901871681,0.19049905240535736,0.19332626461982727,0.13173137605190277,0.04493708536028862,0.21438539028167725,0.033403970301151276
total_pjm_self_sched_reg,total_pjm_reg_purchases,0.12724481523036957,0.06390605866909027,0.19716927409172058,0.18794730305671692,0.10764247924089432,0.058925826102495193,0.20877164602279663,0.041533369570970535
total_pjm_reg_purchases,total_pjm_self_sched_reg,0.12724481523036957,0.015991875901818275,0.19716927409172058,0.18794730305671692,0.10764247924089432,0.058925826102495193,0.20877164602279663,0.041533369570970535
da_as_as_req_mw_synchronized_reserve,da_as_nsr_mw_primary_reserve,0.12704581022262573,0.0158414114266634,0.08911672234535217,0.14140041172504425,0.11057459563016891,0.35273292660713196,0.09675802290439606,0.006213411223143339
da_as_nsr_mw_primary_reserve,da_as_as_req_mw_synchronized_reserve,0.12704581022262573,0.02987796626985073,0.08911672234535217,0.14140041172504425,0.11057459563016891,0.35273292660713196,0.09675802290439606,0.006213411223143339
da_as_as_req_mw_primary_reserve,da_as_nsr_mw_primary_reserve,0.126890167593956,0.01620190590620041,0.09692747890949249,0.13903887569904327,0.11416113376617432,0.33825448155403137,0.10160968452692032,0.006388631649315357
da_as_nsr_mw_primary_reserve,da_as_as_req_mw_primary_reserve,0.126890167593956,0.029841363430023193,0.09692747890949249,0.13903887569904327,0.11416113376617432,0.33825448155403137,0.10160968452692032,0.006388631649315357
da_as_ss_mw_primary_reserve,gen_fuel_gas_pct,0.12676550447940826,0.026807211339473724,0.2092801183462143,0.2013477087020874,0.14371906220912933,0.04091513529419899,0.1945466548204422,0.020172687247395515
gen_fuel_gas_pct,da_as_ss_mw_primary_reserve,0.12676550447940826,0.015058430843055248,0.2092801183462143,0.2013477087020874,0.14371906220912933,0.04091513529419899,0.1945466548204422,0.020172687247395515
total_losses,total_pjm_reg_purchases,0.12673726677894592,0.013080735690891743,0.17760764062404633,0.21065779030323029,0.15534992516040802,0.027836637571454048,0.20655818283557892,0.03150925040245056
total_pjm_reg_purchases,total_losses,0.12673726677894592,0.015928087756037712,0.17760764062404633,0.21065779030323029,0.15534992516040802,0.027836637571454048,0.20655818283557892,0.03150925040245056
net_actual_interchange_mw,gen_fuel_coal_mw,0.12636776268482208,0.021703258156776428,0.18973618745803833,0.14331217110157013,0.1145348995923996,0.054984696209430695,0.24503600597381592,0.046440064907073975
gen_fuel_coal_mw,net_actual_interchange_mw,0.12636776268482208,0.010324179194867611,0.18973618745803833,0.14331217110157013,0.1145348995923996,0.054984696209430695,0.24503600597381592,0.046440064907073975
gen_fuel_wind_pct,total_lmp_rt,0.12604784965515137,0.022915201261639595,0.1566317230463028,0.18746304512023926,0.15219542384147644,0.05161278694868088,0.21764157712459564,0.03628813847899437
total_lmp_rt,gen_fuel_wind_pct,0.12604784965515137,0.008700380101799965,0.1566317230463028,0.18746304512023926,0.15219542384147644,0.05161278694868088,0.21764157712459564,0.03628813847899437
total_pjm_loc_credit,total_pjm_rmpcp_cr,0.12595798075199127,0.023573657497763634,0.0783611387014389,0.17616970837116241,0.12195805460214615,0.2874458432197571,0.12869392335414886,0.005656271241605282
total_pjm_rmpcp_cr,total_pjm_loc_credit,0.12595798075199127,0.03109651990234852,0.0783611387014389,0.17616970837116241,0.12195805460214615,0.2874458432197571,0.12869392335414886,0.005656271241605282
congestion_price_da,total_pjm_rmccp_cr,0.12543916702270508,0.019419819116592407,0.15266872942447662,0.09447173774242401,0.04853155463933945,0.14846976101398468,0.28065335750579834,0.05217365920543671
total_pjm_rmccp_cr,congestion_price_da,0.12543916702270508,0.011822113767266273,0.15266872942447662,0.09447173774242401,0.04853155463933945,0.14846976101398468,0.28065335750579834,0.05217365920543671
gen_fuel_hydro_mw,congestion_price_rt,0.12495958060026169,0.0129581019282341,0.22015702724456787,0.15889419615268707,0.11133519560098648,0.022440006956458092,0.2395986169576645,0.03710974007844925
congestion_price_rt,gen_fuel_hydro_mw,0.12495958060026169,0.017954250797629356,0.22015702724456787,0.15889419615268707,0.11133519560098648,0.022440006956458092,0.2395986169576645,0.03710974007844925
gen_fuel_other_renewables_mw,da_as_nsr_mw_primary_reserve,0.12452936917543411,0.0340573824942112,0.1776764839887619,0.20567066967487335,0.13740119338035583,0.071964792907238,0.18093350529670715,0.02112959511578083
da_as_nsr_mw_primary_reserve,gen_fuel_other_renewables_mw,0.12452936917543411,0.029286162927746773,0.1776764839887619,0.20567066967487335,0.13740119338035583,0.071964792907238,0.18093350529670715,0.02112959511578083
forecast_load_mw_latest_available,gross_sched_interchange_mw,0.12444599717855453,0.008263260126113892,0.1857786923646927,0.176125630736351,0.1437128186225891,0.02440362051129341,0.22677500545978546,0.03464077413082123
gross_sched_interchange_mw,forecast_load_mw_latest_available,0.12444599717855453,0.030888209119439125,0.1857786923646927,0.176125630736351,0.1437128186225891,0.02440362051129341,0.22677500545978546,0.03464077413082123
gen_fuel_solar_mw,total_pjm_rmccp_cr,0.1243370994925499,0.032049212604761124,0.044262759387493134,0.1179501861333847,0.09146299213171005,0.37469419836997986,0.13012568652629852,0.016771219670772552
total_pjm_rmccp_cr,gen_fuel_solar_mw,0.1243370994925499,0.011718248948454857,0.044262759387493134,0.1179501861333847,0.09146299213171005,0.37469419836997986,0.13012568652629852,0.016771219670772552
gen_fuel_coal_mw,total_pjm_reg_purchases,0.1241036057472229,0.01013919897377491,0.16053420305252075,0.1776178926229477,0.1533491462469101,0.03506184369325638,0.22187300026416779,0.03998659923672676
total_pjm_reg_purchases,gen_fuel_coal_mw,0.1241036057472229,0.015597094781696796,0.16053420305252075,0.1776178926229477,0.1533491462469101,0.03506184369325638,0.22187300026416779,0.03998659923672676
marginal_loss_price_da,net_actual_interchange_mw,0.12405718863010406,0.012913649901747704,0.06719320267438889,0.2091047465801239,0.14873376488685608,0.07164923846721649,0.22457237541675568,0.06274352222681046
net_actual_interchange_mw,marginal_loss_price_da,0.12405718863010406,0.021306423470377922,0.06719320267438889,0.2091047465801239,0.14873376488685608,0.07164923846721649,0.22457237541675568,0.06274352222681046
gen_fuel_solar_mw,total_gen,0.12400021404027939,0.031962376087903976,0.20177219808101654,0.20263570547103882,0.13932599127292633,0.04316885024309158,0.18342651426792145,0.02137218602001667
total_gen,gen_fuel_solar_mw,0.12400021404027939,0.008236410096287727,0.20177219808101654,0.20263570547103882,0.13932599127292633,0.04316885024309158,0.18342651426792145,0.02137218602001667
net_inadv_interchange_mw,total_pjm_reg_purchases,0.12398207187652588,0.053870026022195816,0.209576815366745,0.20857778191566467,0.13691279292106628,0.010586582124233246,0.20523564517498016,0.02262459695339203
total_pjm_reg_purchases,net_inadv_interchange_mw,0.12398207187652588,0.015581821091473103,0.209576815366745,0.20857778191566467,0.13691279292106628,0.010586582124233246,0.20523564517498016,0.02262459695339203
gen_fuel_nuclear_mw,gen_fuel_oil_mw,0.12392045557498932,0.012898804619908333,0.14075163006782532,0.0226360522210598,0.02741938829421997,0.3722505271434784,0.17283521592617035,0.02173040062189102
gen_fuel_oil_mw,gen_fuel_nuclear_mw,0.12392045557498932,0.009823592379689217,0.14075163006782532,0.0226360522210598,0.02741938829421997,0.3722505271434784,0.17283521592617035,0.02173040062189102
gross_inadv_interchange_mw,gen_fuel_solar_pct,0.12369649857282639,0.016826193779706955,0.2375158965587616,0.1835022270679474,0.11809267848730087,0.019247910007834435,0.20664922893047333,0.022272711619734764
gen_fuel_solar_pct,gross_inadv_interchange_mw,0.12369649857282639,0.031990185379981995,0.2375158965587616,0.1835022270679474,0.11809267848730087,0.019247910007834435,0.20664922893047333,0.022272711619734764
gross_actual_interchange_mw,da_as_ss_mw_synchronized_reserve,0.12347247451543808,0.018572315573692322,0.20026446878910065,0.20420590043067932,0.12989018857479095,0.03672149404883385,0.19032242894172668,0.025568263605237007
da_as_ss_mw_synchronized_reserve,gross_actual_interchange_mw,0.12347247451543808,0.025695089250802994,0.20026446878910065,0.20420590043067932,0.12989018857479095,0.03672149404883385,0.19032242894172668,0.025568263605237007
gross_actual_interchange_mw,da_as_ss_mw_thirty_minutes_reserve,0.1234130933880806,0.01856338419020176,0.18123361468315125,0.1977737993001938,0.14559528231620789,0.037802986800670624,0.20172256231307983,0.02466331049799919
da_as_ss_mw_thirty_minutes_reserve,gross_actual_interchange_mw,0.1234130933880806,0.027978431433439255,0.18123361468315125,0.1977737993001938,0.14559528231620789,0.037802986800670624,0.20172256231307983,0.02466331049799919
da_as_mcp_synchronized_reserve,total_pjm_rmpcp_cr,0.12324415892362595,0.011532176285982132,0.04216255247592926,0.22324977815151215,0.19671404361724854,0.11334017664194107,0.1776185780763626,0.036755822598934174
total_pjm_rmpcp_cr,da_as_mcp_synchronized_reserve,0.12324415892362595,0.03042653203010559,0.04216255247592926,0.22324977815151215,0.19671404361724854,0.11334017664194107,0.1776185780763626,0.036755822598934174
gen_fuel_oil_mw,gen_fuel_solar_mw,0.12311221659183502,0.009759520180523396,0.12606142461299896,0.21155044436454773,0.14492082595825195,0.08471967279911041,0.18388685584068298,0.03299276903271675
gen_fuel_solar_mw,gen_fuel_oil_mw,0.12311221659183502,0.03173348680138588,0.12606142461299896,0.21155044436454773,0.14492082595825195,0.08471967279911041,0.18388685584068298,0.03299276903271675
metered_load_mw,gross_sched_interchange_mw,0.12307226657867432,0.008092720061540604,0.19432763755321503,0.20083758234977722,0.12384486943483353,0.024511238560080528,0.20746415853500366,0.032007768750190735
gross_sched_interchange_mw,metered_load_mw,0.12307226657867432,0.030547240749001503,0.19432763755321503,0.20083758234977722,0.12384486943483353,0.024511238560080528,0.20746415853500366,0.032007768750190735
congestion_price_da,total_pjm_loc_credit,0.12298117578029633,0.01903928630053997,0.18620182573795319,0.20506590604782104,0.12566111981868744,0.03991691395640373,0.20107218623161316,0.026367707177996635
total_pjm_loc_credit,congestion_price_da,0.12298117578029633,0.023016532883048058,0.18620182573795319,0.20506590604782104,0.12566111981868744,0.03991691395640373,0.20107218623161316,0.026367707177996635
da_as_total_mw_synchronized_reserve,total_gen,0.12291214615106583,0.021016689017415047,0.1638258844614029,0.1709318608045578,0.11725816130638123,0.09802977740764618,0.1970507949590683,0.030364686623215675
total_gen,da_as_total_mw_synchronized_reserve,0.12291214615106583,0.008164137601852417,0.1638258844614029,0.1709318608045578,0.11725816130638123,0.09802977740764618,0.1970507949590683,0.030364686623215675
gen_fuel_hydro_pct,da_as_nsr_mw_primary_reserve,0.1227814257144928,0.016030803322792053,0.16675418615341187,0.07168180495500565,0.06304443627595901,0.13260811567306519,0.2491651475429535,0.06894052028656006
da_as_nsr_mw_primary_reserve,gen_fuel_hydro_pct,0.1227814257144928,0.028875090181827545,0.16675418615341187,0.07168180495500565,0.06304443627595901,0.13260811567306519,0.2491651475429535,0.06894052028656006
forecast_load_mw_latest_available,da_as_nsr_mw_primary_reserve,0.12246939539909363,0.00813201256096363,0.1520095318555832,0.19868116080760956,0.12724006175994873,0.08810311555862427,0.18006546795368195,0.031151771545410156
da_as_nsr_mw_primary_reserve,forecast_load_mw_latest_available,0.12246939539909363,0.028801709413528442,0.1520095318555832,0.19868116080760956,0.12724006175994873,0.08810311555862427,0.18006546795368195,0.031151771545410156
gen_fuel_coal_pct,congestion_price_da,0.12238474190235138,0.014202088117599487,0.19530557096004486,0.12189625203609467,0.05738357454538345,0.16839931905269623,0.1980876922607422,0.023541955277323723
congestion_price_da,gen_fuel_coal_pct,0.12238474190235138,0.018946949392557144,0.19530557096004486,0.12189625203609467,0.05738357454538345,0.16839931905269623,0.1980876922607422,0.023541955277323723
gen_fuel_gas_mw,total_pjm_reg_purchases,0.12234392017126083,0.00857875868678093,0.18472887575626373,0.19550225138664246,0.1139102354645729,0.049495842307806015,0.19886280596256256,0.0332760214805603
total_pjm_reg_purchases,gen_fuel_gas_mw,0.12234392017126083,0.015375941060483456,0.18472887575626373,0.19550225138664246,0.1139102354645729,0.049495842307806015,0.19886280596256256,0.0332760214805603
total_losses,da_as_total_mw_thirty_minutes_reserve,0.1217946857213974,0.012570604681968689,0.1705591231584549,0.1794978678226471,0.14648184180259705,0.037555862218141556,0.20675723254680634,0.033829204738140106
da_as_total_mw_thirty_minutes_reserve,total_losses,0.1217946857213974,0.014613842591643333,0.1705591231584549,0.1794978678226471,0.14648184180259705,0.037555862218141556,0.20675723254680634,0.033829204738140106
da_as_ss_mw_synchronized_reserve,da_as_as_req_mw_primary_reserve,0.12165384739637375,0.025316625833511353,0.08198441565036774,0.1325477510690689,0.1095537543296814,0.3080352544784546,0.11889580637216568,0.012314178049564362
da_as_as_req_mw_primary_reserve,da_as_ss_mw_synchronized_reserve,0.12165384739637375,0.015533308498561382,0.08198441565036774,0.1325477510690689,0.1095537543296814,0.3080352544784546,0.11889580637216568,0.012314178049564362
gross_sched_interchange_mw,gen_fuel_solar_mw,0.12131097167730331,0.030110077932476997,0.1721774786710739,0.17620603740215302,0.15842342376708984,0.009081358090043068,0.2221830189228058,0.03546365723013878
gen_fuel_solar_mw,gross_sched_interchange_mw,0.12131097167730331,0.031269196420907974,0.1721774786710739,0.17620603740215302,0.15842342376708984,0.009081358090043068,0.2221830189228058,0.03546365723013878
gen_fuel_other_renewables_mw,da_as_total_mw_primary_reserve,0.12126987427473068,0.03316594660282135,0.18270105123519897,0.2063286304473877,0.11853139847517014,0.06711699813604355,0.1756691187620163,0.022147556766867638
da_as_total_mw_primary_reserve,gen_fuel_other_renewables_mw,0.12126987427473068,0.016641218215227127,0.18270105123519897,0.2063286304473877,0.11853139847517014,0.06711699813604355,0.1756691187620163,0.022147556766867638
total_pjm_loc_credit,forecast_load_mw_day_ahead,0.12124287337064743,0.02269120141863823,0.18384084105491638,0.16436636447906494,0.14042909443378448,0.07061246037483215,0.18615300953388214,0.024716654792428017
forecast_load_mw_day_ahead,total_pjm_loc_credit,0.12124287337064743,0.008218018338084221,0.18384084105491638,0.16436636447906494,0.14042909443378448,0.07061246037483215,0.18615300953388214,0.024716654792428017
gross_actual_interchange_mw,marginal_loss_price_da,0.12091778963804245,0.018188050016760826,0.21543408930301666,0.1757926642894745,0.1109759658575058,0.027404313907027245,0.20595741271972656,0.030663706362247467
marginal_loss_price_da,gross_actual_interchange_mw,0.12091778963804245,0.012586856260895729,0.21543408930301666,0.1757926642894745,0.1109759658575058,0.027404313907027245,0.20595741271972656,0.030663706362247467
da_as_mcp_primary_reserve,rmpcp,0.1208396852016449,0.0128867756575346,0.09323228895664215,0.23692519962787628,0.18848925828933716,0.050257761031389236,0.17702211439609528,0.031805429607629776
rmpcp,da_as_mcp_primary_reserve,0.1208396852016449,0.03256940096616745,0.09323228895664215,0.23692519962787628,0.18848925828933716,0.050257761031389236,0.17702211439609528,0.031805429607629776
da_as_total_mw_thirty_minutes_reserve,congestion_price_da,0.11980656534433365,0.01437529269605875,0.0869252011179924,0.08422963321208954,0.07111511379480362,0.18522457778453827,0.25661519169807434,0.05666431039571762
congestion_price_da,da_as_total_mw_thirty_minutes_reserve,0.11980656534433365,0.01854780875146389,0.0869252011179924,0.08422963321208954,0.07111511379480362,0.18522457778453827,0.25661519169807434,0.05666431039571762
gen_fuel_wind_mw,gen_fuel_oil_pct,0.11978813260793686,0.032450441271066666,0.16984713077545166,0.2149531990289688,0.14480413496494293,0.03788239508867264,0.1805119514465332,0.02035338617861271
gen_fuel_oil_pct,gen_fuel_wind_mw,0.11978813260793686,0.01105786208063364,0.16984713077545166,0.2149531990289688,0.14480413496494293,0.03788239508867264,0.1805119514465332,0.02035338617861271
gen_fuel_coal_pct,gen_fuel_multiple_fuels_mw,0.1196124404668808,0.013880377635359764,0.15016496181488037,0.1723921000957489,0.12144310027360916,0.050348274409770966,0.2135717272758484,0.046677157282829285
gen_fuel_multiple_fuels_mw,gen_fuel_coal_pct,0.1196124404668808,0.01285247690975666,0.15016496181488037,0.1723921000957489,0.12144310027360916,0.050348274409770966,0.2135717272758484,0.046677157282829285
da_as_ss_mw_thirty_minutes_reserve,total_pjm_self_sched_reg,0.11951065063476562,0.02709372527897358,0.17296798527240753,0.14148056507110596,0.11477725952863693,0.057668596506118774,0.22152665257453918,0.04321834444999695
total_pjm_self_sched_reg,da_as_ss_mw_thirty_minutes_reserve,0.11951065063476562,0.06002173200249672,0.17296798527240753,0.14148056507110596,0.11477725952863693,0.057668596506118774,0.22152665257453918,0.04321834444999695
total_pjm_self_sched_reg,da_as_ss_mw_synchronized_reserve,0.11926888674497604,0.05990031361579895,0.1710258424282074,0.14914311468601227,0.09619417786598206,0.05553324520587921,0.22223041951656342,0.052177514880895615
da_as_ss_mw_synchronized_reserve,total_pjm_self_sched_reg,0.11926888674497604,0.02482030726969242,0.1710258424282074,0.14914311468601227,0.09619417786598206,0.05553324520587921,0.22223041951656342,0.052177514880895615
total_pjm_rmpcp_cr,da_as_mcp_primary_reserve,0.11860201507806778,0.02928047813475132,0.09683842957019806,0.24155688285827637,0.16274042427539825,0.08973812311887741,0.15018828213214874,0.02177867852151394
da_as_mcp_primary_reserve,total_pjm_rmpcp_cr,0.11860201507806778,0.0126481419429183,0.09683842957019806,0.24155688285827637,0.16274042427539825,0.08973812311887741,0.15018828213214874,0.02177867852151394
da_as_nsr_mw_primary_reserve,gen_fuel_coal_mw,0.11846882104873657,0.02786087431013584,0.1569468080997467,0.17567585408687592,0.12838637828826904,0.10529424995183945,0.1709141880273819,0.01714968867599964
gen_fuel_coal_mw,da_as_nsr_mw_primary_reserve,0.11846882104873657,0.009678839705884457,0.1569468080997467,0.17567585408687592,0.12838637828826904,0.10529424995183945,0.1709141880273819,0.01714968867599964
da_as_total_mw_synchronized_reserve,gen_fuel_wind_mw,0.11815415322780609,0.02020312286913395,0.18905426561832428,0.1962372362613678,0.11885964125394821,0.029421430081129074,0.18725800514221191,0.030353909358382225
gen_fuel_wind_mw,da_as_total_mw_synchronized_reserve,0.11815415322780609,0.03200779855251312,0.18905426561832428,0.1962372362613678,0.11885964125394821,0.029421430081129074,0.18725800514221191,0.030353909358382225
net_inadv_interchange_mw,gen_fuel_coal_mw,0.1178533211350441,0.05120709165930748,0.17805886268615723,0.17646682262420654,0.14792588353157043,0.017918631434440613,0.20816516876220703,0.025155507028102875
gen_fuel_coal_mw,net_inadv_interchange_mw,0.1178533211350441,0.009628553874790668,0.17805886268615723,0.17646682262420654,0.14792588353157043,0.017918631434440613,0.20816516876220703,0.025155507028102875
congestion_price_da,gen_fuel_nuclear_mw,0.11777228862047195,0.01823287457227707,0.19718535244464874,0.08517462015151978,0.04287630692124367,0.22357839345932007,0.1737813651561737,0.010584753006696701
gen_fuel_nuclear_mw,congestion_price_da,0.11777228862047195,0.012258845381438732,0.19718535244464874,0.08517462015151978,0.04287630692124367,0.22357839345932007,0.1737813651561737,0.010584753006696701
da_as_ss_mw_primary_reserve,da_as_as_req_mw_synchronized_reserve,0.1173212081193924,0.02481001801788807,0.08808194100856781,0.13184094429016113,0.0909021720290184,0.3080228269100189,0.10380682349205017,0.011541410349309444
da_as_as_req_mw_synchronized_reserve,da_as_ss_mw_primary_reserve,0.1173212081193924,0.014628845266997814,0.08808194100856781,0.13184094429016113,0.0909021720290184,0.3080228269100189,0.10380682349205017,0.011541410349309444
gen_fuel_coal_pct,gen_fuel_wind_pct,0.11700235307216644,0.013577491044998169,0.14518113434314728,0.15277014672756195,0.11811735481023788,0.042372699826955795,0.22831492125988007,0.04987821355462074
gen_fuel_wind_pct,gen_fuel_coal_pct,0.11700235307216644,0.021270751953125,0.14518113434314728,0.15277014672756195,0.11811735481023788,0.042372699826955795,0.22831492125988007,0.04987821355462074
gen_fuel_multiple_fuels_mw,gross_actual_interchange_mw,0.11698447912931442,0.012570099905133247,0.18070240318775177,0.2004365473985672,0.12359834462404251,0.02210291288793087,0.1911127269268036,0.02817537635564804
gross_actual_interchange_mw,gen_fuel_multiple_fuels_mw,0.11698447912931442,0.0175964143127203,0.18070240318775177,0.2004365473985672,0.12359834462404251,0.02210291288793087,0.1911127269268036,0.02817537635564804
gross_sched_interchange_mw,total_losses,0.11670077592134476,0.028965801000595093,0.2463853657245636,0.20696789026260376,0.0970882996916771,0.012640327215194702,0.16501261293888092,0.015969615429639816
total_losses,gross_sched_interchange_mw,0.11670077592134476,0.012044855393469334,0.2463853657245636,0.20696789026260376,0.0970882996916771,0.012640327215194702,0.16501261293888092,0.015969615429639816
da_as_total_mw_synchronized_reserve,congestion_price_da,0.11657405644655228,0.0199329424649477,0.16637736558914185,0.18131467700004578,0.11085393279790878,0.0899856835603714,0.18147112429141998,0.01372807938605547
congestion_price_da,da_as_total_mw_synchronized_reserve,0.11657405644655228,0.01804737001657486,0.16637736558914185,0.18131467700004578,0.11085393279790878,0.0899856835603714,0.18147112429141998,0.01372807938605547
gen_fuel_nuclear_pct,da_as_total_mw_thirty_minutes_reserve,0.1162973940372467,0.008678087964653969,0.22387687861919403,0.15680456161499023,0.09621341526508331,0.05311564356088638,0.18844860792160034,0.018585607409477234
da_as_total_mw_thirty_minutes_reserve,gen_fuel_nuclear_pct,0.1162973940372467,0.013954236172139645,0.22387687861919403,0.15680456161499023,0.09621341526508331,0.05311564356088638,0.18844860792160034,0.018585607409477234
congestion_price_rt,gen_fuel_coal_pct,0.116241954267025,0.016701698303222656,0.11830509454011917,0.22039161622524261,0.14830216765403748,0.043880946934223175,0.1920708864927292,0.024599498137831688
gen_fuel_coal_pct,congestion_price_rt,0.116241954267025,0.013489251025021076,0.11830509454011917,0.22039161622524261,0.14830216765403748,0.043880946934223175,0.1920708864927292,0.024599498137831688
total_pjm_assigned_reg,total_losses,0.11609817296266556,0.020780399441719055,0.20387887954711914,0.21795159578323364,0.11424015462398529,0.02083781734108925,0.16789792478084564,0.018149549141526222
total_losses,total_pjm_assigned_reg,0.11609817296266556,0.011982659809291363,0.20387887954711914,0.21795159578323364,0.11424015462398529,0.02083781734108925,0.16789792478084564,0.018149549141526222
rmpcp,net_actual_interchange_mw,0.11607175320386887,0.03128432109951973,0.109507717192173,0.1628820300102234,0.1504804491996765,0.03846887871623039,0.2341560274362564,0.042776357382535934
net_actual_interchange_mw,rmpcp,0.11607175320386887,0.01993495225906372,0.109507717192173,0.1628820300102234,0.1504804491996765,0.03846887871623039,0.2341560274362564,0.042776357382535934
forecast_load_mw_day_ahead,net_actual_interchange_mw,0.1158192828297615,0.007850399240851402,0.18081602454185486,0.15549543499946594,0.12235689908266068,0.022516727447509766,0.21814203262329102,0.03488381579518318
net_actual_interchange_mw,forecast_load_mw_day_ahead,0.1158192828297615,0.019891589879989624,0.18081602454185486,0.15549543499946594,0.12235689908266068,0.022516727447509766,0.21814203262329102,0.03488381579518318
da_as_nsr_mw_primary_reserve,metered_load_mw,0.1154801994562149,0.02715802751481533,0.12391486763954163,0.1734805852174759,0.12850216031074524,0.10086001455783844,0.17928002774715424,0.027540111914277077
metered_load_mw,da_as_nsr_mw_primary_reserve,0.1154801994562149,0.007593497168272734,0.12391486763954163,0.1734805852174759,0.12850216031074524,0.10086001455783844,0.17928002774715424,0.027540111914277077
da_as_nsr_mw_primary_reserve,da_as_as_req_mw_thirty_minutes_reserve,0.11539780348539352,0.02713864855468273,0.07471538335084915,0.1118292510509491,0.09530732780694962,0.3465684652328491,0.08644438534975052,0.006153046153485775
da_as_as_req_mw_thirty_minutes_reserve,da_as_nsr_mw_primary_reserve,0.11539780348539352,0.015259663574397564,0.07471538335084915,0.1118292510509491,0.09530732780694962,0.3465684652328491,0.08644438534975052,0.006153046153485775
da_as_as_req_mw_primary_reserve,gen_fuel_oil_mw,0.11514895409345627,0.014702734537422657,0.1546805053949356,0.026278629899024963,0.061001963913440704,0.25131282210350037,0.18699240684509277,0.028092049062252045
gen_fuel_oil_mw,da_as_as_req_mw_primary_reserve,0.11514895409345627,0.009128245525062084,0.1546805053949356,0.026278629899024963,0.061001963913440704,0.25131282210350037,0.18699240684509277,0.028092049062252045
da_as_mcp_synchronized_reserve,da_as_ss_mw_synchronized_reserve,0.11507965624332428,0.010768208652734756,0.058158811181783676,0.11436539143323898,0.1047663539648056,0.25386789441108704,0.15946021676063538,0.02895471267402172
da_as_ss_mw_synchronized_reserve,da_as_mcp_synchronized_reserve,0.11507965624332428,0.023948512971401215,0.058158811181783676,0.11436539143323898,0.1047663539648056,0.25386789441108704,0.15946021676063538,0.02895471267402172
da_as_as_req_mw_synchronized_reserve,da_as_ss_mw_thirty_minutes_reserve,0.11501725763082504,0.014341563917696476,0.08892430365085602,0.12963934242725372,0.09697234630584717,0.31106477975845337,0.08881505578756332,0.005848996806889772
da_as_ss_mw_thirty_minutes_reserve,da_as_as_req_mw_synchronized_reserve,0.11501725763082504,0.026075048372149467,0.08892430365085602,0.12963934242725372,0.09697234630584717,0.31106477975845337,0.08881505578756332,0.005848996806889772
net_actual_interchange_mw,gen_fuel_wind_mw,0.11470191180706024,0.019699685275554657,0.17557169497013092,0.18859992921352386,0.12339387089014053,0.027469923719763756,0.19034148752689362,0.026226548478007317
gen_fuel_wind_mw,net_actual_interchange_mw,0.11470191180706024,0.03107259050011635,0.17557169497013092,0.18859992921352386,0.12339387089014053,0.027469923719763756,0.19034148752689362,0.026226548478007317
system_energy_price_da,gen_fuel_wind_pct,0.11456316709518433,0.008062083274126053,0.16531868278980255,0.1733713299036026,0.12498775869607925,0.03461359441280365,0.20256872475147247,0.028641344979405403
gen_fuel_wind_pct,system_energy_price_da,0.11456316709518433,0.020827313885092735,0.16531868278980255,0.1733713299036026,0.12498775869607925,0.03461359441280365,0.20256872475147247,0.028641344979405403
total_pjm_loc_credit,gen_fuel_coal_mw,0.1141081303358078,0.021355899050831795,0.12131774425506592,0.17463257908821106,0.12367475032806396,0.0984596535563469,0.18706177175045013,0.022138161584734917
gen_fuel_coal_mw,total_pjm_loc_credit,0.1141081303358078,0.0093225734308362,0.12131774425506592,0.17463257908821106,0.12367475032806396,0.0984596535563469,0.18706177175045013,0.022138161584734917
gross_actual_interchange_mw,da_as_ss_mw_primary_reserve,0.11403636634349823,0.017152968794107437,0.17102593183517456,0.18668201565742493,0.12308177351951599,0.027340667322278023,0.1957446038722992,0.02447664737701416
da_as_ss_mw_primary_reserve,gross_actual_interchange_mw,0.11403636634349823,0.024115370586514473,0.17102593183517456,0.18668201565742493,0.12308177351951599,0.027340667322278023,0.1957446038722992,0.02447664737701416
gen_fuel_storage_mw,forecast_load_mw_day_ahead,0.11388944089412689,0.01736190728843212,0.17121905088424683,0.18269820511341095,0.14802467823028564,0.029244864359498024,0.17971612513065338,0.019115472212433815
forecast_load_mw_day_ahead,gen_fuel_storage_mw,0.11388944089412689,0.007719591725617647,0.17121905088424683,0.18269820511341095,0.14802467823028564,0.029244864359498024,0.17971612513065338,0.019115472212433815
gen_fuel_gas_mw,da_as_total_mw_thirty_minutes_reserve,0.11380492895841599,0.007980003952980042,0.007166028488427401,0.16150863468647003,0.09613780677318573,0.10571135580539703,0.2504487633705139,0.0854305773973465
da_as_total_mw_thirty_minutes_reserve,gen_fuel_gas_mw,0.11380492895841599,0.013655171729624271,0.007166028488427401,0.16150863468647003,0.09613780677318573,0.10571135580539703,0.2504487633705139,0.0854305773973465
rmpcp,system_energy_price_da,0.11376231908798218,0.030661869794130325,0.020091764628887177,0.24020828306674957,0.18597236275672913,0.043655164539813995,0.20046187937259674,0.043188516050577164
system_energy_price_da,rmpcp,0.11376231908798218,0.008005726151168346,0.020091764628887177,0.24020828306674957,0.18597236275672913,0.043655164539813995,0.20046187937259674,0.043188516050577164
gen_fuel_multiple_fuels_pct,total_gen,0.11364078521728516,0.016328390687704086,0.1741350144147873,0.17035947740077972,0.09248752146959305,0.0494004487991333,0.1945897787809372,0.03614596277475357
total_gen,gen_fuel_multiple_fuels_pct,0.11364078521728516,0.007548310328274965,0.1741350144147873,0.17035947740077972,0.09248752146959305,0.0494004487991333,0.1945897787809372,0.03614596277475357
forecast_load_mw_latest_available,gen_fuel_solar_pct,0.11363422870635986,0.007545354310423136,0.08958005160093307,0.17371881008148193,0.14276190102100372,0.07210061699151993,0.20133686065673828,0.041898563504219055
gen_fuel_solar_pct,forecast_load_mw_latest_available,0.11363422870635986,0.02938789688050747,0.08958005160093307,0.17371881008148193,0.14276190102100372,0.07210061699151993,0.20133686065673828,0.041898563504219055
gen_fuel_multiple_fuels_pct,da_as_mcp_primary_reserve,0.1133948564529419,0.016293054446578026,0.11689521372318268,0.16360464692115784,0.16990076005458832,0.06263338774442673,0.19001160562038422,0.02354830875992775
da_as_mcp_primary_reserve,gen_fuel_multiple_fuels_pct,0.1133948564529419,0.01209283247590065,0.11689521372318268,0.16360464692115784,0.16990076005458832,0.06263338774442673,0.19001160562038422,0.02354830875992775
gen_fuel_coal_mw,gen_fuel_solar_pct,0.11323036253452301,0.009250860661268234,0.16399836540222168,0.1058824360370636,0.12848792970180511,0.041571423411369324,0.2334769368171692,0.04002735763788223
gen_fuel_solar_pct,gen_fuel_coal_mw,0.11323036253452301,0.029283449053764343,0.16399836540222168,0.1058824360370636,0.12848792970180511,0.041571423411369324,0.2334769368171692,0.04002735763788223
gen_fuel_storage_mw,net_inadv_interchange_mw,0.11297982931137085,0.017223240807652473,0.16670985519886017,0.1324535459280014,0.15586768090724945,0.01837577112019062,0.21498069167137146,0.030791020020842552
net_inadv_interchange_mw,gen_fuel_storage_mw,0.11297982931137085,0.04908956587314606,0.16670985519886017,0.1324535459280014,0.15586768090724945,0.01837577112019062,0.21498069167137146,0.030791020020842552
da_as_as_req_mw_synchronized_reserve,gen_fuel_wind_mw,0.11264762282371521,0.014046093448996544,0.14660072326660156,0.08976123481988907,0.10196591168642044,0.09366019070148468,0.2263251543045044,0.044787775725126266
gen_fuel_wind_mw,da_as_as_req_mw_synchronized_reserve,0.11264762282371521,0.030516086146235466,0.14660072326660156,0.08976123481988907,0.10196591168642044,0.09366019070148468,0.2263251543045044,0.044787775725126266
total_losses,total_pjm_loc_credit,0.11261668801307678,0.011623330414295197,0.1395435333251953,0.13502250611782074,0.12165731191635132,0.07018604129552841,0.21985149383544922,0.028373492881655693
total_pjm_loc_credit,total_losses,0.11261668801307678,0.02107676863670349,0.1395435333251953,0.13502250611782074,0.12165731191635132,0.07018604129552841,0.21985149383544922,0.028373492881655693
gen_fuel_storage_mw,rmpcp,0.11259891092777252,0.0171651728451252,0.10821186751127243,0.2138284146785736,0.18268133699893951,0.0,0.18603649735450745,0.03435607627034187
rmpcp,gen_fuel_storage_mw,0.11259891092777252,0.03034830093383789,0.10821186751127243,0.2138284146785736,0.18268133699893951,0.0,0.18603649735450745,0.03435607627034187
total_pjm_assigned_reg,da_as_mcp_synchronized_reserve,0.11242382973432541,0.020122729241847992,0.18076738715171814,0.2037753462791443,0.08728689700365067,0.07897017151117325,0.145029217004776,0.01842379942536354
da_as_mcp_synchronized_reserve,total_pjm_assigned_reg,0.11242382973432541,0.01051969826221466,0.18076738715171814,0.2037753462791443,0.08728689700365067,0.07897017151117325,0.145029217004776,0.01842379942536354
total_pjm_rmccp_cr,total_pjm_self_sched_reg,0.11215179413557053,0.01056983508169651,0.041853368282318115,0.06305776536464691,0.029780952259898186,0.4630476236343384,0.08365087956190109,0.006950195878744125
total_pjm_self_sched_reg,total_pjm_rmccp_cr,0.11215179413557053,0.05632590129971504,0.041853368282318115,0.06305776536464691,0.029780952259898186,0.4630476236343384,0.08365087956190109,0.006950195878744125
gen_fuel_wind_mw,forecast_load_mw_day_ahead,0.11206966638565063,0.03035951964557171,0.190555602312088,0.17851583659648895,0.11714349687099457,0.025943860411643982,0.18525820970535278,0.0185757577419281
forecast_load_mw_day_ahead,gen_fuel_wind_mw,0.11206966638565063,0.007596244569867849,0.190555602312088,0.17851583659648895,0.11714349687099457,0.025943860411643982,0.18525820970535278,0.0185757577419281
gen_fuel_storage_mw,gen_fuel_multiple_fuels_mw,0.11165755987167358,0.01702166721224785,0.1897141933441162,0.17607465386390686,0.12200760096311569,0.023654870688915253,0.17743636667728424,0.022878050804138184
gen_fuel_multiple_fuels_mw,gen_fuel_storage_mw,0.11165755987167358,0.011997717432677746,0.1897141933441162,0.17607465386390686,0.12200760096311569,0.023654870688915253,0.17743636667728424,0.022878050804138184
total_pjm_rmccp_cr,gross_actual_interchange_mw,0.11138419061899185,0.01049749180674553,0.06042161583900452,0.2009647786617279,0.13021808862686157,0.1440454125404358,0.15530316531658173,0.021032506600022316
gross_actual_interchange_mw,total_pjm_rmccp_cr,0.11138419061899185,0.016754036769270897,0.06042161583900452,0.2009647786617279,0.13021808862686157,0.1440454125404358,0.15530316531658173,0.021032506600022316
total_pjm_rmccp_cr,da_as_total_mw_primary_reserve,0.11134656518697739,0.010493945330381393,0.059188731014728546,0.009869292378425598,0.012422658503055573,0.4971292018890381,0.09214617311954498,0.0059960996732115746
da_as_total_mw_primary_reserve,total_pjm_rmccp_cr,0.11134656518697739,0.015279495157301426,0.059188731014728546,0.009869292378425598,0.012422658503055573,0.4971292018890381,0.09214617311954498,0.0059960996732115746
gen_fuel_other_renewables_mw,gross_actual_interchange_mw,0.1111680418252945,0.03040320985019207,0.16660676896572113,0.16897223889827728,0.12253937125205994,0.03004133701324463,0.19444887340068817,0.02591612935066223
gross_actual_interchange_mw,gen_fuel_other_renewables_mw,0.1111680418252945,0.01672152429819107,0.16660676896572113,0.16897223889827728,0.12253937125205994,0.03004133701324463,0.19444887340068817,0.02591612935066223
total_pjm_rmpcp_cr,gen_fuel_storage_mw,0.11110429465770721,0.02742944099009037,0.11985494941473007,0.23292045295238495,0.14980335533618927,0.038882166147232056,0.15372389554977417,0.02094910480082035
gen_fuel_storage_mw,total_pjm_rmpcp_cr,0.11110429465770721,0.01693732477724552,0.11985494941473007,0.23292045295238495,0.14980335533618927,0.038882166147232056,0.15372389554977417,0.02094910480082035
gross_actual_interchange_mw,rmccp,0.11108995229005814,0.01670977845788002,0.05864882841706276,0.16872458159923553,0.11485790461301804,0.17661930620670319,0.16593307256698608,0.021053526550531387
rmccp,gross_actual_interchange_mw,0.11108995229005814,0.01247874554246664,0.05864882841706276,0.16872458159923553,0.11485790461301804,0.17661930620670319,0.16593307256698608,0.021053526550531387
congestion_price_da,gen_fuel_storage_mw,0.11073637753725052,0.0171436108648777,0.12865836918354034,0.13446511328220367,0.14145681262016296,0.026232106611132622,0.22633016109466553,0.04397986829280853
gen_fuel_storage_mw,congestion_price_da,0.11073637753725052,0.01688123680651188,0.12865836918354034,0.13446511328220367,0.14145681262016296,0.026232106611132622,0.22633016109466553,0.04397986829280853
total_pjm_assigned_reg,gen_fuel_oil_pct,0.11070270836353302,0.019814664497971535,0.19393332302570343,0.15856851637363434,0.11859937757253647,0.0253304373472929,0.19034770131111145,0.019193556159734726
gen_fuel_oil_pct,total_pjm_assigned_reg,0.11070270836353302,0.010219169780611992,0.19393332302570343,0.15856851637363434,0.11859937757253647,0.0253304373472929,0.19034770131111145,0.019193556159734726
gen_fuel_other_renewables_pct,gen_fuel_solar_pct,0.11061262339353561,0.010264473967254162,0.1107809990644455,0.18991895020008087,0.16372524201869965,0.03092852607369423,0.17888212203979492,0.033790361136198044
gen_fuel_solar_pct,gen_fuel_other_renewables_pct,0.11061262339353561,0.02860645391047001,0.1107809990644455,0.18991895020008087,0.16372524201869965,0.03092852607369423,0.17888212203979492,0.033790361136198044
da_as_as_req_mw_synchronized_reserve,total_pjm_rmpcp_cr,0.11042794585227966,0.013769320212304592,0.1456843465566635,0.07938326895236969,0.05896560102701187,0.19484616816043854,0.17880041897296906,0.027525220066308975
total_pjm_rmpcp_cr,da_as_as_req_mw_synchronized_reserve,0.11042794585227966,0.02726246416568756,0.1456843465566635,0.07938326895236969,0.05896560102701187,0.19484616816043854,0.17880041897296906,0.027525220066308975
da_as_nsr_mw_primary_reserve,gen_fuel_multiple_fuels_pct,0.11037575453519821,0.025957589969038963,0.1508004516363144,0.17955313622951508,0.10698246955871582,0.12087799608707428,0.13399676978588104,0.010555858723819256
gen_fuel_multiple_fuels_pct,da_as_nsr_mw_primary_reserve,0.11037575453519821,0.01585925742983818,0.1508004516363144,0.17955313622951508,0.10698246955871582,0.12087799608707428,0.13399676978588104,0.010555858723819256
gen_fuel_oil_pct,gen_fuel_solar_mw,0.11017420142889023,0.01017038244754076,0.08944205194711685,0.18925841152668,0.16026568412780762,0.06255479156970978,0.17020663619041443,0.03272196650505066
gen_fuel_solar_mw,gen_fuel_oil_pct,0.11017420142889023,0.028398573398590088,0.08944205194711685,0.18925841152668,0.16026568412780762,0.06255479156970978,0.17020663619041443,0.03272196650505066
gen_fuel_oil_mw,gross_actual_interchange_mw,0.11003007739782333,0.008722455240786076,0.17933440208435059,0.1799139529466629,0.09650745987892151,0.05464695021510124,0.1680075079202652,0.02098604291677475
gross_actual_interchange_mw,gen_fuel_oil_mw,0.11003007739782333,0.016550356522202492,0.17933440208435059,0.1799139529466629,0.09650745987892151,0.05464695021510124,0.1680075079202652,0.02098604291677475
gen_fuel_multiple_fuels_pct,gen_fuel_other_renewables_mw,0.11001908779144287,0.01580800861120224,0.16698847711086273,0.1451892852783203,0.0940762534737587,0.05321674421429634,0.196152463555336,0.036969952285289764
gen_fuel_other_renewables_mw,gen_fuel_multiple_fuels_pct,0.11001908779144287,0.030088983476161957,0.16698847711086273,0.1451892852783203,0.0940762534737587,0.05321674421429634,0.196152463555336,0.036969952285289764
gen_fuel_wind_mw,gen_fuel_solar_mw,0.10993639379739761,0.02978161908686161,0.18362294137477875,0.21045240759849548,0.11552850902080536,0.02021114155650139,0.15634770691394806,0.018077701330184937
gen_fuel_solar_mw,gen_fuel_wind_mw,0.10993639379739761,0.028337275609374046,0.18362294137477875,0.21045240759849548,0.11552850902080536,0.02021114155650139,0.15634770691394806,0.018077701330184937
gross_inadv_interchange_mw,congestion_price_rt,0.1096491813659668,0.014915364794433117,0.11854441463947296,0.22818946838378906,0.1380898803472519,0.027755707502365112,0.1670498549938202,0.025654345750808716
congestion_price_rt,gross_inadv_interchange_mw,0.1096491813659668,0.015754446387290955,0.11854441463947296,0.22818946838378906,0.1380898803472519,0.027755707502365112,0.1670498549938202,0.025654345750808716
da_as_ss_mw_thirty_minutes_reserve,da_as_mcp_synchronized_reserve,0.10959873348474503,0.0248466394841671,0.05658268928527832,0.1252613514661789,0.050763800740242004,0.26510491967201233,0.15023545920848846,0.03226814791560173
da_as_mcp_synchronized_reserve,da_as_ss_mw_thirty_minutes_reserve,0.10959873348474503,0.01025534886866808,0.05658268928527832,0.1252613514661789,0.050763800740242004,0.26510491967201233,0.15023545920848846,0.03226814791560173
rmpcp,da_as_total_mw_primary_reserve,0.10954037308692932,0.029523946344852448,0.05408783257007599,0.17100563645362854,0.12692387402057648,0.12143596261739731,0.19000451266765594,0.03300091251730919
da_as_total_mw_primary_reserve,rmpcp,0.10954037308692932,0.015031641349196434,0.05408783257007599,0.17100563645362854,0.12692387402057648,0.12143596261739731,0.19000451266765594,0.03300091251730919
da_as_total_mw_primary_reserve,gen_fuel_coal_pct,0.10860627889633179,0.014903460629284382,0.10795998573303223,0.12525850534439087,0.08773338049650192,0.09428063780069351,0.19975073635578156,0.05935656651854515
gen_fuel_coal_pct,da_as_total_mw_primary_reserve,0.10860627889633179,0.012603172101080418,0.10795998573303223,0.12525850534439087,0.08773338049650192,0.09428063780069351,0.19975073635578156,0.05935656651854515
total_lmp_da,rmpcp,0.10855250060558319,0.0074765561148524284,0.015293276868760586,0.23470167815685272,0.1633991152048111,0.05998729541897774,0.1817016750574112,0.04269057512283325
rmpcp,total_lmp_da,0.10855250060558319,0.02925768867135048,0.015293276868760586,0.23470167815685272,0.1633991152048111,0.05998729541897774,0.1817016750574112,0.04269057512283325
gen_fuel_solar_pct,gen_fuel_wind_mw,0.10816626995801926,0.027973782271146774,0.15288542211055756,0.1744561344385147,0.13720467686653137,0.03166349604725838,0.16627176105976105,0.027329402044415474
gen_fuel_wind_mw,gen_fuel_solar_pct,0.10816626995801926,0.029302094131708145,0.15288542211055756,0.1744561344385147,0.13720467686653137,0.03166349604725838,0.16627176105976105,0.027329402044415474
gen_fuel_multiple_fuels_mw,congestion_price_da,0.10815592110157013,0.011621462181210518,0.09291756898164749,0.015058587305247784,0.07618588209152222,0.141018345952034,0.2742331027984619,0.06363781541585922
congestion_price_da,gen_fuel_multiple_fuels_mw,0.10815592110157013,0.01674412004649639,0.09291756898164749,0.015058587305247784,0.07618588209152222,0.141018345952034,0.2742331027984619,0.06363781541585922
gen_fuel_oil_mw,net_inadv_interchange_mw,0.10792335867881775,0.008555448614060879,0.1591344028711319,0.17019237577915192,0.12985803186893463,0.016878874972462654,0.19460542500019073,0.020870957523584366
net_inadv_interchange_mw,gen_fuel_oil_mw,0.10792335867881775,0.04689253866672516,0.1591344028711319,0.17019237577915192,0.12985803186893463,0.016878874972462654,0.19460542500019073,0.020870957523584366
gen_fuel_other_renewables_pct,gen_fuel_storage_mw,0.10749154537916183,0.009974848479032516,0.15877988934516907,0.17830879986286163,0.15503768622875214,0.016290150582790375,0.16207660734653473,0.019674435257911682
gen_fuel_storage_mw,gen_fuel_other_renewables_pct,0.10749154537916183,0.016386577859520912,0.15877988934516907,0.17830879986286163,0.15503768622875214,0.016290150582790375,0.16207660734653473,0.019674435257911682
net_inadv_interchange_mw,metered_load_mw,0.10739512741565704,0.04666302353143692,0.1949467808008194,0.17716702818870544,0.11531423032283783,0.012740381062030792,0.17259109020233154,0.014904115349054337
metered_load_mw,net_inadv_interchange_mw,0.10739512741565704,0.007061856798827648,0.1949467808008194,0.17716702818870544,0.11531423032283783,0.012740381062030792,0.17259109020233154,0.014904115349054337
net_inadv_interchange_mw,total_gen,0.10734901577234268,0.046642985194921494,0.18199557065963745,0.18043296039104462,0.12134851515293121,0.006901275832206011,0.18196982145309448,0.016136586666107178
total_gen,net_inadv_interchange_mw,0.10734901577234268,0.007130395155400038,0.18199557065963745,0.18043296039104462,0.12134851515293121,0.006901275832206011,0.18196982145309448,0.016136586666107178
rmccp,congestion_price_da,0.10721936821937561,0.012043962255120277,0.18471212685108185,0.09719602018594742,0.05007694661617279,0.08705092966556549,0.20774683356285095,0.03921819478273392
congestion_price_da,rmccp,0.10721936821937561,0.016599128022789955,0.18471212685108185,0.09719602018594742,0.05007694661617279,0.08705092966556549,0.20774683356285095,0.03921819478273392
gen_fuel_solar_pct,gen_fuel_wind_pct,0.10705234110355377,0.027685699984431267,0.15607579052448273,0.2051231861114502,0.12496192008256912,0.02551513910293579,0.15088269114494324,0.022776221856474876
gen_fuel_wind_pct,gen_fuel_solar_pct,0.10705234110355377,0.01946186274290085,0.15607579052448273,0.2051231861114502,0.12496192008256912,0.02551513910293579,0.15088269114494324,0.022776221856474876
da_as_as_req_mw_primary_reserve,total_pjm_rmpcp_cr,0.1068975105881691,0.013649153523147106,0.15701450407505035,0.08583950251340866,0.020450297743082047,0.2393018752336502,0.14091303944587708,0.017067566514015198
total_pjm_rmpcp_cr,da_as_as_req_mw_primary_reserve,0.1068975105881691,0.026390869170427322,0.15701450407505035,0.08583950251340866,0.020450297743082047,0.2393018752336502,0.14091303944587708,0.017067566514015198
da_as_as_req_mw_synchronized_reserve,da_as_ss_mw_synchronized_reserve,0.10641209036111832,0.013268580660223961,0.06641559302806854,0.112548828125,0.09604118764400482,0.30125436186790466,0.0841486006975174,0.006519234739243984
da_as_ss_mw_synchronized_reserve,da_as_as_req_mw_synchronized_reserve,0.10641209036111832,0.022144759073853493,0.06641559302806854,0.112548828125,0.09604118764400482,0.30125436186790466,0.0841486006975174,0.006519234739243984
da_as_total_mw_primary_reserve,congestion_price_da,0.10576078295707703,0.014512987807393074,0.12389597296714783,0.1454906463623047,0.08372115343809128,0.11904362589120865,0.17294950783252716,0.023018063977360725
congestion_price_da,da_as_total_mw_primary_reserve,0.10576078295707703,0.016373317688703537,0.12389597296714783,0.1454906463623047,0.08372115343809128,0.11904362589120865,0.17294950783252716,0.023018063977360725
gen_fuel_solar_pct,gross_sched_interchange_mw,0.10574640333652496,0.02734796144068241,0.17348897457122803,0.16429461538791656,0.11596685647964478,0.009222589433193207,0.1888875812292099,0.023267729207873344
gross_sched_interchange_mw,gen_fuel_solar_pct,0.10574640333652496,0.02624686248600483,0.17348897457122803,0.16429461538791656,0.11596685647964478,0.009222589433193207,0.1888875812292099,0.023267729207873344
gross_actual_interchange_mw,da_as_as_req_mw_synchronized_reserve,0.10542640835046768,0.015857888385653496,0.1340342015028,0.19693155586719513,0.13881604373455048,0.07806951552629471,0.11917562782764435,0.010221011005342007
da_as_as_req_mw_synchronized_reserve,gross_actual_interchange_mw,0.10542640835046768,0.013145675882697105,0.1340342015028,0.19693155586719513,0.13881604373455048,0.07806951552629471,0.11917562782764435,0.010221011005342007
da_as_ss_mw_thirty_minutes_reserve,gen_fuel_nuclear_mw,0.10541942715644836,0.023899167776107788,0.07179053127765656,0.08681539446115494,0.054231900721788406,0.2717009484767914,0.13739027082920074,0.029188232496380806
gen_fuel_nuclear_mw,da_as_ss_mw_thirty_minutes_reserve,0.10541942715644836,0.010973043739795685,0.07179053127765656,0.08681539446115494,0.054231900721788406,0.2717009484767914,0.13739027082920074,0.029188232496380806
total_lmp_da,net_inadv_interchange_mw,0.10531667619943619,0.007253688294440508,0.15703417360782623,0.15337799489498138,0.11191417276859283,0.01603921502828598,0.21038763225078583,0.023765550926327705
net_inadv_interchange_mw,total_lmp_da,0.10531667619943619,0.04575993865728378,0.15703417360782623,0.15337799489498138,0.11191417276859283,0.01603921502828598,0.21038763225078583,0.023765550926327705
rmccp,da_as_ss_mw_synchronized_reserve,0.1052488312125206,0.011822612024843693,0.06544314324855804,0.09010233730077744,0.1006147712469101,0.23942576348781586,0.14563465118408203,0.018333321437239647
da_as_ss_mw_synchronized_reserve,rmccp,0.1052488312125206,0.02190268039703369,0.06544314324855804,0.09010233730077744,0.1006147712469101,0.23942576348781586,0.14563465118408203,0.018333321437239647
total_pjm_rmpcp_cr,marginal_loss_price_rt,0.10512623190879822,0.02595357596874237,0.013308079913258553,0.15978512167930603,0.12145929038524628,0.19028840959072113,0.14939545094966888,0.030893253162503242
marginal_loss_price_rt,total_pjm_rmpcp_cr,0.10512623190879822,0.007193142082542181,0.013308079913258553,0.15978512167930603,0.12145929038524628,0.19028840959072113,0.14939545094966888,0.030893253162503242
total_pjm_loc_credit,total_pjm_assigned_reg,0.1050066202878952,0.019652506336569786,0.09779234230518341,0.08301083743572235,0.07050101459026337,0.22679558396339417,0.14886002242565155,0.025310389697551727
total_pjm_assigned_reg,total_pjm_loc_credit,0.1050066202878952,0.01879512332379818,0.09779234230518341,0.08301083743572235,0.07050101459026337,0.22679558396339417,0.14886002242565155,0.025310389697551727
total_pjm_reg_purchases,gen_fuel_gas_pct,0.1049845814704895,0.013194253668189049,0.16201044619083405,0.1559048742055893,0.09647591412067413,0.04454369097948074,0.17944729328155518,0.02707924321293831
gen_fuel_gas_pct,total_pjm_reg_purchases,0.1049845814704895,0.012471082620322704,0.16201044619083405,0.1559048742055893,0.09647591412067413,0.04454369097948074,0.17944729328155518,0.02707924321293831
gross_actual_interchange_mw,da_as_as_req_mw_primary_reserve,0.10497232526540756,0.015789585188031197,0.1271071434020996,0.18795561790466309,0.15545998513698578,0.06895153969526291,0.1296285092830658,0.00783606618642807
da_as_as_req_mw_primary_reserve,gross_actual_interchange_mw,0.10497232526540756,0.013403337448835373,0.1271071434020996,0.18795561790466309,0.15545998513698578,0.06895153969526291,0.1296285092830658,0.00783606618642807
total_pjm_rmpcp_cr,da_as_as_req_mw_thirty_minutes_reserve,0.1048770546913147,0.02589205838739872,0.13572587072849274,0.07983654737472534,0.08621657639741898,0.10728568583726883,0.20518319308757782,0.039262719452381134
da_as_as_req_mw_thirty_minutes_reserve,total_pjm_rmpcp_cr,0.1048770546913147,0.013868449255824089,0.13572587072849274,0.07983654737472534,0.08621657639741898,0.10728568583726883,0.20518319308757782,0.039262719452381134
net_inadv_interchange_mw,forecast_load_mw_latest_available,0.10472216457128525,0.045501623302698135,0.1772831529378891,0.1648421585559845,0.1217261478304863,0.0,0.1916133016347885,0.016540415585041046
forecast_load_mw_latest_available,net_inadv_interchange_mw,0.10472216457128525,0.0069535900838673115,0.1772831529378891,0.1648421585559845,0.1217261478304863,0.0,0.1916133016347885,0.016540415585041046
gen_fuel_gas_pct,total_pjm_loc_credit,0.10453136265277863,0.012417244724929333,0.10180524736642838,0.19426986575126648,0.11237616837024689,0.13311083614826202,0.11524653434753418,0.01114901714026928
total_pjm_loc_credit,gen_fuel_gas_pct,0.10453136265277863,0.01956355944275856,0.10180524736642838,0.19426986575126648,0.11237616837024689,0.13311083614826202,0.11524653434753418,0.01114901714026928
total_gen,gen_fuel_solar_pct,0.10447342693805695,0.006939391139894724,0.09794188290834427,0.1912088245153427,0.10256925970315933,0.06689785420894623,0.17341259121894836,0.032532285898923874
gen_fuel_solar_pct,total_gen,0.10447342693805695,0.027018746361136436,0.09794188290834427,0.1912088245153427,0.10256925970315933,0.06689785420894623,0.17341259121894836,0.032532285898923874
da_as_as_req_mw_thirty_minutes_reserve,gen_fuel_wind_mw,0.10441932827234268,0.013807921670377254,0.17321829497814178,0.13950936496257782,0.07612313330173492,0.09290055185556412,0.147710919380188,0.026155799627304077
gen_fuel_wind_mw,da_as_as_req_mw_thirty_minutes_reserve,0.10441932827234268,0.028287053108215332,0.17321829497814178,0.13950936496257782,0.07612313330173492,0.09290055185556412,0.147710919380188,0.026155799627304077
da_as_as_req_mw_primary_reserve,da_as_ss_mw_primary_reserve,0.10416489094495773,0.01330024003982544,0.0414554700255394,0.09450405091047287,0.10442878305912018,0.3054501712322235,0.0972333550453186,0.009400743059813976
da_as_ss_mw_primary_reserve,da_as_as_req_mw_primary_reserve,0.10416489094495773,0.022027840837836266,0.0414554700255394,0.09450405091047287,0.10442878305912018,0.3054501712322235,0.0972333550453186,0.009400743059813976
da_as_total_mw_thirty_minutes_reserve,total_pjm_assigned_reg,0.10404335707426071,0.01248390506953001,0.19414953887462616,0.18302202224731445,0.0805237740278244,0.03577990084886551,0.1481189727783203,0.019349442794919014
total_pjm_assigned_reg,da_as_total_mw_thirty_minutes_reserve,0.10404335707426071,0.018622709438204765,0.19414953887462616,0.18302202224731445,0.0805237740278244,0.03577990084886551,0.1481189727783203,0.019349442794919014
total_pjm_reg_purchases,gross_sched_interchange_mw,0.10382550954818726,0.013048584572970867,0.1667310893535614,0.16538141667842865,0.13128995895385742,0.008291537873446941,0.17770792543888092,0.016958137974143028
gross_sched_interchange_mw,total_pjm_reg_purchases,0.10382550954818726,0.02577008679509163,0.1667310893535614,0.16538141667842865,0.13128995895385742,0.008291537873446941,0.17770792543888092,0.016958137974143028
forecast_load_mw_day_ahead,rmccp,0.10378382354974747,0.007034617941826582,0.0651184469461441,0.11606690287590027,0.0758892223238945,0.1907339245080948,0.18326503038406372,0.022011127322912216
rmccp,forecast_load_mw_day_ahead,0.10378382354974747,0.011658047325909138,0.0651184469461441,0.11606690287590027,0.0758892223238945,0.1907339245080948,0.18326503038406372,0.022011127322912216
gen_fuel_nuclear_pct,gen_fuel_wind_mw,0.10357377678155899,0.00772865442559123,0.1486792415380478,0.1476207673549652,0.09535630792379379,0.03098195232450962,0.19532378017902374,0.03640865907073021
gen_fuel_wind_mw,gen_fuel_nuclear_pct,0.10357377678155899,0.028057994320988655,0.1486792415380478,0.1476207673549652,0.09535630792379379,0.03098195232450962,0.19532378017902374,0.03640865907073021
gen_fuel_hydro_pct,da_as_total_mw_primary_reserve,0.10347894579172134,0.013510598801076412,0.1482309103012085,0.12979952991008759,0.09089589864015579,0.08536317199468613,0.17625188827514648,0.02322211302816868
da_as_total_mw_primary_reserve,gen_fuel_hydro_pct,0.10347894579172134,0.014199864119291306,0.1482309103012085,0.12979952991008759,0.09089589864015579,0.08536317199468613,0.17625188827514648,0.02322211302816868
da_as_as_req_mw_thirty_minutes_reserve,da_as_ss_mw_thirty_minutes_reserve,0.10300291329622269,0.013620621524751186,0.08180422335863113,0.10100910067558289,0.10274820774793625,0.24933110177516937,0.10418316721916199,0.008120405487716198
da_as_ss_mw_thirty_minutes_reserve,da_as_as_req_mw_thirty_minutes_reserve,0.10300291329622269,0.023351330310106277,0.08180422335863113,0.10100910067558289,0.10274820774793625,0.24933110177516937,0.10418316721916199,0.008120405487716198
gen_fuel_hydro_pct,total_pjm_assigned_reg,0.10300184786319733,0.013448307290673256,0.15288235247135162,0.13129299879074097,0.05495113506913185,0.061119869351387024,0.18881984055042267,0.05068272724747658
total_pjm_assigned_reg,gen_fuel_hydro_pct,0.10300184786319733,0.018436288461089134,0.15288235247135162,0.13129299879074097,0.05495113506913185,0.061119869351387024,0.18881984055042267,0.05068272724747658
total_pjm_rmccp_cr,forecast_load_mw_day_ahead,0.10299596935510635,0.009706936776638031,0.07856924831867218,0.12697170674800873,0.06056983396410942,0.25552067160606384,0.11378294229507446,0.010226836428046227
forecast_load_mw_day_ahead,total_pjm_rmccp_cr,0.10299596935510635,0.006981216371059418,0.07856924831867218,0.12697170674800873,0.06056983396410942,0.25552067160606384,0.11378294229507446,0.010226836428046227
da_as_total_mw_synchronized_reserve,marginal_loss_price_rt,0.10280457139015198,0.017578504979610443,0.04023592174053192,0.020358797162771225,0.029864568263292313,0.4343523383140564,0.09799664467573166,0.006152795162051916
marginal_loss_price_rt,da_as_total_mw_synchronized_reserve,0.10280457139015198,0.007034284994006157,0.04023592174053192,0.020358797162771225,0.029864568263292313,0.4343523383140564,0.09799664467573166,0.006152795162051916
gen_fuel_gas_pct,gen_fuel_other_renewables_mw,0.10267923772335052,0.012197230942547321,0.11636488139629364,0.1618230640888214,0.09192802011966705,0.035303905606269836,0.18540999293327332,0.05321050062775612
gen_fuel_other_renewables_mw,gen_fuel_gas_pct,0.10267923772335052,0.028081616386771202,0.11636488139629364,0.1618230640888214,0.09192802011966705,0.035303905606269836,0.18540999293327332,0.05321050062775612
rmpcp,total_pjm_reg_purchases,0.10253715515136719,0.027636399492621422,0.08911610394716263,0.13613829016685486,0.100253626704216,0.1134609580039978,0.1822098344564438,0.027595149353146553
total_pjm_reg_purchases,rmpcp,0.10253715515136719,0.01288666669279337,0.08911610394716263,0.13613829016685486,0.100253626704216,0.1134609580039978,0.1822098344564438,0.027595149353146553
gen_fuel_nuclear_mw,rmpcp,0.10251867026090622,0.010671106167137623,0.06446580588817596,0.11519376188516617,0.06838052719831467,0.24676023423671722,0.1331331729888916,0.01462177187204361
rmpcp,gen_fuel_nuclear_mw,0.10251867026090622,0.02763141691684723,0.06446580588817596,0.11519376188516617,0.06838052719831467,0.24676023423671722,0.1331331729888916,0.01462177187204361
rmpcp,da_as_as_req_mw_primary_reserve,0.10204669088125229,0.02750420570373535,0.0645877867937088,0.06997179239988327,0.08566518872976303,0.19894391298294067,0.18098343908786774,0.03437501937150955
da_as_as_req_mw_primary_reserve,rmpcp,0.10204669088125229,0.013029779307544231,0.0645877867937088,0.06997179239988327,0.08566518872976303,0.19894391298294067,0.18098343908786774,0.03437501937150955
gen_fuel_nuclear_mw,da_as_mcp_primary_reserve,0.10179394483566284,0.010595669969916344,0.08402686566114426,0.18246029317378998,0.09817231446504593,0.16565604507923126,0.10948522388935089,0.008976463228464127
da_as_mcp_primary_reserve,gen_fuel_nuclear_mw,0.10179394483566284,0.01085567008703947,0.08402686566114426,0.18246029317378998,0.09817231446504593,0.16565604507923126,0.10948522388935089,0.008976463228464127
gen_fuel_coal_mw,da_as_total_mw_synchronized_reserve,0.10145429521799088,0.008288761600852013,0.12191647291183472,0.1059301346540451,0.05194680020213127,0.10308004170656204,0.19169974327087402,0.05233829841017723
da_as_total_mw_synchronized_reserve,gen_fuel_coal_mw,0.10145429521799088,0.01734762266278267,0.12191647291183472,0.1059301346540451,0.05194680020213127,0.10308004170656204,0.19169974327087402,0.05233829841017723
gen_fuel_wind_pct,marginal_loss_price_rt,0.10129859298467636,0.018415845930576324,0.1092199981212616,0.13742730021476746,0.07751961052417755,0.1725139021873474,0.13405784964561462,0.009744526818394661
marginal_loss_price_rt,gen_fuel_wind_pct,0.10129859298467636,0.006931240204721689,0.1092199981212616,0.13742730021476746,0.07751961052417755,0.1725139021873474,0.13405784964561462,0.009744526818394661
total_pjm_assigned_reg,gen_fuel_oil_mw,0.10113520920276642,0.01810218021273613,0.1708277314901352,0.13003982603549957,0.09217607229948044,0.05547920614480972,0.1674267053604126,0.02324024587869644
gen_fuel_oil_mw,total_pjm_assigned_reg,0.10113520920276642,0.00801732949912548,0.1708277314901352,0.13003982603549957,0.09217607229948044,0.05547920614480972,0.1674267053604126,0.02324024587869644
gen_fuel_wind_mw,total_gen,0.10108395665884018,0.027383506298065186,0.17430932819843292,0.16075868904590607,0.10334214568138123,0.018953386694192886,0.1733514666557312,0.01568874903023243
total_gen,gen_fuel_wind_mw,0.10108395665884018,0.006714253686368465,0.17430932819843292,0.16075868904590607,0.10334214568138123,0.018953386694192886,0.1733514666557312,0.01568874903023243
gen_fuel_gas_pct,gen_fuel_storage_mw,0.10107142478227615,0.012006239965558052,0.16005074977874756,0.13759370148181915,0.13031704723834991,0.020264694467186928,0.18041430413722992,0.017893318086862564
gen_fuel_storage_mw,gen_fuel_gas_pct,0.10107142478227615,0.015407861210405827,0.16005074977874756,0.13759370148181915,0.13031704723834991,0.020264694467186928,0.18041430413722992,0.017893318086862564
gross_inadv_interchange_mw,gen_fuel_gas_pct,0.10105790942907333,0.013746710494160652,0.16187331080436707,0.14828523993492126,0.12202197313308716,0.0284415390342474,0.17547211050987244,0.012048785574734211
gen_fuel_gas_pct,gross_inadv_interchange_mw,0.10105790942907333,0.012004634365439415,0.16187331080436707,0.14828523993492126,0.12202197313308716,0.0284415390342474,0.17547211050987244,0.012048785574734211
gen_fuel_hydro_pct,gen_fuel_gas_pct,0.10095544904470444,0.01318112201988697,0.18901781737804413,0.10820505023002625,0.06991248577833176,0.028758127242326736,0.20455996692180634,0.03302175551652908
gen_fuel_gas_pct,gen_fuel_hydro_pct,0.10095544904470444,0.011992462910711765,0.18901781737804413,0.10820505023002625,0.06991248577833176,0.028758127242326736,0.20455996692180634,0.03302175551652908
gen_fuel_storage_mw,total_pjm_loc_credit,0.10082446038722992,0.015370212495326996,0.14161352813243866,0.15191131830215454,0.11763680726289749,0.04367075487971306,0.16093358397483826,0.025430763140320778
total_pjm_loc_credit,gen_fuel_storage_mw,0.10082446038722992,0.0188697949051857,0.14161352813243866,0.15191131830215454,0.11763680726289749,0.04367075487971306,0.16093358397483826,0.025430763140320778
rmccp,da_as_nsr_mw_primary_reserve,0.10078012943267822,0.011320642195641994,0.027681201696395874,0.023276466876268387,0.028012942522764206,0.4517517387866974,0.08226387947797775,0.0034056524746119976
da_as_nsr_mw_primary_reserve,rmccp,0.10078012943267822,0.02370094135403633,0.027681201696395874,0.023276466876268387,0.028012942522764206,0.4517517387866974,0.08226387947797775,0.0034056524746119976
total_pjm_rmpcp_cr,da_as_total_mw_synchronized_reserve,0.10057322680950165,0.024829529225826263,0.10862784087657928,0.11245641857385635,0.09365586191415787,0.15381935238838196,0.14775554835796356,0.017533011734485626
da_as_total_mw_synchronized_reserve,total_pjm_rmpcp_cr,0.10057322680950165,0.01719696819782257,0.10862784087657928,0.11245641857385635,0.09365586191415787,0.15381935238838196,0.14775554835796356,0.017533011734485626
total_lmp_da,gen_fuel_wind_pct,0.10054410994052887,0.006924977991729975,0.15646597743034363,0.14630334079265594,0.10674232244491577,0.04423386603593826,0.17008408904075623,0.017251204699277878
gen_fuel_wind_pct,total_lmp_da,0.10054410994052887,0.018278682604432106,0.15646597743034363,0.14630334079265594,0.10674232244491577,0.04423386603593826,0.17008408904075623,0.017251204699277878
da_as_as_req_mw_primary_reserve,gen_fuel_wind_mw,0.10050821304321289,0.012833339162170887,0.13227421045303345,0.07389561831951141,0.08541344106197357,0.08039970695972443,0.20326435565948486,0.04831571504473686
gen_fuel_wind_mw,da_as_as_req_mw_primary_reserve,0.10050821304321289,0.02722753770649433,0.13227421045303345,0.07389561831951141,0.08541344106197357,0.08039970695972443,0.20326435565948486,0.04831571504473686
gen_fuel_coal_mw,da_as_mcp_primary_reserve,0.10032910108566284,0.008196834474802017,0.193985253572464,0.07797104120254517,0.056525569409132004,0.14045563340187073,0.14780640602111816,0.010305655188858509
da_as_mcp_primary_reserve,gen_fuel_coal_mw,0.10032910108566284,0.010699453763663769,0.193985253572464,0.07797104120254517,0.056525569409132004,0.14045563340187073,0.14780640602111816,0.010305655188858509
total_pjm_reg_purchases,total_pjm_rmpcp_cr,0.09975231438875198,0.012536672875285149,0.08042152971029282,0.1368037462234497,0.05326315388083458,0.14044469594955444,0.16801407933235168,0.042280253022909164
total_pjm_rmpcp_cr,total_pjm_reg_purchases,0.09975231438875198,0.02462686225771904,0.08042152971029282,0.1368037462234497,0.05326315388083458,0.14044469594955444,0.16801407933235168,0.042280253022909164
total_gen,rmccp,0.09967180341482162,0.00662045506760478,0.07085314393043518,0.16170012950897217,0.08484796434640884,0.14366213977336884,0.15374493598937988,0.01832256279885769
rmccp,total_gen,0.09967180341482162,0.011196143925189972,0.07085314393043518,0.16170012950897217,0.08484796434640884,0.14366213977336884,0.15374493598937988,0.01832256279885769
gen_fuel_coal_mw,da_as_mcp_synchronized_reserve,0.0995812639594078,0.008135735988616943,0.17061690986156464,0.07409971952438354,0.027790255844593048,0.1811513453722,0.15151463449001312,0.013173844665288925
da_as_mcp_synchronized_reserve,gen_fuel_coal_mw,0.0995812639594078,0.00931799691170454,0.17061690986156464,0.07409971952438354,0.027790255844593048,0.1811513453722,0.15151463449001312,0.013173844665288925
gross_actual_interchange_mw,gen_fuel_oil_pct,0.09933406859636307,0.014941497705876827,0.1799134910106659,0.142880380153656,0.09109142422676086,0.01753961853682995,0.1844891905784607,0.017174433916807175
gen_fuel_oil_pct,gross_actual_interchange_mw,0.09933406859636307,0.009169709868729115,0.1799134910106659,0.142880380153656,0.09109142422676086,0.01753961853682995,0.1844891905784607,0.017174433916807175
total_pjm_reg_purchases,gen_fuel_coal_pct,0.09897121787071228,0.012438506819307804,0.1206427589058876,0.13385754823684692,0.11728184670209885,0.02746160887181759,0.19472716748714447,0.03416544944047928
gen_fuel_coal_pct,total_pjm_reg_purchases,0.09897121787071228,0.011485075578093529,0.1206427589058876,0.13385754823684692,0.11728184670209885,0.02746160887181759,0.19472716748714447,0.03416544944047928
da_as_ss_mw_synchronized_reserve,forecast_load_mw_day_ahead,0.0988224670290947,0.020565329119563103,0.09694840759038925,0.15980391204357147,0.11150828748941422,0.04703453555703163,0.17682836949825287,0.03539186716079712
forecast_load_mw_day_ahead,da_as_ss_mw_synchronized_reserve,0.0988224670290947,0.006698330398648977,0.09694840759038925,0.15980391204357147,0.11150828748941422,0.04703453555703163,0.17682836949825287,0.03539186716079712
gen_fuel_storage_mw,da_as_nsr_mw_primary_reserve,0.09870631247758865,0.01504731085151434,0.14430150389671326,0.13937988877296448,0.11884825676679611,0.06720127165317535,0.1424478143453598,0.016290241852402687
da_as_nsr_mw_primary_reserve,gen_fuel_storage_mw,0.09870631247758865,0.023213231936097145,0.14430150389671326,0.13937988877296448,0.11884825676679611,0.06720127165317535,0.1424478143453598,0.016290241852402687
da_as_as_req_mw_synchronized_reserve,gen_fuel_oil_mw,0.09863628447055817,0.012299011461436749,0.14591966569423676,0.027458857744932175,0.023439032956957817,0.2305976152420044,0.16215097904205322,0.017033899202942848
gen_fuel_oil_mw,da_as_as_req_mw_synchronized_reserve,0.09863628447055817,0.007819230668246746,0.14591966569423676,0.027458857744932175,0.023439032956957817,0.2305976152420044,0.16215097904205322,0.017033899202942848
da_as_ss_mw_synchronized_reserve,gen_fuel_nuclear_mw,0.09848064929246902,0.02049419656395912,0.04711814597249031,0.08642483502626419,0.050929006189107895,0.25489720702171326,0.1395087093114853,0.030034860596060753
gen_fuel_nuclear_mw,da_as_ss_mw_synchronized_reserve,0.09848064929246902,0.010250790975987911,0.04711814597249031,0.08642483502626419,0.050929006189107895,0.25489720702171326,0.1395087093114853,0.030034860596060753
marginal_loss_price_da,total_pjm_assigned_reg,0.09841593354940414,0.010244540870189667,0.13757264614105225,0.12033946812152863,0.09975257515907288,0.03516671061515808,0.20616769790649414,0.025972722098231316
total_pjm_assigned_reg,marginal_loss_price_da,0.09841593354940414,0.017615456134080887,0.13757264614105225,0.12033946812152863,0.09975257515907288,0.03516671061515808,0.20616769790649414,0.025972722098231316
gross_inadv_interchange_mw,gen_fuel_storage_mw,0.09813041985034943,0.013348489999771118,0.14474530518054962,0.14317184686660767,0.14568333327770233,0.014749695546925068,0.16459906101226807,0.017072094604372978
gen_fuel_storage_mw,gross_inadv_interchange_mw,0.09813041985034943,0.014959518797695637,0.14474530518054962,0.14317184686660767,0.14568333327770233,0.014749695546925068,0.16459906101226807,0.017072094604372978
net_inadv_interchange_mw,gen_fuel_solar_pct,0.09804686903953552,0.042601216584444046,0.16927418112754822,0.11695870012044907,0.10378196835517883,0.012190933339297771,0.19897310435771942,0.022282883524894714
gen_fuel_solar_pct,net_inadv_interchange_mw,0.09804686903953552,0.02535671927034855,0.16927418112754822,0.11695870012044907,0.10378196835517883,0.012190933339297771,0.19897310435771942,0.022282883524894714
gen_fuel_oil_mw,da_as_as_req_mw_thirty_minutes_reserve,0.09793638437986374,0.007763747591525316,0.14393825829029083,0.06417171657085419,0.06451703608036041,0.159196674823761,0.16010570526123047,0.018435362726449966
da_as_as_req_mw_thirty_minutes_reserve,gen_fuel_oil_mw,0.09793638437986374,0.012950647622346878,0.14393825829029083,0.06417171657085419,0.06451703608036041,0.159196674823761,0.16010570526123047,0.018435362726449966
gen_fuel_solar_mw,gross_inadv_interchange_mw,0.0975882038474083,0.025154398754239082,0.17352308332920074,0.14034467935562134,0.09910883754491806,0.021024305373430252,0.17340078949928284,0.015378467738628387
gross_inadv_interchange_mw,gen_fuel_solar_mw,0.0975882038474083,0.013274733908474445,0.17352308332920074,0.14034467935562134,0.09910883754491806,0.021024305373430252,0.17340078949928284,0.015378467738628387
rmpcp,total_pjm_self_sched_reg,0.09746434539556503,0.02626914530992508,0.1239708662033081,0.18632841110229492,0.10044045001268387,0.0522359237074852,0.14596998691558838,0.015733545646071434
total_pjm_self_sched_reg,rmpcp,0.09746434539556503,0.048949435353279114,0.1239708662033081,0.18632841110229492,0.10044045001268387,0.0522359237074852,0.14596998691558838,0.015733545646071434
gen_fuel_coal_pct,total_pjm_assigned_reg,0.0973646342754364,0.011298639699816704,0.14938884973526,0.14756016433238983,0.11322668194770813,0.030417777597904205,0.16658587753772736,0.015795873478055
total_pjm_assigned_reg,gen_fuel_coal_pct,0.0973646342754364,0.01742728427052498,0.14938884973526,0.14756016433238983,0.11322668194770813,0.030417777597904205,0.16658587753772736,0.015795873478055
gen_fuel_wind_mw,forecast_load_mw_latest_available,0.09735473990440369,0.02637326531112194,0.17458491027355194,0.16295559704303741,0.10261289775371552,0.02049131505191326,0.1495775282382965,0.012820519506931305
forecast_load_mw_latest_available,gen_fuel_wind_mw,0.09735473990440369,0.006464390549808741,0.17458491027355194,0.16295559704303741,0.10261289775371552,0.02049131505191326,0.1495775282382965,0.012820519506931305
total_lmp_rt,da_as_ss_mw_primary_reserve,0.09735086560249329,0.006719587370753288,0.007449365686625242,0.047711823135614395,0.059440210461616516,0.37639057636260986,0.09635298699140549,0.012840550392866135
da_as_ss_mw_primary_reserve,total_lmp_rt,0.09735086560249329,0.020586872473359108,0.007449365686625242,0.047711823135614395,0.059440210461616516,0.37639057636260986,0.09635298699140549,0.012840550392866135
congestion_price_rt,gen_fuel_gas_pct,0.09723926335573196,0.013971383683383465,0.08752326667308807,0.19391115009784698,0.13803885877132416,0.03607086464762688,0.15308846533298492,0.01907256804406643
gen_fuel_gas_pct,congestion_price_rt,0.09723926335573196,0.011551018804311752,0.08752326667308807,0.19391115009784698,0.13803885877132416,0.03607086464762688,0.15308846533298492,0.01907256804406643
metered_load_mw,gen_fuel_solar_pct,0.09719107300043106,0.006390880327671766,0.0751117542386055,0.17206063866615295,0.10231379419565201,0.07179329544305801,0.16561050713062286,0.03140159696340561
gen_fuel_solar_pct,metered_load_mw,0.09719107300043106,0.025135396048426628,0.0751117542386055,0.17206063866615295,0.10231379419565201,0.07179329544305801,0.16561050713062286,0.03140159696340561
forecast_load_mw_day_ahead,net_inadv_interchange_mw,0.09701939672231674,0.006576115731149912,0.17583627998828888,0.1660344898700714,0.09954079240560532,0.0002749703708104789,0.16804873943328857,0.012881872244179249
net_inadv_interchange_mw,forecast_load_mw_day_ahead,0.09701939672231674,0.04215478152036667,0.17583627998828888,0.1660344898700714,0.09954079240560532,0.0002749703708104789,0.16804873943328857,0.012881872244179249
da_as_ss_mw_synchronized_reserve,total_pjm_rmccp_cr,0.09699047356843948,0.02018408477306366,0.061215076595544815,0.11079581081867218,0.09227466583251953,0.18763232231140137,0.1406356245279312,0.018402177840471268
total_pjm_rmccp_cr,da_as_ss_mw_synchronized_reserve,0.09699047356843948,0.009140944108366966,0.061215076595544815,0.11079581081867218,0.09227466583251953,0.18763232231140137,0.1406356245279312,0.018402177840471268
gen_fuel_nuclear_mw,gen_fuel_wind_mw,0.09679295867681503,0.010075120255351067,0.11633220314979553,0.07423144578933716,0.0683910995721817,0.09211142361164093,0.20215962827205658,0.04660898074507713
gen_fuel_wind_mw,gen_fuel_nuclear_mw,0.09679295867681503,0.026221079751849174,0.11633220314979553,0.07423144578933716,0.0683910995721817,0.09211142361164093,0.20215962827205658,0.04660898074507713
total_lmp_rt,da_as_nsr_mw_primary_reserve,0.09673292189836502,0.006676934193819761,0.025265036150813103,0.010035533457994461,0.00040521888877265155,0.4668179750442505,0.07633687555789948,0.007100841496139765
da_as_nsr_mw_primary_reserve,total_lmp_rt,0.09673292189836502,0.022749140858650208,0.025265036150813103,0.010035533457994461,0.00040521888877265155,0.4668179750442505,0.07633687555789948,0.007100841496139765
gen_fuel_hydro_mw,da_as_nsr_mw_primary_reserve,0.09661641716957092,0.010018962435424328,0.151885524392128,0.02569969929754734,0.0053655533120036125,0.12453848868608475,0.21176722645759583,0.0630825012922287
da_as_nsr_mw_primary_reserve,gen_fuel_hydro_mw,0.09661641716957092,0.02272174134850502,0.151885524392128,0.02569969929754734,0.0053655533120036125,0.12453848868608475,0.21176722645759583,0.0630825012922287
da_as_total_mw_synchronized_reserve,gross_sched_interchange_mw,0.09658511728048325,0.016515042632818222,0.15235073864459991,0.17024867236614227,0.11148393154144287,0.018026897683739662,0.15324383974075317,0.014548846520483494
gross_sched_interchange_mw,da_as_total_mw_synchronized_reserve,0.09658511728048325,0.023972978815436363,0.15235073864459991,0.17024867236614227,0.11148393154144287,0.018026897683739662,0.15324383974075317,0.014548846520483494
net_actual_interchange_mw,congestion_price_rt,0.09594200551509857,0.016477731987833977,0.15878017246723175,0.1391969472169876,0.07970192283391953,0.033298030495643616,0.17876580357551575,0.019920719787478447
congestion_price_rt,net_actual_interchange_mw,0.09594200551509857,0.013784992508590221,0.15878017246723175,0.1391969472169876,0.07970192283391953,0.033298030495643616,0.17876580357551575,0.019920719787478447
total_pjm_self_sched_reg,gen_fuel_storage_mw,0.09573625773191452,0.04808153957128525,0.1439395397901535,0.13849341869354248,0.11744581907987595,0.020482972264289856,0.17111103236675262,0.02018393576145172
gen_fuel_storage_mw,total_pjm_self_sched_reg,0.09573625773191452,0.014594539999961853,0.1439395397901535,0.13849341869354248,0.11744581907987595,0.020482972264289856,0.17111103236675262,0.02018393576145172
total_gen,total_pjm_self_sched_reg,0.09570594877004623,0.006357032805681229,0.09764286875724792,0.1430036574602127,0.13218237459659576,0.02905397117137909,0.18644705414772034,0.024926209822297096
total_pjm_self_sched_reg,total_gen,0.09570594877004623,0.04806631803512573,0.09764286875724792,0.1430036574602127,0.13218237459659576,0.02905397117137909,0.18644705414772034,0.024926209822297096
total_gen,da_as_total_mw_thirty_minutes_reserve,0.09530360251665115,0.00633030803874135,0.07845167815685272,0.07831411808729172,0.06907614320516586,0.09643956273794174,0.2148355096578598,0.05321427062153816
da_as_total_mw_thirty_minutes_reserve,total_gen,0.09530360251665115,0.011435243301093578,0.07845167815685272,0.07831411808729172,0.06907614320516586,0.09643956273794174,0.2148355096578598,0.05321427062153816
total_pjm_loc_credit,total_pjm_reg_purchases,0.09525640308856964,0.017827704548835754,0.09078767150640488,0.13253799080848694,0.041463468223810196,0.14384068548679352,0.1610558182001114,0.026988906785845757
total_pjm_reg_purchases,total_pjm_loc_credit,0.09525640308856964,0.01197163574397564,0.09078767150640488,0.13253799080848694,0.041463468223810196,0.14384068548679352,0.1610558182001114,0.026988906785845757
gen_fuel_storage_mw,gen_fuel_multiple_fuels_pct,0.09493082016706467,0.014471755363047123,0.14722022414207458,0.14694812893867493,0.1311037391424179,0.0038150683976709843,0.16103361546993256,0.018731970340013504
gen_fuel_multiple_fuels_pct,gen_fuel_storage_mw,0.09493082016706467,0.013640062883496284,0.14722022414207458,0.14694812893867493,0.1311037391424179,0.0038150683976709843,0.16103361546993256,0.018731970340013504
total_losses,gen_fuel_solar_mw,0.09483353048563004,0.009787905029952526,0.16585955023765564,0.12784406542778015,0.08940861374139786,0.02855203114449978,0.17241837084293365,0.018602527678012848
gen_fuel_solar_mw,total_losses,0.09483353048563004,0.024444352835416794,0.16585955023765564,0.12784406542778015,0.08940861374139786,0.02855203114449978,0.17241837084293365,0.018602527678012848
gross_actual_interchange_mw,congestion_price_da,0.09468107670545578,0.014241610653698444,0.18191100656986237,0.09959981590509415,0.07428690791130066,0.04156494140625,0.1744329035282135,0.023790737614035606
congestion_price_da,gross_actual_interchange_mw,0.09468107670545578,0.01465801615267992,0.18191100656986237,0.09959981590509415,0.07428690791130066,0.04156494140625,0.1744329035282135,0.023790737614035606
rmccp,gen_fuel_solar_pct,0.09404810518026352,0.01056443341076374,0.041655514389276505,0.10187175124883652,0.03528791293501854,0.3137829303741455,0.08580179512500763,0.006580651737749577
gen_fuel_solar_pct,rmccp,0.09404810518026352,0.024322565644979477,0.041655514389276505,0.10187175124883652,0.03528791293501854,0.3137829303741455,0.08580179512500763,0.006580651737749577
total_lmp_rt,da_as_total_mw_synchronized_reserve,0.0940374806523323,0.0064908829517662525,0.03340809792280197,0.11305031925439835,0.06440393626689911,0.25894099473953247,0.11468681693077087,0.007128823082894087
da_as_total_mw_synchronized_reserve,total_lmp_rt,0.0940374806523323,0.01607942394912243,0.03340809792280197,0.11305031925439835,0.06440393626689911,0.25894099473953247,0.11468681693077087,0.007128823082894087
da_as_ss_mw_thirty_minutes_reserve,da_as_as_req_mw_primary_reserve,0.09400726854801178,0.021311968564987183,0.051592327654361725,0.09415088593959808,0.0886186882853508,0.2838647663593292,0.0682806745171547,0.0028472705744206905
da_as_as_req_mw_primary_reserve,da_as_ss_mw_thirty_minutes_reserve,0.09400726854801178,0.012003269046545029,0.051592327654361725,0.09415088593959808,0.0886186882853508,0.2838647663593292,0.0682806745171547,0.0028472705744206905
gen_fuel_oil_mw,rmpcp,0.09392998367547989,0.007446146570146084,0.0001721732405712828,0.15433408319950104,0.15839821100234985,0.09639599174261093,0.16758760809898376,0.02715122140944004
rmpcp,gen_fuel_oil_mw,0.09392998367547989,0.025316545739769936,0.0001721732405712828,0.15433408319950104,0.15839821100234985,0.09639599174261093,0.16758760809898376,0.02715122140944004
da_as_total_mw_synchronized_reserve,forecast_load_mw_latest_available,0.09390471130609512,0.016056722030043602,0.11187385022640228,0.10594974458217621,0.11209788918495178,0.05437495931982994,0.18434081971645355,0.02677491307258606
forecast_load_mw_latest_available,da_as_total_mw_synchronized_reserve,0.09390471130609512,0.006235307082533836,0.11187385022640228,0.10594974458217621,0.11209788918495178,0.05437495931982994,0.18434081971645355,0.02677491307258606
gross_inadv_interchange_mw,gen_fuel_multiple_fuels_mw,0.09370019286870956,0.012745855376124382,0.12369935214519501,0.1407260149717331,0.09568528085947037,0.025549694895744324,0.17495782673358917,0.032992489635944366
gen_fuel_multiple_fuels_mw,gross_inadv_interchange_mw,0.09370019286870956,0.010068180039525032,0.12369935214519501,0.1407260149717331,0.09568528085947037,0.025549694895744324,0.17495782673358917,0.032992489635944366
gen_fuel_solar_mw,da_as_total_mw_thirty_minutes_reserve,0.09335830807685852,0.024064097553491592,0.12755689024925232,0.17081701755523682,0.11919461190700531,0.02421620301902294,0.14305047690868378,0.01538169477134943
da_as_total_mw_thirty_minutes_reserve,gen_fuel_solar_mw,0.09335830807685852,0.011201832443475723,0.12755689024925232,0.17081701755523682,0.11919461190700531,0.02421620301902294,0.14305047690868378,0.01538169477134943
total_pjm_reg_purchases,congestion_price_da,0.09318480640649796,0.011711281724274158,0.10575269907712936,0.05435889959335327,0.09249096363782883,0.09421220421791077,0.20685085654258728,0.030325086787343025
congestion_price_da,total_pjm_reg_purchases,0.09318480640649796,0.01442637201398611,0.10575269907712936,0.05435889959335327,0.09249096363782883,0.09421220421791077,0.20685085654258728,0.030325086787343025
da_as_ss_mw_thirty_minutes_reserve,total_pjm_loc_credit,0.09297981858253479,0.021079039201140404,0.07773374766111374,0.15319672226905823,0.08053357154130936,0.12710313498973846,0.13054312765598297,0.019970297813415527
total_pjm_loc_credit,da_as_ss_mw_thirty_minutes_reserve,0.09297981858253479,0.01740163192152977,0.07773374766111374,0.15319672226905823,0.08053357154130936,0.12710313498973846,0.13054312765598297,0.019970297813415527
gen_fuel_nuclear_pct,da_as_total_mw_primary_reserve,0.09293908625841141,0.006935095880180597,0.14245212078094482,0.11648695915937424,0.06932598352432251,0.045610636472702026,0.18631994724273682,0.02636801451444626
da_as_total_mw_primary_reserve,gen_fuel_nuclear_pct,0.09293908625841141,0.012753535062074661,0.14245212078094482,0.11648695915937424,0.06932598352432251,0.045610636472702026,0.18631994724273682,0.02636801451444626
da_as_ss_mw_primary_reserve,gross_inadv_interchange_mw,0.09273571521043777,0.019610902294516563,0.13153119385242462,0.16430020332336426,0.09961539506912231,0.030350491404533386,0.146479532122612,0.020171521231532097
gross_inadv_interchange_mw,da_as_ss_mw_primary_reserve,0.09273571521043777,0.012614659033715725,0.13153119385242462,0.16430020332336426,0.09961539506912231,0.030350491404533386,0.146479532122612,0.020171521231532097
gross_actual_interchange_mw,gen_fuel_storage_mw,0.09270889312028885,0.013944961130619049,0.1780131310224533,0.16645990312099457,0.11200429499149323,0.0053876843303442,0.12342789024114609,0.009946033358573914
gen_fuel_storage_mw,gross_actual_interchange_mw,0.09270889312028885,0.014133032411336899,0.1780131310224533,0.16645990312099457,0.11200429499149323,0.0053876843303442,0.12342789024114609,0.009946033358573914
gen_fuel_coal_pct,total_pjm_loc_credit,0.0926722064614296,0.010754109360277653,0.1592593938112259,0.1657881885766983,0.08435777574777603,0.050718531012535095,0.12265291810035706,0.009241853840649128
total_pjm_loc_credit,gen_fuel_coal_pct,0.0926722064614296,0.01734405942261219,0.1592593938112259,0.1657881885766983,0.08435777574777603,0.050718531012535095,0.12265291810035706,0.009241853840649128
net_actual_interchange_mw,gen_fuel_other_renewables_pct,0.09237494319677353,0.015865100547671318,0.0942450538277626,0.11939363181591034,0.13139693439006805,0.03386416286230087,0.18671654164791107,0.024932127445936203
gen_fuel_other_renewables_pct,net_actual_interchange_mw,0.09237494319677353,0.008572079241275787,0.0942450538277626,0.11939363181591034,0.13139693439006805,0.03386416286230087,0.18671654164791107,0.024932127445936203
da_as_mcp_synchronized_reserve,net_actual_interchange_mw,0.09236831218004227,0.008643067441880703,0.10633685439825058,0.15416167676448822,0.12935209274291992,0.016406718641519547,0.1715034395456314,0.017472807317972183
net_actual_interchange_mw,da_as_mcp_synchronized_reserve,0.09236831218004227,0.01586396060883999,0.10633685439825058,0.15416167676448822,0.12935209274291992,0.016406718641519547,0.1715034395456314,0.017472807317972183
da_as_ss_mw_primary_reserve,total_pjm_loc_credit,0.09231816232204437,0.01952260173857212,0.056235481053590775,0.15086770057678223,0.08927194029092789,0.12228263914585114,0.1364738792181015,0.02846413105726242
total_pjm_loc_credit,da_as_ss_mw_primary_reserve,0.09231816232204437,0.017277799546718597,0.056235481053590775,0.15086770057678223,0.08927194029092789,0.12228263914585114,0.1364738792181015,0.02846413105726242
congestion_price_da,gen_fuel_gas_pct,0.09218907356262207,0.014272217638790607,0.14332261681556702,0.15048269927501678,0.08707042038440704,0.0511571504175663,0.1472177952528,0.010203254409134388
gen_fuel_gas_pct,congestion_price_da,0.09218907356262207,0.010951108299195766,0.14332261681556702,0.15048269927501678,0.08707042038440704,0.0511571504175663,0.1472177952528,0.010203254409134388
gross_inadv_interchange_mw,da_as_mcp_synchronized_reserve,0.09204990416765213,0.012521369382739067,0.1718897521495819,0.1270996630191803,0.07661454379558563,0.05204860866069794,0.1458463966846466,0.011080477386713028
da_as_mcp_synchronized_reserve,gross_inadv_interchange_mw,0.09204990416765213,0.00861327350139618,0.1718897521495819,0.1270996630191803,0.07661454379558563,0.05204860866069794,0.1458463966846466,0.011080477386713028
total_pjm_self_sched_reg,da_as_nsr_mw_primary_reserve,0.09203837811946869,0.046224355697631836,0.16475096344947815,0.12532199919223785,0.0831865668296814,0.03418860584497452,0.16381457448005676,0.014287435449659824
da_as_nsr_mw_primary_reserve,total_pjm_self_sched_reg,0.09203837811946869,0.02164510264992714,0.16475096344947815,0.12532199919223785,0.0831865668296814,0.03418860584497452,0.16381457448005676,0.014287435449659824
gen_fuel_storage_mw,net_actual_interchange_mw,0.09191644191741943,0.014012227766215801,0.1390223354101181,0.1657537966966629,0.12067569047212601,0.01376340538263321,0.14021043479442596,0.012444115243852139
net_actual_interchange_mw,gen_fuel_storage_mw,0.09191644191741943,0.01578635349869728,0.1390223354101181,0.1657537966966629,0.12067569047212601,0.01376340538263321,0.14021043479442596,0.012444115243852139
total_lmp_rt,gen_fuel_nuclear_mw,0.09177836775779724,0.006334949284791946,0.0595322884619236,0.06168682128190994,0.03485772758722305,0.29613274335861206,0.10686161369085312,0.008900907821953297
gen_fuel_nuclear_mw,total_lmp_rt,0.09177836775779724,0.0095531539991498,0.0595322884619236,0.06168682128190994,0.03485772758722305,0.29613274335861206,0.10686161369085312,0.008900907821953297
da_as_as_req_mw_synchronized_reserve,total_pjm_rmccp_cr,0.09164228290319443,0.011426925659179688,0.03004767745733261,0.024592172354459763,0.00978928990662098,0.42341119050979614,0.06540876626968384,0.004659021273255348
total_pjm_rmccp_cr,da_as_as_req_mw_synchronized_reserve,0.09164228290319443,0.0086369002237916,0.03004767745733261,0.024592172354459763,0.00978928990662098,0.42341119050979614,0.06540876626968384,0.004659021273255348
gross_actual_interchange_mw,congestion_price_rt,0.09162032604217529,0.013781222514808178,0.10626725852489471,0.19446487724781036,0.11458858847618103,0.013250152580440044,0.13685232400894165,0.023413939401507378
congestion_price_rt,gross_actual_interchange_mw,0.09162032604217529,0.013164051808416843,0.10626725852489471,0.19446487724781036,0.11458858847618103,0.013250152580440044,0.13685232400894165,0.023413939401507378
da_as_mcp_synchronized_reserve,net_inadv_interchange_mw,0.09161492437124252,0.008572571910917759,0.14779333770275116,0.11236153542995453,0.08059699088335037,0.045235246419906616,0.177323117852211,0.017932800576090813
net_inadv_interchange_mw,da_as_mcp_synchronized_reserve,0.09161492437124252,0.0398065485060215,0.14779333770275116,0.11236153542995453,0.08059699088335037,0.045235246419906616,0.177323117852211,0.017932800576090813
system_energy_price_da,net_inadv_interchange_mw,0.09147930890321732,0.006437617354094982,0.1454620361328125,0.15980541706085205,0.09341974556446075,0.008346951566636562,0.1672031432390213,0.013423408381640911
net_inadv_interchange_mw,system_energy_price_da,0.09147930890321732,0.03974762186408043,0.1454620361328125,0.15980541706085205,0.09341974556446075,0.008346951566636562,0.1672031432390213,0.013423408381640911
da_as_ss_mw_primary_reserve,total_pjm_assigned_reg,0.09136419743299484,0.019320866093039513,0.20646502077579498,0.17111852765083313,0.049845851957798004,0.04444060102105141,0.09940845519304276,0.0082317516207695
total_pjm_assigned_reg,da_as_ss_mw_primary_reserve,0.09136419743299484,0.016353268176317215,0.20646502077579498,0.17111852765083313,0.049845851957798004,0.04444060102105141,0.09940845519304276,0.0082317516207695
gross_sched_interchange_mw,total_lmp_da,0.09113083779811859,0.02261919528245926,0.15794408321380615,0.06617827713489532,0.0538448691368103,0.05378804728388786,0.21817819774150848,0.022467371076345444
total_lmp_da,gross_sched_interchange_mw,0.09113083779811859,0.006276638712733984,0.15794408321380615,0.06617827713489532,0.0538448691368103,0.05378804728388786,0.21817819774150848,0.022467371076345444
rmpcp,total_lmp_rt,0.09100323170423508,0.024527709931135178,0.007194697391241789,0.1731557995080948,0.09765341877937317,0.17216390371322632,0.11673428863286972,0.014621072448790073
total_lmp_rt,rmpcp,0.09100323170423508,0.006281445734202862,0.007194697391241789,0.1731557995080948,0.09765341877937317,0.17216390371322632,0.11673428863286972,0.014621072448790073
gross_actual_interchange_mw,da_as_total_mw_primary_reserve,0.0909816101193428,0.013685149140655994,0.14716988801956177,0.1434948742389679,0.10559556633234024,0.045430708676576614,0.1341903656721115,0.007340139709413052
da_as_total_mw_primary_reserve,gross_actual_interchange_mw,0.0909816101193428,0.012484921142458916,0.14716988801956177,0.1434948742389679,0.10559556633234024,0.045430708676576614,0.1341903656721115,0.007340139709413052
total_pjm_assigned_reg,gen_fuel_hydro_mw,0.09096585214138031,0.016281967982649803,0.1259368509054184,0.09856217354536057,0.03996677324175835,0.05072036758065224,0.19540604948997498,0.051776062697172165
gen_fuel_hydro_mw,total_pjm_assigned_reg,0.09096585214138031,0.00943300873041153,0.1259368509054184,0.09856217354536057,0.03996677324175835,0.05072036758065224,0.19540604948997498,0.051776062697172165
da_as_nsr_mw_primary_reserve,gen_fuel_gas_mw,0.0908270850777626,0.021360237151384354,0.1103689968585968,0.13577888906002045,0.09083489328622818,0.07294460386037827,0.15072369575500488,0.01735295169055462
gen_fuel_gas_mw,da_as_nsr_mw_primary_reserve,0.0908270850777626,0.006368797272443771,0.1103689968585968,0.13577888906002045,0.09083489328622818,0.07294460386037827,0.15072369575500488,0.01735295169055462
da_as_ss_mw_thirty_minutes_reserve,total_pjm_rmccp_cr,0.09074902534484863,0.02057330682873726,0.028137721121311188,0.09851358085870743,0.04469286650419235,0.28955432772636414,0.09801160544157028,0.0076055703684687614
total_pjm_rmccp_cr,da_as_ss_mw_thirty_minutes_reserve,0.09074902534484863,0.008552714250981808,0.028137721121311188,0.09851358085870743,0.04469286650419235,0.28955432772636414,0.09801160544157028,0.0076055703684687614
congestion_price_rt,total_pjm_assigned_reg,0.09065943211317062,0.013025989755988121,0.14344647526741028,0.15488006174564362,0.10267280042171478,0.015431253239512444,0.1504456251859665,0.01452778559178114
total_pjm_assigned_reg,congestion_price_rt,0.09065943211317062,0.01622712053358555,0.14344647526741028,0.15488006174564362,0.10267280042171478,0.015431253239512444,0.1504456251859665,0.01452778559178114
congestion_price_rt,gen_fuel_hydro_pct,0.09010683745145798,0.012946592643857002,0.14148138463497162,0.1274212747812271,0.0696028470993042,0.03786054626107216,0.165866881608963,0.02672211453318596
gen_fuel_hydro_pct,congestion_price_rt,0.09010683745145798,0.011764686554670334,0.14148138463497162,0.1274212747812271,0.0696028470993042,0.03786054626107216,0.165866881608963,0.02672211453318596
da_as_mcp_primary_reserve,net_actual_interchange_mw,0.08972368389368057,0.009568453766405582,0.09550227969884872,0.1306617707014084,0.1374422162771225,0.024058615788817406,0.17180664837360382,0.017971256747841835
net_actual_interchange_mw,da_as_mcp_primary_reserve,0.08972368389368057,0.01540975458920002,0.09550227969884872,0.1306617707014084,0.1374422162771225,0.024058615788817406,0.17180664837360382,0.017971256747841835
gen_fuel_coal_pct,da_as_ss_mw_thirty_minutes_reserve,0.08954876661300659,0.010391650721430779,0.08429538458585739,0.11492697149515152,0.10631275922060013,0.042886435985565186,0.17927473783493042,0.037955041974782944
da_as_ss_mw_thirty_minutes_reserve,gen_fuel_coal_pct,0.08954876661300659,0.020301200449466705,0.08429538458585739,0.11492697149515152,0.10631275922060013,0.042886435985565186,0.17927473783493042,0.037955041974782944
gen_fuel_nuclear_mw,da_as_ss_mw_primary_reserve,0.08915841579437256,0.00928044505417347,0.036290716379880905,0.07583712786436081,0.025656871497631073,0.2633357346057892,0.12214954197406769,0.02561657689511776
da_as_ss_mw_primary_reserve,gen_fuel_nuclear_mw,0.08915841579437256,0.018854407593607903,0.036290716379880905,0.07583712786436081,0.025656871497631073,0.2633357346057892,0.12214954197406769,0.02561657689511776
net_inadv_interchange_mw,total_pjm_loc_credit,0.0890335738658905,0.03868495300412178,0.1034056693315506,0.13192148506641388,0.1298264116048813,0.0,0.18087169528007507,0.025169530883431435
total_pjm_loc_credit,net_inadv_interchange_mw,0.0890335738658905,0.016663072630763054,0.1034056693315506,0.13192148506641388,0.1298264116048813,0.0,0.18087169528007507,0.025169530883431435
forecast_load_mw_day_ahead,da_as_ss_mw_thirty_minutes_reserve,0.08891250938177109,0.006026619113981724,0.07359055429697037,0.12056183069944382,0.10881152749061584,0.04340715706348419,0.17741966247558594,0.03855934366583824
da_as_ss_mw_thirty_minutes_reserve,forecast_load_mw_day_ahead,0.08891250938177109,0.02015695720911026,0.07359055429697037,0.12056183069944382,0.10881152749061584,0.04340715706348419,0.17741966247558594,0.03855934366583824
rmccp,gen_fuel_gas_pct,0.0888952687382698,0.009985614567995071,0.10508907586336136,0.15107345581054688,0.10770702362060547,0.04229651764035225,0.15193097293376923,0.01322851050645113
gen_fuel_gas_pct,rmccp,0.0888952687382698,0.010559838265180588,0.10508907586336136,0.15107345581054688,0.10770702362060547,0.04229651764035225,0.15193097293376923,0.01322851050645113
total_pjm_self_sched_reg,gen_fuel_nuclear_mw,0.08881204575300217,0.04460399970412254,0.12201260775327682,0.12361834198236465,0.07713080942630768,0.05911526083946228,0.15486325323581696,0.02450532093644142
gen_fuel_nuclear_mw,total_pjm_self_sched_reg,0.08881204575300217,0.009244391694664955,0.12201260775327682,0.12361834198236465,0.07713080942630768,0.05911526083946228,0.15486325323581696,0.02450532093644142
gen_fuel_wind_mw,metered_load_mw,0.08867569267749786,0.024022122845053673,0.1700657159090042,0.15036235749721527,0.08253481984138489,0.017876526340842247,0.1353413462638855,0.010634873993694782
metered_load_mw,gen_fuel_wind_mw,0.08867569267749786,0.005830944515764713,0.1700657159090042,0.15036235749721527,0.08253481984138489,0.017876526340842247,0.1353413462638855,0.010634873993694782
da_as_as_req_mw_synchronized_reserve,gen_fuel_other_renewables_mw,0.08842967450618744,0.011026344262063503,0.09487563371658325,0.15518087148666382,0.06896008551120758,0.15108969807624817,0.08262067288160324,0.00775009673088789
gen_fuel_other_renewables_mw,da_as_as_req_mw_synchronized_reserve,0.08842967450618744,0.024184521287679672,0.09487563371658325,0.15518087148666382,0.06896008551120758,0.15108969807624817,0.08262067288160324,0.00775009673088789
rmpcp,gen_fuel_oil_pct,0.08841942250728607,0.023831307888031006,0.016632189974188805,0.1930621862411499,0.12203310430049896,0.0590958334505558,0.15423277020454407,0.025681812316179276
gen_fuel_oil_pct,rmpcp,0.08841942250728607,0.008162158541381359,0.016632189974188805,0.1930621862411499,0.12203310430049896,0.0590958334505558,0.15423277020454407,0.025681812316179276
da_as_ss_mw_primary_reserve,da_as_total_mw_synchronized_reserve,0.08836396783590317,0.018686406314373016,0.1330336481332779,0.14750735461711884,0.05828791856765747,0.13349181413650513,0.08198404312133789,0.004771174397319555
da_as_total_mw_synchronized_reserve,da_as_ss_mw_primary_reserve,0.08836396783590317,0.01510931272059679,0.1330336481332779,0.14750735461711884,0.05828791856765747,0.13349181413650513,0.08198404312133789,0.004771174397319555
gross_sched_interchange_mw,net_inadv_interchange_mw,0.08829672634601593,0.021915752440690994,0.1228700801730156,0.13116472959518433,0.11405337601900101,0.014196964912116528,0.16531915962696075,0.018250852823257446
net_inadv_interchange_mw,gross_sched_interchange_mw,0.08829672634601593,0.03836479410529137,0.1228700801730156,0.13116472959518433,0.11405337601900101,0.014196964912116528,0.16531915962696075,0.018250852823257446
net_inadv_interchange_mw,total_pjm_assigned_reg,0.08812377601861954,0.03828964754939079,0.15378010272979736,0.15692183375358582,0.08791300654411316,0.015504423528909683,0.14103567600250244,0.010224699974060059
total_pjm_assigned_reg,net_inadv_interchange_mw,0.08812377601861954,0.015773264691233635,0.15378010272979736,0.15692183375358582,0.08791300654411316,0.015504423528909683,0.14103567600250244,0.010224699974060059
gross_inadv_interchange_mw,gen_fuel_other_renewables_mw,0.0879998505115509,0.011970448307693005,0.1423744261264801,0.13778620958328247,0.09358296543359756,0.01064401213079691,0.15910255908966064,0.01854817196726799
gen_fuel_other_renewables_mw,gross_inadv_interchange_mw,0.0879998505115509,0.024066969752311707,0.1423744261264801,0.13778620958328247,0.09358296543359756,0.01064401213079691,0.15910255908966064,0.01854817196726799
gen_fuel_gas_mw,total_pjm_self_sched_reg,0.08792398124933243,0.006165231578052044,0.13720835745334625,0.1699843406677246,0.08469131588935852,0.02982022613286972,0.12604635953903198,0.014780282974243164
total_pjm_self_sched_reg,gen_fuel_gas_mw,0.08792398124933243,0.04415798559784889,0.13720835745334625,0.1699843406677246,0.08469131588935852,0.02982022613286972,0.12604635953903198,0.014780282974243164
da_as_mcp_primary_reserve,net_inadv_interchange_mw,0.08765903860330582,0.009348273277282715,0.13410010933876038,0.13432148098945618,0.07963068038225174,0.04713132604956627,0.1474454402923584,0.015400782227516174
net_inadv_interchange_mw,da_as_mcp_primary_reserve,0.08765903860330582,0.03808772191405296,0.13410010933876038,0.13432148098945618,0.07963068038225174,0.04713132604956627,0.1474454402923584,0.015400782227516174
total_pjm_rmpcp_cr,gen_fuel_oil_mw,0.08756104111671448,0.02161707915365696,0.015822922810912132,0.16853460669517517,0.12281519174575806,0.10579471290111542,0.13625377416610718,0.015353434719145298
gen_fuel_oil_mw,total_pjm_rmpcp_cr,0.08756104111671448,0.006941258907318115,0.015822922810912132,0.16853460669517517,0.12281519174575806,0.10579471290111542,0.13625377416610718,0.015353434719145298
rmpcp,da_as_as_req_mw_synchronized_reserve,0.08730233460664749,0.023530222475528717,0.07540713250637054,0.05409669503569603,0.060943812131881714,0.18619275093078613,0.14333491027355194,0.02220349758863449
da_as_as_req_mw_synchronized_reserve,rmpcp,0.08730233460664749,0.010885775089263916,0.07540713250637054,0.05409669503569603,0.060943812131881714,0.18619275093078613,0.14333491027355194,0.02220349758863449
da_as_ss_mw_synchronized_reserve,marginal_loss_price_rt,0.08704759180545807,0.018114933744072914,0.032357797026634216,0.12541674077510834,0.08380145579576492,0.1855655163526535,0.11042521148920059,0.013322568498551846
marginal_loss_price_rt,da_as_ss_mw_synchronized_reserve,0.08704759180545807,0.005956131964921951,0.032357797026634216,0.12541674077510834,0.08380145579576492,0.1855655163526535,0.11042521148920059,0.013322568498551846
rmpcp,da_as_as_req_mw_thirty_minutes_reserve,0.08694973587989807,0.023435188457369804,0.08562289923429489,0.0878223404288292,0.06350837647914886,0.1398131549358368,0.14452794194221497,0.022788792848587036
da_as_as_req_mw_thirty_minutes_reserve,rmpcp,0.08694973587989807,0.011497825384140015,0.08562289923429489,0.0878223404288292,0.06350837647914886,0.1398131549358368,0.14452794194221497,0.022788792848587036
da_as_total_mw_synchronized_reserve,da_as_ss_mw_synchronized_reserve,0.08677870780229568,0.01483825035393238,0.12083584815263748,0.1363985687494278,0.05828528851270676,0.13241252303123474,0.09226429462432861,0.007969887927174568
da_as_ss_mw_synchronized_reserve,da_as_total_mw_synchronized_reserve,0.08677870780229568,0.018058978021144867,0.12083584815263748,0.1363985687494278,0.05828528851270676,0.13241252303123474,0.09226429462432861,0.007969887927174568
gen_fuel_multiple_fuels_pct,gross_actual_interchange_mw,0.08663488924503326,0.012448068708181381,0.11087292432785034,0.1259709745645523,0.11129413545131683,0.016139421612024307,0.16836124658584595,0.02155604399740696
gross_actual_interchange_mw,gen_fuel_multiple_fuels_pct,0.08663488924503326,0.013031329959630966,0.11087292432785034,0.1259709745645523,0.11129413545131683,0.016139421612024307,0.16836124658584595,0.02155604399740696
rmccp,gen_fuel_hydro_mw,0.0866277664899826,0.00973090622574091,0.10312332212924957,0.06391095370054245,0.08214717358350754,0.13555555045604706,0.13628987967967987,0.020528513938188553
gen_fuel_hydro_mw,rmccp,0.0866277664899826,0.008983155712485313,0.10312332212924957,0.06391095370054245,0.08214717358350754,0.13555555045604706,0.13628987967967987,0.020528513938188553
gen_fuel_storage_mw,total_losses,0.08657778799533844,0.013198374770581722,0.10369625687599182,0.14439986646175385,0.127872496843338,0.00883769616484642,0.15279965102672577,0.019412731751799583
total_losses,gen_fuel_storage_mw,0.08657778799533844,0.008935818448662758,0.10369625687599182,0.14439986646175385,0.127872496843338,0.00883769616484642,0.15279965102672577,0.019412731751799583
gen_fuel_hydro_pct,rmccp,0.0862353965640068,0.01125921681523323,0.06491975486278534,0.018405722454190254,0.0381990410387516,0.2656388282775879,0.12657128274440765,0.01600763015449047
rmccp,gen_fuel_hydro_pct,0.0862353965640068,0.009686830453574657,0.06491975486278534,0.018405722454190254,0.0381990410387516,0.2656388282775879,0.12657128274440765,0.01600763015449047
congestion_price_da,total_pjm_assigned_reg,0.08614320307970047,0.01333622820675373,0.11958712339401245,0.0907323807477951,0.07056573033332825,0.040072131901979446,0.19896963238716125,0.024647962301969528
total_pjm_assigned_reg,congestion_price_da,0.08614320307970047,0.0154187623411417,0.11958712339401245,0.0907323807477951,0.07056573033332825,0.040072131901979446,0.19896963238716125,0.024647962301969528
total_pjm_rmpcp_cr,gen_fuel_oil_pct,0.08613675832748413,0.021265452727675438,0.03419933468103409,0.17032842338085175,0.1499575525522232,0.02889305166900158,0.1503046303987503,0.02407417818903923
gen_fuel_oil_pct,total_pjm_rmpcp_cr,0.08613675832748413,0.007951442152261734,0.03419933468103409,0.17032842338085175,0.1499575525522232,0.02889305166900158,0.1503046303987503,0.02407417818903923
total_lmp_rt,total_pjm_rmpcp_cr,0.08606860041618347,0.005940835922956467,0.010590852238237858,0.19097623229026794,0.14594246447086334,0.02866874262690544,0.15352845191955566,0.028374772518873215
total_pjm_rmpcp_cr,total_lmp_rt,0.08606860041618347,0.021248625591397285,0.010590852238237858,0.19097623229026794,0.14594246447086334,0.02866874262690544,0.15352845191955566,0.028374772518873215
total_pjm_rmpcp_cr,da_as_nsr_mw_primary_reserve,0.08547431975603104,0.02110190875828266,0.07865341007709503,0.06392896175384521,0.057168688625097275,0.21421225368976593,0.11043372750282288,0.008832893334329128
da_as_nsr_mw_primary_reserve,total_pjm_rmpcp_cr,0.08547431975603104,0.020101401954889297,0.07865341007709503,0.06392896175384521,0.057168688625097275,0.21421225368976593,0.11043372750282288,0.008832893334329128
forecast_load_mw_day_ahead,da_as_ss_mw_primary_reserve,0.0851822942495346,0.005773779470473528,0.08729924261569977,0.14804428815841675,0.09305556863546371,0.033939629793167114,0.14984671771526337,0.02960866130888462
da_as_ss_mw_primary_reserve,forecast_load_mw_day_ahead,0.0851822942495346,0.018013574182987213,0.08729924261569977,0.14804428815841675,0.09305556863546371,0.033939629793167114,0.14984671771526337,0.02960866130888462
da_as_as_req_mw_thirty_minutes_reserve,gross_actual_interchange_mw,0.08517427742481232,0.01126304641366005,0.11674405634403229,0.15417200326919556,0.10593174397945404,0.07540629804134369,0.08816824108362198,0.005643701180815697
gross_actual_interchange_mw,da_as_as_req_mw_thirty_minutes_reserve,0.08517427742481232,0.0128116300329566,0.11674405634403229,0.15417200326919556,0.10593174397945404,0.07540629804134369,0.08816824108362198,0.005643701180815697
total_pjm_reg_purchases,forecast_load_mw_day_ahead,0.08465883880853653,0.010639755055308342,0.12438969314098358,0.13751950860023499,0.07508274167776108,0.02814336121082306,0.1517382562160492,0.021472007036209106
forecast_load_mw_day_ahead,total_pjm_reg_purchases,0.08465883880853653,0.005738298874348402,0.12438969314098358,0.13751950860023499,0.07508274167776108,0.02814336121082306,0.1517382562160492,0.021472007036209106
gross_sched_interchange_mw,system_energy_price_da,0.08460590988397598,0.020999671891331673,0.17283251881599426,0.09039485454559326,0.038010742515325546,0.02093752659857273,0.18482021987438202,0.023973612114787102
system_energy_price_da,gross_sched_interchange_mw,0.08460590988397598,0.005953919608145952,0.17283251881599426,0.09039485454559326,0.038010742515325546,0.02093752659857273,0.18482021987438202,0.023973612114787102
gen_fuel_nuclear_pct,da_as_total_mw_synchronized_reserve,0.08423106372356415,0.006285305134952068,0.10079069435596466,0.11113236844539642,0.07401842623949051,0.07775399833917618,0.15033918619155884,0.019172996282577515
da_as_total_mw_synchronized_reserve,gen_fuel_nuclear_pct,0.08423106372356415,0.014402629807591438,0.10079069435596466,0.11113236844539642,0.07401842623949051,0.07775399833917618,0.15033918619155884,0.019172996282577515
total_pjm_self_sched_reg,metered_load_mw,0.0842241644859314,0.04229982942342758,0.10217922925949097,0.143418550491333,0.08789969980716705,0.025611406192183495,0.15130029618740082,0.025891421362757683
metered_load_mw,total_pjm_self_sched_reg,0.0842241644859314,0.005538230761885643,0.10217922925949097,0.143418550491333,0.08789969980716705,0.025611406192183495,0.15130029618740082,0.025891421362757683
net_inadv_interchange_mw,gen_fuel_hydro_mw,0.084197036921978,0.03658348694443703,0.15015719830989838,0.11923018842935562,0.06723115593194962,0.005509143695235252,0.17129798233509064,0.021131552755832672
gen_fuel_hydro_mw,net_inadv_interchange_mw,0.084197036921978,0.008731093257665634,0.15015719830989838,0.11923018842935562,0.06723115593194962,0.005509143695235252,0.17129798233509064,0.021131552755832672
da_as_total_mw_thirty_minutes_reserve,forecast_load_mw_day_ahead,0.08417171984910965,0.010099556297063828,0.06093693524599075,0.07837969809770584,0.03980191424489021,0.09065169841051102,0.19795119762420654,0.051624976098537445
forecast_load_mw_day_ahead,da_as_total_mw_thirty_minutes_reserve,0.08417171984910965,0.005705281160771847,0.06093693524599075,0.07837969809770584,0.03980191424489021,0.09065169841051102,0.19795119762420654,0.051624976098537445
da_as_ss_mw_thirty_minutes_reserve,total_pjm_assigned_reg,0.08415088057518005,0.019077470526099205,0.14855612814426422,0.10679512470960617,0.06716565042734146,0.06233033537864685,0.13540342450141907,0.012278216890990734
total_pjm_assigned_reg,da_as_ss_mw_thirty_minutes_reserve,0.08415088057518005,0.01506215613335371,0.14855612814426422,0.10679512470960617,0.06716565042734146,0.06233033537864685,0.13540342450141907,0.012278216890990734
total_lmp_da,da_as_total_mw_synchronized_reserve,0.08383072167634964,0.005773842800408602,0.037027545273303986,0.09501315653324127,0.0808577612042427,0.12411920726299286,0.1637580692768097,0.02734551765024662
da_as_total_mw_synchronized_reserve,total_lmp_da,0.08383072167634964,0.014334175735712051,0.037027545273303986,0.09501315653324127,0.0808577612042427,0.12411920726299286,0.1637580692768097,0.02734551765024662
total_lmp_rt,da_as_ss_mw_synchronized_reserve,0.08368270099163055,0.005776150152087212,0.00824630819261074,0.05629393830895424,0.03602117672562599,0.32993677258491516,0.07796085625886917,0.008049280382692814
da_as_ss_mw_synchronized_reserve,total_lmp_rt,0.08368270099163055,0.01741468720138073,0.00824630819261074,0.05629393830895424,0.03602117672562599,0.32993677258491516,0.07796085625886917,0.008049280382692814
net_inadv_interchange_mw,gen_fuel_nuclear_mw,0.08363139629364014,0.0363377183675766,0.1307094842195511,0.13656288385391235,0.08571561425924301,0.013232079334557056,0.15109598636627197,0.01720535382628441
gen_fuel_nuclear_mw,net_inadv_interchange_mw,0.08363139629364014,0.0087051410228014,0.1307094842195511,0.13656288385391235,0.08571561425924301,0.013232079334557056,0.15109598636627197,0.01720535382628441
gross_inadv_interchange_mw,da_as_mcp_primary_reserve,0.08301085978746414,0.011291805654764175,0.12156502157449722,0.07837911695241928,0.09070608764886856,0.0720483735203743,0.15550240874290466,0.00938496831804514
da_as_mcp_primary_reserve,gross_inadv_interchange_mw,0.08301085978746414,0.008852574042975903,0.12156502157449722,0.07837911695241928,0.09070608764886856,0.0720483735203743,0.15550240874290466,0.00938496831804514
da_as_total_mw_primary_reserve,total_pjm_self_sched_reg,0.08293941617012024,0.011381333693861961,0.14848288893699646,0.13983437418937683,0.07079864293336868,0.03072790615260601,0.12329697608947754,0.01449152547866106
total_pjm_self_sched_reg,da_as_total_mw_primary_reserve,0.08293941617012024,0.041654594242572784,0.14848288893699646,0.13983437418937683,0.07079864293336868,0.03072790615260601,0.12329697608947754,0.01449152547866106
gen_fuel_nuclear_mw,gen_fuel_oil_pct,0.08290273696184158,0.00862929504364729,0.07887905836105347,0.07447046041488647,0.06886399537324905,0.15412111580371857,0.1294088065624237,0.014415193349123001
gen_fuel_oil_pct,gen_fuel_nuclear_mw,0.08290273696184158,0.007652903441339731,0.07887905836105347,0.07447046041488647,0.06886399537324905,0.15412111580371857,0.1294088065624237,0.014415193349123001
da_as_as_req_mw_thirty_minutes_reserve,da_as_ss_mw_primary_reserve,0.08283994346857071,0.010954365134239197,0.07744830846786499,0.09483856707811356,0.06492847204208374,0.21441631019115448,0.0648026317358017,0.003135711420327425
da_as_ss_mw_primary_reserve,da_as_as_req_mw_thirty_minutes_reserve,0.08283994346857071,0.017518235370516777,0.07744830846786499,0.09483856707811356,0.06492847204208374,0.21441631019115448,0.0648026317358017,0.003135711420327425
da_as_ss_mw_synchronized_reserve,gross_inadv_interchange_mw,0.08275875449180603,0.017222410067915916,0.12136135995388031,0.14054204523563385,0.09817318618297577,0.028406307101249695,0.1308363527059555,0.01169627532362938
gross_inadv_interchange_mw,da_as_ss_mw_synchronized_reserve,0.08275875449180603,0.011257512494921684,0.12136135995388031,0.14054204523563385,0.09817318618297577,0.028406307101249695,0.1308363527059555,0.01169627532362938
total_losses,net_inadv_interchange_mw,0.0825175791978836,0.008516757749021053,0.12858276069164276,0.1375533938407898,0.09817299991846085,0.006005459930747747,0.14799372851848602,0.012255426496267319
net_inadv_interchange_mw,total_losses,0.0825175791978836,0.03585376590490341,0.12858276069164276,0.1375533938407898,0.09817299991846085,0.006005459930747747,0.14799372851848602,0.012255426496267319
da_as_total_mw_thirty_minutes_reserve,gen_fuel_coal_mw,0.08242250233888626,0.009889671579003334,0.07205529510974884,0.10391601920127869,0.04042256250977516,0.1027599647641182,0.1586865931749344,0.035579781979322433
gen_fuel_coal_mw,da_as_total_mw_thirty_minutes_reserve,0.08242250233888626,0.006733874790370464,0.07205529510974884,0.10391601920127869,0.04042256250977516,0.1027599647641182,0.1586865931749344,0.035579781979322433
da_as_total_mw_thirty_minutes_reserve,gen_fuel_gas_pct,0.08205652236938477,0.00984575878828764,0.059545885771512985,0.09356305748224258,0.09266019612550735,0.04379011318087578,0.18341733515262604,0.04265334829688072
gen_fuel_gas_pct,da_as_total_mw_thirty_minutes_reserve,0.08205652236938477,0.009747466072440147,0.059545885771512985,0.09356305748224258,0.09266019612550735,0.04379011318087578,0.18341733515262604,0.04265334829688072
da_as_ss_mw_synchronized_reserve,da_as_as_req_mw_thirty_minutes_reserve,0.08200409263372421,0.017065363004803658,0.07437030225992203,0.0978950709104538,0.06815439462661743,0.19593331217765808,0.07359332591295242,0.0053581600077450275
da_as_as_req_mw_thirty_minutes_reserve,da_as_ss_mw_synchronized_reserve,0.08200409263372421,0.010843836702406406,0.07437030225992203,0.0978950709104538,0.06815439462661743,0.19593331217765808,0.07359332591295242,0.0053581600077450275
total_lmp_rt,net_inadv_interchange_mw,0.08188565820455551,0.005652110558003187,0.12631025910377502,0.11876370012760162,0.0938769057393074,0.027070462703704834,0.1434161365032196,0.013861343264579773
net_inadv_interchange_mw,total_lmp_rt,0.08188565820455551,0.035579197108745575,0.12631025910377502,0.11876370012760162,0.0938769057393074,0.027070462703704834,0.1434161365032196,0.013861343264579773
gen_fuel_coal_pct,net_inadv_interchange_mw,0.08153346180915833,0.009461518377065659,0.12460028380155563,0.1381964236497879,0.09361045807600021,0.012350638397037983,0.13945843279361725,0.014556857757270336
net_inadv_interchange_mw,gen_fuel_coal_pct,0.08153346180915833,0.03542616590857506,0.12460028380155563,0.1381964236497879,0.09361045807600021,0.012350638397037983,0.13945843279361725,0.014556857757270336
da_as_ss_mw_synchronized_reserve,total_pjm_assigned_reg,0.08134372532367706,0.016927937045693398,0.17214050889015198,0.14521534740924835,0.05276201292872429,0.030173284932971,0.10937658697366714,0.007953066378831863
total_pjm_assigned_reg,da_as_ss_mw_synchronized_reserve,0.08134372532367706,0.014559703879058361,0.17214050889015198,0.14521534740924835,0.05276201292872429,0.030173284932971,0.10937658697366714,0.007953066378831863
gross_sched_interchange_mw,gen_fuel_gas_pct,0.08108516037464142,0.020125800743699074,0.15486891567707062,0.13196510076522827,0.0800686702132225,0.015493129380047321,0.1272861510515213,0.009016062133014202
gen_fuel_gas_pct,gross_sched_interchange_mw,0.08108516037464142,0.009632077999413013,0.15486891567707062,0.13196510076522827,0.0800686702132225,0.015493129380047321,0.1272861510515213,0.009016062133014202
da_as_ss_mw_primary_reserve,gen_fuel_gas_mw,0.08099818229675293,0.017128756269812584,0.09830666333436966,0.1366443634033203,0.06819921731948853,0.05171877145767212,0.13482287526130676,0.023624425753951073
gen_fuel_gas_mw,da_as_ss_mw_primary_reserve,0.08099818229675293,0.005679594352841377,0.09830666333436966,0.1366443634033203,0.06819921731948853,0.05171877145767212,0.13482287526130676,0.023624425753951073
da_as_mcp_primary_reserve,da_as_ss_mw_primary_reserve,0.0809829980134964,0.008636316284537315,0.04705609753727913,0.011947584338486195,0.03966209292411804,0.24415558576583862,0.12668856978416443,0.025237930938601494
da_as_ss_mw_primary_reserve,da_as_mcp_primary_reserve,0.0809829980134964,0.01712554506957531,0.04705609753727913,0.011947584338486195,0.03966209292411804,0.24415558576583862,0.12668856978416443,0.025237930938601494
gen_fuel_multiple_fuels_mw,gen_fuel_nuclear_mw,0.08085960149765015,0.008688445203006268,0.060247085988521576,0.06424661725759506,0.04714982584118843,0.21466222405433655,0.1046929806470871,0.011959691531956196
gen_fuel_nuclear_mw,gen_fuel_multiple_fuels_mw,0.08085960149765015,0.00841662660241127,0.060247085988521576,0.06424661725759506,0.04714982584118843,0.21466222405433655,0.1046929806470871,0.011959691531956196
marginal_loss_price_da,gen_fuel_gas_pct,0.0805688425898552,0.008386760018765926,0.1446308046579361,0.14829640090465546,0.050542764365673065,0.03908279910683632,0.12376269698143005,0.00790792889893055
gen_fuel_gas_pct,marginal_loss_price_da,0.0805688425898552,0.009570744819939137,0.1446308046579361,0.14829640090465546,0.050542764365673065,0.03908279910683632,0.12376269698143005,0.00790792889893055
net_actual_interchange_mw,metered_load_mw,0.08055102080106735,0.013834379613399506,0.13156399130821228,0.113326296210289,0.0599374882876873,0.0280916765332222,0.15212076902389526,0.023678721860051155
metered_load_mw,net_actual_interchange_mw,0.08055102080106735,0.005296699702739716,0.13156399130821228,0.113326296210289,0.0599374882876873,0.0280916765332222,0.15212076902389526,0.023678721860051155
gen_fuel_other_renewables_pct,da_as_total_mw_thirty_minutes_reserve,0.08042241632938385,0.007462925743311644,0.1403607726097107,0.1132488027215004,0.04981540888547897,0.07200315594673157,0.12071319669485092,0.011731394566595554
da_as_total_mw_thirty_minutes_reserve,gen_fuel_other_renewables_pct,0.08042241632938385,0.009649686515331268,0.1403607726097107,0.1132488027215004,0.04981540888547897,0.07200315594673157,0.12071319669485092,0.011731394566595554
gross_sched_interchange_mw,total_pjm_assigned_reg,0.08031145483255386,0.01993376389145851,0.1310688853263855,0.13070710003376007,0.0911179780960083,0.007083060219883919,0.1430993676185608,0.012294048443436623
total_pjm_assigned_reg,gross_sched_interchange_mw,0.08031145483255386,0.014374937862157822,0.1310688853263855,0.13070710003376007,0.0911179780960083,0.007083060219883919,0.1430993676185608,0.012294048443436623
total_pjm_rmccp_cr,gen_fuel_other_renewables_mw,0.08028072863817215,0.007566121406853199,0.09185351431369781,0.10312672704458237,0.07535524666309357,0.11284676194190979,0.11537203192710876,0.010002071037888527
gen_fuel_other_renewables_mw,total_pjm_rmccp_cr,0.08028072863817215,0.021955877542495728,0.09185351431369781,0.10312672704458237,0.07535524666309357,0.11284676194190979,0.11537203192710876,0.010002071037888527
da_as_mcp_synchronized_reserve,gen_fuel_wind_pct,0.08010070770978928,0.007495166268199682,0.11911920458078384,0.1115429624915123,0.07041746377944946,0.06058618798851967,0.13234101235866547,0.014153232797980309
gen_fuel_wind_pct,da_as_mcp_synchronized_reserve,0.08010070770978928,0.014562119729816914,0.11911920458078384,0.1115429624915123,0.07041746377944946,0.06058618798851967,0.13234101235866547,0.014153232797980309
